varId,3:169489946:A:G,5:1282319:C:A,20:62321128:G:A,10:105676465:C:A,4:164034530:A:T,16:82203758:C:T,11:108141701:G:T,5:1294086:C:T,18:658423:A:G,20:35525640:A:C,17:7772242:G:A,11:5247141:G:A,2:54479005:C:T,2:54475507:C:T,20:62316834:G:T,20:62325833:C:A,19:22215441:A:G,1:226577306:C:T,15:50353277:T:G,14:73422259:C:G,2:210676294:A:T,1:114443899:G:A,10:105710933:A:G,16:74655652:C:T,9:34107505:C:T,18:51817587:T:A,11:202253:G:A,17:76183233:C:T,8:48885436:T:A,18:42161643:G:T,16:69402831:A:G,10:96114835:G:A,10:101271789:A:C,18:41995504:A:G,16:88092092:T:C,15:42032383:C:G,8:21846586:G:C,20:62322290:G:A,3:72891547:A:C,18:704826:G:A,20:62377158:C:G,17:8136816:A:G,16:70352401:A:C,7:128576086:T:C,22:50971266:T:C,7:159086389:A:G,22:17450515:G:A,20:62324404:C:T,20:62194238:C:T,3:169614795:C:T,3:169553070:C:A,17:41448228:A:G,14:65544367:C:A,17:1782952:A:G,15:74336633:T:C,14:91957385:G:C,8:56687597:C:T,7:99778227:G:T,13:41721305:C:T,10:105768158:A:T,5:1431392:G:C,1:32279629:G:A,3:169453439:A:G,10:5811954:C:T,4:7041377:A:G,12:120976371:T:C,3:128215821:G:A,3:169389753:G:A,6:203722:T:G,5:1215883:G:A,5:139011509:T:C,16:14652220:T:C,12:123895906:G:C,5:1289277:G:A,3:160160452:G:C,16:3644120:G:A,1:20916238:G:A,13:73340177:G:A,12:111904371:T:A,10:103937244:C:T,4:2255063:A:G,10:101368199:G:C,8:95512202:G:A,4:164081668:A:C,14:96180695:G:T,9:826585:C:G,17:76166689:C:A,3:49959148:A:G,16:9076936:A:G,19:57370055:G:A,1:146722222:G:A,5:1354281:C:A,12:123042642:A:T,1:110865634:A:C,5:1639658:A:G,4:9946095:G:A,5:78925710:G:A,7:23821866:C:T,3:138244400:C:T,3:197842892:T:C,7:159048318:T:G,5:1412971:G:A,14:21974672:G:A,4:122750079:C:T,2:29075031:C:T,5:1376174:C:T,3:24347800:T:C,22:45790132:T:C,17:1786461:T:G,14:73372069:T:G,1:92842367:A:C,16:74671866:G:A,2:17889705:A:G,20:62125432:C:T,3:48357600:G:A,12:11757743:G:A,20:62269839:T:C,16:90143727:C:T,19:33750118:C:T,16:73071381:C:T,6:109590004:A:G,14:65049474:A:G,3:169923523:G:A,5:1219258:G:C,1:151374025:T:C,11:9642200:G:C,3:101267385:T:C,14:20812951:G:A,19:13220703:C:G,1:28219658:C:G,17:73993546:C:T,7:50258206:G:A,7:123420442:C:A,18:74691225:A:G,18:650816:G:A,11:47440758:G:A,19:45411941:T:C,3:128334852:C:T,7:129663496:C:T,12:24762109:T:C,5:1270883:C:T,1:28768043:G:C,1:40035928:G:T,2:58985331:G:A,10:105989765:T:G,1:45246333:T:C,1:41239511:A:G,17:29161503:A:G,3:169950482:C:T,15:65116390:C:A,12:88861682:G:A,18:729871:C:T,7:23493613:T:A,8:70970809:C:G,22:51072289:C:A,15:56521620:C:T,9:109639896:A:C,19:56733425:C:A,17:65706748:C:G,20:62345183:A:G,13:71236607:T:A,2:216220870:G:T,19:33751852:G:C,12:57082058:G:A,4:164044410:A:G,3:169529562:G:C,17:2584946:G:A,12:133047900:C:G,5:1268066:C:T,5:1203499:T:C,15:56030756:T:C,2:43582103:A:T,14:96997233:C:A
3:169489946:A:G,0.9999969,-0.013071707,0.033574317,-0.022775192,-0.008585843,0.05739799,-0.019665083,-0.051292755,0.005263966,0.0076138154,0.01201896,0.04647245,0.079317376,-0.08190666,0.03453531,-0.0044585294,-0.02551846,0.02240489,-0.046397135,0.00733742,-0.051279493,0.004914795,0.026343454,-0.024607519,-0.007988188,-0.012769776,-0.03767699,0.07476419,-0.03097724,-0.003730599,-0.012921704,-0.083555624,0.031402804,0.064369835,0.0037780006,0.061767016,-0.027874485,0.08312139,0.052629434,-0.041219205,0.05621388,-0.019259416,0.046806727,0.006247151,-0.0051935585,-0.0051379106,0.039319728,-0.0031815758,0.013840903,0.08062804,-0.14357388,0.00025747815,0.0033167454,0.058135387,-0.0049741543,0.057378363,-0.014477581,-0.018857708,0.079676695,0.033155806,0.010143908,-0.016289908,-0.08647951,0.009737474,-0.024939315,0.023765039,-0.06915584,-0.1084593,-0.031388257,0.0071653184,-0.01461279,0.05176098,-0.019741196,-0.03399565,0.03615301,-0.06684257,0.024900416,0.03445623,-0.032011937,0.0897855,-0.0034711105,-0.101872824,0.014095255,-0.050327618,-0.02044475,0.015620884,-0.0030149387,0.018106285,-0.02796319,-0.0015601489,-0.052392617,0.086544916,-0.025600525,-0.055342298,0.09260949,-0.0086939465,-0.011298637,-0.05843084,0.055888638,0.026389891,0.0704193,0.041583292,-0.0027752458,0.048782967,-0.038832467,-0.017779252,-0.02896908,-0.008223413,-0.04305571,0.06635589,-0.017779298,0.051760986,-0.05762447,-0.007223046,0.0071191164,0.032994825,-0.020907914,0.017151717,0.018454807,0.025131993,0.010347352,0.07303543,-0.09521283,-0.033737667,-0.012177609,-0.0113773765,-0.052669942,0.058828108,0.07315932,-0.017938307,0.09520093,-0.03671682,-0.06550819,-0.010714771,0.035763778,0.0068117776,-0.004997211,-0.015021102,0.027327752,-0.012792014,0.07122051,0.040204074,0.044179153,-0.0776543,0.048046216,0.016935872,-0.0048475494,0.0017124781,0.099345155,-0.0273487,-0.12553182,-0.03764544,-0.05749563,-0.026144434,-0.0671463,0.029807694,0.06280936,0.019136827,0.015133939,-0.0076155732,-0.016721897,-0.020325907,0.07743989,-0.04882218,-0.0014257192,0.06998308,0.004001483,0.0041825473,-0.007615552,-0.010814736,0.05964792,-0.039382793,-0.025004867
5:1282319:C:A,-0.013071707,0.9999999,0.049530257,-0.014136357,-0.029909298,0.09038254,-0.038901176,0.059282087,-0.0050559114,0.09887625,0.024854131,0.0036814648,-0.028458009,-0.1234549,-0.0043353355,-0.06074376,-0.015010589,0.0029516106,0.025969487,0.13937959,0.012147517,-0.11113693,0.06325224,-0.025623359,-0.032845464,-0.057765562,-0.05027207,0.08759563,0.039521564,-0.056691095,0.042707343,-0.0024673156,-0.003834155,-0.096906334,0.017850704,0.097847134,-0.064491645,-0.062379472,0.08810725,0.018728195,-0.022274287,-0.0070865117,0.031471323,0.00485027,0.005950778,-0.11634558,0.029162195,-0.013906504,0.13765766,0.024601644,-0.019474968,0.0319241,0.01414654,-0.013418562,0.010074125,0.08189449,-0.07284532,0.011298961,-0.013597887,0.0413066,-0.062604524,-0.0503938,-0.058263317,0.07190335,-0.050771944,0.014546148,-0.0019310475,-0.015231042,-0.074566066,-0.08009522,0.005926721,-0.094774716,-0.009095576,-0.055990208,0.025729703,0.0042230296,0.012228293,0.027307719,-0.00039159931,0.0072499956,0.05231797,-0.100161135,0.07307758,-0.05918597,-0.00977996,0.023788655,-0.04321105,-0.024308601,-0.033137213,-0.04450691,0.014324362,-0.17513826,0.058105025,-0.073242985,0.03228522,-0.007997918,-0.0482492,-0.02590759,0.054875623,0.009062523,0.06847753,-0.020087859,0.0067259357,0.00029570513,0.007844031,0.008588661,0.027883159,0.03431402,0.057085194,0.028809939,0.008588726,-0.030483814,0.009714033,-0.028469149,-0.056690183,0.03448417,-0.0445742,0.11410575,-0.029804619,0.00012906814,0.013004211,0.01217081,0.0065358076,0.018937992,0.0118050445,0.03275658,-0.07019606,-0.0375467,0.062925875,-0.0120409,-0.021898411,-0.07277999,0.030699605,-0.021608043,0.0011278228,0.027338304,-0.046739347,0.020944143,0.042410444,0.04036661,-0.112473644,-0.041203197,-0.02267162,0.0115405,-0.019747607,-0.047360424,0.030993592,-0.014147423,0.052804478,-0.03173334,-0.022722404,-0.0017831759,0.057605885,0.03075288,-0.012253804,-0.019953765,0.06618666,-0.009563644,0.007241746,0.011464961,0.021796502,-0.011942099,-0.016584272,-0.00050116563,0.00785403,0.014411153,0.045419257,-0.033062622,-0.0646658,-0.07241774,0.06360382,0.02228388,-0.05211863
20:62321128:G:A,0.033574317,0.049530257,1.0000017,0.057934403,0.038279947,-0.08589271,0.0017326982,0.049049772,-0.038753178,-0.06105523,-0.04012067,0.0019716823,0.05964965,-0.021223515,-0.07008462,0.019809335,-0.03436597,0.0075368695,-0.03204629,-0.050672572,0.03345312,0.03867517,0.015251197,0.039605364,-0.03416409,0.03269089,-0.049234748,-0.024440035,0.017845083,-0.061142113,-0.038852464,-0.08572495,-0.042957917,0.005204417,0.02584391,0.09458064,-0.00815176,-0.022265254,-0.02569933,-0.0009293586,-0.052668206,0.002662485,-0.049094994,0.02004831,0.013624019,0.03275691,-0.049541514,-0.04491134,-0.04538194,0.07064968,-0.036597222,-0.028536707,0.03947022,0.044651948,0.027992506,0.046535846,0.07642163,-0.0758494,-0.024865232,0.12701167,0.1971546,0.028518781,-0.029661553,0.018581307,-0.0017992072,-0.016999407,0.050876938,-0.034221005,-0.056024227,-0.0022918724,0.013181038,-0.029238444,0.07184798,0.046116132,0.122640304,0.016592178,0.02133242,-0.018571928,-0.028508076,0.05584357,0.0015661279,0.08474674,-0.028437197,-0.038045794,-0.027996683,-0.023620693,-0.06367024,0.016876789,-0.092139155,-0.020081138,-0.020804003,0.11494722,-0.03163083,-0.039762832,0.055666868,0.025198271,0.02157313,-0.04443082,0.022805063,-0.03530093,-0.037956074,-0.025463771,0.040616278,-0.010910689,0.04910274,-0.02740854,0.019285921,-0.002994709,0.0477812,0.021497177,-0.027408475,0.042854335,-0.027753897,0.07024585,0.06828222,0.0043791723,-0.07057781,0.055662546,0.08239791,0.059823085,-0.003422647,0.0576829,-0.038896445,0.032501776,-0.037475947,0.0023981591,-0.025724174,0.09193007,0.049651545,-0.018647796,0.03205773,0.020272484,0.012541868,-0.021938752,-0.043752417,-0.016072227,0.032806735,0.03893674,0.038107675,-0.00019377594,-0.028518924,-0.032760847,0.03557307,0.010748293,-0.030974569,-0.04557004,0.059131224,0.042200956,0.04925182,-0.026451975,-0.06979076,-0.025463767,-0.041820217,0.06704514,0.05892496,-0.036199313,-0.013636614,0.026205802,0.020343766,-0.024439914,0.00040279314,-0.014257245,-0.040748637,0.03780143,-0.013884884,0.029238448,0.056484938,0.075221516,-0.024439923,-0.035376187,0.057058178,-0.068464324,-0.06372259
10:105676465:C:A,-0.022775192,-0.014136357,0.057934403,1.0,0.024756275,-0.05885102,-0.045327984,0.022889102,-0.01868508,-0.056805257,-0.0026145622,0.019517569,0.050933246,0.01591297,-0.043507885,0.053889953,0.11703359,0.010893267,0.051466923,-0.005443984,-0.072413385,-0.055468023,0.07911411,0.055514324,0.050148554,0.062281504,-0.048754472,0.030674336,0.042415008,-0.061246183,-0.028557288,0.054297887,0.039115567,-0.04493374,-0.02169319,-0.003170025,-0.014626774,-0.041591328,-0.048006218,-0.00919554,0.06823938,0.026355604,-0.046204723,-0.011550987,-0.024630906,0.04690197,-0.015439294,0.04205535,-0.06403235,0.08454591,0.075089954,0.015631448,0.07435081,0.026109207,0.07162784,-0.020093411,-0.036017712,0.021806084,-0.030040948,0.007756416,0.08609895,0.046002477,0.036463793,-0.029242644,-0.06404441,0.07726351,0.012620177,-0.04002729,-0.001393059,-0.022686047,0.0234325,-0.05922167,-0.058961704,0.020789037,0.010787951,-0.036219742,-0.05239858,-0.0062833535,0.04696417,0.0121853985,0.07838722,-0.0162933,0.04475358,0.013802205,0.05940374,0.01152778,-0.0007556111,-0.08877918,0.002479339,0.04226149,0.03405933,0.009839808,-0.003807276,-0.049625255,-0.02638507,-0.0265156,0.042809397,-0.044863693,-0.026665702,0.024074009,0.005302428,-0.0161056,-0.0033173135,-0.025117137,0.035390284,-0.10011276,0.0108849015,0.0059855515,-0.029684111,0.03756055,-0.002285232,0.009839802,-0.047473744,0.017160233,0.053167503,-0.04457141,-0.009521299,-0.0380731,-0.022107434,-0.026399024,0.0012091188,0.074461184,-0.007942454,-0.052635994,0.041962072,0.04207877,0.055084955,-0.00085777504,0.049146224,0.0018283592,-0.057373103,0.039111897,0.022832282,0.010765249,0.007275145,0.011045725,-0.011241488,-0.012178555,0.016813345,0.0680832,0.014587355,-0.076449275,0.009314492,-0.032038473,-0.044768203,-0.048125323,-0.026032703,-0.064624675,0.038871225,-0.08481729,0.025876086,0.010111666,0.012828611,0.0024412805,-0.024315327,0.039170984,2.9868927e-05,0.044930406,-0.017266603,0.0034143913,0.06868048,-0.011754314,-0.011351489,0.07801779,-0.026858421,-0.009839878,0.0071096276,0.0054220557,-0.051105574,-0.07171812,-0.024292747,-0.035897486,0.006212115
4:164034530:A:T,-0.008585843,-0.029909298,0.038279947,0.024756275,1.0000004,0.0054441527,-0.045983274,-0.034397352,-0.06194504,-0.09453166,-0.021995926,0.0026385959,0.035919152,0.03366793,-0.03480113,0.056160945,0.043791287,0.045082398,0.019472891,-0.03170574,0.1029399,0.09418723,-0.057996523,0.021272946,-0.007935029,-0.006695434,-0.032818347,0.1048286,0.02291651,-0.037553284,-0.040403306,0.0016129139,0.019782066,-0.06629039,0.024253733,-0.018777106,0.057025544,-0.10254763,0.0029309546,0.06553589,-0.018330308,-0.051313132,0.016561568,0.028727602,-0.09675998,-0.026609242,-0.01861122,-0.03447739,0.018838877,0.04737265,0.0051227626,-0.0033156823,0.04221895,0.008612246,-0.11105129,0.06553395,0.00028324276,-0.07174922,-0.014061744,0.010877462,-0.006150608,0.06380259,0.04670733,-0.076156504,-0.094116285,-0.039532386,-0.0075462162,-0.03283011,-0.048962727,0.023891954,-0.039464325,0.0020856594,-0.03947305,-0.015729964,0.07032638,-0.028653603,-0.041157894,0.009824016,-0.043171592,-0.048569936,-0.04012177,0.002431614,0.07490683,0.087216526,-0.029307598,0.005885979,-0.002565218,-0.013353117,-0.028582152,0.038977176,0.040513553,0.0020856191,-0.060536016,0.024698917,-0.024988618,-0.04006132,-0.046730064,-0.03507591,-0.01820459,0.06795587,0.0053129615,0.025660612,0.042078413,-0.01556405,0.05364548,0.0031257893,0.04626687,-0.037591934,-0.0005841468,0.036161464,0.08273336,0.0020855532,0.020946901,0.0028593228,0.039291423,-0.0380888,-0.03977239,0.030297263,-0.022427063,-0.034041427,-0.10118617,-0.03805563,-0.03836711,-0.084286384,-0.018486446,-0.077138126,-0.027618982,0.048899636,0.004222107,0.036230635,0.048945174,0.07668348,-0.060329124,0.008740318,-0.0855519,-0.026282314,0.029564451,0.0663635,-0.031174,0.01999442,-0.0071016457,-0.031429347,0.013507911,-0.08899041,-0.069860026,0.004302698,0.02822272,0.06106124,0.03228117,0.013992337,0.05941362,0.025660543,0.002334387,0.08482845,-0.027014432,-0.058097903,0.022036945,0.08742664,-0.02170504,0.016096992,-0.02602249,-0.057506137,-0.037886433,0.07468735,0.109653875,-0.0020856797,0.0059278617,-0.06423541,0.038279902,0.016593358,0.019768346,0.049397,-0.019078575
16:82203758:C:T,0.05739799,0.09038254,-0.08589271,-0.05885102,0.0054441527,0.99999964,-0.036072206,0.07223571,-0.0036663464,0.056389403,0.11430463,0.0036871466,0.013790494,0.015073208,0.006891059,-0.0059045553,0.053237777,0.10802754,-0.038611367,0.0353618,0.012504376,-0.039709944,0.051259007,0.028682716,-0.012028318,-0.014527015,-0.058786385,0.04807338,-0.045206446,0.029884282,-0.007969028,0.04922106,-0.026939273,-0.031084152,0.023421641,-0.030171055,0.018698985,0.0071820407,0.045855243,0.0043733334,-0.07749387,0.07368492,-0.004008234,-0.065714285,-0.043236647,0.0041194307,0.0614509,0.08247933,-0.016911209,0.027087444,-0.08563237,-0.006055729,0.032656156,-0.06638279,-0.037737656,0.034052778,-0.012574615,-0.049740143,-0.040270746,0.10523405,0.00023064572,0.02454707,-0.05862157,0.03577442,-0.029399754,0.039806344,-0.024071293,-0.002010568,0.05230494,-0.03745039,-0.013343916,-0.0886164,0.023704747,0.008289932,-0.026062025,0.0281302,0.018304437,0.00017344306,-0.015036443,0.011505751,-0.07175626,0.07330919,0.08147902,-0.11285529,0.008639744,-0.011332394,0.027347691,0.020333918,-0.033188026,-0.05588489,-0.01546642,-0.013195052,-0.01818505,-0.06637466,-0.0034232647,-0.054049,-0.0028456377,-0.0027720153,0.056107935,0.09888282,0.01521562,0.012508425,0.040434286,-0.031070968,0.04568194,0.008841115,-0.024694506,-0.015084622,0.012807985,-0.037412092,-0.011190809,-0.050905455,-0.050706986,0.0059567434,0.0044223913,0.041108668,-0.06283891,0.02945582,0.020527294,0.039249588,0.035272606,0.0011116815,-0.017226009,0.068444945,0.033335377,-0.016296884,-0.04632867,0.018774249,0.050924733,-0.034362454,0.028992841,0.057250656,-0.03463642,0.0074131167,-0.058194626,0.013193412,0.040205948,0.037486,-0.04198181,-0.018199878,-0.022065694,0.029306062,0.02596401,0.0894652,0.03858661,0.03450254,-0.022179078,0.073272355,0.038913194,-0.020466743,0.0056837243,0.07692955,-0.0361723,-0.013186231,0.021196153,0.09266691,-0.058676668,0.02485051,-0.026128937,0.048073363,0.06554331,0.072417505,-0.03152834,0.064625055,0.035174314,-0.005660297,0.022407215,0.037323512,-0.018909799,0.041640755,0.04476908,-0.00011143892,-0.04548477
11:108141701:G:T,-0.019665083,-0.038901176,0.0017326982,-0.045327984,-0.045983274,-0.036072206,1.0000004,-0.010426245,-0.03943697,0.054181624,0.01114219,0.032867566,-0.029863892,-0.04039962,-0.0414039,-0.029354738,-0.11019672,-0.004287738,-0.020004364,0.014531902,0.038487546,-0.040754262,0.0027372376,0.044243995,0.047487356,0.021475825,0.016877973,-0.0694209,0.08621883,-0.014996543,0.01976868,-0.1156417,0.010356634,-0.0076535763,-0.016147481,0.015867101,0.016962156,0.017784193,0.005563185,-0.06416694,-0.04156976,0.01003726,-0.04515089,-0.05407977,-0.026840387,0.052445285,-0.016780669,-0.0014853907,0.07491896,-0.002939654,-0.005015685,0.06899447,0.0062527196,-0.06984056,-0.03024567,-0.034680415,0.059224386,0.018569969,0.045103896,-0.040436678,-0.026498789,-0.058363132,0.0009563079,0.015161669,0.037893184,-0.0013760795,0.03946229,-0.011651778,-0.0033808905,0.0290534,-0.044159763,0.008332192,-0.02580575,0.06541948,-0.00013908185,0.11499317,0.0030260496,0.038007103,-0.026452443,-0.057854008,0.02610593,0.034476597,-0.0065063145,0.0082358355,-0.036822233,0.039692618,-0.01502339,0.05078086,0.07617909,-0.08008232,0.0025625126,0.023354119,-0.06348404,-0.023108242,0.015391481,0.111350805,-0.013954595,0.068074375,-0.006724181,0.011135161,0.030317321,0.07166304,0.024973588,0.0035638143,-0.028901894,0.0059331898,-0.014729284,0.031454466,0.011113303,-0.001641804,-0.057903945,-0.036733594,-0.032966953,0.008709283,-0.035726678,-0.0048636785,0.093847096,0.07099112,0.03288903,-0.085905805,-0.072317235,-0.05098313,0.016659098,0.039635956,-0.013248194,-0.051783822,0.02391546,-0.0004353773,0.01944543,0.102750145,-0.038955644,0.005433317,0.014612999,0.048342623,-0.06960964,-0.0075807795,-0.07878792,0.020204294,0.043225143,0.027223622,-0.101764,-0.073358454,-0.008529121,-0.03338291,0.024740681,-0.0377058,0.006889253,0.037148245,-0.08813534,-0.011876539,-0.01284981,0.02033905,0.032298412,-0.053552162,0.08198635,0.012137771,-0.026633572,-0.06612473,0.0180986,0.0017328465,-0.012474729,0.07470532,-0.023062171,-0.046299517,0.06320769,-0.023354154,0.01230939,-0.089189865,0.037309647,-0.009960274,0.027741287,-0.0020871914,0.010642349
5:1294086:C:T,-0.051292755,0.059282087,0.049049772,0.022889102,-0.034397352,0.07223571,-0.010426245,0.99999696,-0.041886013,0.042743053,0.01864519,-0.004625119,0.03200927,-0.0249325,0.03813557,-0.10348824,-0.009572299,0.06818829,-0.01374985,0.014359674,0.060291097,-0.04510467,-0.041354716,-0.05005625,-0.06889019,0.02667648,-0.10905929,0.028351735,0.061108403,0.107009575,0.017901462,0.048269067,0.04980216,-0.015869545,-0.0037970126,-0.0104579935,0.050814863,-0.03828243,-0.035481192,-0.05567927,-0.007835774,0.029346587,0.12455435,-0.055000473,-0.03353238,-0.013980806,0.007318576,0.05753352,0.019836579,-0.067694284,-0.06823794,-0.045528557,0.02021621,-0.0022880188,-0.013354682,0.0031705436,-0.04142487,-0.007237128,0.029309459,0.031217575,0.097383365,-0.02963326,0.011725559,0.10922863,-0.02320592,0.0059451377,-0.023699557,0.003156443,-0.15512958,-0.040740136,0.059838936,0.0004170034,0.06297913,-0.05289294,0.040550943,-0.04026361,0.0650292,-0.034628607,-0.021383047,0.01960779,-0.050227284,-0.035353184,-0.033594366,0.011914609,0.031420585,-0.033873178,-0.010497446,-0.008946653,-0.030514648,0.005925631,0.010603346,-0.104456946,-0.009248262,-0.035793,0.03023443,-0.016205294,0.026606692,-0.003319991,0.03297092,-0.026521994,0.01188635,0.07764658,-0.068790056,-0.031046351,-0.033011608,0.09214702,-0.055726193,-0.041332416,0.016393706,0.02201393,-0.0007014601,0.035375115,-0.021726001,0.022863364,-0.033423528,0.057437085,-0.0051490674,0.03867098,0.034459855,-0.087880746,-0.00595875,-0.060548738,-0.059074994,0.018114885,0.030326797,0.006792301,-0.017616495,0.0045770365,0.0032431327,0.018028246,0.036765285,-0.038589384,0.03415954,-0.059393,0.03940703,0.064429015,-0.05097744,0.04068057,0.033871062,-0.010766281,-0.08767867,-0.09830796,0.030796124,0.022396328,0.0014161394,0.04417197,0.031859785,-0.0112340385,-0.010194699,-0.068523414,-0.03709819,0.07764639,-0.05023688,-0.025886355,-0.04106758,-0.020947376,0.010914933,-0.014143732,0.007847833,-0.054440383,0.012340122,0.0842783,-0.013121285,-0.056345366,-0.10352408,-0.0178962,0.10532008,0.05385647,-0.013044308,-0.08477912,0.013833807,-0.012400933,-0.0010135062
18:658423:A:G,0.005263966,-0.0050559114,-0.038753178,-0.01868508,-0.06194504,-0.0036663464,-0.03943697,-0.041886013,0.9999965,-0.04649939,0.016847216,-0.008702924,-0.037614636,0.02924697,0.020970872,0.041565474,0.043057166,0.12674603,-0.038107555,-0.057287827,0.006935593,-0.032324683,0.076715216,0.006169986,0.015572471,0.061450385,0.016036808,0.0043725977,-0.016464967,-0.00699011,0.0060977456,0.00045850672,-0.034891568,0.03297721,0.01892389,0.01200295,-0.048820443,-0.0431626,0.03180697,-0.07640829,-0.0057847775,-0.011101434,-0.01799099,0.010256174,0.043190382,0.024610031,0.04667767,0.030677909,-0.009459059,-0.020745449,-0.04880532,0.026475605,0.0031606152,0.045621924,0.071474046,-0.022284098,0.011839588,0.06768299,0.020012066,-0.07651312,0.06045532,0.08356292,0.054987323,-0.033908296,-0.01605955,0.049007364,-0.028752986,0.0612571,0.03433303,0.043600313,0.015673624,0.08717374,0.007951952,-0.0951685,-0.05237121,-0.031728514,-0.10458353,-0.010722183,0.04597672,-0.03056893,-0.023078986,0.050391268,0.008882872,0.0068068695,-0.06956584,-0.0048464043,-0.05085137,-0.013659997,-0.010917239,-0.014187633,0.028668702,0.03254535,0.05164135,0.057375595,0.033157982,-0.05301401,-0.014783257,0.031290032,-0.008723364,-0.0018091482,-0.09367352,0.09787762,-0.03833774,0.028489223,0.05180128,-0.1014975,0.07286393,-0.030583361,-0.052416418,-0.018391943,-0.06280619,-0.02208306,-0.023266356,0.09783905,0.02769287,0.08200855,-0.08162918,-0.07325963,-0.01441338,-0.052837204,-0.005941052,0.029476555,0.016700143,-0.002387546,0.031306982,-0.0034515725,-0.012751443,0.06255442,-0.008466727,-0.029022645,0.09370181,0.020130154,0.06179218,0.043720324,0.09388995,0.038455244,-0.034769498,0.017910283,0.01919217,0.054380715,-0.011672061,0.08880464,-0.050053436,-0.0029966817,0.048691597,-0.057770107,0.021285279,0.015161285,-0.051617693,-0.015271603,-0.011135661,-0.04728951,0.01719498,0.013477373,-0.0774517,-0.030284908,0.054850336,0.1287344,0.029589279,-0.08187915,0.028809883,0.088258356,0.061218522,0.0029983395,0.03467981,0.05850174,0.04526749,0.082311615,0.0043725823,0.027525594,-0.009607933,-0.006648023,-0.11655173
20:35525640:A:C,0.0076138154,0.09887625,-0.06105523,-0.056805257,-0.09453166,0.056389403,0.054181624,0.042743053,-0.04649939,0.99999857,-0.049206614,0.052717656,-0.021097383,-0.020859003,0.01795676,-0.047220968,0.0117775,0.061842926,0.0003286438,0.0033808094,-0.008924977,-0.10325871,-0.07318981,0.0712338,-0.048469562,0.046913832,0.021987753,-0.009091114,0.011655139,-0.0015190196,0.08289461,-0.016947947,-0.01913155,0.0410911,-0.00039155412,-0.0283052,0.068840496,-0.027218169,0.034153905,0.008683634,-0.015519242,-0.015034759,-0.017615505,-0.06111593,-0.08479013,-0.06703118,0.042323127,-0.0030645963,0.049015276,-0.048130013,-0.008055324,0.027269742,0.009426737,0.0029070035,0.00657281,0.007612924,-0.015488304,0.014888563,-0.0084017515,-0.039171062,-0.039196767,-0.018266307,0.018096397,0.0294876,-0.0012813169,-0.041687623,0.028210517,-0.038037598,0.076798275,-0.06478391,0.09055317,0.09151639,-0.02007235,-0.009559761,-0.023137847,-0.03628695,-0.013696685,-0.029472662,-0.05044285,-0.024382742,0.00890706,-0.03091152,-0.051225632,-0.014152217,0.0062683644,-0.03096648,-0.010476457,0.023050053,-0.06131689,0.01501809,-0.029244382,0.025692737,0.103923686,0.01495884,-0.0031798068,-0.041419882,0.0048338994,0.023135193,-0.021355864,0.017722148,-0.025647838,-0.051119044,-0.004858781,-0.0028044526,-0.0012023837,0.036425296,0.0065164906,0.049825005,0.037267406,-0.0030006415,-0.03350582,-0.04013124,-0.0047702123,-0.05875041,-0.2237441,0.0009638466,0.01935812,0.060344946,-0.017933972,-0.055265173,0.1498428,-0.0382973,-0.05548219,0.007684925,-0.04757863,-0.028243424,-0.040401116,-0.0026115961,0.033191808,0.06939945,-0.005863768,0.057554193,-0.034466673,0.020544548,0.06189001,0.08473503,-0.012096409,0.067296185,-0.033863712,0.0007516504,-0.030820757,-0.054585986,-0.018232036,-0.002900984,0.01620781,0.031930864,0.021242784,0.06611786,0.02832365,0.054437276,0.038556695,0.048833895,0.03394744,0.014026378,-0.031072054,-0.05179198,-0.06862129,-0.0058675106,0.05709367,0.016890984,-0.047808494,0.009082776,0.04440732,-0.014363523,-0.0119964145,-0.0037515047,-0.024740698,0.0057112025,-0.061055392,0.028267235,0.06946188,0.002626941,-0.017322164
17:7772242:G:A,0.01201896,0.024854131,-0.04012067,-0.0026145622,-0.021995926,0.11430463,0.01114219,0.01864519,0.016847216,-0.049206614,1.0000015,-0.05248168,-0.03059758,-0.03864073,0.10381152,0.039261602,0.0023577458,0.052994672,0.017872239,-0.014880486,1.3207449e-05,0.012623915,0.027725166,0.04401679,0.00918684,-0.0028363592,-0.0684345,0.054921713,-0.069160484,-0.035440568,0.083965845,-0.06603709,-0.0045527075,-0.018960662,0.05819864,-0.06569961,-0.09258435,0.038489982,-0.022200162,-0.013050626,-0.05046202,0.05815836,0.008975419,-0.036013585,0.04311484,0.006699452,0.0014109656,0.05102484,0.021633433,-0.05442473,-0.06685518,0.0742332,-0.0077967285,-0.069313735,-0.058223262,0.011451162,-0.107478715,-0.029088005,-0.021117883,0.057032123,-0.017677182,-0.021838611,-0.022141919,0.08616486,0.042850304,-0.025211262,-0.016962618,-0.0079602,-0.036014207,-0.02241879,0.041027445,-0.0056378837,0.025218695,-0.022200072,0.017065285,0.078438304,0.04480427,-0.013291671,0.04546793,-0.032087885,-0.019760055,0.029997615,0.016819825,-0.052592456,0.061989676,-0.08446225,0.0027441923,-0.021800749,0.051385276,0.03993914,-0.04860409,-0.0056378962,-0.044489462,-0.051301684,0.031602263,0.040940817,0.0079362085,0.014553057,0.053354654,-0.014722645,-0.0060785515,0.016597493,-0.008494678,-0.006825732,0.0006849711,-0.023676518,-0.019692335,-0.038128443,0.080037385,-0.044956356,-0.052099567,-0.0591454,-0.042598,-0.010572873,0.083332285,0.054222696,0.049596626,0.060721666,-0.031269044,-0.011957674,0.043184146,6.518701e-05,0.0051568258,-0.023354014,-0.016274055,-0.02315187,-0.12176802,0.010079341,0.0051101255,-0.053580806,0.030987829,0.018635597,0.042618472,0.033391252,0.0042132274,0.07324034,0.052731205,-0.005698759,-0.04030046,-0.006595167,0.014797039,-0.029777367,0.06466829,-0.022050733,0.061153352,0.030030191,0.013993903,-0.030120173,-0.045120668,0.098630756,0.03929628,-0.013871441,0.008029722,0.102160774,-0.004112468,0.015462392,-0.03715679,0.121127434,0.032710228,-0.00843986,0.05643284,-0.015573638,0.098173656,0.039347377,-0.017587135,0.08589922,-0.015360873,0.028444681,-0.040120587,-0.023667334,-0.06352283,0.008541513,-0.07633211
11:5247141:G:A,0.04647245,0.0036814648,0.0019716823,0.019517569,0.0026385959,0.0036871466,0.032867566,-0.004625119,-0.008702924,0.052717656,-0.05248168,1.0000014,-0.046119444,-0.07917933,-0.03959197,-0.02944152,0.02922415,0.02675731,0.03400102,0.11642506,0.045076873,0.0014620695,-0.0319277,0.0021966982,-0.023691732,-0.008164955,-0.022102417,-0.09720551,0.064392805,-0.013874926,-0.009949719,-0.055815373,0.0139942225,0.08811961,0.0017937878,0.055452872,-0.0072329417,0.037937284,0.0020731674,0.018384997,-0.0035228922,0.005436731,0.046244845,-0.029915318,0.05531556,0.021139933,0.022698112,-0.11353803,-0.054731242,0.05110704,-0.055391684,-0.053056803,-0.0025573103,0.0001336504,0.065531716,0.07027874,-0.03969196,0.015879525,0.006454721,-0.06951971,-0.11255619,-0.0023007402,-0.034856766,-0.025577242,0.03635785,-0.07704177,-0.032459404,0.032949828,0.041789778,-0.013951329,-0.016689163,-0.04649726,0.01844695,-0.018784435,-0.040293634,-0.009680557,-0.046336655,0.07686361,0.020417623,0.028582659,0.0006680832,0.066166826,-0.0015847449,0.03394747,-0.02089758,-0.05735975,-0.052479926,-0.010287847,0.0086337635,-0.013459947,-0.13638337,-0.04649723,0.09499636,0.010740008,0.009641777,0.0152308,-0.036758024,0.029046869,0.04443175,0.042482868,0.0745744,0.08154108,0.063414186,0.0020768954,-0.044112694,0.0022112671,-0.027591027,-0.029464763,0.040505327,0.0054807183,-0.020033613,0.016317753,0.03138918,-0.0025517594,-0.0072569572,-0.040971722,-0.029127521,0.002640785,-0.06661763,0.0055927043,-0.052324302,0.01017229,-0.07771415,-0.16761948,0.05759478,-0.019656068,-0.024530515,-0.04254169,0.08476315,0.023483904,0.00688076,0.023483923,0.0375361,-0.015662061,0.0019627577,0.11988129,0.007705578,-0.056944996,0.027382933,-0.14776018,0.040877625,0.014203416,-0.04675431,0.022175696,-0.05042539,0.0070083756,-0.05074987,0.033314813,-0.026644764,-0.00553336,0.11935017,0.08154095,-0.055677067,0.031040689,0.0031926797,-0.0012766924,0.008680695,-0.0048234863,0.0014277236,-0.0476171,-0.027076077,-0.032190524,0.029124808,0.011916162,0.011364719,-0.03725595,-0.033663876,0.024842767,0.026766134,0.009219513,-0.005523882,0.028441766,-0.031831175
2:54479005:C:T,0.079317376,-0.028458009,0.05964965,0.050933246,0.035919152,0.013790494,-0.029863892,0.03200927,-0.037614636,-0.021097383,-0.03059758,-0.046119444,0.9999988,-0.08723915,-0.002467986,0.07082039,0.09442016,0.063046426,0.016358715,-0.051304877,-0.02449819,-0.03880065,0.13403432,0.13737233,0.038017005,-0.056958638,-0.023531577,0.05964966,0.0423393,0.005078573,-0.015276802,-0.026304109,0.0767367,0.014136221,-0.061073836,0.03969373,-0.08006361,-0.038948093,-0.0018839549,-0.038323823,-0.04398398,-0.037562903,-0.010354754,-0.008756721,0.004859746,-0.024259554,0.011815784,0.0020841104,-0.079386175,0.06309951,-0.03116028,0.02357153,0.04380121,-0.020257797,-0.019135544,-0.002799427,-0.022091359,-0.039823946,-0.049760204,-0.0013331481,0.0011465141,0.0043663415,-0.050164558,0.0128767155,-0.0013380059,0.010232285,0.017635955,-0.022457846,-0.05182417,0.10891701,-0.017898038,-0.007908274,-0.05612687,-0.044955723,-0.038122777,0.0105676325,0.07031964,-0.032487698,0.026491702,0.03809822,0.037189327,-0.03529613,-0.0076916865,-0.034670997,-0.004144431,0.013004609,0.005743523,-0.051519196,0.0024172135,0.07087003,0.0011719196,0.078567855,0.010591386,-0.0067433515,0.036654767,-0.046417553,0.061317455,-0.04787927,-0.07036007,0.011910888,-0.06639617,-0.044543516,0.05924518,0.021687001,0.043199994,0.043927316,0.015275645,-0.041487634,-0.013931976,0.08230221,-0.0020091522,-0.00790833,-0.051285677,0.0038626133,-0.0051029916,-0.031657483,0.0005790974,-0.05725928,0.020817578,-0.043809596,-0.018802026,-0.003307856,-0.028161453,-0.01801762,0.026419975,0.05873967,-0.03821215,0.055762008,-0.010075567,-0.03067497,0.026753303,0.01601038,0.008879578,-0.0538045,0.056464814,-0.009749034,-0.013158145,0.10186536,-0.004339039,0.07757448,-0.049887557,-0.021499574,-0.016470775,0.023900209,0.02778437,-0.048752137,0.03222567,0.013029411,0.0011464362,-0.046272133,0.01702131,-0.044543505,-0.033392206,0.028570713,0.0046176254,-0.0001772748,0.051284462,0.041644912,0.037488583,0.059649892,-0.03151412,-0.0310149,0.024757499,-0.049767427,-0.021403842,0.051146623,0.0011352468,-0.04794599,-0.04275241,-0.11895895,-0.03422097,0.106601246,0.019221613
2:54475507:C:T,-0.08190666,-0.1234549,-0.021223515,0.01591297,0.03366793,0.015073208,-0.04039962,-0.0249325,0.02924697,-0.020859003,-0.03864073,-0.07917933,-0.08723915,0.9999983,-0.010889943,-0.040752124,-0.02317264,0.11089094,0.035605177,-0.026943794,-0.0024798142,-0.0038844938,-0.07361706,0.010097668,-0.029921839,0.008665549,0.0128735835,0.008266778,0.011581454,0.039394066,0.005554968,0.084954716,-0.0540311,-0.069872476,0.030516092,0.016203066,0.07070816,-0.04082811,0.039702725,0.020010537,0.021280993,0.06211759,-0.052087046,0.0026848891,-0.06226567,0.016575832,-0.015773822,-0.008034133,0.059425198,0.0038157103,0.05023017,0.007132896,0.028870294,0.036553927,0.02648789,0.016506229,0.04144194,-0.032492124,0.02662909,0.003016378,-0.0044184285,0.021488465,-0.019972036,-0.02719864,-0.08093084,-0.055786572,-0.003771407,0.060049143,0.015625045,0.016371991,-0.008211166,-0.07104793,-0.0783678,-0.03472127,-0.12270118,0.02893708,-0.051172957,-0.022530653,-0.026787521,-0.030900903,0.05616181,0.015285409,-0.03103847,-0.088128105,0.0088241445,0.0066407784,-0.029057309,-0.05993652,0.0060028695,0.014811815,0.061542295,0.12818368,-0.06820622,-0.037458878,-0.056447204,0.01872293,0.043633267,-0.020576505,-0.05851535,-0.014829252,-0.006789865,0.05824689,-0.08087852,0.034646418,-0.050554436,-0.06348824,0.03978571,-0.038736165,-0.011693939,-0.05583464,0.042343188,0.0036637303,0.019237177,-0.010327995,-0.05662457,0.03475207,0.029308464,-0.046348117,0.006070248,0.06248389,0.0014212437,0.055008844,-0.03393076,0.0054124575,-0.02848734,-0.035120677,-0.0073540416,0.09423797,0.012544336,-0.0006950568,0.08773059,0.03963891,0.008921307,0.061290544,-0.03286891,0.0043785227,0.005710574,-0.010740095,-0.006027287,-0.009049877,-0.0018244005,0.016237292,0.06729146,0.017653786,-0.03083239,0.020862889,0.03255059,0.07072051,0.021127403,0.049985,-0.019684548,-0.08356438,-0.076778196,-0.05867615,0.0077791964,0.054497797,-0.05286572,-0.030011429,0.027339641,-0.080203995,0.010865389,-0.0047997893,0.06909831,0.10402807,-0.005688383,-0.028567493,-0.013696518,-0.07025151,0.037756894,0.06680575,0.019710217,-0.06266879,0.07490501
20:62316834:G:T,0.03453531,-0.0043353355,-0.07008462,-0.043507885,-0.03480113,0.006891059,-0.0414039,0.03813557,0.020970872,0.01795676,0.10381152,-0.03959197,-0.002467986,-0.010889943,1.0000012,-0.059286866,0.06644989,0.047621075,-0.006318537,0.01437923,-0.054683834,-0.0001471943,-0.052259125,0.11692405,-0.022156257,-0.047656335,-0.05956426,0.030064559,0.08018137,0.023351423,0.09998234,-0.061548267,0.034770258,-0.10647251,0.02590461,0.039121374,0.023205422,-0.027353268,0.01055191,0.027789215,-0.05685553,0.021063149,0.013800008,-0.028234266,0.010422024,0.018456733,-0.006097122,-0.07620713,-0.039423965,0.03767677,0.023596179,-0.02707187,-0.010888728,-0.034178916,0.03586937,-0.08849196,-0.08554589,0.021850226,-0.0059626224,0.01030581,0.04484284,0.015002087,0.07213798,0.035368446,0.01135505,0.015399138,-0.0187422,-0.00058193895,-0.025169903,0.05954247,0.057217877,0.00072868966,-0.046507865,-0.017530812,0.011282447,0.037953194,-0.04103571,-0.009769634,0.021422613,-0.020131575,0.001282212,-0.047887158,-0.018876104,-0.06752697,0.013248857,-0.02620918,0.071959846,0.021044118,0.050921943,0.003325456,-0.044586148,0.028919721,0.019434469,-0.046158213,0.030729976,-0.037702035,-0.09802788,0.1116392,0.043830954,-0.037192814,-0.019966442,-0.07302053,0.1472584,-0.043370962,-0.016530266,-0.01869671,0.057838507,0.035044782,-0.042160396,-0.06287291,-0.078597374,-0.027462613,0.12021819,-0.06701285,0.033397302,0.0151211545,0.043747157,0.006827197,-0.016122501,-0.034662828,0.04509153,0.043340392,0.034067616,-0.042635206,0.022194332,-0.08296668,-0.008023172,-0.0348106,-0.014969401,-0.13464418,0.0022649206,-0.028108869,-0.068646856,-0.030221097,-0.09255093,-0.036509573,0.037209377,0.007120715,-0.032768447,0.03436918,-0.029842017,-0.0005570205,-0.0192708,-0.052279998,0.01806214,0.057740014,-0.02776096,0.026400462,0.0448433,0.017055077,-0.01874073,0.023297576,0.05014872,0.013484968,0.03183041,0.08025242,-0.106466405,0.012221789,-0.020997064,-0.036701456,0.0059565725,0.062098287,0.07099956,0.070619896,-0.0021988342,-0.0007287023,0.05420704,-0.07302429,-0.0033184825,0.09612445,0.01487467,0.00977136,0.06674855
20:62325833:C:A,-0.0044585294,-0.06074376,0.019809335,0.053889953,0.056160945,-0.0059045553,-0.029354738,-0.10348824,0.041565474,-0.047220968,0.039261602,-0.02944152,0.07082039,-0.040752124,-0.059286866,1.0000032,0.06797799,0.04358341,-0.002729443,-0.040245585,0.037306905,0.049025126,0.045718424,-0.09693406,-0.058742132,0.010732031,0.06606643,-0.03585606,-0.10683906,-0.045853663,-0.05700076,0.047077194,0.06157967,0.07328712,-0.013327834,0.0062474078,0.006436897,-0.032665487,-0.03770381,-0.012244377,0.0012487305,0.0072647706,0.0059263515,0.029413272,0.02975855,0.07380162,0.021786202,-0.036663733,0.024178328,0.085716344,-0.05369236,0.038031638,0.013573435,-0.06659761,-0.02063223,0.039056227,-0.019602973,-0.047889244,0.049322493,-0.03930415,0.011983086,-0.0076497933,-0.049133938,0.04006405,-0.07935008,0.005143552,-0.038750783,-0.009539931,0.01821549,-0.04094555,-0.06566668,0.0041121715,0.02806293,0.009123472,-0.029888203,0.08454119,-0.009068207,-0.027247168,0.00918697,0.02751037,-0.01375397,-0.0046552652,-0.04825194,-0.021155322,0.04665532,-0.004105573,-0.026713047,-0.03432398,-0.026037542,0.023275591,-0.002248455,-0.04289619,0.03422338,0.029465184,-0.05190098,0.063801005,0.03677748,0.004340111,-0.07442191,0.013040478,-0.01863577,-0.03735834,-0.0366642,0.032350656,0.053875715,-0.04021138,0.025125533,-0.04380335,-0.016641269,0.03153881,0.059671827,0.0041120593,-0.007995703,-0.05431389,0.011868152,0.006424664,0.05476269,-0.027974736,-0.006397071,0.04566235,-0.0109923305,0.03277886,0.14584424,0.037066404,0.03420418,-0.02457156,0.028668238,0.036977865,0.02768055,-0.033702765,0.023945449,0.04243102,0.08533632,0.03071107,0.008636701,-0.023579916,-0.07319056,0.0020791523,-0.0551202,0.047363464,0.08807161,0.029797904,-0.033370633,0.09891166,-0.045443054,-0.018232828,-0.058411855,-0.034027655,0.011983096,-0.038808115,0.029329477,0.016177896,-0.025041187,0.0019173662,-0.044922132,0.019581519,-0.020006474,0.09319103,0.011243321,-0.03585613,0.033617157,-0.014312282,-0.024978815,0.036559563,-0.029779974,-0.004112266,-0.023319751,-0.019764148,-0.035856124,-0.08236314,-0.0124015985,0.069933645,0.02516093
19:22215441:A:G,-0.02551846,-0.015010589,-0.03436597,0.11703359,0.043791287,0.053237777,-0.11019672,-0.009572299,0.043057166,0.0117775,0.0023577458,0.02922415,0.09442016,-0.02317264,0.06644989,0.06797799,1.000001,0.091096595,-0.010514054,0.016865972,-0.021594243,0.060375143,-0.014502725,0.053564217,-0.016353596,0.06909848,-0.0155601725,0.02788866,-0.044907074,-0.018621245,-0.052030742,-0.062072184,-0.042245727,-0.019535633,0.055037186,0.0428848,0.011080008,-0.035088878,-0.023044331,-0.03364543,-0.034217384,-0.008742079,0.021279467,0.024490103,0.036930636,-0.0036124059,0.06983676,0.04035369,-0.008363171,-0.035303738,-0.033703975,-0.02937062,0.027102603,0.04128959,0.0615959,-0.048503608,0.02503351,0.0098241335,-0.04152199,-0.0068949773,-0.0497107,-0.009481487,-0.01896595,-0.057265207,-0.007968151,0.019813657,0.000530772,-0.08728258,0.08576495,0.006662735,0.024695743,0.04504728,-0.031260435,-0.07541445,0.011827152,0.035424292,0.010211368,-0.023861963,-0.07050621,-0.087230176,0.0028669802,-0.027796842,-0.03653723,0.09510119,0.048905205,0.04188492,0.013131017,-0.010113001,-0.005365547,0.028497346,0.026472313,-0.06009801,-0.013445321,0.008763116,0.04503201,-0.057651125,0.009150304,-0.03338972,-0.027512746,0.057816174,-0.04876738,-0.024163458,0.028605837,0.0059403903,0.031490583,-0.024576887,0.008577343,0.036190744,0.05446168,-0.041548297,-0.080429874,-0.060097978,0.02834339,0.06194556,0.08961238,0.091676906,-0.03822276,-0.048595965,-0.029703923,0.0006241552,0.009594043,0.053250544,0.04977288,-0.041926008,-0.08787461,-0.057421207,0.006693577,0.08162113,0.119457714,0.06253795,0.044701602,0.005774204,0.0005592426,-0.0020603782,0.072615966,-0.06403616,0.0029391877,0.055890545,-0.08618956,0.004826136,0.01640004,-0.02550613,-0.016429441,0.02974996,-0.042170074,-0.044208474,-0.098742,0.011983586,-0.013758899,0.0045162463,0.009317518,-0.004205716,-0.021684464,0.016102253,-0.020684289,0.034784093,-0.002837895,0.0052440627,0.057181463,0.048640177,0.10860626,0.025297036,0.04217411,0.009314839,-0.03287259,0.06009805,-0.0126889935,-0.030860154,0.0071370145,0.11172901,0.018492725,-0.017237913,0.024843218
1:226577306:C:T,0.02240489,0.0029516106,0.0075368695,0.010893267,0.045082398,0.10802754,-0.004287738,0.06818829,0.12674603,0.061842926,0.052994672,0.02675731,0.063046426,0.11089094,0.047621075,0.04358341,0.091096595,0.99999833,-0.0591999,-0.04208699,-0.0038695694,0.024948847,0.026175827,0.024918487,-0.019501762,0.012159527,-0.019569987,0.05741915,0.02941417,0.020310648,-0.0024962325,0.037909515,0.026259169,0.007383161,-0.019074677,0.018582476,-0.007865675,-0.0022224567,0.028906345,0.037123717,-0.08148227,-0.022557981,0.063884094,-0.13249852,-0.027873734,0.01467611,0.019040294,0.053135157,0.0049584284,-0.0039302288,-0.02606194,0.030393174,0.017466335,0.052937575,-0.016004652,0.056047767,-0.06572384,-0.10214046,0.027602145,0.06711751,0.036423907,-0.025425583,-0.010427073,0.08350457,-0.042922527,0.009236181,-0.0834314,-0.07447655,-0.008966443,0.019417219,-0.013737609,-0.0471495,-0.05424473,-0.055018555,-0.096254624,0.021255972,-0.042080708,0.027387852,0.06944178,-0.027283788,-0.085188635,0.034787696,0.053641737,-0.05038924,0.03411098,0.03587576,-0.074546464,-0.09840152,-0.028938733,0.038865034,0.0073540267,0.058162026,0.021127589,-0.025037922,-0.0506447,-0.021129077,0.019383166,0.015086441,-0.0052425126,0.06670368,-0.010429038,0.047831215,-0.033609554,0.02202227,0.045139894,-0.058677416,-0.038447298,-0.034391902,-0.042084455,0.067267194,-0.013924332,-0.0050248248,-0.0047696885,-0.012261231,-0.04040112,-0.008373019,0.030522171,-0.112294585,0.0044989637,-0.006919747,0.045049686,0.012038777,-0.015460539,-0.00896593,0.019629765,-0.037098307,-0.020089911,0.02160386,-0.015954152,0.0101725785,0.09486801,0.11250919,0.057325978,0.0055130245,-0.026546385,-0.0033936345,0.08193873,0.040059645,-0.055655584,-0.033940174,0.0281973,-0.018969098,-0.036527433,-0.09106469,-0.056995023,-0.009408755,0.07137747,0.009275516,-0.07160232,-0.007268143,-0.06445443,-0.024130343,-0.054768153,-0.002343073,-0.10028682,0.035288684,-0.028583752,0.041657217,0.022128064,-0.017404316,0.001968441,0.03201651,0.03335851,-0.049293593,0.016460728,0.026086971,0.04113963,0.015670793,-0.017404327,-0.06424284,0.016669802,-0.007160275,0.035840202
15:50353277:T:G,-0.046397135,0.025969487,-0.03204629,0.051466923,0.019472891,-0.038611367,-0.020004364,-0.01374985,-0.038107555,0.0003286438,0.017872239,0.03400102,0.016358715,0.035605177,-0.006318537,-0.002729443,-0.010514054,-0.0591999,0.9999987,0.007955677,-0.06519482,-0.0036808937,0.0371776,-0.03024906,0.047126874,0.017629854,-0.07467751,-0.032046832,0.04853693,-0.07290679,0.00042753186,-0.008261274,0.004924458,-0.031744216,0.0041920925,-0.03281722,0.06468519,0.012055366,-0.014653009,-0.012036352,0.023194231,0.01108003,0.0661076,0.027903242,-0.035414007,-0.03227787,0.010174494,-0.011343129,0.07994067,0.021317262,0.077932455,0.019319357,-0.065589964,0.0039674756,0.030013364,-0.031929795,-0.037551235,-0.0014236892,-0.0012157455,0.051240154,0.05259671,-0.06324568,0.062129784,-0.035228804,-0.046624452,0.005805496,-0.014196866,0.04333765,0.07627588,-0.02270635,-0.090274535,0.0062715444,0.0021680265,-0.033698183,0.008831658,-0.052237555,0.017635452,-0.03418321,0.12506816,0.057766773,0.010032637,0.0319093,0.0246945,0.048794318,-0.013584132,-0.02986796,-0.011148861,0.0285937,-0.015051164,0.070055366,-0.08775571,-0.07020378,-0.020221181,-0.024100019,0.020125534,-0.03365072,0.06860332,-0.02307101,-0.017222732,-0.0452541,-0.024655042,-0.062420852,-0.02068646,-0.04653938,0.010760096,-0.056251016,0.00094299694,-0.105028614,-0.03273044,0.06831492,-0.015627524,-0.012847236,0.033779934,0.015303551,0.043242153,-0.11537509,0.029867461,-0.018459488,0.04408176,-0.082336836,-0.0762623,-0.070672825,0.000252532,0.009031456,-0.008837083,-0.0044718655,-0.033444826,-0.0033244616,-0.0404411,-0.030759243,0.013717663,0.010526622,0.017545437,0.005909623,-0.031900283,-0.048144635,0.06532587,-0.019216388,-0.036330342,0.014100708,-0.0021709364,-0.006012408,0.010792401,0.05617462,-0.046655826,-0.020202072,-0.012336146,0.0027306818,0.013373382,-0.0066806823,0.08044694,-0.04064707,0.035654157,-0.038084056,-0.03289367,-0.015712587,0.0021920756,0.023847751,0.0070597553,0.103791736,-0.03176337,-0.015113156,-0.0062474064,-0.007656213,-0.02245859,-0.025390515,-0.032244533,0.05453186,-0.032046784,-0.03751561,-0.03026316,-0.07990249,0.009778389
14:73422259:C:G,0.00733742,0.13937959,-0.050672572,-0.005443984,-0.03170574,0.0353618,0.014531902,0.014359674,-0.057287827,0.0033808094,-0.014880486,0.11642506,-0.051304877,-0.026943794,0.01437923,-0.040245585,0.016865972,-0.04208699,0.007955677,1.0,0.017576123,0.040495392,-0.033865213,-0.014166631,0.018488694,-0.05878704,-0.047973733,-0.08055313,0.12156577,-0.0106067555,0.051701084,-0.024819663,-0.0757889,-0.006340639,0.11052991,-0.039407555,0.053229388,-0.07338544,-0.00929496,0.010567364,0.00904972,-0.019469846,-0.027353315,0.0085299965,0.03732853,-0.05018406,-0.011156793,-0.06958428,0.07777522,-0.01423995,0.013610158,-0.047082834,-0.00022979335,0.039112486,-0.020346273,0.016412862,-0.16225901,0.046166398,-0.09877012,-0.00064842374,-0.003756252,-0.11852976,0.005754421,0.03604379,-0.023879126,-0.04346941,-0.021323254,0.018183846,0.12526356,0.0180006,0.07169035,-0.020668473,0.05458758,0.015841447,-0.046833053,0.030990468,0.0606813,-0.022287257,0.024695687,0.03243835,0.033882927,-0.05859105,0.0780662,-0.013760645,0.0045250827,0.01944307,-0.08942647,0.011668303,-0.025947515,-0.048363082,0.07476822,-0.020668488,-0.044141524,0.012430834,0.004639973,-0.012971813,-0.107791886,0.020255443,-0.021349486,-0.044702362,-0.045548968,0.0022852821,-0.017688185,-0.018655669,-0.01257341,0.016895054,0.028976267,0.017793411,0.100575946,-0.080914676,0.016894965,-0.020668548,0.08257733,0.030662859,-0.01828279,0.07409204,0.085260205,-0.017757697,-0.090085365,-0.03637352,-0.03799045,-0.0005779231,0.03471321,-0.061956957,-0.061138093,0.06319104,-0.05027014,0.018360607,-0.0037457712,0.055465568,-0.021216407,-0.012647623,-0.051210716,-0.081312686,0.0047982717,0.009192657,-0.045324262,-0.110510774,-0.0009749738,0.0107290335,-0.04750697,0.08010139,-0.037237182,0.029475462,0.065334216,0.024476038,-0.01030199,-0.05431934,0.022127707,-0.031743705,-0.015290788,0.002285274,0.06915814,-0.06611498,0.011387135,0.021591255,0.048236668,-0.092395,0.048189808,0.009088919,0.069554426,-0.036355518,0.033836722,-0.06478422,-0.02387792,-0.029798813,0.050245836,-0.017496832,-0.05067248,0.028145388,-0.0066570607,0.079983994,-0.015813366
2:210676294:A:T,-0.051279493,0.012147517,0.03345312,-0.072413385,0.1029399,0.012504376,0.038487546,0.060291097,0.006935593,-0.008924977,1.3207449e-05,0.045076873,-0.02449819,-0.0024798142,-0.054683834,0.037306905,-0.021594243,-0.0038695694,-0.06519482,0.017576123,0.9999995,-0.028746877,-0.021236135,0.016611403,0.012905334,0.0035528308,0.0244345,0.06956211,-0.052752845,-0.0069083683,-0.04018853,0.007294101,0.044233266,-0.029008728,-0.027444683,-0.046458296,0.08651508,-0.055053603,0.050365057,-0.06500079,-0.024116667,0.002044364,-0.07989486,-0.030017827,-0.014305673,-0.05937177,0.08483418,0.0045983284,-0.052358057,0.0073550753,-0.058048606,0.031245258,-0.052428816,0.034098193,0.008378669,0.016955338,0.03577023,-0.05177452,0.12753583,0.03256936,0.023381928,-0.05508781,0.029467145,-0.016205661,0.027768372,-0.026963536,0.07682671,-0.014710546,-0.04001242,0.059751857,-0.034233976,-0.031129977,-0.08254903,-0.055951033,-0.02836818,-0.012731904,-0.040352255,0.041100875,-0.02769957,0.033104334,0.033721067,0.04645762,0.022683412,0.0633189,0.0077593704,-0.017649533,-0.077390626,-0.084176905,-0.024216896,0.07077676,0.058704004,0.014610144,0.019565843,0.054637965,0.0136022465,-0.012249841,0.0042846883,0.06031513,0.012845814,0.005852627,0.03593137,-0.0056613437,-0.09791374,0.057194885,0.034682706,0.02131837,0.03675723,-0.014582609,0.033587243,-0.08196254,0.086110674,-0.092116855,-0.04981076,0.004798678,-0.017720358,-0.030487629,0.104846805,-0.04379113,0.028312316,-0.028018253,-0.0170486,0.005542223,-0.017820893,-0.05175824,-0.001589378,-0.042761836,-0.01823786,-0.028815798,0.024346022,0.07331101,-0.036867578,-0.017231112,-0.011684908,0.010082466,-0.034480322,0.059993654,-0.03209042,0.09746645,0.058386564,-0.01576126,-0.0030994404,-0.05196358,0.051378913,-0.04767132,-0.07803338,0.027195131,-0.014499215,0.058638822,0.07030113,-0.008457892,-0.05373551,0.011702603,-0.0898893,0.04378122,-0.005957958,-0.0456295,0.00817775,0.0016149894,-0.05220504,0.015398461,-0.04415581,0.028797716,-0.042056635,-0.007470496,0.032907963,-0.029857038,0.04720395,-0.07904645,-0.038765304,-0.010004463,0.008044685,0.052936707,0.015800027
1:114443899:G:A,0.004914795,-0.11113693,0.03867517,-0.055468023,0.09418723,-0.039709944,-0.040754262,-0.04510467,-0.032324683,-0.10325871,0.012623915,0.0014620695,-0.03880065,-0.0038844938,-0.0001471943,0.049025126,0.060375143,0.024948847,-0.0036808937,0.040495392,-0.028746877,0.9999993,-0.0049946946,0.008882674,0.06444624,0.07489149,-0.026151087,0.038675275,-0.008531274,-0.022348607,-0.068713054,-0.019479228,-0.08728642,0.035958067,0.010578478,0.05377252,0.0046440377,-0.016511058,0.010805348,0.10247661,0.011016808,-0.055857148,0.08012163,0.013854303,0.017441781,0.039978925,-0.046109766,0.058644943,0.052522317,0.016553639,-0.063590504,0.042731937,0.024153706,0.06841628,-0.0652829,0.020348376,-0.02093117,-0.00025003176,-0.061692957,0.0056335544,0.018585203,0.046923533,0.07280862,-0.11740403,-0.015132319,-0.042023197,-0.07163007,-0.0063589686,-0.034074843,0.16607581,-0.042370018,0.056261677,0.018751753,-0.029011987,-0.0051096207,0.044551995,-0.012782947,-0.016855279,0.003226183,-0.018411342,-0.095744066,0.0897027,0.060273424,0.06020602,0.055700205,0.08456768,0.06337638,0.09382342,0.017773332,0.012263096,0.004205983,0.056261655,0.0033961157,-0.026251586,-0.04076805,0.04948742,0.014907948,0.013163354,0.07602637,-0.011423808,-0.0029437218,-0.062128857,-0.00016269283,0.00013279004,0.040273756,0.07522216,-0.016821412,-0.075814135,-0.013123623,0.028901076,-0.052174147,0.116218865,0.06352255,0.0040673683,0.055891488,-0.008747124,-0.0067200568,-0.003071354,-0.03478839,0.07389869,-0.042393655,0.07486085,0.028003829,0.042609874,-0.03778718,-0.049573913,0.04317237,0.055686068,-0.023253107,0.004783364,-0.0088981725,0.026362266,0.045261048,-0.044614337,0.034460075,-0.02210555,-0.019603709,-0.08111828,0.0006113558,-0.014323856,0.026719416,0.060118623,-0.018263748,-0.004047676,-0.055173695,-0.00024039476,-0.015398452,0.045163054,-0.04291719,-0.024006978,0.022291595,-0.08488968,0.032728173,0.056055196,0.013287695,-0.039720993,-0.025089992,-0.0521369,0.06755068,0.038675196,0.020849876,0.054853402,0.07928051,0.063387334,0.0013043315,0.0036950596,0.04084563,-0.013923876,0.038675103,0.044709366,2.5141491e-09,-0.038697843,-0.024648055
10:105710933:A:G,0.026343454,0.06325224,0.015251197,0.07911411,-0.057996523,0.051259007,0.0027372376,-0.041354716,0.076715216,-0.07318981,0.027725166,-0.0319277,0.13403432,-0.07361706,-0.052259125,0.045718424,-0.014502725,0.026175827,0.0371776,-0.033865213,-0.021236135,-0.0049946946,0.9999982,0.032390174,-0.018539669,-0.04320266,0.014790715,0.056165453,-0.01595032,-0.01063607,-0.06117209,-0.0064965677,0.021129476,-0.056527913,-0.09247054,0.05673403,0.01729351,0.025076171,-0.022683034,0.028238922,-0.008012242,-0.04002769,0.055751786,-0.014699604,0.04067056,-0.03436959,0.032651227,-0.074010044,0.008863396,0.031159995,-0.08218999,0.06849312,0.0337515,0.028776515,0.007474176,0.039498776,-0.08745284,-0.040889855,-0.08070715,-0.047365237,-0.028888855,0.037902858,0.077167325,0.028006379,0.058408443,0.0692645,-0.016944254,-0.027215507,0.0003667364,0.04125418,-0.14694121,-0.02926187,-0.00417238,0.028943855,0.0017862092,0.0025509137,-0.004246904,-0.04837115,0.018433092,-0.004612011,0.02065209,-0.02786624,0.024346504,-0.008103873,-0.02327759,-0.06590391,-0.0031629784,-0.0212929,-0.01566438,0.062239405,0.0040350175,-0.06381293,-0.032527648,-0.026634742,-0.009207085,0.013036882,0.017156787,0.03368782,-0.067091785,0.04480301,0.05091759,-0.05788921,0.066033974,0.0060679237,-0.010802003,0.030868774,0.025329746,-0.080851495,-0.0081224535,-0.0057032304,-0.024191523,0.022564633,-0.027775919,0.08179321,0.06070027,-0.029438253,-0.06531073,-0.019865585,-0.015712464,-0.068922624,0.014387348,-0.0065324293,0.0155091,-0.0069505847,-0.0006989774,-0.049956832,0.036874477,-0.07835312,-0.037899625,0.04991362,-0.010409568,0.0032817582,0.09858208,0.021010092,0.0041270396,0.053323857,0.11494972,0.05830436,-0.04991367,-0.0032839065,-0.0060745333,-0.026054328,0.05140738,0.011116322,-0.017514111,0.01228613,-0.027119212,-0.076675706,0.0065527703,-0.08787325,0.048481964,-0.018540062,-0.0360222,0.095908545,0.038776536,-0.052727845,0.06714448,0.067055315,-0.044789623,0.11753619,0.0079319645,0.032562166,0.038218934,-0.046741493,-0.07288244,-0.02256447,2.3921839e-05,0.012834379,-0.04611981,-0.026331475,-0.09115136,-0.016010208,-0.012855208
16:74655652:C:T,-0.024607519,-0.025623359,0.039605364,0.055514324,0.021272946,0.028682716,0.044243995,-0.05005625,0.006169986,0.0712338,0.04401679,0.0021966982,0.13737233,0.010097668,0.11692405,-0.09693406,0.053564217,0.024918487,-0.03024906,-0.014166631,0.016611403,0.008882674,0.032390174,0.99999833,0.09726695,0.0043291533,-0.046336405,0.06531037,-0.03744981,0.0047770585,0.015314967,-0.010367008,0.031293236,-0.036645047,-0.014080093,-0.012350774,0.037357908,-0.052906606,-0.07187879,0.015044491,-0.022418218,0.08051409,0.04264193,-0.14158724,-0.13942797,0.06502471,-0.04937674,0.012047158,-0.0952639,0.00582869,-0.03417362,-0.000167747,0.010047313,0.028830217,-0.03491552,-0.052850816,0.017361648,0.015673945,-0.049588382,-0.010787876,-0.023064015,0.075193994,0.067592375,-0.08217193,0.025244389,-0.007825105,0.005971984,-0.030613523,0.004816417,0.032157116,0.046087187,0.0021578067,0.06099523,-0.050254993,0.039462384,-0.019320758,-0.0010868865,-0.00059922296,-0.0034930257,-0.046918284,-0.011597269,0.015606858,-0.015997775,0.021638587,0.024175301,0.027854374,0.017545933,-0.030021578,0.041826535,-0.039689682,0.062122334,0.04557267,-0.01165836,-0.15458174,0.02033031,-0.03635933,0.009828253,0.009574106,-0.03326602,0.03181767,-0.0012244433,0.030963924,0.10036479,0.057069425,-0.062719226,0.03865052,0.056021888,-0.015095413,-0.004180743,-0.011546388,-0.007473275,-0.06296459,0.02127967,0.024644475,0.0010378847,-0.088685036,-0.059135165,-0.043873336,-0.02387534,-0.057788007,0.01603934,0.022762978,0.02105446,-0.059888266,0.019650413,-0.018658921,-0.015224073,0.036869764,0.056507356,-0.021946846,0.033887096,0.001491128,-0.048970424,-0.0023674439,-0.0271037,-0.051099844,0.062049787,0.061171897,-0.05422654,-0.025152216,-0.023773547,-0.011329829,0.0037132977,-0.117027596,-0.05096856,0.0051918398,0.029678658,-0.04631769,0.043737106,-0.07239442,0.02767854,0.0062420564,0.009944167,0.053640213,0.041381143,0.015615549,0.068269506,0.027931063,0.038700446,-0.06321521,0.012094844,0.006075523,-0.067898005,0.0037130567,0.0957612,0.041257214,0.013138461,-0.03276752,0.065310426,-0.031284466,-0.01145358,0.008454494,-0.045829423
9:34107505:C:T,-0.007988188,-0.032845464,-0.03416409,0.050148554,-0.007935029,-0.012028318,0.047487356,-0.06889019,0.015572471,-0.048469562,0.00918684,-0.023691732,0.038017005,-0.029921839,-0.022156257,-0.058742132,-0.016353596,-0.019501762,0.047126874,0.018488694,0.012905334,0.06444624,-0.018539669,0.09726695,1.0000014,-0.030922178,-0.012697856,-0.03416405,-0.0015374337,-0.05114602,0.024862738,0.07779351,-0.051950652,-0.0516215,0.049090758,-0.016801868,0.02339185,-0.05039235,0.019675741,-0.044652678,0.09833268,0.006291888,-0.029713253,-0.0021483165,-0.059757117,0.035148636,0.009015061,0.0760269,-0.061044022,-0.020964537,-0.011569752,0.060999546,0.0082167005,-0.011279793,-0.0058027226,-0.017434882,0.048736885,0.071080014,0.039520405,0.015422166,-0.042160984,0.0016705419,-0.0149348695,-0.03719774,0.055248555,0.034711268,0.011123648,0.032637894,-0.032613877,-0.029581815,0.01233758,-0.014824685,0.010978978,-0.06928486,0.017950607,0.0019098335,0.06958273,0.0027387028,0.009633144,-0.0448054,0.0055774525,0.047343068,-0.014418614,-0.0037965053,-0.037206873,0.0029305846,-0.002129779,-0.007833818,0.017427295,-0.0325549,0.006478168,0.029827561,-0.036060873,-0.06376961,0.018874627,-0.12690735,0.023257187,-0.052569855,0.12106829,0.015555652,0.0055972906,0.061872695,-0.06563598,0.018560827,-0.009157998,-0.0027349582,-0.04269339,0.032528333,-0.042684935,0.03879275,0.020984313,-0.014824827,0.05091792,0.01431784,0.058634613,0.046048414,0.03268568,-0.0011239599,0.06614879,0.043075565,-0.09159319,-0.0025131064,-0.014973565,-0.035529442,-0.033347346,-0.065576024,0.049565807,-0.021305714,-0.08670186,0.011933203,-0.02680614,0.048092246,0.02732619,0.035383847,0.05171041,0.022420678,-0.022247285,-0.05740608,-0.011933249,-0.015776327,0.0012675356,0.012755523,0.060194194,-0.0012089721,-0.025663646,-0.052154906,0.017544413,-0.019820906,0.026543928,0.052954,-0.0052650413,-0.03983322,0.082663655,-0.044390224,0.06426809,-0.088642366,-0.026741212,0.028326545,-0.0630253,0.09802495,0.01569399,-0.057048976,-0.029412204,-0.08080426,0.08461321,0.014824983,-0.047125194,0.11339073,-0.0077263713,-0.09062239,-0.047120135,0.025904765,-0.022405999
18:51817587:T:A,-0.012769776,-0.057765562,0.03269089,0.062281504,-0.006695434,-0.014527015,0.021475825,0.02667648,0.061450385,0.046913832,-0.0028363592,-0.008164955,-0.056958638,0.008665549,-0.047656335,0.010732031,0.06909848,0.012159527,0.017629854,-0.05878704,0.0035528308,0.07489149,-0.04320266,0.0043291533,-0.030922178,1.0000008,0.0073144105,0.013659077,-0.0789954,-0.05314144,-0.024861204,0.009607705,0.028366465,0.12210297,0.023144001,-0.031584654,0.0067105573,0.008975896,0.018365279,-0.028519895,0.08834525,0.0148115875,0.031554595,-0.03496196,-0.02713138,0.008994051,-0.0026370147,0.040088616,-0.05307391,-0.069973506,0.0855937,0.027764129,0.051142298,-0.00810714,-0.020566616,0.033648923,-0.0121508865,0.07255852,0.005321142,0.025943613,0.016551696,0.054915737,-0.029458612,-0.0029674894,-0.10250137,0.022738414,0.025807679,-0.009840326,0.04919064,-0.038052935,-0.050845,0.023037467,0.0008586727,-0.07769485,0.03556672,-0.046891592,-0.0009329256,0.024841886,0.0053029316,-0.010906319,0.014369059,0.026860027,-0.02895432,0.0034869015,0.037448026,-0.031071631,0.060287934,0.024205906,-0.013575705,0.0629215,-0.004394501,-0.009106343,0.00555352,-0.07889693,-0.030367615,-0.001595885,0.013215154,0.030906089,-0.001816973,0.068079844,-0.06323576,-0.020850854,-0.07407334,0.051793665,0.08749841,-0.014562795,-0.008461,-0.05818176,-0.08368277,0.034681916,-0.014562873,-0.025178188,-0.07678633,-0.0030901602,-0.043025732,0.020448862,-0.07398387,-0.0016268254,0.056892995,0.035143953,-0.0117535,0.052839242,-0.019124907,0.058168076,0.055671595,-0.003207639,-0.008838525,0.027647058,-0.02670745,-0.035793066,0.042817313,-0.05314623,0.020672107,-0.039468825,-0.036742475,-0.06861511,0.00760937,-0.10383592,0.027116498,0.049130492,0.082562886,0.057131175,0.064109564,-0.014376938,-0.049971826,0.014918082,0.04994651,-0.021459179,-0.08236507,7.018305e-05,-0.03174401,0.052363995,0.027560165,0.054208163,-0.033902142,0.011141661,-0.007943652,-0.053769227,0.04063225,0.013658992,0.0035672411,0.014554162,0.030706545,-0.050563287,-0.06506755,-0.02303755,-0.05321225,0.023951093,-0.08149964,-0.026742341,-0.01272012,0.06170497,-0.05298807
11:202253:G:A,-0.03767699,-0.05027207,-0.049234748,-0.048754472,-0.032818347,-0.058786385,0.016877973,-0.10905929,0.016036808,0.021987753,-0.0684345,-0.022102417,-0.023531577,0.0128735835,-0.05956426,0.06606643,-0.0155601725,-0.019569987,-0.07467751,-0.047973733,0.0244345,-0.026151087,0.014790715,-0.046336405,-0.012697856,0.0073144105,1.0000018,-0.04923476,0.027416874,-0.0067801597,-0.0033854716,-0.014728026,-0.009769871,-0.010692258,-0.10867105,-0.024072768,-0.012095051,0.11708808,-0.026283078,-0.019201705,0.015785417,-0.046299614,0.043983337,0.017333686,-0.056400124,0.10145412,0.0011359021,0.015581646,-0.0017678394,0.024816494,-0.004587493,0.052733466,-0.071278736,-0.117022745,-0.07645516,-0.024408197,-0.006516266,-0.04815051,0.0066616596,-0.0065740612,-0.02059419,0.06418659,0.033892654,0.0031035438,0.03622745,-0.011401461,0.04365817,-0.03696584,0.02225656,-0.035681795,-0.030977914,-0.0048835226,0.015577451,0.05868058,0.0017900706,-0.035264518,-0.058474872,0.03714339,-0.023977146,0.029904148,0.046517424,-0.037241664,-0.014230223,0.011402845,-0.012478883,0.037527535,-0.061888877,0.046098072,-0.016683742,0.04542716,0.046818763,-0.021941943,-0.062366556,-0.039627533,-0.019804187,0.019387025,-0.051119514,-0.026713975,0.057540666,0.039364804,-0.04509233,0.081455484,0.0232207,0.0038549865,-0.061586667,0.0444602,-0.051166035,0.039620377,0.017855685,-0.0077255014,0.098828875,0.012175016,-0.026225122,0.062196355,-0.070029095,-0.063049294,0.009238282,-0.0300206,0.010284517,0.013137473,0.06978402,0.03176932,0.034817286,0.0036154648,-0.04329585,-0.03424311,-0.046147943,0.07961072,-0.042664506,-0.008531766,-0.057161383,-0.026950087,0.0592471,-0.0028587242,-0.015688736,-0.06329352,-0.028454877,0.042928208,0.008531762,0.033870496,0.068261355,-0.021261271,-0.033242386,-0.081263445,0.06425807,-0.0069725527,0.09044132,-0.012338755,0.04939825,0.034163646,0.036142007,0.13973723,-0.014072048,0.06771936,0.07309292,-0.014063006,-0.011105354,0.036512773,0.025106352,0.03156478,-0.026850132,0.024405513,0.002109153,0.0014725076,-0.016780188,-0.029233336,0.029311903,-0.026322367,0.07196489,0.05449191,0.0045003043,-0.006958978,0.056519687
17:76183233:C:T,0.07476419,0.08759563,-0.024440035,0.030674336,0.1048286,0.04807338,-0.0694209,0.028351735,0.0043725977,-0.009091114,0.054921713,-0.09720551,0.05964966,0.008266778,0.030064559,-0.03585606,0.02788866,0.05741915,-0.032046832,-0.08055313,0.06956211,0.038675275,0.056165453,0.06531037,-0.03416405,0.013659077,-0.04923476,1.0000017,-0.031610027,-0.03872632,-0.038852308,0.032088265,-0.0056709023,-0.04513823,0.007352465,0.09458026,-0.06457799,0.07106288,-0.025699332,-0.00092893484,-0.052668106,-0.05914859,0.027418865,-0.016489133,-0.086272165,0.032756872,0.008410556,-8.886058e-05,0.001014715,0.015639136,-0.036597233,-0.005196979,0.00061789464,0.044651948,-0.047707822,0.082381636,0.018703785,-0.097453095,-0.07499476,0.073772565,-0.024699487,0.028518882,-0.029661633,0.018581374,-0.056097083,0.07527452,-0.022345021,-0.034220938,-0.017526682,-0.002291849,-0.02406609,-0.029238516,-0.046771556,-0.025699385,-0.0638979,-0.020336434,-0.04057298,-0.01857193,0.008307228,0.03199864,0.0015660871,0.0035900546,0.07173046,0.015112612,0.039275322,-0.04236068,-0.04507189,-0.11665824,0.056643892,-0.002108169,0.06591726,-0.029238496,0.009587547,-0.05771719,0.055667132,0.0046223686,0.021573216,-0.06575591,-0.05072663,-0.011906469,-0.037956204,-0.02546378,0.011093175,-0.01091065,0.086243525,0.049183078,0.019286048,-0.0587852,-0.018733347,0.082473055,-0.027408477,0.0428543,-0.04600249,-0.07992757,-0.04006436,0.04371295,-0.07057786,0.036446378,0.019932015,-0.0047496906,0.014891771,0.11069331,0.056853447,0.09763494,0.012261125,-0.035894405,0.01307421,-0.020669283,0.049651492,-0.018647736,0.052289866,-0.018647563,-0.04345145,-0.0026464425,0.014519781,0.0023012843,0.032806706,0.08114614,-0.0008123035,-0.0001938616,-0.028518911,-0.032760847,0.059430856,-0.014753601,-0.030974505,0.1150429,-0.02991949,-0.036272526,-0.02469942,-0.026452003,-0.06979076,-0.025463777,-0.041820288,0.1477244,-0.05300531,0.038120355,0.056834687,0.047195043,0.058384374,-0.024439937,0.00040274265,-0.014257242,-0.04074884,0.008816515,-0.013884898,0.029238464,0.0063756974,-0.044513974,-0.024439938,-0.035376187,0.057058178,-0.04166463,-0.00980757
8:48885436:T:A,-0.03097724,0.039521564,0.017845083,0.042415008,0.02291651,-0.045206446,0.08621883,0.061108403,-0.016464967,0.011655139,-0.069160484,0.064392805,0.0423393,0.011581454,0.08018137,-0.10683906,-0.044907074,0.02941417,0.04853693,0.12156577,-0.052752845,-0.008531274,-0.01595032,-0.03744981,-0.0015374337,-0.0789954,0.027416874,-0.031610027,1.0,-0.035975132,0.064089574,0.06685883,0.005153292,-0.056051478,-0.011617176,0.047501724,0.0034551579,0.0027407838,-0.007237256,0.051835265,-0.010956148,0.0078781415,0.013107934,0.0038818237,0.11073575,0.0062597496,0.08583184,-0.038613036,0.023057101,0.05264836,-0.0050162924,0.01280846,-0.081102654,-0.008850122,-0.012216561,-0.040251434,-0.011915473,-0.039784662,-0.029790577,-0.046476956,0.028744822,-0.052426044,0.09172887,0.043780454,-0.008952792,-0.007261914,0.015210968,-0.015658379,0.03254372,0.1154783,0.02588869,0.0056875697,0.027231665,0.07596872,-0.024147505,-0.11596003,-0.008603126,0.03771986,0.016705599,-0.0030757647,0.036885116,-0.078162745,-0.0031724935,0.020080946,-0.056958396,0.0075216508,0.013494254,0.052486856,0.07760156,-0.038915142,0.06996391,0.026569508,-0.006254329,0.019715836,-0.005011425,0.018353224,-0.035681106,0.00052817515,0.020621026,-0.016152512,-0.00520253,0.02453828,-0.033219907,0.07330547,-0.039662965,-0.052088253,0.0399988,0.054369327,0.05769603,-0.016186915,0.036651243,0.06833331,-0.02235144,-0.040804897,0.009639381,0.08604856,0.015720736,0.046442956,0.042553365,-0.019521648,-0.03485559,-0.07901159,-0.010696637,-0.17898291,0.0042530857,-0.009029674,0.035054438,0.045215104,-0.032193318,-0.008695861,-0.05038892,0.058943935,-0.014789089,0.009965126,-0.06029992,-0.07252848,0.017704677,-0.048806876,-0.008214034,0.014839996,-0.12344908,-0.03228408,0.045721613,-0.018312527,-0.0021249768,-0.04107808,0.015935153,0.022933299,-0.014095563,-0.06097613,0.04174842,0.024538128,-0.026884163,-0.04213833,0.05693936,0.0017653313,-0.023496173,0.010757132,-0.027020656,0.042572696,-0.006851547,0.04194958,-0.0011681446,0.04236178,-0.064747624,-0.0056876694,-0.016750561,0.040450286,0.017845158,0.030967247,-0.038563006,0.040448606,0.060355213
18:42161643:G:T,-0.003730599,-0.056691095,-0.061142113,-0.061246183,-0.037553284,0.029884282,-0.014996543,0.107009575,-0.00699011,-0.0015190196,-0.035440568,-0.013874926,0.005078573,0.039394066,0.023351423,-0.045853663,-0.018621245,0.020310648,-0.07290679,-0.0106067555,-0.0069083683,-0.022348607,-0.01063607,0.0047770585,-0.05114602,-0.05314144,-0.0067801597,-0.03872632,-0.035975132,0.99999857,-0.005524042,-0.049476977,-0.0031726684,0.071769305,-0.008040606,-0.07197692,-0.005851759,-0.039364755,-0.0077226697,0.011795204,-0.008800476,-0.03496586,0.026041709,-0.048979588,-0.018230641,-0.019029405,0.0747219,0.04064204,0.012352031,-0.04071961,-0.038809605,0.09050043,0.06502257,0.024733026,0.048496787,-0.05639815,-0.058872953,-0.0028757728,-0.025095344,-0.06201682,0.0029338717,0.0015947919,-0.006601103,-0.029704155,0.041174784,-0.06451312,-0.041748866,0.050852932,-0.012118072,-0.0201952,0.10089221,0.008881529,0.012477093,-0.0831498,-0.06856222,-0.0042795106,-0.06884289,0.031406872,-0.018824007,-0.031080976,-0.009727768,-0.001821681,-0.007142739,0.07231497,0.06865355,-0.037496448,-0.0070872516,-0.023590812,0.071171924,-0.07199882,0.008254233,-0.010048131,0.005045607,-0.04735787,0.035605196,0.090652175,0.07117585,0.02260905,0.04900758,0.09852826,-0.010411111,-0.027772948,0.0103102615,0.059251495,-0.009083199,-0.028347109,-0.026476441,0.062091187,0.0037499128,0.07394169,0.031985495,-0.066837214,0.032388456,-0.014379478,-0.019625785,-0.05043884,0.017827794,0.023061909,-0.012325743,0.02155632,-0.04035446,-0.019887263,-0.06820999,-0.047430694,-0.015759818,0.062556304,-0.039027937,-0.102901116,0.025774604,-0.0077609927,0.062344134,-0.10995518,-0.099038534,-0.084715694,-0.048112396,0.011787661,0.023859821,-0.053443316,-0.0024583985,0.017992027,0.015843298,0.064360335,-0.093716905,-0.03411954,0.042127762,0.023056587,0.0024406202,-0.017768275,-0.016483767,0.0031421755,-0.041665204,-0.0062146853,-0.028257934,-0.03116545,0.040304277,0.07910476,0.033046998,-0.08630656,-0.009313349,-0.016310498,0.0774453,0.045007516,-0.06924033,-0.0026781259,0.0128355445,-0.04674125,-0.026445588,-0.0021980198,0.095768765,0.035226118,0.07990365,0.0032736594,0.006726504
16:69402831:A:G,-0.012921704,0.042707343,-0.038852464,-0.028557288,-0.040403306,-0.007969028,0.01976868,0.017901462,0.0060977456,0.08289461,0.083965845,-0.009949719,-0.015276802,0.005554968,0.09998234,-0.05700076,-0.052030742,-0.0024962325,0.00042753186,0.051701084,-0.04018853,-0.068713054,-0.06117209,0.015314967,0.024862738,-0.024861204,-0.0033854716,-0.038852308,0.064089574,-0.005524042,0.99999833,-0.050016075,-0.12522878,-0.02028487,0.015591451,-0.093493715,-0.001296378,-0.0206201,-0.040854484,-0.015126441,-0.00111803,0.07340973,0.06036927,-0.070799984,0.070024684,-0.018415293,-0.027532505,0.024398183,-0.0023655486,-0.06258887,0.05457493,-0.02919961,-0.053861994,0.008362395,0.069966346,-0.058197696,0.004986459,-0.0045794104,0.016850313,0.041773036,-0.033411264,0.117430955,0.05353492,-0.037811577,-0.02315611,-0.04934165,-0.028518619,-0.049464762,0.017593035,-0.05139661,0.008669074,-0.0065348144,-0.015148104,0.027360626,0.002395318,-0.035495795,0.05895767,-0.0119181145,-0.11076558,-0.041145023,-0.025440035,-0.004865975,-0.0634431,-0.022611557,-0.087697506,-0.01653531,-0.020984711,-0.022875238,0.049809318,0.02237524,-0.015148306,0.06194444,0.0030063256,0.062087476,-0.017554298,-0.00011655949,0.008775798,0.09760501,-0.027771495,-0.0788026,0.02961529,-0.007984838,0.0053660744,0.006626046,-0.033902314,0.01099232,-0.017685642,0.10895443,-0.0041868594,0.036319282,-0.025383554,0.0105851395,0.050131593,-0.052625842,-0.06797872,0.01993429,-0.073050536,0.032840956,-0.072766736,0.03546916,0.054238077,-0.058194466,-0.04435976,-0.0054734373,0.0030877313,0.061781287,-0.018756343,0.008487608,-0.022628142,0.0039872825,-0.06688015,0.04095618,0.032003358,0.00075591163,-0.01791845,-0.02797414,-0.017761743,0.019020373,-0.040956285,0.05303505,-0.029566016,0.009358085,0.08393393,-0.05423781,0.010258763,0.010648026,0.008240021,0.00833564,0.0017104934,-0.035782136,-0.020928282,0.070003144,0.023993475,-0.034977954,0.06945586,-0.011464393,-0.009282231,-0.08239445,-0.0055492716,-0.07939732,-0.053423584,-0.012241788,0.0788734,-0.018678432,-0.008747141,-0.010584907,0.027323512,-0.0146877095,-0.038852297,0.007175308,-0.013549393,-0.041132063,-0.035329223
10:96114835:G:A,-0.083555624,-0.0024673156,-0.08572495,0.054297887,0.0016129139,0.04922106,-0.1156417,0.048269067,0.00045850672,-0.016947947,-0.06603709,-0.055815373,-0.026304109,0.084954716,-0.061548267,0.047077194,-0.062072184,0.037909515,-0.008261274,-0.024819663,0.007294101,-0.019479228,-0.0064965677,-0.010367008,0.07779351,0.009607705,-0.014728026,0.032088265,0.06685883,-0.049476977,-0.050016075,0.999998,0.054078445,0.038518187,0.021536147,0.015678255,0.008179198,-0.04589798,-0.01581197,-0.053156756,-0.060101643,-0.03449635,0.011480228,0.038806975,0.00068519503,0.054358743,-0.0071548927,0.0744302,0.048912685,0.032713406,-0.014956123,-0.0074920654,-0.03357761,-0.069720894,-0.032399945,-0.0181573,-0.010728522,-0.007660899,-0.010830847,0.013858033,0.015419602,0.028020948,-0.010918878,0.08098209,-0.014636483,-0.0101054385,-0.023642384,0.030585796,-0.023844039,-0.026598765,0.054799967,-0.07768405,-0.023093024,0.008964864,-0.03212749,-0.047973912,0.022617467,-0.02677417,0.040781338,0.025857504,0.033803307,0.0044254325,0.024665095,-0.023408147,-0.08788481,0.06800927,-0.011582898,-0.156896,-0.0430014,0.080450624,0.07330188,-0.0030659104,0.0549602,0.036032725,0.031163074,-0.08435237,0.0051345006,0.045255672,-0.07856571,0.05778246,-0.11353071,-0.08931646,-0.047668424,0.03635794,-0.06696056,-0.016863426,-0.07208475,-0.058624566,-0.095031194,-0.08120699,0.035985913,-0.0030659004,0.038013183,-0.038567696,0.00899214,0.06059507,-0.09244106,0.008501462,0.032198157,0.06873879,0.0027385398,-0.037462868,0.092973806,-0.0020997492,-0.022771591,0.018319717,0.015740745,0.028936194,-0.02156875,0.03977621,0.062419493,0.08005949,0.084774524,-0.005954641,0.055396706,-0.020453693,-0.01626495,-0.03332319,-0.039776076,-0.0398965,0.014531047,-0.032515936,-0.039846513,-0.0033584035,0.0092333555,-0.068805374,-0.07166192,-0.073080875,-0.010093977,-0.010810116,-0.025387095,-0.032663215,-0.016763944,-0.0060687927,-0.019868575,-0.007315062,-0.0694431,0.053296417,0.036359318,0.0026348683,0.057543524,-0.07097611,-0.014021898,0.035924815,0.057504937,0.003066068,0.042533085,0.057296913,-0.056271628,0.034706756,0.07874203,0.044943783,0.026052592
10:101271789:A:C,0.031402804,-0.003834155,-0.042957917,0.039115567,0.019782066,-0.026939273,0.010356634,0.04980216,-0.034891568,-0.01913155,-0.0045527075,0.0139942225,0.0767367,-0.0540311,0.034770258,0.06157967,-0.042245727,0.026259169,0.004924458,-0.0757889,0.044233266,-0.08728642,0.021129476,0.031293236,-0.051950652,0.028366465,-0.009769871,-0.0056709023,0.005153292,-0.0031726684,-0.12522878,0.054078445,1.0000004,0.014950052,-0.024542348,-0.05572099,-0.0003511805,-0.015356971,-0.009883901,-0.0065932022,-0.0757728,0.0076482766,-0.049771093,-0.01729087,-0.027653478,0.019815188,0.0069611096,-0.07404595,-0.08905526,-0.027155526,0.07526034,-0.016496927,-0.0040990105,-0.074969314,0.03749241,0.013244048,0.006703295,0.03724613,-0.036901277,-0.011222041,0.066942826,0.044947468,-0.06378884,-0.031064684,0.022804072,0.00025392172,0.0013114476,0.07037391,0.039545815,0.049188286,-0.07726636,-0.034336235,-0.016789066,0.052849505,0.021073142,-0.02740053,-0.042367034,-0.05895432,0.028810823,-0.035861213,0.0003632962,-0.043198463,0.030042216,0.0085855685,-0.007720319,-0.0121311,0.031426504,-0.11976146,0.11772617,-0.040475346,-0.109778516,-0.002848358,-0.0309681,-0.05872725,-0.009065484,-0.032347027,0.032910284,0.0059903045,-0.038868375,-0.007871659,-0.033624798,-0.0014257622,-0.021200722,-0.032898873,-0.016487911,-0.027267626,-0.030815551,0.053878084,-0.019175071,-0.0027797099,-0.010541262,-0.002848309,-0.07543337,-0.056612074,-0.035915162,-0.06340784,0.052844927,-0.018296335,0.035744492,-0.06896666,-0.02429172,-0.053663746,-0.014688418,-0.01823966,0.12504014,0.04419811,0.010182576,-0.044242285,0.0023369913,-0.03460656,-0.03094614,-0.017607436,0.06863592,-0.008250371,0.009731846,-0.04586041,0.033883434,-0.018619008,0.0601052,-0.05988782,0.0006343127,-0.0108613,0.0649146,0.054009054,-0.010917986,0.0999759,-0.0032959357,-0.0046674483,0.018493453,-0.04937725,0.03404922,-0.07314698,-0.05704941,-0.05858975,-0.016882164,0.06362205,0.021203,0.039312884,-0.021759592,0.01297257,-0.06350817,0.0005628778,-0.021111686,-0.022878202,0.05271358,-0.044383485,0.0069509298,0.023990901,-0.0802446,0.032317642,0.02492117,0.020327115,-0.013681923
18:41995504:A:G,0.064369835,-0.096906334,0.005204417,-0.04493374,-0.06629039,-0.031084152,-0.0076535763,-0.015869545,0.03297721,0.0410911,-0.018960662,0.08811961,0.014136221,-0.069872476,-0.10647251,0.07328712,-0.019535633,0.007383161,-0.031744216,-0.006340639,-0.029008728,0.035958067,-0.056527913,-0.036645047,-0.0516215,0.12210297,-0.010692258,-0.04513823,-0.056051478,0.071769305,-0.02028487,0.038518187,0.014950052,1.0000023,0.028724154,0.012831659,-0.112259984,0.023086438,-0.0157021,0.03081399,-0.02823478,-0.085279115,0.074688196,-0.061725445,0.016407799,0.038725957,-0.09956743,0.009563773,0.014224037,0.04082367,0.0024087862,-0.013421328,0.01386965,0.003766344,0.09261985,0.03119265,0.017762378,0.012613058,0.037730068,-0.013965418,0.012527911,-0.00047826165,-0.087941885,0.014698074,-0.004360491,-0.052809104,-0.030624362,0.050194368,0.008146536,0.06922221,-0.030872555,0.07708146,-0.039911665,0.026647428,-0.0062544835,-0.060395017,-0.03225988,-0.0069752363,0.014814938,-0.024390476,-0.051948145,0.03346734,0.08678259,0.02377564,0.049305085,0.043094207,-0.032138772,-0.09015087,0.001951392,0.035483405,-0.00030504097,-0.05045804,0.05264779,-0.036235258,-0.03453281,-0.035025317,0.058777697,-0.05411417,-0.040990807,0.03625821,0.0024980665,-0.02685553,-0.10246836,0.017508658,0.013879179,-0.039329324,-0.012067931,0.014345886,-0.09443274,0.006076288,0.16391757,-0.007944801,-0.039824855,-0.005470358,-0.028738596,-0.0060869865,-0.013251241,-0.041756835,0.01570825,-0.07091455,0.021728903,0.014345716,-0.013152463,0.006948738,0.003906744,-0.059785843,-0.03614972,-0.03925022,-0.0014964431,-0.01834267,-0.028368395,0.02755969,-0.025295023,-0.011761074,0.022362163,-0.019450936,0.02790585,-0.07190156,0.05276945,-0.036666274,0.08439894,0.030448698,-0.005230397,-0.010643454,-0.020268602,-0.020739418,-0.018426567,0.04050275,-0.05288557,-0.033286516,-0.02116996,-0.026855579,-0.0062119295,0.043871596,-0.06681857,0.033882514,0.022912713,-0.009018595,0.043025382,-0.04513813,-0.037798222,-0.06465928,-0.0018147881,0.0023956683,-0.007443532,-0.077081494,-0.012028319,0.15265581,0.0052043763,0.0071930704,-0.044862807,0.01501821,0.035207
16:88092092:T:C,0.0037780006,0.017850704,0.02584391,-0.02169319,0.024253733,0.023421641,-0.016147481,-0.0037970126,0.01892389,-0.00039155412,0.05819864,0.0017937878,-0.061073836,0.030516092,0.02590461,-0.013327834,0.055037186,-0.019074677,0.0041920925,0.11052991,-0.027444683,0.010578478,-0.09247054,-0.014080093,0.049090758,0.023144001,-0.10867105,0.007352465,-0.011617176,-0.008040606,0.015591451,0.021536147,-0.024542348,0.028724154,0.9999997,-0.036372125,0.017843094,-0.040470455,0.023286816,0.010721912,-0.073996775,-0.11807394,0.08957892,0.03881525,0.0245114,0.010416187,0.113929935,-0.02532352,-0.003096847,-0.011986499,-0.00481291,-0.015849754,-0.009536424,0.06319043,0.051700823,-0.07568291,-0.047994245,0.03113726,-0.003076137,0.00022927347,-0.0032483065,-0.06611964,0.041679423,0.044974193,-0.13884929,-0.03411917,0.013771163,-0.052746046,-0.094327904,-0.081987135,-0.03802946,-0.0016143593,0.05165912,-0.023379583,-0.012876513,-0.028099477,-0.016350133,-0.026530879,0.00038044262,0.018780405,0.0078232745,-0.030133948,0.041823037,-6.856173e-05,-0.01478371,-0.0028163753,-0.022472594,0.0070892745,0.028166419,0.027669022,0.01738997,-0.04846109,0.023899797,-0.06884026,-0.0007665045,-0.0011430474,-0.028063973,-0.04411537,0.01835745,0.021598995,-0.07883765,0.019516611,-0.038508665,0.015776495,-0.02773292,0.008245553,0.04028351,0.06333699,-0.03144953,-0.045600593,0.008245562,-0.032845523,-0.013390446,-0.04204355,0.1606844,0.03891503,-0.0034384036,0.009847287,-0.09281543,0.055821534,0.019101458,0.030276824,0.007476737,0.023924787,-0.02224248,-0.0027949843,0.026180511,-0.028559446,-0.031130517,-0.038882967,0.02127561,0.045419335,-0.009612614,0.016814724,0.024148025,-0.030540524,0.039851196,-0.020348487,-0.074925184,0.029369323,0.037349615,-0.024630737,-0.12783535,-0.0001647217,-0.010416948,0.0062543834,0.013287342,-0.0032524585,0.028787838,-0.0034787017,0.031799678,0.01951651,-0.0008222752,0.0050723143,-0.007490104,0.059630934,0.0018409416,0.009291685,0.013563514,0.0073524914,-0.03713427,-0.07615706,-0.018572006,-0.024626225,0.03612753,0.017229894,-0.07126211,0.07534723,0.08131801,0.01189182,-0.037076898,0.082837716,0.015601871
15:42032383:C:G,0.061767016,0.097847134,0.09458064,-0.003170025,-0.018777106,-0.030171055,0.015867101,-0.0104579935,0.01200295,-0.0283052,-0.06569961,0.055452872,0.03969373,0.016203066,0.039121374,0.0062474078,0.0428848,0.018582476,-0.03281722,-0.039407555,-0.046458296,0.05377252,0.05673403,-0.012350774,-0.016801868,-0.031584654,-0.024072768,0.09458026,0.047501724,-0.07197692,-0.093493715,0.015678255,-0.05572099,0.012831659,-0.036372125,1.0,-0.053146183,-0.012577629,-0.0063767307,-0.019315995,-0.025202183,-0.01737532,-0.08906276,-0.020980775,0.02509748,0.013631041,0.001575947,0.0010505054,-0.022480749,0.040117703,-0.028126432,0.034810323,-0.038114667,0.01166271,-0.051120646,0.0040070284,-0.011134663,-0.046194214,0.031745482,0.01743331,-0.010599467,0.06386144,-0.048719514,0.05249016,-0.011616784,0.06791684,-0.047829702,-0.0066059763,0.005882225,0.027018523,0.07260927,0.05049626,-0.004384126,0.009904764,0.004750387,0.038815603,0.010491336,0.01724329,-0.06454927,0.017400252,-0.079854906,-0.010123619,0.03548668,-0.033543933,-0.051233154,0.040544044,0.05911489,0.07783132,-0.081704944,-0.015893983,0.04865129,0.05049628,0.03648772,0.029164916,-0.04131323,-0.040499672,-0.09745071,-0.03218995,-0.060469013,0.06611406,0.03524069,-0.016245965,0.03655391,0.010930669,0.09475048,-0.006800814,-0.029029734,-0.015288953,-0.0053464714,0.055306014,0.027928254,-0.014882384,0.033451695,0.032751024,-0.031229854,-0.020414773,0.036987495,0.04520371,0.012852796,-0.009881147,0.052806083,0.05308293,0.0316342,-0.028770396,0.064059064,-0.06299719,0.030585572,-0.003095911,-0.002087137,0.10513166,0.09452006,-0.009578219,0.004475507,0.04432122,-0.030257093,0.04785031,-0.014389652,0.052936994,0.013990082,-0.030850355,-0.0552576,-0.006324113,-0.067800045,0.0062643904,0.08630184,0.0066394657,-0.01572388,0.04066691,-0.027365478,-0.029307166,-0.05248619,0.002368593,0.009624864,0.08756493,-0.004439654,0.077137426,-0.009656057,0.03367953,0.014582671,0.036516186,-0.021451274,0.0073321476,-0.02785959,0.09977271,-0.098028526,0.047571648,0.010039339,0.013536926,-0.0021932917,0.026344573,0.021560004,0.005121686,0.023948615
8:21846586:G:C,-0.027874485,-0.064491645,-0.00815176,-0.014626774,0.057025544,0.018698985,0.016962156,0.050814863,-0.048820443,0.068840496,-0.09258435,-0.0072329417,-0.08006361,0.07070816,0.023205422,0.006436897,0.011080008,-0.007865675,0.06468519,0.053229388,0.08651508,0.0046440377,0.01729351,0.037357908,0.02339185,0.0067105573,-0.012095051,-0.06457799,0.0034551579,-0.005851759,-0.001296378,0.008179198,-0.0003511805,-0.112259984,0.017843094,-0.053146183,0.99999994,-0.00057243684,0.015161807,0.027674094,0.025176885,-0.06991398,0.0070965616,-0.0067296694,-0.0030979184,-0.08362973,0.009366555,-0.0051044305,-0.033877272,-0.0010120624,-0.044395126,-0.045727853,-0.050202638,0.013476192,0.023235245,-0.08264978,0.015952494,0.062624134,-0.0051489165,0.050183307,0.035209738,0.040866293,-0.0062030694,-0.043071285,-0.07115917,-0.025058558,-0.03377988,-0.009123921,0.0731995,0.0007877047,0.05750934,-0.054755375,-0.009187695,-0.016482996,0.055004463,-0.0014719446,-0.028245153,0.03872582,-0.07569305,-0.047772314,0.04089834,-0.058093883,-0.0047034062,-0.047825433,-0.022787014,0.06724277,-0.00040732714,-0.054554332,-0.07421112,-0.021767184,-0.01348451,-0.038871985,-0.0138294,-0.07050929,-0.010915643,0.09252124,0.023076124,0.067140475,0.006256361,0.008628,-0.021005722,0.024670433,-0.047523238,-0.024517331,0.0019440866,0.016170153,-0.013138866,0.03331568,0.04063239,0.0133897895,-0.11882714,0.008778563,-0.045944326,0.020475687,0.044324964,0.025532879,0.022355588,-0.0375905,-0.076213256,0.019558122,-0.006409575,-0.0009829109,-0.041198727,0.053691965,0.0010457292,0.019254886,-0.028940992,-0.018034654,-0.020378845,0.0293901,0.044433497,-0.022059515,0.035823885,-0.036834553,-0.011324059,0.002285548,-0.077090874,0.02641981,-0.059402168,-0.00036273274,0.019751618,-0.048197735,-0.06479008,0.036984347,-0.012840561,-0.017095169,-0.016791739,-0.02038274,0.05150279,0.0028099248,-0.066411294,-0.011507863,0.02334828,-0.046269603,-0.008020723,-0.047323722,-0.056589995,0.0028316649,0.033907797,0.010657016,0.047420148,0.10719861,0.017768474,0.038861953,0.0439402,-0.056429647,-0.037740465,-0.052585408,-0.008151689,-0.050238647,0.050284263,-0.018981246,0.02023844
20:62322290:G:A,0.08312139,-0.062379472,-0.022265254,-0.041591328,-0.10254763,0.0071820407,0.017784193,-0.03828243,-0.0431626,-0.027218169,0.038489982,0.037937284,-0.038948093,-0.04082811,-0.027353268,-0.032665487,-0.035088878,-0.0022224567,0.012055366,-0.07338544,-0.055053603,-0.016511058,0.025076171,-0.052906606,-0.05039235,0.008975896,0.11708808,0.07106288,0.0027407838,-0.039364755,-0.0206201,-0.04589798,-0.015356971,0.023086438,-0.040470455,-0.012577629,-0.00057243684,1.000002,-0.023412649,0.011316163,-0.004100152,-0.016344696,-0.020329533,-0.0017073423,0.008771354,0.049025018,-0.024015034,-0.040915042,-0.04134374,0.024270482,-0.033340763,0.03779192,-0.077306606,-0.033151127,0.046191007,0.009738439,0.0065230704,-0.013992099,0.06411755,0.08660872,-0.022501662,0.046724938,0.054593567,0.00977262,-0.01483013,-0.0042781993,0.006325849,-0.031175911,0.03313369,-0.04409591,0.025580991,-0.026636895,0.051045854,0.05509805,0.0063651614,-0.052169565,-0.018163659,-0.016919397,-0.029325204,0.042184982,-0.0075437976,0.07350883,-0.06970893,0.02345344,-0.0091623105,0.033113103,-0.01734083,-0.008955465,0.0041632415,0.03410167,-0.04002076,-0.026636861,-0.05885681,-0.0035118996,-0.016212061,0.07544127,0.0024610416,0.06831687,0.081065774,0.0062031467,0.027539449,0.06655998,-0.03830687,-0.08425924,0.051500514,-0.024969641,-0.09223556,-0.0942151,0.05160895,0.026990896,-0.024969717,0.052177038,0.024590252,0.07572182,0.022723591,-0.031844247,0.034005597,0.05421104,0.06937492,0.078030534,-0.10990066,0.07830671,0.07505571,0.04147727,-0.052265838,-0.050143097,-0.01990054,-0.053023454,0.08129074,-0.009896793,-0.055581152,-0.05244528,-0.015779875,0.008134466,-0.08586787,0.032225907,0.02521126,-0.049125705,0.05244537,-0.009052665,-0.025981141,-0.029845739,-0.045837708,0.084137015,-0.02821835,0.07136119,0.013306043,0.031296737,-0.022501664,0.062483776,-0.07176027,0.06656004,0.0024899365,-0.085920446,-0.03605243,0.055040173,-0.020983364,-0.037315924,-0.016122079,-0.022265218,-0.016412454,0.05345138,0.13793452,-0.0078115365,-0.03368313,-0.13099073,-0.05810239,-0.040552944,-0.022265175,-0.081409305,0.06237719,-0.0281911,0.09421187
3:72891547:A:C,0.052629434,0.08810725,-0.02569933,-0.048006218,0.0029309546,0.045855243,0.005563185,-0.035481192,0.03180697,0.034153905,-0.022200162,0.0020731674,-0.0018839549,0.039702725,0.01055191,-0.03770381,-0.023044331,0.028906345,-0.014653009,-0.00929496,0.050365057,0.010805348,-0.022683034,-0.07187879,0.019675741,0.018365279,-0.026283078,-0.025699332,-0.007237256,-0.0077226697,-0.040854484,-0.01581197,-0.009883901,-0.0157021,0.023286816,-0.0063767307,0.015161807,-0.023412649,0.9999963,0.013061538,0.07968314,-0.06219669,-0.06369377,-0.08649558,0.026931439,0.023374163,-0.04396948,-0.009520003,0.030339444,0.004876157,-0.038483236,0.014169337,0.000649726,-0.026090454,-0.018325686,-0.07922327,0.0075293053,-0.03432395,0.0212946,-0.06798033,-0.025972204,0.014026249,-0.009450656,-0.013496597,-0.085632645,-0.004938194,-0.00039800018,-0.035984658,0.038244348,-0.050897058,-0.064472854,0.09054858,0.02565741,-0.027023718,-0.03188341,0.0019145659,0.022431927,-0.01952896,-0.010620878,0.088809706,0.0016468083,-0.026093736,0.029081924,0.049430247,0.008287957,0.03033822,0.097324155,0.037805732,0.012627971,0.016682424,0.014600145,0.09054838,0.001413114,-0.049363796,0.0050561796,0.02649656,0.0028405117,-0.08259894,-0.03787656,0.06619999,0.007887393,-0.026776103,-0.031797543,0.019720916,-0.018665528,-0.028820919,0.08160643,0.039872386,-0.06166411,0.090997905,-0.028820904,0.02990127,-0.033021823,-0.0208816,0.049014654,0.021149117,0.03925065,0.0140765095,0.053801503,0.035745807,-0.026709013,0.008629099,-0.047613323,-0.034312923,0.012893109,-0.017611306,-0.0719272,0.033519737,-0.03935197,0.0049469057,0.05498426,-0.027793838,0.036739677,-0.055527568,0.04794805,-0.03235694,0.13704532,0.040943254,0.01142355,-0.061675023,-0.029988443,-0.034449376,-0.012768092,-0.0745092,-0.03257074,-0.023791358,-0.012733496,-0.029890047,-0.025972228,0.03880893,-0.09226904,-0.026776122,-0.05066825,-0.008680369,-0.03219741,0.02445476,-0.05386105,0.098183624,0.0453929,0.11793168,0.012043972,-0.006471062,0.0020530568,-0.057782684,0.07037183,-0.029901128,0.048857722,0.045523036,0.04611618,-0.024099141,-0.015999623,-0.032539483,-0.004643701
18:704826:G:A,-0.041219205,0.018728195,-0.0009293586,-0.00919554,0.06553589,0.0043733334,-0.06416694,-0.05567927,-0.07640829,0.008683634,-0.013050626,0.018384997,-0.038323823,0.020010537,0.027789215,-0.012244377,-0.03364543,0.037123717,-0.012036352,0.010567364,-0.06500079,0.10247661,0.028238922,0.015044491,-0.044652678,-0.028519895,-0.019201705,-0.00092893484,0.051835265,0.011795204,-0.015126441,-0.053156756,-0.0065932022,0.03081399,0.010721912,-0.019315995,0.027674094,0.011316163,0.013061538,1.0000011,-0.051696017,-0.053711887,0.069075026,-0.044472676,-0.020203102,0.0821381,-0.07300027,-0.0017071206,0.0012981561,0.041517075,0.027168224,0.073815435,-0.15524888,0.15382941,-0.0038685538,0.050624076,-0.02530169,0.016590087,-0.054977052,-0.0021103974,-0.068399794,0.012211532,-0.015908318,-0.081603706,0.007990487,-0.025030356,-0.09885628,0.0027632,0.02546389,-0.04390388,-0.024173545,-0.024598991,-0.07670823,-0.0430922,0.030287907,0.07241756,-0.10765178,-0.007952294,0.015208652,0.044331957,0.010753095,-0.03434663,0.011320211,-0.022228967,0.13871852,0.0090745315,0.045448042,0.06973206,0.016291011,-0.012279399,-0.0029881173,-0.024598919,0.022522205,0.017401624,-0.04928101,-0.064289816,0.0074809683,-0.09247186,-0.030276738,0.009709998,-0.060681827,-0.070516706,-0.0067922683,-0.07853855,0.011344959,-0.01601394,0.057841457,0.008065551,-0.02081727,0.022448817,0.01393022,0.031771667,-0.010864709,0.02888062,0.016126744,-0.00068790675,0.018996364,-0.08313399,-0.05775231,-0.027880255,0.08479781,0.020422906,0.10337227,0.036956206,0.030713871,-0.0064586573,-0.030156098,-0.014440491,-0.0004768938,-0.037692685,-0.034485992,-0.02247633,-0.07350698,0.0096418,-0.09395095,-0.034931142,-0.0036304211,-0.013188589,0.0072601223,0.0058120694,0.07680889,0.025987623,-0.046062145,-0.023409083,-0.03234564,-0.011823754,-0.016127104,0.0184354,-0.010575991,0.08156331,-0.0733424,-0.03841731,-0.0048728907,-0.029869968,0.04356858,-0.0469775,0.04182911,-0.03957808,-0.004390615,-0.03430518,0.0077160266,-0.0355223,0.033231094,-0.035077266,-0.006482641,-0.11632815,0.07316332,-0.010144006,-0.034305032,0.012297428,-0.096665256,-0.04378501,0.043980014
20:62377158:C:G,0.05621388,-0.022274287,-0.052668206,0.06823938,-0.018330308,-0.07749387,-0.04156976,-0.007835774,-0.0057847775,-0.015519242,-0.05046202,-0.0035228922,-0.04398398,0.021280993,-0.05685553,0.0012487305,-0.034217384,-0.08148227,0.023194231,0.00904972,-0.024116667,0.011016808,-0.008012242,-0.022418218,0.09833268,0.08834525,0.015785417,-0.052668106,-0.010956148,-0.008800476,-0.00111803,-0.060101643,-0.0757728,-0.02823478,-0.073996775,-0.025202183,0.025176885,-0.004100152,0.07968314,-0.051696017,0.99999714,-0.06288196,0.0013767744,0.11192124,-0.06379632,-0.07585224,0.0521847,-0.03356016,-0.03235376,-0.033115514,-0.0015875514,0.02903852,0.10484882,-0.04439709,0.060324065,-0.035953216,0.015430188,0.017690387,0.05149759,0.010873807,-0.01845674,-0.036679845,0.15344195,3.6703655e-05,0.045764375,0.033265084,0.010660392,-0.04442282,0.005973647,-0.03926637,0.007973128,0.038681652,0.018498437,0.045917176,-0.07703578,-0.036590617,-0.018710136,0.012266616,-0.013111444,0.010096957,0.011091402,-0.012137916,0.009363214,0.042981878,0.02049977,-0.031811472,-0.045391727,0.07747903,-0.038245894,0.025738087,-0.006323056,0.0047848173,-0.08108451,0.017017609,0.014790437,0.047852237,-0.038544517,0.08138949,0.057788502,0.069671914,-0.028362958,-0.016270619,-0.04203019,-0.046759054,-0.07026836,0.048970614,0.078884915,0.12251903,-0.018652486,0.0686251,0.048970453,-0.029112196,0.0066867,-0.022620572,-0.03539642,-0.024468817,0.055072073,-0.088610016,0.09068024,0.017594853,-0.08344071,0.048147995,-0.0025358733,-0.009071708,-0.0125528695,-0.02408947,0.02589458,0.051047526,-0.040327195,0.004038338,-0.07440018,0.02233795,-0.015387991,-0.02611257,0.006935827,0.045994077,0.07170414,-0.021937286,0.09660951,-0.004234911,0.09467071,0.041690312,0.08226943,-0.05277745,0.02963833,0.044740025,0.05764423,0.027911168,0.016314028,0.017471304,-0.037828956,-0.054874696,-0.053962156,-0.01357454,0.07786363,0.020997746,-0.04411325,0.08936929,0.006578327,-0.052668136,-0.021503562,0.040713288,0.037670024,-0.00484985,0.06280259,-0.0047843386,-0.013747542,-0.025555793,0.027610863,0.041728627,-0.044712935,-0.079287164,-0.055991516
17:8136816:A:G,-0.019259416,-0.0070865117,0.002662485,0.026355604,-0.051313132,0.07368492,0.01003726,0.029346587,-0.011101434,-0.015034759,0.05815836,0.005436731,-0.037562903,0.06211759,0.021063149,0.0072647706,-0.008742079,-0.022557981,0.01108003,-0.019469846,0.002044364,-0.055857148,-0.04002769,0.08051409,0.006291888,0.0148115875,-0.046299614,-0.05914859,0.0078781415,-0.03496586,0.07340973,-0.03449635,0.0076482766,-0.085279115,-0.11807394,-0.01737532,-0.06991398,-0.016344696,-0.06219669,-0.053711887,-0.06288196,0.9999994,-0.011995811,0.0014901493,0.05480486,0.005519096,-0.03986475,-0.01133375,0.039470013,0.03748066,0.10536016,-0.01320334,-0.0011091847,-0.076658174,-0.011423301,-0.046223167,0.08744306,0.04034348,0.019302243,0.016144319,-0.07167566,0.027804667,0.0028270269,0.04602285,0.04199706,0.01288373,0.07821439,0.057664085,-0.036481343,-0.06891815,0.0044321986,0.10903156,0.015367005,0.041797604,-0.06397709,-0.010843912,0.103643686,-0.000213461,0.012577021,-0.13117188,0.026895065,0.06976115,-0.05834689,-0.0022701048,-0.059337534,-0.02374714,-0.045617566,0.04711081,0.009414198,-0.06860157,0.04693622,-0.030163553,0.055534024,0.016669208,0.015576942,-0.027850276,0.033865396,0.010273029,0.007867778,0.038310654,0.040704206,-0.048416134,0.064255126,0.008397929,-0.06068825,0.007607184,0.02256377,-0.093646735,0.0038617009,0.026409341,0.026092378,-0.04756296,-0.033036184,0.02373709,-0.07517158,-0.08380505,-0.018172724,0.08588705,0.07776175,0.019240465,-0.033084918,0.06117996,-0.009617182,0.031064264,-0.019008182,0.03237375,-0.097500816,-0.001963059,0.0058016772,-0.07983325,-0.03892755,-0.08922629,0.11318801,-0.047921635,-0.009655405,0.075411,0.016598903,-0.003675904,0.056350153,0.0047567114,-0.02093553,-0.0024350428,0.027553575,0.013019302,0.03498418,0.06276322,-0.076589346,-0.12014,0.017563881,-0.00030403017,0.03995546,0.03084598,-0.0041380078,-0.11142255,0.06576763,-0.0034054813,-0.005286022,-0.11669279,0.039799366,-0.038544912,0.06901035,0.04942701,0.021615563,-0.05386355,-0.03166903,-0.0046352367,-0.047725677,-0.007392065,0.0026625132,-0.009474149,-0.018360997,0.036789156,0.07331301
16:70352401:A:C,0.046806727,0.031471323,-0.049094994,-0.046204723,0.016561568,-0.004008234,-0.04515089,0.12455435,-0.01799099,-0.017615505,0.008975419,0.046244845,-0.010354754,-0.052087046,0.013800008,0.0059263515,0.021279467,0.063884094,0.0661076,-0.027353315,-0.07989486,0.08012163,0.055751786,0.04264193,-0.029713253,0.031554595,0.043983337,0.027418865,0.013107934,0.026041709,0.06036927,0.011480228,-0.049771093,0.074688196,0.08957892,-0.08906276,0.0070965616,-0.020329533,-0.06369377,0.069075026,0.0013767744,-0.011995811,1.0,-0.034089882,-0.050569344,0.03197341,0.055399626,0.085536234,-0.0071304706,0.08731083,0.020598132,0.00989777,-0.009882362,0.0057502524,-0.002427897,0.043895677,-0.0032909566,-0.00076027523,-0.028460136,0.03843137,0.030471584,0.03921959,0.006308501,0.021805497,-0.03712776,-0.04343325,-0.12971084,-0.018669382,-0.06581792,-0.021464838,0.050008293,-0.008927848,0.013773619,0.032854576,-0.030861601,-0.072973035,-0.06374721,0.03537135,0.006863215,0.08598403,-0.04710935,0.045443088,-0.031127237,-0.03473834,0.023174355,-0.0012020956,-0.020421786,-0.03427984,0.012965404,0.07851718,-0.038102906,-0.057388626,0.009446786,-0.053001314,-0.020553548,-0.02954984,0.02586423,0.008169493,-0.018719684,0.085579306,-0.004100473,-0.00669309,-0.011204937,-0.012454681,-0.01862103,0.0007165195,0.0917688,-0.06721724,-0.016483821,0.050141484,-0.05076812,-0.04123507,-0.0023411203,-0.040051624,0.12485859,-0.09206713,-0.034824558,-0.034968108,-0.09044792,-0.034359127,0.0065184925,-0.06630812,0.027596207,-0.054604672,-0.0010635101,0.006157882,-0.000993721,0.018341191,-0.0058798995,-0.012448259,0.02281071,0.039875828,0.030479942,-0.010089232,0.06374361,-0.043493208,-0.042355943,-0.04578429,0.03424996,0.049488697,0.054315742,0.022261145,-0.024985606,-0.031899,-0.032875236,0.022526832,0.017077258,-0.014437109,0.030471567,-0.09158625,-0.002869606,0.048497286,0.011907971,-0.06140798,-0.011906613,-0.10174404,0.025971657,0.03944738,0.067799084,0.027418787,-0.07711449,-0.0046203495,0.0058491607,-0.02653348,-0.03175414,-0.039532818,0.01031255,0.07583638,0.027418848,0.0324833,-0.029831126,0.007294167,0.021699203
7:128576086:T:C,0.006247151,0.00485027,0.02004831,-0.011550987,0.028727602,-0.065714285,-0.05407977,-0.055000473,0.010256174,-0.06111593,-0.036013585,-0.029915318,-0.008756721,0.0026848891,-0.028234266,0.029413272,0.024490103,-0.13249852,0.027903242,0.0085299965,-0.030017827,0.013854303,-0.014699604,-0.14158724,-0.0021483165,-0.03496196,0.017333686,-0.016489133,0.0038818237,-0.048979588,-0.070799984,0.038806975,-0.01729087,-0.061725445,0.03881525,-0.020980775,-0.0067296694,-0.0017073423,-0.08649558,-0.044472676,0.11192124,0.0014901493,-0.034089882,1.0000001,0.122075625,0.036964007,-0.07097333,-0.078259274,0.017370157,0.04406873,0.13553834,0.035895295,-0.018521128,-0.071726285,0.07423428,-0.081641816,-0.013284389,0.03294059,0.030230723,-0.0358321,0.020261327,0.017210785,0.07471779,-0.009639952,0.08539417,0.084152974,0.048362404,0.0013798291,0.004766157,-0.0589695,-0.021440161,-0.0068703755,0.053879958,-0.009654709,0.043767054,-0.008342501,0.020770974,0.03903334,0.027981108,0.006918501,-0.004796663,-0.038402833,-0.08384909,0.042585008,-0.057011,-0.04746132,0.008450392,0.0031651238,-0.021260077,0.013908779,-0.0035543246,0.039412174,-0.0431469,-0.019890146,0.05813191,0.035102088,-0.0008697992,-0.02592002,0.1268452,-0.018601837,-0.041820705,0.038458243,0.0003767479,0.007627607,0.01403127,-0.026687028,-0.0026465945,-0.035349775,0.030391714,-0.023433669,0.03887369,-0.08400818,-0.0065213633,0.031899005,0.03286526,0.032882497,0.015562309,-0.009336309,0.08724634,0.09141178,-0.058593143,-0.003202486,-0.051191006,0.026767995,-0.018927641,0.020567475,-0.0003466182,0.12806295,0.0030309318,-0.036063667,-0.05299614,0.038894836,-0.028927384,-0.07833351,0.032426666,-0.011717324,0.03441449,-0.04247838,0.006913032,0.043596044,-0.0050292667,0.06520418,-0.054708406,0.09123283,-0.003837554,-0.038723897,-0.026273508,0.0045654965,0.004436109,0.07254328,0.020425767,0.020888248,0.039980754,-0.037733287,0.031504814,-0.055126518,0.043022834,0.039888974,-0.005834283,-0.016489154,0.03448515,-0.031656027,-0.012262556,-0.04134697,-0.07095536,-0.008557083,0.023364918,0.015163094,-0.016489118,-0.0146725485,-0.040700465,-0.06522836,0.010929682
22:50971266:T:C,-0.0051935585,0.005950778,0.013624019,-0.024630906,-0.09675998,-0.043236647,-0.026840387,-0.03353238,0.043190382,-0.08479013,0.04311484,0.05531556,0.004859746,-0.06226567,0.010422024,0.02975855,0.036930636,-0.027873734,-0.035414007,0.03732853,-0.014305673,0.017441781,0.04067056,-0.13942797,-0.059757117,-0.02713138,-0.056400124,-0.086272165,0.11073575,-0.018230641,0.070024684,0.00068519503,-0.027653478,0.016407799,0.0245114,0.02509748,-0.0030979184,0.008771354,0.026931439,-0.020203102,-0.06379632,0.05480486,-0.050569344,0.122075625,1.0000014,-0.025018975,-0.07768157,-0.0011887358,-0.029898008,0.015510391,0.06314068,0.0016831952,-0.014488571,0.0131163355,-0.007484497,-0.016794886,-0.0003893878,0.00443274,-0.0032069613,0.030950867,0.03396024,-0.005906257,-0.008608942,0.05486911,-0.12142346,0.010775973,-0.10101161,-0.047820523,-0.02658103,0.03417633,-0.05081159,0.06550927,0.070091546,-0.0066826837,-0.0316527,-0.02929494,0.02862033,-0.06555844,-0.014114237,-0.0028402032,0.043936048,0.028895795,-0.0042690225,0.07719195,0.014877776,0.022608878,-0.009302148,-0.011485062,-0.010418305,0.03497125,0.04044314,-0.035723183,0.094133735,0.0746299,-0.011239983,-0.0057534357,0.008063319,-0.0037902063,-0.1432122,-0.011004472,-0.054196198,0.006188497,-0.031662058,0.11046119,0.029186714,-0.025051892,0.05253366,0.020982483,-0.04753494,-0.046205726,-0.025051918,-0.01885117,0.06111485,0.018266307,0.036068674,0.026197694,0.030750582,-0.013008853,-0.06303852,0.027309906,-0.0027949237,-0.11962982,0.026403068,0.006757921,-0.04013841,-0.003857268,-0.007193626,-0.012206591,4.6010467e-05,-0.048367597,0.0014968114,-0.021041987,0.014424136,-0.048848018,0.043677807,0.004898363,0.023212506,-0.08317061,-0.038163606,0.025918558,0.05475384,0.010111675,-0.067056924,0.006110661,0.018599331,-0.02795916,0.022901947,0.021176608,-0.10449514,-0.00069983216,0.009283998,0.0061887344,-0.07376713,0.025825819,-0.08363671,-0.017626496,0.016000656,0.020459274,-0.049115375,-0.006355204,0.009683434,0.03264066,-0.006432096,0.002292545,-0.12443469,-0.03176488,-0.043947715,-0.028699588,0.013624021,-0.005419555,0.01335338,-0.05404097,0.07105348
7:159086389:A:G,-0.0051379106,-0.11634558,0.03275691,0.04690197,-0.026609242,0.0041194307,0.052445285,-0.013980806,0.024610031,-0.06703118,0.006699452,0.021139933,-0.024259554,0.016575832,0.018456733,0.07380162,-0.0036124059,0.01467611,-0.03227787,-0.05018406,-0.05937177,0.039978925,-0.03436959,0.06502471,0.035148636,0.008994051,0.10145412,0.032756872,0.0062597496,-0.019029405,-0.018415293,0.054358743,0.019815188,0.038725957,0.010416187,0.013631041,-0.08362973,0.049025018,0.023374163,0.0821381,-0.07585224,0.005519096,0.03197341,0.036964007,-0.025018975,1.0000014,-0.02343248,-0.03654018,-0.01308173,-0.08291392,-0.04103677,-0.02261786,-0.0041555245,-0.06381336,0.06556375,0.023432817,-0.035696376,0.023027759,0.043094195,-0.058069985,-0.02769571,0.05830424,-0.041543446,0.040005762,-0.0067340015,0.03727247,-0.025391513,0.0042050756,-0.017886473,-0.0014697599,0.019017858,0.013256857,0.039492197,0.0012325217,0.07565773,-0.0048440555,-0.06393703,0.03060664,0.00691633,0.071981914,-0.09401943,0.008307377,-0.030342638,0.034603454,0.0033400182,-0.08309418,-0.047023773,0.09786886,0.016141742,0.022143237,-0.07287646,-0.008970427,-0.027146937,-0.04742008,-0.058035284,0.036712956,-0.026894202,-0.020077288,-0.051347356,0.058433842,0.08007047,0.06366217,-0.03876194,-0.0152283795,-0.047522612,0.0013144914,0.044494074,-0.029671285,0.0016579606,0.066926286,0.048542947,0.07993854,0.04634131,0.052191585,0.039780058,0.08575797,0.01927966,-0.008857516,0.10368458,0.013278978,-0.042624477,0.01454585,0.099831335,0.03369518,-0.009618474,0.009329858,0.0021641257,0.08765253,-0.031125786,-0.0028388596,0.002343908,0.009160645,-0.06492387,0.044935532,0.013144129,-0.064689115,0.02515306,-0.07966046,-0.03315996,-0.08693814,-0.023202986,0.0040256553,0.022812832,-0.027073372,0.023958368,-0.05299275,-0.071627095,-0.042616744,-0.09609631,0.019175053,-0.009878153,-0.0122794295,-0.066458315,0.039347257,0.026468633,0.00428216,-0.022360727,0.035701584,-0.049583532,0.0064362963,0.011842498,-0.0251323,-0.038638785,0.022811988,0.009959275,-0.035483997,0.042094257,-0.016733268,0.032756966,0.07026523,-0.04691138,-0.022422628,0.0924492
22:17450515:G:A,0.039319728,0.029162195,-0.049541514,-0.015439294,-0.01861122,0.0614509,-0.016780669,0.007318576,0.04667767,0.042323127,0.0014109656,0.022698112,0.011815784,-0.015773822,-0.006097122,0.021786202,0.06983676,0.019040294,0.010174494,-0.011156793,0.08483418,-0.046109766,0.032651227,-0.04937674,0.009015061,-0.0026370147,0.0011359021,0.008410556,0.08583184,0.0747219,-0.027532505,-0.0071548927,0.0069611096,-0.09956743,0.113929935,0.001575947,0.009366555,-0.024015034,-0.04396948,-0.07300027,0.0521847,-0.03986475,0.055399626,-0.07097333,-0.07768157,-0.02343248,0.99999905,-0.009900446,0.018242009,0.019772705,-0.086582586,-0.043982692,-0.04123933,0.016288469,-0.05031533,-0.05335946,-0.03119668,-0.014023994,-0.057256956,0.01652542,0.0336003,-0.05597035,-0.020817367,0.016191091,-0.04426046,-0.0025597797,0.002684489,-0.048200306,-0.065653875,0.027090827,-0.010505946,-0.018486079,0.07779268,0.037281983,-0.033322956,-0.011628853,-0.015901579,0.025264686,-0.035052545,0.037211258,-0.07109603,-0.005156858,0.040951516,-0.06509314,0.015131431,-0.041873388,-0.04594896,0.0016562825,0.03556556,0.08299569,-0.04816729,-0.0511121,-0.12862864,0.047030922,0.053435747,0.06194181,-0.044344157,0.0144857755,0.07118557,0.021742925,-0.01265283,0.03198594,-0.0635241,-0.03330415,-0.05769278,-0.012231654,-0.030372767,-0.02132474,-0.019369522,0.07500399,0.039761413,0.014140197,0.013422076,0.051980127,0.022981018,0.019260596,-0.04031397,-0.051133182,-0.0541218,-0.023630895,-0.015571404,-0.032678682,-0.024379712,-0.058777362,0.0060971156,0.049809415,0.07862897,-0.028805088,-0.05869452,0.033021078,0.04113897,-0.0022060897,-0.0129388,0.011551389,-0.026240267,0.014538928,0.044482827,0.08051964,0.055046882,0.061154198,-0.027754713,0.034916677,-0.04800686,0.016978765,-0.024131529,-0.06316966,0.00064095116,-0.0036094575,0.00013317485,-0.053620618,0.042216823,-0.02374951,-0.02326381,0.03701999,0.03755288,-0.06567121,0.05828945,0.047579605,0.013621848,-0.010906716,-0.005261365,-0.066718414,0.0019449329,0.09411681,-0.0014799851,0.06742513,-0.10802164,-0.0055658487,-0.030224191,0.07256675,0.0043036737,0.003978534,-0.009968393
20:62324404:C:T,-0.0031815758,-0.013906504,-0.04491134,0.04205535,-0.03447739,0.08247933,-0.0014853907,0.05753352,0.030677909,-0.0030645963,0.05102484,-0.11353803,0.0020841104,-0.008034133,-0.07620713,-0.036663733,0.04035369,0.053135157,-0.011343129,-0.06958428,0.0045983284,0.058644943,-0.074010044,0.012047158,0.0760269,0.040088616,0.015581646,-8.886058e-05,-0.038613036,0.04064204,0.024398183,0.0744302,-0.07404595,0.009563773,-0.02532352,0.0010505054,-0.0051044305,-0.040915042,-0.009520003,-0.0017071206,-0.03356016,-0.01133375,0.085536234,-0.078259274,-0.0011887358,-0.03654018,-0.009900446,0.99999875,-0.010315311,-0.014584547,-0.009721886,-0.058566723,0.011334968,-0.0395163,-0.037987176,0.04787418,-0.011085262,-0.003269792,0.039845716,0.06568533,0.03226585,0.042444482,-0.009279287,-0.017400585,-0.050819952,0.017208448,-0.0026176495,-0.030140778,-0.02210121,-0.016316466,0.063333504,0.02197352,-0.075569026,0.02818572,0.014798013,-0.008287527,-0.036637988,0.02426113,0.049091715,-0.010055388,-0.02297178,0.043880887,-0.031220268,-0.04200372,-0.06322043,0.07466423,-0.029119344,0.015989268,0.035738524,0.029153675,-0.038229868,0.021973478,0.017618386,-0.08249594,-0.023800509,-0.04011914,0.014872376,0.01912072,0.012952069,0.051817745,-0.010082861,-0.0036851328,-0.018366592,-0.0005806006,0.060981754,-0.05036642,-0.03090482,0.09701855,-0.05188612,-0.0031823355,0.030060155,-0.015878038,0.030438835,0.022079704,-0.016737606,0.059676245,0.040266003,-0.03391857,0.028428135,-0.059582982,0.070636466,0.0039470517,-0.029583532,-0.025766987,-0.003582159,-0.10114395,0.06985898,-0.008423213,0.060069647,0.057687733,0.00048572765,0.037253357,0.042646334,-0.009927753,-0.034507893,-0.029534781,-0.027296942,-0.0060139745,0.003615625,0.050799,0.08706775,0.002492804,-0.04736538,-0.020416874,-0.021041634,-0.017483348,0.015151213,0.005447012,0.07109285,-0.048608925,-0.045756564,-0.046792794,0.015047774,-0.07447249,-0.009253249,-0.08603113,-0.07439215,-0.017965423,0.007425226,-8.902087e-05,0.024915729,0.03761823,0.009193113,-0.03706222,0.03509486,0.053729434,-0.014593095,0.0020205278,-8.896477e-05,-0.0050497637,-0.049929257,0.036002137,-0.067560434
20:62194238:C:T,0.013840903,0.13765766,-0.04538194,-0.06403235,0.018838877,-0.016911209,0.07491896,0.019836579,-0.009459059,0.049015276,0.021633433,-0.054731242,-0.079386175,0.059425198,-0.039423965,0.024178328,-0.008363171,0.0049584284,0.07994067,0.07777522,-0.052358057,0.052522317,0.008863396,-0.0952639,-0.061044022,-0.05307391,-0.0017678394,0.001014715,0.023057101,0.012352031,-0.0023655486,0.048912685,-0.08905526,0.014224037,-0.003096847,-0.022480749,-0.033877272,-0.04134374,0.030339444,0.0012981561,-0.03235376,0.039470013,-0.0071304706,0.017370157,-0.029898008,-0.01308173,0.018242009,-0.010315311,1.0000004,0.016582893,0.021369617,0.007262823,-0.0023718206,0.040966995,-0.02001855,-0.019113572,0.047800932,-0.06843935,0.009451558,-0.0100953365,-0.0458641,-0.008918277,-0.025427727,0.059403036,-0.0017013021,0.071517624,0.079549395,0.004245263,-0.04126274,-0.039757643,0.0076062293,0.024069516,-0.03133634,-0.047720846,-0.06711614,-0.005985113,0.0022295495,-0.03448604,-0.03876341,-0.0021383592,-0.03276885,-0.06960217,0.007078105,-0.012865873,-0.011363218,-0.004818994,-0.022204775,-0.057650194,0.017582728,-0.04868439,-0.036012303,0.06325051,-0.043800514,-0.026673358,0.07137596,0.08779187,0.018690912,0.014078174,0.10229063,-0.10687139,-0.008718052,-0.04728321,0.016587444,-0.04377131,-0.008066024,0.07398306,-0.0073307296,-0.0030342026,0.06060791,0.036235437,0.032357194,0.06325051,0.010450144,-0.053197585,-0.015511158,0.090076834,0.010668031,0.052010864,-0.069078445,0.011651385,0.011892882,-0.03533956,0.024622295,-0.025194058,-0.08085126,0.06948764,-0.057431217,-0.00608307,-0.00639326,0.02001691,0.0054650684,-0.064592265,0.052029386,0.0081920745,0.06566852,-0.04315854,-0.023930036,-0.0118119465,0.054016087,0.05700475,-0.016862767,-0.02838451,-0.057123356,0.052297775,0.053898096,-0.02538609,-0.05152418,0.023274459,-0.045864116,0.036966886,-0.052335385,-0.002661218,0.13998078,-0.058201358,-0.028468637,0.00010049853,0.004467002,0.03345092,0.049836125,-0.045382008,0.016596844,-0.009959135,0.04037052,-0.0033196497,0.008201103,0.015111622,0.07084465,0.009530335,0.14020437,0.012361323,-0.031009844,-0.0021138215,-0.021874258
3:169614795:C:T,0.08062804,0.024601644,0.07064968,0.08454591,0.04737265,0.027087444,-0.002939654,-0.067694284,-0.020745449,-0.048130013,-0.05442473,0.05110704,0.06309951,0.0038157103,0.03767677,0.085716344,-0.035303738,-0.0039302288,0.021317262,-0.01423995,0.0073550753,0.016553639,0.031159995,0.00582869,-0.020964537,-0.069973506,0.024816494,0.015639136,0.05264836,-0.04071961,-0.06258887,0.032713406,-0.027155526,0.04082367,-0.011986499,0.040117703,-0.0010120624,0.024270482,0.004876157,0.041517075,-0.033115514,0.03748066,0.08731083,0.04406873,0.015510391,-0.08291392,0.019772705,-0.014584547,0.016582893,1.0000002,0.011650897,0.00666765,-0.036558095,-0.00266966,-0.052464608,0.040318675,-0.025657393,-0.066504955,-0.0965854,0.1359967,0.05551603,-0.088554375,-0.014478321,-0.045981742,-0.014561059,-0.08684427,-0.035996564,-0.014940498,-0.04063796,-0.048261292,0.069236055,-0.0006469528,-0.03712878,0.051152445,0.023275336,0.002933124,0.03436549,-0.02991838,0.00745173,0.059230354,0.0025228497,0.0776897,0.096189916,-0.027035497,0.027146706,0.02232674,-0.030663421,-0.065005526,0.019345962,-0.03234971,0.022367524,-0.0006469362,-0.024395267,0.06320491,-0.02866759,0.00081713725,0.0043516518,-0.05783407,0.0012010143,-0.034255624,0.012083528,-0.041020837,0.008358481,-0.017576357,0.0073034945,-0.044153497,-0.01277591,-0.034782737,0.034112267,0.060825046,0.10390815,-0.047101833,-0.02707126,0.023305766,0.07509007,-0.043637116,0.060131684,0.033947688,0.001920533,-0.0076518035,-0.0055135703,-0.02093897,0.05045494,-0.052567266,-0.044346508,-0.01464301,-0.06019065,0.002981125,-0.047534965,-0.0927389,0.097272635,0.0075786454,-0.0038496302,0.01438393,-0.03919137,-0.061410002,0.011506917,0.076324426,0.017500652,0.062470697,-0.04594218,0.024169734,-0.06568104,0.00088203145,-0.0058652237,-0.006878128,0.009183454,0.055341583,0.007863189,-0.042612627,0.046668198,0.064791985,0.004402989,-0.013298428,-0.10702617,-0.04634274,0.02344216,0.0016403329,-0.077533744,-0.039371304,-0.06462657,0.04230191,-0.031249212,0.11692839,-0.0037710723,0.047101494,0.026415713,-0.020272883,-0.03937128,0.04335692,0.024511332,-0.015312162,0.0797401
3:169553070:C:A,-0.14357388,-0.019474968,-0.036597222,0.075089954,0.0051227626,-0.08563237,-0.005015685,-0.06823794,-0.04880532,-0.008055324,-0.06685518,-0.055391684,-0.03116028,0.05023017,0.023596179,-0.05369236,-0.033703975,-0.02606194,0.077932455,0.013610158,-0.058048606,-0.063590504,-0.08218999,-0.03417362,-0.011569752,0.0855937,-0.004587493,-0.036597233,-0.0050162924,-0.038809605,0.05457493,-0.014956123,0.07526034,0.0024087862,-0.00481291,-0.028126432,-0.044395126,-0.033340763,-0.038483236,0.027168224,-0.0015875514,0.10536016,0.020598132,0.13553834,0.06314068,-0.04103677,-0.086582586,-0.009721886,0.021369617,0.011650897,0.9999986,-0.027753416,-0.032319944,0.02352287,0.11478931,0.016007127,0.02183423,-0.0119073335,0.0700023,-0.03189114,0.057932198,0.018350659,-0.029674435,0.036225103,0.0011777321,-0.038615033,0.040941965,-0.011219642,0.014931686,-0.013296172,0.0038016357,0.048750043,-0.015058573,0.099781975,-0.03981714,0.032745667,0.0363584,-0.02781035,-0.0033114762,0.047915686,0.012877327,-0.025006184,-0.0040129754,0.045373753,-0.0035476477,0.0327802,0.035948925,-0.068586886,0.06890712,-0.045449514,-0.024968797,0.0024835493,0.040809136,-0.028816786,-0.0012617186,-0.06350281,-0.008066069,0.024704766,0.0105543705,-0.052861013,-0.056836832,-0.03813055,0.092398494,-0.0718648,0.101336144,0.008110937,0.008085904,0.019384965,0.033605754,-0.028681127,-0.04104255,-0.043782927,-0.041559644,-0.00495428,0.009538333,-0.064963974,0.021270286,0.0052467305,0.009802895,-0.00020574106,-0.020796558,-0.057263557,0.016858611,0.076536335,0.013040625,0.10188929,0.01957773,-0.06306726,0.01931555,-0.036249634,-0.086164884,0.013705247,-0.009168097,-0.028724857,-0.011499072,-0.03192819,0.021675956,-0.004900748,0.061226953,0.11955453,-8.475598e-05,-0.010740921,0.022646772,0.010639619,0.04132556,0.1231859,-0.06385258,-0.05431572,-0.036985938,0.062042844,0.03473713,-0.038130578,0.09395533,-0.054932997,0.021192485,0.009387378,0.065006375,-0.023619685,-0.0020869405,0.018189711,-0.015156959,0.01765323,-0.02676389,-0.061203595,-0.07018184,-0.0024835288,-0.06012871,-0.04104315,0.018189723,-0.008556707,-0.012205874,0.029337363,-0.014686298
17:41448228:A:G,0.00025747815,0.0319241,-0.028536707,0.015631448,-0.0033156823,-0.006055729,0.06899447,-0.045528557,0.026475605,0.027269742,0.0742332,-0.053056803,0.02357153,0.007132896,-0.02707187,0.038031638,-0.02937062,0.030393174,0.019319357,-0.047082834,0.031245258,0.042731937,0.06849312,-0.000167747,0.060999546,0.027764129,0.052733466,-0.005196979,0.01280846,0.09050043,-0.02919961,-0.0074920654,-0.016496927,-0.013421328,-0.015849754,0.034810323,-0.045727853,0.03779192,0.014169337,0.073815435,0.02903852,-0.01320334,0.00989777,0.035895295,0.0016831952,-0.02261786,-0.043982692,-0.058566723,0.007262823,0.00666765,-0.027753416,0.9999994,-0.013441219,0.03762982,0.014575605,0.028406732,0.016250294,0.0042155115,-0.08827944,0.017304376,0.0014871912,-0.019873971,0.08056933,0.042721372,-0.014677554,-0.047528725,-0.027550265,-0.018643893,-0.015421366,0.031729322,-0.0028545456,0.020062579,-0.012948358,0.0141693,0.02154521,0.041669082,-0.015522689,0.01632051,0.054887824,-0.012753091,-0.06771654,0.046371948,-0.0133496355,-0.008089991,-0.008677992,0.055889092,0.015274149,0.056322064,-0.005468751,0.01483879,0.046507154,0.0003527618,0.04711432,0.048265643,-0.005328964,-0.005267456,0.016052714,-0.04507667,0.011550244,0.015945245,-0.028783897,-0.057790913,-0.054141484,0.037105035,-0.03299572,-0.0058281864,0.06315563,-0.0006368436,0.010833886,0.008893088,0.015111624,-0.058777217,0.03900031,-0.0026586475,0.0013546386,-0.009225072,0.017770818,0.04977959,0.044086676,-0.0147406785,0.093850225,-0.02101432,0.019845737,-0.06036031,0.035846483,-0.0047245957,0.006315914,0.01156698,-0.06759262,-0.06189736,0.017264849,-0.040616084,-0.05403058,0.038116276,0.005447595,-0.034673315,0.021788275,-0.056472044,0.03529571,-0.05405576,0.01209245,0.063767865,0.05539672,0.01545514,0.04323305,0.0028558397,0.03150946,-0.014864478,-0.038948726,0.023245309,-0.078932755,-0.01289697,-0.009859447,0.09758365,-0.0010708226,0.07244825,-0.048568536,-0.026307765,-0.06616386,0.018142816,-0.027329618,0.01727612,-0.03298636,-0.06944495,0.03474509,-0.059482593,0.018860925,0.07419073,-0.0051969523,0.006353695,-0.020799253,0.026146635,-0.11509306
14:65544367:C:A,0.0033167454,0.01414654,0.03947022,0.07435081,0.04221895,0.032656156,0.0062527196,0.02021621,0.0031606152,0.009426737,-0.0077967285,-0.0025573103,0.04380121,0.028870294,-0.010888728,0.013573435,0.027102603,0.017466335,-0.065589964,-0.00022979335,-0.052428816,0.024153706,0.0337515,0.010047313,0.0082167005,0.051142298,-0.071278736,0.00061789464,-0.081102654,0.06502257,-0.053861994,-0.03357761,-0.0040990105,0.01386965,-0.009536424,-0.038114667,-0.050202638,-0.077306606,0.000649726,-0.15524888,0.10484882,-0.0011091847,-0.009882362,-0.018521128,-0.014488571,-0.0041555245,-0.04123933,0.011334968,-0.0023718206,-0.036558095,-0.032319944,-0.013441219,0.9999999,0.003993602,0.022260051,0.08401718,0.03090245,0.04725415,-0.07668599,-0.09811005,0.045498855,-0.0007210824,0.025143368,0.08045187,-0.06356329,0.041646544,-0.08598432,0.08128509,-0.030704271,0.029204315,0.010025969,-0.0047291145,0.006680994,0.00064986723,-0.10686116,0.074276105,-0.027669437,-0.0417078,-0.06816024,0.0100429505,-0.02555844,0.023506781,-0.057024404,0.013058173,-0.10247908,-0.0060359803,-0.10701344,-0.019719565,-0.031996675,0.0023254338,-0.011168068,-0.037539218,-0.04713934,0.0082683815,0.036454972,-0.044856492,0.0113832895,-0.03554064,-0.0019709754,0.045254905,0.0052696527,-0.030494642,-0.01371669,-0.008630962,-0.025656955,0.0006929845,-0.011301185,0.025466323,0.021775557,-0.0611835,-0.016735649,-0.037539173,0.03807446,0.017750977,-0.019532524,0.056078665,0.0522568,-0.009667058,0.051615074,-0.0055941604,0.0102738105,0.077172704,-0.092625275,0.04528909,-0.00345384,-0.013131168,0.062941596,0.007165494,0.01575676,-0.0014966424,0.0058395662,0.042785432,-0.121597,0.051283725,0.03155505,0.10864663,0.049133886,-0.0303328,-0.04278549,0.0190965,-0.05972794,0.06423076,0.035293408,0.083550006,-0.025132937,-0.04583817,0.031715095,0.042583216,0.028670901,-0.041382365,0.005737093,-0.011811604,0.004275907,-0.04657203,0.013226235,-0.02492204,-0.029351477,-0.004377417,-0.0038807578,-0.018808255,0.061925262,-0.016542198,-0.0030183473,0.032755405,0.0127559,0.037539188,-0.06414232,-0.023093352,0.058896575,0.049192183,-0.012983765,0.018670943,-0.040647097
17:1782952:A:G,0.058135387,-0.013418562,0.044651948,0.026109207,0.008612246,-0.06638279,-0.06984056,-0.0022880188,0.045621924,0.0029070035,-0.069313735,0.0001336504,-0.020257797,0.036553927,-0.034178916,-0.06659761,0.04128959,0.052937575,0.0039674756,0.039112486,0.034098193,0.06841628,0.028776515,0.028830217,-0.011279793,-0.00810714,-0.117022745,0.044651948,-0.008850122,0.024733026,0.008362395,-0.069720894,-0.074969314,0.003766344,0.06319043,0.01166271,0.013476192,-0.033151127,-0.026090454,0.15382941,-0.04439709,-0.076658174,0.0057502524,-0.071726285,0.0131163355,-0.06381336,0.016288469,-0.0395163,0.040966995,-0.00266966,0.02352287,0.03762982,0.003993602,0.99999976,0.0172969,0.018954234,-0.06135021,0.012435431,-0.005085119,0.035686947,-0.046804376,0.018659825,0.00032513047,-0.04134491,-0.073757134,0.01136085,-0.04123454,-0.057295732,0.12411013,0.078010194,-0.02688776,0.012682563,-0.036684748,0.046953067,0.02855352,0.033677265,-0.0055495366,-0.05404509,0.057978503,0.050674874,0.043505397,0.00987368,-0.018229064,0.05148758,0.09845437,0.014917394,0.057475705,-0.0053231814,-0.114698686,-0.033047616,0.016230155,0.037124503,0.059342526,0.055739023,-0.047953837,-0.07781579,-0.009200701,-0.016026497,-0.05828512,-0.116607085,0.024396269,-0.046264485,0.0147652095,0.008060413,0.0033294258,0.07604278,-0.029010708,0.033843614,-0.038854554,0.002835868,-0.0018585086,0.012682556,-0.06375069,-0.015602479,0.030343326,0.04830462,-0.056002725,0.011592327,0.0077049094,-0.015646745,0.0034934585,0.04704491,0.107734814,-0.006629139,-0.043011136,-0.05306538,0.056132797,0.03422869,0.004708632,0.04359942,0.11329499,-0.06196267,-0.01939868,0.0953149,-0.021405691,0.04251484,0.043988533,0.079916395,-0.01061127,-0.019832617,0.14216833,0.026117673,0.050943542,-0.10993974,-0.043801855,0.009356454,-0.006557442,-0.022413362,0.028411573,-0.023274438,0.0074433247,0.00940777,-0.05246665,0.0628988,-0.06886463,-0.0024546043,0.05323064,-0.0779233,-0.019255841,-0.07112104,0.0037740148,-0.12734133,0.04428764,0.008459478,0.046024017,-0.061566927,-0.052232783,-0.03820002,-0.013234558,-0.031964503,0.032241017,0.04078763,-0.044534538
15:74336633:T:C,-0.0049741543,0.010074125,0.027992506,0.07162784,-0.11105129,-0.037737656,-0.03024567,-0.013354682,0.071474046,0.00657281,-0.058223262,0.065531716,-0.019135544,0.02648789,0.03586937,-0.02063223,0.0615959,-0.016004652,0.030013364,-0.020346273,0.008378669,-0.0652829,0.007474176,-0.03491552,-0.0058027226,-0.020566616,-0.07645516,-0.047707822,-0.012216561,0.048496787,0.069966346,-0.032399945,0.03749241,0.09261985,0.051700823,-0.051120646,0.023235245,0.046191007,-0.018325686,-0.0038685538,0.060324065,-0.011423301,-0.002427897,0.07423428,-0.007484497,0.06556375,-0.05031533,-0.037987176,-0.02001855,-0.052464608,0.11478931,0.014575605,0.022260051,0.0172969,0.9999978,-0.055948846,-0.049145162,0.059736267,-0.042827353,-0.10416671,-0.0044977185,0.055670045,-0.04113851,0.064322956,-0.016663473,-0.0055305823,-0.0014602876,0.025369894,0.07270221,-0.016115477,-0.012344541,-0.014456791,0.024352994,0.013514848,-0.008829595,-0.06539412,0.022835866,-0.02803547,-0.025157304,0.029425014,-0.025441533,-0.030348869,0.04589423,0.09071358,0.0055540614,-0.024182769,-0.04663886,0.085687995,-0.020901047,0.049562402,-0.05734286,-0.046420414,0.0027248957,0.03227602,0.091787994,-0.01821785,0.027585506,0.049313627,0.087985195,-0.09700063,0.03087725,-0.06184055,-0.022522934,-0.0149043305,0.03158353,-0.036523454,-0.014188257,0.0054913242,0.010807058,-0.009602684,-0.0025654095,0.033488777,-0.026870217,0.007526169,0.06990705,-0.06895956,-0.030792566,-0.04174419,-0.012443609,-0.042275444,-0.0826933,-0.017755795,0.031578988,-0.03481996,-0.026907139,0.11397444,0.05598301,0.05002199,0.016248666,-0.028971387,-0.053910494,0.09182017,0.01321891,-0.05898191,-0.036724836,-0.01689167,0.035436008,-0.02432287,0.041913282,-0.039376106,-0.011502795,-0.015419866,0.04387763,-0.014195106,-0.10085969,-0.03681864,-0.031534646,0.011101767,-0.02089146,0.030297207,-0.09089988,-0.0072368607,-0.035582602,-0.017174032,0.038378805,0.0428344,-0.022568982,-0.033116795,-0.085142836,0.046917573,0.06554732,-0.04205183,0.058504842,-0.090417095,0.011638213,-0.01750683,0.040833905,0.081951804,0.009067418,0.122603685,0.05481162,0.008114511,-0.009682752
14:91957385:G:C,0.057378363,0.08189449,0.046535846,-0.020093411,0.06553395,0.034052778,-0.034680415,0.0031705436,-0.022284098,0.007612924,0.011451162,0.07027874,-0.002799427,0.016506229,-0.08849196,0.039056227,-0.048503608,0.056047767,-0.031929795,0.016412862,0.016955338,0.020348376,0.039498776,-0.052850816,-0.017434882,0.033648923,-0.024408197,0.082381636,-0.040251434,-0.05639815,-0.058197696,-0.0181573,0.013244048,0.03119265,-0.07568291,0.0040070284,-0.08264978,0.009738439,-0.07922327,0.050624076,-0.035953216,-0.046223167,0.043895677,-0.081641816,-0.016794886,0.023432817,-0.05335946,0.04787418,-0.019113572,0.040318675,0.016007127,0.028406732,0.08401718,0.018954234,-0.055948846,1.000002,0.015044576,0.0021821063,-0.07024959,0.022687757,-0.08235088,0.07915063,-0.015359789,0.009736228,-0.044177927,0.008511536,-0.024174105,0.0411549,0.024504116,0.059893638,0.011177874,-0.09316074,-0.024507487,-0.033991337,0.018483588,0.05605883,0.0065543805,0.03147123,0.023740627,0.05984417,-0.014466845,0.0051741386,0.0019231518,-0.028000738,0.009106732,0.05688791,-0.05610023,-0.031745348,0.0038580252,0.10248797,-0.050578214,0.027923925,0.06719853,0.06953468,-0.1108558,-0.042699464,-0.027594935,-0.095478535,-0.06400612,0.021579498,0.028530845,0.02837481,0.033886954,-0.07826805,0.08443923,0.011988021,0.025916543,-0.046517815,0.019442733,0.014778291,-0.020171952,0.05819511,-0.0003122506,-0.07238676,0.028896872,0.021482078,-0.038980242,0.0022136637,0.006035672,-0.0035712067,0.07006654,0.049583822,0.07787749,-0.013076254,-0.014064598,-0.06636827,-0.023027608,-0.037582215,-0.055647213,-0.040189456,0.03093234,0.10689012,-0.080590285,0.05279879,-0.02402186,-0.048260193,-0.022880197,-0.014076446,-0.06603457,-0.028893478,0.06824501,0.07700354,0.05706856,0.06668535,-0.07253037,0.011501766,0.0006225246,-0.015025792,-0.082350895,-0.054939494,-0.06686257,-0.057812165,-0.014557785,0.09771105,-0.08373711,-0.040077616,0.09144709,-0.08784335,0.07562489,0.046535704,-0.050122377,-0.01715612,0.029029,0.0037503904,-0.005035363,0.017482743,-0.037855964,0.034133326,-0.0072333133,-0.06989388,0.027951134,0.007908309,4.497651e-05
8:56687597:C:T,-0.014477581,-0.07284532,0.07642163,-0.036017712,0.00028324276,-0.012574615,0.059224386,-0.04142487,0.011839588,-0.015488304,-0.107478715,-0.03969196,-0.022091359,0.04144194,-0.08554589,-0.019602973,0.02503351,-0.06572384,-0.037551235,-0.16225901,0.03577023,-0.02093117,-0.08745284,0.017361648,0.048736885,-0.0121508865,-0.006516266,0.018703785,-0.011915473,-0.058872953,0.004986459,-0.010728522,0.006703295,0.017762378,-0.047994245,-0.011134663,0.015952494,0.0065230704,0.0075293053,-0.02530169,0.015430188,0.08744306,-0.0032909566,-0.013284389,-0.0003893878,-0.035696376,-0.03119668,-0.011085262,0.047800932,-0.025657393,0.02183423,0.016250294,0.03090245,-0.06135021,-0.049145162,0.015044576,1.000001,-0.02938628,0.04174151,-0.10919989,0.07723354,-0.012203816,-0.02081812,-0.09792791,-0.01578839,0.0063668024,0.07296525,0.06484096,-0.046053372,-0.035699487,0.05321834,0.091426775,-0.0041188304,-0.041024584,-0.060313053,0.016777135,-0.01787589,0.058073085,-0.02442034,0.038989108,-0.029862022,0.048787896,0.024584753,-0.024793562,-0.10196532,-0.04967212,-0.036672156,0.010102574,-0.0010874424,0.041527323,0.001534804,-0.0060562263,-0.07526406,-0.018292446,0.000246825,0.032495674,-0.016952895,0.0091723995,-0.002952814,-0.05766997,0.0034367938,-0.0036418175,-0.02720247,0.0027788118,-0.062514134,0.085704274,0.039913885,0.04236872,0.05295665,0.008359734,0.00802993,-0.054797832,-0.07823275,-0.036535114,-0.05785172,-0.06687947,-0.043764837,0.084164165,0.019500116,-0.05609013,0.01379769,-0.01012977,-0.015937204,-0.008054236,0.028913759,0.03295364,0.02633521,0.042427547,0.015334874,-0.017342038,0.06903258,-0.017341962,0.04595971,0.022948904,-0.006004777,0.050256677,-0.031011112,0.04947239,0.0633908,0.00060570025,0.02182553,-0.018658455,0.037967954,0.0870823,-0.018645346,0.07850385,-0.026856503,-0.055692017,0.07723363,0.0023951358,-0.024573103,0.024113331,0.036636814,-0.0596429,-0.02533528,-0.043828603,-0.044708606,-0.03227486,-0.07325818,0.018703794,-0.018381646,0.041157175,-0.034975488,-0.030018277,0.009271082,0.079168454,-0.045345347,0.034628425,0.018703774,-0.11925258,-0.045005914,0.007978981,-0.04451343
7:99778227:G:T,-0.018857708,0.011298961,-0.0758494,0.021806084,-0.07174922,-0.049740143,0.018569969,-0.007237128,0.06768299,0.014888563,-0.029088005,0.015879525,-0.039823946,-0.032492124,0.021850226,-0.047889244,0.0098241335,-0.10214046,-0.0014236892,0.046166398,-0.05177452,-0.00025003176,-0.040889855,0.015673945,0.071080014,0.07255852,-0.04815051,-0.097453095,-0.039784662,-0.0028757728,-0.0045794104,-0.007660899,0.03724613,0.012613058,0.03113726,-0.046194214,0.062624134,-0.013992099,-0.03432395,0.016590087,0.017690387,0.04034348,-0.00076027523,0.03294059,0.00443274,0.023027759,-0.014023994,-0.003269792,-0.06843935,-0.066504955,-0.0119073335,0.0042155115,0.04725415,0.012435431,0.059736267,0.0021821063,-0.02938628,1.0000017,-0.062457476,0.03266386,-0.06417884,0.07170195,-0.033318385,-0.018798767,-0.047695976,0.107887134,-0.027785007,0.054250352,-0.019619957,0.032593872,0.0029421214,-0.06945725,0.034811825,0.020196885,-0.007977016,0.038774062,0.041256305,0.106529094,-0.025911964,0.057822343,0.0013994983,0.023905981,-0.02446142,0.083708875,0.022506945,-0.036816776,0.021642288,0.011008119,-0.02997855,0.06818771,0.026672345,-0.032969333,0.03888186,-0.018778974,-0.0023170542,0.06547411,-0.012311202,-0.059941106,-0.051726837,-0.016560065,0.030787984,-0.061712302,-0.011332896,-0.08130122,0.044172686,-0.017224466,0.014005711,0.087769456,-0.01411045,0.058429524,-0.017224444,0.0947378,0.02989295,-0.060906142,-0.058079462,0.01635555,-0.009310341,0.0049112807,-0.10642597,-0.0027127226,0.041260384,0.028349848,-0.078423925,0.0058655553,0.009383481,0.049231768,-0.01608401,0.0014162092,-0.006023481,-0.02435846,0.019207384,-0.053905882,-0.06406857,0.029826403,0.065816015,0.00074877264,0.021807421,-0.029294603,-0.019962678,0.06686041,0.06274763,0.051935647,0.061598796,0.02654531,-0.012548289,-0.034734312,0.034530748,-0.030241713,-0.04546468,0.011435367,-0.0048557105,-0.10326713,0.08418393,-0.023880323,0.071775414,0.025836712,-0.006984427,-0.031689975,0.010057184,-0.011037965,0.070710585,-0.025877211,0.017616156,-0.021232022,-0.056684237,-0.040005974,0.012037774,0.058381613,-0.011038088,-0.031777017,0.024065223,0.06492035,-0.059715055
13:41721305:C:T,0.079676695,-0.013597887,-0.024865232,-0.030040948,-0.014061744,-0.040270746,0.045103896,0.029309459,0.020012066,-0.0084017515,-0.021117883,0.006454721,-0.049760204,0.02662909,-0.0059626224,0.049322493,-0.04152199,0.027602145,-0.0012157455,-0.09877012,0.12753583,-0.061692957,-0.08070715,-0.049588382,0.039520405,0.005321142,0.0066616596,-0.07499476,-0.029790577,-0.025095344,0.016850313,-0.010830847,-0.036901277,0.037730068,-0.003076137,0.031745482,-0.0051489165,0.06411755,0.0212946,-0.054977052,0.05149759,0.019302243,-0.028460136,0.030230723,-0.0032069613,0.043094195,-0.057256956,0.039845716,0.009451558,-0.0965854,0.0700023,-0.08827944,-0.07668599,-0.005085119,-0.042827353,-0.07024959,0.04174151,-0.062457476,1.0000007,-0.021877147,-0.050460167,-0.02251668,0.020755954,0.03892174,0.018023135,0.015691156,0.07572339,0.012486265,0.015527478,0.009420125,-0.04324275,0.035515893,0.0007039891,-0.06304558,-0.044053704,-0.013989222,-0.051334422,-0.021616174,-0.012528064,-0.0055115926,-0.028119976,-0.032626785,-0.047803093,-0.015297142,0.016321788,-0.0019469878,0.08151548,0.0146422945,0.04564744,-0.007165252,0.0006411618,0.09901556,0.087659076,0.0053027263,-0.06290177,-0.00087673694,0.0036718356,0.026102247,0.0843706,0.0008601671,0.022553178,0.032348793,0.01507851,0.012185623,-0.027358865,-0.044751193,0.04058938,-0.0040705786,-0.020641625,-0.040621724,0.00022349198,-0.0068171388,-0.019865362,0.076586366,-0.042087317,-0.0006771926,0.05249683,0.053301238,0.11064103,0.029003143,-0.012817484,0.09493052,-0.018163934,-0.018856913,-0.06500155,-0.032342218,-0.030957732,0.018840877,-0.047209807,0.05379541,-0.05454769,0.04236834,0.008726447,0.039198924,-0.00265306,0.049880102,-0.05196509,-0.06710045,-0.05950887,-0.04926412,0.00023261912,-0.05816466,-0.01313205,-0.044179898,0.027003095,0.018897109,0.011864091,-0.012184087,0.058100678,0.015717572,-0.022861868,0.00824307,-0.014971892,0.000769138,-0.051600203,-0.09122867,-0.02670962,-0.06457759,0.028066143,0.0001994506,-0.06654669,-0.024666294,-0.036234275,-0.07027971,-0.0022405498,-0.07784896,-0.062987134,-0.022096641,0.07539321,-0.019185454,-0.050256804,0.021759322,0.06405721
10:105768158:A:T,0.033155806,0.0413066,0.12701167,0.007756416,0.010877462,0.10523405,-0.040436678,0.031217575,-0.07651312,-0.039171062,0.057032123,-0.06951971,-0.0013331481,0.003016378,0.01030581,-0.03930415,-0.0068949773,0.06711751,0.051240154,-0.00064842374,0.03256936,0.0056335544,-0.047365237,-0.010787876,0.015422166,0.025943613,-0.0065740612,0.073772565,-0.046476956,-0.06201682,0.041773036,0.013858033,-0.011222041,-0.013965418,0.00022927347,0.01743331,0.050183307,0.08660872,-0.06798033,-0.0021103974,0.010873807,0.016144319,0.03843137,-0.0358321,0.030950867,-0.058069985,0.01652542,0.06568533,-0.0100953365,0.1359967,-0.03189114,0.017304376,-0.09811005,0.035686947,-0.10416671,0.022687757,-0.10919989,0.03266386,-0.021877147,0.9999994,0.03612428,0.041122258,-0.021338658,-0.019012658,-0.14678992,-0.042729344,0.009577433,-0.11385808,0.07507885,0.093385644,-0.0065573584,-0.05036693,0.004706138,0.021591742,0.04512138,-0.02481536,0.013533836,-0.007514496,0.018052218,0.01958563,-0.03372528,-0.020765364,0.06657794,-0.050912872,0.05226697,0.062372074,-0.011263976,-0.020292716,-0.064343035,-0.009592939,-0.015070607,-0.027887266,0.014436706,0.0144353565,-0.03967243,-0.0004973938,-0.014038414,0.029202007,-0.009606642,0.015677039,-0.033075254,-0.046876322,-0.094473034,-0.045433715,-0.004259455,-0.0008546413,-0.025464194,0.015563158,0.044352755,0.01714835,0.07079223,-0.027887173,-0.0663022,0.01623815,0.0055073076,-0.020713674,0.024716247,0.050270543,-0.006195618,-0.052498285,-0.041223772,0.027143637,0.00973441,0.08834417,-0.12058564,-0.030372566,-0.043749474,-0.048628047,-0.050285753,-0.05276561,-0.017295502,-0.05276559,0.008538801,-0.034371316,-0.006815202,-0.029146802,0.03223193,0.089396186,-0.068592936,0.021260355,0.12750135,-0.015914978,0.045744266,0.0369136,-0.030796252,0.0150343785,-0.06896249,0.035572667,0.03612433,0.013992327,0.045415964,0.0043262467,-0.014204018,0.020538839,0.010213643,-0.0011287812,0.017153846,-0.08164731,-0.00885491,0.020533524,-0.032722667,0.036192738,0.028687805,0.06263676,0.084157206,-0.01707196,0.026761018,-0.030011646,-0.08594457,-0.014699084,0.035583027,-0.0063130753,0.05096898
5:1431392:G:C,0.010143908,-0.062604524,0.1971546,0.08609895,-0.006150608,0.00023064572,-0.026498789,0.097383365,0.06045532,-0.039196767,-0.017677182,-0.11255619,0.0011465141,-0.0044184285,0.04484284,0.011983086,-0.0497107,0.036423907,0.05259671,-0.003756252,0.023381928,0.018585203,-0.028888855,-0.023064015,-0.042160984,0.016551696,-0.02059419,-0.024699487,0.028744822,0.0029338717,-0.033411264,0.015419602,0.066942826,0.012527911,-0.0032483065,-0.010599467,0.035209738,-0.022501662,-0.025972204,-0.068399794,-0.01845674,-0.07167566,0.030471584,0.020261327,0.03396024,-0.02769571,0.0336003,0.03226585,-0.0458641,0.05551603,0.057932198,0.0014871912,0.045498855,-0.046804376,-0.0044977185,-0.08235088,0.07723354,-0.06417884,-0.050460167,0.03612428,1.0000021,0.012384806,0.024744866,-0.07760584,0.0713481,0.08051435,-0.01201096,-0.03458455,-0.023270974,-0.048916876,0.0025657224,0.09535178,0.032651015,-0.025972325,-0.018793248,-0.02588389,-0.03802426,-0.018769167,0.037628822,0.022010498,-0.05528234,-0.016876662,-0.028739445,-0.03844986,-0.021818992,0.014006383,-0.016014535,0.0032851482,-0.11459761,0.0004643475,-0.0043310397,-0.029549021,-0.00816306,-0.05055355,0.03586197,-0.033946227,-0.019066766,0.03514601,0.05489545,0.014987404,0.010862112,0.045388766,-0.052724842,-0.032440763,-0.0039976845,-0.027699577,0.03913759,-0.011081308,0.06109267,0.033463173,0.038647372,-0.029549034,-0.083375715,0.024532245,0.05336451,-0.052362345,-0.009012617,-0.06304368,0.03367114,0.013845118,0.01769421,-0.069260634,0.011377892,0.07986549,0.06265695,-0.03903992,0.055224087,0.03871874,0.0044646603,-0.02446479,-0.005574819,0.04296415,0.050400276,0.022393174,0.042717442,-0.0056323535,0.03686025,-0.003307573,-0.009249681,0.027937574,-0.028821742,0.01861082,0.015284272,0.062407903,0.027890684,-0.03611635,0.053330757,0.04831417,-0.02496173,-0.02673291,-0.02516437,-0.025734307,-0.019291643,-0.072017916,0.0143029345,0.08680938,-0.0069984156,0.09315061,-0.034361243,-0.024699457,0.013702598,0.0031397843,-0.041181665,-0.0036438047,-0.04736576,0.029549062,-0.051432468,0.07602003,-0.024699438,-0.08671265,0.016475469,-0.026630519,0.025116097
1:32279629:G:A,-0.016289908,-0.0503938,0.028518781,0.046002477,0.06380259,0.02454707,-0.058363132,-0.02963326,0.08356292,-0.018266307,-0.021838611,-0.0023007402,0.0043663415,0.021488465,0.015002087,-0.0076497933,-0.009481487,-0.025425583,-0.06324568,-0.11852976,-0.05508781,0.046923533,0.037902858,0.075193994,0.0016705419,0.054915737,0.06418659,0.028518882,-0.052426044,0.0015947919,0.117430955,0.028020948,0.044947468,-0.00047826165,-0.06611964,0.06386144,0.040866293,0.046724938,0.014026249,0.012211532,-0.036679845,0.027804667,0.03921959,0.017210785,-0.005906257,0.05830424,-0.05597035,0.042444482,-0.008918277,-0.088554375,0.018350659,-0.019873971,-0.0007210824,0.018659825,0.055670045,0.07915063,-0.012203816,0.07170195,-0.02251668,0.041122258,0.012384806,0.999999,0.05184378,-0.09587475,-0.007957714,0.023254795,-0.016646793,0.026070395,-0.0116356695,0.046232045,-0.019520042,0.0020706719,0.08753422,-0.0019357543,0.0071877115,0.009366555,-0.015719902,-0.027765162,-0.00048806673,0.022284834,0.009115551,0.071346804,-0.018023541,-0.014681173,-0.032124043,0.021314839,-0.022846565,-0.029233417,0.020709427,0.029424915,-0.07531267,0.03411839,0.059813526,-0.039397985,0.03709381,0.0346224,0.015024349,-0.028731208,-0.01843942,0.0086939605,0.056920268,0.011464652,-0.0014611073,0.0003686665,0.109868705,-0.00206461,0.008822297,-0.06574062,-0.031115804,0.069785245,-0.0020645526,0.05014224,0.0050074845,0.043199684,-0.037534878,-0.08379306,-0.067540266,-0.048935823,-0.018052105,0.109596916,0.0060291523,0.001421059,0.01878571,0.023600763,0.052021597,0.036565755,0.06774532,0.042889223,0.05862449,-0.027981242,0.015430726,0.015271902,0.02477536,-0.051583957,0.0046434496,0.0065032667,0.014481562,-0.003217366,-0.036898535,-0.037671443,0.01851749,0.078040145,-0.03885885,0.027135251,-0.039797593,-0.08069483,0.010171931,-0.01654049,0.02882161,0.066073194,0.036538854,-0.0067843636,-0.0060186153,0.026369387,0.05065673,-0.0031855188,-0.036298756,-0.030579172,0.0037401028,-0.009430797,0.03330341,0.00087725755,-0.023633244,0.026755841,0.07072657,-0.05014238,0.00926657,0.07190297,0.009544003,-0.012945881,-0.0042273626,-0.043709956,-0.002037
3:169453439:A:G,-0.08647951,-0.058263317,-0.029661553,0.036463793,0.04670733,-0.05862157,0.0009563079,0.011725559,0.054987323,0.018096397,-0.022141919,-0.034856766,-0.050164558,-0.019972036,0.07213798,-0.049133938,-0.01896595,-0.010427073,0.062129784,0.005754421,0.029467145,0.07280862,0.077167325,0.067592375,-0.0149348695,-0.029458612,0.033892654,-0.029661633,0.09172887,-0.006601103,0.05353492,-0.010918878,-0.06378884,-0.087941885,0.041679423,-0.048719514,-0.0062030694,0.054593567,-0.009450656,-0.015908318,0.15344195,0.0028270269,0.006308501,0.07471779,-0.008608942,-0.041543446,-0.020817367,-0.009279287,-0.025427727,-0.014478321,-0.029674435,0.08056933,0.025143368,0.00032513047,-0.04113851,-0.015359789,-0.02081812,-0.033318385,0.020755954,-0.021338658,0.024744866,0.05184378,0.99999976,-0.038428165,0.017195476,0.0050596297,0.007873139,-0.039434776,0.039478872,0.021904266,-0.010520607,0.010586317,-0.03493198,0.01953535,-0.035878684,0.043529965,0.03930871,-0.003836981,0.032938387,-0.007481263,-0.035634626,-0.011054445,-0.058433507,0.028920323,-0.03724649,-0.0014586535,-0.024414862,-0.01347039,0.020997047,0.034367424,0.038759883,-0.018511686,-0.024756154,-0.010113284,0.0034915414,-0.05015823,-0.0005299484,0.1158288,0.082088344,0.06318695,-0.03077641,-0.033665832,0.058893222,-0.021140771,-0.096038364,-0.071906365,-0.023945034,-0.019115657,0.03586633,-0.058452923,-0.010079052,0.039684307,0.092909954,0.015441467,0.026081942,-0.028200926,0.010823095,0.041324504,0.08380678,0.0005699605,0.04276494,-0.06262822,0.04609891,-0.033030923,0.042204935,-0.005300378,0.06953446,-0.061800547,-0.029488482,-0.041067902,-0.09963167,0.06889408,-0.012295921,-0.04976968,-0.024626208,-0.012502366,0.00838125,-0.042658903,0.025359035,0.06831055,-0.048014496,-0.037752233,-0.031855598,-0.023266645,-0.026100166,0.0054680863,0.056289412,0.039449885,-0.06479915,0.058466475,0.016209686,0.06575049,0.012308406,0.023931636,0.127483,0.03251625,0.011629759,0.06875037,0.022664467,0.0047951797,-0.0769993,0.0034787888,0.00081382704,0.017280838,0.09170492,0.018511774,-0.033835683,-0.012073724,0.073708735,0.028706942,-0.023029631,0.009677112,0.023231847
10:5811954:C:T,0.009737474,0.07190335,0.018581307,-0.029242644,-0.076156504,0.03577442,0.015161669,0.10922863,-0.033908296,0.0294876,0.08616486,-0.025577242,0.0128767155,-0.02719864,0.035368446,0.04006405,-0.057265207,0.08350457,-0.035228804,0.03604379,-0.016205661,-0.11740403,0.028006379,-0.08217193,-0.03719774,-0.0029674894,0.0031035438,0.018581374,0.043780454,-0.029704155,-0.037811577,0.08098209,-0.031064684,0.014698074,0.044974193,0.05249016,-0.043071285,0.00977262,-0.013496597,-0.081603706,3.6703655e-05,0.04602285,0.021805497,-0.009639952,0.05486911,0.040005762,0.016191091,-0.017400585,0.059403036,-0.045981742,0.036225103,0.042721372,0.08045187,-0.04134491,0.064322956,0.009736228,-0.09792791,-0.018798767,0.03892174,-0.019012658,-0.07760584,-0.09587475,-0.038428165,1.0000004,-0.009964333,-0.0016174322,-0.04359284,-0.026578661,-0.031193191,0.072151944,-0.030486675,0.06091998,0.03379155,0.019538844,-0.022330655,-0.030074166,0.0839771,-0.045563623,-0.016312279,0.007207036,-0.011256337,-0.045635775,-0.06976664,-0.09333983,0.031027379,-0.013410499,-0.019321462,0.03994196,0.016344832,0.0595914,0.019880174,-0.0054063383,0.033002052,-0.034234352,-0.021563226,-0.015476955,-0.048352912,0.0005363313,-0.011700874,0.00486722,-0.093120076,0.06971767,0.0068443585,0.010190382,-0.047535267,0.0384545,-0.04360221,-0.024456311,0.0135344155,-0.06568968,0.07368694,0.027756818,-0.009329017,-0.010231599,-0.06091256,-0.013381407,-0.032515556,0.071736425,0.05608358,-0.0067025498,0.03934327,-0.018341376,-0.034252718,-0.065075815,-0.059529282,-0.016135145,-0.0437757,-0.039198935,-0.04053073,-0.01591015,0.06623955,0.028848521,-0.04077794,0.042317092,-0.04181562,0.064809166,-0.01002164,0.011387426,0.02038604,-0.026619555,-0.02414224,-0.052909408,-0.016985754,-0.018599233,0.06546141,-0.0009757333,0.051194467,0.059915386,0.00743926,-0.08311229,-0.009462798,0.06971782,0.08282885,-0.021077141,0.034721375,0.008054061,-0.06407152,0.014406108,0.039702978,-0.09923047,-0.023017088,-0.030318696,0.010519427,0.0549633,-0.056191094,0.021987967,-0.017012905,0.019308537,0.018581308,0.06443761,0.017497994,0.043662608,-0.017861279
4:7041377:A:G,-0.024939315,-0.050771944,-0.0017992072,-0.06404441,-0.094116285,-0.029399754,0.037893184,-0.02320592,-0.01605955,-0.0012813169,0.042850304,0.03635785,-0.0013380059,-0.08093084,0.01135505,-0.07935008,-0.007968151,-0.042922527,-0.046624452,-0.023879126,0.027768372,-0.015132319,0.058408443,0.025244389,0.055248555,-0.10250137,0.03622745,-0.056097083,-0.008952792,0.041174784,-0.02315611,-0.014636483,0.022804072,-0.004360491,-0.13884929,-0.011616784,-0.07115917,-0.01483013,-0.085632645,0.007990487,0.045764375,0.04199706,-0.03712776,0.08539417,-0.12142346,-0.0067340015,-0.04426046,-0.050819952,-0.0017013021,-0.014561059,0.0011777321,-0.014677554,-0.06356329,-0.073757134,-0.016663473,-0.044177927,-0.01578839,-0.047695976,0.018023135,-0.14678992,0.0713481,-0.007957714,0.017195476,-0.009964333,1.0000019,0.053995855,0.0014813158,0.012906758,-0.029970152,-0.07525371,0.02312526,0.09210171,0.041847486,0.0057211686,0.06939381,-0.0029107647,-0.0003739939,0.041858755,0.054543223,-0.010914714,0.0111332955,-0.0044554425,-0.039965224,0.042279735,-0.03560386,-0.04996747,-0.00041551734,0.03567575,-0.0630792,-0.009628407,-0.097716525,0.030963963,-0.028787399,0.06252232,-0.03725199,0.023181453,0.006867233,0.05148525,0.05494292,-0.040004183,0.07350187,-0.0047756955,0.09235755,-0.051030107,-0.091641515,-0.042613044,-0.038708355,-0.063796654,0.010045987,0.009003918,0.022339752,-0.07602739,-0.0005923098,0.050085936,0.0066217734,-0.012649619,-0.033473954,-0.04111336,-0.02198449,0.0017418704,0.05551004,-0.021457171,-0.022129504,-0.0369245,0.04893987,0.0118466355,-0.024913954,0.0686582,-0.008116015,0.0012631716,-0.050244905,0.017766196,0.0023521364,0.020426333,0.03630141,0.042531546,-0.012472086,0.035181526,0.03999429,0.013469797,-0.01617943,0.050330814,-0.015506051,-0.012124689,0.08223037,-0.022204569,-0.0008913967,0.014313587,0.008634203,-0.0075442647,0.070736945,0.047445275,-0.033533763,-0.0154951485,0.022003595,0.027754035,-0.08760411,0.015526232,0.077331156,-0.05609705,-0.047533512,0.029372895,-0.0180883,-0.023163395,0.017163664,-0.0003950137,0.0028301117,0.061948635,-0.056097068,0.047713492,-0.07258146,0.005297753,-0.026678784
12:120976371:T:C,0.023765039,0.014546148,-0.016999407,0.07726351,-0.039532386,0.039806344,-0.0013760795,0.0059451377,0.049007364,-0.041687623,-0.025211262,-0.07704177,0.010232285,-0.055786572,0.015399138,0.005143552,0.019813657,0.009236181,0.005805496,-0.04346941,-0.026963536,-0.042023197,0.0692645,-0.007825105,0.034711268,0.022738414,-0.011401461,0.07527452,-0.007261914,-0.06451312,-0.04934165,-0.0101054385,0.00025392172,-0.052809104,-0.03411917,0.06791684,-0.025058558,-0.0042781993,-0.004938194,-0.025030356,0.033265084,0.01288373,-0.04343325,0.084152974,0.010775973,0.03727247,-0.0025597797,0.017208448,0.071517624,-0.08684427,-0.038615033,-0.047528725,0.041646544,0.01136085,-0.0055305823,0.008511536,0.0063668024,0.107887134,0.015691156,-0.042729344,0.08051435,0.023254795,0.0050596297,-0.0016174322,0.053995855,0.99999875,-0.03770968,0.04735235,0.00033094344,-0.039204516,-0.035937138,-0.016007924,0.00050980505,0.020936051,-0.033336718,0.042216443,0.118096516,0.020472206,0.047136392,-0.06257959,-0.01861983,0.0011770893,0.0060842456,0.011841699,-0.030694218,-0.083760045,0.026629623,-0.028831115,-0.036913432,0.01858971,-0.03385389,-0.016008148,-0.032313902,-0.044727508,-0.00016196434,-0.017891802,0.015477602,-0.07102771,-0.0062150136,0.057275362,0.00089525926,0.006939484,0.048933893,-0.017237809,0.058500517,-0.060456898,0.0018380991,0.0021046193,-0.06484229,0.06662025,-0.005266624,0.035940748,0.0012417457,-0.023603128,0.007915914,0.011706452,0.022723345,-0.059462026,-0.0006712914,-0.04821805,-0.04508759,0.039944924,0.002491932,0.059436865,0.0065372204,0.019775687,0.09616876,-0.024706557,0.008590097,-0.01667085,0.048924513,0.01137418,-0.03479937,0.052317385,0.023318255,0.018977704,0.053768527,-0.029523281,0.030693403,0.072510056,0.004090899,0.0023093424,-0.01895146,0.046780583,0.04821219,-0.0037964166,0.0028065164,-0.042311344,0.027226573,-0.027910508,-0.019341078,-0.052223288,0.061523404,-0.012309167,-0.006959033,-0.02480694,-0.024060808,0.03629289,-0.04999979,-0.016999219,-0.04460418,-0.056750655,-0.015522457,0.03093465,-0.11565953,-0.009966218,0.014464698,0.06909717,0.013758506,-0.05068517,-0.047967367,0.022248214,0.01948299
3:128215821:G:A,-0.06915584,-0.0019310475,0.050876938,0.012620177,-0.0075462162,-0.024071293,0.03946229,-0.023699557,-0.028752986,0.028210517,-0.016962618,-0.032459404,0.017635955,-0.003771407,-0.0187422,-0.038750783,0.000530772,-0.0834314,-0.014196866,-0.021323254,0.07682671,-0.07163007,-0.016944254,0.005971984,0.011123648,0.025807679,0.04365817,-0.022345021,0.015210968,-0.041748866,-0.028518619,-0.023642384,0.0013114476,-0.030624362,0.013771163,-0.047829702,-0.03377988,0.006325849,-0.00039800018,-0.09885628,0.010660392,0.07821439,-0.12971084,0.048362404,-0.10101161,-0.025391513,0.002684489,-0.0026176495,0.079549395,-0.035996564,0.040941965,-0.027550265,-0.08598432,-0.04123454,-0.0014602876,-0.024174105,0.07296525,-0.027785007,0.07572339,0.009577433,-0.01201096,-0.016646793,0.007873139,-0.04359284,0.0014813158,-0.03770968,1.0000025,0.037805814,0.005185907,0.051323596,-0.044077776,-0.039614458,0.012228709,-0.0003979901,0.010854549,-0.035200097,0.016062481,-0.020954426,-0.020417916,-0.011008551,-0.049007352,-0.033757623,-0.03208518,-0.034784652,-0.091576815,0.02539608,-5.5405544e-05,0.021281632,0.020993743,0.007439574,0.07068416,-0.039614394,0.025337607,0.021499034,0.06612624,-0.071573436,-0.07441538,0.011708795,0.04318684,0.03147438,-0.018457396,0.008995194,-0.034962524,-0.03824608,-0.03883787,0.015998702,0.00796412,0.04361811,0.015424941,0.06057358,0.032421842,-0.039614465,-0.032711837,-0.029503074,-0.026950117,0.023214834,-0.060350783,0.057014953,0.07654392,0.019695463,0.021196727,0.000851245,-0.061321653,-0.022851266,-0.0024171404,0.07455094,0.034658294,0.012512197,0.01580947,0.06142155,-0.07776094,-0.0053423606,0.03625778,-0.003281449,0.01836571,-0.058469534,0.028236702,0.07582474,0.0053422744,0.0152016515,-0.011833909,-0.05342391,0.037213434,-0.05062743,0.07180627,0.043819707,-0.024437834,-0.0896028,0.019703254,0.021101356,-0.019156048,0.0266004,0.10212675,0.0031525742,0.0029392515,-0.05146718,-0.048006155,0.01820846,0.02256529,-0.0040394943,0.078970686,0.13284639,0.016155334,0.004176494,0.019106241,0.055073064,0.0153801,0.023130596,-0.077261545,-0.0018588996,-0.061173502,0.13222699,0.03559006
3:169389753:G:A,-0.1084593,-0.015231042,-0.034221005,-0.04002729,-0.03283011,-0.002010568,-0.011651778,0.003156443,0.0612571,-0.038037598,-0.0079602,0.032949828,-0.022457846,0.060049143,-0.00058193895,-0.009539931,-0.08728258,-0.07447655,0.04333765,0.018183846,-0.014710546,-0.0063589686,-0.027215507,-0.030613523,0.032637894,-0.009840326,-0.03696584,-0.034220938,-0.015658379,0.050852932,-0.049464762,0.030585796,0.07037391,0.050194368,-0.052746046,-0.0066059763,-0.009123921,-0.031175911,-0.035984658,0.0027632,-0.04442282,0.057664085,-0.018669382,0.0013798291,-0.047820523,0.0042050756,-0.048200306,-0.030140778,0.004245263,-0.014940498,-0.011219642,-0.018643893,0.08128509,-0.057295732,0.025369894,0.0411549,0.06484096,0.054250352,0.012486265,-0.11385808,-0.03458455,0.026070395,-0.039434776,-0.026578661,0.012906758,0.04735235,0.037805814,1.0000002,0.00592677,0.0669701,0.022991095,-0.04094016,-0.04864048,-0.035984576,0.027498767,0.00075090997,-0.08067916,0.055239726,0.0665427,-0.029229121,-0.009796335,0.013673008,0.026041063,-0.014437647,-0.0009770839,-0.076426856,-0.041597713,0.022469595,-0.011263652,-0.030306293,-0.08896422,-0.04094016,-0.009159305,0.033950966,0.065904915,-0.04488522,0.035951454,-0.07259842,-0.04864553,-0.079337515,-0.011636255,-0.03565466,0.020924814,-0.04688166,0.071015134,-0.03837771,0.032921758,0.0059961006,-0.068073615,-0.049091887,0.01757575,0.011727289,-0.028862642,-0.015267485,-0.016522666,-0.027392643,0.012851076,0.0018978162,0.033613216,0.044453643,0.04649571,-0.007442407,-0.0058870655,-0.045690946,0.11406211,-0.028113453,0.014763743,-0.05407613,-0.06300268,0.0046917307,-0.07951464,0.0046917843,0.0016536027,0.035052467,-0.06953999,0.013289261,0.034999613,0.0031265148,0.037957735,-0.012134331,-0.03993242,-0.0022546789,-0.08090885,0.0026297048,-0.04337074,0.09124195,0.04484674,-0.0006268744,-0.03458454,-0.03703853,0.055321023,-0.035654645,0.05962418,-0.07311777,-0.0047142524,-0.0009175032,-0.013373808,0.016248293,0.04469661,0.028145565,0.05550655,0.017035577,-0.018062908,-0.024711,0.06840642,0.040940218,-0.003275023,-0.025882177,0.028145583,-0.028045263,-0.041683555,0.003658632,-0.08758398
6:203722:T:G,-0.031388257,-0.074566066,-0.056024227,-0.001393059,-0.048962727,0.05230494,-0.0033808905,-0.15512958,0.03433303,0.076798275,-0.036014207,0.041789778,-0.05182417,0.015625045,-0.025169903,0.01821549,0.08576495,-0.008966443,0.07627588,0.12526356,-0.04001242,-0.034074843,0.0003667364,0.004816417,-0.032613877,0.04919064,0.02225656,-0.017526682,0.03254372,-0.012118072,0.017593035,-0.023844039,0.039545815,0.008146536,-0.094327904,0.005882225,0.0731995,0.03313369,0.038244348,0.02546389,0.005973647,-0.036481343,-0.06581792,0.004766157,-0.02658103,-0.017886473,-0.065653875,-0.02210121,-0.04126274,-0.04063796,0.014931686,-0.015421366,-0.030704271,0.12411013,0.07270221,0.024504116,-0.046053372,-0.019619957,0.015527478,0.07507885,-0.023270974,-0.0116356695,0.039478872,-0.031193191,-0.029970152,0.00033094344,0.005185907,0.00592677,1.0000006,0.05539464,-0.022974161,0.06301685,0.02502645,-0.058911394,-0.033614315,0.0019533285,-0.0038294883,0.0075775054,-0.03145415,0.054533556,-0.055615645,-0.0062572677,-0.0064657526,0.1285321,0.023460815,-0.06963907,0.034364216,0.0049938355,-0.007136186,0.020157522,-0.023790823,-0.034514073,0.026624685,0.09641571,-0.030599939,-0.031930767,-0.095930316,0.03919264,-0.030621042,-0.06245924,-0.06138426,-0.021346554,0.00878744,-0.0055018966,0.0022975612,-0.028290235,-0.020809915,0.045548983,0.032876816,-0.075985715,-0.02829025,-0.034514017,-0.04510506,-0.02036822,-0.09184085,0.04846965,0.03690571,-0.016108008,-0.04233716,0.015804091,0.0017897111,0.0113743115,0.03917221,0.013313642,0.024368508,0.033557583,0.014661135,0.052761927,-0.018557979,0.043546155,0.022545991,0.07864825,0.038569614,0.03960741,-0.016351746,-0.03408095,0.012516267,-0.012260693,0.00910701,-0.0809946,-0.03542596,0.05952221,0.0008554804,0.009305233,-0.04018841,0.037808325,0.01842211,-0.043337405,-0.023270966,0.046507113,-0.0014086127,0.08972815,0.08950082,-0.034284517,-0.012984905,-0.004780646,-0.0136045,0.015900703,0.045205127,-0.017526764,0.0583708,-0.00070834043,0.0028711073,0.016942695,0.13518912,0.034514043,-0.034344368,0.019447261,-0.017526684,0.055453308,0.034307096,-0.012926233,0.0595739
5:1215883:G:A,0.0071653184,-0.08009522,-0.0022918724,-0.022686047,0.023891954,-0.03745039,0.0290534,-0.040740136,0.043600313,-0.06478391,-0.02241879,-0.013951329,0.10891701,0.016371991,0.05954247,-0.04094555,0.006662735,0.019417219,-0.02270635,0.0180006,0.059751857,0.16607581,0.04125418,0.032157116,-0.029581815,-0.038052935,-0.035681795,-0.002291849,0.1154783,-0.0201952,-0.05139661,-0.026598765,0.049188286,0.06922221,-0.081987135,0.027018523,0.0007877047,-0.04409591,-0.050897058,-0.04390388,-0.03926637,-0.06891815,-0.021464838,-0.0589695,0.03417633,-0.0014697599,0.027090827,-0.016316466,-0.039757643,-0.048261292,-0.013296172,0.031729322,0.029204315,0.078010194,-0.016115477,0.059893638,-0.035699487,0.032593872,0.009420125,0.093385644,-0.048916876,0.046232045,0.021904266,0.072151944,-0.07525371,-0.039204516,0.051323596,0.0669701,0.05539464,1.000002,-0.020838212,-0.018966816,-0.010763268,0.026682649,-0.02243455,0.026211744,0.09426155,-0.03678139,-0.029946065,-0.026782844,-0.032355525,0.021721615,0.008604918,-0.046636418,-0.0029617667,0.027448215,-0.035688303,-0.00092179724,-0.0050127283,-0.036534496,0.00043454283,-0.018966902,0.05238297,0.011760363,-0.001668834,0.0017455313,0.008747623,0.054065175,-0.083914585,-0.03200467,-0.013789605,-0.050430484,-0.041815624,-0.06500359,0.06381184,-0.012912616,-0.07030865,0.034247946,-0.04109304,-0.0049980883,-0.054282036,0.019972827,0.023887089,0.08118247,-0.0500862,0.036999732,0.015642533,-0.041992098,-0.011134675,-0.0675365,0.016303439,0.015615997,-0.05404792,-0.06462582,-0.07869779,-0.005592242,0.025893182,-0.034177646,-0.02637194,-0.008901924,0.04527612,-0.050945904,-0.03228798,0.015599408,-0.037690137,-0.015290681,0.004905396,0.050515108,-0.10671899,-0.0354674,0.01526122,-0.00038491652,0.031793054,-0.029219221,-0.061344173,0.008894393,-0.043222133,0.04472428,-0.048916854,-0.052387767,0.04767464,-0.050430473,0.060418107,0.06015293,-0.06870211,0.085531935,-0.010089763,-0.053912994,0.0060456055,0.043819096,-0.025730863,0.05930034,0.034619384,0.095739745,-0.048283327,0.018966364,-0.036993254,-0.03426486,-0.048402753,0.07199422,0.010272948,-0.014964548,-0.019423723
5:139011509:T:C,-0.01461279,0.005926721,0.013181038,0.0234325,-0.039464325,-0.013343916,-0.044159763,0.059838936,0.015673624,0.09055317,0.041027445,-0.016689163,-0.017898038,-0.008211166,0.057217877,-0.06566668,0.024695743,-0.013737609,-0.090274535,0.07169035,-0.034233976,-0.042370018,-0.14694121,0.046087187,0.01233758,-0.050845,-0.030977914,-0.02406609,0.02588869,0.10089221,0.008669074,0.054799967,-0.07726636,-0.030872555,-0.03802946,0.07260927,0.05750934,0.025580991,-0.064472854,-0.024173545,0.007973128,0.0044321986,0.050008293,-0.021440161,-0.05081159,0.019017858,-0.010505946,0.063333504,0.0076062293,0.069236055,0.0038016357,-0.0028545456,0.010025969,-0.02688776,-0.012344541,0.011177874,0.05321834,0.0029421214,-0.04324275,-0.0065573584,0.0025657224,-0.019520042,-0.010520607,-0.030486675,0.02312526,-0.035937138,-0.044077776,0.022991095,-0.022974161,-0.020838212,1.0000014,-0.010442941,0.05948784,0.060860105,-0.04025674,-0.030878747,0.008501862,0.0019292523,-0.097620554,-0.041965824,0.0039288756,-0.046320233,0.011694623,-0.049060453,0.086302064,0.0102405185,0.014728561,-0.009679892,-0.0039522853,-0.0699827,-0.033273343,-0.010443046,0.010565066,0.07649605,0.007131938,-0.008602414,-0.004201499,0.009489154,0.04919157,-0.029870236,-0.020848412,-0.063882045,-0.026914379,-0.043550313,0.0057023233,-0.068760596,0.067467265,0.09999503,0.023135612,-0.01701306,-0.035343546,-0.041897416,0.05975372,0.0381664,-0.0059677367,-0.031917457,-0.0005147796,0.011784472,-0.048791625,-0.03304613,-0.07650682,-0.0595918,-0.038398415,-0.025028063,-0.001790486,0.024811454,-0.007403808,0.0013672274,-0.04380671,0.110292114,-0.010055752,-0.04253679,0.027392674,-0.03820386,0.0025273133,0.007777328,-0.038065966,-0.07727067,0.025555773,-0.042995397,-0.042570595,-0.056138776,0.021584174,-0.039794486,0.0713645,0.0133146085,-0.026494175,-0.043920785,0.034830842,0.14096591,-0.03798452,0.04358506,0.10682749,-0.025403067,-0.018213607,-0.04217607,0.017033894,-0.044150036,0.03029072,-0.024066254,-0.06126777,0.030522354,-0.009074602,0.082188,0.047012243,0.07335188,-0.049593452,-0.02895915,0.013181038,0.067519955,0.008298195,0.0065553538,-0.09811476
16:14652220:T:C,0.05176098,-0.094774716,-0.029238444,-0.05922167,0.0020856594,-0.0886164,0.008332192,0.0004170034,0.08717374,0.09151639,-0.0056378837,-0.04649726,-0.007908274,-0.07104793,0.00072868966,0.0041121715,0.04504728,-0.0471495,0.0062715444,-0.020668473,-0.031129977,0.056261677,-0.02926187,0.0021578067,-0.014824685,0.023037467,-0.0048835226,-0.029238516,0.0056875697,0.008881529,-0.0065348144,-0.07768405,-0.034336235,0.07708146,-0.0016143593,0.05049626,-0.054755375,-0.026636895,0.09054858,-0.024598991,0.038681652,0.10903156,-0.008927848,-0.0068703755,0.06550927,0.013256857,-0.018486079,0.02197352,0.024069516,-0.0006469528,0.048750043,0.020062579,-0.0047291145,0.012682563,-0.014456791,-0.09316074,0.091426775,-0.06945725,0.035515893,-0.05036693,0.09535178,0.0020706719,0.010586317,0.06091998,0.09210171,-0.016007924,-0.039614458,-0.04094016,0.06301685,-0.018966816,-0.010442941,0.99999684,0.030303825,0.029901171,0.019385654,-0.0061379815,0.019712582,0.071696654,0.0034613123,0.02317893,-0.032773998,-0.028544972,-0.07631552,0.04426617,-0.027181344,0.032406203,0.0102102915,0.09134085,0.025884513,-0.026553672,0.0035912718,0.086783,0.037576053,-0.0046119695,-0.0785554,-0.07990066,-0.060515665,0.0068740537,-0.03481335,-0.10643952,-0.04540855,-0.030463526,0.03197004,0.013042465,-0.0013717862,-0.032790065,0.021704424,0.063161865,0.050921608,0.054325204,0.09656965,-0.034979437,-0.07558224,-0.020133894,-0.047930777,0.04952773,-0.00090564706,-0.045651134,0.017251506,-0.02840354,-0.0066722594,-0.01803705,0.023094835,-0.03903837,0.042670116,-0.04159497,0.019736793,0.08884943,-0.043657217,-0.036003478,0.07394683,-0.036003556,-0.0033842223,0.017198801,0.044709068,-0.008883925,0.037441928,0.1653988,0.019569987,-0.013944956,-0.034118485,0.011226951,-0.06825293,0.06310879,0.020650398,0.037519943,-0.048327703,0.04772562,-0.029549034,-0.03164571,-0.039266128,0.038872235,0.04626923,-0.044698652,-0.049234346,-0.01715646,0.049809996,-0.01000779,0.027015287,-0.029238535,0.040662505,-0.042718016,-0.0036741865,-0.044526488,-0.012549188,0.034979347,-0.09111056,-0.078532584,0.114947766,-0.026249126,-0.09636884,-0.0008097257,-0.040189605
12:123895906:G:C,-0.019741196,-0.009095576,0.07184798,-0.058961704,-0.03947305,0.023704747,-0.02580575,0.06297913,0.007951952,-0.02007235,0.025218695,0.01844695,-0.05612687,-0.0783678,-0.046507865,0.02806293,-0.031260435,-0.05424473,0.0021680265,0.05458758,-0.08254903,0.018751753,-0.00417238,0.06099523,0.010978978,0.0008586727,0.015577451,-0.046771556,0.027231665,0.012477093,-0.015148104,-0.023093024,-0.016789066,-0.039911665,0.05165912,-0.004384126,-0.009187695,0.051045854,0.02565741,-0.07670823,0.018498437,0.015367005,0.013773619,0.053879958,0.070091546,0.039492197,0.07779268,-0.075569026,-0.03133634,-0.03712878,-0.015058573,-0.012948358,0.006680994,-0.036684748,0.024352994,-0.024507487,-0.0041188304,0.034811825,0.0007039891,0.004706138,0.032651015,0.08753422,-0.03493198,0.03379155,0.041847486,0.00050980505,0.012228709,-0.04864048,0.02502645,-0.010763268,0.05948784,0.030303825,1.0000007,-0.04086658,0.030290434,0.0030093084,-0.005899736,0.037427925,0.028271932,0.072971284,-0.091382675,-0.04252986,-0.042436633,0.037983593,0.062108688,-0.016151303,0.014179539,0.05628819,-0.05406294,0.018568512,0.05706786,-0.0030868142,-0.063980326,0.015490354,-0.007883104,-0.06825255,0.0051696254,0.015934628,0.025195621,0.0012924083,-0.06825221,0.04316841,0.054559622,0.017285459,-0.030864494,0.009626684,-0.045566,-0.015959367,0.019843735,0.03826362,-0.11453245,-0.019782195,-0.035681713,0.013334058,0.021598993,-0.011861481,0.031869203,-0.06041738,-0.06522534,0.009394318,-0.0014842576,-0.023397025,-0.02834524,0.0205112,0.002988309,-0.041412245,0.040557,-0.031709038,-0.0010932876,-0.03205678,0.034734752,0.0039958446,-0.061603434,-0.037269197,-0.020693466,0.03684791,0.031169256,0.00066070666,0.08162886,-0.02324719,-0.05457792,0.03639436,0.01789291,-0.021098375,-0.030265015,-0.016141329,0.023225721,0.06498674,-0.0016002165,-0.03839532,0.023819499,0.024154589,0.01997011,0.08419361,0.06812571,-0.10202521,-0.015519426,0.10226844,-0.07571212,0.032307845,0.06860049,0.04113112,-0.045020346,0.019389765,0.074607134,0.0030868745,-0.018098539,0.10852402,-0.007231979,0.008498194,-0.030831477,-0.013708001,-0.0081044715
5:1289277:G:A,-0.03399565,-0.055990208,0.046116132,0.020789037,-0.015729964,0.008289932,0.06541948,-0.05289294,-0.0951685,-0.009559761,-0.022200072,-0.018784435,-0.044955723,-0.03472127,-0.017530812,0.009123472,-0.07541445,-0.055018555,-0.033698183,0.015841447,-0.055951033,-0.029011987,0.028943855,-0.050254993,-0.06928486,-0.07769485,0.05868058,-0.025699385,0.07596872,-0.0831498,0.027360626,0.008964864,0.052849505,0.026647428,-0.023379583,0.009904764,-0.016482996,0.05509805,-0.027023718,-0.0430922,0.045917176,0.041797604,0.032854576,-0.009654709,-0.0066826837,0.0012325217,0.037281983,0.02818572,-0.047720846,0.051152445,0.099781975,0.0141693,0.00064986723,0.046953067,0.013514848,-0.033991337,-0.041024584,0.020196885,-0.06304558,0.021591742,-0.025972325,-0.0019357543,0.01953535,0.019538844,0.0057211686,0.020936051,-0.0003979901,-0.035984576,-0.058911394,0.026682649,0.060860105,0.029901171,-0.04086658,0.9999991,0.077961355,-0.060216367,0.07450835,-0.019529028,0.020349031,-0.111779355,0.0016468163,-0.026093708,-0.072034426,-0.040006347,-0.048302986,0.061867356,0.003452558,0.03780581,0.090853095,-0.043795265,-0.034034733,0.02990117,0.036087118,-0.034260377,-0.042481367,0.009187808,0.029299594,-0.010842027,-0.0069482,-0.051880207,0.10348672,-0.026776072,0.117216356,-0.08945699,-0.018665561,-0.028820945,-0.0165163,0.05551644,0.012940927,0.039703105,-0.028820934,0.029901287,0.028382959,-0.038928792,0.09458684,0.05423772,-0.006135637,-0.01825428,0.0012536388,-0.07289492,0.019511007,0.008629099,-0.020764139,-0.034312937,-0.00802703,0.030707724,0.042306285,-0.029628068,-0.022704287,0.004946837,-0.030114522,0.10316892,-0.010363371,-0.023069207,-0.01741192,0.04492463,-0.057255827,0.04094358,0.011423457,0.020286914,-0.02998847,-0.034449298,0.107650846,0.032755222,-0.03257073,0.07271704,0.024722423,-0.04639353,0.03623749,-0.027815238,0.021021485,-0.02677609,-0.023897111,0.01394267,-0.013365728,0.055714685,-0.014339469,-0.07838531,0.061393347,-0.025699386,-0.01894381,0.027612349,-0.042848766,0.06413261,0.09464962,0.030745283,-0.05652573,-0.055201467,-0.025699394,0.045767758,-1.9073039e-09,-0.009994981,0.06338856
3:160160452:G:C,0.03615301,0.025729703,0.122640304,0.010787951,0.07032638,-0.026062025,-0.00013908185,0.040550943,-0.05237121,-0.023137847,0.017065285,-0.040293634,-0.038122777,-0.12270118,0.011282447,-0.029888203,0.011827152,-0.096254624,0.008831658,-0.046833053,-0.02836818,-0.0051096207,0.0017862092,0.039462384,0.017950607,0.03556672,0.0017900706,-0.0638979,-0.024147505,-0.06856222,0.002395318,-0.03212749,0.021073142,-0.0062544835,-0.012876513,0.004750387,0.055004463,0.0063651614,-0.03188341,0.030287907,-0.07703578,-0.06397709,-0.030861601,0.043767054,-0.0316527,0.07565773,-0.033322956,0.014798013,-0.06711614,0.023275336,-0.03981714,0.02154521,-0.10686116,0.02855352,-0.008829595,0.018483588,-0.060313053,-0.007977016,-0.044053704,0.04512138,-0.018793248,0.0071877115,-0.035878684,-0.022330655,0.06939381,-0.033336718,0.010854549,0.027498767,-0.033614315,-0.02243455,-0.04025674,0.019385654,0.030290434,0.077961355,1.000001,0.004267174,0.028469684,0.022319434,0.09660409,0.04230336,0.014254955,-0.028697558,0.051685132,0.045722708,0.03364571,0.007912813,-0.00069482444,0.03182168,-0.039627675,0.008424331,-0.04447844,0.035138506,-0.016025463,0.00855579,-0.07616064,0.0011888172,-0.04310777,-0.03979697,-0.055524286,-0.0010265925,0.05803077,-0.023218865,-0.061713982,-0.0071440176,-0.014375557,0.016203215,-0.072027564,0.0056308117,-0.04288874,0.009694678,-0.11768252,0.035138488,0.055284884,0.016364997,0.07182312,0.024818715,-0.08022563,0.06117217,-6.786644e-05,-0.0084011955,0.05613683,0.0387869,0.001414205,0.010751813,-0.09624406,-0.05517659,-0.047503494,0.028940605,0.035461724,-0.05838047,0.052100804,0.009653941,-0.019150961,-0.03686644,-0.008961023,-0.093097016,0.019453995,0.045436706,0.0541283,-0.06895764,0.03427348,0.03937152,-0.037538417,0.009372128,0.007361771,-0.06305313,-0.05160457,0.07788556,-0.0026342906,-0.0028211414,-0.01912067,-0.0052786255,0.0050598965,0.007570231,0.08082134,-0.0011542883,-0.076002106,0.01436985,-0.04522909,-0.026590038,-0.010545296,0.0082809655,-0.044333734,0.08123911,0.010380622,0.012119795,0.025185516,0.022972692,-0.045243893,0.0039505926,-0.02077925,-0.055333994,-0.044171933
16:3644120:G:A,-0.06684257,0.0042230296,0.016592178,-0.036219742,-0.028653603,0.0281302,0.11499317,-0.04026361,-0.031728514,-0.03628695,0.078438304,-0.009680557,0.0105676325,0.02893708,0.037953194,0.08454119,0.035424292,0.021255972,-0.052237555,0.030990468,-0.012731904,0.044551995,0.0025509137,-0.019320758,0.0019098335,-0.046891592,-0.035264518,-0.020336434,-0.11596003,-0.0042795106,-0.035495795,-0.047973912,-0.02740053,-0.060395017,-0.028099477,0.038815603,-0.0014719446,-0.052169565,0.0019145659,0.07241756,-0.036590617,-0.010843912,-0.072973035,-0.008342501,-0.02929494,-0.0048440555,-0.011628853,-0.008287527,-0.005985113,0.002933124,0.032745667,0.041669082,0.074276105,0.033677265,-0.06539412,0.05605883,0.016777135,0.038774062,-0.013989222,-0.02481536,-0.02588389,0.009366555,0.043529965,-0.030074166,-0.0029107647,0.042216443,-0.035200097,0.00075090997,0.0019533285,0.026211744,-0.030878747,-0.0061379815,0.0030093084,-0.060216367,0.004267174,0.9999992,0.055935156,0.0045906613,-0.023666162,-0.0049624615,-0.035375595,0.088132136,-0.05363237,0.025828674,0.0055346247,-0.016164513,0.039873388,0.0182265,0.038865082,-0.087221205,0.04086945,-0.037323505,-0.08897243,-0.009032546,-0.04169668,-0.006228598,-0.034487512,-0.045682997,-0.026084924,-0.004285248,0.05854047,-0.024148162,-0.0027420411,-0.01219773,-0.004104339,0.0020419147,-0.09006251,0.02717212,-0.025511878,-0.075651094,-0.06422106,-0.0061379154,-0.023587355,0.00915102,-0.047007527,0.007424905,-0.029231004,0.039678596,-0.064758934,0.005164465,0.030271754,0.021776004,0.11020293,0.036240894,-0.01071458,0.007689203,0.07468961,0.042219263,-0.013495946,-0.0002008692,0.040836155,-0.050708335,-0.060769632,0.03761195,-0.0023887637,0.09480553,-0.090576805,-0.021362225,0.059126213,-0.018014759,-0.03809448,0.026545884,-0.035330817,-0.0042327857,-0.013457359,0.02969684,0.05829826,0.004116631,0.0061054546,-0.027720517,0.05331433,-0.059664194,0.06146863,-0.02322001,0.028319133,0.097356535,0.07304843,-0.0051804846,-0.041465618,-0.020336535,0.03746021,-0.011498382,0.019968031,0.0049853027,-0.042937305,-0.025047645,-0.024800181,-0.091351934,0.05352092,-0.0117850825,-0.008227268,-0.02613562,0.055732172
1:20916238:G:A,0.024900416,0.012228293,0.02133242,-0.05239858,-0.041157894,0.018304437,0.0030260496,0.0650292,-0.10458353,-0.013696685,0.04480427,-0.046336655,0.07031964,-0.051172957,-0.04103571,-0.009068207,0.010211368,-0.042080708,0.017635452,0.0606813,-0.040352255,-0.012782947,-0.004246904,-0.0010868865,0.06958273,-0.0009329256,-0.058474872,-0.04057298,-0.008603126,-0.06884289,0.05895767,0.022617467,-0.042367034,-0.03225988,-0.016350133,0.010491336,-0.028245153,-0.018163659,0.022431927,-0.10765178,-0.018710136,0.103643686,-0.06374721,0.020770974,0.02862033,-0.06393703,-0.015901579,-0.036637988,0.0022295495,0.03436549,0.0363584,-0.015522689,-0.027669437,-0.0055495366,0.022835866,0.0065543805,-0.01787589,0.041256305,-0.051334422,0.013533836,-0.03802426,-0.015719902,0.03930871,0.0839771,-0.0003739939,0.118096516,0.016062481,-0.08067916,-0.0038294883,0.09426155,0.008501862,0.019712582,-0.005899736,0.07450835,0.028469684,0.055935156,0.99999696,-0.055472445,-0.095002584,-0.13455734,0.031029016,-0.07369931,-0.051042344,-0.005338868,-0.09059159,0.009041486,0.04808245,0.0039693005,-0.0054873107,0.023803197,-0.01522479,-0.032565277,-0.038257807,-0.0009748954,0.0018737455,0.010609301,0.0128473425,-0.010473079,0.08969873,-0.0040584384,0.078911826,-0.05054171,0.058110878,6.258726e-05,0.034446307,0.09797684,-0.011873605,-0.008623859,0.0041445727,-0.0045710728,-0.013102824,0.01971252,0.03525252,0.00869076,-0.065420195,0.032095045,-0.0021518904,0.098244384,-0.056403097,0.076116934,-0.08358236,-0.005264581,-0.046196155,0.05996986,-0.020052826,0.023360414,-0.082528986,0.06592277,0.022566915,0.07533519,0.01086965,-0.028147912,-0.013453605,-0.062197667,0.07288071,0.004653031,0.0027255034,0.001156163,0.018740345,-0.008989527,-0.023265174,-0.0483735,-0.01567236,0.018014563,0.04905931,-0.040641617,-0.00019257891,-0.033147216,-0.020149253,0.054994624,0.05428647,0.008995806,0.05915247,-0.06718809,0.05618639,0.013133762,0.020104304,-0.021746255,-0.053515524,0.041967634,0.00088504585,-0.059373606,0.0054634986,-0.046229273,-0.002607315,-0.03713856,-0.025079181,0.061364442,0.0006973975,-0.005647441,0.0045972564,0.022691851,-0.077233694
13:73340177:G:A,0.03445623,0.027307719,-0.018571928,-0.0062833535,0.009824016,0.00017344306,0.038007103,-0.034628607,-0.010722183,-0.029472662,-0.013291671,0.07686361,-0.032487698,-0.022530653,-0.009769634,-0.027247168,-0.023861963,0.027387852,-0.03418321,-0.022287257,0.041100875,-0.016855279,-0.04837115,-0.00059922296,0.0027387028,0.024841886,0.03714339,-0.01857193,0.03771986,0.031406872,-0.0119181145,-0.02677417,-0.05895432,-0.0069752363,-0.026530879,0.01724329,0.03872582,-0.016919397,-0.01952896,-0.007952294,0.012266616,-0.000213461,0.03537135,0.03903334,-0.06555844,0.03060664,0.025264686,0.02426113,-0.03448604,-0.02991838,-0.02781035,0.01632051,-0.0417078,-0.05404509,-0.02803547,0.03147123,0.058073085,0.106529094,-0.021616174,-0.007514496,-0.018769167,-0.027765162,-0.003836981,-0.045563623,0.041858755,0.020472206,-0.020954426,0.055239726,0.0075775054,-0.03678139,0.0019292523,0.071696654,0.037427925,-0.019529028,0.022319434,0.0045906613,-0.055472445,0.99999917,-0.031654738,0.04761255,-0.009499414,-0.05233574,0.04363412,-0.028911069,-0.08943481,-0.111530274,0.06064142,0.027320778,-0.03771358,-0.034770846,-0.022085164,0.07169668,0.020709177,-0.07309499,-0.028246,0.028082587,-0.055310216,-0.04302323,-0.006617683,0.011269321,-0.028842967,-0.019350057,0.018044828,-0.048545446,0.08166433,-0.0208278,-0.008559088,0.11279771,-0.04071122,-0.027793704,0.07894748,-0.02221845,-0.027033227,-0.06539519,-0.03044508,0.011867628,-0.0419185,0.0151790995,-0.056055486,0.031439956,0.0013753703,0.039996777,-0.012233489,-0.024796741,0.12810263,-0.029354779,0.003617322,-0.0442283,-0.035312824,0.006955072,-0.004191802,0.006955119,-0.107987136,-0.008294007,-0.056442447,-0.028170114,-0.0057161325,0.038752474,-0.006955119,-0.010724242,-0.021671584,-0.024895184,-0.019586796,-0.03612717,0.06548039,0.0027334832,0.054601204,0.06188484,-0.018769164,-0.02010095,-0.06278097,-0.019350065,0.026951008,0.03343143,0.025335616,-0.04364403,0.010038071,-0.025657559,0.036107443,-0.018571965,0.034296554,-0.024029177,0.038568422,-0.059377845,0.02077847,0.022218466,-0.0060345153,0.057160802,-0.018571945,-0.05167668,-0.09910558,0.032343622,0.0013264978
12:111904371:T:A,-0.032011937,-0.00039159931,-0.028508076,0.04696417,-0.043171592,-0.015036443,-0.026452443,-0.021383047,0.04597672,-0.05044285,0.04546793,0.020417623,0.026491702,-0.026787521,0.021422613,0.00918697,-0.07050621,0.06944178,0.12506816,0.024695687,-0.02769957,0.003226183,0.018433092,-0.0034930257,0.009633144,0.0053029316,-0.023977146,0.008307228,0.016705599,-0.018824007,-0.11076558,0.040781338,0.028810823,0.014814938,0.00038044262,-0.06454927,-0.07569305,-0.029325204,-0.010620878,0.015208652,-0.013111444,0.012577021,0.006863215,0.027981108,-0.014114237,0.00691633,-0.035052545,0.049091715,-0.03876341,0.00745173,-0.0033114762,0.054887824,-0.06816024,0.057978503,-0.025157304,0.023740627,-0.02442034,-0.025911964,-0.012528064,0.018052218,0.037628822,-0.00048806673,0.032938387,-0.016312279,0.054543223,0.047136392,-0.020417916,0.0665427,-0.03145415,-0.029946065,-0.097620554,0.0034613123,0.028271932,0.020349031,0.09660409,-0.023666162,-0.095002584,-0.031654738,0.9999998,0.011938779,0.08734387,-0.08783501,-0.031190805,-0.06157162,0.038392358,0.046135157,-0.04836917,-0.0879733,0.012715826,-0.0011942269,-0.020024838,-0.012083522,0.03729066,-0.032563258,0.013359528,-0.08866918,0.044520557,-0.026025672,0.017352315,0.047204196,-0.027938195,0.007179929,-0.063848,0.04612911,0.052993514,-0.060871515,-0.007050159,-0.022289462,-0.07745978,0.01180592,-0.07738633,-0.043173112,-0.11475809,-0.06464175,0.08857058,-0.016566165,0.050326113,-0.045018114,0.016655432,0.03400547,0.088754125,-0.028867114,-0.043028988,0.042690866,-0.030680694,-0.08673624,-0.02910542,0.04069004,0.011274234,-0.023791304,0.01143087,0.04334499,0.016585864,-0.031252332,-0.020524783,0.03957789,0.021397468,-0.071887374,-0.022364859,0.038435157,0.08845283,-0.00066543673,0.027562136,-0.026717598,-0.04226952,0.021982925,-0.020365534,-0.00864525,0.05357434,-0.0792397,0.030847322,-0.01052354,-0.078468695,0.019009981,0.056531377,-0.10843895,-0.014077374,-0.008781605,0.021394761,-0.01010038,-0.007445295,-0.082333796,-0.016840411,0.04895472,0.020190258,0.02762819,-0.03878293,0.08272196,-0.010100397,0.0006764541,-0.024605919,0.001079927,0.072963886
10:103937244:C:T,0.0897855,0.0072499956,0.05584357,0.0121853985,-0.048569936,0.011505751,-0.057854008,0.01960779,-0.03056893,-0.024382742,-0.032087885,0.028582659,0.03809822,-0.030900903,-0.020131575,0.02751037,-0.087230176,-0.027283788,0.057766773,0.03243835,0.033104334,-0.018411342,-0.004612011,-0.046918284,-0.0448054,-0.010906319,0.029904148,0.03199864,-0.0030757647,-0.031080976,-0.041145023,0.025857504,-0.035861213,-0.024390476,0.018780405,0.017400252,-0.047772314,0.042184982,0.088809706,0.044331957,0.010096957,-0.13117188,0.08598403,0.006918501,-0.0028402032,0.071981914,0.037211258,-0.010055388,-0.0021383592,0.059230354,0.047915686,-0.012753091,0.0100429505,0.050674874,0.029425014,0.05984417,0.038989108,0.057822343,-0.0055115926,0.01958563,0.022010498,0.022284834,-0.007481263,0.007207036,-0.010914714,-0.06257959,-0.011008551,-0.029229121,0.054533556,-0.026782844,-0.041965824,0.02317893,0.072971284,-0.111779355,0.04230336,-0.0049624615,-0.13455734,0.04761255,0.011938779,1.0000004,-0.015802126,-0.008596342,0.008554683,-0.061545804,0.066405706,0.035505835,-0.041960206,-0.01909922,-0.007931341,0.09343546,0.042377014,0.003042515,0.022705115,0.016330434,-0.03983611,0.015858535,-0.043070123,0.0075431876,-0.050396357,-0.030151566,-0.029659305,0.016139546,-0.009885533,-0.08669798,0.05306533,0.009144182,0.074863926,-0.00029941497,-0.014564711,-0.021049201,0.030536963,0.003042546,0.04876134,-0.072871,0.0032788694,0.043705348,-0.0074298796,-0.04167983,-0.010284639,0.014109559,-0.038360685,-0.05022815,0.050368886,-0.080076106,-0.04731065,0.0780796,0.0015080902,0.047373474,0.04761563,-0.10399724,0.02901921,-0.017030446,-0.007949266,0.019293727,-0.021723015,-0.1046897,0.046201166,0.061022285,-0.06993665,0.039373353,0.08371288,-0.02798194,0.035888925,0.0019542421,-0.021477055,-0.015238206,-0.037000287,-0.09292503,0.042665992,-0.020669937,-0.10767506,-0.029726038,-0.04357807,0.016441757,-0.041195534,0.0201496,-0.029714277,0.055094454,-0.03128411,0.008153663,0.0042955284,0.009471845,0.02353381,0.06384966,0.029263102,0.03723033,-0.022343663,0.060370933,-0.0633807,-0.036687594,-0.026561689,-0.008140326,0.04531192
4:2255063:A:G,-0.0034711105,0.05231797,0.0015661279,0.07838722,-0.04012177,-0.07175626,0.02610593,-0.050227284,-0.023078986,0.00890706,-0.019760055,0.0006680832,0.037189327,0.05616181,0.001282212,-0.01375397,0.0028669802,-0.085188635,0.010032637,0.033882927,0.033721067,-0.095744066,0.02065209,-0.011597269,0.0055774525,0.014369059,0.046517424,0.0015660871,0.036885116,-0.009727768,-0.025440035,0.033803307,0.0003632962,-0.051948145,0.0078232745,-0.079854906,0.04089834,-0.0075437976,0.0016468083,0.010753095,0.011091402,0.026895065,-0.04710935,-0.004796663,0.043936048,-0.09401943,-0.07109603,-0.02297178,-0.03276885,0.0025228497,0.012877327,-0.06771654,-0.02555844,0.043505397,-0.025441533,-0.014466845,-0.029862022,0.0013994983,-0.028119976,-0.03372528,-0.05528234,0.009115551,-0.035634626,-0.011256337,0.0111332955,-0.01861983,-0.049007352,-0.009796335,-0.055615645,-0.032355525,0.0039288756,-0.032773998,-0.091382675,0.0016468163,0.014254955,-0.035375595,0.031029016,-0.009499414,0.08734387,-0.015802126,1.0000004,0.03617336,0.01145024,-0.043547958,-0.014012089,-0.058528814,0.061284352,-0.099484846,-0.054278746,-0.030385032,0.05505138,-0.032773994,0.017214054,0.026132908,-0.037967753,0.052442778,0.09233747,0.014462291,0.0056064352,0.020251233,-0.035798863,-0.029935488,-0.009223981,-0.03791322,-0.0007665313,-0.020329231,0.010598589,0.010916937,0.01682838,-0.102316014,-0.020329416,0.07116875,0.001778456,-0.0663637,-0.049503423,-0.06203264,-0.007577704,0.047535352,-0.058316544,0.03237221,-0.047897447,0.078394994,-0.032275893,0.0020909281,-0.03743752,-0.022237582,-0.041859616,-0.0034856945,0.03422778,-0.015015813,-0.03770685,-0.0037929993,0.052418552,-0.014665203,-0.009643148,0.010448816,-0.030881148,-0.016018819,-0.0018183964,0.020303218,0.0401283,-0.061027985,-0.027504489,-0.045627702,-0.0439927,-0.02354494,-0.009495379,0.0060957917,0.05133956,-0.03636739,-0.017821426,0.017415252,-0.05339969,-0.07150416,0.059341334,0.017202066,0.006894908,-0.029251538,0.066949815,0.0015660954,-0.028941393,-0.024399985,0.0077414843,0.032867305,-0.09250137,0.011985416,-0.0036196157,-0.08154573,0.0015661652,-0.030995784,0.11517195,-0.07632632,0.021357551
10:101368199:G:C,-0.101872824,-0.100161135,0.08474674,-0.0162933,0.002431614,0.07330919,0.034476597,-0.035353184,0.050391268,-0.03091152,0.029997615,0.066166826,-0.03529613,0.015285409,-0.047887158,-0.0046552652,-0.027796842,0.034787696,0.0319093,-0.05859105,0.04645762,0.0897027,-0.02786624,0.015606858,0.047343068,0.026860027,-0.037241664,0.0035900546,-0.078162745,-0.001821681,-0.004865975,0.0044254325,-0.043198463,0.03346734,-0.030133948,-0.010123619,-0.058093883,0.07350883,-0.026093736,-0.03434663,-0.012137916,0.06976115,0.045443088,-0.038402833,0.028895795,0.008307377,-0.005156858,0.043880887,-0.06960217,0.0776897,-0.025006184,0.046371948,0.023506781,0.00987368,-0.030348869,0.0051741386,0.048787896,0.023905981,-0.032626785,-0.020765364,-0.016876662,0.071346804,-0.011054445,-0.045635775,-0.0044554425,0.0011770893,-0.033757623,0.013673008,-0.0062572677,0.021721615,-0.046320233,-0.028544972,-0.04252986,-0.026093708,-0.028697558,0.088132136,-0.07369931,-0.05233574,-0.08783501,-0.008596342,0.03617336,1.0000025,0.024610598,0.024539126,-0.0004767565,-0.023933588,-0.029139148,-0.036639355,-0.05632664,0.004432834,-0.005627262,-0.011411148,0.0592047,0.042169373,0.018730303,0.0074372045,0.036231566,-0.040495023,0.028689,0.019664334,0.041586623,0.05089722,0.017227508,0.041015483,0.02803395,-0.0096261855,0.043786757,-0.08546916,-0.006872122,-0.055354483,0.026779696,-0.04567888,0.014105988,0.007845614,-0.04668749,-0.071793064,-0.04501874,0.037462305,0.049805548,-0.03969339,-0.020837406,0.025764864,0.069188334,0.047362432,0.06748102,-0.025094751,0.0025939094,0.018212741,0.07743104,-0.03008499,0.062174585,0.043914028,0.016332379,0.019397525,-0.05009153,0.0021182084,0.08722123,0.0065414663,0.08095918,-0.07828317,-0.019486297,0.06984874,-0.030976932,0.0588612,-0.013043978,0.055430606,0.040403023,0.041656952,-0.05202757,0.0007483684,0.07233868,0.01187093,-0.0011578503,0.028234124,0.037601873,0.03487823,-0.023274494,0.025388254,-0.041474525,-0.09785596,0.011765669,0.044422593,-0.07858505,0.046495005,-0.02149041,-0.022856494,0.0043564336,-0.0102586,-0.016699288,-0.058097713,0.07232303,0.008154803,-0.0075021572
8:95512202:G:A,0.014095255,0.07307758,-0.028437197,0.04475358,0.07490683,0.08147902,-0.0065063145,-0.033594366,0.008882872,-0.051225632,0.016819825,-0.0015847449,-0.0076916865,-0.03103847,-0.018876104,-0.04825194,-0.03653723,0.053641737,0.0246945,0.0780662,0.022683412,0.060273424,0.024346504,-0.015997775,-0.014418614,-0.02895432,-0.014230223,0.07173046,-0.0031724935,-0.007142739,-0.0634431,0.024665095,0.030042216,0.08678259,0.041823037,0.03548668,-0.0047034062,-0.06970893,0.029081924,0.011320211,0.009363214,-0.05834689,-0.031127237,-0.08384909,-0.0042690225,-0.030342638,0.040951516,-0.031220268,0.007078105,0.096189916,-0.0040129754,-0.0133496355,-0.057024404,-0.018229064,0.04589423,0.0019231518,0.024584753,-0.02446142,-0.047803093,0.06657794,-0.028739445,-0.018023541,-0.058433507,-0.06976664,-0.039965224,0.0060842456,-0.03208518,0.026041063,-0.0064657526,0.008604918,0.011694623,-0.07631552,-0.042436633,-0.072034426,0.051685132,-0.05363237,-0.051042344,0.04363412,-0.031190805,0.008554683,0.01145024,0.024610598,0.9999992,-0.019319098,0.09985561,0.00073442963,-0.040259887,-0.07231959,0.031721447,-0.008955205,0.023843667,0.025191741,0.0075284536,0.006047591,-0.063141264,0.0405857,0.00019072104,-0.06837877,-0.06405626,0.08862411,-0.004161912,-0.0777966,-0.04857941,-0.011244735,0.007381462,-0.02290451,0.0005804656,0.033064388,0.054728895,0.033757564,-0.004931018,-0.059397575,-0.0028520122,0.043347854,-0.0021229754,0.020479178,0.011779822,0.030006332,-0.030861827,-0.057931114,-0.030127306,-0.00510281,0.08612485,-0.03032608,0.029828867,0.035926033,0.014643461,-0.07212584,-0.08890072,-0.039583664,0.017320529,0.060882606,0.009848313,-0.030808685,-0.0089350585,-0.07331554,0.03340485,-0.012475012,-0.111115545,0.023591213,0.060324855,0.09498448,0.0008014335,-0.0044496306,-0.011986986,0.0041855006,-0.06528827,0.13158767,-0.046093285,-0.030778486,-0.027655555,0.018539337,0.07487325,0.12060953,-0.06364466,0.018194456,-0.009435798,0.024745125,-0.054067068,0.091763794,-0.08363294,-0.022531493,-0.022362059,0.05532087,-0.008819075,0.042479757,0.11128989,0.059426323,-0.028437208,0.045121282,-0.013389655,0.018079387,-0.01378405
4:164081668:A:C,-0.050327618,-0.05918597,-0.038045794,0.013802205,0.087216526,-0.11285529,0.0082358355,0.011914609,0.0068068695,-0.014152217,-0.052592456,0.03394747,-0.034670997,-0.088128105,-0.06752697,-0.021155322,0.09510119,-0.05038924,0.048794318,-0.013760645,0.0633189,0.06020602,-0.008103873,0.021638587,-0.0037965053,0.0034869015,0.011402845,0.015112612,0.020080946,0.07231497,-0.022611557,-0.023408147,0.0085855685,0.02377564,-6.856173e-05,-0.033543933,-0.047825433,0.02345344,0.049430247,-0.022228967,0.042981878,-0.0022701048,-0.03473834,0.042585008,0.07719195,0.034603454,-0.06509314,-0.04200372,-0.012865873,-0.027035497,0.045373753,-0.008089991,0.013058173,0.05148758,0.09071358,-0.028000738,-0.024793562,0.083708875,-0.015297142,-0.050912872,-0.03844986,-0.014681173,0.028920323,-0.09333983,0.042279735,0.011841699,-0.034784652,-0.014437647,0.1285321,-0.046636418,-0.049060453,0.04426617,0.037983593,-0.040006347,0.045722708,0.025828674,-0.005338868,-0.028911069,-0.06157162,-0.061545804,-0.043547958,0.024539126,-0.019319098,1.0000001,-0.029619437,-0.0017630606,-0.029631084,0.020332836,0.007114087,0.08065446,-0.032385737,-0.045516048,-0.010740994,-0.028360285,0.042672917,-0.050458796,0.08254601,-0.0027718868,-0.07896652,0.02516668,0.047058195,0.011485268,-0.01030653,0.05228492,-0.01606932,0.005025364,-0.036556244,-0.033611648,-0.09128865,0.07143347,0.005025267,0.089157626,-0.037522882,0.049238373,0.005096281,-0.0054292018,-0.0426788,-0.015058247,0.021304023,-0.0073940116,-0.028136134,0.0017717961,-0.05061332,0.030317433,0.050057523,0.057382125,-0.034005214,0.002880755,0.0033563697,0.03155838,-0.06977825,0.03155825,-0.061830062,-0.034152135,0.046793055,-0.08222437,-0.036821492,-0.018236317,0.029028935,-0.045803204,-0.044395406,0.023356035,0.025665311,-0.06266593,-0.0056678504,0.0362152,-0.0049883085,-0.044249706,-0.038449824,0.008137665,0.0031675012,0.0114852525,0.024070922,0.0038950725,-0.005847306,0.0014950742,0.008025911,0.05386419,-0.051236026,-0.038045757,0.0292988,-0.08526629,0.00303944,-0.0133479675,-0.05755607,-0.13404892,0.025526345,0.03011437,0.17458795,-0.022747831,0.03552913,-0.06485959,-0.02366055
14:96180695:G:T,-0.02044475,-0.00977996,-0.027996683,0.05940374,-0.029307598,0.008639744,-0.036822233,0.031420585,-0.06956584,0.0062683644,0.061989676,-0.02089758,-0.004144431,0.0088241445,0.013248857,0.04665532,0.048905205,0.03411098,-0.013584132,0.0045250827,0.0077593704,0.055700205,-0.02327759,0.024175301,-0.037206873,0.037448026,-0.012478883,0.039275322,-0.056958396,0.06865355,-0.087697506,-0.08788481,-0.007720319,0.049305085,-0.01478371,-0.051233154,-0.022787014,-0.0091623105,0.008287957,0.13871852,0.02049977,-0.059337534,0.023174355,-0.057011,0.014877776,0.0033400182,0.015131431,-0.06322043,-0.011363218,0.027146706,-0.0035476477,-0.008677992,-0.10247908,0.09845437,0.0055540614,0.009106732,-0.10196532,0.022506945,0.016321788,0.05226697,-0.021818992,-0.032124043,-0.03724649,0.031027379,-0.03560386,-0.030694218,-0.091576815,-0.0009770839,0.023460815,-0.0029617667,0.086302064,-0.027181344,0.062108688,-0.048302986,0.03364571,0.0055346247,-0.09059159,-0.08943481,0.038392358,0.066405706,-0.014012089,-0.0004767565,0.09985561,-0.029619437,1.000002,-0.051396564,0.05489241,0.1029846,0.041547343,-0.084113665,-0.0065363967,0.010691812,-0.07292454,-0.018563777,-0.03374441,0.042076163,0.021270225,-0.008574786,0.013247616,-0.053240098,-0.0036793717,-0.0147919515,0.0068914383,0.027003003,0.047847517,0.008839161,0.04351081,0.049081065,0.045675397,-0.012152919,-0.05151532,0.010691873,-0.056957655,0.062154442,-0.007949309,-0.044346392,-0.046994403,-0.031439316,-0.027074493,-0.037007995,0.068505965,-0.022367278,0.07816812,-0.0031630811,-0.021518528,0.04172269,0.0069087893,-0.04366867,-0.006944659,-0.021645352,0.07820392,0.009024146,-0.019678455,-0.0026093014,0.00019270652,-0.02270106,0.01192748,-0.037934158,0.042091582,0.05451688,0.054552585,-0.016618155,0.04597233,0.009335439,0.012382427,-0.06877535,-0.011532759,-0.035539076,0.01703015,0.039041787,-0.013784084,0.0067743193,0.0048028263,0.026177227,0.0211123,-0.011642991,0.00014718235,-0.004285641,-0.030264286,-0.005572583,-0.06740321,-0.036729917,5.5771463e-05,0.10336465,-0.026434204,-0.029628392,-0.03730149,0.016277723,-0.072844565,-0.059461474,0.014987371,0.026968185,0.030660372
9:826585:C:G,0.015620884,0.023788655,-0.023620693,0.01152778,0.005885979,-0.011332394,0.039692618,-0.033873178,-0.0048464043,-0.03096648,-0.08446225,-0.05735975,0.013004609,0.0066407784,-0.02620918,-0.004105573,0.04188492,0.03587576,-0.02986796,0.01944307,-0.017649533,0.08456768,-0.06590391,0.027854374,0.0029305846,-0.031071631,0.037527535,-0.04236068,0.0075216508,-0.037496448,-0.01653531,0.06800927,-0.0121311,0.043094207,-0.0028163753,0.040544044,0.06724277,0.033113103,0.03033822,0.0090745315,-0.031811472,-0.02374714,-0.0012020956,-0.04746132,0.022608878,-0.08309418,-0.041873388,0.07466423,-0.004818994,0.02232674,0.0327802,0.055889092,-0.0060359803,0.014917394,-0.024182769,0.05688791,-0.04967212,-0.036816776,-0.0019469878,0.062372074,0.014006383,0.021314839,-0.0014586535,-0.013410499,-0.04996747,-0.083760045,0.02539608,-0.076426856,-0.06963907,0.027448215,0.0102405185,0.032406203,-0.016151303,0.061867356,0.007912813,-0.016164513,0.009041486,-0.111530274,0.046135157,0.035505835,-0.058528814,-0.023933588,0.00073442963,-0.0017630606,-0.051396564,1.0000014,-0.031256407,-0.04132608,0.07946697,-0.044504896,0.019200603,0.0007552332,0.060161702,-0.021461,-0.044489454,-0.006761523,-0.055386283,-0.029417938,0.011279676,0.09576622,-0.07826112,0.05048635,-0.09216108,-0.027729046,-0.0638539,-0.13577436,-0.062501766,-0.013610298,0.04428661,0.03986264,0.015542875,-0.015070393,0.096857116,0.079075746,0.022719823,0.017663548,0.002519381,-0.03965026,-0.013016995,0.039311454,0.053534754,-0.020427702,-0.001880369,-0.01009079,-0.005133245,-0.029729389,0.0021673145,-0.024668153,0.027593447,-0.010072225,0.01772085,0.0070149563,-0.065154865,0.02373414,0.0074003064,-0.052729245,0.0034607442,0.008805122,-0.058276463,0.03932059,0.04532942,0.057896886,-0.0070800874,-0.09379799,-0.072437115,-0.010674226,-0.03516116,-0.0074230097,0.030239912,-0.0023848603,-0.017906094,-0.021606285,0.0068330783,0.05938624,-0.0596234,0.015089875,-0.06789574,-0.062471427,-0.06094371,0.032599315,0.018302374,-0.011926269,0.034824748,-0.0065903626,0.021600202,-0.0482318,0.025717076,-0.020753497,0.070079274,0.028797138,0.08350085,0.08343714,0.009999818
17:76166689:C:A,-0.0030149387,-0.04321105,-0.06367024,-0.0007556111,-0.002565218,0.027347691,-0.01502339,-0.010497446,-0.05085137,-0.010476457,0.0027441923,-0.052479926,0.005743523,-0.029057309,0.071959846,-0.026713047,0.013131017,-0.074546464,-0.011148861,-0.08942647,-0.077390626,0.06337638,-0.0031629784,0.017545933,-0.002129779,0.060287934,-0.061888877,-0.04507189,0.013494254,-0.0070872516,-0.020984711,-0.011582898,0.031426504,-0.032138772,-0.022472594,0.05911489,-0.00040732714,-0.01734083,0.097324155,0.045448042,-0.045391727,-0.045617566,-0.020421786,0.008450392,-0.009302148,-0.047023773,-0.04594896,-0.029119344,-0.022204775,-0.030663421,0.035948925,0.015274149,-0.10701344,0.057475705,-0.04663886,-0.05610023,-0.036672156,0.021642288,0.08151548,-0.011263976,-0.016014535,-0.022846565,-0.024414862,-0.019321462,-0.00041551734,0.026629623,-5.5405544e-05,-0.041597713,0.034364216,-0.035688303,0.014728561,0.0102102915,0.014179539,0.003452558,-0.00069482444,0.039873388,0.04808245,0.06064142,-0.04836917,-0.041960206,0.061284352,-0.029139148,-0.040259887,-0.029631084,0.05489241,-0.031256407,1.000001,-0.033089887,0.04695202,-0.031105999,0.097467944,-0.03690702,0.0709976,0.011469689,-0.029125301,-0.022510407,0.01251907,-0.042966228,0.0033439565,0.008055216,-0.049367305,0.032039814,0.010408511,-0.0270775,-0.007270854,0.020367932,0.08924159,0.009923051,0.027069943,-0.002297637,-0.013003557,0.08873907,-0.076775864,-0.06295091,0.043148376,0.025690021,-0.03792499,0.00808142,-0.011863369,0.037447777,-0.029198235,0.060130544,0.013685189,0.02141133,0.0138835525,-0.0005306868,0.04198447,-0.090301774,-0.058549367,-0.014311283,-0.014370803,-0.031269066,0.05266554,0.08084081,0.05193164,-0.080564186,-0.058732558,0.093773946,0.048226964,-0.03676542,0.041448325,0.012205462,-0.033365272,-0.037741095,0.090504855,-0.0006260827,-0.038337216,0.04547533,-0.048235618,0.03461029,0.02437147,0.032039836,0.1027952,-0.014279923,-0.0033644629,0.042641718,0.047206964,0.003490857,0.0056924224,0.14090984,0.05538499,-0.05148581,-0.024759226,0.026915172,0.027224151,-0.08873913,-0.0070426245,-0.012713961,0.06651695,-0.03919966,-0.024860673,0.011630419,0.0427207
3:49959148:A:G,0.018106285,-0.024308601,0.016876789,-0.08877918,-0.013353117,0.020333918,0.05078086,-0.008946653,-0.013659997,0.023050053,-0.021800749,-0.010287847,-0.051519196,-0.05993652,0.021044118,-0.03432398,-0.010113001,-0.09840152,0.0285937,0.011668303,-0.084176905,0.09382342,-0.0212929,-0.030021578,-0.007833818,0.024205906,0.046098072,-0.11665824,0.052486856,-0.023590812,-0.022875238,-0.156896,-0.11976146,-0.09015087,0.0070892745,0.07783132,-0.054554332,-0.008955465,0.037805732,0.06973206,0.07747903,0.04711081,-0.03427984,0.0031651238,-0.011485062,0.09786886,0.0016562825,0.015989268,-0.057650194,-0.065005526,-0.068586886,0.056322064,-0.019719565,-0.0053231814,0.085687995,-0.031745348,0.010102574,0.011008119,0.0146422945,-0.020292716,0.0032851482,-0.029233417,-0.01347039,0.03994196,0.03567575,-0.028831115,0.021281632,0.022469595,0.0049938355,-0.00092179724,-0.009679892,0.09134085,0.05628819,0.03780581,0.03182168,0.0182265,0.0039693005,0.027320778,-0.0879733,-0.01909922,-0.099484846,-0.036639355,-0.07231959,0.020332836,0.1029846,-0.04132608,-0.033089887,0.9999984,-0.015449867,-0.015306192,-0.0006164301,-0.0053164437,-0.062458996,0.0578258,-0.082417056,-0.084577985,-0.0967478,0.057419334,-0.008901451,-0.1218873,0.08123041,-0.01758076,0.04800281,0.05195643,-0.025896069,-0.028138993,-0.041765194,0.030377677,0.0023737329,0.0031964707,-0.011024209,-0.021426087,-0.0070852973,0.060852602,-0.013693754,-0.051853597,-0.07902284,0.017235784,0.115495466,0.008189973,0.016630178,-0.0012795298,-0.03133515,-0.010213916,-0.06619789,0.027490048,-0.05282816,0.010137804,-0.0782004,-0.037070155,-0.0060939,-0.054463957,-0.027486522,0.07394602,-0.027146816,0.026380632,0.054485258,0.016604332,-0.03250529,0.040199436,-0.106447496,0.034852393,0.094275504,0.037374545,-0.015512361,0.019611457,0.015824124,0.011713438,0.019809952,-0.031876422,0.014059612,0.037459318,-0.012554214,-0.03553052,0.011695291,-0.027015435,0.006063024,-0.0354237,-0.07597121,0.055029385,-0.014654347,-0.012977403,-0.095109865,-0.07288072,-0.010743993,-0.010792933,0.0148813715,0.06771319,0.016876694,0.00061800925,-0.038249828,-0.063468814,-0.047316145
16:9076936:A:G,-0.02796319,-0.033137213,-0.092139155,0.002479339,-0.028582152,-0.033188026,0.07617909,-0.030514648,-0.010917239,-0.06131689,0.051385276,0.0086337635,0.0024172135,0.0060028695,0.050921943,-0.026037542,-0.005365547,-0.028938733,-0.015051164,-0.025947515,-0.024216896,0.017773332,-0.01566438,0.041826535,0.017427295,-0.013575705,-0.016683742,0.056643892,0.07760156,0.071171924,0.049809318,-0.0430014,0.11772617,0.001951392,0.028166419,-0.081704944,-0.07421112,0.0041632415,0.012627971,0.016291011,-0.038245894,0.009414198,0.012965404,-0.021260077,-0.010418305,0.016141742,0.03556556,0.035738524,0.017582728,0.019345962,0.06890712,-0.005468751,-0.031996675,-0.114698686,-0.020901047,0.0038580252,-0.0010874424,-0.02997855,0.04564744,-0.064343035,-0.11459761,0.020709427,0.020997047,0.016344832,-0.0630792,-0.036913432,0.020993743,-0.011263652,-0.007136186,-0.0050127283,-0.0039522853,0.025884513,-0.05406294,0.090853095,-0.039627675,0.038865082,-0.0054873107,-0.03771358,0.012715826,-0.007931341,-0.054278746,-0.05632664,0.031721447,0.007114087,0.041547343,0.07946697,0.04695202,-0.015449867,0.9999996,-0.058957323,0.024776524,0.010178934,0.029410757,-0.038000986,-0.043699205,0.015309653,0.022517687,0.026580941,-0.04351063,-0.020537881,0.0343301,-0.00060442876,0.027350409,-0.055045407,-0.031769272,-0.036588684,0.08741319,0.009979295,-0.123085044,-0.03162014,-0.08664512,-0.021231996,-0.04798209,-0.014420389,-0.0054903384,-0.016813997,-0.01990858,0.0767018,0.041690297,-0.022205366,0.008154115,0.020073773,-0.0027508554,-0.052074365,-0.030825468,0.01842541,0.030624501,0.02314807,-0.008493824,-0.033325132,0.039440226,0.017547572,0.024016384,0.06952623,0.041574907,-0.018342353,-0.06935768,-0.006974359,-0.021786897,-0.033747632,0.051629912,-0.010783097,0.036226932,0.044842396,0.022167059,0.0268905,-0.023343308,-0.022065938,0.06261577,-0.053715315,-0.06697895,-0.018490886,0.064380385,0.013534308,0.0005235229,-0.016842352,0.034448322,-0.025171755,0.012010643,0.07524178,-0.009069862,-0.07213856,0.063434325,0.044288862,0.03602306,0.0369374,-0.095436685,-0.032324526,0.0008503642,0.05723833,-0.09115433,-0.08085424,0.063350424
19:57370055:G:A,-0.0015601489,-0.04450691,-0.020081138,0.04226149,0.038977176,-0.05588489,-0.08008232,0.005925631,-0.014187633,0.01501809,0.03993914,-0.013459947,0.07087003,0.014811815,0.003325456,0.023275591,0.028497346,0.038865034,0.070055366,-0.048363082,0.07077676,0.012263096,0.062239405,-0.039689682,-0.0325549,0.0629215,0.04542716,-0.002108169,-0.038915142,-0.07199882,0.02237524,0.080450624,-0.040475346,0.035483405,0.027669022,-0.015893983,-0.021767184,0.03410167,0.016682424,-0.012279399,0.025738087,-0.06860157,0.07851718,0.013908779,0.03497125,0.022143237,0.08299569,0.029153675,-0.04868439,-0.03234971,-0.045449514,0.01483879,0.0023254338,-0.033047616,0.049562402,0.10248797,0.041527323,0.06818771,-0.007165252,-0.009592939,0.0004643475,0.029424915,0.034367424,0.0595914,-0.009628407,0.01858971,0.007439574,-0.030306293,0.020157522,-0.036534496,-0.0699827,-0.026553672,0.018568512,-0.043795265,0.008424331,-0.087221205,0.023803197,-0.034770846,-0.0011942269,0.09343546,-0.030385032,0.004432834,-0.008955205,0.08065446,-0.084113665,-0.044504896,-0.031105999,-0.015306192,-0.058957323,0.9999984,0.020604948,0.0038020378,0.056690097,0.017621918,-0.021760108,-0.061119232,-0.032214068,0.0034007148,-0.038024783,0.053698067,-0.035174374,0.016529534,0.037861668,0.00968467,0.0117833465,-0.030583024,0.013743078,-0.04601737,-0.009233507,0.027410144,0.033916753,0.034157768,-0.036731094,0.043603662,0.06022306,-0.03734681,0.009845738,-0.029727187,-0.031021098,0.04499991,0.028569473,-0.02194367,-0.048104905,-0.047380865,0.02519961,0.0014665002,-0.0176762,-0.001728077,-0.028758693,0.012787772,-0.03536305,0.08653306,-0.075596966,0.05350357,-0.0026097444,-0.010197267,0.013373292,-0.008983637,0.03227883,0.017219342,0.032494493,-0.041583147,-0.015557688,-0.04277011,-0.05182546,0.006636046,0.05379319,-0.028082607,-0.06181198,-0.032850314,0.023251686,0.051100638,0.0076057515,0.004603719,0.035586134,-0.07950842,-0.07851796,0.04338113,0.055535905,0.03383801,-0.0076935557,-0.056852248,0.04892642,0.08123425,-0.014277857,-0.003801884,-0.007655375,0.052003007,0.05181102,0.055384755,0.032033417,0.056197543,-0.048968643
1:146722222:G:A,-0.052392617,0.014324362,-0.020804003,0.03405933,0.040513553,-0.01546642,0.0025625126,0.010603346,0.028668702,-0.029244382,-0.04860409,-0.13638337,0.0011719196,0.061542295,-0.044586148,-0.002248455,0.026472313,0.0073540267,-0.08775571,0.07476822,0.058704004,0.004205983,0.0040350175,0.062122334,0.006478168,-0.004394501,0.046818763,0.06591726,0.06996391,0.008254233,-0.015148306,0.07330188,-0.109778516,-0.00030504097,0.01738997,0.04865129,-0.01348451,-0.04002076,0.014600145,-0.0029881173,-0.006323056,0.04693622,-0.038102906,-0.0035543246,0.04044314,-0.07287646,-0.04816729,-0.038229868,-0.036012303,0.022367524,-0.024968797,0.046507154,-0.011168068,0.016230155,-0.05734286,-0.050578214,0.001534804,0.026672345,0.0006411618,-0.015070607,-0.0043310397,-0.07531267,0.038759883,0.019880174,-0.097716525,-0.03385389,0.07068416,-0.08896422,-0.023790823,0.00043454283,-0.033273343,0.0035912718,0.05706786,-0.034034733,-0.04447844,0.04086945,-0.01522479,-0.022085164,-0.020024838,0.042377014,0.05505138,-0.005627262,0.023843667,-0.032385737,-0.0065363967,0.019200603,0.097467944,-0.0006164301,0.024776524,0.020604948,0.99999833,0.0035913622,0.009905686,-0.024559455,0.011640791,-0.072219916,-0.010480947,-0.0057279305,-0.03245979,0.072601564,0.012584627,0.0014924695,0.04068296,0.015127199,0.0070382385,0.015571113,0.019250888,0.0061092926,0.0035522822,0.014093061,-0.010363572,-0.06964322,0.037394423,-0.0682385,-0.03716144,0.00076792936,0.010460108,0.058678538,0.037677582,-0.059009537,0.026199043,-0.01787849,0.053198535,0.027360331,-0.0026619302,-0.053875644,0.038772576,-0.009298048,-0.048012864,-0.0006812937,0.010637107,-0.013860127,-0.0038950595,0.014350809,0.046707064,-0.0019294744,-0.020472463,0.06808148,-0.0059080916,0.024120403,-0.06925181,-0.06495159,-0.07137341,-0.06904753,0.03919323,0.012681078,0.0017534974,0.12910908,0.04575039,0.022179151,0.04150692,0.029293815,0.032499105,0.07907753,-0.0075348997,-0.022076067,-0.051820394,0.02743997,0.033239555,0.008103406,0.07925309,-0.01842406,-0.0045633134,-0.015804783,0.033513363,-0.101237744,0.0035419278,0.0122247655,-0.020803979,0.009239179,0.038641006,-0.0432805,0.02778356
5:1354281:C:A,0.086544916,-0.17513826,0.11494722,0.009839808,0.0020856191,-0.013195052,0.023354119,-0.104456946,0.03254535,0.025692737,-0.0056378962,-0.04649723,0.078567855,0.12818368,0.028919721,-0.04289619,-0.06009801,0.058162026,-0.07020378,-0.020668488,0.014610144,0.056261655,-0.06381293,0.04557267,0.029827561,-0.009106343,-0.021941943,-0.029238496,0.026569508,-0.010048131,0.06194444,-0.0030659104,-0.002848358,-0.05045804,-0.04846109,0.05049628,-0.038871985,-0.026636861,0.09054838,-0.024598919,0.0047848173,-0.030163553,-0.057388626,0.039412174,-0.035723183,-0.008970427,-0.0511121,0.021973478,0.06325051,-0.0006469362,0.0024835493,0.0003527618,-0.037539218,0.037124503,-0.046420414,0.027923925,-0.0060562263,-0.032969333,0.09901556,-0.027887266,-0.029549021,0.03411839,-0.018511686,-0.0054063383,0.030963963,-0.016008148,-0.039614394,-0.04094016,-0.034514073,-0.018966902,-0.010443046,0.086783,-0.0030868142,0.02990117,0.035138506,-0.037323505,-0.032565277,0.07169668,-0.012083522,0.003042515,-0.032773994,-0.011411148,0.025191741,-0.045516048,0.010691812,0.0007552332,-0.03690702,-0.0053164437,0.010178934,0.0038020378,0.0035913622,0.9999999,0.0027680008,0.0257118,-0.0069731683,-0.06252498,-0.007392938,-0.04715158,-0.0813848,-0.06692726,0.0025757793,-0.030463452,0.03197006,0.013042466,0.06135738,-0.032790158,0.0052874084,-0.015361183,-0.005248537,0.037160866,-0.03279019,0.025901942,-0.060171697,0.034216855,0.0893137,-0.033513706,0.044656005,-0.02942312,0.017251415,0.10792259,-0.022138435,-0.032958984,-0.0038577423,-0.03903837,0.021669058,-0.025426177,0.03611889,-0.0062384456,-0.09379307,-0.0031363796,0.02269016,0.06259841,-0.019145954,0.0009070475,-0.020903435,0.006632182,0.08078688,0.04064087,-0.029730942,0.027194498,-0.03411844,-0.03919321,0.0526315,-0.023034388,0.020650253,-0.039985128,0.026873725,0.06429281,-0.029549034,-0.03164571,-0.07717549,-0.030463386,-0.034354772,0.0007224426,0.007479131,0.014224071,-0.009701694,0.025442569,-0.03723386,-0.029238472,-0.083767965,0.042820174,-0.0036741837,-0.04452646,0.03619419,-0.025901986,-0.0064777276,-0.04482781,0.042854596,0.008819441,-0.032122947,-0.04607359,0.0053405496
12:123042642:A:T,-0.025600525,0.058105025,-0.03163083,-0.003807276,-0.060536016,-0.01818505,-0.06348404,-0.009248262,0.05164135,0.103923686,-0.044489462,0.09499636,0.010591386,-0.06820622,0.019434469,0.03422338,-0.013445321,0.021127589,-0.020221181,-0.044141524,0.019565843,0.0033961157,-0.032527648,-0.01165836,-0.036060873,0.00555352,-0.062366556,0.009587547,-0.006254329,0.005045607,0.0030063256,0.0549602,-0.0309681,0.05264779,0.023899797,0.03648772,-0.0138294,-0.05885681,0.001413114,0.022522205,-0.08108451,0.055534024,0.009446786,-0.0431469,0.094133735,-0.027146937,-0.12862864,0.017618386,-0.043800514,-0.024395267,0.040809136,0.04711432,-0.04713934,0.059342526,0.0027248957,0.06719853,-0.07526406,0.03888186,0.087659076,0.014436706,-0.00816306,0.059813526,-0.024756154,0.033002052,-0.028787399,-0.032313902,0.025337607,-0.009159305,0.026624685,0.05238297,0.010565066,0.037576053,-0.063980326,0.036087118,-0.016025463,-0.08897243,-0.038257807,0.020709177,0.03729066,0.022705115,0.017214054,0.0592047,0.0075284536,-0.010740994,-0.07292454,0.060161702,0.0709976,-0.062458996,0.029410757,0.056690097,0.009905686,0.0027680008,1.0000001,0.008013803,0.043814614,-0.029753616,-0.051173873,-0.02375492,-0.062200166,0.004670869,-0.026261844,7.891384e-05,0.094538145,0.026659671,0.09169357,0.05697711,0.086883344,-0.004998195,-0.053534973,0.028367352,0.0015071188,0.0027680225,0.042276036,-0.013961866,0.009177971,0.031516742,0.017918706,-0.006179153,0.0025482418,0.019400438,-0.021869227,0.06588616,0.00081168953,0.052110754,0.07923943,-0.021162534,0.009506032,-0.017941644,-0.027838418,-0.00560384,-0.027839206,-0.014999548,-0.006046506,-0.017009057,0.050573856,-0.0025662056,-0.06165936,-0.040749084,-0.055468448,-0.0440258,0.043252725,0.020058699,0.022041982,-0.056545973,-0.045586914,-0.018819757,-0.0178222,-0.0035308807,-0.00816325,-0.0087423455,-0.034935396,0.039720543,-0.013364458,0.111658685,-0.009605079,0.0029872376,-0.11090256,-0.0584173,0.027604992,0.030196749,0.062646545,-0.04208974,0.041756794,0.034151983,0.021122832,-0.00276748,-0.032743406,-0.0054209586,-0.011021627,0.052097928,0.0045914855,0.066485144,0.084381655
1:110865634:A:C,-0.055342298,-0.073242985,-0.039762832,-0.049625255,0.024698917,-0.06637466,-0.023108242,-0.035793,0.057375595,0.01495884,-0.051301684,0.010740008,-0.0067433515,-0.037458878,-0.046158213,0.029465184,0.008763116,-0.025037922,-0.024100019,0.012430834,0.054637965,-0.026251586,-0.026634742,-0.15458174,-0.06376961,-0.07889693,-0.039627533,-0.05771719,0.019715836,-0.04735787,0.062087476,0.036032725,-0.05872725,-0.036235258,-0.06884026,0.029164916,-0.07050929,-0.0035118996,-0.049363796,0.017401624,0.017017609,0.016669208,-0.053001314,-0.019890146,0.0746299,-0.04742008,0.047030922,-0.08249594,-0.026673358,0.06320491,-0.028816786,0.048265643,0.0082683815,0.055739023,0.03227602,0.06953468,-0.018292446,-0.018778974,0.0053027263,0.0144353565,-0.05055355,-0.039397985,-0.010113284,-0.034234352,0.06252232,-0.044727508,0.021499034,0.033950966,0.09641571,0.011760363,0.07649605,-0.0046119695,0.015490354,-0.034260377,0.00855579,-0.009032546,-0.0009748954,-0.07309499,-0.032563258,0.016330434,0.026132908,0.042169373,0.006047591,-0.028360285,-0.018563777,-0.021461,0.011469689,0.0578258,-0.038000986,0.017621918,-0.024559455,0.0257118,0.008013803,1.0000007,-0.0491565,-0.06958846,-0.097473145,0.024385802,-0.07372469,-0.0855187,-0.10158653,-0.05581814,-0.068101175,0.05286853,0.009697788,-0.10097024,-0.028643757,-0.015138876,0.09613075,-0.08637546,-0.0043231556,-0.019773604,0.03879791,0.003184298,-0.017712552,-0.053078707,0.062620975,-0.020520186,-0.09045756,-0.010934327,0.024496013,-0.052218784,-0.05144341,-0.018845124,-0.045136664,-0.05498786,-0.017316831,0.022393776,-0.035868935,0.04821669,-0.07259679,-0.01726553,0.027492605,-0.011575103,0.0022901741,0.051562387,0.011921325,0.03721111,-0.03184599,-0.035889193,-0.03243219,0.07017213,0.06331219,-0.046574,-0.019256672,-0.008394138,-0.0328114,0.016971152,0.042761944,0.06245238,0.050358124,-0.02128377,0.048619434,0.03602624,0.0045862715,-0.03696991,-0.036732577,-0.013523567,-0.054793134,0.014099087,-0.115173064,0.059527803,-0.051329605,0.05472905,0.031192146,0.08042097,0.10112068,-0.02590722,-0.09362506,0.08284582,-0.055999115,-0.009390012,-0.025641805
5:1639658:A:G,0.09260949,0.03228522,0.055666868,-0.02638507,-0.024988618,-0.0034232647,0.015391481,0.03023443,0.033157982,-0.0031798068,0.031602263,0.009641777,0.036654767,-0.056447204,0.030729976,-0.05190098,0.04503201,-0.0506447,0.020125534,0.004639973,0.0136022465,-0.04076805,-0.009207085,0.02033031,0.018874627,-0.030367615,-0.019804187,0.055667132,-0.005011425,0.035605196,-0.017554298,0.031163074,-0.009065484,-0.03453281,-0.0007665045,-0.04131323,-0.010915643,-0.016212061,0.0050561796,-0.04928101,0.014790437,0.015576942,-0.020553548,0.05813191,-0.011239983,-0.058035284,0.053435747,-0.023800509,0.07137596,-0.02866759,-0.0012617186,-0.005328964,0.036454972,-0.047953837,0.091787994,-0.1108558,0.000246825,-0.0023170542,-0.06290177,-0.03967243,0.03586197,0.03709381,0.0034915414,-0.021563226,-0.03725199,-0.00016196434,0.06612624,0.065904915,-0.030599939,-0.001668834,0.007131938,-0.0785554,-0.007883104,-0.042481367,-0.07616064,-0.04169668,0.0018737455,-0.028246,0.013359528,-0.03983611,-0.037967753,0.018730303,-0.063141264,0.042672917,-0.03374441,-0.044489454,-0.029125301,-0.082417056,-0.043699205,-0.021760108,0.011640791,-0.0069731683,0.043814614,-0.0491565,0.9999978,0.008813582,0.036528133,0.0043498436,0.049459845,-0.044286758,0.017497543,-0.034845524,-0.017327972,-0.042308126,0.0050221584,0.056091473,0.003747967,-0.018183576,0.023050046,-0.07718063,0.0053924513,-0.0069732307,-0.0020892809,0.052568525,0.038960416,0.050054498,0.0057510496,-0.015438681,0.020715376,-0.029104581,-0.017039835,-0.04455406,-0.057899505,0.015042863,0.03197392,-0.09457379,-0.0007530751,-0.079646155,0.024363302,-0.04706972,0.004592736,0.043100327,0.044960864,-0.05556224,-0.017714268,0.04302711,-0.07124404,-0.035911083,0.034188297,0.004696034,-0.011973439,-0.055471603,0.025902037,-0.032687593,0.004586301,0.009345369,0.0032666163,-0.013425028,-0.01308939,0.03840668,-0.001787059,-0.007671453,0.015893385,0.007874476,0.031050406,0.06588293,-0.011484189,0.010744864,0.051325057,-0.05735236,0.058813635,-0.019767957,-0.0014048707,-0.043465048,0.02618673,-0.040748313,0.044445798,-0.007313864,-0.0008425452,0.04845963,0.11330728,-0.01437161,-0.041045304
4:9946095:G:A,-0.0086939465,-0.007997918,0.025198271,-0.0265156,-0.04006132,-0.054049,0.111350805,-0.016205294,-0.05301401,-0.041419882,0.040940817,0.0152308,-0.046417553,0.01872293,-0.037702035,0.063801005,-0.057651125,-0.021129077,-0.03365072,-0.012971813,-0.012249841,0.04948742,0.013036882,-0.03635933,-0.12690735,-0.001595885,0.019387025,0.0046223686,0.018353224,0.090652175,-0.00011655949,-0.08435237,-0.032347027,-0.035025317,-0.0011430474,-0.040499672,0.09252124,0.07544127,0.02649656,-0.064289816,0.047852237,-0.027850276,-0.02954984,0.035102088,-0.0057534357,0.036712956,0.06194181,-0.04011914,0.08779187,0.00081713725,-0.06350281,-0.005267456,-0.044856492,-0.07781579,-0.01821785,-0.042699464,0.032495674,0.06547411,-0.00087673694,-0.0004973938,-0.033946227,0.0346224,-0.05015823,-0.015476955,0.023181453,-0.017891802,-0.071573436,-0.04488522,-0.031930767,0.0017455313,-0.008602414,-0.07990066,-0.06825255,0.009187808,0.0011888172,-0.006228598,0.010609301,0.028082587,-0.08866918,0.015858535,0.052442778,0.0074372045,0.0405857,-0.050458796,0.042076163,-0.006761523,-0.022510407,-0.084577985,0.015309653,-0.061119232,-0.072219916,-0.06252498,-0.029753616,-0.06958846,0.008813582,0.99999934,-0.036140315,-0.04099506,0.014886097,-0.0152900135,0.05739353,0.013061308,-0.029226243,-0.023506794,0.059279643,0.08363832,0.042849254,0.005328681,0.019611305,0.04750711,0.046718612,0.041729257,-0.017566653,-0.033645097,0.045659427,-0.03348202,0.030867094,0.0041066967,-0.0067495224,-0.0063427156,-0.018051345,0.05504283,-0.065454796,0.017945327,-0.04793806,0.03213691,-0.023610018,-0.060607426,0.08924884,-0.07509957,-0.030072007,-0.037577726,-0.05741572,-0.005796032,0.011038345,0.030839896,0.024249747,-0.039014157,0.051648427,-0.046113417,0.06141634,0.043370526,-0.044343527,0.03262592,0.020955354,-0.03873247,-0.029367227,-0.027223354,0.0017009513,0.07817477,-0.03383521,-0.0067273867,-0.08258726,0.06482961,-0.00020393501,0.08757635,-0.024942579,-0.029266821,0.0044930265,0.045773767,0.0126554705,0.045622233,-0.013734251,0.022346677,-0.018917434,-0.0069777514,0.01422616,-0.023044502,0.06634932,0.0067255027,0.013752006,0.012096563,-0.049446102
5:78925710:G:A,-0.011298637,-0.0482492,0.02157313,0.042809397,-0.046730064,-0.0028456377,-0.013954595,0.026606692,-0.014783257,0.0048338994,0.0079362085,-0.036758024,0.061317455,0.043633267,-0.09802788,0.03677748,0.009150304,0.019383166,0.06860332,-0.107791886,0.0042846883,0.014907948,0.017156787,0.009828253,0.023257187,0.013215154,-0.051119514,0.021573216,-0.035681106,0.07117585,0.008775798,0.0051345006,0.032910284,0.058777697,-0.028063973,-0.09745071,0.023076124,0.0024610416,0.0028405117,0.0074809683,-0.038544517,0.033865396,0.02586423,-0.0008697992,0.008063319,-0.026894202,-0.044344157,0.014872376,0.018690912,0.0043516518,-0.008066069,0.016052714,0.0113832895,-0.009200701,0.027585506,-0.027594935,-0.016952895,-0.012311202,0.0036718356,-0.014038414,-0.019066766,0.015024349,-0.0005299484,-0.048352912,0.006867233,0.015477602,-0.07441538,0.035951454,-0.095930316,0.008747623,-0.004201499,-0.060515665,0.0051696254,0.029299594,-0.04310777,-0.034487512,0.0128473425,-0.055310216,0.044520557,-0.043070123,0.09233747,0.036231566,0.00019072104,0.08254601,0.021270225,-0.055386283,0.01251907,-0.0967478,0.022517687,-0.032214068,-0.010480947,-0.007392938,-0.051173873,-0.097473145,0.036528133,-0.036140315,1.0000005,0.022196088,0.0069612833,0.08233674,-0.050235003,-0.07583506,-0.034945536,0.038092904,0.00825655,-0.053408064,0.011476988,0.013349223,-0.051025916,-0.0008785179,-0.025189288,0.07229134,-0.033910733,-0.010135522,0.080272764,0.00096536457,-0.06773454,-0.043676093,0.010454784,0.007661999,0.06515563,-0.011583876,-0.04626489,-0.07318423,-0.05816187,-0.005202767,-0.009307057,-0.062708855,0.017843822,0.0866634,0.024036935,-0.028051728,0.04537439,-0.07007524,0.038471084,0.0153152365,-0.05752133,0.0019168028,0.01371239,0.005405916,0.11081276,0.012419992,-0.02151174,-0.027496051,0.03363514,0.031242771,-0.0016144309,-0.010446819,-0.019066771,-0.07877824,0.004406169,-0.04558521,-0.008275076,-0.07280459,0.005033854,-0.009689757,-0.026187487,-0.027642671,-0.031680863,0.021573175,-0.006151804,-0.008873434,0.05563449,-0.01912885,-0.08565523,0.033954285,-0.03947457,0.040211387,0.021573212,-0.07794366,0.014014678,-0.03686492,0.027900493
7:23821866:C:T,-0.05843084,-0.02590759,-0.04443082,-0.044863693,-0.03507591,-0.0027720153,0.068074375,-0.003319991,0.031290032,0.023135193,0.014553057,0.029046869,-0.04787927,-0.020576505,0.1116392,0.004340111,-0.03338972,0.015086441,-0.02307101,0.020255443,0.06031513,0.013163354,0.03368782,0.009574106,-0.052569855,0.030906089,-0.026713975,-0.06575591,0.00052817515,0.02260905,0.09760501,0.045255672,0.0059903045,-0.05411417,-0.04411537,-0.03218995,0.067140475,0.06831687,-0.08259894,-0.09247186,0.08138949,0.010273029,0.008169493,-0.02592002,-0.0037902063,-0.020077288,0.0144857755,0.01912072,0.014078174,-0.05783407,0.024704766,-0.04507667,-0.03554064,-0.016026497,0.049313627,-0.095478535,0.0091723995,-0.059941106,0.026102247,0.029202007,0.03514601,-0.028731208,0.1158288,0.0005363313,0.05148525,-0.07102771,0.011708795,-0.07259842,0.03919264,0.054065175,0.009489154,0.0068740537,0.015934628,-0.010842027,-0.03979697,-0.045682997,-0.010473079,-0.04302323,-0.026025672,0.0075431876,0.014462291,-0.040495023,-0.06837877,-0.0027718868,-0.008574786,-0.029417938,-0.042966228,0.057419334,0.026580941,0.0034007148,-0.0057279305,-0.04715158,-0.02375492,0.024385802,0.0043498436,-0.04099506,0.022196088,0.9999991,0.015437475,-0.010607133,-0.045346383,0.069927566,-0.027769074,-0.034758195,-0.13133442,-0.030695315,-0.10765549,0.038687147,-0.07867113,-0.033127863,0.04583385,-0.02914309,0.1113686,-0.014308396,-0.03674965,0.042896174,0.036412276,0.008655626,0.053139508,-0.07763581,-0.08450352,-0.035890725,-0.0011729097,-0.010512441,-0.02188419,0.021098848,-0.03357391,-0.037055016,-0.010800835,0.063860536,-0.030725293,0.015249853,0.07823025,0.013662209,-0.039375782,0.029426612,-0.013369474,-0.051639237,0.023638533,0.035478763,-0.002077925,-0.054586697,-0.07637265,-0.025759675,0.0062781516,-0.045589846,-0.008667881,0.06964099,0.03514571,-0.041494183,0.02762176,0.02890889,-0.10473394,-0.057254523,0.033184778,-0.020428658,-0.05478183,-0.06537699,-0.055928268,-0.023105703,-0.0036128685,-0.04278709,0.07703079,-0.045515027,0.059665103,0.01113449,-0.02874203,-0.044368528,-0.0017806251,0.039131634,-0.009501931,0.0031009626,0.050631214
3:138244400:C:T,0.055888638,0.054875623,0.022805063,-0.026665702,-0.01820459,0.056107935,-0.006724181,0.03297092,-0.008723364,-0.021355864,0.053354654,0.04443175,-0.07036007,-0.05851535,0.043830954,-0.07442191,-0.027512746,-0.0052425126,-0.017222732,-0.021349486,0.012845814,0.07602637,-0.067091785,-0.03326602,0.12106829,-0.001816973,0.057540666,-0.05072663,0.020621026,0.04900758,-0.027771495,-0.07856571,-0.038868375,-0.040990807,0.01835745,-0.060469013,0.006256361,0.081065774,-0.03787656,-0.030276738,0.057788502,0.007867778,-0.018719684,0.1268452,-0.1432122,-0.051347356,0.07118557,0.012952069,0.10229063,0.0012010143,0.0105543705,0.011550244,-0.0019709754,-0.05828512,0.087985195,-0.06400612,-0.002952814,-0.051726837,0.0843706,-0.009606642,0.05489545,-0.01843942,0.082088344,-0.011700874,0.05494292,-0.0062150136,0.04318684,-0.04864553,-0.030621042,-0.083914585,0.04919157,-0.03481335,0.025195621,-0.0069482,-0.055524286,-0.026084924,0.08969873,-0.006617683,0.017352315,-0.050396357,0.0056064352,0.028689,-0.06405626,-0.07896652,0.013247616,0.011279676,0.0033439565,-0.008901451,-0.04351063,-0.038024783,-0.03245979,-0.0813848,-0.062200166,-0.07372469,0.049459845,0.014886097,0.0069612833,0.015437475,0.99999976,0.032939542,0.059888195,0.02376052,0.04686465,-0.07499041,-0.07514256,0.042067625,-0.027763419,0.094897985,0.13047098,-0.05215499,0.042067725,0.042806767,0.025897235,0.031464685,0.02571936,0.024146799,0.011640797,0.019784685,0.008303291,0.04382847,-0.15323989,-0.051287595,-0.071377605,0.016423209,0.011763979,0.006008034,-0.0038451105,0.05430926,0.023272444,0.0034325123,-0.07202736,-0.013329099,-0.010363292,-0.09307832,-0.014942655,0.029504098,-0.010349216,-0.03330256,0.051042873,-0.0033159852,-0.07349341,-0.008000243,0.0027677356,0.024749478,-0.029955799,0.017818103,0.010340732,0.021172687,-0.024725135,0.07584483,0.05223374,0.0414403,0.034454364,-0.05097867,0.083202966,-0.08358068,-0.0209973,-0.016919734,-0.028539693,-0.013960815,0.10009707,0.013303489,0.015035501,-0.0456754,0.010884729,0.019289348,0.11454134,0.07591353,0.041188058,-0.06684334,0.04095496,0.0023289663,-0.04309195
3:197842892:T:C,0.026389891,0.009062523,-0.03530093,0.024074009,0.06795587,0.09888282,0.011135161,-0.026521994,-0.0018091482,0.017722148,-0.014722645,0.042482868,0.011910888,-0.014829252,-0.037192814,0.013040478,0.057816174,0.06670368,-0.0452541,-0.044702362,0.005852627,-0.011423808,0.04480301,0.03181767,0.015555652,0.068079844,0.039364804,-0.011906469,-0.016152512,0.09852826,-0.0788026,0.05778246,-0.007871659,0.03625821,0.021598995,0.06611406,0.008628,0.0062031467,0.06619999,0.009709998,0.069671914,0.038310654,0.085579306,-0.018601837,-0.011004472,0.058433842,0.021742925,0.051817745,-0.10687139,-0.034255624,-0.052861013,0.015945245,0.045254905,-0.116607085,-0.09700063,0.021579498,-0.05766997,-0.016560065,0.0008601671,0.015677039,0.014987404,0.0086939605,0.06318695,0.00486722,-0.040004183,0.057275362,0.03147438,-0.079337515,-0.06245924,-0.03200467,-0.029870236,-0.10643952,0.0012924083,-0.051880207,-0.0010265925,-0.004285248,-0.0040584384,0.011269321,0.047204196,-0.030151566,0.020251233,0.019664334,0.08862411,0.02516668,-0.053240098,0.09576622,0.008055216,-0.1218873,-0.020537881,0.053698067,0.072601564,-0.06692726,0.004670869,-0.0855187,-0.044286758,-0.0152900135,0.08233674,-0.010607133,0.032939542,0.9999996,0.023031427,-0.042404708,-0.0350477,0.049444284,-0.0043503502,0.04961359,0.057933856,0.018925844,-0.036804985,0.059363768,-0.013352799,-0.047171198,0.0014813521,-0.03632587,0.0052239266,-0.029604327,-0.016313229,-0.04543624,0.04109305,0.054703873,-0.01226269,0.04800866,-0.008259425,-0.08729263,-0.015228434,-0.061792802,0.047125712,0.036786288,0.005509284,0.0075061284,-0.018264158,0.11416157,-0.014917071,-0.052394617,-0.0065292283,-0.01901888,0.0870918,-0.05171754,-0.05550112,-0.014185959,0.14989972,-0.04322943,0.012971849,-0.05144771,0.053571746,-0.034775935,0.005081956,0.039674297,0.055518087,-0.07076225,-0.049035937,0.025093868,-0.021342766,0.005640767,0.027343336,0.027057134,-0.052419174,0.124608405,-0.01904592,0.05827667,0.003000224,-0.053207986,0.028905295,0.07578187,0.0072954656,-0.071365334,0.027518203,0.051228918,0.03488238,0.0308137,3.7279078e-09,0.022134328,0.081407376
7:159048318:T:G,0.0704193,0.06847753,-0.037956074,0.005302428,0.0053129615,0.01521562,0.030317321,0.01188635,-0.09367352,-0.025647838,-0.0060785515,0.0745744,-0.06639617,-0.006789865,-0.019966442,-0.01863577,-0.04876738,-0.010429038,-0.024655042,-0.045548968,0.03593137,-0.0029437218,0.05091759,-0.0012244433,0.0055972906,-0.06323576,-0.04509233,-0.037956204,-0.00520253,-0.010411111,0.02961529,-0.11353071,-0.033624798,0.0024980665,-0.07883765,0.03524069,-0.021005722,0.027539449,0.007887393,-0.060681827,-0.028362958,0.040704206,-0.004100473,-0.041820705,-0.054196198,0.08007047,-0.01265283,-0.010082861,-0.008718052,0.012083528,-0.056836832,-0.028783897,0.0052696527,0.024396269,0.03087725,0.028530845,0.0034367938,0.030787984,0.022553178,-0.033075254,0.010862112,0.056920268,-0.03077641,-0.093120076,0.07350187,0.00089525926,-0.018457396,-0.011636255,-0.06138426,-0.013789605,-0.020848412,-0.04540855,-0.06825221,0.10348672,0.05803077,0.05854047,0.078911826,-0.028842967,-0.027938195,-0.029659305,-0.035798863,0.041586623,-0.004161912,0.047058195,-0.0036793717,-0.07826112,-0.049367305,0.08123041,0.0343301,-0.035174374,0.012584627,0.0025757793,-0.026261844,-0.10158653,0.017497543,0.05739353,-0.050235003,-0.045346383,0.059888195,0.023031427,0.99999636,0.015101343,-0.0024221125,-0.049852278,-0.018503444,0.05939066,0.04720381,-0.029406743,0.06436804,0.07847955,0.008412019,0.0025757935,-0.006664599,-0.033696447,-0.026164774,-0.0019257809,-0.013849944,-0.045719452,-0.031409618,0.06425501,0.015001078,0.011176487,-0.0037585723,-0.050677795,0.04662927,0.041954767,0.046128314,-0.04042738,0.059548162,-0.03759539,0.03183175,0.014214221,0.01533715,0.008730633,0.039787542,0.040261667,-0.028763508,-0.005082639,0.011690677,-0.038129747,-0.044290867,-0.050879106,0.10288485,0.01103456,-0.0026222526,0.005586411,-0.0069522792,0.0089561045,0.010862102,0.011632807,-0.023730999,-0.039546434,-0.05082746,0.03252553,-0.05251994,0.10866852,0.004880128,0.031384632,-0.027483817,0.018865036,0.03331598,-0.008658531,-0.063284665,0.013692533,-0.015161073,0.045408588,-0.06236131,-0.08241445,0.018865054,-0.0779738,6.03632e-09,-0.05876116,-0.033174235
5:1412971:G:A,0.041583292,-0.020087859,-0.025463771,-0.0161056,0.025660612,0.012508425,0.07166304,0.07764658,0.09787762,-0.051119044,0.016597493,0.08154108,-0.044543516,0.05824689,-0.07302053,-0.03735834,-0.024163458,0.047831215,-0.062420852,0.0022852821,-0.0056613437,-0.062128857,-0.05788921,0.030963924,0.061872695,-0.020850854,0.081455484,-0.02546378,0.02453828,-0.027772948,-0.007984838,-0.08931646,-0.0014257622,-0.02685553,0.019516611,-0.016245965,0.024670433,0.06655998,-0.026776103,-0.070516706,-0.016270619,-0.048416134,-0.00669309,0.038458243,0.006188497,0.06366217,0.03198594,-0.0036851328,-0.04728321,-0.041020837,-0.03813055,-0.057790913,-0.030494642,-0.046264485,-0.06184055,0.02837481,-0.0036418175,-0.061712302,0.032348793,-0.046876322,0.045388766,0.011464652,-0.033665832,0.06971767,-0.0047756955,0.006939484,0.008995194,-0.03565466,-0.021346554,-0.050430484,-0.063882045,-0.030463526,0.04316841,-0.026776072,-0.023218865,-0.024148162,-0.05054171,-0.019350057,0.007179929,0.016139546,-0.029935488,0.05089722,-0.0777966,0.011485268,-0.0147919515,0.05048635,0.032039814,-0.01758076,-0.00060442876,0.016529534,0.0014924695,-0.030463452,7.891384e-05,-0.05581814,-0.034845524,0.013061308,-0.07583506,0.069927566,0.02376052,-0.042404708,0.015101343,0.99999994,0.004459457,-0.07674945,-0.05897717,-0.028556824,-0.043786958,-0.016534287,0.01424396,-0.029729774,0.04510515,0.038872078,0.045673355,0.016448898,-0.041743107,-0.008047186,-0.012997936,0.06569523,0.043295573,0.02092738,-0.071086004,-0.061692968,0.049003504,-0.033998493,0.028719842,-0.066553526,-0.019027973,0.011554085,-0.0021946724,-0.059979778,0.0025918987,-0.022548296,0.016059157,-0.016673017,0.0026739878,0.05982759,-0.0007851896,-0.03385607,-0.014883072,-0.031436633,-0.029713638,0.023288425,0.0026458432,-0.046029765,0.03344813,0.013205065,0.004512024,-0.047225993,-0.025734294,0.048609324,0.006437478,0.052433714,-0.015516241,-0.046535023,-0.039078888,-0.049628854,0.0234453,0.013845772,-0.05502385,-0.02546379,0.069798276,0.07282015,0.0088790255,-0.02565976,0.11968786,-0.038872268,-0.0013893688,-0.017589968,-0.025463788,-0.04517862,0.073167495,-0.047705952,0.035152692
14:21974672:G:A,-0.0027752458,0.0067259357,0.040616278,-0.0033173135,0.042078413,0.040434286,0.024973588,-0.068790056,-0.03833774,-0.004858781,-0.008494678,0.063414186,0.05924518,-0.08087852,0.1472584,-0.0366642,0.028605837,-0.033609554,-0.02068646,-0.017688185,-0.09791374,-0.00016269283,0.066033974,0.10036479,-0.06563598,-0.07407334,0.0232207,0.011093175,-0.033219907,0.0103102615,0.0053660744,-0.047668424,-0.021200722,-0.10246836,-0.038508665,0.03655391,-0.047523238,-0.03830687,-0.031797543,-0.0067922683,-0.04203019,0.064255126,-0.011204937,0.0003767479,-0.031662058,-0.03876194,-0.0635241,-0.018366592,0.016587444,0.008358481,0.092398494,-0.054141484,-0.01371669,0.0147652095,-0.022522934,0.033886954,-0.02720247,-0.011332896,0.01507851,-0.094473034,-0.052724842,-0.0014611073,0.058893222,0.0068443585,0.09235755,0.048933893,-0.034962524,0.020924814,0.00878744,-0.041815624,-0.026914379,0.03197004,0.054559622,0.117216356,-0.061713982,-0.0027420411,0.058110878,0.018044828,-0.063848,-0.009885533,-0.009223981,0.017227508,-0.04857941,-0.01030653,0.0068914383,-0.09216108,0.010408511,0.04800281,0.027350409,0.037861668,0.04068296,0.03197006,0.094538145,-0.068101175,-0.017327972,-0.029226243,-0.034945536,-0.027769074,0.04686465,-0.0350477,-0.0024221125,0.004459457,1.0000013,-0.10725495,0.11498521,-0.03391227,0.062257957,-0.025571628,-0.019770881,-0.025572754,-0.0868871,0.08183333,-0.046961185,-0.048113745,0.0603379,-0.04959698,-0.012278047,0.09560071,0.036182787,-0.029944895,-0.034073073,0.058605455,0.029382445,-0.058394298,-0.035665844,0.050640337,0.0045480276,-0.015766913,-0.004571593,0.005940457,0.02349412,0.046319395,0.03545559,0.014961811,-0.08383978,-0.008589954,-0.018773789,-0.02497184,0.014249023,-0.03992409,-0.067439795,-0.041911315,-0.02749124,-0.0070834258,-0.05092803,0.0023347577,-0.030688971,0.00035072525,-0.05272479,-0.05646597,0.04526184,0.061247084,0.06369215,-0.047869746,-0.0015852724,-0.0012390529,-0.016150255,-0.020968026,0.029410109,-0.018430013,0.044801775,-0.059208192,-0.073799476,-0.017158037,-0.0074209026,-0.0070384396,0.031764366,0.010715514,0.040616326,0.039842494,0.013154809,-0.023953155,0.0015383165
4:122750079:C:T,0.048782967,0.00029570513,-0.010910689,-0.025117137,-0.01556405,-0.031070968,0.0035638143,-0.031046351,0.028489223,-0.0028044526,-0.006825732,0.0020768954,0.021687001,0.034646418,-0.043370962,0.032350656,0.0059403903,0.02202227,-0.04653938,-0.018655669,0.057194885,0.00013279004,0.0060679237,0.057069425,0.018560827,0.051793665,0.0038549865,-0.01091065,0.07330547,0.059251495,0.006626046,0.03635794,-0.032898873,0.017508658,0.015776495,0.010930669,-0.024517331,-0.08425924,0.019720916,-0.07853855,-0.046759054,0.008397929,-0.012454681,0.007627607,0.11046119,-0.0152283795,-0.03330415,-0.0005806006,-0.04377131,-0.017576357,-0.0718648,0.037105035,-0.008630962,0.008060413,-0.0149043305,-0.07826805,0.0027788118,-0.08130122,0.012185623,-0.045433715,-0.032440763,0.0003686665,-0.021140771,0.010190382,-0.051030107,-0.017237809,-0.03824608,-0.04688166,-0.0055018966,-0.06500359,-0.043550313,0.013042465,0.017285459,-0.08945699,-0.0071440176,-0.01219773,6.258726e-05,-0.048545446,0.04612911,-0.08669798,-0.03791322,0.041015483,-0.011244735,0.05228492,0.027003003,-0.027729046,-0.0270775,0.05195643,-0.055045407,0.00968467,0.015127199,0.013042466,0.026659671,0.05286853,-0.042308126,-0.023506794,0.038092904,-0.034758195,-0.07499041,0.049444284,-0.049852278,-0.07674945,-0.10725495,1.0000021,-0.030957965,-0.045503955,0.024325224,-0.059900273,-0.0016753031,0.04294885,0.021032434,-0.033929035,-0.07778332,0.0057337377,-0.025729362,-0.0483509,0.04400415,0.012097068,0.0077675832,0.03216032,0.025430888,-0.015609782,-0.05240772,0.042015024,-0.03893403,0.06136409,-0.024357196,-0.028700119,0.018345233,0.056009416,0.011137856,-0.011611965,-0.031783577,-0.017242622,0.07350926,0.02696467,0.018671054,-0.016739372,0.007385659,-0.017132096,-0.056001488,0.0069860206,0.024516487,-0.03520189,0.050482173,-0.052733783,0.051647022,-0.05737977,-0.04850148,-0.05194296,0.0473807,0.048070528,0.031630687,0.0104619535,0.004697437,-0.046199962,-0.048034564,0.047660135,-0.028554335,-0.029451223,-0.017375898,0.052297425,-0.010463021,0.06373822,-0.08419816,-0.013042858,0.036099076,-0.008314855,0.081792384,-0.036585957,0.020653112,0.13014212,-0.034627214
2:29075031:C:T,-0.038832467,0.007844031,0.04910274,0.035390284,0.05364548,0.04568194,-0.028901894,-0.033011608,0.05180128,-0.0012023837,0.0006849711,-0.044112694,0.043199994,-0.050554436,-0.016530266,0.053875715,0.031490583,0.045139894,0.010760096,-0.01257341,0.034682706,0.040273756,-0.010802003,-0.062719226,-0.009157998,0.08749841,-0.061586667,0.086243525,-0.039662965,-0.009083199,-0.033902314,-0.06696056,-0.016487911,0.013879179,-0.02773292,0.09475048,0.0019440866,0.051500514,-0.018665528,0.011344959,-0.07026836,-0.06068825,-0.01862103,0.01403127,0.029186714,-0.047522612,-0.05769278,0.060981754,-0.008066024,0.0073034945,0.101336144,-0.03299572,-0.025656955,0.0033294258,0.03158353,0.08443923,-0.062514134,0.044172686,-0.027358865,-0.004259455,-0.0039976845,0.109868705,-0.096038364,-0.047535267,-0.091641515,0.058500517,-0.03883787,0.071015134,0.0022975612,0.06381184,0.0057023233,-0.0013717862,-0.030864494,-0.018665561,-0.014375557,-0.004104339,0.034446307,0.08166433,0.052993514,0.05306533,-0.0007665313,0.02803395,0.007381462,-0.01606932,0.047847517,-0.0638539,-0.007270854,-0.025896069,-0.031769272,0.0117833465,0.0070382385,0.06135738,0.09169357,0.009697788,0.0050221584,0.059279643,0.00825655,-0.13133442,-0.07514256,-0.0043503502,-0.018503444,-0.05897717,0.11498521,-0.030957965,1.0000004,0.046736382,0.0719659,-0.037976235,-0.05232348,0.024849052,-0.06988932,0.061357398,-0.08069376,-0.014547567,-0.0039593196,0.0021348454,0.052147817,-0.053369213,-0.01824794,0.11118425,-0.0082846135,0.035189904,-0.013940786,0.015971068,-0.011410762,-0.0042972765,0.036854476,0.012157498,0.081166945,-0.022621753,-0.047597855,-0.0056890473,-0.020348659,0.040113863,0.0013440469,0.01985669,-0.02582644,-0.032829747,0.014155303,0.031885985,-0.00048828375,-0.022928465,0.0007531971,0.011381471,-0.02943363,0.05100262,-0.048312027,-0.018521009,-0.08442996,0.012946613,0.004863067,-0.04111719,0.036044292,0.011060268,-0.00449206,-0.026740814,-0.029094517,-0.00369439,0.0334863,0.030532235,0.028849868,0.013588124,0.019944012,0.00041363292,-0.008898804,-0.014310693,0.018679954,0.032639164,-0.043749165,-0.004139473,-0.004137253,-0.04664904,-0.014257791
5:1376174:C:T,-0.017779252,0.008588661,-0.02740854,-0.10011276,0.0031257893,0.008841115,0.0059331898,0.09214702,-0.1014975,0.036425296,-0.023676518,0.0022112671,0.043927316,-0.06348824,-0.01869671,-0.04021138,-0.024576887,-0.058677416,-0.056251016,0.016895054,0.02131837,0.07522216,0.030868774,0.03865052,-0.0027349582,-0.014562795,0.0444602,0.049183078,-0.052088253,-0.028347109,0.01099232,-0.016863426,-0.027267626,-0.039329324,0.008245553,-0.006800814,0.016170153,-0.024969641,-0.028820919,-0.01601394,0.048970614,0.007607184,0.0007165195,-0.026687028,-0.025051892,0.0013144914,-0.012231654,-0.05036642,0.07398306,-0.044153497,0.008110937,-0.0058281864,0.0006929845,0.07604278,-0.036523454,0.011988021,0.085704274,-0.017224466,-0.044751193,-0.0008546413,-0.027699577,-0.00206461,-0.071906365,0.0384545,-0.042613044,-0.060456898,0.015998702,-0.03837771,-0.028290235,-0.012912616,-0.068760596,-0.032790065,0.009626684,-0.028820945,0.016203215,0.0020419147,0.09797684,-0.0208278,-0.060871515,0.009144182,-0.020329231,-0.0096261855,-0.02290451,0.005025364,0.008839161,-0.13577436,0.020367932,-0.028138993,-0.036588684,-0.030583024,0.015571113,-0.032790158,0.05697711,-0.10097024,0.056091473,0.08363832,-0.053408064,-0.030695315,0.042067625,0.04961359,0.05939066,-0.028556824,-0.03391227,-0.045503955,0.046736382,0.9999989,0.01726805,-0.024214126,-0.0060900515,0.0058730124,0.037978172,0.031889703,-0.0024735697,-0.0030229997,-0.044931043,0.04020018,-0.0065437686,-0.0022277748,0.0013369853,-0.01980977,0.053670984,-0.0066502104,0.035124347,0.02184092,-0.030872237,-0.035960026,-0.024497623,0.035748996,0.046805013,0.005275892,-0.032117262,-0.029642338,-0.027797872,-0.059220396,0.051136803,-0.050993025,0.054060172,0.005797056,0.012183209,-0.00021708342,0.087183036,-0.03674028,0.072000735,-0.05658494,0.14918603,0.03638243,-0.05352725,-0.01427678,0.03864739,-0.029665075,-0.05813063,-0.02855685,-0.025486402,0.014869895,0.025913587,-0.023927085,-0.078518055,-0.06476712,0.014282712,-0.027408497,0.012844969,-0.06142664,0.05007763,0.016388683,-0.002625234,0.032789994,-0.015328193,-0.040968817,-0.027408518,-0.007073569,-0.051191013,-0.03470349,0.06760409
3:24347800:T:C,-0.02896908,0.027883159,0.019285921,0.0108849015,0.04626687,-0.024694506,-0.014729284,-0.055726193,0.07286393,0.0065164906,-0.019692335,-0.027591027,0.015275645,0.03978571,0.057838507,0.025125533,0.008577343,-0.038447298,0.00094299694,0.028976267,0.03675723,-0.016821412,0.025329746,0.056021888,-0.04269339,-0.008461,-0.051166035,0.019286048,0.0399988,-0.026476441,-0.017685642,-0.07208475,-0.030815551,-0.012067931,0.04028351,-0.029029734,-0.013138866,-0.09223556,0.08160643,0.057841457,0.078884915,0.02256377,0.0917688,-0.0026465945,0.05253366,0.044494074,-0.030372767,-0.03090482,-0.0073307296,-0.01277591,0.008085904,0.06315563,-0.011301185,-0.029010708,-0.014188257,0.025916543,0.039913885,0.014005711,0.04058938,-0.025464194,0.03913759,0.008822297,-0.023945034,-0.04360221,-0.038708355,0.0018380991,0.00796412,0.032921758,-0.020809915,-0.07030865,0.067467265,0.021704424,-0.045566,-0.0165163,-0.072027564,-0.09006251,-0.011873605,-0.008559088,-0.007050159,0.074863926,0.010598589,0.043786757,0.0005804656,-0.036556244,0.04351081,-0.062501766,0.08924159,-0.041765194,0.08741319,0.013743078,0.019250888,0.0052874084,0.086883344,-0.028643757,0.003747967,0.042849254,0.011476988,-0.10765549,-0.027763419,0.057933856,0.04720381,-0.043786958,0.062257957,0.024325224,0.0719659,0.01726805,1.0000004,-0.06036571,-0.014283424,0.04539215,0.03470948,-0.02754662,-0.02614775,-0.064286605,0.11899757,-0.048738636,0.020712836,0.011170408,-0.021803573,-0.029847432,-0.048446476,0.018919287,0.08676856,0.014625706,-0.006214684,-0.0054347734,0.050516646,0.0024807362,-0.049007166,-0.07717585,0.014664322,-0.015135671,0.052735265,-0.034796353,-0.028904863,-0.047055613,-0.041513074,0.06646181,0.00627278,-0.0449917,-0.00018043161,-0.022867577,0.05364842,-0.035420883,-0.036504917,0.07416731,0.006007001,-0.066497125,0.022297436,-0.048260745,0.017731912,-0.025090162,0.011612345,-0.025092745,0.014533106,0.019985897,0.14909773,0.059646536,0.06052638,0.019285768,0.039031766,0.023744643,-0.044825785,-0.03789699,0.02145379,-0.054538526,0.03744266,0.07167034,0.019285705,0.029065073,-0.021655438,0.0075344793,0.017842652
22:45790132:T:C,-0.008223413,0.03431402,-0.002994709,0.0059855515,-0.037591934,-0.015084622,0.031454466,-0.041332416,-0.030583361,0.049825005,-0.038128443,-0.029464763,-0.041487634,-0.038736165,0.035044782,-0.04380335,0.036190744,-0.034391902,-0.105028614,0.017793411,-0.014582609,-0.075814135,-0.080851495,-0.015095413,0.032528333,-0.05818176,0.039620377,-0.0587852,0.054369327,0.062091187,0.10895443,-0.058624566,0.053878084,0.014345886,0.06333699,-0.015288953,0.03331568,-0.0942151,0.039872386,0.008065551,0.12251903,-0.093646735,-0.06721724,-0.035349775,0.020982483,-0.029671285,-0.02132474,0.09701855,-0.0030342026,-0.034782737,0.019384965,-0.0006368436,0.025466323,0.033843614,0.0054913242,-0.046517815,0.04236872,0.087769456,-0.0040705786,0.015563158,-0.011081308,-0.06574062,-0.019115657,-0.024456311,-0.063796654,0.0021046193,0.04361811,0.0059961006,0.045548983,0.034247946,0.09999503,0.063161865,-0.015959367,0.05551644,0.0056308117,0.02717212,-0.008623859,0.11279771,-0.022289462,-0.00029941497,0.010916937,-0.08546916,0.033064388,-0.033611648,0.049081065,-0.013610298,0.009923051,0.030377677,0.009979295,-0.04601737,0.0061092926,-0.015361183,-0.004998195,-0.015138876,-0.018183576,0.005328681,0.013349223,0.038687147,0.094897985,0.018925844,-0.029406743,-0.016534287,-0.025571628,-0.059900273,-0.037976235,-0.024214126,-0.06036571,0.999999,0.0046473593,-0.022824598,0.02583949,-0.03106581,0.052997906,-0.099171855,-0.055063345,0.13334669,0.013388459,0.057314973,-0.051562093,0.030188194,-0.047795687,-0.009772351,-0.041702136,0.04211426,-0.0066235135,-0.012479178,0.00662024,0.02761684,0.022788938,0.048054926,-0.010120238,-0.011293172,-0.018284133,0.023577899,-0.02572421,-0.031987716,-0.056427695,-0.050397873,0.0664021,0.009261889,-0.02519515,-0.0072658737,-0.0066849696,-0.047291722,-0.007516889,0.017220449,0.043617986,0.05912561,0.0050281906,0.03988986,-0.04155583,0.0013512615,0.013506613,0.039703753,0.025507143,0.030979265,-0.028535709,-0.03679651,-0.02806447,-0.0029947094,0.038917445,0.019766357,-0.028248016,-0.058508683,0.11067564,0.07817989,0.006239216,-0.05381645,-0.0029947138,-0.047586482,-0.029002018,0.04232837,-0.015515613
17:1786461:T:G,-0.04305571,0.057085194,0.0477812,-0.029684111,-0.0005841468,0.012807985,0.011113303,0.016393706,-0.052416418,0.037267406,0.080037385,0.040505327,-0.013931976,-0.011693939,-0.042160396,-0.016641269,0.05446168,-0.042084455,-0.03273044,0.100575946,0.033587243,-0.013123623,-0.0081224535,-0.004180743,-0.042684935,-0.08368277,0.017855685,-0.018733347,0.05769603,0.0037499128,-0.0041868594,-0.095031194,-0.019175071,-0.09443274,-0.03144953,-0.0053464714,0.04063239,0.05160895,-0.06166411,-0.02081727,-0.018652486,0.0038617009,-0.016483821,0.030391714,-0.04753494,0.0016579606,-0.019369522,-0.05188612,0.06060791,0.034112267,0.033605754,0.010833886,0.021775557,-0.038854554,0.010807058,0.019442733,0.05295665,-0.01411045,-0.020641625,0.044352755,0.06109267,-0.031115804,0.03586633,0.0135344155,0.010045987,-0.06484229,0.015424941,-0.068073615,0.032876816,-0.04109304,0.023135612,0.050921608,0.019843735,0.012940927,-0.04288874,-0.025511878,0.0041445727,-0.04071122,-0.07745978,-0.014564711,0.01682838,-0.006872122,0.054728895,-0.09128865,0.045675397,0.04428661,0.027069943,0.0023737329,-0.123085044,-0.009233507,0.0035522822,-0.005248537,-0.053534973,0.09613075,0.023050046,0.019611305,-0.051025916,-0.07867113,0.13047098,-0.036804985,0.06436804,0.01424396,-0.019770881,-0.0016753031,-0.05232348,-0.0060900515,-0.014283424,0.0046473593,0.99999887,0.054161787,-0.025981797,0.013474853,0.06729317,-0.032865107,-0.029537307,0.052163612,0.029779203,0.0061019734,-0.009901493,0.018137189,0.004841628,-0.07427442,-0.0024718433,-0.0038674492,-0.04908819,-0.08051871,0.02020277,0.013061578,-0.015122522,-0.0020095725,-0.07128557,-0.042441394,-0.03609979,-0.052863255,0.024862045,-0.034322858,0.020101381,0.034717485,0.07276559,0.045363616,-0.08222755,0.027868086,0.09258456,0.026084356,-0.057757385,-0.0047625042,0.005172582,-0.0012662451,-0.05414338,0.1477017,0.03410704,0.120860875,0.022757567,0.07263486,-0.009258262,0.013938977,-0.015367034,-0.059106965,0.034598254,0.003438121,0.043193318,0.10591568,-0.035855085,-0.02288256,-0.027403153,-0.0321981,0.048989844,-0.036495604,-0.018733371,-0.01007739,0.024697697,0.030801848,-0.060755555
14:73372069:T:G,0.06635589,0.028809939,0.021497177,0.03756055,0.036161464,-0.037412092,-0.001641804,0.02201393,-0.018391943,-0.0030006415,-0.044956356,0.0054807183,0.08230221,-0.05583464,-0.06287291,0.03153881,-0.041548297,0.067267194,0.06831492,-0.080914676,-0.08196254,0.028901076,-0.0057032304,-0.011546388,0.03879275,0.034681916,-0.0077255014,0.082473055,-0.016186915,0.07394169,0.036319282,-0.08120699,-0.0027797099,0.006076288,-0.045600593,0.055306014,0.0133897895,0.026990896,0.090997905,0.022448817,0.0686251,0.026409341,0.050141484,-0.023433669,-0.046205726,0.066926286,0.07500399,-0.0031823355,0.036235437,0.060825046,-0.028681127,0.008893088,-0.0611835,0.002835868,-0.009602684,0.014778291,0.008359734,0.058429524,-0.040621724,0.01714835,0.033463173,0.069785245,-0.058452923,-0.06568968,0.009003918,0.06662025,0.06057358,-0.049091887,-0.075985715,-0.0049980883,-0.01701306,0.054325204,0.03826362,0.039703105,0.009694678,-0.075651094,-0.0045710728,-0.027793704,0.01180592,-0.021049201,-0.102316014,-0.055354483,0.033757564,0.07143347,-0.012152919,0.03986264,-0.002297637,0.0031964707,-0.03162014,0.027410144,0.014093061,0.037160866,0.028367352,-0.08637546,-0.07718063,0.04750711,-0.0008785179,-0.033127863,-0.05215499,0.059363768,0.07847955,-0.029729774,-0.025572754,0.04294885,0.024849052,0.0058730124,0.04539215,-0.022824598,0.054161787,0.9999975,0.060578816,0.037160836,-0.035327762,-0.08094168,0.026641848,-0.026223242,-0.015705457,-0.011469676,0.0053959913,0.03791485,0.0042217365,-0.014042901,-0.0061032474,0.013194926,0.05894928,0.017264072,0.10666036,0.0035353207,-0.012523702,-0.054382183,-0.0015705245,-0.008050359,0.021308614,-0.0256141,-0.02253443,0.020941805,0.010689726,0.03888916,0.07754785,0.02787792,0.025084957,0.052507885,-0.018982876,0.03169795,-0.064947784,-0.021373313,-0.02433125,0.04046824,0.051069707,0.016981466,0.029917551,0.06800941,-0.008465611,0.09576193,-0.054198302,0.016603842,-0.00043358927,0.0063782376,0.0019806346,-0.019153368,-0.029466439,-0.0027328143,-0.0065183016,0.011222553,0.005724059,0.06582477,0.06663649,0.03994588,-0.03947871,-0.11649998,0.009056454,-0.020423,0.015579859
1:92842367:A:C,-0.017779298,0.008588726,-0.027408475,-0.002285232,0.08273336,-0.011190809,-0.057903945,-0.0007014601,-0.06280619,-0.03350582,-0.052099567,-0.020033613,-0.0020091522,0.042343188,-0.078597374,0.059671827,-0.080429874,-0.013924332,-0.015627524,0.016894965,0.086110674,-0.052174147,-0.024191523,-0.007473275,0.020984313,-0.014562873,0.098828875,-0.027408477,0.036651243,0.031985495,-0.025383554,0.035985913,-0.010541262,0.16391757,0.008245562,0.027928254,-0.11882714,-0.024969717,-0.028820904,0.01393022,0.048970453,0.026092378,-0.05076812,0.03887369,-0.025051918,0.048542947,0.039761413,0.030060155,0.032357194,0.10390815,-0.04104255,0.015111624,-0.016735649,-0.0018585086,-0.0025654095,-0.020171952,0.00802993,-0.017224444,0.00022349198,0.07079223,0.038647372,-0.0020645526,-0.010079052,0.07368694,0.022339752,-0.005266624,0.032421842,0.01757575,-0.02829025,-0.054282036,-0.035343546,0.09656965,-0.11453245,-0.028820934,-0.11768252,-0.06422106,-0.013102824,0.07894748,-0.07738633,0.030536963,-0.020329416,0.026779696,-0.004931018,0.005025267,-0.05151532,0.015542875,-0.013003557,-0.011024209,-0.08664512,0.033916753,-0.010363572,-0.03279019,0.0015071188,-0.0043231556,0.0053924513,0.046718612,-0.025189288,0.04583385,0.042067725,-0.013352799,0.008412019,0.04510515,-0.0868871,0.021032434,-0.06988932,0.037978172,0.03470948,0.02583949,-0.025981797,0.060578816,0.9999987,-0.032790132,0.013898445,0.05471917,0.0036717816,-0.0480228,0.041860946,-0.053949215,0.029358143,-0.04877647,-0.044916447,-0.038356572,0.035124313,-0.036594935,-0.008560867,-0.0016050639,0.027715523,-0.03159838,-0.0064594885,-0.029642243,0.02233778,0.0052759033,-0.011052502,0.010013438,-0.018569944,-0.0015402745,0.054060332,-0.032071907,0.0820195,0.043489236,-0.031982847,0.070392065,0.007787247,-0.01082576,0.026570704,-0.0047882525,0.066313446,0.0033241827,-0.027699606,-0.029665062,0.042556994,-0.028556798,0.0030651677,-0.05751288,-0.014254524,0.042750545,0.09008174,-0.08359825,-0.036910895,-0.027408523,-0.0036793698,-0.043251563,0.0021896656,-0.009616056,-0.05441025,-0.03188974,-0.03780658,-0.005161118,-0.027408514,0.030183148,-0.017063668,0.0374281,-0.02913805
16:74671866:G:A,0.051760986,-0.030483814,0.042854335,0.009839802,0.0020855532,-0.050905455,-0.036733594,0.035375115,-0.02208306,-0.04013124,-0.0591454,0.016317753,-0.00790833,0.0036637303,-0.027462613,0.0041120593,-0.060097978,-0.0050248248,-0.012847236,-0.020668548,-0.092116855,0.116218865,0.022564633,-0.06296459,-0.014824827,-0.025178188,0.012175016,0.0428543,0.06833331,-0.066837214,0.0105851395,-0.0030659004,-0.002848309,-0.007944801,-0.032845523,-0.014882384,0.008778563,0.052177038,0.02990127,0.031771667,-0.029112196,-0.04756296,-0.04123507,-0.08400818,-0.01885117,0.07993854,0.014140197,-0.015878038,0.06325051,-0.047101833,-0.043782927,-0.058777217,-0.037539173,0.012682556,0.033488777,0.05819511,-0.054797832,0.0947378,-0.0068171388,-0.027887173,-0.029549034,0.05014224,0.039684307,0.027756818,-0.07602739,0.035940748,-0.039614465,0.011727289,-0.034514017,0.019972827,-0.041897416,-0.034979437,-0.019782195,0.029901287,0.035138488,-0.0061379154,0.01971252,-0.02221845,-0.043173112,0.003042546,0.07116875,-0.04567888,-0.059397575,0.089157626,0.010691873,-0.015070393,0.08873907,-0.021426087,-0.021231996,0.034157768,-0.06964322,0.025901942,0.0027680225,-0.019773604,-0.0069732307,0.041729257,0.07229134,-0.02914309,0.042806767,-0.047171198,0.0025757935,0.038872078,0.08183333,-0.033929035,0.061357398,0.031889703,-0.02754662,-0.03106581,0.013474853,0.037160836,-0.032790132,0.99999976,0.09393378,0.01609994,0.08931368,0.115961045,-0.0009057767,0.019260498,-0.009124059,0.080657296,0.039726265,-0.06280323,0.023094852,-0.039038405,0.00066800666,-0.04159479,0.052501064,-0.006238409,0.023190882,-0.0031364227,-0.09690866,0.029730964,-0.019145943,-0.015384996,-0.020903457,-0.086464286,-0.005902889,-0.030649073,-0.0132972915,-0.055084344,-0.034118436,0.011226866,0.072778754,0.041573014,0.020650392,-0.05936152,-0.010726993,-0.035110883,-0.029549045,-0.031645723,-0.02031135,-0.030463435,0.019394578,-0.021988142,0.0074791377,-0.017156435,0.04980996,0.043167688,0.0752022,-0.029238528,-0.06821392,0.008604937,-0.04874962,0.053382963,-0.08566434,0.03497942,0.056996774,0.039433733,0.11494779,-0.026249005,0.064245895,-0.02344168,-0.040189616
2:17889705:A:G,-0.05762447,0.009714033,-0.027753897,-0.047473744,0.020946901,-0.050706986,-0.032966953,-0.021726001,-0.023266356,-0.0047702123,-0.042598,0.03138918,-0.051285677,0.019237177,0.12021819,-0.007995703,0.02834339,-0.0047696885,0.033779934,0.08257733,-0.04981076,0.06352255,-0.027775919,0.02127967,0.05091792,-0.07678633,-0.026225122,-0.04600249,-0.02235144,0.032388456,0.050131593,0.038013183,-0.07543337,-0.039824855,-0.013390446,0.033451695,-0.045944326,0.024590252,-0.033021823,-0.010864709,0.0066867,-0.033036184,-0.0023411203,-0.0065213633,0.06111485,0.04634131,0.013422076,0.030438835,0.010450144,-0.02707126,-0.041559644,0.03900031,0.03807446,-0.06375069,-0.026870217,-0.0003122506,-0.07823275,0.02989295,-0.019865362,-0.0663022,-0.083375715,0.0050074845,0.092909954,-0.009329017,-0.0005923098,0.0012417457,-0.032711837,-0.028862642,-0.04510506,0.023887089,0.05975372,-0.07558224,-0.035681713,0.028382959,0.055284884,-0.023587355,0.03525252,-0.027033227,-0.11475809,0.04876134,0.001778456,0.014105988,-0.0028520122,-0.037522882,-0.056957655,0.096857116,-0.076775864,-0.0070852973,-0.04798209,-0.036731094,0.037394423,-0.060171697,0.042276036,0.03879791,-0.0020892809,-0.017566653,-0.033910733,0.1113686,0.025897235,0.0014813521,-0.006664599,0.045673355,-0.046961185,-0.07778332,-0.08069376,-0.0024735697,-0.02614775,0.052997906,0.06729317,-0.035327762,0.013898445,0.09393378,0.99999833,0.057701506,-0.025231807,0.055420727,0.06257057,0.029578665,-0.005322499,-0.013158107,-0.056248177,-0.051115554,0.09185238,-0.0057296623,0.03252927,-0.00060211273,-0.028952926,0.024164816,-0.009713565,0.07189884,-0.086581506,0.030301044,-0.019171085,-0.073369,-0.060324326,-0.039852884,-0.07006189,-0.08210052,0.0071370015,-0.06920882,0.0031045298,0.01065661,-0.0086889155,-0.019138966,0.04881581,-0.109071866,0.050492916,-0.022843895,0.027278572,0.029214198,-0.054064956,-0.09473105,0.033715747,0.023680024,0.05614775,-0.07387377,-0.03180482,-0.009499591,0.011413291,0.026991943,-0.019473873,0.024406796,-0.034864355,0.0057523735,-0.013453921,0.04476116,-0.024893751,-0.023355516,0.008743335,0.09159093,0.036590066,-0.015090156,-0.04391107
20:62125432:C:T,-0.007223046,-0.028469149,0.07024585,0.017160233,0.0028593228,0.0059567434,0.008709283,0.022863364,0.09783905,-0.05875041,-0.010572873,-0.0025517594,0.0038626133,-0.010327995,-0.06701285,-0.05431389,0.06194556,-0.012261231,0.015303551,0.030662859,0.004798678,0.0040673683,0.08179321,0.024644475,0.01431784,-0.0030901602,0.062196355,-0.07992757,-0.040804897,-0.014379478,-0.052625842,-0.038567696,-0.056612074,-0.005470358,-0.04204355,0.032751024,0.020475687,0.07572182,-0.0208816,0.02888062,-0.022620572,0.02373709,-0.040051624,0.031899005,0.018266307,0.052191585,0.051980127,0.022079704,-0.053197585,0.023305766,-0.00495428,-0.0026586475,0.017750977,-0.015602479,0.007526169,-0.07238676,-0.036535114,-0.060906142,0.076586366,0.01623815,0.024532245,0.043199684,0.015441467,-0.010231599,0.050085936,-0.023603128,-0.029503074,-0.015267485,-0.02036822,0.08118247,0.0381664,-0.020133894,0.013334058,-0.038928792,0.016364997,0.00915102,0.00869076,-0.06539519,-0.06464175,-0.072871,-0.0663637,0.007845614,0.043347854,0.049238373,0.062154442,0.079075746,-0.06295091,0.060852602,-0.014420389,0.043603662,-0.0682385,0.034216855,-0.013961866,0.003184298,0.052568525,-0.033645097,-0.010135522,-0.014308396,0.031464685,-0.03632587,-0.033696447,0.016448898,-0.048113745,0.0057337377,-0.014547567,-0.0030229997,-0.064286605,-0.099171855,-0.032865107,-0.08094168,0.05471917,0.01609994,0.057701506,1.0000006,0.0709102,0.0022402422,-0.015768483,-0.077591605,0.0059919693,0.0004677495,0.0012078014,-0.029803429,-0.03508023,0.032410495,-0.025867486,-0.0071931896,-0.0415391,0.028164865,-0.004083343,0.013863989,-0.06258842,-0.0056972164,0.011441484,0.0012433379,0.029044665,0.034652464,-0.009244364,0.036587447,-0.06276706,0.023510862,-0.026510278,0.015391796,-0.013063579,-0.016473869,0.05039022,-0.03875697,0.051029645,-0.024542546,0.0059483293,-0.01353215,-0.012335197,-0.024816528,0.013737034,0.039608486,0.04862827,-0.06054062,0.008203344,-0.015981141,0.025771054,0.027339218,-0.011861152,0.004706264,-0.0036000826,-0.013959598,-0.03352299,0.038250953,0.0005632654,0.0119739305,-0.015567559,-0.010829813,0.047795508,-0.06124188,-0.028969655
3:48357600:G:A,0.0071191164,-0.056690183,0.06828222,0.053167503,0.039291423,0.0044223913,-0.035726678,-0.033423528,0.02769287,-0.2237441,0.083332285,-0.0072569572,-0.0051029916,-0.05662457,0.033397302,0.011868152,0.08961238,-0.04040112,0.043242153,-0.01828279,-0.017720358,0.055891488,0.06070027,0.0010378847,0.058634613,-0.043025732,-0.070029095,-0.04006436,0.009639381,-0.019625785,-0.06797872,0.00899214,-0.035915162,-0.028738596,0.1606844,-0.031229854,0.044324964,0.022723591,0.049014654,0.016126744,-0.03539642,-0.07517158,0.12485859,0.03286526,0.036068674,0.039780058,0.022981018,-0.016737606,-0.015511158,0.07509007,0.009538333,0.0013546386,-0.019532524,0.030343326,0.06990705,0.028896872,-0.05785172,-0.058079462,-0.042087317,0.0055073076,0.05336451,-0.037534878,0.026081942,-0.06091256,0.0066217734,0.007915914,-0.026950117,-0.016522666,-0.09184085,-0.0500862,-0.0059677367,-0.047930777,0.021598993,0.09458684,0.07182312,-0.047007527,-0.065420195,-0.03044508,0.08857058,0.0032788694,-0.049503423,-0.04668749,-0.0021229754,0.005096281,-0.007949309,0.022719823,0.043148376,-0.013693754,-0.0054903384,0.06022306,-0.03716144,0.0893137,0.009177971,-0.017712552,0.038960416,0.045659427,0.080272764,-0.03674965,0.02571936,0.0052239266,-0.026164774,-0.041743107,0.0603379,-0.025729362,-0.0039593196,-0.044931043,0.11899757,-0.055063345,-0.029537307,0.026641848,0.0036717816,0.08931368,-0.025231807,0.0709102,0.9999991,-0.0011414019,0.061190095,-0.05609826,-0.061467748,0.029774789,0.007948118,0.0029871624,0.025689159,0.02917037,0.014839654,-0.023405563,-0.018575352,-0.07159434,-0.042093154,-0.044976253,0.025804855,0.029116794,-0.036685545,-0.019641193,0.027910803,-0.022460936,0.038852025,-0.038846232,-0.066162966,-0.082753494,0.07967798,0.059957217,-0.009812043,-0.020139983,-0.05077668,-0.041943222,-0.05375639,-0.053237084,0.053364802,0.0068942145,-0.005210276,0.010357856,-0.019752981,-0.018083293,-0.026518809,0.03891033,0.047208317,-0.032517113,0.031338092,0.12245535,-0.006157606,0.03447648,-0.0329285,0.037444558,0.010813456,0.047930777,0.0051521584,0.09798371,0.0682823,0.022160443,0.012069135,-0.054129213,0.022411782
12:11757743:G:A,0.032994825,0.03448417,0.0043791723,-0.04457141,-0.0380888,0.041108668,-0.0048636785,0.057437085,0.08200855,0.0009638466,0.054222696,-0.040971722,-0.031657483,0.03475207,0.0151211545,0.006424664,0.091676906,-0.008373019,-0.11537509,0.07409204,-0.030487629,-0.008747124,-0.029438253,-0.088685036,0.046048414,0.020448862,-0.063049294,0.04371295,0.08604856,-0.05043884,0.01993429,0.06059507,-0.06340784,-0.0060869865,0.03891503,-0.020414773,0.025532879,-0.031844247,0.021149117,-0.00068790675,-0.024468817,-0.08380505,-0.09206713,0.032882497,0.026197694,0.08575797,0.019260596,0.059676245,0.090076834,-0.043637116,-0.064963974,-0.009225072,0.056078665,0.04830462,-0.06895956,0.021482078,-0.06687947,0.01635555,-0.0006771926,-0.020713674,-0.052362345,-0.08379306,-0.028200926,-0.013381407,-0.012649619,0.011706452,0.023214834,-0.027392643,0.04846965,0.036999732,-0.031917457,0.04952773,-0.011861481,0.05423772,0.024818715,0.007424905,0.032095045,0.011867628,-0.016566165,0.043705348,-0.06203264,-0.071793064,0.020479178,-0.0054292018,-0.044346392,0.017663548,0.025690021,-0.051853597,-0.016813997,-0.03734681,0.00076792936,-0.033513706,0.031516742,-0.053078707,0.050054498,-0.03348202,0.00096536457,0.042896174,0.024146799,-0.029604327,-0.0019257809,-0.008047186,-0.04959698,-0.0483509,0.0021348454,0.04020018,-0.048738636,0.13334669,0.052163612,-0.026223242,-0.0480228,0.115961045,0.055420727,0.0022402422,-0.0011414019,1.0000011,-0.064691,-0.06850765,-0.0011730313,-0.039644208,0.026397029,0.0054951,0.03474626,0.06586658,-0.018747505,0.048088808,0.008085079,0.03348634,0.020483833,0.025258355,0.022739457,-0.019572293,-0.014668744,-0.0010073537,0.075955346,-0.11892985,-0.000622945,-0.044791777,-0.020775398,0.045549273,-0.01018955,0.042548813,0.035763465,0.06922614,0.058024082,0.03459433,0.024736056,0.05320122,-0.03532594,-0.019587325,-0.057588514,-0.026961789,-0.028348835,-0.007882747,-0.03519753,0.0074373623,-0.0023668467,0.022167832,0.029461455,-0.015287777,0.018785838,-0.03789197,0.04009198,-0.008257121,-0.06252025,0.05012207,0.06491413,0.0018462982,0.04371294,-0.029270351,-0.07010474,-0.0035104828,-0.076906145
20:62269839:T:C,-0.020907914,-0.0445742,-0.07057781,-0.009521299,-0.03977239,-0.06283891,0.093847096,-0.0051490674,-0.08162918,0.01935812,0.049596626,-0.029127521,0.0005790974,0.029308464,0.043747157,0.05476269,-0.03822276,0.030522171,0.029867461,0.085260205,0.104846805,-0.0067200568,-0.06531073,-0.059135165,0.03268568,-0.07398387,0.009238282,-0.07057786,0.015720736,0.017827794,-0.073050536,-0.09244106,0.052844927,-0.013251241,-0.0034384036,0.036987495,0.022355588,0.034005597,0.03925065,0.018996364,0.055072073,-0.018172724,-0.034824558,0.015562309,0.030750582,0.01927966,-0.04031397,0.040266003,0.010668031,0.060131684,0.021270286,0.017770818,0.0522568,-0.056002725,-0.030792566,-0.038980242,-0.043764837,-0.009310341,0.05249683,0.024716247,-0.009012617,-0.067540266,0.010823095,-0.032515556,-0.033473954,0.022723345,-0.060350783,0.012851076,0.03690571,0.015642533,-0.0005147796,-0.00090564706,0.031869203,-0.006135637,-0.08022563,-0.029231004,-0.0021518904,-0.0419185,0.050326113,-0.0074298796,-0.007577704,-0.04501874,0.011779822,-0.0426788,-0.046994403,0.002519381,-0.03792499,-0.07902284,-0.01990858,0.009845738,0.010460108,0.044656005,0.017918706,0.062620975,0.0057510496,0.030867094,-0.06773454,0.036412276,0.011640797,-0.016313229,-0.013849944,-0.012997936,-0.012278047,0.04400415,0.052147817,-0.0065437686,0.020712836,0.013388459,0.029779203,-0.015705457,0.041860946,-0.0009057767,0.06257057,-0.015768483,0.061190095,-0.064691,0.9999977,0.011130464,-0.04524578,-0.016550792,-0.062290363,-0.034123424,-0.07338485,0.008674668,-0.023965139,-0.018787613,0.050526626,-0.005989118,-0.03622757,0.038729243,-0.03724047,0.01413229,-0.11155419,-0.047775675,-0.030359758,0.051641263,-0.04875389,-0.041684072,-0.0018337594,-0.0048353737,-0.08235699,-0.025430243,-0.001558631,-0.03790486,-0.0390647,0.02972194,-0.0012027817,0.036801133,0.03772347,0.040400106,0.059306946,-0.06488663,-0.10875778,-0.05990788,0.042048953,0.023974521,-0.04350357,-0.0090718325,0.027028333,0.037327003,-0.0074051856,0.06658502,0.028502334,0.027750371,-0.018311715,0.0009055547,0.03248682,-0.077049986,0.037326977,0.028879091,-0.024039889,0.09468542,0.07034839
16:90143727:C:T,0.017151717,0.11410575,0.055662546,-0.0380731,0.030297263,0.02945582,0.07099112,0.03867098,-0.07325963,0.060344946,0.060721666,0.002640785,-0.05725928,-0.046348117,0.006827197,-0.027974736,-0.048595965,-0.112294585,-0.018459488,-0.017757697,-0.04379113,-0.003071354,-0.019865585,-0.043873336,-0.0011239599,-0.0016268254,-0.0300206,0.036446378,0.046442956,0.023061909,0.032840956,0.008501462,-0.018296335,-0.041756835,0.009847287,0.04520371,-0.0375905,0.05421104,0.0140765095,-0.08313399,-0.088610016,0.08588705,-0.034968108,-0.009336309,-0.013008853,-0.008857516,-0.051133182,-0.03391857,0.052010864,0.033947688,0.0052467305,0.04977959,-0.009667058,0.011592327,-0.04174419,0.0022136637,0.084164165,0.0049112807,0.053301238,0.050270543,-0.06304368,-0.048935823,0.041324504,0.071736425,-0.04111336,-0.059462026,0.057014953,0.0018978162,-0.016108008,-0.041992098,0.011784472,-0.045651134,-0.06041738,-0.01825428,0.06117217,0.039678596,0.098244384,0.0151790995,-0.045018114,-0.04167983,0.047535352,0.037462305,0.030006332,-0.015058247,-0.031439316,-0.03965026,0.00808142,0.017235784,0.0767018,-0.029727187,0.058678538,-0.02942312,-0.006179153,-0.020520186,-0.015438681,0.0041066967,-0.043676093,0.008655626,0.019784685,-0.04543624,-0.045719452,0.06569523,0.09560071,0.012097068,-0.053369213,-0.0022277748,0.011170408,0.057314973,0.0061019734,-0.011469676,-0.053949215,0.019260498,0.029578665,-0.077591605,-0.05609826,-0.06850765,0.011130464,0.99999875,-0.020056814,0.008900211,-0.053641822,-0.015419674,0.008612685,0.012008813,-0.023882437,0.046524737,-0.13248438,-0.001914678,-0.010565219,0.06832713,0.056370318,-0.0893671,0.009655358,0.008831937,-0.030397275,0.05291866,-0.0886389,0.060699955,0.03242194,-0.013418316,-0.062114347,-0.13257803,0.0019964133,0.055726055,0.023118488,-0.03340149,0.05213485,-0.05962035,0.020187147,0.021619525,-0.0146549875,0.121139325,0.027443161,-0.0016127055,0.12628521,0.022615783,0.007116701,-0.069789305,0.01996856,-0.040419623,0.037230324,-0.0551194,-0.023337012,-0.010701073,0.022330247,-0.067944534,0.035609826,-0.013350968,0.017229874,-0.037798926,0.102748506,0.024429848,-0.019506922
19:33750118:C:T,0.018454807,-0.029804619,0.08239791,-0.022107434,-0.022427063,0.020527294,0.03288903,0.034459855,-0.01441338,-0.017933972,-0.031269044,-0.06661763,0.020817578,0.006070248,-0.016122501,-0.006397071,-0.029703923,0.0044989637,0.04408176,-0.090085365,0.028312316,-0.03478839,-0.015712464,-0.02387534,0.06614879,0.056892995,0.010284517,0.019932015,0.042553365,-0.012325743,-0.072766736,0.032198157,0.035744492,0.01570825,-0.09281543,0.012852796,-0.076213256,0.06937492,0.053801503,-0.05775231,0.09068024,0.07776175,-0.09044792,0.08724634,-0.06303852,0.10368458,-0.0541218,0.028428135,-0.069078445,0.001920533,0.009802895,0.044086676,0.051615074,0.0077049094,-0.012443609,0.006035672,0.019500116,-0.10642597,0.11064103,-0.006195618,0.03367114,-0.018052105,0.08380678,0.05608358,-0.02198449,-0.0006712914,0.07654392,0.033613216,-0.04233716,-0.011134675,-0.048791625,0.017251506,-0.06522534,0.0012536388,-6.786644e-05,-0.064758934,-0.056403097,-0.056055486,0.016655432,-0.010284639,-0.058316544,0.049805548,-0.030861827,0.021304023,-0.027074493,-0.013016995,-0.011863369,0.115495466,0.041690297,-0.031021098,0.037677582,0.017251415,0.0025482418,-0.09045756,0.020715376,-0.0067495224,0.010454784,0.053139508,0.008303291,0.04109305,-0.031409618,0.043295573,0.036182787,0.0077675832,-0.01824794,0.0013369853,-0.021803573,-0.051562093,-0.009901493,0.0053959913,0.029358143,-0.009124059,-0.005322499,0.0059919693,-0.061467748,-0.0011730313,-0.04524578,-0.020056814,1.0000005,-0.05567886,-0.06058341,0.054506347,-0.003551702,0.04448438,-0.008483259,-0.057555605,0.016395586,0.03030228,0.008679521,-0.045604564,-0.0716356,-0.017126467,0.020784045,0.039654545,-0.027238553,0.072485514,0.06850532,-0.06778714,0.031365603,-0.036230255,-0.037484035,-0.055194817,0.07682073,0.0044517205,0.0065110857,-0.10186743,-0.02514703,0.0017694195,-0.047494713,0.03606041,-0.038201872,-0.016780715,-0.024350485,-0.058368042,-0.018708358,0.03348759,-0.041159015,0.017663352,-0.025579637,-0.011300971,0.0669146,-0.031915143,-0.103463516,-0.10859383,-0.015512397,-0.01725159,0.06507552,0.02991489,-0.011301002,0.043252353,-0.104374446,-0.003196761,-0.007411534
16:73071381:C:T,0.025131993,0.00012906814,0.059823085,-0.026399024,-0.034041427,0.039249588,-0.085905805,-0.087880746,-0.052837204,-0.055265173,-0.011957674,0.0055927043,-0.043809596,0.06248389,-0.034662828,0.04566235,0.0006241552,-0.006919747,-0.082336836,-0.03637352,-0.028018253,0.07389869,-0.068922624,-0.057788007,0.043075565,0.035143953,0.013137473,-0.0047496906,-0.019521648,0.02155632,0.03546916,0.06873879,-0.06896666,-0.07091455,0.055821534,-0.009881147,0.019558122,0.078030534,0.035745807,-0.027880255,0.017594853,0.019240465,-0.034359127,0.09141178,0.027309906,0.013278978,-0.023630895,-0.059582982,0.011651385,-0.0076518035,-0.00020574106,-0.0147406785,-0.0055941604,-0.015646745,-0.042275444,-0.0035712067,-0.05609013,-0.0027127226,0.029003143,-0.052498285,0.013845118,0.109596916,0.0005699605,-0.0067025498,0.0017418704,-0.04821805,0.019695463,0.044453643,0.015804091,-0.0675365,-0.03304613,-0.02840354,0.009394318,-0.07289492,-0.0084011955,0.005164465,0.076116934,0.031439956,0.03400547,0.014109559,0.03237221,-0.03969339,-0.057931114,-0.0073940116,-0.037007995,0.039311454,0.037447777,0.008189973,-0.022205366,0.04499991,-0.059009537,0.10792259,0.019400438,-0.010934327,-0.029104581,-0.0063427156,0.007661999,-0.07763581,0.04382847,0.054703873,0.06425501,0.02092738,-0.029944895,0.03216032,0.11118425,-0.01980977,-0.029847432,0.030188194,0.018137189,0.03791485,-0.04877647,0.080657296,-0.013158107,0.0004677495,0.029774789,-0.039644208,-0.016550792,0.008900211,-0.05567886,0.99999774,-0.03048728,0.050007634,0.004343471,0.0059749205,0.025373379,-0.04750555,0.040752593,0.11880726,-0.038790584,0.013344026,-0.18070292,0.028063225,-0.013836925,-0.0038585188,0.11464486,-0.024741994,-0.03797432,-0.089099646,0.008735069,-0.0097615,0.04469057,-0.0026037886,0.010673108,-0.027380727,0.04136006,-0.02078821,0.06668718,-0.036109604,0.013845216,0.014827584,0.014260436,0.051978905,-0.04039002,0.017268071,0.08247418,-0.0253832,-0.06533153,0.002888093,-0.0070359707,-0.037036218,-0.009305899,-0.0021323569,-0.014648472,0.019526672,0.015189575,0.0011382307,-0.019817622,-0.0055066566,-0.0047499137,-0.0885639,0.028772064,0.03385216,-0.012525963
6:109590004:A:G,0.010347352,0.013004211,-0.003422647,0.0012091188,-0.10118617,0.035272606,-0.072317235,-0.00595875,-0.005941052,0.1498428,0.043184146,-0.052324302,-0.018802026,0.0014212437,0.04509153,-0.0109923305,0.009594043,0.045049686,-0.0762623,-0.03799045,-0.0170486,-0.042393655,0.014387348,0.01603934,-0.09159319,-0.0117535,0.06978402,0.014891771,-0.03485559,-0.04035446,0.054238077,0.0027385398,-0.02429172,0.021728903,0.019101458,0.052806083,-0.006409575,-0.10990066,-0.026709013,0.08479781,-0.08344071,-0.033084918,0.0065184925,-0.058593143,-0.0027949237,-0.042624477,-0.015571404,0.070636466,0.011892882,-0.0055135703,-0.020796558,0.093850225,0.0102738105,0.0034934585,-0.0826933,0.07006654,0.01379769,0.041260384,-0.012817484,-0.041223772,0.01769421,0.0060291523,0.04276494,0.03934327,0.05551004,-0.04508759,0.021196727,0.04649571,0.0017897111,0.016303439,-0.07650682,-0.0066722594,-0.0014842576,0.019511007,0.05613683,0.030271754,-0.08358236,0.0013753703,0.088754125,-0.038360685,-0.047897447,-0.020837406,-0.030127306,-0.028136134,0.068505965,0.053534754,-0.029198235,0.016630178,0.008154115,0.028569473,0.026199043,-0.022138435,-0.021869227,0.024496013,-0.017039835,-0.018051345,0.06515563,-0.08450352,-0.15323989,-0.01226269,0.015001078,-0.071086004,-0.034073073,0.025430888,-0.0082846135,0.053670984,-0.048446476,-0.047795687,0.004841628,0.0042217365,-0.044916447,0.039726265,-0.056248177,0.0012078014,0.007948118,0.026397029,-0.062290363,-0.053641822,-0.06058341,-0.03048728,1.0000001,0.007551428,0.020895215,0.04433607,0.022464538,-0.011473099,-0.06354261,-0.041700758,-0.010854308,-0.038676936,-0.046450026,0.036469266,-0.07176334,0.024289548,0.05388983,-0.018893449,0.01965807,0.013501578,-0.036469262,-0.039799068,0.06724312,0.10855538,0.0028491002,0.0091036465,0.100723565,0.042226415,0.04224357,0.04928338,0.06528855,-0.049012624,-0.033582397,0.016983487,0.06592385,0.08775617,-0.019228956,-0.031863913,-0.015068167,-0.03710623,0.019964185,0.03320627,0.024477413,-0.05016467,0.04391423,0.043984726,-0.08845165,0.022138586,-0.01224598,0.026231548,-0.0034226843,-0.024689477,-0.012240719,-0.02004846,-0.05028971
14:65049474:A:G,0.07303543,0.01217081,0.0576829,0.074461184,-0.03805563,0.0011116815,-0.05098313,-0.060548738,0.029476555,-0.0382973,6.518701e-05,0.01017229,-0.003307856,0.055008844,0.043340392,0.03277886,0.053250544,0.012038777,-0.070672825,-0.0005779231,0.005542223,0.07486085,-0.0065324293,0.022762978,-0.0025131064,0.052839242,0.03176932,0.11069331,-0.07901159,-0.019887263,-0.058194466,-0.037462868,-0.053663746,0.014345716,0.030276824,0.05308293,-0.0009829109,0.07830671,0.008629099,0.020422906,0.048147995,0.06117996,-0.06630812,-0.003202486,-0.11962982,0.01454585,-0.032678682,0.0039470517,-0.03533956,-0.02093897,-0.057263557,-0.02101432,0.077172704,0.04704491,-0.017755795,0.049583822,-0.01012977,0.028349848,0.09493052,0.027143637,-0.069260634,0.001421059,-0.06262822,-0.018341376,-0.021457171,0.039944924,0.000851245,-0.007442407,0.0113743115,0.015615997,-0.0595918,-0.01803705,-0.023397025,0.008629099,0.0387869,0.021776004,-0.005264581,0.039996777,-0.028867114,-0.05022815,0.078394994,0.025764864,-0.00510281,0.0017717961,-0.022367278,-0.020427702,0.060130544,-0.0012795298,0.020073773,-0.02194367,-0.01787849,-0.032958984,0.06588616,-0.052218784,-0.04455406,0.05504283,-0.011583876,-0.035890725,-0.051287595,0.04800866,0.011176487,-0.061692968,0.058605455,-0.015609782,0.035189904,-0.0066502104,0.018919287,-0.009772351,-0.07427442,-0.014042901,-0.038356572,-0.06280323,-0.051115554,-0.029803429,0.0029871624,0.0054951,-0.034123424,-0.015419674,0.054506347,0.050007634,0.007551428,0.9999999,0.051523175,0.07027547,-0.06954571,-0.0348867,-0.04106297,-0.0011738082,0.09865769,-0.0037636538,0.003846349,-0.019875338,-0.06104368,0.037359625,0.008168778,0.04258173,-0.056108333,0.031385966,-0.044571407,-0.056961976,0.039817482,0.04230746,0.009454166,-0.022142401,-0.070692055,-0.07113378,-0.043304298,-0.03384158,0.037886184,-0.008603725,-0.012081075,-0.010710067,-0.0117204925,0.030554518,-0.0013540944,0.04206613,0.035156183,0.12085932,0.07523155,-0.01299795,0.03171833,0.044482,-0.073229305,0.05343436,0.035591967,-0.05657313,0.044302046,-0.07289611,0.057682786,-0.07044611,0.059050515,-0.018306512,-0.00079876295
3:169923523:G:A,-0.09521283,0.0065358076,-0.038896445,-0.007942454,-0.03836711,-0.017226009,0.016659098,-0.059074994,0.016700143,-0.05548219,0.0051568258,-0.07771415,-0.028161453,-0.03393076,0.034067616,0.14584424,0.04977288,-0.015460539,0.000252532,0.03471321,-0.017820893,0.028003829,0.0155091,0.02105446,-0.014973565,-0.019124907,0.034817286,0.056853447,-0.010696637,-0.06820999,-0.04435976,0.092973806,-0.014688418,-0.013152463,0.007476737,0.0316342,-0.041198727,0.07505571,-0.047613323,0.10337227,-0.0025358733,-0.009617182,0.027596207,-0.051191006,0.026403068,0.099831335,-0.024379712,-0.029583532,0.024622295,0.05045494,0.016858611,0.019845737,-0.092625275,0.107734814,0.031578988,0.07787749,-0.015937204,-0.078423925,-0.018163934,0.00973441,0.011377892,0.01878571,0.04609891,-0.034252718,-0.022129504,0.002491932,-0.061321653,-0.0058870655,0.03917221,-0.05404792,-0.038398415,0.023094835,-0.02834524,-0.020764139,0.001414205,0.11020293,-0.046196155,-0.012233489,-0.043028988,0.050368886,-0.032275893,0.069188334,0.08612485,-0.05061332,0.07816812,-0.001880369,0.013685189,-0.03133515,-0.0027508554,-0.048104905,0.053198535,-0.0038577423,0.00081168953,-0.05144341,-0.057899505,-0.065454796,-0.04626489,-0.0011729097,-0.071377605,-0.008259425,-0.0037585723,0.049003504,0.029382445,-0.05240772,-0.013940786,0.035124347,0.08676856,-0.041702136,-0.0024718433,-0.0061032474,0.035124313,0.023094852,0.09185238,-0.03508023,0.025689159,0.03474626,-0.07338485,0.008612685,-0.003551702,0.004343471,0.020895215,0.051523175,1.0000001,0.051558055,0.016931342,-0.07715908,0.054199852,-0.042347882,-0.118790485,-0.021291021,0.030481754,-0.006740201,-0.009017364,0.037411008,-0.023287214,-0.07404501,0.07826485,-0.0055373255,-0.029636804,-0.018774211,0.04151311,-0.07260111,-0.053020757,0.012074089,0.037991144,0.020226078,-0.13662916,-0.020749666,-0.07156525,-0.047033653,-0.034383778,0.018307796,-0.011117193,0.038418166,-0.055240773,0.06877307,-0.0043824,-0.01823726,-0.044164456,-0.0069797654,-0.045312613,-0.022375004,0.021621788,-0.009673025,0.0083228415,-0.050047737,-0.0002606552,-0.05809882,-0.07081305,0.0003549324,-0.021331917,-0.035555936,0.029533891
5:1219258:G:C,-0.033737667,0.018937992,0.032501776,-0.052635994,-0.084286384,0.068444945,0.039635956,0.018114885,-0.002387546,0.007684925,-0.023354014,-0.16761948,-0.01801762,0.0054124575,-0.042635206,0.037066404,-0.041926008,-0.00896593,0.009031456,-0.061956957,-0.05175824,0.042609874,-0.0069505847,-0.059888266,-0.035529442,0.058168076,0.0036154648,0.09763494,-0.17898291,-0.047430694,-0.0054734373,-0.0020997492,-0.01823966,0.006948738,0.023924787,-0.028770396,0.053691965,0.04147727,-0.034312923,0.036956206,-0.009071708,0.031064264,-0.054604672,0.026767995,0.006757921,0.03369518,-0.058777362,-0.025766987,-0.025194058,-0.052567266,0.076536335,-0.06036031,0.04528909,-0.006629139,-0.03481996,-0.013076254,-0.008054236,0.0058655553,-0.018856913,0.08834417,0.07986549,0.023600763,-0.033030923,-0.065075815,-0.0369245,0.059436865,-0.022851266,-0.045690946,0.013313642,-0.06462582,-0.025028063,-0.03903837,0.0205112,-0.034312937,0.010751813,0.036240894,0.05996986,-0.024796741,0.042690866,-0.080076106,0.0020909281,0.047362432,-0.03032608,0.030317433,-0.0031630811,-0.01009079,0.02141133,-0.010213916,-0.052074365,-0.047380865,0.027360331,-0.03903837,0.052110754,-0.018845124,0.015042863,0.017945327,-0.07318423,-0.010512441,0.016423209,-0.08729263,-0.050677795,-0.033998493,-0.058394298,0.042015024,0.015971068,0.02184092,0.014625706,0.04211426,-0.0038674492,0.013194926,-0.036594935,-0.039038405,-0.0057296623,0.032410495,0.02917037,0.06586658,0.008674668,0.012008813,0.04448438,0.0059749205,0.04433607,0.07027547,0.051558055,1.0000013,0.073291324,-0.0077539356,-0.052846726,0.008197909,-0.016749596,-0.04716844,-0.0073651215,0.041914452,-0.07581508,0.0590226,0.108304076,-0.06351375,-0.049203448,0.01978347,0.03232143,0.018325254,-0.038077563,0.0018111665,-0.070819154,-0.00510604,0.010779567,0.022308528,0.044979155,0.003957636,-0.032978017,0.08553155,-0.041808024,-0.033998463,0.047353372,0.038221586,0.078674294,-0.03415669,-0.018207245,0.0029607909,0.04892986,0.032501932,0.10241653,0.035060443,0.027041312,-0.037985597,-0.0075293505,-0.015965352,-0.010602688,0.024306027,-0.03263143,-0.0591142,-0.014510915,-0.024959097,0.022897985
1:151374025:T:C,-0.012177609,0.0118050445,-0.037475947,0.041962072,-0.018486446,0.033335377,-0.013248194,0.030326797,0.031306982,-0.04757863,-0.016274055,0.05759478,0.026419975,-0.02848734,0.022194332,0.03420418,-0.08787461,0.019629765,-0.008837083,-0.061138093,-0.001589378,-0.03778718,-0.0006989774,0.019650413,-0.033347346,0.055671595,-0.04329585,0.012261125,0.0042530857,-0.015759818,0.0030877313,-0.022771591,0.12504014,0.003906744,-0.02224248,0.064059064,0.0010457292,-0.052265838,0.012893109,0.030713871,-0.0125528695,-0.019008182,-0.0010635101,-0.018927641,-0.04013841,-0.009618474,0.0060971156,-0.003582159,-0.08085126,-0.044346508,0.013040625,0.035846483,-0.00345384,-0.043011136,-0.026907139,-0.014064598,0.028913759,0.009383481,-0.06500155,-0.12058564,0.06265695,0.052021597,0.042204935,-0.059529282,0.04893987,0.0065372204,-0.0024171404,0.11406211,0.024368508,-0.07869779,-0.001790486,0.042670116,0.002988309,-0.00802703,-0.09624406,-0.01071458,-0.020052826,0.12810263,-0.030680694,-0.04731065,-0.03743752,0.06748102,0.029828867,0.050057523,-0.021518528,-0.005133245,0.0138835525,-0.06619789,-0.030825468,0.02519961,-0.0026619302,0.021669058,0.07923943,-0.045136664,0.03197392,-0.04793806,-0.05816187,-0.02188419,0.011763979,-0.015228434,0.04662927,0.028719842,-0.035665844,-0.03893403,-0.011410762,-0.030872237,-0.006214684,-0.0066235135,-0.04908819,0.05894928,-0.008560867,0.00066800666,0.03252927,-0.025867486,0.014839654,-0.018747505,-0.023965139,-0.023882437,-0.008483259,0.025373379,0.022464538,-0.06954571,0.016931342,0.073291324,0.9999992,0.018317644,0.05654404,0.021910492,-0.027471755,-0.058040217,-0.03736566,-0.0240276,-0.0068963063,0.03973025,0.006546897,0.006873836,0.11520066,-0.076231256,0.12606573,-0.021977844,-0.082422435,-0.012551597,-0.05027928,-0.006217709,-0.030907609,0.01283622,0.035907146,0.027722381,0.01957241,-0.0021098088,0.07133806,-0.04303206,0.061667513,-0.0075226123,-0.04405309,-0.075052634,0.08819498,0.007913302,0.06982594,0.06199831,0.032287657,0.016988195,-0.052117784,-0.042418707,-0.02012331,0.020332824,0.030050127,0.03589629,0.03712976,-0.037024103,-0.016621236,0.05039519,-0.07229892
11:9642200:G:C,-0.0113773765,0.03275658,0.0023981591,0.04207877,-0.077138126,-0.016296884,-0.051783822,0.006792301,-0.0034515725,-0.028243424,-0.02315187,-0.019656068,0.05873967,-0.035120677,-0.08296668,-0.02457156,-0.057421207,-0.037098307,-0.0044718655,0.06319104,-0.042761836,-0.049573913,-0.049956832,-0.018658921,-0.065576024,-0.003207639,-0.03424311,-0.035894405,-0.009029674,0.062556304,0.061781287,0.018319717,0.04419811,-0.059785843,-0.0027949843,-0.06299719,0.019254886,-0.050143097,-0.017611306,-0.0064586573,-0.02408947,0.03237375,0.006157882,0.020567475,-0.003857268,0.009329858,0.049809415,-0.10114395,0.06948764,-0.01464301,0.10188929,-0.0047245957,-0.013131168,-0.05306538,0.11397444,-0.06636827,0.03295364,0.049231768,-0.032342218,-0.030372566,-0.03903992,0.036565755,-0.005300378,-0.016135145,0.0118466355,0.019775687,0.07455094,-0.028113453,0.033557583,-0.005592242,0.024811454,-0.04159497,-0.041412245,0.030707724,-0.05517659,0.007689203,0.023360414,-0.029354779,-0.08673624,0.0780796,-0.022237582,-0.025094751,0.035926033,0.057382125,0.04172269,-0.029729389,-0.0005306868,0.027490048,0.01842541,0.0014665002,-0.053875644,-0.025426177,-0.021162534,-0.05498786,-0.09457379,0.03213691,-0.005202767,0.021098848,0.006008034,-0.061792802,0.041954767,-0.066553526,0.050640337,0.06136409,-0.0042972765,-0.035960026,-0.0054347734,-0.012479178,-0.08051871,0.017264072,-0.0016050639,-0.04159479,-0.00060211273,-0.0071931896,-0.023405563,0.048088808,-0.018787613,0.046524737,-0.057555605,-0.04750555,-0.011473099,-0.0348867,-0.07715908,-0.0077539356,0.018317644,0.9999984,-0.052675746,0.007815182,0.021203315,0.001284184,0.06406668,-0.01617339,0.0118504865,-0.0010924686,0.083523065,-0.033449046,-0.036674086,-0.022753445,0.072910555,0.05874459,-0.108910225,0.013257318,-0.009509935,0.034691554,0.060509883,-0.090405986,0.041630886,-0.08938843,-0.022454387,-0.059572164,-0.027131392,0.025515715,0.101794966,-0.07669341,-0.03716053,0.010844112,0.057972174,0.017435089,-0.024924641,0.002398119,-0.005461084,-0.07640653,0.075824216,-0.010209638,-0.09006243,0.025426107,-0.00062559545,-0.005142938,-0.035894435,0.02879182,0.025593312,0.022870852,-0.019820305
3:101267385:T:C,-0.052669942,-0.07019606,-0.025724174,0.055084955,-0.027618982,-0.04632867,0.02391546,-0.017616495,-0.012751443,-0.040401116,-0.12176802,-0.024530515,-0.03821215,-0.0073540416,-0.008023172,0.028668238,0.006693577,-0.020089911,-0.033444826,-0.05027014,-0.01823786,0.04317237,0.036874477,-0.015224073,0.049565807,-0.008838525,-0.046147943,0.01307421,0.035054438,-0.039027937,-0.018756343,0.015740745,0.010182576,-0.03614972,0.026180511,0.030585572,-0.028940992,-0.01990054,-0.0719272,-0.030156098,0.02589458,-0.097500816,-0.000993721,-0.0003466182,-0.007193626,0.0021641257,0.07862897,0.06985898,-0.057431217,-0.06019065,0.01957773,0.006315914,0.062941596,0.056132797,0.05598301,-0.023027608,0.02633521,-0.01608401,-0.030957732,-0.043749474,0.055224087,0.06774532,0.06953446,-0.0437757,-0.024913954,0.09616876,0.034658294,0.014763743,0.014661135,0.025893182,-0.007403808,0.019736793,0.040557,0.042306285,-0.047503494,0.07468961,-0.082528986,0.003617322,-0.02910542,0.0015080902,-0.041859616,0.0025939094,0.014643461,-0.034005214,0.0069087893,0.0021673145,0.04198447,-0.05282816,0.030624501,-0.0176762,0.038772576,0.03611889,0.009506032,-0.017316831,-0.0007530751,-0.023610018,-0.009307057,-0.03357391,-0.0038451105,0.047125712,0.046128314,-0.019027973,0.0045480276,-0.024357196,0.036854476,-0.024497623,0.050516646,0.00662024,0.02020277,0.10666036,0.027715523,0.052501064,-0.028952926,-0.0415391,-0.018575352,0.008085079,0.050526626,-0.13248438,0.016395586,0.040752593,-0.06354261,-0.04106297,0.054199852,-0.052846726,0.05654404,-0.052675746,0.9999988,-0.017905569,0.0051048356,0.04406205,-0.029888064,-0.0178465,0.02845763,-0.02954551,-0.021744352,0.04130305,0.056925986,-0.014434988,0.057644807,-0.008660178,-0.037562918,0.054835536,0.058901887,-0.035207506,-0.064951934,-0.057414614,0.04340782,0.056739803,-0.0119936,-0.08483179,0.07261271,0.018286219,-0.016648395,0.042813815,0.055379566,0.057715,0.06289769,0.050767835,-0.026190434,0.032473274,0.019054268,0.004749717,0.058186058,0.023687681,0.0055151284,0.029409595,0.05731815,-0.037972488,0.09067068,0.033177435,-0.017287565,0.046394214,0.05004085
14:20812951:G:A,0.058828108,-0.0375467,0.09193007,-0.00085777504,0.048899636,0.018774249,-0.0004353773,0.0045770365,0.06255442,-0.0026115961,0.010079341,-0.04254169,0.055762008,0.09423797,-0.0348106,0.036977865,0.08162113,0.02160386,-0.0033244616,0.018360607,-0.028815798,0.055686068,-0.07835312,0.036869764,-0.021305714,0.027647058,0.07961072,-0.020669283,0.045215104,-0.102901116,0.008487608,0.028936194,-0.044242285,-0.03925022,-0.028559446,-0.003095911,-0.018034654,-0.053023454,0.033519737,-0.014440491,0.051047526,-0.001963059,0.018341191,0.12806295,-0.012206591,0.08765253,-0.028805088,-0.008423213,-0.00608307,0.002981125,-0.06306726,0.01156698,0.007165494,0.03422869,0.05002199,-0.037582215,0.042427547,0.0014162092,0.018840877,-0.048628047,0.03871874,0.042889223,-0.061800547,-0.039198935,0.0686582,-0.024706557,0.012512197,-0.05407613,0.052761927,-0.034177646,0.0013672274,0.08884943,-0.031709038,-0.029628068,0.028940605,0.042219263,0.06592277,-0.0442283,0.04069004,0.047373474,-0.0034856945,0.018212741,-0.07212584,0.002880755,-0.04366867,-0.024668153,-0.090301774,0.010137804,0.02314807,-0.001728077,-0.009298048,-0.0062384456,-0.017941644,0.022393776,-0.079646155,-0.060607426,-0.062708855,-0.037055016,0.05430926,0.036786288,-0.04042738,0.011554085,-0.015766913,-0.028700119,0.012157498,0.035748996,0.0024807362,0.02761684,0.013061578,0.0035353207,-0.03159838,-0.006238409,0.024164816,0.028164865,-0.07159434,0.03348634,-0.005989118,-0.001914678,0.03030228,0.11880726,-0.041700758,-0.0011738082,-0.042347882,0.008197909,0.021910492,0.007815182,-0.017905569,0.99999875,0.021085614,0.016907172,-0.09192179,0.10246409,0.020294297,-0.055073176,0.04027146,-0.024812087,-0.001794386,0.006124408,0.01731556,0.0031083727,-0.038717967,-0.07801853,-0.035909068,0.029333739,-0.07376407,-0.070694,0.0005253572,-0.06481813,0.071231075,0.006645698,-0.044495422,0.011553863,-0.021473961,-0.082717784,-0.079480045,0.0009256202,-0.07034278,0.003962831,0.016392224,-0.05820255,-0.010512361,-0.047312703,0.06722911,0.05604041,0.08324391,0.06963022,-0.014190735,-0.03143162,0.016863815,0.11582347,-0.041809615,-0.03834591,-0.061874967
19:13220703:C:G,0.07315932,0.062925875,0.049651545,0.049146224,0.004222107,0.050924733,0.01944543,0.0032431327,-0.008466727,0.033191808,0.0051101255,0.08476315,-0.010075567,0.012544336,-0.014969401,0.02768055,0.119457714,-0.015954152,-0.0404411,-0.0037457712,0.024346022,-0.023253107,-0.037899625,0.056507356,-0.08670186,-0.02670745,-0.042664506,0.049651492,-0.032193318,0.025774604,-0.022628142,-0.02156875,0.0023369913,-0.0014964431,-0.031130517,-0.002087137,-0.020378845,0.08129074,-0.03935197,-0.0004768938,-0.040327195,0.0058016772,-0.0058798995,0.0030309318,4.6010467e-05,-0.031125786,-0.05869452,0.060069647,-0.00639326,-0.047534965,0.01931555,-0.06759262,0.01575676,0.004708632,0.016248666,-0.055647213,0.015334874,-0.006023481,-0.047209807,-0.050285753,0.0044646603,0.05862449,-0.029488482,-0.04053073,-0.008116015,0.008590097,0.01580947,-0.06300268,-0.018557979,-0.02637194,-0.04380671,-0.043657217,-0.0010932876,-0.022704287,0.035461724,-0.013495946,0.022566915,-0.035312824,0.011274234,0.04761563,0.03422778,0.07743104,-0.08890072,0.0033563697,-0.006944659,0.027593447,-0.058549367,-0.0782004,-0.008493824,-0.028758693,-0.048012864,-0.09379307,-0.027838418,-0.035868935,0.024363302,0.08924884,0.017843822,-0.010800835,0.023272444,0.005509284,0.059548162,-0.0021946724,-0.004571593,0.018345233,0.081166945,0.046805013,-0.049007166,0.022788938,-0.015122522,-0.012523702,-0.0064594885,0.023190882,-0.009713565,-0.004083343,-0.042093154,0.020483833,-0.03622757,-0.010565219,0.008679521,-0.038790584,-0.010854308,0.09865769,-0.118790485,-0.016749596,-0.027471755,0.021203315,0.0051048356,0.021085614,0.9999996,-0.006349601,-0.012690215,0.0026725917,-0.01766782,-0.022760943,0.04604757,0.045902763,-0.014180988,0.01439495,0.0063495734,-0.010585672,0.011752791,0.008887591,-0.01097304,0.084901966,0.0655669,0.07196835,-0.10751362,0.03010744,0.07303575,0.114936955,0.046683285,-0.04026031,-0.077848725,-0.023473937,-0.023130162,0.05033155,0.006224757,0.06488748,0.038156986,-0.029507564,0.03161849,0.0074409484,-0.036824815,0.10387201,0.040659208,0.07708113,0.06384147,-0.015579393,0.010071921,0.0028133017,0.07054263,-8.641734e-05,0.012373806
1:28219658:C:G,-0.017938307,-0.0120409,-0.018647796,0.0018283592,0.036230635,-0.034362454,0.102750145,0.018028246,-0.029022645,0.06939945,-0.053580806,0.023483904,-0.03067497,-0.0006950568,-0.13464418,-0.033702765,0.06253795,0.0101725785,-0.030759243,0.055465568,0.07331101,0.004783364,0.04991362,-0.021946846,0.011933203,-0.035793066,-0.008531766,-0.018647736,-0.008695861,-0.0077609927,0.0039872825,0.03977621,-0.03460656,-0.01834267,-0.038882967,0.10513166,0.0293901,-0.009896793,0.0049469057,-0.037692685,0.004038338,-0.07983325,-0.012448259,-0.036063667,-0.048367597,-0.0028388596,0.033021078,0.057687733,0.02001691,-0.0927389,-0.036249634,-0.06189736,-0.0014966424,0.04359942,-0.028971387,-0.040189456,-0.017342038,-0.02435846,0.05379541,-0.05276561,-0.02446479,-0.027981242,-0.041067902,-0.01591015,0.0012631716,-0.01667085,0.06142155,0.0046917307,0.043546155,-0.008901924,0.110292114,-0.036003478,-0.03205678,0.004946837,-0.05838047,-0.0002008692,0.07533519,0.006955072,-0.023791304,-0.10399724,-0.015015813,-0.03008499,-0.039583664,0.03155838,-0.021645352,-0.010072225,-0.014311283,-0.037070155,-0.033325132,0.012787772,-0.0006812937,-0.0031363796,-0.00560384,0.04821669,-0.04706972,-0.07509957,0.0866634,0.063860536,0.0034325123,0.0075061284,-0.03759539,-0.059979778,0.005940457,0.056009416,-0.022621753,0.005275892,-0.07717585,0.048054926,-0.0020095725,-0.054382183,-0.029642243,-0.0031364227,0.07189884,0.013863989,-0.044976253,0.025258355,0.038729243,0.06832713,-0.045604564,0.013344026,-0.038676936,-0.0037636538,-0.021291021,-0.04716844,-0.058040217,0.001284184,0.04406205,0.016907172,-0.006349601,1.000002,-0.055159543,0.0063496944,0.049396925,0.015754668,0.013538158,0.043114923,-0.04947537,0.0019128454,0.029137805,-0.04117371,-0.03689852,-0.049948033,-0.057605814,-0.063817896,0.11396141,0.002495567,0.034403615,0.012944838,-0.05817929,-0.026200706,0.03344531,0.0148832705,-0.028382778,-0.025983544,-0.007487001,-0.011855295,0.02499551,-0.10413785,-0.03301335,-0.01864768,-0.059229027,0.021831477,0.025688918,-0.025482869,0.015537711,0.0031361831,0.04167032,0.0043228646,-0.01864771,0.012909892,0.034683816,-0.041123368,-0.016956752
17:73993546:C:T,0.09520093,-0.021898411,0.03205773,-0.057373103,0.048945174,0.028992841,-0.038955644,0.036765285,0.09370181,-0.005863768,0.030987829,0.00688076,0.026753303,0.08773059,0.0022649206,0.023945449,0.044701602,0.09486801,0.013717663,-0.021216407,-0.036867578,-0.0088981725,-0.010409568,0.033887096,-0.02680614,0.042817313,-0.057161383,0.052289866,-0.05038892,0.062344134,-0.06688015,0.062419493,-0.03094614,-0.028368395,0.02127561,0.09452006,0.044433497,-0.055581152,0.05498426,-0.034485992,-0.07440018,-0.03892755,0.02281071,-0.05299614,0.0014968114,0.002343908,0.04113897,0.00048572765,0.0054650684,0.097272635,-0.086164884,0.017264849,0.0058395662,0.11329499,-0.053910494,0.03093234,0.06903258,0.019207384,-0.05454769,-0.017295502,-0.005574819,0.015430726,-0.09963167,0.06623955,-0.050244905,0.048924513,-0.07776094,-0.07951464,0.022545991,0.04527612,-0.010055752,0.07394683,0.034734752,-0.030114522,0.052100804,0.040836155,0.01086965,-0.004191802,0.01143087,0.02901921,-0.03770685,0.062174585,0.017320529,-0.06977825,0.07820392,0.01772085,-0.014370803,-0.0060939,0.039440226,-0.03536305,0.010637107,0.02269016,-0.027839206,-0.07259679,0.004592736,-0.030072007,0.024036935,-0.030725293,-0.07202736,-0.018264158,0.03183175,0.0025918987,0.02349412,0.011137856,-0.047597855,-0.032117262,0.014664322,-0.010120238,-0.07128557,-0.0015705245,0.02233778,-0.09690866,-0.086581506,-0.06258842,0.025804855,0.022739457,-0.03724047,0.056370318,-0.0716356,-0.18070292,-0.046450026,0.003846349,0.030481754,-0.0073651215,-0.03736566,0.06406668,-0.029888064,-0.09192179,-0.012690215,-0.055159543,0.9999988,-0.02748811,0.011256105,0.05557438,-0.010094413,0.022291448,-0.014606713,0.077859014,-0.055526275,-0.0047168215,0.045277424,0.02292666,0.01529874,0.026025483,-0.025499221,-0.00717822,0.010080224,-0.034754984,-0.0055747004,-0.024739854,-0.007899841,-0.016866164,0.03186244,0.048820782,-0.07714349,-0.014041573,0.024227215,-0.0035600585,0.033355106,-0.048870705,-0.032750446,0.0056982306,0.045016527,0.041243017,-0.0200702,0.04565179,0.012749122,0.034544382,-0.048870753,-0.03352588,0.027044773,0.023864884,0.027904717
7:50258206:G:A,-0.03671682,-0.07277999,0.020272484,0.039111897,0.07668348,0.057250656,0.005433317,-0.038589384,0.020130154,0.057554193,0.018635597,0.023483923,0.01601038,0.03963891,-0.028108869,0.04243102,0.005774204,0.11250919,0.010526622,-0.012647623,-0.017231112,0.026362266,0.0032817582,0.001491128,0.048092246,-0.05314623,-0.026950087,-0.018647563,0.058943935,-0.10995518,0.04095618,0.08005949,-0.017607436,0.02755969,0.045419335,-0.009578219,-0.022059515,-0.05244528,-0.027793838,-0.02247633,0.02233795,-0.08922629,0.039875828,0.038894836,-0.021041987,0.009160645,-0.0022060897,0.037253357,-0.064592265,0.0075786454,0.013705247,-0.040616084,0.042785432,-0.06196267,0.09182017,0.10689012,-0.017341962,-0.053905882,0.04236834,-0.05276559,0.04296415,0.015271902,0.06889408,0.028848521,0.017766196,0.01137418,-0.0053423606,0.0046917843,0.07864825,-0.050945904,-0.04253679,-0.036003556,0.0039958446,0.10316892,0.009653941,-0.050708335,-0.028147912,0.006955119,0.04334499,-0.017030446,-0.0037929993,0.043914028,0.060882606,0.03155825,0.009024146,0.0070149563,-0.031269066,-0.054463957,0.017547572,0.08653306,-0.013860127,0.06259841,-0.014999548,-0.01726553,0.043100327,-0.037577726,-0.028051728,0.015249853,-0.013329099,0.11416157,0.014214221,-0.022548296,0.046319395,-0.011611965,-0.0056890473,-0.029642338,-0.015135671,-0.011293172,-0.042441394,-0.008050359,0.0052759033,0.029730964,0.030301044,-0.0056972164,0.029116794,-0.019572293,0.01413229,-0.0893671,-0.017126467,0.028063225,0.036469266,-0.019875338,-0.006740201,0.041914452,-0.0240276,-0.01617339,-0.0178465,0.10246409,0.0026725917,0.0063496944,-0.02748811,1.0000026,-0.06122168,-0.054608073,0.004682861,-0.057403225,-0.049475424,-0.046195544,-0.032965485,-0.09669761,-0.006621164,-0.02272831,0.051161934,0.0059402124,0.020500574,0.04433757,0.085151404,0.048720993,0.1103928,-0.026200723,0.06414413,-0.022548225,-0.057399705,0.059840385,-0.01769276,-0.020325989,-0.07138824,0.058536917,0.027686426,0.020272678,-0.0004510997,-0.061289974,0.0013546553,0.027374445,0.015537568,0.003136421,-0.03828693,0.06800804,-0.018647667,-0.006022189,0.052025713,0.08105628,-0.1029861
7:123420442:C:A,-0.06550819,0.030699605,0.012541868,0.022832282,-0.060329124,-0.03463642,0.014612999,0.03415954,0.06179218,-0.034466673,0.042618472,0.0375361,0.008879578,0.008921307,-0.068646856,0.08533632,0.0005592426,0.057325978,0.017545437,-0.051210716,-0.011684908,0.045261048,0.09858208,-0.048970424,0.02732619,0.020672107,0.0592471,-0.04345145,-0.014789089,-0.099038534,0.032003358,0.084774524,0.06863592,-0.025295023,-0.009612614,0.004475507,0.035823885,-0.015779875,0.036739677,-0.07350698,-0.015387991,0.11318801,0.030479942,-0.028927384,0.014424136,-0.06492387,-0.0129388,0.042646334,0.052029386,-0.0038496302,-0.009168097,-0.05403058,-0.121597,-0.01939868,0.01321891,-0.080590285,0.04595971,-0.06406857,0.008726447,0.008538801,0.050400276,0.02477536,-0.012295921,-0.04077794,0.0023521364,-0.03479937,0.03625778,0.0016536027,0.038569614,-0.03228798,0.027392674,-0.0033842223,-0.061603434,-0.010363371,-0.019150961,-0.060769632,-0.013453605,-0.107987136,0.016585864,-0.007949266,0.052418552,0.016332379,0.009848313,-0.061830062,-0.019678455,-0.065154865,0.05266554,-0.027486522,0.024016384,-0.075596966,-0.0038950595,-0.019145954,-0.006046506,0.027492605,0.044960864,-0.05741572,0.04537439,0.07823025,-0.010363292,-0.014917071,0.01533715,0.016059157,0.03545559,-0.031783577,-0.020348659,-0.027797872,0.052735265,-0.018284133,-0.03609979,0.021308614,-0.011052502,-0.019145943,-0.019171085,0.011441484,-0.036685545,-0.014668744,-0.11155419,0.009655358,0.020784045,-0.013836925,-0.07176334,-0.06104368,-0.009017364,-0.07581508,-0.0068963063,0.0118504865,0.02845763,0.020294297,-0.01766782,0.049396925,0.011256105,-0.06122168,0.9999969,-0.049432024,0.14731646,0.07162738,0.020959817,0.025134554,0.010166986,0.034122553,0.05819405,-0.050630722,-0.056940697,-0.031224942,0.018385194,0.017741947,-0.10281293,0.022545723,-0.014271558,-0.032599423,-0.022799693,0.03400967,0.04590952,-0.060374193,-0.07782145,-0.081848204,0.06548785,0.09184238,0.027794428,0.012541881,-0.067934826,0.011376671,0.024801034,-0.030664604,0.0009912958,0.06643117,-0.044050444,0.016662503,-0.062115848,-0.0064977957,0.033265673,-0.045836903,0.049481478
18:74691225:A:G,-0.010714771,-0.021608043,-0.021938752,0.010765249,0.008740318,0.0074131167,0.048342623,-0.059393,0.043720324,0.020544548,0.033391252,-0.015662061,-0.0538045,0.061290544,-0.030221097,0.03071107,-0.0020603782,0.0055130245,0.005909623,-0.081312686,0.010082466,-0.044614337,0.021010092,-0.0023674439,0.035383847,-0.039468825,-0.0028587242,-0.0026464425,0.009965126,-0.084715694,0.00075591163,-0.005954641,-0.008250371,-0.011761074,0.016814724,0.04432122,-0.036834553,0.008134466,-0.055527568,0.0096418,-0.02611257,-0.047921635,-0.010089232,-0.07833351,-0.048848018,0.044935532,0.011551389,-0.009927753,0.0081920745,0.01438393,-0.028724857,0.038116276,0.051283725,0.0953149,-0.05898191,0.05279879,0.022948904,0.029826403,0.039198924,-0.034371316,0.022393174,-0.051583957,-0.04976968,0.042317092,0.020426333,0.052317385,-0.003281449,0.035052467,0.03960741,0.015599408,-0.03820386,0.017198801,-0.037269197,-0.023069207,-0.03686644,0.03761195,-0.062197667,-0.008294007,-0.031252332,0.019293727,-0.014665203,0.019397525,-0.030808685,-0.034152135,-0.0026093014,0.02373414,0.08084081,0.07394602,0.06952623,0.05350357,0.014350809,0.0009070475,-0.017009057,-0.011575103,-0.05556224,-0.005796032,-0.07007524,0.013662209,-0.09307832,-0.052394617,0.008730633,-0.016673017,0.014961811,-0.017242622,0.040113863,-0.059220396,-0.034796353,0.023577899,-0.052863255,-0.0256141,0.010013438,-0.015384996,-0.073369,0.0012433379,-0.019641193,-0.0010073537,-0.047775675,0.008831937,0.039654545,-0.0038585188,0.024289548,0.037359625,0.037411008,0.0590226,0.03973025,-0.0010924686,-0.02954551,-0.055073176,-0.022760943,0.015754668,0.05557438,-0.054608073,-0.049432024,1.0000011,0.02864093,0.057081386,0.041853864,0.05031975,0.028222036,-0.016075661,0.0194239,-0.020413125,-0.015692033,-0.00700038,0.054555014,-0.016276944,-0.02294457,-0.024432413,-0.0110304635,-0.047608435,-0.045176987,-0.016672933,0.0010151967,-0.017809262,-0.05727692,-0.06095303,-0.0010342824,0.083078,-0.119044825,0.055230223,-0.055018988,-0.050185334,0.031774346,0.032477405,-0.0077537247,0.015384935,0.008239651,0.019419517,-0.0026464427,0.018946009,-0.06017306,0.0033111053,-0.026572024
18:650816:G:A,0.035763778,0.0011278228,-0.043752417,0.007275145,-0.0855519,-0.058194626,-0.06960964,0.03940703,0.09388995,0.06189001,0.0042132274,0.0019627577,0.056464814,-0.03286891,-0.09255093,0.008636701,0.072615966,-0.026546385,-0.031900283,0.0047982717,-0.034480322,0.034460075,0.0041270396,-0.0271037,0.05171041,-0.036742475,-0.015688736,0.014519781,-0.06029992,-0.048112396,-0.01791845,0.055396706,0.009731846,0.022362163,0.024148025,-0.030257093,-0.011324059,-0.08586787,0.04794805,-0.09395095,0.006935827,-0.009655405,0.06374361,0.032426666,0.043677807,0.013144129,-0.026240267,-0.034507893,0.06566852,-0.03919137,-0.011499072,0.005447595,0.03155505,-0.021405691,-0.036724836,-0.02402186,-0.006004777,0.065816015,-0.00265306,-0.006815202,0.042717442,0.0046434496,-0.024626208,-0.04181562,0.03630141,0.023318255,0.01836571,-0.06953999,-0.016351746,-0.037690137,0.0025273133,0.044709068,-0.020693466,-0.01741192,-0.008961023,-0.0023887637,0.07288071,-0.056442447,-0.020524783,-0.021723015,-0.009643148,-0.05009153,-0.0089350585,0.046793055,0.00019270652,0.0074003064,0.05193164,-0.027146816,0.041574907,-0.0026097444,0.046707064,-0.020903435,0.050573856,0.0022901741,-0.017714268,0.011038345,0.038471084,-0.039375782,-0.014942655,-0.0065292283,0.039787542,0.0026739878,-0.08383978,0.07350926,0.0013440469,0.051136803,-0.028904863,-0.02572421,0.024862045,-0.02253443,-0.018569944,-0.020903457,-0.060324326,0.029044665,0.027910803,0.075955346,-0.030359758,-0.030397275,-0.027238553,0.11464486,0.05388983,0.008168778,-0.023287214,0.108304076,0.006546897,0.083523065,-0.021744352,0.04027146,0.04604757,0.013538158,-0.010094413,0.004682861,0.14731646,0.02864093,0.99999744,0.05088885,-0.0074876305,-0.0044582053,0.07501585,0.0746253,-0.0132781565,0.042104296,0.042196155,0.118043326,0.07022818,-0.038183637,-0.118426815,-0.05284577,0.042717334,-0.02633119,-0.036276735,-0.10941174,0.031683836,-0.005157861,0.03064159,-0.06351238,-0.048314974,0.028473672,-0.0067968797,0.014519756,0.030259253,-0.022258468,0.008015928,-0.021725172,-0.031879365,0.086515844,0.051951736,0.08395862,-0.004904247,0.01025619,-0.051929176,0.017977828,0.010937989
11:47440758:G:A,0.0068117776,0.027338304,-0.016072227,0.011045725,-0.026282314,0.013193412,-0.0075807795,0.064429015,0.038455244,0.08473503,0.07324034,0.11988129,-0.009749034,0.0043785227,-0.036509573,-0.023579916,-0.06403616,-0.0033936345,-0.048144635,0.009192657,0.059993654,-0.02210555,0.053323857,-0.051099844,0.022420678,-0.06861511,-0.06329352,0.0023012843,-0.07252848,0.011787661,-0.02797414,-0.020453693,-0.04586041,-0.019450936,-0.030540524,0.04785031,0.002285548,0.032225907,-0.03235694,-0.034931142,0.045994077,0.075411,-0.043493208,-0.011717324,0.004898363,-0.064689115,0.014538928,-0.029534781,-0.04315854,-0.061410002,-0.03192819,-0.034673315,0.10864663,0.04251484,-0.01689167,-0.048260193,0.050256677,0.00074877264,0.049880102,-0.029146802,-0.0056323535,0.0065032667,-0.012502366,0.064809166,0.042531546,0.018977704,-0.058469534,0.013289261,-0.03408095,-0.015290681,0.007777328,-0.008883925,0.03684791,0.04492463,-0.093097016,0.09480553,0.004653031,-0.028170114,0.03957789,-0.1046897,0.010448816,0.0021182084,-0.07331554,-0.08222437,-0.02270106,-0.052729245,-0.080564186,0.026380632,-0.018342353,-0.010197267,-0.0019294744,0.006632182,-0.0025662056,0.051562387,0.04302711,0.030839896,0.0153152365,0.029426612,0.029504098,-0.01901888,0.040261667,0.05982759,-0.008589954,0.02696467,0.01985669,-0.050993025,-0.047055613,-0.031987716,-0.034322858,0.020941805,-0.0015402745,-0.086464286,-0.039852884,0.034652464,-0.022460936,-0.11892985,0.051641263,0.05291866,0.072485514,-0.024741994,-0.018893449,0.04258173,-0.07404501,-0.06351375,0.006873836,-0.033449046,0.04130305,-0.024812087,0.045902763,0.043114923,0.022291448,-0.057403225,0.07162738,0.057081386,0.05088885,0.999998,-0.035193916,0.07809362,0.011332391,-0.0012923678,-0.047341418,-0.07722773,-0.0039913533,0.038779967,0.028653784,0.05151271,-0.027129266,-0.026668442,0.05803182,-0.057167962,0.02710236,0.0068153697,-0.032448694,0.007433398,0.0028830073,-0.08956401,-0.020202553,0.07094028,0.025204614,0.020674886,-0.00127667,0.04875761,-0.019138774,-0.09713317,0.0005310935,0.00888396,-0.027562097,0.029424243,0.020674963,0.009754831,-0.028653821,-0.02996323,0.04480009
19:45411941:T:C,-0.004997211,-0.046739347,0.032806735,-0.011241488,0.029564451,0.040205948,-0.07878792,-0.05097744,-0.034769498,-0.012096409,0.052731205,0.007705578,-0.013158145,0.005710574,0.037209377,-0.07319056,0.0029391877,0.08193873,0.06532587,-0.045324262,-0.03209042,-0.019603709,0.11494972,0.062049787,-0.022247285,0.00760937,-0.028454877,0.032806706,0.017704677,0.023859821,-0.017761743,-0.01626495,0.033883434,0.02790585,0.039851196,-0.014389652,-0.077090874,0.02521126,0.13704532,-0.0036304211,0.07170414,0.016598903,-0.042355943,0.03441449,0.023212506,0.02515306,0.044482827,-0.027296942,-0.023930036,0.011506917,0.021675956,0.021788275,0.049133886,0.043988533,0.035436008,-0.022880197,-0.031011112,0.021807421,-0.05196509,0.03223193,0.03686025,0.014481562,0.00838125,-0.01002164,-0.012472086,0.053768527,0.028236702,0.034999613,0.012516267,0.004905396,-0.038065966,0.037441928,0.031169256,-0.057255827,0.019453995,-0.090576805,0.0027255034,-0.0057161325,0.021397468,0.046201166,-0.030881148,0.08722123,0.03340485,-0.036821492,0.01192748,0.0034607442,-0.058732558,0.054485258,-0.06935768,0.013373292,-0.020472463,0.08078688,-0.06165936,0.011921325,-0.07124404,0.024249747,-0.05752133,-0.013369474,-0.010349216,0.0870918,-0.028763508,-0.0007851896,-0.018773789,0.018671054,-0.02582644,0.054060172,-0.041513074,-0.056427695,0.020101381,0.010689726,0.054060332,-0.005902889,-0.07006189,-0.009244364,0.038852025,-0.000622945,-0.04875389,-0.0886389,0.06850532,-0.03797432,0.01965807,-0.056108333,0.07826485,-0.049203448,0.11520066,-0.036674086,0.056925986,-0.001794386,-0.014180988,-0.04947537,-0.014606713,-0.049475424,0.020959817,0.041853864,-0.0074876305,-0.035193916,1.0000002,-0.07623435,-0.038275354,-0.015401824,0.008335115,-0.038287986,0.0027520454,-0.072989956,-0.0594217,-0.0056496887,-0.10354156,0.041072458,-0.052064136,0.015667189,-0.009591427,0.048578843,-0.00079867523,0.019479979,-0.018717192,-0.052101158,0.0032007997,0.051933594,-0.092031166,-0.018520726,-0.048257496,-0.037447676,-0.0469255,-0.017825393,-0.019559506,-0.015769515,-0.012742862,0.018009257,-0.018520704,0.08021324,-0.11435123,-0.041979894,-0.03832831
3:128334852:C:T,-0.015021102,0.020944143,0.03893674,-0.012178555,0.0663635,0.037486,0.020204294,0.04068057,0.017910283,0.067296185,-0.005698759,-0.056944996,0.10186536,-0.010740095,0.007120715,0.0020791523,0.055890545,0.040059645,-0.019216388,-0.110510774,0.09746645,-0.08111828,0.05830436,0.061171897,-0.05740608,-0.10383592,0.042928208,0.08114614,-0.048806876,-0.053443316,0.019020373,-0.03332319,-0.018619008,-0.07190156,-0.020348487,0.052936994,0.02641981,-0.049125705,0.040943254,-0.013188589,-0.021937286,-0.003675904,-0.04578429,-0.04247838,-0.08317061,-0.07966046,0.08051964,-0.0060139745,-0.0118119465,0.076324426,-0.004900748,-0.056472044,-0.0303328,0.079916395,-0.02432287,-0.014076446,0.04947239,-0.029294603,-0.06710045,0.089396186,-0.003307573,-0.003217366,-0.042658903,0.011387426,0.035181526,-0.029523281,0.07582474,0.0031265148,-0.012260693,0.050515108,-0.07727067,0.1653988,0.00066070666,0.04094358,0.045436706,-0.021362225,0.001156163,0.038752474,-0.071887374,0.061022285,-0.016018819,0.0065414663,-0.012475012,-0.018236317,-0.037934158,0.008805122,0.093773946,0.016604332,-0.006974359,-0.008983637,0.06808148,0.04064087,-0.040749084,0.03721111,-0.035911083,-0.039014157,0.0019168028,-0.051639237,-0.03330256,-0.05171754,-0.005082639,-0.03385607,-0.02497184,-0.016739372,-0.032829747,0.005797056,0.06646181,-0.050397873,0.034717485,0.03888916,-0.032071907,-0.030649073,-0.08210052,0.036587447,-0.038846232,-0.044791777,-0.041684072,0.060699955,-0.06778714,-0.089099646,0.013501578,0.031385966,-0.0055373255,0.01978347,-0.076231256,-0.022753445,-0.014434988,0.006124408,0.01439495,0.0019128454,0.077859014,-0.046195544,0.025134554,0.05031975,-0.0044582053,0.07809362,-0.07623435,1.0000001,0.01733044,-0.025116015,-0.05307287,-0.02652717,0.00033998792,0.03191072,0.021192158,-0.0011389317,0.017090928,-0.013344549,-0.039871313,0.016036838,-0.07685699,0.027036281,0.05701104,0.12366178,0.0032786697,0.028070912,-0.072480164,0.10815223,-0.02823143,-0.0032727295,0.08182276,0.08448092,-0.005456517,0.028947148,0.02608465,0.048471406,-0.0032754533,-0.009660838,-0.003272763,-0.036604565,-0.009403752,0.017057171,-0.0021462156
7:129663496:C:T,0.027327752,0.042410444,0.038107675,0.016813345,-0.031174,-0.04198181,0.043225143,0.033871062,0.01919217,-0.033863712,-0.04030046,0.027382933,-0.004339039,-0.006027287,-0.032768447,-0.0551202,-0.08618956,-0.055655584,-0.036330342,-0.0009749738,0.058386564,0.0006113558,-0.04991367,-0.05422654,-0.011933249,0.027116498,0.008531762,-0.0008123035,-0.008214034,-0.0024583985,-0.040956285,-0.039776076,0.0601052,0.05276945,-0.074925184,0.013990082,-0.059402168,0.05244537,0.01142355,0.0072601223,0.09660951,0.056350153,0.03424996,0.006913032,-0.038163606,-0.03315996,0.055046882,0.003615625,0.054016087,0.017500652,0.061226953,0.03529571,-0.04278549,-0.01061127,0.041913282,-0.06603457,0.0633908,-0.019962678,-0.05950887,-0.068592936,-0.009249681,-0.036898535,0.025359035,0.02038604,0.03999429,0.030693403,0.0053422744,0.037957735,0.00910701,-0.10671899,0.025555773,0.019569987,0.08162886,0.011423457,0.0541283,0.059126213,0.018740345,-0.006955119,-0.022364859,-0.06993665,-0.0018183964,0.08095918,-0.111115545,0.029028935,0.042091582,-0.058276463,0.048226964,-0.03250529,-0.021786897,0.03227883,-0.0059080916,-0.029730942,-0.055468448,-0.03184599,0.034188297,0.051648427,0.01371239,0.023638533,0.051042873,-0.05550112,0.011690677,-0.014883072,0.014249023,0.007385659,0.014155303,0.012183209,0.00627278,0.0664021,0.07276559,0.07754785,0.0820195,-0.0132972915,0.0071370015,-0.06276706,-0.066162966,-0.020775398,-0.0018337594,0.03242194,0.031365603,0.008735069,-0.036469262,-0.044571407,-0.029636804,0.03232143,0.12606573,0.072910555,0.057644807,0.01731556,0.0063495734,0.029137805,-0.055526275,-0.032965485,0.010166986,0.028222036,0.07501585,0.011332391,-0.038275354,0.01733044,1.0000021,0.007859432,-0.05393322,0.06355796,0.003221927,0.023125613,-0.0049238256,0.007964951,0.011269459,0.05413529,0.0076074786,-0.027959565,-0.018095773,-0.01488331,0.04289102,-0.023058536,0.13505973,-0.05590939,-0.0035768624,0.018015835,-0.010343557,-0.07865286,0.04243513,0.005875611,0.059481412,0.032089964,-0.061588284,-0.036003567,-0.0074029868,-0.06800804,-0.039732717,0.010755195,0.0043354756,0.028905435,-0.05678299
12:24762109:T:C,-0.012792014,0.04036661,-0.00019377594,0.0680832,0.01999442,-0.018199878,0.027223622,-0.010766281,0.054380715,0.0007516504,-0.006595167,-0.14776018,0.07757448,-0.009049877,0.03436918,0.047363464,0.004826136,-0.033940174,0.014100708,0.0107290335,-0.01576126,-0.014323856,-0.0032839065,-0.025152216,-0.015776327,0.049130492,0.033870496,-0.0001938616,0.014839996,0.017992027,0.05303505,-0.0398965,-0.05988782,-0.036666274,0.029369323,-0.030850355,-0.00036273274,-0.009052665,-0.061675023,0.0058120694,-0.004234911,0.0047567114,0.049488697,0.043596044,0.025918558,-0.08693814,0.061154198,0.050799,0.05700475,0.062470697,0.11955453,-0.05405576,0.0190965,-0.019832617,-0.039376106,-0.028893478,0.00060570025,0.06686041,-0.04926412,0.021260355,0.027937574,-0.037671443,0.06831055,-0.026619555,0.013469797,0.072510056,0.0152016515,-0.012134331,-0.0809946,-0.0354674,-0.042995397,-0.013944956,-0.02324719,0.020286914,-0.06895764,-0.018014759,-0.008989527,-0.010724242,0.038435157,0.039373353,0.020303218,-0.07828317,0.023591213,-0.045803204,0.05451688,0.03932059,-0.03676542,0.040199436,-0.033747632,0.017219342,0.024120403,0.027194498,-0.0440258,-0.035889193,0.004696034,-0.046113417,0.005405916,0.035478763,-0.0033159852,-0.014185959,-0.038129747,-0.031436633,-0.03992409,-0.017132096,0.031885985,-0.00021708342,-0.0449917,0.009261889,0.045363616,0.02787792,0.043489236,-0.055084344,-0.06920882,0.023510862,-0.082753494,0.045549273,-0.0048353737,-0.013418316,-0.036230255,-0.0097615,-0.039799068,-0.056961976,-0.018774211,0.018325254,-0.021977844,0.05874459,-0.008660178,0.0031083727,-0.010585672,-0.04117371,-0.0047168215,-0.09669761,0.034122553,-0.016075661,0.0746253,-0.0012923678,-0.015401824,-0.025116015,0.007859432,1.0000004,-0.019174756,0.0905951,-0.034888208,0.035657886,0.09074124,-0.0118177105,0.032934584,-0.049732406,-0.014262651,-0.03787145,-0.01620783,-0.008010641,0.050869886,-0.09282505,-0.0137267765,-0.012067452,0.012551906,-0.0031193632,0.07040962,-0.02455161,-0.0141563825,0.05287114,0.03521252,-0.055753168,-0.014291576,0.03451447,0.0040219845,-0.08101561,-0.04890949,-0.016901143,-0.043413088,0.116491534,0.0069727995
5:1270883:C:T,0.07122051,-0.112473644,-0.028518924,0.014587355,-0.0071016457,-0.022065694,-0.101764,-0.08767867,-0.011672061,-0.030820757,0.014797039,0.040877625,-0.049887557,-0.0018244005,-0.029842017,0.08807161,0.01640004,0.0281973,-0.0021709364,-0.04750697,-0.0030994404,0.026719416,-0.0060745333,-0.023773547,0.0012675356,0.082562886,0.068261355,-0.028518911,-0.12344908,0.015843298,-0.029566016,0.014531047,0.0006343127,0.08439894,0.037349615,-0.0552576,0.019751618,-0.025981141,-0.029988443,0.07680889,0.09467071,-0.02093553,0.054315742,-0.0050292667,0.05475384,-0.023202986,-0.027754713,0.08706775,-0.016862767,-0.04594218,-8.475598e-05,0.01209245,-0.05972794,0.14216833,-0.011502795,0.06824501,0.02182553,0.06274763,0.00023261912,0.12750135,-0.028821742,0.01851749,-0.048014496,-0.02414224,-0.01617943,0.004090899,-0.011833909,-0.03993242,-0.03542596,0.01526122,-0.042570595,-0.034118485,-0.05457792,-0.02998847,0.03427348,-0.03809448,-0.023265174,-0.021671584,0.08845283,0.08371288,0.0401283,-0.019486297,0.060324855,-0.044395406,0.054552585,0.04532942,0.041448325,-0.106447496,0.051629912,0.032494493,-0.06925181,-0.03411844,0.043252725,-0.03243219,-0.011973439,0.06141634,0.11081276,-0.002077925,-0.07349341,0.14989972,-0.044290867,-0.029713638,-0.067439795,-0.056001488,-0.00048828375,0.087183036,-0.00018043161,-0.02519515,-0.08222755,0.025084957,-0.031982847,-0.034118436,0.0031045298,-0.026510278,0.07967798,-0.01018955,-0.08235699,-0.062114347,-0.037484035,0.04469057,0.06724312,0.039817482,0.04151311,-0.038077563,-0.082422435,-0.108910225,-0.037562918,-0.038717967,0.011752791,-0.03689852,0.045277424,-0.006621164,0.05819405,0.0194239,-0.0132781565,-0.047341418,0.008335115,-0.05307287,-0.05393322,-0.019174756,1.000002,0.05466523,0.04151023,-0.046973854,0.07017422,0.027146796,-0.00027547503,-0.057587977,0.086236216,0.030744042,-0.11636106,-0.029713625,-0.011664693,0.015472213,0.016514733,-0.08560264,-0.01591254,-0.018405935,-0.035446804,0.10430533,-0.07833452,-0.00087723735,-0.006026241,0.11175598,0.0062487274,0.034118537,0.0074397977,0.07225114,-0.028518887,-0.08166138,-1.7637939e-09,-0.0069217123,0.02001211
1:28768043:G:C,0.040204074,-0.041203197,-0.032760847,-0.076449275,-0.031429347,0.029306062,-0.073358454,-0.09830796,0.08880464,-0.054585986,-0.029777367,0.014203416,-0.021499574,0.016237292,-0.0005570205,0.029797904,-0.02550613,-0.018969098,-0.006012408,0.08010139,-0.05196358,0.060118623,-0.026054328,-0.011329829,0.012755523,0.057131175,-0.021261271,-0.032760847,-0.03228408,0.064360335,0.009358085,-0.032515936,-0.0108613,0.030448698,-0.024630737,-0.006324113,-0.048197735,-0.029845739,-0.034449376,0.025987623,0.041690312,-0.0024350428,0.022261145,0.06520418,0.010111675,0.0040256553,0.034916677,0.002492804,-0.02838451,0.024169734,-0.010740921,0.063767865,0.06423076,0.026117673,-0.015419866,0.07700354,-0.018658455,0.051935647,-0.05816466,-0.015914978,0.01861082,0.078040145,-0.037752233,-0.052909408,0.050330814,0.0023093424,-0.05342391,-0.0022546789,0.05952221,-0.00038491652,-0.056138776,0.011226951,0.03639436,-0.034449298,0.03937152,0.026545884,-0.0483735,-0.024895184,-0.00066543673,-0.02798194,-0.061027985,0.06984874,0.09498448,0.023356035,-0.016618155,0.057896886,0.012205462,0.034852393,-0.010783097,-0.041583147,-0.06495159,-0.03919321,0.020058699,0.07017213,-0.055471603,0.043370526,0.012419992,-0.054586697,-0.008000243,-0.04322943,-0.050879106,0.023288425,-0.041911315,0.0069860206,-0.022928465,-0.03674028,-0.022867577,-0.0072658737,0.027868086,0.052507885,0.070392065,0.011226866,0.01065661,0.015391796,0.059957217,0.042548813,-0.025430243,-0.13257803,-0.055194817,-0.0026037886,0.10855538,0.04230746,-0.07260111,0.0018111665,-0.012551597,0.013257318,0.054835536,-0.07801853,0.008887591,-0.049948033,0.02292666,-0.02272831,-0.050630722,-0.020413125,0.042104296,-0.07722773,-0.038287986,-0.02652717,0.06355796,0.0905951,0.05466523,0.9999991,-0.010714633,0.0025175055,0.0062709013,-0.05707344,0.074073225,0.04056169,0.018610831,-0.035458226,-0.009830837,-0.03413336,0.057080228,0.042851325,0.02679921,-0.00087838,0.085768536,-0.057842493,0.01618495,0.026944745,0.014494569,0.016308747,-0.017292203,-0.0033852481,-0.035432354,0.03919343,-0.02065793,0.08687527,0.026944822,0.0021940805,-3.9642107e-09,0.078474715,-0.027286857
1:40035928:G:T,0.044179153,-0.02267162,0.03557307,0.009314492,0.013507911,0.02596401,-0.008529121,0.030796124,-0.050053436,-0.018232036,0.06466829,-0.04675431,-0.016470775,0.06729146,-0.0192708,-0.033370633,-0.016429441,-0.036527433,0.010792401,-0.037237182,0.051378913,-0.018263748,0.05140738,0.0037132977,0.060194194,0.064109564,-0.033242386,0.059430856,0.045721613,-0.093716905,0.08393393,-0.039846513,0.0649146,-0.005230397,-0.12783535,-0.067800045,-0.06479008,-0.045837708,-0.012768092,-0.046062145,0.08226943,0.027553575,-0.024985606,-0.054708406,-0.067056924,0.022812832,-0.04800686,-0.04736538,-0.057123356,-0.06568104,0.022646772,0.05539672,0.035293408,0.050943542,0.04387763,0.05706856,0.037967954,0.061598796,-0.01313205,0.045744266,0.015284272,-0.03885885,-0.031855598,-0.016985754,-0.015506051,-0.01895146,0.037213434,-0.08090885,0.0008554804,0.031793054,0.021584174,-0.06825293,0.01789291,0.107650846,-0.037538417,-0.035330817,-0.01567236,-0.019586796,0.027562136,0.035888925,-0.027504489,-0.030976932,0.0008014335,0.025665311,0.04597233,-0.0070800874,-0.033365272,0.094275504,0.036226932,-0.015557688,-0.07137341,0.0526315,0.022041982,0.06331219,0.025902037,-0.044343527,-0.02151174,-0.07637265,0.0027677356,0.012971849,0.10288485,0.0026458432,-0.02749124,0.024516487,0.0007531971,0.072000735,0.05364842,-0.0066849696,0.09258456,-0.018982876,0.007787247,0.072778754,-0.0086889155,-0.013063579,-0.009812043,0.035763465,-0.001558631,0.0019964133,0.07682073,0.010673108,0.0028491002,0.009454166,-0.053020757,-0.070819154,-0.05027928,-0.009509935,0.058901887,-0.035909068,-0.01097304,-0.057605814,0.01529874,0.051161934,-0.056940697,-0.015692033,0.042196155,-0.0039913533,0.0027520454,0.00033998792,0.003221927,-0.034888208,0.04151023,-0.010714633,0.9999999,-0.038212944,-0.059948172,-0.022640318,0.036290564,-0.02533115,0.0772845,0.038501915,-0.03746152,-0.08913506,-0.039552666,0.09593965,0.0716778,0.058747474,0.031883907,0.02149235,0.054993693,0.0117153935,0.023648454,-0.003309146,0.029477796,0.012480631,-0.008690689,-0.0526314,0.021061333,0.03551281,-0.036000095,0.043029174,0.021260887,-0.029853996,-0.060119186
2:58985331:G:A,-0.0776543,0.0115405,0.010748293,-0.032038473,-0.08899041,0.0894652,-0.03338291,0.022396328,-0.0029966817,-0.002900984,-0.022050733,0.022175696,0.023900209,0.017653786,-0.052279998,0.09891166,0.02974996,-0.09106469,0.05617462,0.029475462,-0.04767132,-0.004047676,0.011116322,-0.117027596,-0.0012089721,-0.014376938,-0.081263445,-0.014753601,-0.018312527,-0.03411954,-0.05423781,-0.0033584035,0.054009054,-0.010643454,-0.0001647217,0.0062643904,0.036984347,0.084137015,-0.0745092,-0.023409083,-0.05277745,0.013019302,-0.031899,0.09123283,0.006110661,-0.027073372,0.016978765,-0.020416874,0.052297775,0.00088203145,0.010639619,0.01545514,0.083550006,-0.10993974,-0.014195106,0.06668535,0.0870823,0.02654531,-0.044179898,0.0369136,0.062407903,0.027135251,-0.023266645,-0.018599233,-0.012124689,0.046780583,-0.05062743,0.0026297048,0.009305233,-0.029219221,-0.039794486,0.06310879,-0.021098375,0.032755222,0.009372128,-0.0042327857,0.018014563,-0.03612717,-0.026717598,0.0019542421,-0.045627702,0.0588612,-0.0044496306,-0.06266593,0.009335439,-0.09379799,-0.037741095,0.037374545,0.044842396,-0.04277011,-0.06904753,-0.023034388,-0.056545973,-0.046574,-0.032687593,0.03262592,-0.027496051,-0.025759675,0.024749478,-0.05144771,0.01103456,-0.046029765,-0.0070834258,-0.03520189,0.011381471,-0.05658494,-0.035420883,-0.047291722,0.026084356,0.03169795,-0.01082576,0.041573014,-0.019138966,-0.016473869,-0.020139983,0.06922614,-0.03790486,0.055726055,0.0044517205,-0.027380727,0.0091036465,-0.022142401,0.012074089,-0.00510604,-0.006217709,0.034691554,-0.035207506,0.029333739,0.084901966,-0.063817896,0.026025483,0.0059402124,-0.031224942,-0.00700038,0.118043326,0.038779967,-0.072989956,0.03191072,0.023125613,0.035657886,-0.046973854,0.0025175055,-0.038212944,0.9999978,-0.013594997,0.0183274,-0.05186747,-0.0065130056,0.018226102,-0.0041390336,0.0075980714,-0.02150326,0.038725264,-0.07099194,0.039471615,-0.04636597,-0.015833853,-0.040088277,0.013464571,0.010748319,-0.017752785,0.031485092,-0.088377796,0.028592037,-0.060467865,0.023034351,-0.021099074,0.030505545,-0.06575736,-0.07937429,0.022726044,-0.027486624,-0.024542635
10:105989765:T:G,0.048046216,-0.019747607,-0.030974569,-0.044768203,-0.069860026,0.03858661,0.024740681,0.0014161394,0.048691597,0.01620781,0.061153352,-0.05042539,0.02778437,-0.03083239,0.01806214,-0.045443054,-0.042170074,-0.056995023,-0.046655826,0.065334216,-0.07803338,-0.055173695,-0.017514111,-0.05096856,-0.025663646,-0.049971826,0.06425807,-0.030974505,-0.0021249768,0.042127762,0.010258763,0.0092333555,-0.010917986,-0.020268602,-0.010416948,0.08630184,-0.012840561,-0.02821835,-0.03257074,-0.03234564,0.02963833,0.03498418,-0.032875236,-0.003837554,0.018599331,0.023958368,-0.024131529,-0.021041634,0.053898096,-0.0058652237,0.04132556,0.04323305,-0.025132937,-0.043801855,-0.10085969,-0.07253037,-0.018645346,-0.012548289,0.027003095,-0.030796252,0.027890684,-0.039797593,-0.026100166,0.06546141,0.08223037,0.04821219,0.07180627,-0.04337074,-0.04018841,-0.061344173,0.0713645,0.020650398,-0.030265015,-0.03257073,0.007361771,-0.013457359,0.04905931,0.06548039,-0.04226952,-0.021477055,-0.0439927,-0.013043978,-0.011986986,-0.0056678504,0.012382427,-0.072437115,0.090504855,-0.015512361,0.022167059,-0.05182546,0.03919323,0.020650253,-0.045586914,-0.019256672,0.004586301,0.020955354,0.03363514,0.0062781516,-0.029955799,0.053571746,-0.0026222526,0.03344813,-0.05092803,0.050482173,-0.02943363,0.14918603,-0.036504917,-0.007516889,-0.057757385,-0.064947784,0.026570704,0.020650392,0.04881581,0.05039022,-0.05077668,0.058024082,-0.0390647,0.023118488,0.0065110857,0.04136006,0.100723565,-0.070692055,0.037991144,0.010779567,-0.030907609,0.060509883,-0.064951934,-0.07376407,0.0655669,0.11396141,-0.025499221,0.020500574,0.018385194,0.054555014,0.07022818,0.028653784,-0.0594217,0.021192158,-0.0049238256,0.09074124,0.07017422,0.0062709013,-0.059948172,-0.013594997,0.99999887,0.038667098,0.027420947,-0.006712248,-0.03130349,-0.033524606,-0.022574065,-0.032271992,0.034032013,0.031155353,-0.008941708,-0.011176359,-0.0047473693,-0.028391317,0.008020939,-0.030974478,0.006653275,0.038685434,-0.008918713,-0.0062268237,-0.06764941,0.037056044,0.0013954652,-0.032455184,-0.030974489,-0.010209851,-0.030447982,-0.03492827,-0.0070355553
1:45246333:T:C,0.016935872,-0.047360424,-0.04557004,-0.048125323,0.004302698,0.03450254,-0.0377058,0.04417197,-0.057770107,0.031930864,0.030030191,0.0070083756,-0.048752137,0.020862889,0.057740014,-0.018232828,-0.044208474,-0.009408755,-0.020202072,0.024476038,0.027195131,-0.00024039476,0.01228613,0.0051918398,-0.052154906,0.014918082,-0.0069725527,0.1150429,-0.04107808,0.023056587,0.010648026,-0.068805374,0.0999759,-0.020739418,0.0062543834,0.0066394657,-0.017095169,0.07136119,-0.023791358,-0.011823754,0.044740025,0.06276322,0.022526832,-0.038723897,-0.02795916,-0.05299275,-0.06316966,-0.017483348,-0.02538609,-0.006878128,0.1231859,0.0028558397,-0.04583817,0.009356454,-0.03681864,0.011501766,0.07850385,-0.034734312,0.018897109,0.0150343785,-0.03611635,-0.08069483,0.0054680863,-0.0009757333,-0.022204569,-0.0037964166,0.043819707,0.09124195,0.037808325,0.008894393,0.0133146085,0.037519943,-0.016141329,0.07271704,-0.06305313,0.02969684,-0.040641617,0.0027334832,0.021982925,-0.015238206,-0.02354494,0.055430606,0.0041855006,0.0362152,-0.06877535,-0.010674226,-0.0006260827,0.019611457,0.0268905,0.006636046,0.012681078,-0.039985128,-0.018819757,-0.008394138,0.009345369,-0.03873247,0.031242771,-0.045589846,0.017818103,-0.034775935,0.005586411,0.013205065,0.0023347577,-0.052733783,0.05100262,0.03638243,0.07416731,0.017220449,-0.0047625042,-0.021373313,-0.0047882525,-0.05936152,-0.109071866,-0.03875697,-0.041943222,0.03459433,0.02972194,-0.03340149,-0.10186743,-0.02078821,0.042226415,-0.07113378,0.020226078,0.022308528,0.01283622,-0.090405986,-0.057414614,-0.070694,0.07196835,0.002495567,-0.00717822,0.04433757,0.017741947,-0.016276944,-0.038183637,0.05151271,-0.0056496887,-0.0011389317,0.007964951,-0.0118177105,0.027146796,-0.05707344,-0.022640318,0.0183274,0.038667098,0.99999887,0.029477252,-0.040609773,0.0036351245,-0.038678803,0.0010793806,0.057339024,0.031611253,0.04279296,-0.008959104,-0.036286052,-0.011221169,-0.0089610815,0.09608215,-0.0226253,-0.03977885,0.11565989,0.038788166,0.031532735,0.0061065294,0.001232724,0.07922711,-0.0018766524,-0.04557005,-0.043290768,-0.015335389,-0.056978695,0.0029961048
1:41239511:A:G,-0.0048475494,0.030993592,0.059131224,-0.026032703,0.02822272,-0.022179078,0.006889253,0.031859785,0.021285279,0.021242784,0.013993903,-0.05074987,0.03222567,0.03255059,-0.02776096,-0.058411855,-0.098742,0.07137747,-0.012336146,-0.01030199,-0.014499215,-0.015398452,-0.027119212,0.029678658,0.017544413,0.04994651,0.09044132,-0.02991949,0.015935153,0.0024406202,0.008240021,-0.07166192,-0.0032959357,-0.018426567,0.013287342,-0.01572388,-0.016791739,0.013306043,-0.012733496,-0.016127104,0.05764423,-0.076589346,0.017077258,-0.026273508,0.022901947,-0.071627095,0.00064095116,0.015151213,-0.05152418,0.009183454,-0.06385258,0.03150946,0.031715095,-0.006557442,-0.031534646,0.0006225246,-0.026856503,0.034530748,0.011864091,-0.06896249,0.053330757,0.010171931,0.056289412,0.051194467,-0.0008913967,0.0028065164,-0.024437834,0.04484674,0.01842211,-0.043222133,-0.026494175,-0.048327703,0.023225721,0.024722423,-0.05160457,0.05829826,-0.00019257891,0.054601204,-0.020365534,-0.037000287,-0.009495379,0.040403023,-0.06528827,-0.0049883085,-0.011532759,-0.03516116,-0.038337216,0.015824124,-0.023343308,0.05379319,0.0017534974,0.026873725,-0.0178222,-0.0328114,0.0032666163,-0.029367227,-0.0016144309,-0.008667881,0.010340732,0.005081956,-0.0069522792,0.004512024,-0.030688971,0.051647022,-0.048312027,-0.05352725,0.006007001,0.043617986,0.005172582,-0.02433125,0.066313446,-0.010726993,0.050492916,0.051029645,-0.05375639,0.024736056,-0.0012027817,0.05213485,-0.02514703,0.06668718,0.04224357,-0.043304298,-0.13662916,0.044979155,0.035907146,0.041630886,0.04340782,0.0005253572,-0.10751362,0.034403615,0.010080224,0.085151404,-0.10281293,-0.02294457,-0.118426815,-0.027129266,-0.10354156,0.017090928,0.011269459,0.032934584,-0.00027547503,0.074073225,0.036290564,-0.05186747,0.027420947,0.029477252,1.0000014,0.012724012,0.053330872,0.036461562,0.0017106563,-0.038310178,-0.018231401,0.052856248,0.0046775243,0.08381406,-0.009206983,0.010794856,0.018016145,-0.02991962,0.022773981,-0.0060075633,0.06611055,-0.03266928,0.027740365,-0.008073458,0.020146772,0.09555621,0.014605744,-0.022401467,-0.01983941,-0.037417058,-0.08289177
17:29161503:A:G,0.0017124781,-0.014147423,0.042200956,-0.064624675,0.06106124,0.073272355,0.037148245,-0.0112340385,0.015161285,0.06611786,-0.030120173,0.033314813,0.013029411,0.07072051,0.026400462,-0.034027655,0.011983586,0.009275516,0.0027306818,-0.05431934,0.058638822,0.045163054,-0.076675706,-0.04631769,-0.019820906,-0.021459179,-0.012338755,-0.036272526,0.022933299,-0.017768275,0.00833564,-0.073080875,-0.0046674483,0.04050275,-0.0032524585,0.04066691,-0.02038274,0.031296737,-0.029890047,0.0184354,0.027911168,-0.12014,-0.014437109,0.0045654965,0.021176608,-0.042616744,-0.0036094575,0.005447012,0.023274459,0.055341583,-0.05431572,-0.014864478,0.042583216,-0.022413362,0.011101767,-0.015025792,-0.055692017,-0.030241713,-0.012184087,0.035572667,0.04831417,-0.01654049,0.039449885,0.059915386,0.014313587,-0.042311344,-0.0896028,-0.0006268744,-0.043337405,0.04472428,-0.043920785,0.04772562,0.06498674,-0.04639353,0.07788556,0.004116631,-0.033147216,0.06188484,-0.00864525,-0.09292503,0.0060957917,0.041656952,0.13158767,-0.044249706,-0.035539076,-0.0074230097,0.04547533,0.011713438,-0.022065938,-0.028082607,0.12910908,0.06429281,-0.0035308807,0.016971152,-0.013425028,-0.027223354,-0.010446819,0.06964099,0.021172687,0.039674297,0.0089561045,-0.047225993,0.00035072525,-0.05737977,-0.018521009,-0.01427678,-0.066497125,0.05912561,-0.0012662451,0.04046824,0.0033241827,-0.035110883,-0.022843895,-0.024542546,-0.053237084,0.05320122,0.036801133,-0.05962035,0.0017694195,-0.036109604,0.04928338,-0.03384158,-0.020749666,0.003957636,0.027722381,-0.08938843,0.056739803,-0.06481813,0.03010744,0.012944838,-0.034754984,0.048720993,0.022545723,-0.024432413,-0.05284577,-0.026668442,0.041072458,-0.013344549,0.05413529,-0.049732406,-0.057587977,0.04056169,-0.02533115,-0.0065130056,-0.006712248,-0.040609773,0.012724012,1.000003,-0.053651977,0.015341861,0.0210733,-0.047225915,0.018683044,0.06705978,-0.062591776,-0.028818723,-0.0031444826,0.028442163,-0.050305065,-0.036272515,-0.050016776,-0.031634506,0.04991815,0.027239464,0.006474355,0.0185437,0.0075433995,0.001577246,0.022582555,-0.0037944305,0.026224399,-0.033609442,0.02958309
3:169950482:C:T,0.099345155,0.052804478,0.04925182,0.038871225,0.03228117,0.038913194,-0.08813534,-0.010194699,-0.051617693,0.02832365,-0.045120668,-0.026644764,0.0011464362,0.021127403,0.0448433,0.011983096,-0.013758899,-0.07160232,0.013373382,0.022127707,0.07030113,-0.04291719,0.0065527703,0.043737106,0.026543928,-0.08236507,0.04939825,-0.02469942,-0.014095563,-0.016483767,0.0017104934,-0.010093977,0.018493453,-0.05288557,0.028787838,-0.027365478,0.05150279,-0.022501664,-0.025972228,-0.010575991,0.016314028,0.017563881,0.030471567,0.004436109,-0.10449514,-0.09609631,0.00013317485,0.07109285,-0.045864116,0.007863189,-0.036985938,-0.038948726,0.028670901,0.028411573,-0.02089146,-0.082350895,0.07723363,-0.04546468,0.058100678,0.03612433,-0.02496173,0.02882161,-0.06479915,0.00743926,0.008634203,0.027226573,0.019703254,-0.03458454,-0.023270966,-0.048916854,0.034830842,-0.029549034,-0.0016002165,0.03623749,-0.0026342906,0.0061054546,-0.020149253,-0.018769164,0.05357434,0.042665992,0.05133956,-0.05202757,-0.046093285,-0.038449824,0.01703015,0.030239912,-0.048235618,0.019809952,0.06261577,-0.06181198,0.04575039,-0.029549034,-0.00816325,0.042761944,-0.01308939,0.0017009513,-0.019066771,0.03514571,-0.024725135,0.055518087,0.010862102,-0.025734294,-0.05272479,-0.04850148,-0.08442996,0.03864739,0.022297436,0.0050281906,-0.05414338,0.051069707,-0.027699606,-0.029549045,0.027278572,0.0059483293,0.053364802,-0.03532594,0.03772347,0.020187147,-0.047494713,0.013845216,0.06528855,0.037886184,-0.07156525,-0.032978017,0.01957241,-0.022454387,-0.0119936,0.071231075,0.07303575,-0.05817929,-0.0055747004,0.1103928,-0.014271558,-0.0110304635,0.042717334,0.05803182,-0.052064136,-0.039871313,0.0076074786,-0.014262651,0.086236216,0.018610831,0.0772845,0.018226102,-0.03130349,0.0036351245,0.053330872,-0.053651977,1.0000029,-0.026732944,0.033165738,-0.0257343,-0.07442632,0.044461567,0.033694886,-0.041948922,-0.047695436,-0.0159409,0.03154416,-0.02469943,-0.0022520702,-0.067054145,-0.041181635,0.021464417,0.077633716,0.029549064,-0.008025564,-0.027700126,-0.02469944,-0.014768021,0.032950945,0.019799704,0.0017641627
15:65116390:C:A,-0.0273487,-0.03173334,-0.026451975,-0.08481729,0.013992337,-0.020466743,-0.011876539,-0.068523414,-0.015271603,0.054437276,0.098630756,-0.00553336,-0.046272133,0.049985,0.017055077,-0.038808115,0.0045162463,-0.007268143,-0.0066806823,-0.031743705,-0.008457892,-0.024006978,-0.08787325,-0.07239442,0.052954,7.018305e-05,0.034163646,-0.026452003,-0.06097613,0.0031421755,-0.035782136,-0.010810116,-0.04937725,-0.033286516,-0.0034787017,-0.029307166,0.0028099248,0.062483776,0.03880893,0.08156331,0.017471304,-0.00030403017,-0.09158625,0.07254328,-0.00069983216,0.019175053,-0.053620618,-0.048608925,0.036966886,-0.042612627,0.062042844,0.023245309,-0.041382365,-0.023274438,0.030297207,-0.054939494,0.0023951358,0.011435367,0.015717572,0.013992327,-0.02673291,0.066073194,0.058466475,-0.08311229,-0.0075442647,-0.027910508,0.021101356,-0.03703853,0.046507113,-0.052387767,0.14096591,-0.03164571,-0.03839532,-0.027815238,-0.0028211414,-0.027720517,0.054994624,-0.02010095,-0.0792397,-0.020669937,-0.03636739,0.0007483684,-0.030778486,0.008137665,0.039041787,-0.0023848603,0.03461029,-0.031876422,-0.053715315,-0.032850314,0.022179151,-0.03164571,-0.0087423455,0.06245238,0.03840668,0.07817477,-0.07877824,-0.041494183,0.07584483,-0.07076225,0.011632807,0.048609324,-0.05646597,-0.05194296,0.012946613,-0.029665075,-0.048260745,0.03988986,0.1477017,0.016981466,-0.029665062,-0.031645723,0.029214198,-0.01353215,0.0068942145,-0.019587325,0.040400106,0.021619525,0.03606041,0.014827584,-0.049012624,-0.008603725,-0.047033653,0.08553155,-0.0021098088,-0.059572164,-0.08483179,0.006645698,0.114936955,-0.026200706,-0.024739854,-0.026200723,-0.032599423,-0.047608435,-0.02633119,-0.057167962,0.015667189,0.016036838,-0.027959565,-0.03787145,0.030744042,-0.035458226,0.038501915,-0.0041390336,-0.033524606,-0.038678803,0.036461562,0.015341861,-0.026732944,1.0000006,-0.026949978,-0.02756031,0.00886291,0.07256527,-0.0054500005,0.02402188,-0.07287202,0.0024001396,0.033782374,-0.026452035,-0.0024119185,0.0033626878,-0.044103704,-0.05768206,0.13668983,-0.035235897,0.03789231,0.007361097,-0.026452022,-0.07360329,0.017644508,0.02120465,-0.023119431
12:88861682:G:A,-0.12553182,-0.022722404,-0.06979076,0.025876086,0.05941362,0.0056837243,-0.01284981,-0.03709819,-0.011135661,0.038556695,0.03929628,0.11935017,0.01702131,-0.019684548,-0.01874073,0.029329477,0.009317518,-0.06445443,0.08044694,-0.015290788,-0.05373551,0.022291595,0.048481964,0.02767854,-0.0052650413,-0.03174401,0.036142007,-0.06979076,0.04174842,-0.041665204,-0.020928282,-0.025387095,0.03404922,-0.02116996,0.031799678,-0.05248619,-0.066411294,-0.07176027,-0.09226904,-0.0733424,-0.037828956,0.03995546,-0.002869606,0.020425767,0.009283998,-0.009878153,0.042216823,-0.045756564,-0.052335385,0.046668198,0.03473713,-0.078932755,0.005737093,0.0074433247,-0.09089988,-0.06686257,-0.024573103,-0.0048557105,-0.022861868,0.045415964,-0.02516437,0.036538854,0.016209686,-0.009462798,0.070736945,-0.019341078,-0.019156048,0.055321023,-0.0014086127,0.04767464,-0.03798452,-0.039266128,0.023819499,0.021021485,-0.01912067,0.05331433,0.05428647,-0.06278097,0.030847322,-0.10767506,-0.017821426,0.07233868,-0.027655555,0.0031675012,-0.013784084,-0.017906094,0.02437147,0.014059612,-0.06697895,0.023251686,0.04150692,-0.07717549,-0.034935396,0.050358124,-0.001787059,-0.03383521,0.004406169,0.02762176,0.05223374,-0.049035937,-0.023730999,0.006437478,0.04526184,0.0473807,0.004863067,-0.05813063,0.017731912,-0.04155583,0.03410704,0.029917551,0.042556994,-0.02031135,-0.054064956,-0.012335197,-0.005210276,-0.057588514,0.059306946,-0.0146549875,-0.038201872,0.014260436,-0.033582397,-0.012081075,-0.034383778,-0.041808024,0.07133806,-0.027131392,0.07261271,-0.044495422,0.046683285,0.03344531,-0.007899841,0.06414413,-0.022799693,-0.045176987,-0.036276735,0.02710236,-0.009591427,-0.07685699,-0.018095773,-0.01620783,-0.11636106,-0.009830837,-0.03746152,0.0075980714,-0.022574065,0.0010793806,0.0017106563,0.0210733,0.033165738,-0.026949978,0.9999981,0.028024502,-0.079213694,0.04179168,0.06297627,0.009527322,0.06330836,-0.047801916,-0.030532002,0.01999128,-0.02561829,0.018763779,-0.041515544,-0.03769487,-0.05018866,0.0013566458,0.0394328,0.008428228,0.01999144,0.008313338,-0.015001781,0.08262109,-0.039228883
18:729871:C:T,-0.03764544,-0.0017831759,-0.025463767,0.010111666,0.025660543,0.07692955,0.02033905,0.07764639,-0.04728951,0.048833895,-0.013871441,0.08154095,-0.044543505,-0.08356438,0.023297576,0.016177896,-0.004205716,-0.024130343,-0.04064707,0.002285274,0.011702603,-0.08488968,-0.018540062,0.0062420564,-0.03983322,0.052363995,0.13973723,-0.025463777,0.024538128,-0.0062146853,0.070003144,-0.032663215,-0.07314698,-0.026855579,0.01951651,0.002368593,-0.011507863,0.06656004,-0.026776122,-0.03841731,-0.054874696,0.03084598,0.048497286,0.020888248,0.0061887344,-0.0122794295,-0.02374951,-0.046792794,-0.002661218,0.064791985,-0.038130578,-0.01289697,-0.011811604,0.00940777,-0.0072368607,-0.057812165,0.024113331,-0.10326713,0.00824307,0.0043262467,-0.025734307,-0.0067843636,0.06575049,0.06971782,0.047445275,-0.052223288,0.0266004,-0.035654645,0.08972815,-0.050430473,0.04358506,0.038872235,0.024154589,-0.02677609,-0.0052786255,-0.059664194,0.008995806,-0.019350065,-0.01052354,-0.029726038,0.017415252,0.01187093,0.018539337,0.0114852525,0.0067743193,-0.021606285,0.032039836,0.037459318,-0.018490886,0.051100638,0.029293815,-0.030463386,0.039720543,-0.02128377,-0.007671453,-0.0067273867,-0.04558521,0.02890889,0.0414403,0.025093868,-0.039546434,0.052433714,0.061247084,0.048070528,-0.04111719,-0.02855685,-0.025090162,0.0013512615,0.120860875,0.06800941,-0.028556798,-0.030463435,-0.09473105,-0.024816528,0.010357856,-0.026961789,-0.06488663,0.121139325,-0.016780715,0.051978905,0.016983487,-0.010710067,0.018307796,-0.033998463,-0.04303206,0.025515715,0.018286219,0.011553863,-0.04026031,0.0148832705,-0.016866164,-0.022548225,0.03400967,-0.016672933,-0.10941174,0.0068153697,0.048578843,0.027036281,-0.01488331,-0.008010641,-0.029713625,-0.03413336,-0.08913506,-0.02150326,-0.032271992,0.057339024,-0.038310178,-0.047225915,-0.0257343,-0.02756031,0.028024502,1.0000018,-0.015516254,0.0051934067,0.068569854,-0.031759616,-0.04433037,-0.04671407,0.018147517,-0.025463779,-0.07191126,0.033853643,-0.042455893,0.0022167359,-0.04684888,-0.038872276,0.022707041,-0.01758992,-0.02546378,-0.0052404297,0.054875623,0.05539215,0.009226323
7:23493613:T:A,-0.05749563,0.057605885,-0.041820217,0.012828611,0.002334387,-0.0361723,0.032298412,-0.05023688,0.01719498,0.03394744,0.008029722,-0.055677067,-0.033392206,-0.076778196,0.05014872,-0.025041187,-0.021684464,-0.054768153,0.035654157,0.06915814,-0.0898893,0.032728173,-0.0360222,0.009944167,0.082663655,0.027560165,-0.014072048,-0.041820288,-0.026884163,-0.028257934,0.023993475,-0.016763944,-0.05704941,-0.0062119295,-0.0008222752,0.009624864,0.02334828,0.0024899365,-0.05066825,-0.0048728907,-0.053962156,-0.0041380078,0.011907971,0.039980754,-0.07376713,-0.066458315,-0.02326381,0.015047774,0.13998078,0.004402989,0.09395533,-0.009859447,0.004275907,-0.05246665,-0.035582602,-0.014557785,0.036636814,0.08418393,-0.014971892,-0.014204018,-0.019291643,-0.0060186153,0.012308406,0.08282885,-0.033533763,0.061523404,0.10212675,0.05962418,0.08950082,0.060418107,0.10682749,0.04626923,0.01997011,-0.023897111,0.0050598965,0.06146863,0.05915247,0.026951008,-0.078468695,-0.04357807,-0.05339969,-0.0011578503,0.07487325,0.024070922,0.0048028263,0.0068330783,0.1027952,-0.012554214,0.064380385,0.0076057515,0.032499105,-0.034354772,-0.013364458,0.048619434,0.015893385,-0.08258726,-0.008275076,-0.10473394,0.034454364,-0.021342766,-0.05082746,-0.015516241,0.06369215,0.031630687,0.036044292,-0.025486402,0.011612345,0.013506613,0.022757567,-0.008465611,0.0030651677,0.019394578,0.033715747,0.013737034,-0.019752981,-0.028348835,-0.10875778,0.027443161,-0.024350485,-0.04039002,0.06592385,-0.0117204925,-0.011117193,0.047353372,0.061667513,0.101794966,-0.016648395,-0.021473961,-0.077848725,-0.028382778,0.03186244,-0.057399705,0.04590952,0.0010151967,0.031683836,-0.032448694,-0.00079867523,0.05701104,0.04289102,0.050869886,-0.011664693,0.057080228,-0.039552666,0.038725264,0.034032013,0.031611253,-0.018231401,0.018683044,-0.07442632,0.00886291,-0.079213694,-0.015516254,0.99999917,-0.023537997,0.02178314,-0.079065636,-0.0002262542,0.018977575,-0.010783518,-0.009996325,-0.0062244264,0.043884337,-0.0034020252,-0.04096442,0.031676304,0.03435475,0.034778405,0.033246614,-0.009996283,-0.032422293,-0.042539887,0.022641962,-0.052163508
8:70970809:C:G,-0.026144434,0.03075288,0.06704514,0.0024412805,0.08482845,-0.013186231,-0.053552162,-0.025886355,0.013477373,0.014026378,0.102160774,0.031040689,0.028570713,-0.05867615,0.013484968,0.0019173662,0.016102253,-0.002343073,-0.038084056,-0.06611498,0.04378122,0.056055196,0.095908545,0.053640213,-0.044390224,0.054208163,0.06771936,0.1477244,-0.04213833,-0.03116545,-0.034977954,-0.0060687927,-0.05858975,0.043871596,0.0050723143,0.08756493,-0.046269603,-0.085920446,-0.008680369,-0.029869968,-0.01357454,-0.11142255,-0.06140798,-0.037733287,0.025825819,0.039347257,0.03701999,-0.07447249,-0.058201358,-0.013298428,-0.054932997,0.09758365,-0.04657203,0.0628988,-0.017174032,0.09771105,-0.0596429,-0.023880323,0.000769138,0.020538839,-0.072017916,0.026369387,0.023931636,-0.021077141,-0.0154951485,-0.012309167,0.0031525742,-0.07311777,-0.034284517,0.06015293,-0.025403067,-0.044698652,0.08419361,0.01394267,0.007570231,-0.02322001,-0.06718809,0.03343143,0.019009981,0.016441757,-0.07150416,0.028234124,0.12060953,0.0038950725,0.026177227,0.05938624,-0.014279923,-0.03553052,0.013534308,0.004603719,0.07907753,0.0007224426,0.111658685,0.03602624,0.007874476,0.06482961,-0.07280459,-0.057254523,-0.05097867,0.005640767,0.03252553,-0.046535023,-0.047869746,0.0104619535,0.011060268,0.014869895,-0.025092745,0.039703753,0.07263486,0.09576193,-0.05751288,-0.021988142,0.023680024,0.039608486,-0.018083293,-0.007882747,-0.05990788,-0.0016127055,-0.058368042,0.017268071,0.08775617,0.030554518,0.038418166,0.038221586,-0.0075226123,-0.07669341,0.042813815,-0.082717784,-0.023473937,-0.025983544,0.048820782,0.059840385,-0.060374193,-0.017809262,-0.005157861,0.007433398,0.019479979,0.12366178,-0.023058536,-0.09282505,0.015472213,0.042851325,0.09593965,-0.07099194,0.031155353,0.04279296,0.052856248,0.06705978,0.044461567,0.07256527,0.04179168,0.0051934067,-0.023537997,0.9999988,0.015828567,-0.022632321,-0.07482252,0.028393583,0.021584531,-0.013633691,-0.0056983097,0.037516065,-0.039545834,0.045436166,0.06915252,0.09011955,0.04828163,-0.005186622,-0.01363366,-0.0007931115,-0.029957106,0.029170563,-0.010247887
22:51072289:C:A,-0.0671463,-0.012253804,0.05892496,-0.024315327,-0.027014432,0.021196153,0.08198635,-0.04106758,-0.0774517,-0.031072054,-0.004112468,0.0031926797,0.0046176254,0.0077791964,0.03183041,-0.044922132,-0.020684289,-0.10028682,-0.03289367,0.011387135,-0.005957958,0.013287695,0.038776536,0.041381143,0.06426809,-0.033902142,0.07309292,-0.05300531,0.05693936,0.040304277,0.06945586,-0.019868575,-0.016882164,-0.06681857,-0.007490104,-0.004439654,-0.008020723,-0.03605243,-0.03219741,0.04356858,0.07786363,0.06576763,-0.011906613,0.031504814,-0.08363671,0.026468633,0.03755288,-0.009253249,-0.028468637,-0.10702617,0.021192485,-0.0010708226,0.013226235,-0.06886463,0.038378805,-0.08373711,-0.02533528,0.071775414,-0.051600203,0.010213643,0.0143029345,0.05065673,0.127483,0.034721375,0.022003595,-0.006959033,0.0029392515,-0.0047142524,-0.012984905,-0.06870211,-0.018213607,-0.049234346,0.06812571,-0.013365728,0.08082134,0.028319133,0.05618639,0.025335616,0.056531377,-0.041195534,0.059341334,0.037601873,-0.06364466,-0.005847306,0.0211123,-0.0596234,-0.0033644629,0.011695291,0.0005235229,0.035586134,-0.0075348997,0.007479131,-0.009605079,0.0045862715,0.031050406,-0.00020393501,0.005033854,0.033184778,0.083202966,0.027343336,-0.05251994,-0.039078888,-0.0015852724,0.004697437,-0.00449206,0.025913587,0.014533106,0.025507143,-0.009258262,-0.054198302,-0.014254524,0.0074791377,0.05614775,0.04862827,-0.026518809,-0.03519753,0.042048953,0.12628521,-0.018708358,0.08247418,-0.019228956,-0.0013540944,-0.055240773,0.078674294,-0.04405309,-0.03716053,0.055379566,-0.079480045,-0.023130162,-0.007487001,-0.07714349,-0.01769276,-0.07782145,-0.05727692,0.03064159,0.0028830073,-0.018717192,0.0032786697,0.13505973,-0.0137267765,0.016514733,0.02679921,0.0716778,0.039471615,-0.008941708,-0.008959104,0.0046775243,-0.062591776,0.033694886,-0.0054500005,0.06297627,0.068569854,0.02178314,0.015828567,0.9999986,-0.012330251,-0.054727416,0.05178944,-0.007208794,-0.00823342,-0.040279336,-0.01963287,-0.046386316,0.049048655,0.0187615,-0.06419275,-0.014641952,0.029701741,0.058924716,-0.020122517,0.08478459,0.037596464,0.0065629347
15:56521620:C:T,0.029807694,-0.019953765,-0.036199313,0.039170984,-0.058097903,0.09266691,0.012137771,-0.020947376,-0.030284908,-0.05179198,0.015462392,-0.0012766924,-0.0001772748,0.054497797,0.08025242,0.019581519,0.034784093,0.035288684,-0.015712587,0.021591255,-0.0456295,-0.039720993,-0.052727845,0.015615549,-0.088642366,0.011141661,-0.014063006,0.038120355,0.0017653313,0.07910476,-0.011464393,-0.007315062,0.06362205,0.033882514,0.059630934,0.077137426,-0.047323722,0.055040173,0.02445476,-0.0469775,0.020997746,-0.0034054813,-0.10174404,-0.055126518,-0.017626496,0.00428216,-0.06567121,-0.08603113,0.00010049853,-0.04634274,0.009387378,0.07244825,-0.02492204,-0.0024546043,0.0428344,-0.040077616,-0.043828603,0.025836712,-0.09122867,-0.0011287812,0.08680938,-0.0031855188,0.03251625,0.008054061,0.027754035,-0.02480694,-0.05146718,-0.0009175032,-0.004780646,0.085531935,-0.04217607,-0.01715646,-0.10202521,0.055714685,-0.0011542883,0.097356535,0.013133762,-0.04364403,-0.10843895,0.0201496,0.017202066,0.03487823,0.018194456,0.0014950742,-0.011642991,0.015089875,0.042641718,-0.027015435,-0.016842352,-0.07950842,-0.022076067,0.014224071,0.0029872376,-0.03696991,0.06588293,0.08757635,-0.009689757,-0.020428658,-0.08358068,0.027057134,0.10866852,-0.049628854,-0.0012390529,-0.046199962,-0.026740814,-0.023927085,0.019985897,0.030979265,0.013938977,0.016603842,0.042750545,-0.017156435,-0.07387377,-0.06054062,0.03891033,0.0074373623,0.023974521,0.022615783,0.03348759,-0.0253832,-0.031863913,0.04206613,0.06877307,-0.03415669,-0.075052634,0.010844112,0.057715,0.0009256202,0.05033155,-0.011855295,-0.014041573,-0.020325989,-0.081848204,-0.06095303,-0.06351238,-0.08956401,-0.052101158,0.028070912,-0.05590939,-0.012067452,-0.08560264,-0.00087838,0.058747474,-0.04636597,-0.011176359,-0.036286052,0.08381406,-0.028818723,-0.041948922,0.02402188,0.009527322,-0.031759616,-0.079065636,-0.022632321,-0.012330251,1.0000023,0.05024035,0.03373892,0.011044331,-0.017619401,0.036116704,-0.013034045,-0.040994033,0.0083274655,0.0049076956,-0.014224215,-0.0008564058,-0.07823795,-0.05477922,0.07250083,0.05381192,0.020269522,0.0123638185
9:109639896:A:C,0.06280936,0.06618666,-0.013636614,2.9868927e-05,0.022036945,-0.058676668,-0.026633572,0.010914933,0.054850336,-0.06862129,-0.03715679,0.008680695,0.051284462,-0.05286572,-0.106466405,-0.020006474,-0.002837895,-0.028583752,0.0021920756,0.048236668,0.00817775,-0.025089992,0.06714448,0.068269506,-0.026741212,-0.007943652,-0.011105354,0.056834687,-0.023496173,0.033046998,-0.009282231,-0.0694431,0.021203,0.022912713,0.0018409416,-0.009656057,-0.056589995,-0.020983364,-0.05386105,0.04182911,-0.04411325,-0.005286022,0.025971657,0.043022834,0.016000656,-0.022360727,0.05828945,-0.07439215,0.004467002,0.02344216,0.065006375,-0.048568536,-0.029351477,0.05323064,-0.022568982,0.09144709,-0.044708606,-0.006984427,-0.02670962,0.017153846,-0.0069984156,-0.036298756,0.011629759,-0.06407152,-0.08760411,-0.024060808,-0.048006155,-0.013373808,-0.0136045,-0.010089763,0.017033894,0.049809996,-0.015519426,-0.014339469,-0.076002106,0.07304843,0.020104304,0.010038071,-0.014077374,-0.029714277,0.006894908,-0.023274494,-0.009435798,0.008025911,0.00014718235,-0.06789574,0.047206964,0.006063024,0.034448322,-0.07851796,-0.051820394,-0.009701694,-0.11090256,-0.036732577,-0.011484189,-0.024942579,-0.026187487,-0.05478183,-0.0209973,-0.052419174,0.004880128,0.0234453,-0.016150255,-0.048034564,-0.029094517,-0.078518055,0.14909773,-0.028535709,-0.015367034,-0.00043358927,0.09008174,0.04980996,-0.03180482,0.008203344,0.047208317,-0.0023668467,-0.04350357,0.007116701,-0.041159015,-0.06533153,-0.015068167,0.035156183,-0.0043824,-0.018207245,0.08819498,0.057972174,0.06289769,-0.07034278,0.006224757,0.02499551,0.024227215,-0.07138824,0.06548785,-0.0010342824,-0.048314974,-0.020202553,0.0032007997,-0.072480164,-0.0035768624,0.012551906,-0.01591254,0.085768536,0.031883907,-0.015833853,-0.0047473693,-0.011221169,-0.009206983,-0.0031444826,-0.047695436,-0.07287202,0.06330836,-0.04433037,-0.0002262542,-0.07482252,-0.054727416,0.05024035,0.9999996,0.040290516,-0.0046406095,0.056834687,-0.06917803,-0.012600239,-0.061902024,-0.009037992,-0.045247022,0.009701699,-0.013294687,-0.080662824,0.033344243,-0.024340969,0.026166903,0.023046238,-0.020925635
19:56733425:C:A,0.019136827,-0.009563644,0.026205802,0.044930406,0.08742664,0.02485051,-0.06612473,-0.014143732,0.1287344,-0.0058675106,0.121127434,-0.0048234863,0.041644912,-0.030011429,0.012221789,0.09319103,0.0052440627,0.041657217,0.023847751,-0.092395,0.0016149894,-0.0521369,0.067055315,0.027931063,0.028326545,-0.053769227,0.036512773,0.047195043,0.010757132,-0.08630656,-0.08239445,0.053296417,0.039312884,-0.009018595,0.009291685,0.03367953,0.0028316649,-0.037315924,0.098183624,-0.03957808,0.08936929,-0.11669279,0.03944738,0.039888974,0.020459274,0.035701584,0.047579605,-0.017965423,0.03345092,0.0016403329,-0.023619685,-0.026307765,-0.004377417,-0.0779233,-0.033116795,-0.08784335,-0.03227486,-0.031689975,-0.06457759,-0.08164731,0.09315061,-0.030579172,0.06875037,0.014406108,0.015526232,0.03629289,0.01820846,0.016248293,0.015900703,-0.053912994,-0.044150036,-0.01000779,0.10226844,-0.07838531,0.01436985,-0.0051804846,-0.021746255,-0.025657559,-0.008781605,0.055094454,-0.029251538,0.025388254,0.024745125,0.05386419,-0.004285641,-0.062471427,0.003490857,-0.0354237,-0.025171755,0.04338113,0.02743997,0.025442569,-0.0584173,-0.013523567,0.010744864,-0.029266821,-0.027642671,-0.06537699,-0.016919734,0.124608405,0.031384632,0.013845772,-0.020968026,0.047660135,-0.00369439,-0.06476712,0.059646536,-0.03679651,-0.059106965,0.0063782376,-0.08359825,0.043167688,-0.009499591,-0.015981141,-0.032517113,0.022167832,-0.0090718325,-0.069789305,0.017663352,0.002888093,-0.03710623,0.12085932,-0.01823726,0.0029607909,0.007913302,0.017435089,0.050767835,0.003962831,0.06488748,-0.10413785,-0.0035600585,0.058536917,0.09184238,0.083078,0.028473672,0.07094028,0.051933594,0.10815223,0.018015835,-0.0031193632,-0.018405935,-0.057842493,0.02149235,-0.040088277,-0.028391317,-0.0089610815,0.010794856,0.028442163,-0.0159409,0.0024001396,-0.047801916,-0.04671407,0.018977575,0.028393583,0.05178944,0.03373892,0.040290516,0.9999992,-0.055847555,0.026205596,0.004222272,0.009476312,-5.2180127e-05,0.05290263,-0.017830871,0.027732948,-0.020525428,0.08289254,0.0052160895,-0.015812138,0.0701429,0.0077025476,-0.1148615
17:65706748:C:G,0.015133939,0.007241746,0.020343766,-0.017266603,-0.02170504,-0.026128937,0.0180986,0.007847833,0.029589279,0.05709367,0.032710228,0.0014277236,0.037488583,0.027339641,-0.020997064,0.011243321,0.057181463,0.022128064,0.0070597553,0.048189808,-0.05220504,0.06755068,-0.044789623,0.038700446,-0.0630253,0.04063225,0.025106352,0.058384374,-0.027020656,-0.009313349,-0.0055492716,0.036359318,-0.021759592,0.043025382,0.013563514,0.014582671,0.033907797,-0.016122079,0.0453929,-0.004390615,0.006578327,0.039799366,0.067799084,-0.005834283,-0.049115375,-0.049583532,0.013621848,0.007425226,0.049836125,-0.077533744,-0.0020869405,-0.06616386,-0.0038807578,-0.019255841,-0.085142836,0.07562489,-0.07325818,0.010057184,0.028066143,-0.00885491,-0.034361243,0.0037401028,0.022664467,0.039702978,0.077331156,-0.04999979,0.02256529,0.04469661,0.045205127,0.0060456055,0.03029072,0.027015287,-0.07571212,0.061393347,-0.04522909,-0.041465618,-0.053515524,0.036107443,0.021394761,-0.03128411,0.066949815,-0.041474525,-0.054067068,-0.051236026,-0.030264286,-0.06094371,0.0056924224,-0.07597121,0.012010643,0.055535905,0.033239555,-0.03723386,0.027604992,-0.054793134,0.051325057,0.0044930265,-0.031680863,-0.055928268,-0.028539693,-0.01904592,-0.027483817,-0.05502385,0.029410109,-0.028554335,0.0334863,0.014282712,0.06052638,-0.02806447,0.034598254,0.0019806346,-0.036910895,0.0752022,0.011413291,0.025771054,0.031338092,0.029461455,0.027028333,0.01996856,-0.025579637,-0.0070359707,0.019964185,0.07523155,-0.044164456,0.04892986,0.06982594,-0.024924641,-0.026190434,0.016392224,0.038156986,-0.03301335,0.033355106,0.027686426,0.027794428,-0.119044825,-0.0067968797,0.025204614,-0.092031166,-0.02823143,-0.010343557,0.07040962,-0.035446804,0.01618495,0.054993693,0.013464571,0.008020939,0.09608215,0.018016145,-0.050305065,0.03154416,0.033782374,-0.030532002,0.018147517,-0.010783518,0.021584531,-0.007208794,0.011044331,-0.0046406095,-0.055847555,1.0000002,-0.09377833,0.07723338,0.0731763,-0.04139828,-0.017832957,-0.032558948,-0.02701526,-0.045622952,-0.012224707,0.020343924,0.03799255,0.10593758,0.002670851,0.012418099
20:62345183:A:G,-0.0076155732,0.011464961,-0.024439914,0.0034143913,0.016096992,0.048073363,0.0017328465,-0.054440383,-0.08187915,0.016890984,-0.00843986,-0.0476171,0.059649892,-0.080203995,-0.036701456,-0.03585613,0.048640177,-0.017404316,0.103791736,0.009088919,0.015398461,0.038675196,0.11753619,-0.06321521,0.09802495,0.013658992,0.03156478,-0.024439937,0.042572696,-0.016310498,-0.07939732,0.0026348683,0.01297257,-0.04513813,0.0073524914,0.036516186,0.010657016,-0.022265218,0.11793168,-0.03430518,-0.052668136,-0.038544912,0.027418787,-0.016489154,-0.006355204,0.0064362963,-0.010906716,-8.902087e-05,-0.045382008,-0.039371304,0.018189711,0.018142816,-0.018808255,-0.07112104,0.046917573,0.046535704,0.018703794,-0.011037965,0.0001994506,0.020533524,-0.024699457,-0.009430797,0.0047951797,-0.09923047,-0.05609705,-0.016999219,-0.0040394943,0.028145565,-0.017526764,0.043819096,-0.024066254,-0.029238535,0.032307845,-0.025699386,-0.026590038,-0.020336535,0.041967634,-0.018571965,-0.01010038,0.008153663,0.0015660954,-0.09785596,0.091763794,-0.038045757,-0.005572583,0.032599315,0.14090984,0.055029385,0.07524178,0.03383801,0.008103406,-0.029238472,0.030196749,0.014099087,-0.05735236,0.045773767,0.021573175,-0.023105703,-0.013960815,0.05827667,0.018865036,-0.02546379,-0.018430013,-0.029451223,0.030532235,-0.027408497,0.019285768,-0.0029947094,0.003438121,-0.019153368,-0.027408523,-0.029238528,0.026991943,0.027339218,0.12245535,-0.015287777,0.037327003,-0.040419623,-0.011300971,-0.037036218,0.03320627,-0.01299795,-0.0069797654,0.032501932,0.06199831,0.002398119,0.032473274,-0.05820255,-0.029507564,-0.01864768,-0.048870705,0.020272678,0.012541881,0.055230223,0.014519756,0.020674886,-0.018520726,-0.0032727295,-0.07865286,-0.02455161,0.10430533,0.026944745,0.0117153935,0.010748319,-0.030974478,-0.0226253,-0.02991962,-0.036272515,-0.02469943,-0.026452035,0.01999128,-0.025463779,-0.009996325,-0.013633691,-0.00823342,-0.017619401,0.056834687,0.026205596,-0.09377833,1.0000014,-0.018015398,-0.0345154,-0.04074871,-0.049153745,-0.04274495,-0.04285425,0.0063758343,0.035309646,-0.024439914,-0.014612798,-0.038038783,0.011934665,0.04410744
13:71236607:T:A,-0.016721897,0.021796502,0.00040279314,0.06868048,-0.02602249,0.06554331,-0.012474729,0.012340122,0.028809883,-0.047808494,0.05643284,-0.027076077,-0.03151412,0.010865389,0.0059565725,0.033617157,0.10860626,0.001968441,-0.03176337,0.069554426,-0.04415581,0.020849876,0.0079319645,0.012094844,0.01569399,0.0035672411,-0.026850132,0.00040274265,-0.006851547,0.0774453,-0.053423584,0.057543524,-0.06350817,-0.037798222,-0.03713427,-0.021451274,0.047420148,-0.016412454,0.012043972,0.0077160266,-0.021503562,0.06901035,-0.07711449,0.03448515,0.009683434,0.011842498,-0.005261365,0.024915729,0.016596844,-0.06462657,-0.015156959,-0.027329618,0.061925262,0.0037740148,0.06554732,-0.050122377,-0.018381646,0.070710585,-0.06654669,-0.032722667,0.013702598,0.03330341,-0.0769993,-0.023017088,-0.047533512,-0.04460418,0.078970686,0.05550655,0.0583708,-0.025730863,-0.06126777,0.040662505,0.06860049,-0.01894381,-0.010545296,0.03746021,0.00088504585,0.034296554,-0.007445295,0.0042955284,-0.028941393,0.011765669,-0.08363294,0.0292988,-0.06740321,0.018302374,0.05538499,-0.014654347,-0.009069862,-0.0076935557,0.07925309,-0.083767965,0.062646545,-0.115173064,0.058813635,0.0126554705,-0.006151804,-0.0036128685,0.10009707,0.003000224,0.03331598,0.069798276,0.044801775,-0.017375898,0.028849868,0.012844969,0.039031766,0.038917445,0.043193318,-0.029466439,-0.0036793698,-0.06821392,-0.019473873,-0.011861152,-0.006157606,0.018785838,-0.0074051856,0.037230324,0.0669146,-0.009305899,0.024477413,0.03171833,-0.045312613,0.10241653,0.032287657,-0.005461084,0.019054268,-0.010512361,0.03161849,-0.059229027,-0.032750446,-0.0004510997,-0.067934826,-0.055018988,0.030259253,-0.00127667,-0.048257496,0.08182276,0.04243513,-0.0141563825,-0.07833452,0.014494569,0.023648454,-0.017752785,0.006653275,-0.03977885,0.022773981,-0.050016776,-0.0022520702,-0.0024119185,-0.02561829,-0.07191126,-0.0062244264,-0.0056983097,-0.040279336,0.036116704,-0.06917803,0.004222272,0.07723338,-0.018015398,0.99999976,0.0047876923,0.027541671,-0.038838327,-0.046555854,-0.040662613,-0.04214736,0.021004844,-0.018015465,-0.030929815,0.0041033616,-0.006621047,0.066924036
2:216220870:G:T,-0.020325907,-0.011942099,-0.014257245,-0.011754314,-0.057506137,0.072417505,0.07470532,0.0842783,0.088258356,0.009082776,-0.015573638,-0.032190524,-0.0310149,-0.0047997893,0.062098287,-0.014312282,0.025297036,0.03201651,-0.015113156,-0.036355518,0.028797716,0.054853402,0.032562166,0.006075523,-0.057048976,0.014554162,0.024405513,-0.014257242,0.04194958,0.045007516,-0.012241788,-0.07097611,0.0005628778,-0.06465928,-0.07615706,0.0073321476,0.10719861,0.05345138,-0.006471062,-0.0355223,0.040713288,0.04942701,-0.0046203495,-0.031656027,0.03264066,-0.0251323,-0.066718414,0.03761823,-0.009959135,0.04230191,0.01765323,0.01727612,-0.016542198,-0.12734133,-0.04205183,-0.01715612,0.041157175,-0.025877211,-0.024666294,0.036192738,0.0031397843,0.00087725755,0.0034787888,-0.030318696,0.029372895,-0.056750655,0.13284639,0.017035577,-0.00070834043,0.05930034,0.030522354,-0.042718016,0.04113112,0.027612349,0.0082809655,-0.011498382,-0.059373606,-0.024029177,-0.082333796,0.009471845,-0.024399985,0.044422593,-0.022531493,-0.08526629,-0.036729917,-0.011926269,-0.05148581,-0.012977403,-0.07213856,-0.056852248,-0.01842406,0.042820174,-0.04208974,0.059527803,-0.019767957,0.045622233,-0.008873434,-0.04278709,0.013303489,-0.053207986,-0.008658531,0.07282015,-0.059208192,0.052297425,0.013588124,-0.06142664,0.023744643,0.019766357,0.10591568,-0.0027328143,-0.043251563,0.008604937,0.024406796,0.004706264,0.03447648,-0.03789197,0.06658502,-0.0551194,-0.031915143,-0.0021323569,-0.05016467,0.044482,-0.022375004,0.035060443,0.016988195,-0.07640653,0.004749717,-0.047312703,0.0074409484,0.021831477,0.0056982306,-0.061289974,0.011376671,-0.050185334,-0.022258468,0.04875761,-0.037447676,0.08448092,0.005875611,0.05287114,-0.00087723735,0.016308747,-0.003309146,0.031485092,0.038685434,0.11565989,-0.0060075633,-0.031634506,-0.067054145,0.0033626878,0.018763779,0.033853643,0.043884337,0.037516065,-0.01963287,-0.013034045,-0.012600239,0.009476312,0.0731763,-0.0345154,0.0047876923,1.0000002,-0.023771103,0.07478429,-0.014377702,0.0598255,0.031464815,-0.01768043,-0.034515418,0.005025013,0.03159291,0.023920985,0.0014753
19:33751852:G:C,0.07743989,-0.016584272,-0.040748637,-0.011351489,-0.037886433,-0.03152834,-0.023062171,-0.013121285,0.061218522,0.04440732,0.098173656,0.029124808,0.024757499,0.06909831,0.07099956,-0.024978815,0.04217411,0.03335851,-0.0062474064,0.033836722,-0.042056635,0.07928051,0.038218934,-0.067898005,-0.029412204,0.030706545,0.002109153,-0.04074884,-0.0011681446,-0.06924033,0.0788734,-0.014021898,-0.021111686,-0.0018147881,-0.018572006,-0.02785959,0.017768474,0.13793452,0.0020530568,0.033231094,0.037670024,0.021615563,0.0058491607,-0.012262556,-0.006432096,-0.038638785,0.0019449329,0.009193113,0.04037052,-0.031249212,-0.02676389,-0.03298636,-0.0030183473,0.04428764,0.058504842,0.029029,-0.034975488,0.017616156,-0.036234275,0.028687805,-0.041181665,-0.023633244,0.00081382704,0.010519427,-0.0180883,-0.015522457,0.016155334,-0.018062908,0.0028711073,0.034619384,-0.009074602,-0.0036741865,-0.045020346,-0.042848766,-0.044333734,0.019968031,0.0054634986,0.038568422,-0.016840411,0.02353381,0.0077414843,-0.07858505,-0.022362059,0.00303944,5.5771463e-05,0.034824748,-0.024759226,-0.095109865,0.063434325,0.04892642,-0.0045633134,-0.0036741837,0.041756794,-0.051329605,-0.0014048707,-0.013734251,0.05563449,0.07703079,0.015035501,0.028905295,-0.063284665,0.0088790255,-0.073799476,-0.010463021,0.019944012,0.05007763,-0.044825785,-0.028248016,-0.035855085,-0.0065183016,0.0021896656,-0.04874962,-0.034864355,-0.0036000826,-0.0329285,0.04009198,0.028502334,-0.023337012,-0.103463516,-0.014648472,0.04391423,-0.073229305,0.021621788,0.027041312,-0.052117784,0.075824216,0.058186058,0.06722911,-0.036824815,0.025688918,0.045016527,0.0013546553,0.024801034,0.031774346,0.008015928,-0.019138774,-0.0469255,-0.005456517,0.059481412,0.03521252,-0.006026241,-0.017292203,0.029477796,-0.088377796,-0.008918713,0.038788166,0.06611055,0.04991815,-0.041181635,-0.044103704,-0.041515544,-0.042455893,-0.0034020252,-0.039545834,-0.046386316,-0.040994033,-0.061902024,-5.2180127e-05,-0.04139828,-0.04074871,0.027541671,-0.023771103,1.0000017,0.05094522,-0.047209736,-0.04140118,-0.06247386,-0.036786634,-0.040748782,0.014582257,-0.011891671,-0.008028262,-0.033207092
12:57082058:G:A,-0.04882218,-0.00050116563,0.03780143,0.07801779,0.07468735,0.064625055,-0.046299517,-0.056345366,0.0029983395,-0.014363523,0.039347377,0.011916162,-0.049767427,0.10402807,0.070619896,0.036559563,0.009314839,-0.049293593,-0.007656213,-0.06478422,-0.007470496,0.063387334,-0.046741493,0.0037130567,-0.08080426,-0.050563287,0.0014725076,0.008816515,0.04236178,-0.0026781259,-0.018678432,0.035924815,-0.022878202,0.0023956683,-0.024626225,0.09977271,0.038861953,-0.0078115365,-0.057782684,-0.035077266,-0.00484985,-0.05386355,-0.02653348,-0.04134697,0.002292545,0.022811988,0.09411681,-0.03706222,-0.0033196497,0.11692839,-0.061203595,-0.06944495,0.032755405,0.008459478,-0.090417095,0.0037503904,-0.030018277,-0.021232022,-0.07027971,0.06263676,-0.0036438047,0.026755841,0.017280838,0.0549633,-0.023163395,0.03093465,0.004176494,-0.024711,0.016942695,0.095739745,0.082188,-0.044526488,0.019389765,0.06413261,0.08123911,0.0049853027,-0.046229273,-0.059377845,0.04895472,0.06384966,0.032867305,0.046495005,0.05532087,-0.0133479675,0.10336465,-0.0065903626,0.026915172,-0.07288072,0.044288862,0.08123425,-0.015804783,-0.04452646,0.034151983,0.05472905,-0.043465048,0.022346677,-0.01912885,-0.045515027,-0.0456754,0.07578187,0.013692533,-0.02565976,-0.017158037,0.06373822,0.00041363292,0.016388683,-0.03789699,-0.058508683,-0.02288256,0.011222553,-0.009616056,0.053382963,0.0057523735,-0.013959598,0.037444558,-0.008257121,0.027750371,-0.010701073,-0.10859383,0.019526672,0.043984726,0.05343436,-0.009673025,-0.037985597,-0.042418707,-0.010209638,0.023687681,0.05604041,0.10387201,-0.025482869,0.041243017,0.027374445,-0.030664604,0.032477405,-0.021725172,-0.09713317,-0.017825393,0.028947148,0.032089964,-0.055753168,0.11175598,-0.0033852481,0.012480631,0.028592037,-0.0062268237,0.031532735,-0.03266928,0.027239464,0.021464417,-0.05768206,-0.03769487,0.0022167359,-0.04096442,0.045436166,0.049048655,0.0083274655,-0.009037992,0.05290263,-0.017832957,-0.049153745,-0.038838327,0.07478429,0.05094522,1.0000004,-0.013363568,0.06900348,-0.02782008,0.023680547,0.008816467,0.07664934,0.0581178,0.050289374,0.02127136
4:164044410:A:G,-0.0014257192,0.00785403,-0.013884884,-0.026858421,0.109653875,0.035174314,0.06320769,-0.10352408,0.03467981,-0.0119964145,-0.017587135,0.011364719,-0.021403842,-0.005688383,-0.0021988342,-0.029779974,-0.03287259,0.016460728,-0.02245859,-0.02387792,0.032907963,0.0013043315,-0.07288244,0.0957612,0.08461321,-0.06506755,-0.016780188,-0.013884898,-0.064747624,0.0128355445,-0.008747141,0.057504937,0.05271358,-0.007443532,0.03612753,-0.098028526,0.0439402,-0.03368313,0.07037183,-0.006482641,0.06280259,-0.03166903,-0.03175414,-0.07095536,-0.12443469,0.009959275,-0.0014799851,0.03509486,0.008201103,-0.0037710723,-0.07018184,0.03474509,0.0127559,0.046024017,0.011638213,-0.005035363,0.009271082,-0.056684237,-0.0022405498,0.084157206,-0.04736576,0.07072657,0.09170492,-0.056191094,0.017163664,-0.11565953,0.019106241,0.06840642,0.13518912,-0.048283327,0.047012243,-0.012549188,0.074607134,0.09464962,0.010380622,-0.042937305,-0.002607315,0.02077847,0.020190258,0.029263102,-0.09250137,-0.02149041,-0.008819075,-0.05755607,-0.026434204,0.021600202,0.027224151,-0.010743993,0.03602306,-0.014277857,0.033513363,0.03619419,0.021122832,0.031192146,0.02618673,-0.018917434,-0.08565523,0.059665103,0.010884729,0.0072954656,-0.015161073,0.11968786,-0.0074209026,-0.08419816,-0.008898804,-0.002625234,0.02145379,0.11067564,-0.027403153,0.005724059,-0.05441025,-0.08566434,-0.013453921,-0.03352299,0.010813456,-0.06252025,-0.018311715,0.022330247,-0.015512397,0.015189575,-0.08845165,0.035591967,0.0083228415,-0.0075293505,-0.02012331,-0.09006243,0.0055151284,0.08324391,0.040659208,0.015537711,-0.0200702,0.015537568,0.0009912958,-0.0077537247,-0.031879365,0.0005310935,-0.019559506,0.02608465,-0.061588284,-0.014291576,0.0062487274,-0.035432354,-0.008690689,-0.060467865,-0.06764941,0.0061065294,0.027740365,0.006474355,0.077633716,0.13668983,-0.05018866,-0.04684888,0.031676304,0.06915252,0.0187615,0.0049076956,-0.045247022,-0.017830871,-0.032558948,-0.04274495,-0.046555854,-0.014377702,-0.047209736,-0.013363568,1.0000027,0.012548963,-0.0123765785,-0.056209795,0.014975145,0.055456437,0.07072632,-0.007312715,-0.010508308
3:169529562:G:C,0.06998308,0.014411153,0.029238448,-0.009839878,-0.0020856797,-0.005660297,-0.023354154,-0.0178962,0.05850174,-0.0037515047,0.08589922,-0.03725595,0.051146623,-0.028567493,-0.0007287023,-0.004112266,0.06009805,0.026086971,-0.025390515,-0.029798813,-0.029857038,0.0036950596,-0.02256447,0.041257214,0.014824983,-0.02303755,-0.029233336,0.029238464,-0.0056876694,-0.04674125,-0.010584907,0.003066068,-0.044383485,-0.077081494,0.017229894,0.047571648,-0.056429647,-0.13099073,-0.029901128,-0.11632815,-0.0047843386,-0.0046352367,-0.039532818,-0.008557083,-0.03176488,-0.035483997,0.06742513,0.053729434,0.015111622,0.047101494,-0.0024835288,-0.059482593,0.037539188,-0.061566927,-0.01750683,0.017482743,0.079168454,-0.040005974,-0.07784896,-0.01707196,0.029549062,-0.05014238,0.018511774,0.021987967,-0.0003950137,-0.009966218,0.055073064,0.040940218,0.034514043,0.018966364,0.07335188,0.034979347,0.0030868745,0.030745283,0.012119795,-0.025047645,-0.03713856,0.022218466,0.02762819,0.03723033,0.011985416,-0.022856494,0.042479757,-0.13404892,-0.029628392,-0.0482318,-0.08873913,-0.010792933,0.0369374,-0.003801884,-0.101237744,-0.025901986,-0.00276748,0.08042097,-0.040748313,-0.0069777514,0.033954285,0.01113449,0.019289348,-0.071365334,0.045408588,-0.038872268,-0.0070384396,-0.013042858,-0.014310693,0.032789994,-0.054538526,0.07817989,-0.0321981,0.06582477,-0.03188974,0.03497942,0.04476116,0.038250953,0.047930777,0.05012207,0.0009055547,-0.067944534,-0.01725159,0.0011382307,0.022138586,-0.05657313,-0.050047737,-0.015965352,0.020332824,0.025426107,0.029409595,0.06963022,0.07708113,0.0031361831,0.04565179,0.003136421,0.06643117,0.015384935,0.086515844,0.00888396,-0.015769515,0.048471406,-0.036003567,0.03451447,0.034118537,0.03919343,-0.0526314,0.023034351,0.037056044,0.001232724,-0.008073458,0.0185437,0.029549064,-0.035235897,0.0013566458,-0.038872276,0.03435475,0.09011955,-0.06419275,-0.014224215,0.009701699,0.027732948,-0.02701526,-0.04285425,-0.040662613,0.0598255,-0.04140118,0.06900348,0.012548963,0.9999971,0.027635884,-0.005729225,0.02923852,0.02624904,0.0,-0.044453464,-0.0053405697
17:2584946:G:A,0.004001483,0.045419257,0.056484938,0.0071096276,0.0059278617,0.022407215,0.01230939,0.10532008,0.04526749,-0.024740698,-0.015360873,-0.033663876,0.0011352468,-0.013696518,0.05420704,-0.023319751,-0.0126889935,0.04113963,-0.032244533,0.050245836,0.04720395,0.04084563,2.3921839e-05,0.013138461,-0.047125194,-0.05321225,0.029311903,0.0063756974,-0.016750561,-0.026445588,0.027323512,0.042533085,0.0069509298,-0.012028319,-0.07126211,0.010039339,-0.037740465,-0.05810239,0.048857722,0.07316332,-0.013747542,-0.047725677,0.01031255,0.023364918,-0.043947715,0.042094257,-0.10802164,-0.014593095,0.07084465,0.026415713,-0.06012871,0.018860925,-0.06414232,-0.052232783,0.040833905,-0.037855964,-0.045345347,0.012037774,-0.062987134,0.026761018,-0.051432468,0.00926657,-0.033835683,-0.017012905,0.0028301117,0.014464698,0.0153801,-0.003275023,-0.034344368,-0.036993254,-0.049593452,-0.09111056,-0.018098539,-0.05652573,0.025185516,-0.024800181,-0.025079181,-0.0060345153,-0.03878293,-0.022343663,-0.0036196157,0.0043564336,0.11128989,0.025526345,-0.03730149,0.025717076,-0.0070426245,0.0148813715,-0.095436685,-0.007655375,0.0035419278,-0.0064777276,-0.032743406,0.10112068,0.044445798,0.01422616,-0.03947457,-0.02874203,0.11454134,0.027518203,-0.06236131,-0.0013893688,0.031764366,0.036099076,0.018679954,-0.015328193,0.03744266,0.006239216,0.048989844,0.06663649,-0.03780658,0.056996774,-0.024893751,0.0005632654,0.0051521584,0.06491413,0.03248682,0.035609826,0.06507552,-0.019817622,-0.01224598,0.044302046,-0.0002606552,-0.010602688,0.030050127,-0.00062559545,0.05731815,-0.014190735,0.06384147,0.04167032,0.012749122,-0.03828693,-0.044050444,0.008239651,0.051951736,-0.027562097,-0.012742862,-0.0032754533,-0.0074029868,0.0040219845,0.0074397977,-0.02065793,0.021061333,-0.021099074,0.0013954652,0.07922711,0.020146772,0.0075433995,-0.008025564,0.03789231,0.0394328,0.022707041,0.034778405,0.04828163,-0.014641952,-0.0008564058,-0.013294687,-0.020525428,-0.045622952,0.0063758343,-0.04214736,0.031464815,-0.06247386,-0.02782008,-0.0123765785,0.027635884,0.99999887,0.019421428,0.031430513,-0.022593934,-0.09489204,-0.03544844,-0.015901875
12:133047900:C:G,0.0041825473,-0.033062622,0.075221516,0.0054220557,-0.06423541,0.037323512,-0.089189865,0.05385647,0.082311615,0.0057112025,0.028444681,0.024842767,-0.04794599,-0.07025151,-0.07302429,-0.019764148,-0.030860154,0.015670793,0.05453186,-0.017496832,-0.07904645,-0.013923876,0.012834379,-0.03276752,0.11339073,0.023951093,-0.026322367,-0.044513974,0.040450286,-0.0021980198,-0.0146877095,0.057296913,0.023990901,0.15265581,0.07534723,0.013536926,-0.052585408,-0.040552944,0.045523036,-0.010144006,-0.025555793,-0.007392065,0.07583638,0.015163094,-0.028699588,-0.016733268,-0.0055658487,0.0020205278,0.009530335,-0.020272883,-0.04104315,0.07419073,-0.023093352,-0.03820002,0.081951804,0.034133326,0.034628425,0.058381613,-0.022096641,-0.030011646,0.07602003,0.07190297,-0.012073724,0.019308537,0.061948635,0.06909717,0.023130596,-0.025882177,0.019447261,-0.03426486,-0.02895915,-0.078532584,0.10852402,-0.055201467,0.022972692,-0.091351934,0.061364442,0.057160802,0.08272196,0.060370933,-0.08154573,-0.0102586,0.059426323,0.03011437,0.016277723,-0.020753497,-0.012713961,0.06771319,-0.032324526,0.052003007,0.0122247655,-0.04482781,-0.0054209586,-0.02590722,-0.007313864,-0.023044502,0.040211387,-0.044368528,0.07591353,0.051228918,-0.08241445,-0.017589968,0.010715514,-0.008314855,0.032639164,-0.040968817,0.07167034,-0.05381645,-0.036495604,0.03994588,-0.005161118,0.039433733,-0.023355516,0.0119739305,0.09798371,0.0018462982,-0.077049986,-0.013350968,0.02991489,-0.0055066566,0.026231548,-0.07289611,-0.05809882,0.024306027,0.03589629,-0.005142938,-0.037972488,-0.03143162,-0.015579393,0.0043228646,0.034544382,0.06800804,0.016662503,0.019419517,0.08395862,0.029424243,0.018009257,-0.009660838,-0.06800804,-0.08101561,0.07225114,0.08687527,0.03551281,0.030505545,-0.032455184,-0.0018766524,0.09555621,0.001577246,-0.027700126,0.007361097,0.008428228,-0.01758992,0.033246614,-0.005186622,0.029701741,-0.07823795,-0.080662824,0.08289254,-0.012224707,0.035309646,0.021004844,-0.01768043,-0.036786634,0.023680547,-0.056209795,-0.005729225,0.019421428,0.99999917,-0.08442563,-0.120047,-0.07558073,0.0050317016,-0.08009065
5:1268066:C:T,-0.007615552,-0.0646658,-0.024439923,-0.051105574,0.038279902,-0.018909799,0.037309647,-0.013044308,0.0043725823,-0.061055392,-0.040120587,0.026766134,-0.04275241,0.037756894,-0.0033184825,-0.035856124,0.0071370145,-0.017404327,-0.032046784,-0.05067248,-0.038765304,0.038675103,-0.04611981,0.065310426,-0.0077263713,-0.08149964,0.07196489,-0.024439938,0.017845158,0.095768765,-0.038852297,-0.056271628,-0.0802446,0.0052043763,0.08131801,-0.0021932917,-0.008151689,-0.022265175,0.04611618,-0.034305032,0.027610863,0.0026625132,0.027418848,-0.016489118,0.013624021,0.032756966,-0.030224191,-8.896477e-05,0.14020437,-0.03937128,0.018189723,-0.0051969523,0.058896575,-0.013234558,0.009067418,-0.0072333133,0.018703774,-0.011038088,0.07539321,-0.08594457,-0.024699438,0.009544003,0.073708735,0.018581308,-0.056097068,0.013758506,-0.077261545,0.028145583,-0.017526684,-0.048402753,0.013181038,0.114947766,-0.007231979,-0.025699394,-0.045243893,0.05352092,0.0006973975,-0.018571945,-0.010100397,-0.0633807,0.0015661652,-0.016699288,-0.028437208,0.17458795,-0.072844565,0.070079274,0.06651695,0.016876694,0.0008503642,0.05181102,-0.020803979,0.042854596,-0.011021627,-0.09362506,-0.0008425452,0.06634932,0.021573212,-0.0017806251,0.041188058,0.03488238,0.018865054,-0.025463788,0.040616326,0.081792384,-0.043749165,-0.027408518,0.019285705,-0.0029947138,-0.018733371,-0.03947871,-0.027408514,0.11494779,0.008743335,-0.015567559,0.0682823,0.04371294,0.037326977,0.017229874,-0.011301002,-0.0047499137,-0.0034226843,0.057682786,-0.07081305,-0.03263143,0.03712976,-0.035894435,0.09067068,0.016863815,0.010071921,-0.01864771,-0.048870753,-0.018647667,-0.062115848,-0.0026464427,-0.004904247,0.020674963,-0.018520704,-0.003272763,-0.039732717,-0.04890949,-0.028518887,0.026944822,-0.036000095,-0.06575736,-0.030974489,-0.04557005,0.014605744,0.022582555,-0.02469944,-0.026452022,0.01999144,-0.02546378,-0.009996283,-0.01363366,0.058924716,-0.05477922,0.033344243,0.0052160895,0.020343924,-0.024439914,-0.018015465,-0.034515418,-0.040748782,0.008816467,0.014975145,0.02923852,0.031430513,-0.08442563,0.9999998,0.026913967,0.07607757,0.038734443,0.01714996
5:1203499:T:C,-0.010814736,-0.07241774,-0.035376187,-0.07171812,0.016593358,0.041640755,-0.009960274,-0.08477912,0.027525594,0.028267235,-0.023667334,0.009219513,-0.11895895,0.06680575,0.09612445,-0.08236314,0.11172901,-0.06424284,-0.03751561,0.028145388,-0.010004463,0.044709366,-0.026331475,-0.031284466,-0.09062239,-0.026742341,0.05449191,-0.035376187,0.030967247,0.035226118,0.007175308,0.034706756,0.032317642,0.0071930704,0.01189182,0.026344573,-0.050238647,-0.081409305,-0.024099141,0.012297428,0.041728627,-0.009474149,0.0324833,-0.0146725485,-0.005419555,0.07026523,0.07256675,-0.0050497637,0.012361323,0.04335692,-0.008556707,0.006353695,0.049192183,-0.031964503,0.122603685,-0.06989388,-0.11925258,-0.031777017,-0.019185454,-0.014699084,-0.08671265,-0.012945881,0.028706942,0.06443761,0.047713492,-0.05068517,-0.0018588996,-0.028045263,0.055453308,0.07199422,0.067519955,-0.026249126,0.008498194,0.045767758,0.0039505926,-0.0117850825,-0.005647441,-0.05167668,0.0006764541,-0.036687594,-0.030995784,-0.058097713,0.045121282,-0.022747831,-0.059461474,0.028797138,-0.03919966,0.00061800925,0.05723833,0.055384755,0.009239179,0.008819441,0.052097928,0.08284582,0.04845963,0.0067255027,-0.07794366,0.039131634,-0.06684334,0.0308137,-0.0779738,-0.04517862,0.039842494,-0.036585957,-0.004139473,-0.007073569,0.029065073,-0.047586482,-0.01007739,-0.11649998,0.030183148,-0.026249005,0.09159093,-0.010829813,0.022160443,-0.029270351,0.028879091,-0.037798926,0.043252353,-0.0885639,-0.024689477,-0.07044611,0.0003549324,-0.0591142,-0.037024103,0.02879182,0.033177435,0.11582347,0.0028133017,0.012909892,-0.03352588,-0.006022189,-0.0064977957,0.018946009,0.01025619,0.009754831,0.08021324,-0.036604565,0.010755195,-0.016901143,-0.08166138,0.0021940805,0.043029174,-0.07937429,-0.010209851,-0.043290768,-0.022401467,-0.0037944305,-0.014768021,-0.07360329,0.008313338,-0.0052404297,-0.032422293,-0.0007931115,-0.020122517,0.07250083,-0.024340969,-0.015812138,0.03799255,-0.014612798,-0.030929815,0.005025013,0.014582257,0.07664934,0.055456437,0.02624904,-0.022593934,-0.120047,0.026913967,1.0000002,0.009251658,0.031035762,0.0015120863
15:56030756:T:C,0.05964792,0.06360382,0.057058178,-0.024292747,0.019768346,0.04476908,0.027741287,0.013833807,-0.009607933,0.06946188,-0.06352283,-0.005523882,-0.03422097,0.019710217,0.01487467,-0.0124015985,0.018492725,0.016669802,-0.03026316,-0.0066570607,0.008044685,2.5141491e-09,-0.09115136,-0.01145358,-0.047120135,-0.01272012,0.0045003043,0.057058178,-0.038563006,0.07990365,-0.013549393,0.07874203,0.02492117,-0.044862807,-0.037076898,0.021560004,0.050284263,0.06237719,-0.015999623,-0.096665256,-0.044712935,-0.018360997,-0.029831126,-0.040700465,0.01335338,-0.04691138,0.0043036737,-0.049929257,-0.031009844,0.024511332,-0.012205874,-0.020799253,-0.012983765,0.032241017,0.05481162,0.027951134,-0.045005914,0.024065223,-0.050256804,0.035583027,0.016475469,-0.0042273626,-0.023029631,0.017497994,-0.07258146,-0.047967367,-0.061173502,-0.041683555,0.034307096,0.010272948,0.008298195,-0.09636884,-0.030831477,-1.9073039e-09,-0.02077925,-0.008227268,0.0045972564,-0.09910558,-0.024605919,-0.026561689,0.11517195,0.07232303,-0.013389655,0.03552913,0.014987371,0.08350085,-0.024860673,-0.038249828,-0.09115433,0.032033417,0.038641006,-0.032122947,0.0045914855,-0.055999115,0.11330728,0.013752006,0.014014678,-0.009501931,0.04095496,3.7279078e-09,6.03632e-09,0.073167495,0.013154809,0.020653112,-0.004137253,-0.051191013,-0.021655438,-0.029002018,0.024697697,0.009056454,-0.017063668,0.064245895,0.036590066,0.047795508,0.012069135,-0.07010474,-0.024039889,0.102748506,-0.104374446,0.028772064,-0.012240719,0.059050515,-0.021331917,-0.014510915,-0.016621236,0.025593312,-0.017287565,-0.041809615,0.07054263,0.034683816,0.027044773,0.052025713,0.033265673,-0.06017306,-0.051929176,-0.028653821,-0.11435123,-0.009403752,0.0043354756,-0.043413088,-1.7637939e-09,-3.9642107e-09,0.021260887,0.022726044,-0.030447982,-0.015335389,-0.01983941,0.026224399,0.032950945,0.017644508,-0.015001781,0.054875623,-0.042539887,-0.029957106,0.08478459,0.05381192,0.026166903,0.0701429,0.10593758,-0.038038783,0.0041033616,0.03159291,-0.011891671,0.0581178,0.07072632,0.0,-0.09489204,-0.07558073,0.07607757,0.009251658,1.0,-0.047765136,0.030029012
2:43582103:A:T,-0.039382793,0.02228388,-0.068464324,-0.035897486,0.049397,-0.00011143892,-0.0020871914,-0.012400933,-0.006648023,0.002626941,0.008541513,0.028441766,0.106601246,-0.06266879,0.00977136,0.069933645,-0.017237913,-0.007160275,-0.07990249,0.079983994,0.052936707,-0.038697843,-0.016010208,0.008454494,0.025904765,0.06170497,-0.006958978,-0.04166463,0.040448606,0.0032736594,-0.041132063,0.044943783,0.020327115,0.01501821,0.082837716,0.005121686,-0.018981246,-0.0281911,-0.032539483,-0.04378501,-0.079287164,0.036789156,0.007294167,-0.06522836,-0.05404097,-0.022422628,0.003978534,0.036002137,-0.0021138215,-0.015312162,0.029337363,0.026146635,0.018670943,0.04078763,0.008114511,0.007908309,0.007978981,0.06492035,0.021759322,-0.0063130753,-0.026630519,-0.043709956,0.009677112,0.043662608,0.005297753,0.022248214,0.13222699,0.003658632,-0.012926233,-0.014964548,0.0065553538,-0.0008097257,-0.013708001,-0.009994981,-0.055333994,-0.02613562,0.022691851,0.032343622,0.001079927,-0.008140326,-0.07632632,0.008154803,0.018079387,-0.06485959,0.026968185,0.08343714,0.011630419,-0.063468814,-0.08085424,0.056197543,-0.0432805,-0.04607359,0.066485144,-0.009390012,-0.01437161,0.012096563,-0.03686492,0.0031009626,0.0023289663,0.022134328,-0.05876116,-0.047705952,-0.023953155,0.13014212,-0.04664904,-0.03470349,0.0075344793,0.04232837,0.030801848,-0.020423,0.0374281,-0.02344168,-0.015090156,-0.06124188,-0.054129213,-0.0035104828,0.09468542,0.024429848,-0.003196761,0.03385216,-0.02004846,-0.018306512,-0.035555936,-0.024959097,0.05039519,0.022870852,0.046394214,-0.03834591,-8.641734e-05,-0.041123368,0.023864884,0.08105628,-0.045836903,0.0033111053,0.017977828,-0.02996323,-0.041979894,0.017057171,0.028905435,0.116491534,-0.0069217123,0.078474715,-0.029853996,-0.027486624,-0.03492827,-0.056978695,-0.037417058,-0.033609442,0.019799704,0.02120465,0.08262109,0.05539215,0.022641962,0.029170563,0.037596464,0.020269522,0.023046238,0.0077025476,0.002670851,0.011934665,-0.006621047,0.023920985,-0.008028262,0.050289374,-0.007312715,-0.044453464,-0.03544844,0.0050317016,0.038734443,0.031035762,-0.047765136,1.000003,-0.023419328
14:96997233:C:A,-0.025004867,-0.05211863,-0.06372259,0.006212115,-0.019078575,-0.04548477,0.010642349,-0.0010135062,-0.11655173,-0.017322164,-0.07633211,-0.031831175,0.019221613,0.07490501,0.06674855,0.02516093,0.024843218,0.035840202,0.009778389,-0.015813366,0.015800027,-0.024648055,-0.012855208,-0.045829423,-0.022405999,-0.05298807,0.056519687,-0.00980757,0.060355213,0.006726504,-0.035329223,0.026052592,-0.013681923,0.035207,0.015601871,0.023948615,0.02023844,0.09421187,-0.004643701,0.043980014,-0.055991516,0.07331301,0.021699203,0.010929682,0.07105348,0.0924492,-0.009968393,-0.067560434,-0.021874258,0.0797401,-0.014686298,-0.11509306,-0.040647097,-0.044534538,-0.009682752,4.497651e-05,-0.04451343,-0.059715055,0.06405721,0.05096898,0.025116097,-0.002037,0.023231847,-0.017861279,-0.026678784,0.01948299,0.03559006,-0.08758398,0.0595739,-0.019423723,-0.09811476,-0.040189605,-0.0081044715,0.06338856,-0.044171933,0.055732172,-0.077233694,0.0013264978,0.072963886,0.04531192,0.021357551,-0.0075021572,-0.01378405,-0.02366055,0.030660372,0.009999818,0.0427207,-0.047316145,0.063350424,-0.048968643,0.02778356,0.0053405496,0.084381655,-0.025641805,-0.041045304,-0.049446102,0.027900493,0.050631214,-0.04309195,0.081407376,-0.033174235,0.035152692,0.0015383165,-0.034627214,-0.014257791,0.06760409,0.017842652,-0.015515613,-0.060755555,0.015579859,-0.02913805,-0.040189616,-0.04391107,-0.028969655,0.022411782,-0.076906145,0.07034839,-0.019506922,-0.007411534,-0.012525963,-0.05028971,-0.00079876295,0.029533891,0.022897985,-0.07229892,-0.019820305,0.05004085,-0.061874967,0.012373806,-0.016956752,0.027904717,-0.1029861,0.049481478,-0.026572024,0.010937989,0.04480009,-0.03832831,-0.0021462156,-0.05678299,0.0069727995,0.02001211,-0.027286857,-0.060119186,-0.024542635,-0.0070355553,0.0029961048,-0.08289177,0.02958309,0.0017641627,-0.023119431,-0.039228883,0.009226323,-0.052163508,-0.010247887,0.0065629347,0.0123638185,-0.020925635,-0.1148615,0.012418099,0.04410744,0.066924036,0.0014753,-0.033207092,0.02127136,-0.010508308,-0.0053405697,-0.015901875,-0.08009065,0.01714996,0.0015120863,0.030029012,-0.023419328,1.0000008
