varId,3:169489946:A:G,5:1282319:C:A,20:62321128:G:A,10:105676465:C:A,4:164034530:A:T,16:82203758:C:T,11:108141701:G:T,5:1294086:C:T,18:658423:A:G,20:35525640:A:C,17:7772242:G:A,11:5247141:G:A,2:54479005:C:T,2:54475507:C:T,20:62316834:G:T,20:62325833:C:A,19:22215441:A:G,1:226577306:C:T,15:50353277:T:G,14:73422259:C:G,6:31794592:C:T,2:210676294:A:T,1:114443899:G:A,10:105710933:A:G,16:74655652:C:T,9:34107505:C:T,18:51817587:T:A,11:202253:G:A,17:76183233:C:T,8:48885436:T:A,18:42161643:G:T,16:69402831:A:G,10:96114835:G:A,10:101271789:A:C,18:41995504:A:G,16:88092092:T:C,15:42032383:C:G,8:21846586:G:C,20:62322290:G:A,3:72891547:A:C,18:704826:G:A,20:62377158:C:G,17:8136816:A:G,16:70352401:A:C,7:128576086:T:C,22:50971266:T:C,7:159086389:A:G,22:17450515:G:A,20:62324404:C:T,20:62194238:C:T,3:169614795:C:T,3:169553070:C:A,17:41448228:A:G,14:65544367:C:A,17:1782952:A:G,15:74336633:T:C,14:91957385:G:C,8:56687597:C:T,7:99778227:G:T,13:41721305:C:T,10:105768158:A:T,5:1431392:G:C,6:25874423:G:A,1:32279629:G:A,3:169453439:A:G,10:5811954:C:T,4:7041377:A:G,6:31138910:T:C,12:120976371:T:C,3:128215821:G:A,3:169389753:G:A,6:203722:T:G,5:1215883:G:A,5:139011509:T:C,16:14652220:T:C,12:123895906:G:C,5:1289277:G:A,3:160160452:G:C,16:3644120:G:A,1:20916238:G:A,13:73340177:G:A,12:111904371:T:A,10:103937244:C:T,4:2255063:A:G,10:101368199:G:C,8:95512202:G:A,4:164081668:A:C,14:96180695:G:T,9:826585:C:G,17:76166689:C:A,3:49959148:A:G,16:9076936:A:G,1:146722222:G:A,19:57370055:G:A,5:1354281:C:A,12:123042642:A:T,5:1639658:A:G,1:110865634:A:C,6:32800221:C:T,4:9946095:G:A,5:78925710:G:A,7:23821866:C:T,3:138244400:C:T,3:197842892:T:C,7:159048318:T:G,5:1412971:G:A,14:21974672:G:A,4:122750079:C:T,2:29075031:C:T,5:1376174:C:T,3:24347800:T:C,22:45790132:T:C,17:1786461:T:G,14:73372069:T:G,1:92842367:A:C,16:74671866:G:A,2:17889705:A:G,20:62125432:C:T,3:48357600:G:A,12:11757743:G:A,20:62269839:T:C,19:33750118:C:T,16:90143727:C:T,6:109590004:A:G,16:73071381:C:T,14:65049474:A:G,3:169923523:G:A,5:1219258:G:C,1:151374025:T:C,11:9642200:G:C,3:101267385:T:C,14:20812951:G:A,19:13220703:C:G,6:32655615:C:A,1:28219658:C:G,17:73993546:C:T,7:123420442:C:A,7:50258206:G:A,18:74691225:A:G,18:650816:G:A,11:47440758:G:A,19:45411941:T:C,3:128334852:C:T,7:129663496:C:T,12:24762109:T:C,5:1270883:C:T,1:40035928:G:T,1:28768043:G:C,2:58985331:G:A,10:105989765:T:G,1:45246333:T:C,1:41239511:A:G,17:29161503:A:G,3:169950482:C:T,15:65116390:C:A,12:88861682:G:A,18:729871:C:T,7:23493613:T:A,8:70970809:C:G,22:51072289:C:A,15:56521620:C:T,20:62345183:A:G,9:109639896:A:C,17:65706748:C:G,19:56733425:C:A,13:71236607:T:A,2:216220870:G:T,19:33751852:G:C,12:57082058:G:A,4:164044410:A:G,3:169529562:G:C,17:2584946:G:A,12:133047900:C:G,5:1268066:C:T,5:1203499:T:C,15:56030756:T:C,2:43582103:A:T,14:96997233:C:A
3:169489946:A:G,1.0000014,0.035762653,0.058375765,-0.021617241,-0.028006215,0.034693524,-0.014881289,-0.0033798977,-0.007858227,-0.008730445,0.013751484,0.002305518,0.045586776,-0.030229617,-0.002835633,0.011617419,-0.060588785,0.024081482,0.03098091,0.028581513,0.04487463,-0.033804152,-0.044174004,0.019757852,-0.015922219,0.0024457597,0.011870806,-0.013887737,0.05837575,0.014949088,-0.018187672,0.032275643,-0.030203816,0.0022689719,0.07282313,-0.021602198,0.044597816,0.0019699514,0.030542774,0.037501622,-0.004529947,0.023791838,-0.017119603,0.071598224,0.007725839,-0.03638016,0.0006283005,0.012775563,-0.024166424,0.0013468137,0.09314674,-0.10170495,0.023784185,-0.036551457,0.034627926,-0.03649953,0.032165814,-0.0038781792,-0.0016548174,0.051839404,0.02302292,0.0054632886,-0.028109763,-0.003536688,-0.07324993,0.011769073,-0.0039137783,-0.0051781298,0.011693512,-0.015564354,-0.0919431,-0.020656478,-0.018470574,-0.0027889104,-0.00894148,-0.02450499,0.00035088707,-0.027173689,-0.038932413,0.06696476,0.030932184,-0.043288905,0.03686791,-0.016975926,-0.074395895,0.026588881,-0.052441306,-0.03479969,0.0032823936,-0.0038539316,0.020366235,-0.0185927,-0.023127558,0.0014450948,0.043457035,-0.020676324,0.029101158,-0.00850486,0.004079347,0.008123418,0.017202517,-0.029389916,0.05568427,0.022119686,0.0077816234,0.010957239,-0.0014055151,0.030306287,-0.03757781,0.03750167,-0.0051994794,0.009655056,-0.03684508,-0.021019926,0.0003508954,0.060923554,-0.04557369,-0.00896787,0.010061558,0.021535493,0.00937548,-0.017196681,0.023237329,-0.0060534733,0.008781544,0.011620704,-0.059713062,-0.024778498,-0.0702016,-0.008075242,-0.036073685,0.025168983,0.080952555,0.038373135,-0.022984458,-0.00377147,-0.0405237,-0.022984358,-0.021564132,-0.032767687,-0.012738624,0.016148062,-0.0024494978,0.025136434,0.008519828,0.020764017,-0.01822403,-0.001571968,-0.043048445,0.03236923,0.036234178,0.0029691658,0.012864963,0.08233419,-0.013754087,-0.075961016,-0.028908713,0.0019485649,-0.025588252,-0.04169038,0.0151948,-0.003834071,0.00023925147,0.00067352096,0.019474583,-0.0062419134,-0.0079253875,0.006503482,0.021452032,0.01772879,0.07880605,-0.022759449,-0.0026824928,-0.0038339784,-0.007925314,0.0022512416,-0.016134247,-0.02219434
5:1282319:C:A,0.035762653,0.9999986,-0.0038167739,0.005183245,-0.024567232,0.06384507,-0.016344352,0.10045352,-0.0049951496,0.037927065,0.0054126116,0.015719611,-0.002804053,-0.032143675,0.008916805,-0.044457436,-0.035485543,0.010191944,0.022799011,0.06904859,0.058824774,-0.01902766,-0.07580977,0.021650158,-0.03996935,-0.025966858,-0.032881867,0.01757993,0.034579013,0.037912846,-0.058755636,0.044609502,0.027531069,-0.036195114,-0.06647141,0.013831186,-0.011432094,-0.032734558,-0.05250186,0.06451465,0.0019367086,-0.03891315,-0.022000097,0.024220899,0.046444856,0.025322702,-0.057380263,-0.0113735255,-0.028090933,0.059599523,0.042922888,0.015239584,0.027738005,0.027143678,-0.020898579,0.061720423,0.05320256,-0.04098427,0.015723359,0.015553145,0.020785004,-0.051571447,-0.023584325,0.004385247,-0.049036745,-0.007703719,-0.032985825,-0.06833708,0.017310863,-0.031313915,-0.014609847,-0.055400826,-0.07537001,-0.0011803699,-0.080015264,-0.018042669,-0.07306205,0.008802412,-0.031737134,0.03135848,-0.011265378,0.0039737136,-0.01255078,0.024013648,-0.07887909,0.09101358,-0.030596694,-0.020058319,0.049476765,0.0076364814,-0.026835177,-0.0125283245,0.020457309,-0.02948242,-0.0961857,0.0461483,0.009806047,-0.05065053,-0.07657053,0.012169551,-0.034884263,-0.029823752,0.038534157,-0.00070018554,0.015239773,0.026782244,-0.009944917,0.02624263,0.010216052,-0.0042737634,0.03633725,0.0070280815,0.035322834,0.01001568,-0.004273722,0.00083571754,-0.001286018,-0.07323479,-0.010213943,-0.004754307,-0.010623747,-0.03246743,0.04354674,-0.005935356,0.011018921,0.044200607,-0.0038908843,0.053241976,-0.008469342,0.033835303,-0.022398239,-0.014781643,0.032076363,-0.02188758,0.011320222,-0.030023357,0.04784089,-0.040680178,-0.03868243,0.0073990063,0.025200501,-0.026396956,-0.039492153,0.036076702,0.012387056,-0.09902379,0.009971316,-0.02855417,-0.0028385783,-0.009923015,0.019885395,-0.016921367,0.008364313,0.037387114,-0.033779606,0.014123717,0.008328107,0.021604294,0.021032706,-0.0186447,0.0003869273,0.015381182,0.014951414,0.0056605847,-0.03718359,0.02782961,0.012439954,-0.014213788,0.016245248,-0.009513208,0.031504337,0.06354919,0.0012482113,-0.080608405,-0.07117566,0.03334722,0.005074347,-0.07406178
20:62321128:G:A,0.058375765,-0.0038167739,0.9999975,0.015307223,0.040018886,-0.07633751,-0.008299131,0.047210887,-0.019222751,-0.029958218,-0.035481207,0.025345754,0.029105404,-0.010394113,-0.03401874,-0.018246906,-0.006709071,0.054555804,-0.015502738,-0.039085254,0.030856874,0.017243668,0.019393839,0.036098626,0.0070484695,-0.043810464,0.034394305,-0.06343891,-0.012072425,0.04707053,-0.052275315,-0.04160257,-0.040817875,-0.012254499,0.0025947765,0.02301468,0.064963706,-0.0040525533,-0.011009446,-0.013517791,-0.03337942,-0.026423281,0.011436593,0.0040525235,0.010090373,-0.003121458,-0.010114944,-0.062732905,-0.022934243,-0.022647731,0.034567147,-0.018591246,-0.0026771564,0.019752044,0.023297787,-0.04171212,0.0421379,0.038694486,-0.016446562,9.752395e-05,0.054732665,0.14327107,0.013258746,0.032328505,0.0023822535,-0.028912077,-0.03812298,-0.0056970543,-0.008206864,0.045427196,-0.016806724,-0.027915524,-0.023498336,0.006409442,-0.014405297,0.03572364,-0.013517795,0.051487178,-0.028877517,0.010427396,-0.0091973785,-0.023361094,0.027852282,0.02551378,0.07284085,0.0057507986,-0.019263366,-0.0359788,-0.011562893,-0.013344879,0.017473532,-0.027136061,-0.039279714,-0.046982333,0.056632753,-0.015837986,0.013373146,-0.0019662916,-0.018929986,-0.007885985,-0.0048719672,-0.021927388,0.029831132,-0.029405927,-0.018591294,-0.0125716925,-0.009157906,-0.0056199427,0.024245374,-0.013517781,-7.716891e-05,0.007906167,0.022986257,-0.009514866,-0.01351779,0.056632787,-0.041712094,0.0673959,0.08637289,0.021741832,-0.09051559,0.025177976,0.05745424,-0.020256173,0.029721055,0.011642345,-0.035067305,-0.016043188,-0.04545251,0.029638365,0.016100284,0.08285624,0.064309694,-0.021598611,-0.028158296,0.005997234,-0.06882471,0.047990408,-0.04843547,-0.05236529,-0.00829585,0.0794066,0.019342218,-0.028737837,0.024451662,-0.014830523,0.017475586,-0.016806727,-0.0202886,-0.015244547,-0.033696696,0.007219104,0.020991705,-0.013052902,-0.013052895,-0.012608271,-0.012571697,-0.004872091,0.058233082,0.07286624,-0.018105721,-0.012072488,0.0398365,0.009822958,0.0127121,0.027761374,-0.007181207,-0.019915631,-0.010088298,0.022839434,0.014405351,0.028439527,0.017064752,-0.012072443,-0.02758881,0.036624882,-0.04581413,-0.017985707
10:105676465:C:A,-0.021617241,0.005183245,0.015307223,0.9999975,0.025970409,-0.036880836,-0.03256795,0.019040348,0.0044380734,-0.05694559,-0.026556095,0.021487767,0.041224778,-0.02008101,-0.0056533455,0.027704973,0.08795341,-0.031220995,0.01808646,-0.02137647,0.010984771,-0.016693557,-0.0013012043,0.06252573,0.015824271,0.01691467,0.03655441,-0.039923847,-0.011899413,0.021916565,-0.048356038,-0.004836788,0.05326275,0.029009769,-0.0428748,0.025781475,-0.019818943,0.022817254,-0.020776413,-0.025509732,0.011348251,0.028089877,0.01635532,0.0013132326,0.008957269,-0.031216688,0.019783992,-0.007715929,0.036462795,0.0050635296,0.033107314,0.029557846,0.008134893,0.04072384,0.023505434,0.06206557,-0.010382948,-0.0137098525,0.021633437,0.00097611774,-0.0151251415,0.04596647,0.016647404,0.0077180658,0.012778867,-0.03562423,-0.060243167,0.018799534,0.018522901,0.043413848,-9.816848e-05,-0.025453001,-0.003905082,0.011511675,-0.018018397,0.0020928776,0.023232618,-0.0005627311,-0.042480953,-0.07142776,-0.0031436267,-0.020726735,0.017649168,0.035783723,-0.031151768,0.01596535,-0.0016225966,0.047504645,0.050090138,0.014736275,-0.016672343,0.004200075,0.026508968,-0.0018841503,0.027813401,-0.008583732,-0.030790396,-0.04920426,-0.07455915,-0.026365036,0.006316501,-0.018972775,0.01620553,0.027307648,-0.006354217,0.018119443,0.040926132,0.023899047,0.023569193,-0.07425212,0.02116274,0.018264182,-0.021307997,0.025363859,-0.02550968,0.02781331,-0.03317778,0.015609908,0.017719915,-0.022395866,-0.013704413,-0.010990403,-0.06350617,-0.002370244,0.03849419,0.045137387,0.021519609,-0.046803124,0.017912323,-0.009536497,-0.022051686,-0.030466529,0.0056647044,-0.020960873,0.025467882,-0.059183005,-0.00051193975,0.00090347487,0.029646887,0.016636532,-0.0034180763,-0.013756505,0.044617575,-0.0039444473,0.014862273,-0.03689938,0.042430833,-0.039620973,-0.028751213,-0.09820245,-0.0129903415,0.015398781,-0.0072911074,0.045966446,-0.0044613155,0.05356661,0.018119486,-0.013696961,-0.040620893,-0.019144036,0.025788233,0.015307162,-0.022533309,0.015278273,0.018733898,0.07609703,0.0038936348,-0.0308509,0.034747075,-0.04324207,-0.05072905,-0.012661132,-0.012908371,0.015307165,-0.002689556,-0.0029536714,-0.021597939,0.0115783615
4:164034530:A:T,-0.028006215,-0.024567232,0.040018886,0.025970409,1.0000012,-0.037094105,0.032910448,-0.086400375,-0.032845307,-0.022737902,-0.042557154,0.013689904,0.017180646,-0.013267351,0.016460778,0.035231758,-0.0022889348,-0.00014131286,-0.015873233,-0.052010816,-0.026382592,0.011716169,0.052344292,-0.02678454,-0.0027063547,-0.0208632,-0.0055471403,-0.0031439841,0.040018912,-0.0013962997,-0.03787507,-0.03157604,-0.01353617,0.028921206,-0.051580027,-0.019443672,-0.023388213,0.04922626,-0.014442306,0.0111332005,0.03587682,-0.019273903,-0.0015078173,0.017463103,0.037594568,-0.03409165,-0.078068696,-0.0017227489,-0.03474953,-0.014375091,0.070712164,0.0096402485,0.007513147,0.033091985,0.027485108,-0.078925535,0.014178194,0.0038625158,-0.043755624,-0.006750518,-0.0041708057,0.0067683063,0.044349916,0.023367764,0.014026156,-0.011880903,-0.02371645,0.058938466,-0.01870919,0.0010011694,-0.008003673,-0.00437138,0.005668113,0.004256012,-0.017087491,-0.0067201233,0.0111331735,0.04824971,-0.03313822,-0.047983453,0.046855155,-0.03975056,-0.014659036,-0.048096564,-0.029830435,0.016123164,0.098135605,-0.014189775,0.0074981377,0.010672356,0.033785306,-0.020857247,0.016163513,0.052258607,-0.017087573,-0.029713873,-0.01897284,-0.003979012,-0.0011361465,-0.0012774202,-0.0620967,-0.022330737,-0.025350232,0.03635935,0.0379971,-0.018556803,-0.005660823,-0.005426314,0.053993803,-0.027354874,0.044932302,-0.025874933,0.024176616,0.02275317,0.049621187,0.0371972,0.02918359,-0.009540871,0.018834947,-0.04597895,-0.012802871,-0.0029887275,0.034914147,-0.061962556,-0.03700791,-0.026474757,-0.038755186,-0.03246534,0.020267524,-0.015713736,-0.028122976,0.05224427,-0.020583909,-0.01130019,0.04646704,0.016491747,-0.027366813,0.03676875,0.020998638,-0.03288685,-0.020544892,-0.01793366,0.0403278,0.011635667,-0.0057558897,0.005176631,0.018446757,-0.02360757,-0.07343201,-0.042271446,-0.012297528,0.008069078,0.0074027926,0.006768415,-0.013140988,0.0063313264,0.022744417,-0.006786071,0.01366496,0.0037944654,-0.016650042,-0.0029469528,0.0047785854,0.0014232101,0.07528867,-0.0010234361,-0.04138959,-0.01815143,0.029235978,0.11346115,0.035182424,0.022205034,-0.032888383,0.040018942,0.036583893,-0.032651883,0.049551085,0.0042875046
16:82203758:C:T,0.034693524,0.06384507,-0.07633751,-0.036880836,-0.037094105,0.99999785,-0.018848548,0.032403357,-0.010321996,0.021228861,0.036404308,-0.011057634,0.006802136,0.011281053,-0.009471125,-0.047974616,0.0048915264,0.07563937,-0.047838524,0.040344007,0.024134766,-0.0180893,-0.042092845,0.062633865,-0.012866719,-0.016675057,0.012429311,-0.03680842,0.057452533,-0.01668637,0.003208155,0.007012747,0.03110745,0.023539096,-0.058801956,0.022442121,0.035015818,-0.00543588,0.003589855,0.024382286,-0.015227674,-0.03397757,0.05803738,0.025213195,-0.052882474,0.0044773086,-0.00850146,0.045889784,0.048628785,-0.014653078,0.04897791,-0.029257515,-0.025405403,0.0036688114,-0.015049874,-0.0015228763,0.00306475,-0.02961595,0.009200096,-0.006955057,0.018546658,0.000123234,-0.031423695,0.02670919,-0.0022852668,-0.02261348,-0.059527513,-0.022568826,-0.00020299219,-0.035251796,-0.033390902,0.06184763,0.005294934,0.017384695,-0.08169821,0.006716809,0.02438223,0.023584109,0.038957424,0.0037112476,-0.014474175,-0.0051452694,0.012089748,-0.02335587,0.061220948,0.061681807,-0.036415186,-0.027896758,-0.0080333045,0.023849849,-0.019424377,-0.031140752,0.018918116,-0.05313199,0.03099184,-0.006476329,-0.027199468,-0.00032741553,-0.011189124,-0.010873828,-0.017821455,-0.0013828853,0.052741367,0.015992742,0.00017544758,0.016960083,0.020310704,-0.0035539365,0.039772052,-0.035541132,0.03632358,0.02217113,0.025968788,-0.018787388,-0.015566643,-0.006571831,-0.030795744,-0.05378345,0.00919023,0.005151886,-0.032215334,-0.014169873,-0.010662881,0.022931281,-0.031178927,0.0078884885,-0.016980927,0.025550855,0.0038558436,0.029449908,-0.04610627,-0.010277689,0.012640335,-0.081275135,-0.006924244,0.020289114,-0.03003484,0.033341404,-0.038714893,-0.035466265,0.034464642,0.03006235,0.013280621,-0.033093147,-0.025497438,-0.0024687415,-0.0025997693,0.015198135,0.008201537,0.0014141458,0.017153526,0.029649058,0.02910428,0.04145341,0.00012330544,0.011924155,0.0598288,-0.042425722,-0.07153089,-0.009817255,0.04193976,0.03515433,-0.041737404,0.030952314,0.014877974,0.047621597,0.04496627,0.012011964,0.02501116,-0.005327243,-0.030991605,0.051427137,0.005485009,-0.03174099,0.012593039,0.02420805,-0.034129787,-0.039926827
11:108141701:G:T,-0.014881289,-0.016344352,-0.008299131,-0.03256795,0.032910448,-0.018848548,0.9999997,0.05084215,-0.043791838,0.04171801,0.005761567,0.014249389,-0.031589918,-0.036449656,0.028433725,-0.015631944,-0.03898732,0.0032485914,-0.024454897,-0.0021054286,-0.03201198,0.030905686,-0.0006843039,-0.021766203,-0.021996625,0.0017997038,0.037147947,0.038698677,-0.026688598,0.04890452,-0.0029190076,0.010839218,-0.06373507,0.03619429,0.004216163,-0.02551517,-0.010419134,-0.0074865078,0.029326381,0.019535,-0.09054076,-0.026214425,-0.0036704405,-0.0006687793,-0.014448348,0.018300865,-0.018793298,0.012149863,-0.01077512,0.034075137,0.004363525,0.0034021956,0.060785823,-0.0030847234,-0.024960864,-0.025489194,0.003425581,0.034565106,0.028777735,0.0017026725,-0.000725894,-0.006132584,-0.003825778,0.008529177,0.026624901,-0.0150581375,0.026456974,0.013297581,-0.00393314,-0.0034278468,0.0073690615,0.002419683,0.029402439,-0.042218395,0.035274133,0.005863322,0.0030619784,0.009997178,0.036317743,0.01034495,0.043713175,-0.03976399,-0.0016703164,0.00024117024,0.0357506,-0.0055266684,0.016100805,-0.028690945,0.050336093,0.006384272,0.03391182,0.01734015,-0.01755491,-0.010777432,0.03527416,-0.017512847,-0.010176139,-0.026311133,-0.03787103,0.066468194,-0.0004371011,0.060397733,0.0004908545,0.005837571,0.003402182,0.019346211,-0.012604083,-0.010573238,0.027052399,0.003062045,0.013479069,0.014624427,0.007920262,0.007952675,-0.046356823,-0.042172175,-0.02548919,-0.018857855,-0.04716264,0.016664244,0.03787119,0.020287232,0.05678709,-0.007978101,-0.055153143,-0.017761188,0.018971505,0.034356054,-0.027006987,-0.024772402,0.022893451,0.011955247,0.010158971,0.050675683,0.08164792,0.006173494,0.0056468905,-0.0013699469,-0.020504816,-0.03086534,-0.028907971,-0.043388963,-0.0054989825,0.044620104,-0.02846642,-0.06290671,-0.019717766,-0.046059486,-0.012001084,0.005408649,0.0051997197,0.034755055,0.006569549,-0.040217634,-0.0061325864,-0.02911251,0.07237704,0.033381578,-0.04396287,0.037314445,0.014457872,0.010090417,0.03444112,-0.008877763,-0.038005564,-0.012520394,0.090546586,-0.006106557,-0.03371795,-0.0016035669,-0.0042956206,-0.0072673936,-0.032487866,0.046869416,-0.025145834,-0.02196082,0.02424153,-0.006053993
5:1294086:C:T,-0.0033798977,0.10045352,0.047210887,0.019040348,-0.086400375,0.032403357,0.05084215,1.0,-0.005513384,-0.00070149795,-0.01834018,-0.036751796,-0.015498893,-0.005502298,0.027863791,-0.048393697,-0.033804443,0.056128904,-0.023864785,0.040792935,-0.010211345,0.032840297,-0.03606236,-0.02552667,-0.06021725,-0.016185801,0.013703134,-0.028450454,-0.017612834,0.023307526,0.044448398,0.031683937,-0.0044574374,0.01689476,-0.0019304247,0.047102716,-0.007802892,0.038672812,-0.008179873,0.009312475,-0.05853824,0.0010050765,-0.0029198348,0.05715193,-0.015117881,0.007737792,-0.0143759595,0.0038258007,0.03691024,-0.0073355203,-0.041895125,-0.022369424,-0.034024794,-0.0017626353,-0.024475742,-0.0068801665,0.008759968,-0.022164058,-0.012219476,0.027746588,0.040665563,0.09443276,0.008827978,-0.0010435487,0.0061557377,0.058081627,-0.026895253,-0.0246934,0.0068374574,-0.05196679,0.025180457,-0.08168163,-0.0036942225,-0.011015552,-0.017982885,0.035608657,-0.068111025,0.06381005,-0.0500821,0.07493652,-0.046342287,-0.0065546846,-0.0018535131,-0.042494483,-0.047290616,-0.02516814,-0.014312446,0.04193695,-0.01282142,-0.0031897486,0.021533659,-0.0018057736,-0.0055024405,-0.0062102005,-0.07258352,0.024188938,0.0014603669,-0.009907275,0.030799566,-0.018888023,0.07347053,0.006357601,0.052824374,-0.02004634,0.034674075,0.06127957,-0.043637726,0.041824233,-0.01722443,0.12544817,-0.021958455,-0.00040322536,-0.018993095,0.0141426865,-0.010043538,0.00021711139,-0.03051873,0.009344708,-0.030845646,0.057755485,-0.016779523,-0.02539559,0.048179537,-0.010303756,-0.02558876,-0.012109015,-0.03901255,0.034024276,0.029983938,0.037570845,-0.0043013203,-0.021455605,0.011836262,-0.063454285,0.004440764,0.05124758,0.025382748,0.023950402,-0.01376357,0.0034937158,0.018133422,-0.016826782,-0.024307435,0.034320902,0.028859435,-0.07472529,0.015987081,-0.053293604,0.03168554,-0.025113104,0.034520715,0.030737363,-0.01590589,0.014332165,-0.02571812,-0.051881272,0.040508766,0.009890749,0.010060628,-0.010039257,-0.037261255,-0.039220743,0.029597962,-0.028936807,-0.017684335,0.011211479,0.05792906,-0.033511057,-0.018639022,-0.041588977,-0.00021721445,0.020483859,0.044800505,-0.039220754,-0.067554355,-0.028150095,0.00030194287,0.012990932
18:658423:A:G,-0.007858227,-0.0049951496,-0.019222751,0.0044380734,-0.032845307,-0.010321996,-0.043791838,-0.005513384,0.99999917,-0.058480598,0.00836009,0.014252624,-0.0311039,-0.011259036,-0.01854797,0.006870737,-0.027974704,0.093659915,-0.026846005,-0.038945064,-0.017604897,-0.010572888,-0.043367844,-0.0077077597,-0.013388694,0.011246217,0.027650101,-0.032136336,0.02356073,0.03645485,0.013365004,-0.00487437,-0.0104520405,-0.0152758695,0.022877162,0.00986461,-0.015659228,-0.024371946,-0.03313703,0.026381653,-0.104642056,-0.0029144464,-0.028599896,-0.013574563,-0.029798817,0.01881446,0.01257135,0.045002356,0.033147946,-0.022358801,-0.030673029,-0.02489645,0.0014974683,-0.008274595,0.062207256,0.06775516,0.0211077,0.035669677,0.050809782,0.009841276,-0.050566465,0.03208254,0.035180498,0.026768174,0.02743253,0.02200447,-0.0035685028,0.03925215,0.03129207,-0.048744068,0.037979744,-0.0071481164,0.026933283,-0.024505418,0.052137617,-0.028441798,-0.06943036,-0.016668618,-0.025513612,-0.04877672,0.008637153,0.009040491,-0.02435985,0.025991246,-0.005578418,-0.00061450247,0.010287689,-0.017648213,0.041827075,-0.04951871,-0.053698055,-0.0054145274,0.010720403,-0.016592529,0.05213774,0.03381826,-0.011726123,0.024742233,-0.027828807,-0.013416696,0.004481324,0.012837507,0.060990557,-0.033610597,-0.010778266,0.017680826,-0.06378134,0.019580938,0.009404672,-0.05026797,0.039025236,-0.027513953,-0.0063842894,0.00875201,0.007219273,-0.0019165344,-0.01649321,0.060089964,-0.006558851,0.10546751,-0.055450715,-0.014919166,-0.0447154,-0.010065376,-0.0060178223,0.02943611,-0.003721833,-0.017423185,-0.009914302,0.005499388,-0.0063485894,0.031166565,-0.039329037,0.022661438,-0.038398217,0.039911482,0.021695409,0.00988758,0.026239198,0.088851236,0.053607352,0.008456742,0.008934218,0.045301702,-0.0036146117,0.011424127,0.019899208,0.037979633,0.031083476,-0.010056708,-0.048566528,-0.017345892,0.04717642,-0.047217067,0.032082524,-0.014310674,-0.04400798,0.020217368,0.06898241,-0.04653142,-0.008139754,-0.040614817,-0.008142103,0.023664393,0.049796622,0.0074397456,0.031700384,0.016811656,0.0051834215,0.052471276,0.019934438,0.00688908,0.061962403,0.044952713,0.021348003,-0.03019104,-0.0326319,-0.027151717
20:35525640:A:C,-0.008730445,0.037927065,-0.029958218,-0.05694559,-0.022737902,0.021228861,0.04171801,-0.00070149795,-0.058480598,1.0000024,-0.014687904,0.036796037,-0.01022568,-0.005781201,0.013556827,0.0018217951,0.058321852,0.012065007,-0.023019465,-0.024669105,-0.03555951,0.0010571649,-0.022732077,-0.048819583,0.03982121,-0.016187878,0.0030748518,0.07619923,-0.029958209,-0.0055492753,0.0025985427,-0.0018131969,-0.0037764513,0.030191548,0.024144886,0.03752322,-0.022259079,0.028341308,-0.04127188,0.029265007,0.029135797,0.028793829,-0.0073414617,-0.022687646,-0.05279285,-0.017635822,-0.037918802,0.02657542,0.005365218,0.017297896,0.009156008,-0.012478837,0.013954,0.004686037,-0.03958255,0.01155104,-0.040476125,-0.01662477,-0.0057112365,-0.041195467,-0.023703068,0.003053568,0.006240438,-0.045095637,0.019280689,0.005536788,0.0049689244,0.061015323,-0.0065241978,0.005929806,-0.009296745,0.038011614,-0.044776183,0.038265783,0.034049984,-0.021800617,-0.03925446,-0.019756515,-0.035066307,0.0024976926,-0.031148428,-0.011094956,-0.012080056,0.053034075,0.027596222,-0.046125386,-0.007118041,-0.0036211757,-0.034471314,-0.00524574,0.013930701,-0.01342064,-0.0057812026,0.015947275,0.012573887,0.07352807,0.035964653,0.004810554,0.0067916494,0.013485253,-0.011699213,0.02406809,-0.013405934,-0.0018102326,-0.029306544,-0.025069691,-0.05561858,-0.0014350244,-0.008906009,0.006425084,0.012044579,0.030777834,0.08552483,-0.03505756,0.006425099,-0.051854372,-0.016342442,-0.04220909,-0.1006741,-0.020224301,0.02629552,0.019112607,0.045121796,0.08367848,0.00667151,-0.030956915,-0.03684877,-0.015608868,-0.05989535,0.0090399105,0.0062721153,0.021232229,-0.0074347067,-0.0012112693,0.05098506,-0.03087125,-0.02006757,0.039474525,-0.021380778,0.037582077,-0.0024281438,-0.0097452495,-0.011165593,-0.04203742,-0.010756185,-0.0054798503,-0.0018101753,-0.083375864,-0.0014523302,0.018091245,0.032656927,0.05367762,0.041520115,0.003053628,0.0030536985,-0.028710557,0.023948994,0.016434776,0.02630612,-0.018469552,-0.04820756,0.02103648,-0.019717546,0.0579244,0.031032154,-0.0070233643,-0.00779469,0.01367239,0.019161886,-0.010754851,0.008902068,-0.031441934,-0.0030895746,-0.0044607865,0.010714062,0.03598513,0.05970107,-0.012404526
17:7772242:G:A,0.013751484,0.0054126116,-0.035481207,-0.026556095,-0.042557154,0.036404308,0.005761567,-0.01834018,0.00836009,-0.014687904,0.99999785,-0.034858573,0.012888569,-0.02965529,0.06845675,0.030504417,-0.010226856,0.02224724,0.004583337,0.0035418977,-0.047008425,0.020736698,0.023955883,-0.01913463,0.07071976,0.039207377,-0.03229061,-0.05900941,0.05845083,0.01626137,-0.0010691144,0.051901203,-0.036662403,-0.03369096,0.02781574,0.058731813,-0.04253989,-0.077287436,0.0019075783,-0.03972942,-0.012549856,-0.032802895,0.021079881,0.0078605255,-0.028373666,0.046688873,0.008379985,0.0077937553,0.0005742633,0.0365881,-0.016647033,-0.013310848,0.06503664,-0.011121374,-0.01936053,-0.052374285,-0.03498154,-0.02731755,-0.0227437,0.035223164,0.024586314,-0.03836283,-0.0042738575,0.0030788437,0.008060804,0.05913879,0.07726511,-0.024010707,-0.023202248,0.005303533,-0.00391115,-0.010830631,-0.019198751,-0.0069383234,-0.015965141,-0.020299619,-0.039729506,0.053028204,0.011916426,0.04063236,0.01386114,0.029454717,-0.042501513,0.04056138,-0.015131408,-0.010067909,-0.036631685,0.051188134,-0.07201382,0.004864164,-0.020925302,0.045848884,-0.029655341,-0.013674513,0.03677964,-0.02611655,0.04101018,-0.02957724,-0.015004307,-0.006185596,-0.03639161,0.0071850917,0.030146273,-0.016081234,-0.033975575,0.023246061,0.01756221,-0.0070628985,0.00033834344,0.016365645,0.026219299,-0.036821447,0.04643887,-0.056077152,-0.011681899,-0.01596513,-0.03182225,-0.045173153,0.040766366,0.023348266,0.015004461,0.007430291,0.0018626217,0.0390424,0.017876796,-0.037566632,0.01429024,0.02417815,-0.037354562,-0.064282835,-0.042543076,0.05339739,-0.012119817,0.00056795095,-0.026218427,0.023339795,0.0075073023,0.016186468,-0.0011759492,0.024370499,0.0061315014,0.04947465,0.004952252,-0.02658826,-0.026109343,-0.017944703,0.04483499,-0.049395926,-0.0015747321,0.08005208,0.002207072,-0.017591724,-0.0004968462,-0.009345548,-0.009345605,0.0030282873,-0.036948744,0.009673288,0.05887786,-0.026491815,0.045687035,-0.03548125,-0.009784827,0.0055717737,0.0776804,0.004285251,-0.004059181,0.0964247,0.057366665,0.013162821,0.042337857,0.010995758,0.010171716,-0.035481345,-0.019211892,-0.050988264,-0.029384127,-0.03246045
11:5247141:G:A,0.002305518,0.015719611,0.025345754,0.021487767,0.013689904,-0.011057634,0.014249389,-0.036751796,0.014252624,0.036796037,-0.034858573,0.99999785,-0.015173556,-0.030241467,-0.028491972,-0.023097616,0.03797737,0.009873367,-0.008955383,0.0352648,0.0076016616,0.015053291,-0.019850833,-0.0010411352,0.004875866,0.011209708,-0.030689439,-0.0050341096,-0.07216016,0.09857669,0.00277664,0.00095211074,-0.010234406,-0.0147075625,0.000194744,-0.010170837,0.05416092,0.02074474,0.01866809,-0.009832819,-0.005249424,-0.030861054,-0.01197685,0.022496326,-0.0016959835,-0.026853014,-0.008647627,0.0056502176,-0.037851594,-0.027181301,0.017105078,0.012218061,-0.013299086,0.021204626,-0.0042953733,0.021127267,0.038423315,-0.032669783,0.020546354,0.010241177,-0.059652045,-0.03660397,0.017531708,0.014890948,0.012452798,0.039720282,0.0024634693,0.0064919437,-0.049890544,-0.03050884,0.01610418,0.015177861,0.006199949,-0.03425246,-0.022797886,-0.013601358,-0.031668756,-0.019854032,-0.0210049,-0.04877806,0.037880953,0.0021699404,0.055435453,0.0074808686,0.050539106,-0.0065062125,-0.029570797,-0.029478464,-0.03589753,0.0007703547,0.016461607,0.0015886389,-0.08868258,-0.030724797,-0.002265412,0.041371264,0.0046811686,-0.058072563,0.014700219,0.025130322,0.0043759067,0.0020984898,-0.017767878,0.007630225,0.012218069,0.028346818,0.022877993,-0.009976672,-0.0587796,-0.009832838,-0.027758334,-0.009411247,0.022474624,0.008545906,0.0120032085,0.018266683,0.026460784,-0.032317687,0.0041252333,-0.0033160285,-0.03051662,-0.00152796,-0.040910304,-0.012949276,-0.025051814,-0.0027087533,0.0073837964,-0.100522526,0.02237936,0.0012751156,-0.009323513,-0.01024037,0.030691518,-0.026212802,0.027938174,0.01830052,0.002509542,0.02793821,-0.0430436,0.038462166,0.06705946,-0.018154308,-0.013000338,-0.008615782,-0.067004696,0.021154512,-0.0059197466,-0.0016016366,0.025982002,-0.07330001,0.0034301584,-0.0631301,0.06162054,-0.014012388,0.008578309,0.02729215,0.051778868,-0.013555751,0.044855624,-0.0047915834,-0.000635454,0.00096930744,-0.009184387,0.00068594894,-0.0052712327,0.0078021237,-0.036780022,-0.02353455,-0.0066397567,0.014585073,0.002265521,0.005008869,0.009160565,0.025345825,0.022203939,0.018524937,0.009886714,-0.023119673
2:54479005:C:T,0.045586776,-0.002804053,0.029105404,0.041224778,0.017180646,0.006802136,-0.031589918,-0.015498893,-0.0311039,-0.01022568,0.012888569,-0.015173556,1.0000011,-0.06787285,0.018016394,0.035599865,0.05201995,0.024151087,0.04025958,-0.016000409,-0.008658783,-0.017987147,-0.047341965,0.090924166,0.061086535,0.03466906,-0.032830894,0.012013093,0.029105494,-0.008580428,0.061431717,-0.007907061,-0.00406337,0.015936613,-0.007907996,-0.01994319,0.019109998,-0.033777054,-0.019023575,0.021400157,-0.05767732,-0.045657896,-0.02423931,0.00053964497,0.011988343,-0.03252548,0.027470954,-0.0055487645,-0.0125087015,-0.03913382,0.062387347,-0.032124385,-0.0022515713,-0.0071446286,-0.010440719,0.007182986,-0.0068457345,-0.0023920895,-0.039165944,0.012288513,-0.014159178,0.02375117,0.048541125,0.040370364,-0.014476326,0.00052410626,-0.039245073,-0.00752472,0.040069126,0.020307682,0.0072511565,-0.048236147,-0.014079349,-0.008597466,-0.024891565,-0.04503703,-0.023357794,-0.013173473,0.038361274,0.04590433,-0.015892476,0.040180933,0.032861274,0.062397443,0.02464878,0.013849479,-0.033285767,-0.008583477,0.006288513,0.036183883,-0.019240621,0.0011791366,0.051916238,0.041199505,0.05927964,0.041919865,0.04216316,-0.03052418,0.03212934,-0.022664608,0.029867966,-0.023340836,-0.029350167,0.0058946083,-0.032124367,-0.021723134,0.072535075,0.0053767106,0.048231818,0.021399949,0.0075397235,-0.004017937,0.0060174926,0.0104769105,0.02140022,-0.024891555,-0.05841069,-0.04263512,0.028923506,-0.015553311,0.032709796,0.028329879,-0.028678516,0.012556851,-0.02149959,0.014661911,-0.023139477,-0.02772154,0.013601156,0.034357995,-0.013016195,0.06042654,-0.04594247,0.0106162615,-0.026099041,0.019480892,0.037798442,0.01901393,-0.025974125,0.01681518,0.023121038,0.008580312,0.025140444,0.009113605,0.0022553555,-0.025626004,-0.035766874,-0.029041044,0.011898515,-0.026341572,-0.003628414,-0.010342541,0.04109038,-0.022554534,-0.022554537,0.015247342,-0.021723127,-0.0068871276,-0.047825813,-0.02379692,-0.027615227,0.029105235,0.03202563,0.0015575154,0.0018589728,-0.010084401,-0.021476332,0.027407493,-0.033179373,0.02461811,0.024891622,0.02298484,-0.011461301,-0.020860286,-0.06983699,-0.037971217,0.08881828,0.0014755324
2:54475507:C:T,-0.030229617,-0.032143675,-0.010394113,-0.02008101,-0.013267351,0.011281053,-0.036449656,-0.005502298,-0.011259036,-0.005781201,-0.02965529,-0.030241467,-0.06787285,1.0000001,-0.021889914,-0.039965235,0.009692403,0.09064449,0.032081276,0.011866088,0.035253216,-0.014016834,-0.030382745,-0.034386255,0.02293346,-0.06962312,0.013682046,-0.014024095,0.018491162,0.023200182,0.030627577,0.00652384,0.020893352,-0.03987232,-0.060329396,0.01241822,0.023983683,0.04766124,-0.035821233,0.0077677565,-0.018403465,0.024379471,0.016399307,-0.060471117,0.0139361685,-0.030323083,0.03128849,-0.03064693,-0.043263435,0.03733275,-0.007367196,0.034830723,0.02423212,-0.0189706,-0.02763945,0.00016345468,0.01151051,-0.02423657,-0.00877532,0.008725465,-0.018354958,-0.015699895,0.022623671,0.06409591,0.025339665,-0.02921621,-0.018932957,-0.0024470726,-0.011445632,0.0110798245,-0.012721996,-0.02512979,0.030881014,0.0022445712,-0.022540051,-0.011699534,-0.018107217,-0.047581043,0.033601534,-0.021345342,0.0078000478,0.008749866,-0.027500011,0.036434412,-0.0028471942,0.018710993,-0.04424017,-0.0146452235,0.0032230103,-0.03057611,-0.00030295277,-0.01593584,0.040378492,-0.011364973,0.05044983,-0.07980671,-0.050908256,-0.00639759,0.01337661,-0.02217465,0.042581145,-0.04971771,-0.025899624,-0.027436513,-0.003297323,0.014628286,-0.07501626,0.02096479,0.00037462488,-0.018107304,0.006402638,-0.009778945,0.009034677,-0.03441562,-0.018107334,0.0017897214,0.00016344489,-0.008805889,-0.045599245,0.02718769,-0.01337668,0.039809365,-0.009951604,0.03560829,-0.013171516,0.06310705,-0.016659511,0.03554034,-0.005842257,-0.020495284,-0.03655608,0.08462511,-0.0039422745,0.04580611,0.012703245,0.058168292,0.010884231,-0.00033695955,-0.0025935906,0.0105898725,-0.033487342,0.002790223,-0.044786707,0.00033458814,0.008090296,-0.024596972,0.044817787,0.0082588345,0.035233628,-0.0035266196,-0.005286291,0.034796074,0.044904545,0.01106979,-0.015699886,0.009580488,-0.040904075,-0.021163914,-0.023597885,-0.003740395,0.042939205,-0.039279666,0.009915379,0.0036520176,-0.021408204,0.008519673,0.008087046,0.042417496,0.061521314,0.022811923,0.04686994,-0.015477967,-0.053480294,0.047377314,-0.047828272,0.031359207,-0.0078104534,0.0453639
20:62316834:G:T,-0.002835633,0.008916805,-0.03401874,-0.0056533455,0.016460778,-0.009471125,0.028433725,0.027863791,-0.01854797,0.013556827,0.06845675,-0.028491972,0.018016394,-0.021889914,1.0000027,-0.05141751,0.020389583,0.033537846,-0.057713613,-0.009857395,0.043097604,-0.04200249,0.027288621,-0.053820156,0.0031665256,0.029948225,0.009230178,-0.03234176,0.03079717,0.045159966,-0.0056765163,0.051480204,0.025091168,0.006388565,-0.037697393,0.027967762,0.04048509,-0.013814802,-0.031023372,0.019969175,0.045092944,-0.058981806,0.029632995,0.0066284393,-0.006897718,-0.03644992,-0.042222857,-0.0029638456,-0.06462574,-0.028230365,0.04914185,0.011778735,0.0047761463,0.0058520515,-0.011721173,-0.032451104,-0.02686482,-0.036948092,0.015000953,-0.012302541,0.03962642,0.02328708,0.0015556515,0.010716339,0.041794993,0.034948938,-0.012134142,-0.031096527,0.030129774,-0.005910563,-0.000280966,0.024530955,0.037006687,0.013421946,0.04129791,-0.075603805,-0.038091544,0.026783563,0.018806782,-0.019710528,0.01640859,-0.042348053,-0.019006342,-0.042124294,-0.007939363,-0.024398277,-0.033597227,-0.0020813467,-0.044332784,0.024836808,-0.0077625406,0.010595869,-0.010790495,0.029892292,0.041297976,0.045250326,0.020028515,-0.04072965,-0.053342346,-0.022221569,-0.05346093,0.07031641,-0.0031926595,-0.013806391,-0.00961018,-0.03542558,0.0831779,-0.04764116,0.058924463,-0.00906115,0.039597634,0.02469266,-0.03632474,-0.07336874,-0.038091496,0.01400103,0.059728555,-0.057735592,0.026227674,0.011149139,0.053342476,0.0040154764,-0.007830337,0.025968755,-0.01075859,-0.002574505,0.010504684,-0.045207474,-0.018515205,-0.04767019,-0.01130065,-0.02412768,-0.018733589,-0.016276876,-0.06471652,0.024784714,-0.008681506,-0.006195274,-0.0036445237,-0.06583334,-0.025805622,0.022879614,-0.036809176,0.006149374,0.0028693702,-0.041790564,-0.004799148,-0.00028092953,-0.060463727,0.060428236,0.023568595,-0.030397471,-0.013344344,0.023286764,-0.00674718,-0.026794104,-0.0042733923,-0.017701892,0.06116873,-0.022644483,0.03944338,-0.03401871,-0.042932097,0.025327064,-0.029385714,0.009979778,0.011131349,0.024074022,0.012426994,-0.012681989,0.013295692,0.021972004,-0.016149798,-0.001610768,0.026814705,0.02814667,0.009570225,-0.003384965
20:62325833:C:A,0.011617419,-0.044457436,-0.018246906,0.027704973,0.035231758,-0.047974616,-0.015631944,-0.048393697,0.006870737,0.0018217951,0.030504417,-0.023097616,0.035599865,-0.039965235,-0.05141751,1.0000032,0.0070333895,0.031347502,-0.03078908,-0.03959628,-0.036414232,0.01355964,0.03329867,0.04808647,-0.0331268,-0.030460747,0.0053746104,0.03320519,-0.018246908,-0.030809203,-0.030730456,-0.023634272,0.032514013,0.05722297,0.079796605,0.0057687415,0.009473727,0.022140397,-0.016640253,-0.020431431,-0.00622109,0.01417319,0.030893192,0.028109446,0.009074536,0.0084665585,0.065659955,-0.008155023,-0.03466386,-0.03423105,0.07936707,-0.02809966,0.020183451,0.03964957,-0.03579825,0.026825272,-0.022527555,0.038853034,-0.06141817,0.041375224,-0.009743329,-0.019728709,0.013333403,-0.03483082,-0.048146434,0.026262209,-0.03575607,-0.03227879,-0.017392166,-0.027113965,-0.025402635,0.035122104,-0.0054411655,-0.045065735,0.025947163,0.0077716536,0.030319322,-0.009041332,0.03141089,-0.03844499,-0.013901375,-0.0014444347,0.0301138,-0.007116406,-0.05012391,-0.017926373,-0.029115584,0.031179857,0.0040918738,-0.045360405,0.020182244,-0.007078088,0.018246591,-0.01858814,-0.021772979,0.031518426,-0.007566192,0.003179849,-0.028611593,0.059819806,0.070778616,0.030485641,-0.038394082,-0.048382007,-0.028099615,-0.01900151,0.00094054855,-0.008494438,0.027405975,-0.020431425,0.012934176,-0.029198086,0.02041259,0.029705834,0.03031929,-0.021772977,-0.022758754,0.008062083,0.005979002,0.042717937,0.028611664,-0.034217022,0.011568078,0.0067170016,0.09879787,0.036151852,0.053171612,0.061797075,0.035777606,0.038426165,0.05987025,0.081449255,0.047422875,-0.011108029,-0.016983323,-0.008166883,0.019002767,0.08532334,0.059797868,0.02465833,-0.012538433,-0.054152478,0.015149296,-0.00218283,0.04108002,0.023983734,-0.01688905,0.015748888,0.051357824,-0.023041405,-0.024398895,-0.04452904,-0.010882283,-0.019728769,-0.019728739,-0.022874177,0.035458606,0.008264698,0.018364718,-0.015333009,0.022575267,-0.018246854,-0.033699315,0.005592728,0.060251284,-0.019752948,-0.007426838,0.004947104,-0.020117613,-0.03618779,-0.025947185,0.013325966,-0.003361569,-0.018246874,-0.048553467,0.0061507267,1.7201477e-05,0.021539578
19:22215441:A:G,-0.060588785,-0.035485543,-0.006709071,0.08795341,-0.0022889348,0.0048915264,-0.03898732,-0.033804443,-0.027974704,0.058321852,-0.010226856,0.03797737,0.05201995,0.009692403,0.020389583,0.0070333895,0.99999887,0.036981624,-0.026321704,0.032775544,-0.026671352,-0.0065910155,0.04171507,-0.023176419,0.011292624,-0.02757384,0.011074785,-0.0099628465,-0.0067090834,-0.04131742,-0.014526657,-0.019470759,-0.05329179,0.0038233425,-0.012760468,-0.0017585614,0.018564288,0.023635248,-0.039691336,-0.0029319848,-0.020545822,-0.02200958,-0.023935644,0.026249884,0.005607567,0.015717093,0.01764815,0.011292093,0.00390636,0.007066028,-0.030286275,-0.01033191,-0.018009724,0.03474761,-0.011467078,0.007584265,-0.03364337,0.012645165,0.004938146,0.015433433,-0.0029641858,-0.035685573,-0.063247256,-0.00907666,0.011356096,-0.04591504,-0.013105216,-0.012184432,-0.012063082,-0.03660451,-0.020481773,0.03798181,0.030369759,-0.027550822,0.056595184,-0.020273753,-0.021252923,0.012561312,0.017821254,-0.01948046,-0.025144992,-0.035024468,-0.020331569,0.0074328287,0.018123977,-0.0156219965,0.048037704,0.03752664,0.009331967,0.0020565279,0.015331235,-0.00709869,-0.018326635,0.034560505,-0.04676597,-0.019228792,0.052001927,0.035549626,-0.013837417,-0.04322888,0.00074028084,0.011634375,-0.018209487,-0.0023677186,-0.03732861,-0.051221374,0.017738122,0.028528221,0.03552463,-0.0029320419,0.0042757825,0.0068694577,0.046830703,-0.04752412,-0.057894774,-0.046765972,0.03890869,0.017917834,0.043717332,0.05023414,-0.039243754,-0.018309787,-0.010404934,-0.0108826365,-0.0074703014,0.023216099,0.047586843,-0.028329644,-0.09283366,-0.069770016,-0.013016104,0.017821234,0.10981426,-0.029589131,0.07206548,-0.0022659043,0.011668609,-0.029498218,-0.0010045943,0.03718285,-0.03757337,-0.02002446,0.017528784,-0.03716312,-0.015433375,0.016883139,-0.013736471,-0.035337184,0.014958338,0.011917334,0.016620245,-0.0380172,0.008313353,-0.03568558,-0.054640006,-0.000805318,0.007758554,-0.014304688,-0.011115986,-0.018120473,-0.034475643,0.013743352,0.021196706,0.020863142,-0.012276694,0.040676422,-0.01945598,0.014237168,-0.030510576,-0.035319787,0.046766013,-0.0400239,-0.012540076,0.034195803,0.02013503,0.024424367,0.03548627,-0.007063588
1:226577306:C:T,0.024081482,0.010191944,0.054555804,-0.031220995,-0.00014131286,0.07563937,0.0032485914,0.056128904,0.093659915,0.012065007,0.02224724,0.009873367,0.024151087,0.09064449,0.033537846,0.031347502,0.036981624,0.9999984,-0.04594518,-0.02973874,-0.0317207,0.031529747,0.027152242,0.021387845,0.03652411,-0.034113463,0.01443013,0.01684407,0.0038320005,0.030699069,-0.012963146,0.024208317,0.0101449145,0.044704355,0.011336942,-0.027511057,0.051872797,-0.034954995,-0.042763446,-0.007068637,0.008945337,-0.029965753,-0.014459374,0.057449352,-0.06311075,-0.055407524,0.023789803,-0.0075470256,-0.020252023,-0.03226684,0.0061145234,-0.005257902,0.019730864,0.014843288,0.073842876,-0.038551513,0.057076238,-0.05182876,-0.04969738,0.02867773,0.07461301,0.043317407,-0.0075445445,0.045551777,-0.02077524,0.049985744,-0.0003280704,-0.020951437,-0.01327213,-0.07603116,-0.01001651,0.0069382982,0.016434528,-0.017769957,-0.03459147,0.013622183,-0.029787244,-0.05738722,0.011032866,-0.018138772,-0.03572452,0.021809224,-0.042617366,-0.047755983,-0.0065045613,-0.0054663573,-0.026260676,0.0140108755,-0.009509926,-0.02176299,-0.04643696,0.01291022,0.012468185,-0.015456471,-0.0132294055,0.03571458,0.0035847467,-0.032421913,0.00875134,-0.04745243,0.009838313,0.029817123,-0.052530345,0.034396954,0.028219365,0.024306584,-0.026013054,0.014547916,0.009154688,-0.052506045,-0.03730151,-0.040609095,-0.024046408,0.05564851,-0.029787408,-0.01322932,-0.021904176,-0.03862018,-0.012368985,0.010421154,0.04061628,-0.011586824,-0.05274647,0.017880483,0.001285,0.0092256535,-0.012633427,-0.02379661,0.010530103,0.026715182,-0.04496,-0.00016711648,-0.014140699,0.006549862,0.016571093,0.058777455,0.021218758,0.0738185,-0.02274412,-0.035010453,-0.04743193,0.0453678,-0.011043663,-0.036335416,0.00085121905,-0.016063385,-0.0008478074,-0.010016554,-0.031780858,0.0014677339,-0.0013694178,0.06278741,0.042898446,-0.05069994,0.019812876,-0.03701115,-0.024452044,-0.036802907,0.026119981,-0.024230512,0.020961855,0.0038320036,-0.02510101,0.019282565,0.026922973,-0.015564943,0.028872257,0.016781352,-0.012299468,-0.009259554,0.013229342,0.044081017,0.016495932,-0.02153003,-0.007948652,0.03028741,-0.022923173,0.025978016
15:50353277:T:G,0.03098091,0.022799011,-0.015502738,0.01808646,-0.015873233,-0.047838524,-0.024454897,-0.023864785,-0.026846005,-0.023019465,0.004583337,-0.008955383,0.04025958,0.032081276,-0.057713613,-0.03078908,-0.026321704,-0.04594518,0.9999996,0.018842455,0.040448643,-0.042579368,0.010521073,-0.010380623,-0.04548986,0.05433563,0.013198601,-0.028001174,0.0064015742,0.053876523,-0.029477373,-0.016333684,-0.025706364,-0.014652093,-0.031797547,0.012103277,-0.015664287,0.012065235,-0.030118708,0.01207331,-0.027189048,0.058467362,-0.036752902,0.04136163,0.013753732,-0.011938154,-0.009125714,-0.014926057,-0.005672758,0.033056505,0.0032241573,0.053228177,0.012869243,-0.042243984,-0.017583363,0.031104509,-0.032661527,-0.030005438,0.044530075,0.024920408,0.024603868,0.037371542,0.034889538,-0.039713696,0.056904577,-0.04122592,-0.00655442,0.021830563,0.0066016605,0.014998214,0.0128894625,0.002347472,-0.03405162,-0.061810263,0.0030261865,0.011267625,-0.007548119,-0.012508994,-0.016124962,-0.020373998,-0.016578821,0.06813131,0.012772819,0.011356782,0.028812002,0.0556974,-0.010756598,-0.038212348,-0.04052731,0.00910539,0.020833513,0.016575981,-0.04293948,0.018355355,-0.033873897,-0.0045555555,0.01677587,-0.016795445,-0.0077280435,-0.026856573,0.07341383,-0.019350754,-0.0036646829,-0.010027665,0.009858269,-0.040708996,0.0166038,-0.011075466,0.007584748,-0.027169786,-0.012153122,-0.05212286,-0.012650391,0.0070119496,0.012073556,0.021475945,0.035897024,0.021452805,0.0688705,-0.06890199,0.02194028,0.029227994,0.018670019,-0.011310933,-0.06922351,-0.026499953,-0.049137097,-0.028918693,0.019052396,-0.03911468,-0.013741406,-0.006451985,-0.040302116,-0.018484058,-0.009790337,-0.003846279,-0.0059891045,9.826283e-05,-0.002069033,-0.0030885662,-0.029262485,0.044668652,0.020602748,-0.007458845,0.013334809,0.016833413,0.044764303,-0.018930942,0.061108656,-0.02248788,0.022508284,-0.02597748,0.01400281,0.03737151,-0.0032285291,0.060556926,-0.040708996,0.041187618,-0.007876638,-0.021517212,-0.014937293,0.07211496,0.010141652,-0.010973033,0.016618108,0.0011858972,0.008445466,-0.0029904018,0.02637346,0.011972812,-0.0030261178,-0.015899444,0.015790807,-0.015502991,-0.023355836,-0.040426593,-0.037632808,0.014959986
14:73422259:C:G,0.028581513,0.06904859,-0.039085254,-0.02137647,-0.052010816,0.040344007,-0.0021054286,0.040792935,-0.038945064,-0.024669105,0.0035418977,0.0352648,-0.016000409,0.011866088,-0.009857395,-0.03959628,0.032775544,-0.02973874,0.018842455,1.0000015,-0.0014626518,-0.03589563,-0.00453442,-0.038866617,-0.0025748392,0.059467476,-0.021708803,-0.022989685,-0.039085258,0.07412183,-0.016544357,0.052175023,0.051073175,-0.037520915,-0.007419955,0.056359425,-0.005893313,0.051711626,-0.035643566,0.008184881,0.016437788,-0.03015842,-0.023329657,-0.025993222,0.004217112,0.03488046,-0.034282565,-0.0021358668,-0.027034257,0.02220426,-0.0068437406,-0.0027772638,-0.048626307,-0.023508983,-0.037067037,-0.003399307,0.008246329,-0.055580962,-0.014575035,-0.034851763,0.03522019,-0.042259116,-0.05890595,-0.04076312,-0.044275563,0.046368234,-0.015249212,-0.049401212,-0.010403811,-0.004339913,0.02983348,0.06790468,0.00088742335,0.0031074258,-0.022214415,0.03341982,0.03415953,-0.045005597,0.03455842,-0.005543107,-0.02977687,0.018381542,0.011803364,0.029467674,-0.007853021,0.07538331,-0.006843875,-0.013035982,0.031427145,-0.041055456,0.01513316,0.0189921,0.02179721,-0.027423693,-0.04663785,-0.060738076,-0.021472601,-0.0032173123,0.07041332,0.035663597,-0.041547183,0.0098194,0.014818039,-0.026028123,-0.021914683,-0.012828413,-0.033852287,0.016828809,-0.009250938,0.008184782,0.01756212,0.04449655,0.06219545,-0.06725348,-0.043764614,-0.022214439,0.041011374,0.00030845412,-0.026997838,0.00256735,0.042472336,-0.022408133,-0.05239363,-0.018873367,-0.02326507,0.01553239,-0.0048508337,-0.051940233,-0.04021054,0.027484259,-0.02117535,0.008948454,0.018544525,0.049225926,0.065920375,0.007069454,-0.044687107,-0.0388025,-0.019584918,0.012702055,0.034005385,0.01284641,-0.07915551,0.0027833285,-0.024230063,-0.024266738,-0.034087304,0.050895296,0.01017334,-0.0493551,0.011824347,0.0063483445,-0.0064101797,-0.0153863095,-0.015386287,-0.05449683,-0.040701535,0.033108473,-0.013474421,-0.009619798,0.013802863,0.018908275,0.043525234,0.019698255,0.0014822687,-0.025933659,-0.010970727,0.025213277,-0.026846135,-0.017390808,-0.026633095,0.055209477,0.008273,-0.039085105,0.031127274,-0.04722005,0.05550881,-0.0075989054
6:31794592:C:T,0.04487463,0.058824774,0.030856874,0.010984771,-0.026382592,0.024134766,-0.03201198,-0.010211345,-0.017604897,-0.03555951,-0.047008425,0.0076016616,-0.008658783,0.035253216,0.043097604,-0.036414232,-0.026671352,-0.0317207,0.040448643,-0.0014626518,1.0000005,-0.047572613,-0.041540895,-0.03140672,0.0006019675,-0.014068985,0.015716925,-0.037137736,0.011835987,0.022309033,0.00809598,0.016898151,0.0031187672,-0.030839315,-0.07927871,0.0061201504,0.019751953,-0.019867979,-0.013490734,-0.025083678,0.03705662,-0.00058692513,-0.004868009,-0.022307957,-0.019569965,0.006503395,-0.026486283,-0.04727279,-0.04462146,0.010890113,-0.035745256,0.00985808,0.018592762,-0.0037136304,-0.044790216,0.0046539996,0.023240337,-0.009925579,-0.025881015,-0.06484231,-0.04158801,-0.0018925015,0.18526985,0.006173782,-0.003515432,-0.035000656,0.039415684,0.13993227,-0.020326912,-0.033224057,-0.033028662,-0.088716604,-0.0409109,0.039444685,-0.051296253,-0.014456175,0.04307048,0.039899915,0.01081262,0.006711397,0.035929184,-0.00368229,-0.008606433,0.015648987,-0.0061159767,0.05158107,-0.023604909,-0.031265035,0.061277784,0.020718336,-0.061389506,-0.02938466,0.01570983,-0.008290594,-0.019254055,-0.014597858,0.02902954,0.025678892,-0.08120133,0.04768199,-0.0027051633,-0.0096215205,0.047626615,-0.020878049,0.009858139,-0.05014431,0.025613142,-0.014353477,0.005583151,0.04307041,-0.0560329,-0.021624953,0.03666628,-0.009837272,0.008993412,0.092893474,0.054594405,0.03607264,0.008254985,-0.017332835,-0.005189277,0.01999143,0.016491758,-0.019946923,-0.020497268,0.05330484,0.0575508,-0.023992015,-0.0153588075,-0.037256557,-0.010060882,0.027611863,0.019828465,-0.13210255,-0.022483056,-0.075493336,0.018465463,0.029038113,-0.015831588,-0.03553681,-0.045811698,0.02903447,0.01834182,-0.0053840233,-0.04588835,-0.008826373,0.010841138,0.008418424,0.0016134605,-0.029299147,-0.036879204,-0.043270186,0.07913015,-0.019520162,0.08624579,0.024536774,-0.03186059,-0.016697094,0.0021792396,0.05905855,0.028812572,0.068898655,-0.03175827,-0.019584004,-0.014886879,-0.018469814,-0.034573343,-0.019697238,0.024695685,-0.006378053,-0.028809197,0.08947301,0.00060969923,0.087919526,0.04366879,0.05575455,-0.013701463,0.021185912
2:210676294:A:T,-0.033804152,-0.01902766,0.017243668,-0.016693557,0.011716169,-0.0180893,0.030905686,0.032840297,-0.010572888,0.0010571649,0.020736698,0.015053291,-0.017987147,-0.014016834,-0.04200249,0.01355964,-0.0065910155,0.031529747,-0.042579368,-0.03589563,-0.047572613,0.9999995,-0.009804246,0.034225445,0.031802736,0.0038417852,0.012010818,-0.022358004,0.054469164,-0.01140891,-0.003556014,0.00850093,-0.0056607663,0.025337588,-0.02617131,-0.044523995,-0.004892128,0.05519908,-0.038591467,0.0026352552,-0.022554385,-0.039291088,-0.030243535,-0.055198997,0.014672231,0.020822247,-0.03447132,0.026921825,-0.01775475,-0.022156201,0.039394774,-0.043055702,0.003529143,-0.04239621,0.041894652,0.008335022,0.013096342,0.047922,-0.020014985,0.06517443,0.009582663,-0.0043551354,0.017539179,-0.054436598,0.015276559,-0.003975325,-0.009739406,-0.0042457166,-0.0070298263,0.029041827,0.019499589,-0.04197161,0.040150926,-0.013374847,0.015350133,-0.058015887,-0.030710783,-0.0065038847,-0.0025900584,-0.0005487843,0.021240056,-0.01237003,0.032977346,0.020401316,0.037689816,0.033566866,0.05127458,0.04555134,-0.0009176233,-0.028294593,-0.08156637,-0.02869776,0.011481908,0.029622957,-0.03168192,0.021610374,0.019093158,0.0088715,-0.013217213,-0.03774335,0.0056278305,0.026416585,-0.003444988,0.0030597134,0.055217996,-0.04764581,-0.02487043,0.03285083,0.038106352,-0.01403769,0.027741449,-0.013950189,0.021568898,-0.01574846,0.035981134,-0.047359332,-0.05275122,0.011989279,0.0318817,-0.03956977,0.06152408,0.051849823,-0.016719505,-0.011041483,0.0421136,-0.025434298,0.057064537,-0.01948698,-0.026606955,-0.038845588,0.0054225754,-0.035468124,0.0083229905,-0.009468874,0.029016634,-0.0330969,-0.014426711,0.02061408,0.034272533,0.012335154,0.019755755,-0.005338176,0.07366106,0.006644643,-0.054339048,-0.024547018,0.003059711,-0.04809702,0.008966247,-0.017810252,0.033879884,-0.014764094,0.060588583,0.06464272,-0.004355177,-0.030901896,-0.011862547,-0.06283076,0.024878267,0.0017980862,-0.027917054,0.017243704,0.024800256,-0.02225019,-0.008170595,-0.0148731135,0.028647652,-0.021449218,-0.010298532,0.03780363,-0.046704892,0.019233145,-0.031350564,-0.0013690924,-0.020893607,-0.0020206803,0.04078778,0.016796865
1:114443899:G:A,-0.044174004,-0.07580977,0.019393839,-0.0013012043,0.052344292,-0.042092845,-0.0006843039,-0.03606236,-0.043367844,-0.022732077,0.023955883,-0.019850833,-0.047341965,-0.030382745,0.027288621,0.03329867,0.04171507,0.027152242,0.010521073,-0.00453442,-0.041540895,-0.009804246,1.0000013,-0.026799344,0.0045723547,0.014205299,0.076011,-0.0018580408,0.043128613,0.024045082,0.0012558664,-0.07242291,0.0063712243,-0.020860428,-0.0065231775,-0.0052308324,0.008022209,-0.037127774,0.0046990598,0.0057698567,0.116158724,-5.6474302e-05,-0.019322662,0.068704955,-0.0058594584,-0.013396935,0.043253697,-0.012398729,0.017518485,0.020092323,0.00822215,-0.017128492,0.039264537,0.0067987004,0.03623825,-0.011537526,0.015726006,0.0098020835,0.018251743,-0.016852738,0.0024644425,-0.012025899,0.020377137,0.004987879,0.036720134,-0.052140024,0.0078097465,0.031737052,0.004478126,-0.032407295,0.0313092,-0.02263455,0.0881474,-0.015819263,0.01814356,0.034362033,0.0057698507,-0.023362048,0.012325681,-0.03472889,-0.039472256,0.006789744,0.0007186991,-0.0418563,0.028414767,0.019104766,0.038520414,0.04351219,-0.014771386,0.032430816,0.056726746,-0.019523285,-0.014124735,-0.029813424,0.078118734,0.0365757,-0.031828303,-0.036787517,-0.0042403345,0.030557772,0.0030980585,0.015480151,0.010151568,0.030472197,0.014201057,-0.031138668,-0.02485321,-0.007993713,0.033089723,0.027031165,0.03794087,-0.03104426,0.0025958912,-0.01099866,0.005769838,0.07811881,0.07674587,-0.016069988,0.035201017,-0.0016637206,-0.011159799,0.008573297,0.02309766,-0.008732185,0.050812885,0.07846715,0.0007340412,0.07533775,-0.012697218,-0.014251584,0.019022645,0.02280708,0.0048977705,0.01944449,0.018447734,0.012744236,-0.00066730904,0.029162537,-0.02478779,-0.024130061,-0.035602473,-0.045401268,-0.04090684,-0.010333937,-0.024599435,-0.0053329114,0.010681931,0.03130923,-0.0020709583,-0.027566224,0.044339992,-0.01701713,-0.010150085,-0.012025898,-0.05601881,0.008260203,-0.031138578,0.038017288,0.045661926,0.031355333,-0.035859924,-0.004341175,0.01359647,0.043449134,-0.025674365,0.020898795,0.051020365,0.07604274,-0.012694858,0.00915342,-0.01814353,0.0031265703,-0.020401938,0.019393768,0.039534118,-0.023190893,-0.029773891,-0.019663038
10:105710933:A:G,0.019757852,0.021650158,0.036098626,0.06252573,-0.02678454,0.062633865,-0.021766203,-0.02552667,-0.0077077597,-0.048819583,-0.01913463,-0.0010411352,0.090924166,-0.034386255,-0.053820156,0.04808647,-0.023176419,0.021387845,-0.010380623,-0.038866617,-0.03140672,0.034225445,-0.026799344,1.0000027,0.00076998526,-0.0636434,-0.0052292254,0.031656962,0.036098175,-0.019343311,-0.045438066,-0.02571538,0.00025486716,0.016599404,-0.015407641,-0.030425444,-0.0059663006,0.012473677,-0.009267856,-0.0200128,0.020806942,0.009973318,0.00438095,0.06018486,0.020262292,-0.001132578,-0.007495021,-0.0020668805,-0.046508063,-0.0010730554,0.032994915,-0.03346051,0.0006774285,0.0094436435,0.06609114,-0.002850846,0.048602257,-0.038892593,-0.04701428,-0.04611184,-0.043061838,0.021166287,-0.029758276,0.049220953,0.032652114,-0.02606944,-0.009634134,-0.014279804,0.014924464,-0.03228676,-0.012748128,0.026478646,0.019101648,-0.06401229,-0.029985648,0.02722693,0.03178683,-0.03504126,0.05655543,0.011851625,0.014914384,-0.008004606,0.024986634,0.012718186,-0.010975362,-0.01795032,0.020692032,-0.018559149,-0.0014171507,0.030618146,-0.02046452,-0.08715083,0.018426994,0.007241884,-0.046221144,-0.013175602,-0.04838925,-0.017143063,-0.04970342,0.0061463104,-0.016744437,-0.013006829,-0.013108574,0.032122497,0.068311684,-0.027258793,0.054764647,-0.0035667745,0.0095824525,0.01452027,0.0054112836,-0.026153503,-0.011039945,0.018066118,-0.054545894,-0.013750146,-0.0492423,0.041514147,0.076746,-0.0050224997,-0.025336552,-0.014399857,0.008207929,-0.007878337,-0.0069966554,0.013588094,0.03622323,-0.017896503,0.03816017,-0.017097922,0.043815073,-0.02005343,-0.009014377,-0.01741435,0.040688783,-0.009724972,-0.0020568164,0.023285298,0.044270523,-0.034435872,0.017580686,0.042468246,0.039603956,-0.04470494,0.0012270068,-0.01879883,0.058908954,0.0012525056,-0.026968874,-0.008221088,0.036711354,0.0048199208,-0.000691837,-0.032424405,-0.014560918,0.013023874,0.009798412,-0.045102686,0.032235947,0.013128864,-0.08249819,0.055373803,0.026434716,-0.035318878,0.054293547,0.00797276,0.020307014,0.03570184,-0.03223958,-0.06027498,-0.034956276,1.1496363e-05,-0.024942687,-0.04100358,-0.0123415785,-0.037667118,0.0044391057,0.015099971
16:74655652:C:T,-0.015922219,-0.03996935,0.0070484695,0.015824271,-0.0027063547,-0.012866719,-0.021996625,-0.06021725,-0.013388694,0.03982121,0.07071976,0.004875866,0.061086535,0.02293346,0.0031665256,-0.0331268,0.011292624,0.03652411,-0.04548986,-0.0025748392,0.0006019675,0.031802736,0.0045723547,0.00076998526,0.99999934,0.04203192,-0.040734112,0.01030104,0.033117905,-0.01966374,0.019508172,-0.011462495,0.0036024544,-0.0012356709,-0.030393343,-0.0015690315,-0.017842628,0.016174963,-0.012591234,-0.050488517,-0.01273506,-0.023994906,0.059412412,0.030068763,-0.101575114,-0.12490545,0.07120368,-0.004398381,0.013390165,-0.027332827,-0.005392031,-0.035026435,-0.003804952,-0.018877456,0.0014384768,-0.026030332,-0.033418126,-0.0090421615,-0.042361118,-0.021135163,-0.022500558,-0.02459198,0.023804465,0.03183843,-0.044897083,-0.05823372,0.039185937,0.021073788,-0.013058123,0.011997186,-0.0059667067,0.026180713,0.036784317,0.023007108,0.012070228,0.049363464,-0.02713614,0.005783529,-0.0042456146,0.024396421,-0.00030470247,-0.010284931,0.023766482,-0.021265548,-0.0076714125,-0.041803204,0.06116369,0.022527818,0.016833013,0.011977073,0.010813578,0.0041712034,0.0407905,-0.035002243,0.03402811,0.00038691168,0.014442489,-0.06678709,0.0138715515,-0.031025527,0.01935788,0.06015256,-0.028482622,0.056214295,0.03379469,0.0031635985,0.019454414,0.024273232,-0.03745974,0.019568516,0.031739336,-0.007852591,-0.02843994,0.0065956176,0.019568581,-0.053803306,0.025304444,0.03590828,-0.007667482,-0.04830499,-0.013871442,-0.012061104,-0.037895203,0.025505818,-0.04930464,0.023560502,0.01558913,-0.040123995,-0.033554465,0.013963136,-0.007748636,0.018778961,0.004529405,0.00757688,-0.05809495,0.043013908,-0.042714912,0.024286197,-0.0070164558,-0.029688898,-0.01535028,0.011844881,0.08304344,-0.03286654,-0.016805697,0.008658977,0.005495479,0.03190399,-0.06849392,-0.015355513,-0.0008669462,-0.0019474978,-0.056831893,0.023727456,-0.024591966,0.02492683,-0.04695466,-0.018995542,0.054580566,0.04462056,0.022380147,-0.045090042,0.009550068,0.016343798,-0.0049741613,-0.008005113,-0.047322545,-0.009875148,0.0063880696,0.046572175,0.03184548,0.05748078,0.0075919772,0.059186947,-0.009474593,0.036792375,-0.027696878,-0.0026337637
9:34107505:C:T,0.0024457597,-0.025966858,-0.043810464,0.01691467,-0.0208632,-0.016675057,0.0017997038,-0.016185801,0.011246217,-0.016187878,0.039207377,0.011209708,0.03466906,-0.06962312,0.029948225,-0.030460747,-0.02757384,-0.034113463,0.05433563,0.059467476,-0.014068985,0.0038417852,0.014205299,-0.0636434,0.04203192,1.0000021,0.016796801,0.021675669,0.0094182445,0.011172138,-0.018729933,0.0065708132,0.03774434,-0.02668044,-0.0222658,0.056257404,-0.0023908778,0.0059483103,-0.010828043,0.0463067,0.013920324,0.031205129,0.0031515884,-0.029553538,-0.02141242,-0.011328373,0.030894645,0.004544288,0.061228577,-0.009122346,-0.018945416,0.020358628,0.020637412,-0.0111485515,-0.020293398,0.020410018,-0.055373844,0.029755972,0.015883837,0.00035415916,0.0031521297,0.0019613542,0.041814756,0.0037403791,0.024850817,0.008612595,0.017187707,-0.005850073,-0.034468938,0.026881255,0.035664707,-0.028665643,-0.014633635,0.028976405,0.03739139,0.017970167,-0.025214897,0.006142074,0.03624018,0.03784084,-0.033376936,-0.03560535,-0.022771256,0.0028541735,0.024131775,0.02086936,-0.035932254,-0.02921072,0.041989822,-0.01884419,0.004897409,0.049349893,-0.005817112,-0.016945446,0.014974577,-0.031424783,0.02243228,-0.053372737,-0.01689074,-0.096018024,-0.012785889,-0.0131523125,0.03563274,-0.03644085,0.002793552,0.08229278,-0.000828227,-0.008340075,0.0040728855,0.046306685,-0.01867277,-0.004020374,-0.004095162,0.013264079,0.022466132,-0.007442515,0.049525373,-0.0062535373,0.012498101,0.020251151,-0.034914557,0.052569754,0.014792778,-0.015050376,0.026868317,-0.027483977,-0.01753076,0.0024106682,-0.0095296595,-0.060031105,-0.005309884,0.012734245,-0.019165656,0.017010534,0.029977305,-0.007376805,0.03772138,0.029977256,0.05629948,0.01446037,0.04171823,0.012774716,0.004025211,0.01794766,-0.008101272,0.011569726,0.030132193,-0.02232884,-0.020900164,-0.012870492,-0.004771628,-0.0050534275,-0.01928498,0.0019613497,0.05129107,-0.03499543,-0.04562228,0.045946885,-0.025889134,0.014805362,-0.048109856,0.062646575,-0.03924743,-0.01941665,0.020427544,0.0021785153,-0.06147974,-0.006415246,-0.059485987,0.025942601,-0.014974287,-0.028157916,0.028449414,0.009418231,-0.09367912,-0.023114823,0.045231327,-0.019492183
18:51817587:T:A,0.011870806,-0.032881867,0.034394305,0.03655441,-0.0055471403,0.012429311,0.037147947,0.013703134,0.027650101,0.0030748518,-0.03229061,-0.030689439,-0.032830894,0.013682046,0.009230178,0.0053746104,0.011074785,0.01443013,0.013198601,-0.021708803,0.015716925,0.012010818,0.076011,-0.0052292254,-0.040734112,0.016796801,0.99999833,-0.0051363455,0.0158913,-0.039762143,-0.040352117,-0.02913264,0.022962334,0.053237062,0.070923865,0.020246575,-0.002731864,0.023796733,-0.026005184,0.026081037,0.018659288,0.048035726,0.024940878,0.029539023,-0.035471585,-0.021726632,-0.051308393,-0.02853839,-0.0099832,-0.00574624,0.013547041,4.864683e-05,-0.009664739,-0.008937986,0.045533575,-0.0037947227,0.053139947,-0.0028488436,0.062245272,0.026800405,0.06888357,0.01718199,0.07016038,0.014136649,0.011886321,-0.026333774,-0.053869184,0.038417716,0.020576412,0.019443156,0.015403361,0.06620424,-0.0083576515,0.019378962,-0.004415201,0.00042016967,-0.023642719,0.007198795,-0.064125225,0.008402683,2.4028957e-05,0.02270712,-0.021007854,0.0125267245,0.010995891,-0.018436482,0.060785957,0.018201852,0.0071700877,0.044303395,0.021747159,0.009522777,0.013682051,0.009474384,0.011169601,-0.013111125,-0.032724284,-0.02955694,-0.005095627,-0.0074702846,0.0030104825,-0.028859088,-0.04532604,0.04642136,4.873162e-05,-0.010130661,-0.071624406,-0.009363944,0.064645074,0.009506466,0.03633105,-0.026946684,-0.023237461,0.005879175,0.02608105,-0.020000068,-0.03618194,-0.013305271,-0.0032699867,0.014301052,-0.0669371,0.024179792,-0.0050868816,0.03682398,0.024220422,0.029115425,0.049627446,0.042193826,0.011492399,-0.034852494,0.031558942,0.025755554,0.0107216,0.036469374,-0.013052806,0.059636366,0.030841645,-0.046464503,-0.025187843,-0.027307408,-0.047335785,0.012014692,-0.025460431,-0.026426228,0.037829004,0.034675125,0.041278798,0.0019638282,-0.024049317,0.012688154,0.046831008,0.0001535633,-0.016927492,-0.051408794,3.4280627e-05,-0.015818242,0.007655567,0.023426723,0.011492346,-0.006732711,0.005484101,0.015891273,-0.026879331,-0.0008411991,-0.05023911,0.031982966,-0.024125837,0.014768917,-0.047154866,-0.07624945,-0.011169733,-0.040203463,0.00927528,-0.039617646,-0.019648615,-0.034148876,0.0065826476,-0.025509505
11:202253:G:A,-0.013887737,0.01757993,-0.06343891,-0.039923847,-0.0031439841,-0.03680842,0.038698677,-0.028450454,-0.032136336,0.07619923,-0.05900941,-0.0050341096,0.012013093,-0.014024095,-0.03234176,0.03320519,-0.0099628465,0.01684407,-0.028001174,-0.022989685,-0.037137736,-0.022358004,-0.0018580408,0.031656962,0.01030104,0.021675669,-0.0051363455,1.0000001,-0.043729294,0.010894242,0.017369106,-0.04395242,-0.0036487095,-0.0048632394,0.01819765,-0.026552763,-0.011587673,-0.027790014,0.0679656,0.03048441,-0.024739755,0.021939823,-0.015377432,0.014679067,-0.01716861,-0.02506743,0.044713613,0.0050214096,0.034603015,-0.0008711945,-0.006877658,0.03672221,0.054926615,-0.03522877,-0.05324565,-0.05190708,-0.027327172,-0.033990983,-0.05194183,0.034775324,0.021328164,-0.029014872,-0.0033026685,0.032989573,0.0046287165,0.034666628,0.0009980034,-0.05357072,-0.0019662061,-0.00426575,-0.010772524,0.019918533,0.009048292,0.0062861606,-0.027277902,0.042107034,0.030484352,-0.005599813,-0.013211473,0.00948489,0.031037632,-0.013933627,0.031406257,-4.0180577e-05,-0.01839889,-0.03704511,0.018281806,-0.013852071,0.037437998,-0.0023302324,-0.014705446,-0.03818979,0.053479053,-0.0092647085,0.005924062,-0.06460444,0.019449519,-0.054204088,-0.036597926,0.021349095,-0.039395154,0.0017358451,0.047819406,0.041389417,-0.015309683,0.058664173,0.031965606,0.028743116,-0.030033667,0.06579524,-0.025250932,0.07048107,0.01596157,0.008007336,0.04813984,-0.010676852,0.012778446,0.018205205,-0.002867545,-0.005826087,0.01102139,0.0014068409,0.016844472,0.06732614,-0.012296351,0.003439225,0.053964887,-0.005727952,-0.004112762,0.009843016,-0.04507421,0.056418676,-0.03258198,0.022377301,-0.0041215844,-0.009448083,0.03163978,-0.057507634,0.038280677,-0.038240533,-0.012319177,-0.016805643,-0.003438756,0.059287764,0.016857361,0.043129597,-0.029823754,0.01785924,-0.016421482,-0.00020314998,-0.0060239113,0.069867365,0.0076214885,0.08057998,-0.02901489,0.012762705,0.07760985,0.011349386,-0.0041127517,0.030294603,-0.02432067,0.015399123,-0.013606967,-0.048120923,0.034148768,-0.028255079,-0.002166447,0.013210883,-0.022989715,-0.022691386,0.02727798,0.02636781,-0.037355945,-0.0043102275,0.0073717544,-0.023537125,-0.00029336495,0.027307803
17:76183233:C:T,0.05837575,0.034579013,-0.012072425,-0.011899413,0.040018912,0.057452533,-0.026688598,-0.017612834,0.02356073,-0.029958209,0.05845083,-0.07216016,0.029105494,0.018491162,0.03079717,-0.018246908,-0.0067090834,0.0038320005,0.0064015742,-0.039085258,0.011835987,0.054469164,0.043128613,0.036098175,0.033117905,0.0094182445,0.0158913,-0.043729294,0.99999744,0.021775208,-0.008045716,-0.020357938,0.043327373,0.025331203,-0.022505345,0.023014665,0.04609707,-0.060155332,-0.011009459,-0.013517798,-0.00045817642,-0.026423303,-0.029075366,-0.03334939,-0.026688598,-0.042375963,0.043441847,-0.0436204,0.02284311,-0.022647819,0.034567133,-0.018591251,-0.02672356,-0.019133415,0.023297796,-0.023259081,0.04213806,0.0386943,-0.038216375,-0.024451371,0.008848403,-0.013052902,0.09312947,-0.02304457,-0.031854477,0.008959637,-0.0009244406,-0.00569697,0.08088988,-0.04962246,-0.01680674,-0.027915508,0.021273037,0.0064095696,-0.014405365,-0.0035957063,-0.0135178035,-0.0039294334,-0.028877357,-0.029918935,-0.009197396,-0.023360947,0.027852254,0.05024093,0.0119450325,0.045376074,0.034567136,0.030474113,-0.029910082,-0.08834352,-0.0752393,0.02797586,-0.010394159,-0.02862021,-0.014405424,0.025439523,0.040942,-0.038596977,-0.01892996,0.012455834,0.057168536,-0.04297602,-0.04381335,0.04091666,-0.01859126,-0.012571693,-0.009157877,-0.024720589,0.060922984,0.062031735,0.01935106,-0.029788934,-0.019678352,0.071259856,-0.013517783,-0.014405426,-0.023259092,-0.0615019,-0.019591816,0.041305523,-0.090516165,-0.005561147,0.018480029,0.016794076,0.029721063,0.06688692,-0.035067275,0.11204768,0.0063902615,-0.046229668,-0.041608177,0.008367102,0.06430976,-0.058239773,-0.028158281,0.047038965,-0.031256925,0.009916103,-0.010721771,0.047331043,0.010671348,0.028815592,0.061277714,-0.009842297,-9.759858e-05,-0.014830513,-0.00596508,-0.016806735,0.005417213,-0.015244559,0.10171725,-0.014788982,0.0014745201,-0.013052895,-0.013052892,-0.012608519,-0.012571701,-0.0048719663,0.058233175,-0.05897424,0.00048042546,-0.012072474,0.039836574,0.009822906,0.073802285,-0.008985955,0.013226393,-0.019915551,0.018908326,-0.007234528,0.014405417,0.0032101031,-0.002224057,-0.012072465,-0.027588813,0.054937325,-0.02003727,-0.017985517
8:48885436:T:A,0.014949088,0.037912846,0.04707053,0.021916565,-0.0013962997,-0.01668637,0.04890452,0.023307526,0.03645485,-0.0055492753,0.01626137,0.09857669,-0.008580428,0.023200182,0.045159966,-0.030809203,-0.04131742,0.030699069,0.053876523,0.07412183,0.022309033,-0.01140891,0.024045082,-0.019343311,-0.01966374,0.011172138,-0.039762143,0.010894242,0.021775208,1.0000015,-0.02832452,0.015657248,0.06661348,0.008325789,-0.02517338,-0.0033652098,0.02963145,0.03262741,0.015244424,0.007387793,0.031407952,-0.0056915623,-0.02636663,0.023461478,0.015811674,0.065151386,0.015344462,0.03823422,-0.06160657,0.0188593,0.026673056,0.039098047,0.010437995,-0.05368769,-0.00025210297,0.0076690526,-0.037816126,0.006900642,-0.0011682239,-0.00038058168,-0.027619267,0.027450599,-0.015763957,-0.02086708,0.052322082,0.0105005745,0.014761072,-0.005966404,0.01418471,-0.00037410055,-0.007962976,-0.0062222555,0.06476434,-0.024991864,-0.0077514634,0.025813071,0.052706115,-0.023460848,-0.1219873,0.0077464385,0.035860725,0.0196095,0.0055452455,0.026598327,-0.07701445,0.031058175,0.010527988,0.0007660291,0.012066864,0.023913868,0.037536435,0.056215253,0.01453673,-0.03710551,0.013554592,0.0122327255,0.030542647,-0.008813189,-0.024667935,0.030747583,-0.027522976,-0.0028865938,0.043824233,0.0021664295,0.005708683,0.024701977,-0.043491896,0.03909889,-0.056030665,-0.03793052,0.04691679,0.042660337,0.0063471766,-0.029524274,0.007387816,0.034860674,-0.020003779,-0.01149021,0.012826354,0.06778698,-0.024570014,0.021683037,-0.007761907,-0.032143787,-0.010042698,-0.03986949,0.0039959294,-0.09111715,-0.009366553,0.020967813,-0.010850629,0.034400053,0.039660282,-0.009198004,-0.061501574,-0.029538048,-0.03024092,0.041273363,-0.031718902,-0.041017808,-0.041607566,0.069728374,-0.050260153,-0.012630275,-0.02170812,-0.087189674,-0.011894457,-0.0079628015,0.002007957,-0.0010828618,-0.010765697,-0.028148595,0.029373534,0.004008025,-0.04287722,0.02188968,0.024701947,0.018995916,-0.032690004,0.0058698547,-0.0074473317,-0.0035202205,-0.022548264,0.0002629268,0.048155818,-0.00904921,0.0035166005,-0.03188811,0.048031468,-0.034932297,0.029057542,-0.012516274,0.037597734,-0.0035201672,0.0035168917,-0.027461737,0.008545679,-0.0010694513
18:42161643:G:T,-0.018187672,-0.058755636,-0.052275315,-0.048356038,-0.03787507,0.003208155,-0.0029190076,0.044448398,0.013365004,0.0025985427,-0.0010691144,0.00277664,0.061431717,0.030627577,-0.0056765163,-0.030730456,-0.014526657,-0.012963146,-0.029477373,-0.016544357,0.00809598,-0.003556014,0.0012558664,-0.045438066,0.019508172,-0.018729933,-0.040352117,0.017369106,-0.008045716,-0.02832452,1.0000015,0.0026802141,0.00589237,-0.016379945,0.091676965,0.0033825936,-0.039979324,0.0044503375,-0.04363917,-0.033771582,0.00580924,0.021992883,-0.030442806,-0.024064815,-0.03185069,0.0064970963,-0.013177534,0.034407947,0.026727242,8.4583786e-05,-0.06224121,-0.056176506,0.024487682,0.01719984,0.020806855,0.018772585,-0.052846283,-0.010610693,-0.012863631,-0.050895397,-0.059774093,0.0015484169,-0.028250093,-0.021004796,0.03712284,0.0130052725,0.0040576984,0.02032603,-0.0505719,-0.009186335,0.016909374,-0.0060298867,-0.015660573,0.058494583,-0.02357074,-0.011847236,-0.073391885,-0.004838927,0.022259641,-0.03624938,0.01553228,0.021883791,-0.04354671,-0.004878904,0.04167021,-0.029502595,0.036564402,0.03676619,-0.0111138085,-0.010942199,-0.033328734,0.044736803,0.0003311595,-0.003024727,0.050937615,0.06746423,0.020960892,-0.031326126,-0.009028585,0.03941533,0.01878236,0.044257987,0.019679913,0.07695306,0.0022053488,-0.066837884,0.008962895,0.010445054,-0.054970015,0.02565829,0.0020711205,-0.0031734207,0.0045983093,0.03138585,-0.013961509,-0.023570938,0.023611166,-0.0015566198,0.025147531,-0.0019684362,-0.0053201057,-0.026207754,0.00656757,-0.025238842,0.01490056,-0.034491546,-0.02958736,-0.023287192,-0.0048037996,0.07321637,0.008418365,-0.03633588,-0.010465882,-0.005787536,-0.043725304,0.018121565,-0.0399173,-0.09364315,-0.014150343,-0.048187744,-0.0063574864,-0.038003203,-0.018264668,-0.0036692813,-0.013475616,0.017283242,-0.10744065,0.01690935,-0.0070620957,0.03834251,0.05274904,-0.027649555,-0.0037086164,0.0015483868,0.02204339,-0.012127958,-0.024322122,-0.021887181,-0.03878843,0.019753503,0.046821356,-0.008045714,0.043859586,-0.009306915,-0.036469363,0.026531406,-0.017494801,0.014088802,-0.0013377374,-0.001207143,-0.03231058,-0.009989082,-0.021291725,0.036183916,0.06812338,0.045616575,0.011710605,0.006744071
16:69402831:A:G,0.032275643,0.044609502,-0.04160257,-0.004836788,-0.03157604,0.007012747,0.010839218,0.031683937,-0.00487437,-0.0018131969,0.051901203,0.00095211074,-0.007907061,0.00652384,0.051480204,-0.023634272,-0.019470759,0.024208317,-0.016333684,0.052175023,0.016898151,0.00850093,-0.07242291,-0.02571538,-0.011462495,0.0065708132,-0.02913264,-0.04395242,-0.020357938,0.015657248,0.0026802141,0.99999887,-0.03586029,-0.100088805,0.005078251,0.013421269,-0.06259384,0.02287011,-0.057313967,-0.013279899,0.00037927262,-0.0056676543,1.0058488e-05,0.024237173,0.010839245,0.04637374,0.03728075,-0.036112484,0.01898177,0.010412554,0.008195148,0.0013658869,-0.022012888,-0.011450425,-0.04102013,0.057101253,-0.008484468,0.0026782283,-0.016156934,0.021121083,0.019094938,-0.008885321,-0.008099709,0.062911086,0.032524932,-0.016955333,-0.017306041,0.009786797,-0.04771249,-0.05401611,-0.07206278,-0.019693047,-0.0321069,-0.0183413,-0.02130943,-0.035226952,-0.013279864,0.005911142,-0.01898746,0.030570075,-0.020133998,-0.058505926,-0.04273904,-0.035353754,0.033210035,-0.003333821,-0.04604387,-0.03478742,0.05380578,0.0076714135,-0.0351473,0.046918757,-0.015304624,-0.004064403,0.014479303,-0.0062013953,-0.029918054,0.008218245,-0.01583989,-0.010309152,-0.022758445,0.03784189,-0.010114384,-0.05664019,0.02940867,-0.024603678,-0.02303905,-0.03246495,-0.020066824,-0.013279983,0.022435898,0.053819172,0.0032369385,0.02168187,-0.051341303,0.014479287,0.04780451,0.009930074,-0.061954632,-0.0018027952,-0.025513757,-0.06508527,0.012754937,0.0034326199,-0.00151024,-0.05535982,0.00058577745,-0.018987337,0.0049718665,0.07307173,-0.019555718,-0.009605649,-0.021939209,-0.021680003,0.016455287,-0.077332005,0.021814391,0.02604587,-0.025733141,0.0053121033,-0.027260516,0.016201958,0.012663542,0.012225514,0.009798352,-0.025009021,0.055548582,0.0050926195,-0.04518521,0.022299273,0.014082639,0.037583206,0.0338966,-0.008885229,-0.048262637,-0.019829974,0.016239583,-0.007130656,-0.008087061,0.06383445,-0.03183235,-0.041602734,0.015658835,-0.016722646,-0.065480255,-0.04677951,0.024302904,0.06717643,0.030262332,-0.0124100745,-0.032373555,0.04636947,-0.014817881,-0.020357786,0.019162072,-0.009225704,-0.01773678,-0.0050457893
10:96114835:G:A,-0.030203816,0.027531069,-0.040817875,0.05326275,-0.01353617,0.03110745,-0.06373507,-0.0044574374,-0.0104520405,-0.0037764513,-0.036662403,-0.010234406,-0.00406337,0.020893352,0.025091168,0.032514013,-0.05329179,0.0101449145,-0.025706364,0.051073175,0.0031187672,-0.0056607663,0.0063712243,0.00025486716,0.0036024544,0.03774434,0.022962334,-0.0036487095,0.043327373,0.06661348,0.00589237,-0.03586029,0.999999,0.0043985248,0.03103311,-0.0019927674,0.023051659,0.016358204,-0.0065292832,0.0045454702,-0.003373728,-0.035762634,-0.012977541,0.008519054,0.028000917,0.039488487,-0.0045146444,-0.016124086,0.029025476,0.062030792,0.0064774463,-0.00732368,0.020270856,-0.035594963,-0.05515487,-0.0029525852,0.012389199,-0.014955426,0.014379088,-0.021441178,0.017200956,0.007854988,-0.010508689,0.046898626,-0.03938681,0.009302132,-0.022712898,-0.045300797,0.010112494,-0.021316588,0.00429327,-0.01783178,-0.01989192,0.007616334,-0.04870581,-0.027413366,0.004545481,-0.0061188107,-0.02331955,-0.0027609968,0.005534704,-0.0048117186,-0.007344053,0.032811828,0.022385681,0.008462205,0.024379669,-0.049208645,0.047345687,0.03178509,-0.058086473,-0.011308013,0.059318546,0.051827565,-0.0014560797,0.019663377,0.032991786,-0.0066481126,-0.045804776,-0.016515564,0.012756883,0.05652927,-0.028740052,0.078575924,-0.044346713,-0.042506192,-0.061862696,-0.023236724,-0.041018907,-0.020579735,-0.04118178,-0.04744013,-0.040521223,-0.06910635,0.029670741,-0.001456074,0.0031843102,-0.000752805,-0.013381463,0.048570365,-0.063388884,0.020384688,-0.037969794,-0.0048257126,0.06492594,-0.01575485,0.007586584,0.009654514,0.0014909781,-0.00071491,0.017118707,0.026225412,0.01262082,-0.047639996,0.044078622,0.037338413,0.016132638,0.006092045,0.016008213,-0.0057478654,-0.025945887,-0.016138945,-0.050822366,-0.03118266,-0.052036915,-0.027172199,-0.046153773,0.024665963,-0.010180401,0.015565196,-0.025113484,-0.07439993,-0.018814301,-0.044132765,0.007855215,0.03674593,-0.04250614,0.0024405997,0.035973314,0.0052155335,-0.009707895,-0.012769569,-0.025448965,0.038302537,0.02492114,0.01850141,-0.054821227,0.0020698064,-0.035716757,-0.03612917,0.0014561261,0.008057021,0.0010330242,-0.040817995,0.03340818,0.0730811,0.050838552,-0.00087205885
10:101271789:A:C,0.0022689719,-0.036195114,-0.012254499,0.029009769,0.028921206,0.023539096,0.03619429,0.01689476,-0.0152758695,0.030191548,-0.03369096,-0.0147075625,0.015936613,-0.03987232,0.006388565,0.05722297,0.0038233425,0.044704355,-0.014652093,-0.037520915,-0.030839315,0.025337588,-0.020860428,0.016599404,-0.0012356709,-0.02668044,0.053237062,-0.0048632394,0.025331203,0.008325789,-0.016379945,-0.100088805,0.0043985248,1.0000015,0.024384074,-0.01941565,-0.038219385,0.014406379,0.0025348854,0.036780905,-0.021656737,-0.002890257,0.019633343,0.014762774,-0.045757998,0.0036343907,-0.0016489077,0.007772265,-0.033480234,-0.060824104,0.0044353437,0.014202987,-0.024745248,-0.010757577,-0.03318159,0.012482673,0.0069120545,0.0067189545,0.04097665,-0.05946481,0.023181943,0.027388219,-0.05080858,0.03464423,-0.024706233,-0.040599708,-0.012910913,-0.020321377,-0.016419392,-0.039545864,0.042089988,0.03720255,0.009400999,-0.030265924,-0.009346367,0.009005073,0.053615198,0.043574173,-0.009948909,-0.01888296,-0.066605166,-0.015997801,-0.012949751,-0.010833224,-0.035617564,0.0019133511,0.040419444,-0.03597304,-0.008103296,0.016163299,-0.08417858,0.03476546,-0.03987219,-0.031325053,-0.025175396,-0.004324552,-0.007584108,-0.034644682,-0.015151081,-0.02311358,0.037294865,-0.008709075,0.0088573,-0.017081747,-0.023006067,-0.018782882,0.00232657,-0.027930913,0.0019090617,-0.013721842,-0.02653361,0.021557711,-0.009412168,0.014339734,-0.013721852,0.0064825644,-0.061529752,-0.009773691,-0.00021138936,-0.03217868,0.05173155,0.011097891,0.0013898867,0.010167759,-0.027811827,-0.0018599185,-0.028552849,-0.016285144,0.05782799,0.015997693,-0.018423261,-0.009949001,0.009996662,0.013001569,-0.008787741,-0.036589764,0.02686882,0.008180158,-0.027223865,0.00065357896,-0.047396712,0.031129176,-0.009437122,0.0045116334,-0.0007068171,-0.015054223,0.05081951,-0.026160307,0.05641317,-0.035458457,0.07028468,0.04492542,-0.019764742,0.044804588,-0.024860714,-0.033058587,-0.036847465,-0.01800161,-0.04613832,-0.006005781,0.034539327,-0.031047363,-0.012633713,-0.00048815948,0.010382979,-0.060979653,0.013931186,-0.016340729,-0.024598632,0.017972186,-0.038140535,0.012003514,0.026873097,-0.049840044,0.02302584,0.020402212,0.0013587162,-0.021521818
18:41995504:A:G,0.07282313,-0.06647141,0.0025947765,-0.0428748,-0.051580027,-0.058801956,0.004216163,-0.0019304247,0.022877162,0.024144886,0.02781574,0.000194744,-0.007907996,-0.060329396,-0.037697393,0.079796605,-0.012760468,0.011336942,-0.031797547,-0.007419955,-0.07927871,-0.02617131,-0.0065231775,-0.015407641,-0.030393343,-0.0222658,0.070923865,0.01819765,-0.022505345,-0.02517338,0.091676965,0.005078251,0.03103311,0.024384074,0.9999985,0.020763813,-0.0021096596,-0.059113197,-0.043413565,-0.008336458,-0.004255971,-0.0083046155,-0.06943996,0.05354759,0.0042161136,0.022737762,0.019884031,-0.08384406,-0.022317888,-0.020398492,0.004140531,0.009517963,0.007334172,-0.0045668366,0.03344372,0.023610303,0.0188326,0.039518155,0.003174961,0.047874004,0.024650337,-0.0049482253,-0.045768034,0.024484478,-0.054288086,0.007153589,0.003273833,0.0020012052,-0.043411355,0.0009223104,0.006650993,0.0040971464,0.04058185,-0.042106327,0.048902646,-0.055135388,0.014147652,0.016115293,-0.0030300603,0.011100105,-0.0034866338,0.0047181905,0.0054181414,-0.022654764,0.004815981,0.034469716,0.036181286,0.047653135,0.045864336,-0.04704219,-0.044223994,-0.0044944487,-0.0087503325,0.018295482,-0.03566294,0.05424882,0.007609314,-0.032282095,-0.025788605,-0.029583083,0.024639701,-0.0332201,0.0094171995,0.014846889,-0.007047788,-0.02544659,-0.038295224,0.006260884,-0.012185073,0.014147634,-0.023432467,-0.037535466,-0.04267993,4.165272e-05,0.10408362,0.0066198003,-0.014832164,0.03239952,-0.014184902,0.0027664837,-0.0067832437,-0.015068227,-0.027170198,0.02487525,-0.040335044,-0.0116363745,-0.025389407,0.012978495,-0.0018020477,-0.038357172,-0.02954035,-0.05845116,0.008067166,0.027966283,-0.0090559535,-0.051164534,-0.04918427,-0.009055889,0.013840231,-0.018085234,-0.032712486,0.010117154,-0.029811572,0.03991761,-0.025955917,0.04430002,0.007870694,-0.011580372,0.009885906,-0.020077735,0.046796545,-0.0026433435,-0.0058028377,-0.051471207,-0.0049481816,0.0027099908,-0.025446586,-0.021519685,0.05219885,-0.06252767,0.017105471,-0.022505224,0.025338084,0.018235711,-0.022596583,-0.04910418,-0.038946204,-0.00089515414,0.03572818,-0.04866629,-0.0066199037,-0.03614683,0.042893633,0.027694736,0.0035680213,-0.019074704,0.041811306,0.060556535
16:88092092:T:C,-0.021602198,0.013831186,0.02301468,0.025781475,-0.019443672,0.022442121,-0.02551517,0.047102716,0.00986461,0.03752322,0.058731813,-0.010170837,-0.01994319,0.01241822,0.027967762,0.0057687415,-0.0017585614,-0.027511057,0.012103277,0.056359425,0.0061201504,-0.044523995,-0.0052308324,-0.030425444,-0.0015690315,0.056257404,0.020246575,-0.026552763,0.023014665,-0.0033652098,0.0033825936,0.013421269,-0.0019927674,-0.01941565,0.020763813,0.9999985,-0.02292401,-0.014090755,-0.03153409,0.0042736726,0.020544501,0.0022418615,-0.06099494,0.048145484,0.024716245,-0.0029842725,0.002520749,0.06792998,-0.02400991,-0.02797668,0.018343465,-0.040580235,-0.011317183,-0.009440864,0.07589889,0.0054864427,-0.086591125,0.0010711758,0.038786277,-0.0155532705,0.036659494,-0.0018037624,0.014494007,-0.08841509,0.08020954,0.012014076,-0.068622954,0.020217337,-0.017310726,0.035641093,0.00066546514,-0.06685929,-0.046923958,-0.056541678,-0.00083584187,0.018042661,-0.030120436,-0.004597744,0.0063036694,0.023745006,-0.038880613,0.0043720193,0.0017222897,-0.0014993392,0.014192115,0.026243366,0.0060902154,0.015016167,-0.003537028,-0.033244066,0.022614427,0.025073325,0.03214354,0.02530271,-0.017005872,0.024321068,0.021570992,-0.036899928,0.014288683,-0.02606056,-0.028665358,0.0058676144,0.020137846,0.016707435,-0.040580243,-0.026782174,-0.010090958,0.012887828,0.044051416,-0.012923383,-0.005380776,0.01442291,0.003523597,-0.0008224454,-0.012923427,-0.0008357898,-0.036517836,-0.019677084,0.09463541,0.018113958,-0.026745338,-0.072488554,0.02299027,0.001718581,0.040098153,0.03963412,0.0038908685,0.005072029,-0.00923188,0.0050211945,-0.0038737294,0.014781517,-0.023080153,0.026057782,-0.0113202,0.0253522,0.020571057,0.02334676,-0.012825804,-0.011937772,-0.012248451,0.014881158,-0.022554807,-0.014571,0.026729349,0.020411253,-0.031314354,-0.027223147,-0.032269467,0.025234045,0.026350401,0.046979483,0.0049637877,-0.0018037966,-0.001803751,0.022095855,-0.0083281575,-0.0074821147,-0.009231917,-0.011365694,0.046150766,-0.0153811565,-0.03086235,-0.0014796942,0.051089384,-0.06128816,-0.07282916,-0.021415366,0.029957782,0.036896117,0.049346518,-0.05206328,0.042658005,0.023014637,0.024722645,0.008336821,0.08293877,-0.021997739
15:42032383:C:G,0.044597816,-0.011432094,0.064963706,-0.019818943,-0.023388213,0.035015818,-0.010419134,-0.007802892,-0.015659228,-0.022259079,-0.04253989,0.05416092,0.019109998,0.023983683,0.04048509,0.009473727,0.018564288,0.051872797,-0.015664287,-0.005893313,0.019751953,-0.004892128,0.008022209,-0.0059663006,-0.017842628,-0.0023908778,-0.002731864,-0.011587673,0.04609707,0.02963145,-0.039979324,-0.06259384,0.023051659,-0.038219385,-0.0021096596,-0.02292401,0.9999985,-0.040710837,-0.03710611,0.022040788,-0.02412821,-0.062027894,0.021025695,-0.026222939,0.0060355267,0.009968192,-0.03808518,0.002906931,-0.009711034,0.0044689924,0.055492602,-0.03277532,0.031141108,-0.025343573,0.02627315,-0.03078277,-0.0061807428,-0.012100041,-0.032704644,0.03181408,0.0356387,-0.005527051,0.033371545,0.016195556,-0.035369966,-0.015267723,-0.0350136,-0.007291156,0.029030886,-0.060650244,-0.023756277,0.015765121,0.032972552,0.04699474,0.056329418,-0.03293554,0.0051405425,-0.020406349,0.01931307,-0.01299079,-0.016214466,-0.056317724,0.011223295,-0.0644632,0.0018144047,0.0040179216,-0.016757896,-0.04726541,-0.00093821675,0.008430256,0.008287641,-0.0048856195,0.0110604465,-0.028548842,0.024547461,0.008793092,-0.032220714,0.0023865385,-0.024628645,0.0052740434,-0.026597736,0.0055135475,-0.042232998,0.006463264,-0.020323614,-0.016981617,0.04745688,0.018373623,0.033854548,-0.04555998,-0.020831553,0.021868484,-0.004923755,0.015814833,-0.011759662,-0.023125693,0.018752035,0.023388226,0.014561544,-0.029712126,0.012387358,0.050936304,0.011717028,0.0325672,-0.02278479,0.0005159296,-0.002221159,-0.028283183,0.030041762,-0.0392738,-0.010856095,0.027644562,-0.014289188,0.025836138,0.054996993,0.0863154,-0.010383711,0.037962697,0.036135968,-0.042085044,0.0031547016,-0.006997302,0.023601439,-0.0334538,0.03957644,-0.02835268,-0.061704047,-0.05116351,0.034741983,0.087048784,-0.022021173,-0.034746114,0.030874286,-0.0055267476,-0.0055269073,-0.041477732,0.019289352,0.0011586876,0.064832956,-0.002149898,0.023515956,0.027230762,-0.004725142,0.02543707,0.025230398,-0.010557101,0.005926473,-0.0017634346,0.03302571,-0.050396055,0.007234549,-0.01476565,-1.7176286e-05,0.008364221,0.010491495,0.020482171,-0.009102309,0.026309814
8:21846586:G:C,0.0019699514,-0.032734558,-0.0040525533,0.022817254,0.04922626,-0.00543588,-0.0074865078,0.038672812,-0.024371946,0.028341308,-0.077287436,0.02074474,-0.033777054,0.04766124,-0.013814802,0.022140397,0.023635248,-0.034954995,0.012065235,0.051711626,-0.019867979,0.05519908,-0.037127774,0.012473677,0.016174963,0.0059483103,0.023796733,-0.027790014,-0.060155332,0.03262741,0.0044503375,0.02287011,0.016358204,0.014406379,-0.059113197,-0.014090755,-0.040710837,1.0000011,-0.020750212,-0.033853527,0.035635367,0.043969274,-0.06827419,-0.00065541716,-0.011564102,0.02022877,-0.07250407,0.00042547047,-0.002623244,-0.01701488,0.023373913,-0.035039615,-0.018375631,0.026449786,0.020470776,0.052317634,-0.06287419,-0.0015910447,0.029341994,-0.016146364,0.037025243,0.01006108,0.011706999,-0.01887703,-0.022080174,-0.023001231,-0.05947984,0.015303779,-0.015468298,-0.02397529,-0.024884788,0.053721543,-0.004578757,0.036178447,-0.019274453,-0.019854948,-0.017101603,0.045840774,-0.017263813,-0.03402389,0.043725207,-0.066385634,0.023487052,0.015189618,-0.054001812,0.021821683,-0.08405094,-0.0064153587,0.061606064,0.039289072,-0.016405275,-0.030777246,0.0028269077,-0.04579884,-0.019274455,-0.032139156,0.022148939,-0.02807283,-0.04174494,0.050538603,-0.016060835,0.0030109372,0.043976862,-0.019039143,-0.022697292,0.0212465,-0.027018793,-0.002121824,-0.02953165,0.016402299,-0.00229956,0.05042373,-0.00634284,0.035798825,-0.067357376,0.012228749,-0.0336083,0.012699374,0.01594027,0.043146573,0.041744858,-0.02411334,-0.012700997,0.0008452928,0.013335984,-0.0066403043,-0.006514565,0.0052654846,0.014917717,-0.036663465,0.013283475,-0.0007470054,0.00071432465,-0.02242749,-0.0024169136,0.036329348,0.05771058,-0.0446289,-0.03066099,-0.003638953,-0.032457896,-0.027018437,-0.0053887204,-0.029024715,-0.01107078,0.017995007,-0.029434357,-0.011301446,0.015909804,-0.0063602645,-0.053500578,-0.062033456,0.0049428367,0.044723384,-0.007270182,-0.06912607,-0.014706201,-0.0023041207,-0.008073089,-0.016142389,-0.003215809,0.014648438,-0.05407743,0.00018629614,-0.014421088,0.048248906,0.06791651,0.020308962,0.05814105,0.07638985,-0.027980423,-0.04150107,-0.01916142,0.052050374,0.004565501,0.010151254,0.013675428,-0.010504894
20:62322290:G:A,0.030542774,-0.05250186,-0.011009446,-0.020776413,-0.014442306,0.003589855,0.029326381,-0.008179873,-0.03313703,-0.04127188,0.0019075783,0.01866809,-0.019023575,-0.035821233,-0.031023372,-0.016640253,-0.039691336,-0.042763446,-0.030118708,-0.035643566,-0.013490734,-0.038591467,0.0046990598,-0.009267856,-0.012591234,-0.010828043,-0.026005184,0.0679656,-0.011009459,0.015244424,-0.04363917,-0.057313967,-0.0065292832,0.0025348854,-0.043413565,-0.03153409,-0.03710611,-0.020750212,0.9999948,-0.012327683,0.041613773,-0.024096867,0.0030407882,0.020750089,-0.031046988,0.025791844,0.039616786,0.009023246,-0.020914856,-0.020653695,-0.017567335,-0.016954305,0.058961276,-0.028087405,-0.033841167,-0.0077484758,0.0049863476,-0.028675312,-0.030881204,0.017998949,0.024807194,-0.01190361,-0.024327789,0.01264961,0.008417142,-0.005644058,0.0025494036,-0.022331923,0.030433211,0.034493078,-0.015326984,0.058510967,-0.021429278,0.012452858,-0.013136977,0.046921242,0.07035023,-0.006952644,-0.026334917,-0.04200226,-0.008387582,-0.0045865327,0.021061921,0.009737175,0.0257023,-0.045346353,-0.01756742,-0.028770799,-0.03396937,-0.01900933,-0.024648814,0.012110236,-0.03582114,0.047579676,-0.013136925,-0.0069150045,-0.03808708,0.038293518,0.042623002,0.003938843,0.0012145852,0.03375041,0.030562745,0.0031110046,0.043960404,-0.011464774,-0.0030004773,-0.012092792,0.06559352,-0.012327664,-0.056766532,-0.03747907,0.03652611,0.046570353,-0.012327671,0.064602934,-0.007748345,0.084971875,0.04011396,-0.02655942,0.01726328,0.067813694,0.048841283,-0.06577603,0.038806707,0.05092172,0.07179993,0.05545679,-0.041450895,0.006272232,-0.030927943,-0.02633492,0.040626906,0.03710819,-0.02567903,-0.005759128,0.022885641,-0.025679177,0.0039796396,-0.065938555,0.027028723,-0.015244482,-0.012955753,0.04616645,0.008866244,-0.0135246795,0.0031109408,-0.01532703,0.014316846,-0.013902395,-0.001915061,-0.0054586367,-0.0057748314,-0.01190361,0.07363232,-0.04881155,0.077255145,0.035161473,-0.04145089,-0.005688836,0.078406416,-0.011009509,-0.023166208,0.012308173,0.0041644764,-0.008194555,0.0046175285,0.038935017,-0.003911172,-0.034023687,-0.14234303,-0.04308899,-0.051281217,-0.011009533,-0.062381096,-4.7779367e-09,-0.013571446,-0.040454756
3:72891547:A:C,0.037501622,0.06451465,-0.013517791,-0.025509732,0.0111332005,0.024382286,0.019535,0.009312475,0.026381653,0.029265007,-0.03972942,-0.009832819,0.021400157,0.0077677565,0.019969175,-0.020431431,-0.0029319848,-0.007068637,0.01207331,0.008184881,-0.025083678,0.0026352552,0.0057698567,-0.0200128,-0.050488517,0.0463067,0.026081037,0.03048441,-0.013517798,0.007387793,-0.033771582,-0.013279899,0.0045454702,0.036780905,-0.008336458,0.0042736726,0.022040788,-0.033853527,-0.012327683,0.999997,-0.007885412,0.11472573,-0.023483848,-0.033154234,-0.06282971,0.014086495,0.0006676782,-0.074523576,-0.025679937,0.01612262,-0.021569679,-0.020816969,0.00777258,0.0003460962,-0.014495842,-0.042573765,-0.018514084,0.043326937,-0.028166028,0.01110458,-0.041469872,-0.014615574,-0.029870294,-0.00926967,0.025669053,0.010032526,-0.01353053,0.004141185,0.037366856,-0.025763147,-0.018818995,0.037475113,-0.026311621,-0.03338585,-0.01613007,-0.004026236,-0.0151361795,0.024557266,0.0010278339,0.02974647,-0.010298518,0.002579033,0.036513634,-0.010194216,-0.02299095,0.059682425,0.026650615,-0.025404636,0.0322495,0.018648911,0.027870456,-0.018042663,0.007767699,0.017298592,-0.016130144,0.00075354154,0.027322095,-0.026811471,-0.021196354,0.050390277,0.04317303,-0.052835014,-0.028443461,-0.017178103,0.029044861,-0.014076891,-0.043107428,-0.0062927636,-0.0016003367,-0.015136206,0.05212337,0.038398314,-0.03158892,0.048135653,-0.015136203,-0.016130082,-0.009513747,-0.011133238,0.02552314,0.01996363,0.021196349,0.01442484,0.033784658,0.010507614,0.018910766,0.004788006,-0.010949375,-0.017963836,-0.004454579,-0.009289049,-0.020742781,0.034390815,-0.012070422,-0.02828732,0.036682665,0.020501863,-0.047618866,0.002576487,-0.028897101,0.008344646,0.0077013723,0.10590804,0.059223082,0.022831917,-0.03309522,-0.016606025,0.0038196878,-0.01881901,-0.051501166,-0.017069709,-0.022568109,-0.006702177,-0.0333156,-0.01461558,0.055400126,-0.019208256,-0.014076823,-0.040189475,0.018765314,-0.02666831,-0.0036243487,0.062031735,-0.018008377,-0.001341098,0.0689574,-0.018291084,-0.040032275,0.024436885,-0.043764576,0.039044082,0.01613001,0.014894305,0.032066565,0.062031735,-0.0034707428,-0.008201953,-0.028208937,-0.0260453
18:704826:G:A,-0.004529947,0.0019367086,-0.03337942,0.011348251,0.03587682,-0.015227674,-0.09054076,-0.05853824,-0.104642056,0.029135797,-0.012549856,-0.005249424,-0.05767732,-0.018403465,0.045092944,-0.00622109,-0.020545822,0.008945337,-0.027189048,0.016437788,0.03705662,-0.022554385,0.116158724,0.020806942,-0.01273506,0.013920324,0.018659288,-0.024739755,-0.00045817642,0.031407952,0.00580924,0.00037927262,-0.003373728,-0.021656737,-0.004255971,0.020544501,-0.02412821,0.035635367,0.041613773,-0.007885412,0.9999986,-0.0573373,-0.042174853,0.059261654,-0.018758927,-0.0060773157,-0.005319855,-0.06216689,-0.009804765,0.009684791,0.0728117,-0.0079480065,0.056737766,-0.054799747,0.07424103,-0.0018830741,0.04732402,-0.018494494,-0.012898729,-0.05562823,0.025957797,-0.03609012,-0.042581696,-0.066118255,-0.04798292,-0.046677623,0.051289815,0.019394502,-0.0004724835,-0.014147413,0.001354842,0.05759426,-0.012542369,0.03068452,-0.012100324,-0.022732096,-0.007885292,-0.02107937,0.05099902,-0.052537866,-0.025429957,0.0111387605,-0.0057774126,-0.009085958,0.0066159824,0.0055889213,-0.011237245,0.04679018,-0.020630917,0.026532302,0.044693798,0.05105821,-0.040953822,-0.017014002,-0.03982971,-0.0008247656,-0.04014612,0.012436666,0.03310248,-0.04760963,0.009737515,-0.029132223,-0.03669744,-0.008867976,-0.02967548,-0.03475973,0.008082964,-0.047847014,0.019909801,-0.037375573,0.032648675,0.05557938,0.019145386,0.011134062,-0.007885422,0.015628615,0.026929053,0.0060517048,0.007873559,-0.004159817,0.009618589,0.0076214285,-0.068709396,0.057281166,-0.020090593,0.01421903,0.051110353,0.0056409463,0.026100155,-0.032808337,-0.041208122,-0.0071533537,0.01904554,0.008814705,-0.04813172,-0.05350737,-0.029598398,0.011316292,-0.01001659,-0.0987357,-0.032808322,-0.0017863729,-0.022910513,-0.007544345,0.00771563,0.066841,-0.03631772,0.0013549303,0.0032714526,0.010361074,0.011813251,-0.007958739,0.016774356,-0.0055804946,0.024929045,-0.06813455,-0.034759764,-0.014479603,-0.034609005,-0.008670921,-0.059734013,-0.03337938,0.016164644,0.022977272,-0.007245534,-0.006915251,-0.061676417,0.0060328064,-0.028836733,0.014236424,-0.07108656,0.026930615,-0.0011301605,-0.033379406,0.03391459,-0.046462655,-0.03611655,-0.009404842
20:62377158:C:G,0.023791838,-0.03891315,-0.026423281,0.028089877,-0.019273903,-0.03397757,-0.026214425,0.0010050765,-0.0029144464,0.028793829,-0.032802895,-0.030861054,-0.045657896,0.024379471,-0.058981806,0.01417319,-0.02200958,-0.029965753,0.058467362,-0.03015842,-0.00058692513,-0.039291088,-5.6474302e-05,0.009973318,-0.023994906,0.031205129,0.048035726,0.021939823,-0.026423303,-0.0056915623,0.021992883,-0.0056676543,-0.035762634,-0.002890257,-0.0083046155,0.0022418615,-0.062027894,0.043969274,-0.024096867,0.11472573,-0.0573373,0.99999684,-0.03623099,0.0006834189,-0.008650922,-0.04119938,-0.020007914,0.03991019,-0.028336372,-0.049570072,0.009250146,0.012471677,0.038159408,0.10899861,-0.009104084,0.043088533,-0.00992205,0.028868651,0.0038547246,0.0021674898,-0.02263043,0.008756381,0.05603751,-0.009305085,0.06107499,-0.040674057,0.023882417,0.019311728,0.002128798,-0.04430761,-0.007531484,-0.0061373487,-0.05143159,-0.013361599,0.002394122,0.004647473,0.0064911284,-0.016686762,0.007938114,0.0003447541,0.03247033,0.04589377,-0.034640536,0.023370175,-0.0061665545,0.009433016,0.03495647,0.010283885,-0.024577992,0.012576351,0.024962611,-0.00602585,0.02437953,0.048428632,-0.031529613,-0.051092174,0.013911221,0.008815934,0.010832357,0.05316645,-0.03411821,0.06089928,0.055767693,-0.0037274617,-0.04069108,0.011198823,-0.028216934,-0.033583928,-0.035239365,0.04256946,0.030756777,0.036055557,-0.03458164,0.058732264,0.0064913784,0.0023942054,-0.02740903,-0.0115032345,-0.04288155,-0.017032007,0.041432716,0.05266164,-0.01771454,-0.038437422,0.031858366,0.029878333,0.02891548,-0.035114333,-0.00045533906,0.00599639,0.04519076,0.02572393,-0.0393217,-0.020297961,0.0110973045,-0.038321935,-0.012349426,0.011097309,-0.017463995,0.003615704,-0.012118765,0.029850898,-0.031094188,0.03861424,0.02127886,0.0335093,0.029854355,0.021722415,0.0098107625,0.030876145,-0.015373654,0.04995859,0.02808154,0.008756274,0.008756246,-0.019454965,-0.02751623,-0.04893174,0.011923291,0.059798654,0.019542217,-0.026423313,-0.050036825,0.0032260113,0.063479505,0.0022675477,-0.0035359731,0.031156844,-0.0024639035,0.018872894,0.03152963,-0.043174874,-0.026360804,0.013852258,-0.0035359568,-0.0043724873,-0.038727496,-0.046712834
17:8136816:A:G,-0.017119603,-0.022000097,0.011436593,0.01635532,-0.0015078173,0.05803738,-0.0036704405,-0.0029198348,-0.028599896,-0.0073414617,0.021079881,-0.01197685,-0.02423931,0.016399307,0.029632995,0.030893192,-0.023935644,-0.014459374,-0.036752902,-0.023329657,-0.004868009,-0.030243535,-0.019322662,0.00438095,0.059412412,0.0031515884,0.024940878,-0.015377432,-0.029075366,-0.02636663,-0.030442806,1.0058488e-05,-0.012977541,0.019633343,-0.06943996,-0.06099494,0.021025695,-0.06827419,0.0030407882,-0.023483848,-0.042174853,-0.03623099,0.99999946,0.045816567,0.009579602,0.015004032,-0.019716335,-0.026510496,0.021726852,0.025162797,0.031178055,0.03989372,0.0018944658,-0.007556885,-0.047057383,0.007753759,-0.052151743,0.04756927,-0.0111431675,0.024146967,0.0014131203,-0.018921502,-0.038671147,0.017891059,-0.03560467,-0.007477439,0.04827615,0.0010094926,0.038288,0.04726345,0.035539165,-0.041125122,-0.049424987,0.019545937,0.05345691,0.012325296,0.03095143,-0.05370577,0.03033883,0.07464095,-0.026560128,-0.02018453,-0.045110952,0.016411461,0.049352683,-0.062020835,0.0053207777,-0.031825203,-0.035804167,-0.04990223,0.0027446493,-0.03287618,0.009461637,-0.085589424,0.002272444,0.017758068,-0.08182529,0.04145254,-0.04340068,-0.03079918,0.009168506,-0.020231389,-0.004922892,0.021915076,0.03989363,-0.014051723,0.03177345,0.027242135,-0.054044947,-0.023483751,-0.014443679,-0.07664743,-0.016083498,0.0082054995,0.012806285,-0.031850554,0.021049643,0.016986763,-0.023856,-0.034432072,-0.04860024,0.0048581213,0.036316615,-0.023325417,0.009512475,0.02287896,-0.027515838,0.015198585,-0.019196905,0.01595752,-0.0365561,0.02139395,-0.013728337,-0.02769539,0.0022907578,-0.029503096,0.03637859,-0.015998118,-0.021042038,0.014223847,0.015957471,0.03244182,-0.019442845,-0.011350021,-0.024146846,-0.019128704,-0.023123719,0.020826384,-0.018165587,0.009056951,0.022587122,-0.05353082,-0.1274404,-0.00014929887,-0.00014921719,0.014674111,0.0054195295,-0.020632476,-0.07522772,0.029482367,-0.0061590085,-0.049331576,-0.016598817,0.025740698,-0.09301211,-0.020906184,0.022324197,0.02304409,-0.03725812,-0.027255075,-0.053456903,-0.005734283,-0.012820406,-0.008819263,0.017422846,0.008796324,0.00832009,0.07369844
16:70352401:A:C,0.071598224,0.024220899,0.0040525235,0.0013132326,0.017463103,0.025213195,-0.0006687793,0.05715193,-0.013574563,-0.022687646,0.0078605255,0.022496326,0.00053964497,-0.060471117,0.0066284393,0.028109446,0.026249884,0.057449352,0.04136163,-0.025993222,-0.022307957,-0.055198997,0.068704955,0.06018486,0.030068763,-0.029553538,0.029539023,0.014679067,-0.03334939,0.023461478,-0.024064815,0.024237173,0.008519054,0.014762774,0.05354759,0.048145484,-0.026222939,-0.00065541716,0.020750089,-0.033154234,0.059261654,0.0006834189,0.045816567,1.0000008,0.044184815,-0.011524639,-0.022499476,-0.00466335,0.02292421,-0.013789565,0.048242655,0.022697266,0.023707492,0.0037282459,0.013014683,-0.003217242,0.0018912244,0.014551025,-0.0052062375,-0.00018386352,0.03928055,0.041932486,-0.055982437,0.0025060882,-0.031060295,-0.010588639,-0.051871363,-0.020512,-0.050384946,-0.089834064,-0.015865281,-0.05372148,0.014506108,0.0039842916,0.019274648,0.028573418,0.03385361,-0.037649028,-0.01576983,-0.01070697,0.005122802,0.0094790105,0.06617285,-0.03712103,0.017994676,0.022109762,-0.023373874,-0.03287769,-0.020923564,-0.010187003,-0.028821617,0.010410431,-0.060471125,-0.003059693,-0.043732077,0.027562752,-0.022148883,-0.008477628,-0.067460485,-0.023475884,0.022939207,0.0016562906,0.03358832,0.05542261,-0.014329982,-0.021246422,-0.025027229,0.0063569807,0.0010671193,-0.049906246,0.05830211,-0.021169877,-0.0031174084,0.03136564,-0.016402287,-0.027980369,-0.011400663,0.0063545094,0.04279956,-0.06917422,-0.005343188,-0.03723031,-0.04347179,-0.0049528694,-0.041789852,0.03113967,-0.0004946575,-0.033667717,-0.032160778,-0.01380419,-0.01754876,0.07507256,0.016811958,-0.014133335,0.019301591,-0.018128455,-0.011894875,0.06151368,-0.040420055,0.061115008,-0.03483235,-0.0571148,-0.017857665,0.024834847,0.038287807,0.012635985,0.0034461345,0.024884818,-0.044409204,-0.038383808,0.003457346,0.008353287,-0.04389209,0.0072701573,-0.06205455,0.008642671,0.06863522,-0.025208814,-0.014917731,-0.0033467677,-0.09569295,0.041454475,-0.054416332,0.04461413,0.055058714,-0.052322973,0.022585066,-0.008740036,-0.032422803,-0.003036158,-0.035026293,-0.014441782,0.023438606,0.0040525543,0.03616013,0.030453796,0.020618368,0.01050493
7:128576086:T:C,0.007725839,0.046444856,0.010090373,0.008957269,0.037594568,-0.052882474,-0.014448348,-0.015117881,-0.029798817,-0.05279285,-0.028373666,-0.0016959835,0.011988343,0.0139361685,-0.006897718,0.009074536,0.005607567,-0.06311075,0.013753732,0.004217112,-0.019569965,0.014672231,-0.0058594584,0.020262292,-0.101575114,-0.02141242,-0.035471585,-0.01716861,-0.026688598,0.015811674,-0.03185069,0.010839245,0.028000917,-0.045757998,0.0042161136,0.024716245,0.0060355267,-0.011564102,-0.031046988,-0.06282971,-0.018758927,-0.008650922,0.009579602,0.044184815,1.0000001,0.056816816,-0.018793281,-0.09619973,-0.09062616,0.03407525,0.027838135,0.07622317,0.045056336,-0.007324101,-0.031546507,0.06705264,-0.07253292,-0.010039434,0.057258453,-0.009002812,0.009278752,0.010909943,0.013589408,0.020602882,0.04155488,0.0014570307,0.03862323,-0.0071884533,0.04787192,0.017296841,-0.0059880763,-0.022675766,-0.019407732,-0.05011721,0.019784922,0.070162825,-0.029883847,0.04624659,0.020076098,-0.020445202,0.043713175,0.0042036464,-0.0016703164,0.00024114196,0.018046813,-0.035766475,0.03957536,-0.02386111,-0.033674,0.01864895,0.0056104623,-0.022715418,0.0013397292,-0.026792321,0.050763372,-0.026513185,0.007857373,-0.0023500693,-0.0020756277,0.004373562,0.0063266363,0.009913412,0.028591532,0.03650399,-0.0330083,0.0016693352,0.012985517,-0.0064084358,0.011057879,-0.029883849,0.0050068013,-0.0223614,-0.001382483,-0.014062658,0.019534973,-0.042172186,0.0026757172,-0.004805337,0.056808583,-0.008929956,-0.009856266,0.0336921,-0.006948014,-0.03625282,0.021791361,0.002314972,-0.022383502,0.034356054,-0.010051114,0.033125896,-0.010660826,0.09316386,-0.002766825,0.03869174,-0.026275333,-0.011724222,-0.023022998,0.0069318092,-0.053397655,0.0126105305,-0.037179165,0.017280998,-0.03750202,-0.033660546,0.0036500487,-0.017725285,-0.024828833,0.03408324,0.04965327,-0.009257572,0.0150417425,-0.032427203,-0.014708516,-0.02317512,0.027952459,0.025407461,0.019346308,-0.00043709946,-0.032658923,0.0037766215,-0.038225267,-0.026688565,0.04460174,-0.016887635,0.006395268,-0.012520388,0.032700393,-0.02885901,-0.0021054004,-0.04094815,-0.0042956383,0.009235917,0.017981123,-0.008299067,-0.016246356,-0.0059893206,-0.026342375,0.03420243
22:50971266:T:C,-0.03638016,0.025322702,-0.003121458,-0.031216688,-0.03409165,0.0044773086,0.018300865,0.007737792,0.01881446,-0.017635822,0.046688873,-0.026853014,-0.03252548,-0.030323083,-0.03644992,0.0084665585,0.015717093,-0.055407524,-0.011938154,0.03488046,0.006503395,0.020822247,-0.013396935,-0.001132578,-0.12490545,-0.011328373,-0.021726632,-0.02506743,-0.042375963,0.065151386,0.0064970963,0.04637374,0.039488487,0.0036343907,0.022737762,-0.0029842725,0.009968192,0.02022877,0.025791844,0.014086495,-0.0060773157,-0.04119938,0.015004032,-0.011524639,0.056816816,0.9999999,-0.022003153,-0.018197792,-0.016583333,-0.020225087,0.0075463364,0.077233,-0.0019358192,-0.054718357,0.0068051773,-0.0036284062,-0.04267731,-0.010397443,0.004753993,-0.01013123,0.026610084,0.008751356,-0.019289242,0.03795011,0.01566563,0.0042752447,-0.059874274,0.01735494,-0.00519393,-0.061002627,-0.08037869,-0.031026637,0.032127246,-0.024570733,0.04035992,0.04380495,-0.0210769,-0.013434717,0.032981034,0.020953178,0.006166399,-0.019786641,-0.0069436994,0.01618793,0.0025637976,0.0025115702,-0.0049809543,0.017616874,0.055837296,-0.015571072,-0.04870226,-0.009391783,0.023453992,0.034856595,-0.025767075,0.02525632,0.010586591,0.029327502,-0.009139606,0.0042726975,-0.00687459,0.027530285,-0.037036363,-0.03548492,-0.03935019,0.00303798,-0.039542526,0.054356538,0.022865977,0.031668033,0.0034964567,0.021538254,-0.03266829,-0.032223187,-0.02107689,-0.04229901,0.0092546465,-0.025901753,0.01137399,0.0015750548,0.06007955,-0.059461143,-0.008826446,-0.010027768,0.013491779,-0.06841417,0.02771443,0.025660496,-0.0057205083,-0.00410676,0.02555112,0.03298129,-0.006874982,-0.00084762665,-0.010234329,0.027020656,-0.016824817,-0.04567679,-0.028127132,0.024612414,0.013548938,0.023148796,-0.0654809,-0.011828047,0.0044181873,0.04438755,-0.06276038,0.033670507,-0.005910877,0.016929321,0.0047092065,0.02918248,-0.0031515134,-0.027627774,0.026940875,-0.024419855,-0.015828356,-0.042969298,-0.02381752,-0.09195302,-0.019579917,0.016505651,0.018735334,0.031986285,0.021716066,-0.016576352,0.0709639,0.0029450222,0.041628465,-0.08896647,-0.04036007,0.0073537794,0.0019185843,0.01650567,0.0044753724,-0.012784848,-0.019844597,0.019219289
7:159086389:A:G,0.0006283005,-0.057380263,-0.010114944,0.019783992,-0.078068696,-0.00850146,-0.018793298,-0.0143759595,0.01257135,-0.037918802,0.008379985,-0.008647627,0.027470954,0.03128849,-0.042222857,0.065659955,0.01764815,0.023789803,-0.009125714,-0.034282565,-0.026486283,-0.03447132,0.043253697,-0.007495021,0.07120368,0.030894645,-0.051308393,0.044713613,0.043441847,0.015344462,-0.013177534,0.03728075,-0.0045146444,-0.0016489077,0.019884031,0.002520749,-0.03808518,-0.07250407,0.039616786,0.0006676782,-0.005319855,-0.020007914,-0.019716335,-0.022499476,-0.018793281,-0.022003153,1.0000012,-0.033176824,0.024388108,0.007980113,-0.0332315,-0.021468265,-0.038721092,-0.00522795,-0.039083384,0.044635694,0.032718644,0.009223489,0.015404605,0.07239826,-0.080402195,-0.0026643404,-0.018125016,0.061436273,-0.03756032,0.019865703,-0.012421403,-0.04164824,0.023245929,-0.010559635,-0.0173236,-0.033540417,0.013480473,0.0037727961,-0.015828975,-0.0016258069,0.0006678948,0.035645053,-0.0025155863,-0.0033617318,-0.0018773443,0.023918187,0.010539943,-0.036851585,-0.008610248,-0.018596739,0.018043114,0.012248552,-0.024413416,-0.015480543,0.06075857,0.025708443,-0.032910995,0.011648647,-0.0383843,0.008937104,-0.051040627,-0.0103703225,0.015993498,-0.029750742,-0.057979055,-0.0102041,-0.035248455,0.018984169,0.066898815,0.04523837,-0.019835342,-0.00807813,-0.009608075,0.00066786475,0.02906475,-0.024460414,0.01436781,0.02782625,0.0246555,0.05183647,0.009481569,0.037142612,0.0032104221,0.031502545,0.0013815783,0.072064914,-0.010812401,-0.04866881,0.04244471,0.02242276,0.03585677,0.057729848,-0.009277585,0.031858843,0.0011049077,0.03296057,-0.047373693,-0.017288815,-0.019563552,0.056606814,-0.0068060025,-0.019563619,0.01064129,0.032271232,-0.046429366,-0.0073129577,-0.034094464,0.031416953,-0.08019298,0.009504952,-0.0033439319,0.00212664,-0.030375438,0.012143151,-0.041171513,-0.032966487,-0.009437092,-0.05229832,-0.027481351,0.030935459,-0.006243036,-0.048129756,0.0483344,0.058726396,0.019909438,0.016663227,-0.015119301,-0.039234847,0.008136484,0.014833669,0.006402446,-0.011164621,0.002544162,-0.018528186,0.015829058,0.017820803,-0.03282545,0.04344166,0.045279894,-0.04070043,-0.007012844,0.034013506
22:17450515:G:A,0.012775563,-0.0113735255,-0.062732905,-0.007715929,-0.0017227489,0.045889784,0.012149863,0.0038258007,0.045002356,0.02657542,0.0077937553,0.0056502176,-0.0055487645,-0.03064693,-0.0029638456,-0.008155023,0.011292093,-0.0075470256,-0.014926057,-0.0021358668,-0.04727279,0.026921825,-0.012398729,-0.0020668805,-0.004398381,0.004544288,-0.02853839,0.0050214096,-0.0436204,0.03823422,0.034407947,-0.036112484,-0.016124086,0.007772265,-0.08384406,0.06792998,0.002906931,0.00042547047,0.009023246,-0.074523576,-0.06216689,0.03991019,-0.026510496,-0.00466335,-0.09619973,-0.018197792,-0.033176824,1.0000027,0.00012367702,-0.006624004,0.0035893659,-0.037741497,-0.044487733,-0.044900443,0.04273335,-0.0015671506,-0.060573246,-0.009196493,-0.021876471,-0.02808113,0.02792748,0.053207893,0.0091938805,-0.008440452,-0.014236847,0.016400956,-0.02909741,0.031460922,-0.02142811,0.0013958846,-0.072294995,-0.041456256,0.0030255727,-0.021535123,-0.017170224,0.06324001,0.011078891,-0.037453726,-0.035413213,0.031073356,0.012530319,-0.019556744,-0.0002785676,-0.010544279,-0.00948326,-0.0044138175,-0.020808086,0.02756332,0.0148124555,-0.06780965,0.007109152,-0.0032235824,-0.0110093495,0.069506034,0.031124286,-0.09490284,0.02923139,0.046851996,0.02047488,0.044492908,-0.067591995,0.0047746757,0.06699146,-0.0023709065,-0.037741702,0.00662919,-0.021638548,0.023939902,-0.04099643,-0.023162093,-0.046017762,-0.012957712,0.046261054,0.014433529,-0.006041431,-0.017170211,0.023523154,0.016327674,-0.0007519433,0.011810645,0.029128421,-0.051053345,-0.030381233,-0.02677816,-0.015392551,-0.040004976,-0.008509151,-0.036197025,0.0031823884,0.026857026,-0.01980697,-0.043853316,0.013193629,-0.024299398,0.007547424,0.053446382,0.010506328,-0.026965013,0.005653872,-0.024784172,0.044049714,0.030553063,0.03768188,0.028905524,0.033644363,0.024676865,-0.002370823,-0.016766252,0.020220604,-0.011894395,-0.023442011,0.00031738705,0.0070476793,0.05320793,7.058076e-05,0.00080393796,0.025000999,0.0097337505,-0.03206246,-0.021377997,-0.05395449,0.03282922,0.018390862,-0.0100624515,0.004655911,-0.00054644595,-0.015156391,0.054157447,0.030719258,-0.0007723608,0.017170163,-0.05732693,0.03883131,-0.04362052,0.0403391,0.010374592,0.00483699,-0.013849199
20:62324404:C:T,-0.024166424,-0.028090933,-0.022934243,0.036462795,-0.03474953,0.048628785,-0.01077512,0.03691024,0.033147946,0.005365218,0.0005742633,-0.037851594,-0.0125087015,-0.043263435,-0.06462574,-0.03466386,0.00390636,-0.020252023,-0.005672758,-0.027034257,-0.04462146,-0.01775475,0.017518485,-0.046508063,0.013390165,0.061228577,-0.0099832,0.034603015,0.02284311,-0.06160657,0.026727242,0.01898177,0.029025476,-0.033480234,-0.022317888,-0.02400991,-0.009711034,-0.002623244,-0.020914856,-0.025679937,-0.009804765,-0.028336372,0.021726852,0.02292421,-0.09062616,-0.016583333,0.024388108,0.00012367702,1.0000021,-0.017889218,-0.0073770196,0.02510675,-0.04424125,0.04279961,-0.037708312,-0.034169614,0.020338982,0.010059653,-0.0076113474,0.040159676,0.016809456,0.060052115,-0.0073259016,0.0063138558,-0.00476579,-0.024090772,-0.037089463,0.07842072,0.024708627,0.014072128,-0.031928163,-0.032208152,-0.020339197,0.06133314,0.011191293,-0.049514275,0.015326558,-0.032530513,-0.014428189,-0.01303934,-0.017472412,0.010345583,-0.018094989,-0.052190986,0.033709835,-0.010582739,-0.036594924,-0.050314814,0.022847105,-0.015174268,0.0130657945,0.023233041,-0.027585115,-0.004537504,0.049749035,0.0035188168,-0.019485576,-0.0434999,-0.0062593548,-0.06466536,-0.017674066,0.015467761,-0.008284417,0.026837414,0.025106795,0.020120857,-0.009434886,0.020425545,0.001266511,-0.025679944,-0.03178209,0.07128432,-0.025804639,-0.0016344062,0.015326524,0.011191583,-0.0041219406,0.046410017,-0.037219014,0.014756435,0.03596147,0.01446212,-0.033645216,0.041959066,-0.03060188,0.012121389,0.0020124055,0.004284842,0.026209043,-0.015759394,0.07757024,-0.03464363,-0.011898222,0.0037166188,0.049836226,0.016962143,0.05786918,0.049836066,-0.02036851,-0.007487527,-0.046644002,-0.007042292,0.025363745,0.012070929,0.013139224,0.046806954,-0.036778037,0.03457223,-0.0036616155,-0.028960375,-0.033388942,0.031633355,0.034581766,0.06005205,-0.024796695,-0.005445332,-0.023882678,-0.03451113,-0.05820811,0.019158678,-0.024307774,-0.022934187,-0.050787438,0.0136760585,0.013096405,0.0028748892,-0.008103842,-0.037833903,-0.02703429,0.04338881,0.027366051,-0.00759566,-0.0042252676,0.022843204,-0.008103898,-0.009939549,0.010903624,-0.027009338
20:62194238:C:T,0.0013468137,0.059599523,-0.022647731,0.0050635296,-0.014375091,-0.014653078,0.034075137,-0.0073355203,-0.022358801,0.017297896,0.0365881,-0.027181301,-0.03913382,0.03733275,-0.028230365,-0.03423105,0.007066028,-0.03226684,0.033056505,0.02220426,0.010890113,-0.022156201,0.020092323,-0.0010730554,-0.027332827,-0.009122346,-0.00574624,-0.0008711945,-0.022647819,0.0188593,8.4583786e-05,0.010412554,0.062030792,-0.060824104,-0.020398492,-0.02797668,0.0044689924,-0.01701488,-0.020653695,0.01612262,0.009684791,-0.049570072,0.025162797,-0.013789565,0.03407525,-0.020225087,0.007980113,-0.006624004,-0.017889218,1.0000013,0.022975573,0.026248699,0.023584569,0.014813966,0.0464706,0.00027194247,0.005223708,0.024451623,-0.0049546487,0.01141583,-0.010693504,-0.024487106,-0.00619037,0.0006849877,-0.022162018,0.034136865,0.029753735,-0.03433205,0.043036476,0.020854922,0.0021065054,-0.052369222,-0.019500058,0.04351795,0.050985295,-0.021138478,-0.025359334,-0.02850169,-0.033723913,-0.021051982,-0.017254226,-0.014467578,0.018512506,-0.023415556,-0.040748224,-0.0073424377,0.022975305,0.024735782,-0.012457285,-0.02160295,-0.03339747,-0.0013133861,-0.010247686,-0.030166212,0.05098599,-0.022157602,0.0276111,0.011396038,-0.0054657953,0.04942803,0.017828096,-0.016095024,0.077023126,-0.03478671,-0.0043142163,-0.023584375,-0.007782673,-0.048997525,0.006045614,-0.025359228,0.02830146,-0.04812189,0.00017462083,0.034817196,0.016122602,0.011980689,0.010404076,-0.06819455,-0.0076633776,0.018408436,0.0054656514,-0.0005872046,0.015943345,-0.0040949164,-0.011766385,-0.053992912,0.02099693,0.0050685485,-0.05680364,0.05039407,-0.034048267,0.007175997,-0.030349612,-0.0011200457,-0.011014056,0.002800083,0.031607606,-0.011014069,0.08687513,0.028578067,-0.0016770118,0.00891872,0.0055847904,0.047244355,0.029022014,0.010103018,-0.034786716,0.0021065345,0.05485765,0.008333619,0.005974405,-0.03781395,0.017054636,-0.024487091,0.018429602,0.004429204,-0.023584362,0.06892517,-0.014105291,-0.014115744,0.0306658,-0.02264774,0.01503151,0.039438564,0.005212527,0.048716985,-0.005067855,0.048581336,-0.025559545,0.012573423,-0.011980837,0.09144796,-0.011233105,0.16258521,0.006137347,-0.00502741,-0.029333634,0.018152887
3:169614795:C:T,0.09314674,0.042922888,0.034567147,0.033107314,0.070712164,0.04897791,0.004363525,-0.041895125,-0.030673029,0.009156008,-0.016647033,0.017105078,0.062387347,-0.007367196,0.04914185,0.07936707,-0.030286275,0.0061145234,0.0032241573,-0.0068437406,-0.035745256,0.039394774,0.00822215,0.032994915,-0.005392031,-0.018945416,0.013547041,-0.006877658,0.034567133,0.026673056,-0.06224121,0.008195148,0.0064774463,0.0044353437,0.004140531,0.018343465,0.055492602,0.023373913,-0.017567335,-0.021569679,0.0728117,0.009250146,0.031178055,0.048242655,0.027838135,0.0075463364,-0.0332315,0.0035893659,-0.0073770196,0.022975573,0.9999954,0.005862214,0.011076171,0.0129028605,-0.0013797511,-0.0135575505,-0.014680604,0.0057847793,0.015441867,-0.031181896,0.043405008,0.029059928,-0.0425666,-0.07211407,-0.05082857,-0.04613322,-0.01928171,-0.024082474,-0.041529324,-0.060980134,-0.02681784,-0.020056807,-0.037495073,0.044910274,-0.022986066,-0.043381684,0.026650643,0.011414961,-0.022306783,-0.021988587,-0.014675786,0.0036752499,0.021670595,0.0012551134,0.032015827,0.021821775,0.0036202883,0.0062117996,0.04595671,-0.009326293,-0.043128457,0.04463998,0.06637874,-0.010508289,0.02235515,-0.012099231,-0.03144936,0.043622486,-0.03020549,-0.0060915556,0.021924794,-0.0081194965,0.0064713135,-0.009518129,-0.029665137,-0.020060057,-0.0052494537,-0.008967628,0.021129461,-0.021569675,0.02467709,0.018630335,0.06390949,-0.008737778,0.02665062,-0.022985987,0.00999834,-0.029576873,0.07018765,-0.009011264,0.030205395,0.0009362148,0.08545791,-0.02049779,-0.034479167,-0.0049304655,-0.015603156,-0.025599197,-0.022892646,-0.037448794,-0.01728157,0.025236627,-0.00458852,-0.028617263,-0.04493112,0.04231375,0.05203216,0.027972963,-0.029143991,-0.026287973,-0.025343018,0.021762278,0.030863272,-0.039825555,0.04685079,-0.023664262,-0.054402143,-0.026817674,0.041457973,0.0186065,-0.0033506507,-0.009550891,0.0272671,-0.020827875,-0.020827847,-0.012864321,0.03168426,-0.037472468,-0.022892743,-0.052028183,-0.017027719,-0.019263389,-0.010791308,-0.060528167,-0.05769939,-0.037792556,0.060180932,0.0015227093,0.06718666,0.05563978,0.02298599,0.03732825,-0.0035489136,-0.01926337,0.047155336,0.02337623,-0.0072940197,-0.003447044
3:169553070:C:A,-0.10170495,0.015239584,-0.018591246,0.029557846,0.0096402485,-0.029257515,0.0034021956,-0.022369424,-0.02489645,-0.012478837,-0.013310848,0.012218061,-0.032124385,0.034830723,0.011778735,-0.02809966,-0.01033191,-0.005257902,0.053228177,-0.0027772638,0.00985808,-0.043055702,-0.017128492,-0.03346051,-0.035026435,0.020358628,4.864683e-05,0.03672221,-0.018591251,0.039098047,-0.056176506,0.0013658869,-0.00732368,0.014202987,0.009517963,-0.040580235,-0.03277532,-0.035039615,-0.016954305,-0.020816969,-0.0079480065,0.012471677,0.03989372,0.022697266,0.07622317,0.077233,-0.021468265,-0.037741497,0.02510675,0.026248699,0.005862214,0.9999997,-0.014702691,-0.0038008566,0.022588817,0.06973173,-0.0036807444,0.0017255887,0.022565689,0.04335599,-0.021703906,0.031484336,-0.04108095,-0.0030031884,-0.026459208,-0.019528788,0.019035324,-0.003605887,0.00042851252,0.028135758,-0.025881985,0.007651472,-0.0066379574,0.0019012092,0.07158458,0.011762761,-0.020816904,-0.01417887,0.0292721,0.024934016,-0.01416365,-0.031942315,0.048124466,0.0066510527,0.00053263933,-0.008578838,0.04139013,0.012817379,0.046775144,0.024822911,-0.03428061,0.047123577,-0.02236135,-0.035995018,0.024700481,0.0073930174,-0.009730563,-0.027204102,0.006964683,-0.038994487,0.0061459746,-0.001353274,0.02973753,-0.0040291674,-0.028629763,-0.019360077,0.076263346,-0.075887226,0.033302575,0.02904489,-0.008667041,0.028760819,0.0025468282,-0.054634962,-0.020816933,-0.022183772,-0.027699167,-0.037997186,0.0047966545,-0.03968509,-0.0069647236,0.025248619,0.015597044,-0.023042984,-0.031864453,-0.042839453,-0.012277088,0.10210123,0.015543363,0.058159746,0.04172139,-0.044470537,0.02947997,0.0070432704,-0.018234394,-0.004307955,-0.01094305,0.057151005,0.054012448,-0.019229226,-0.004429949,0.010986023,-0.0025036295,0.05551139,0.05385697,-0.022838518,0.01144156,0.014548493,0.04792843,-0.023476208,0.047409914,-0.04698298,-0.053548295,-0.020100929,-0.020100925,0.025590235,-0.019360093,0.026618678,-0.035780024,-0.01830771,0.029361807,0.037071653,0.0562211,-0.0010364194,-0.03866221,-0.013837972,0.029347425,-0.030669473,-0.021914795,-0.017757263,0.022183781,-0.022808341,-0.04585964,-0.018591164,-0.03799634,0.0120859705,0.03152196,0.036129642
17:41448228:A:G,0.023784185,0.027738005,-0.0026771564,0.008134893,0.007513147,-0.025405403,0.060785823,-0.034024794,0.0014974683,0.013954,0.06503664,-0.013299086,-0.0022515713,0.02423212,0.0047761463,0.020183451,-0.018009724,0.019730864,0.012869243,-0.048626307,0.018592762,0.003529143,0.039264537,0.0006774285,-0.003804952,0.020637412,-0.009664739,0.054926615,-0.02672356,0.010437995,0.024487682,-0.022012888,0.020270856,-0.024745248,0.007334172,-0.011317183,0.031141108,-0.018375631,0.058961276,0.00777258,0.056737766,0.038159408,0.0018944658,0.023707492,0.045056336,-0.0019358192,-0.038721092,-0.044487733,-0.04424125,0.023584569,0.011076171,-0.014702691,1.0000007,0.006843966,-0.018275512,-0.024156885,0.051746067,0.029411387,-0.02881967,-0.052084528,0.0077765146,-0.010322781,0.024447473,-0.023236966,0.012459052,0.021482797,0.021301242,0.026268788,-0.04933278,-0.017628687,-0.0008159348,-0.07364391,0.016064113,0.019209553,-0.020072902,0.02972024,0.0077725975,0.037458383,0.037842102,-0.036671188,0.055536963,0.012822349,-0.020196615,-0.056617774,0.032872133,-0.0040597445,-0.019619484,0.00816133,-0.015932398,0.029412644,0.049693324,-0.008054756,0.024232179,0.0105225835,0.00018114218,0.03931352,-0.0027112067,0.010007914,-0.01719971,0.00018465222,0.017099675,-0.011197314,0.0034071791,-0.008377344,-0.046443466,-0.029754922,-0.011325553,0.041715406,-0.040519632,-0.013767709,0.060606975,-0.008397115,-0.0006469778,0.05642463,0.0077725924,0.0001812077,0.033717223,-0.019763546,0.008243894,-0.035463423,-0.0140047455,0.048917502,0.029100426,0.08383129,-0.0076373243,0.014832462,0.014755474,-0.030948011,0.0010064793,-0.02407152,0.008750123,0.04846109,-0.085898824,-0.0007270511,-0.0207183,0.050086927,-0.03638725,-0.053284984,0.035555698,-0.008454008,-0.024071548,0.03283464,-0.05615728,0.06096978,0.02408709,0.016404815,0.051772434,0.0515821,0.019116854,0.012601007,0.014334251,0.016242342,-0.027187454,-0.054892827,-0.010322716,-0.057884242,-0.0066404124,-0.0005891225,0.037959415,0.0025844492,0.051037613,0.021369262,-0.03840589,-0.06473805,-0.039435383,-0.008977486,0.02071174,-0.03912651,-0.0072894343,0.023166923,-0.06094308,0.03148332,0.01264452,-0.002676794,0.0032561838,0.007831723,0.020462934,-0.058717214
14:65544367:C:A,-0.036551457,0.027143678,0.019752044,0.04072384,0.033091985,0.0036688114,-0.0030847234,-0.0017626353,-0.008274595,0.004686037,-0.011121374,0.021204626,-0.0071446286,-0.0189706,0.0058520515,0.03964957,0.03474761,0.014843288,-0.042243984,-0.023508983,-0.0037136304,-0.04239621,0.0067987004,0.0094436435,-0.018877456,-0.0111485515,-0.008937986,-0.03522877,-0.019133415,-0.05368769,0.01719984,-0.011450425,-0.035594963,-0.010757577,-0.0045668366,-0.009440864,-0.025343573,0.026449786,-0.028087405,0.0003460962,-0.054799747,0.10899861,-0.007556885,0.0037282459,-0.007324101,-0.054718357,-0.00522795,-0.044900443,0.04279961,0.014813966,0.0129028605,-0.0038008566,0.006843966,1.0,-0.015295895,0.015248303,0.03085636,0.019219918,0.021610953,-0.035216037,-0.045475382,-0.0116779795,0.040577177,-0.01737557,0.04817134,0.02838708,-0.04380594,0.05730225,-0.0035933557,-0.06495098,0.061626326,-0.0022330675,0.01436341,0.017465966,0.005827768,-0.021561576,0.00034613773,-0.038697675,-0.022156116,-0.027653363,-0.008228426,0.009989322,-0.0031504538,-0.027255077,0.023611143,-0.02856652,0.012902853,-0.0717034,-0.04951901,-0.06113172,0.030899448,0.01151777,-0.03228859,0.0054364153,-0.059677817,-0.0001229581,0.0053066043,-0.016838588,0.0046899985,-0.029497107,0.019988818,0.006492288,0.02234376,0.022968907,0.009030832,-0.024597269,0.016768241,0.024117144,-0.004379008,0.00034604172,-0.0034815469,-0.010823581,-0.0016815015,0.0064506796,-0.01707028,-0.043301333,0.036518272,0.011480311,-0.0035694914,0.06659202,0.02054045,0.022188697,0.0040190057,-0.020359524,-0.028699998,0.10866157,-0.05011254,-0.0143532725,0.0071399165,-0.019706458,0.031614505,-0.0135703245,0.0034142206,-0.016809782,0.003646986,-0.025383964,-0.04250199,0.05631054,0.02539096,0.018706137,0.058997426,0.04202503,0.00648654,0.0050923345,0.035216063,-0.03146613,0.0013536959,0.033382203,0.05451176,-0.00477829,-0.074866764,0.023491668,0.04395573,0.006340903,-0.029696222,-0.025877954,-0.005907783,0.02714004,-0.0048113903,0.06736246,-0.014770427,-0.019133432,-0.004004492,0.012921693,-0.009192809,0.04823406,-0.015497806,-0.007508467,0.009913968,0.017132457,0.043301456,-0.04725783,-0.03798632,0.0586373,0.036252197,0.016886221,-0.008730236,-0.0049439953
17:1782952:A:G,0.034627926,-0.020898579,0.023297787,0.023505434,0.027485108,-0.015049874,-0.024960864,-0.024475742,0.062207256,-0.03958255,-0.01936053,-0.0042953733,-0.010440719,-0.02763945,-0.011721173,-0.03579825,-0.011467078,0.073842876,-0.017583363,-0.037067037,-0.044790216,0.041894652,0.03623825,0.06609114,0.0014384768,-0.020293398,0.045533575,-0.05324565,0.023297796,-0.00025210297,0.020806855,-0.04102013,-0.05515487,-0.03318159,0.03344372,0.07589889,0.02627315,0.020470776,-0.033841167,-0.014495842,0.07424103,-0.009104084,-0.047057383,0.013014683,-0.031546507,0.0068051773,-0.039083384,0.04273335,-0.037708312,0.0464706,-0.0013797511,0.022588817,-0.018275512,-0.015295895,0.99999964,0.018819995,0.033221923,-0.038044065,0.0572929,0.019348146,0.036783647,-0.012131225,-0.010491535,-0.0069384775,-0.012090038,-0.0041051176,-0.07666392,-0.0020903312,0.011111366,0.011422973,-0.051660698,0.092799544,0.056037113,0.02510755,0.0066003203,-0.008705967,0.01255947,0.041394003,0.03127628,0.02241969,-0.028271003,0.02721192,0.013919993,0.018652057,0.0052169273,-0.027259216,-0.0013794546,0.075162105,0.03728042,0.01045896,-0.009373177,-0.06312625,0.04477054,-0.030983062,0.08291963,0.027690869,-0.009902267,0.0037945253,0.00060393417,-0.015134108,-0.043673232,0.0067210165,-0.020939859,-0.061707057,0.022588812,-0.009610219,0.028764179,-0.033235077,-0.01796572,0.012559539,-0.004875817,0.03836363,-0.046482172,0.015951369,0.0125595,0.0066002575,-0.047263376,-0.019791754,0.053620663,0.053401757,0.018992927,-0.0345236,0.034123022,-0.004767759,0.020510498,0.025893547,0.028053168,-0.026378011,-0.03760185,-0.04134822,0.008730838,0.004600694,-0.008131643,0.026008604,-0.018378463,0.09008544,0.0065061753,-0.04564873,0.06608609,-0.01517541,0.019782959,0.009310735,0.07196893,0.008091971,-0.010556752,0.15229851,0.03902673,-0.007785097,-0.05852783,-0.04685887,-0.011303897,0.03204294,0.009191852,0.015859904,0.0158596,0.016191712,-0.009610208,-0.043673232,0.018095035,-0.03963432,0.03531096,-0.03710842,0.04457298,-0.0032430585,-0.021695953,-0.004591429,-0.08602072,0.013521113,-0.016298678,0.025329743,-0.006600401,-0.036813904,-0.0022316088,-0.0069053173,-0.020246604,-0.0032789614,0.034565654,-0.023012407
15:74336633:T:C,-0.03649953,0.061720423,-0.04171212,0.06206557,-0.078925535,-0.0015228763,-0.025489194,-0.0068801665,0.06775516,0.01155104,-0.052374285,0.021127267,0.007182986,0.00016345468,-0.032451104,0.026825272,0.007584265,-0.038551513,0.031104509,-0.003399307,0.0046539996,0.008335022,-0.011537526,-0.002850846,-0.026030332,0.020410018,-0.0037947227,-0.05190708,-0.023259081,0.0076690526,0.018772585,0.057101253,-0.0029525852,0.012482673,0.023610303,0.0054864427,-0.03078277,0.052317634,-0.0077484758,-0.042573765,-0.0018830741,0.043088533,0.007753759,-0.003217242,0.06705264,-0.0036284062,0.044635694,-0.0015671506,-0.034169614,0.00027194247,-0.0135575505,0.06973173,-0.024156885,0.015248303,0.018819995,1.0000023,-0.03025084,-0.040544983,0.03208747,-0.023385892,-0.07191145,-0.019447528,0.021418702,0.008550754,-0.053880595,0.055470414,-0.020658813,0.02871037,-0.018880438,-0.02778388,0.052507505,0.044148207,-0.032211315,-0.009887668,0.008513062,0.03991055,-0.026043858,-0.022502242,-0.044770755,-0.01767274,-0.02575336,-0.02239086,0.035301737,0.019850051,-0.010542458,0.02890097,0.021776266,0.022093665,0.06057416,-0.03345915,0.053273946,0.019957343,-0.05671688,0.014944303,0.0085130455,0.0036044046,0.044196337,-0.0138064725,0.01541274,0.03339341,0.016819473,0.014809472,0.029387183,-0.06078545,0.008837509,-0.012395548,-0.014255721,0.00078102504,0.021410514,-0.026043799,0.020632885,-0.0013773544,0.0074650487,-0.02017228,-0.0095138475,0.05514174,-0.013408671,0.013119999,0.016351584,-0.03385224,-0.015412839,0.017496115,-0.06352767,-0.016958278,0.024894899,-0.0010733643,0.015434578,-0.016896166,0.008845464,0.05779334,0.012664091,0.053016968,0.036109474,-0.020345218,-0.059804223,-0.067393236,-0.013984157,0.07348436,-0.04495338,0.029384997,-0.021054793,0.047676396,-0.018806709,0.01594948,-0.003470506,0.0016524995,0.005888387,0.012297392,0.0013753189,-0.06371043,-0.007996081,-0.015384238,0.037477918,-0.019447517,-0.0023462486,-0.050402034,0.023080789,-0.044264775,-0.042198144,0.011378868,0.0089456,0.06900681,0.019540265,-0.034547165,0.017560529,0.058399048,-0.0320682,0.06817589,-0.10490951,-0.023625476,-0.024055945,-0.010069076,0.045420676,-0.0048058494,0.057234157,-0.030050226,-0.007428098,0.0068663955
14:91957385:G:C,0.032165814,0.05320256,0.0421379,-0.010382948,0.014178194,0.00306475,0.003425581,0.008759968,0.0211077,-0.040476125,-0.03498154,0.038423315,-0.0068457345,0.01151051,-0.02686482,-0.022527555,-0.03364337,0.057076238,-0.032661527,0.008246329,0.023240337,0.013096342,0.015726006,0.048602257,-0.033418126,-0.055373844,0.053139947,-0.027327172,0.04213806,-0.037816126,-0.052846283,-0.008484468,0.012389199,0.0069120545,0.0188326,-0.086591125,-0.0061807428,-0.06287419,0.0049863476,-0.018514084,0.04732402,-0.00992205,-0.052151743,0.0018912244,-0.07253292,-0.04267731,0.032718644,-0.060573246,0.020338982,0.005223708,-0.014680604,-0.0036807444,0.051746067,0.03085636,0.033221923,-0.03025084,0.99999875,0.01741773,0.0011384444,-0.0436291,0.015111226,-0.062056698,-0.005281566,0.05992669,-0.015344667,0.029560728,-0.007331073,-0.027206898,0.020396003,-0.012997794,-0.012364438,0.041834395,0.030108877,-0.014059961,-0.07841427,-0.021165695,-0.03493813,0.0014450386,0.009030413,0.04498063,0.016138636,0.020211384,0.049005624,0.0032274728,0.062253505,-0.016244017,-0.0029779961,0.007065344,0.05077397,-0.0068637454,-0.026053937,-2.3964338e-05,-0.026167026,0.07017941,0.014245986,0.043815527,-0.06798818,0.04269829,-0.00927131,-0.013011455,0.019627808,-0.046504773,-0.057204753,0.021387003,0.03262219,0.04975548,0.023814669,-0.06250902,0.047159992,-0.018514011,0.0049626194,-0.034652676,-0.025096413,0.03394199,-0.018513985,0.06057652,-0.02222756,-0.00016717527,-0.019922176,-0.008075148,-0.00262531,0.02646477,-0.0073106242,0.048776086,-0.005324286,0.04076574,0.053678844,-0.013618725,0.0008627582,-0.04022542,-0.00764046,-0.023357099,-0.05239575,0.0034760777,-0.020355904,0.049703214,-0.039950993,0.04586198,0.02466991,-0.023604045,-0.019608708,-0.0336728,0.0018758187,-0.03319751,0.006270663,0.0067168665,0.05196257,0.054223657,0.043184955,-0.044275526,-0.006408623,-0.021211654,0.024083046,-0.028072387,-0.028072352,-0.012820937,-0.05599236,-0.0006032455,0.07412073,-0.037778653,-0.03691924,0.0054677967,0.08495194,0.04979044,-0.059618704,0.026038632,0.0021432089,-0.0023226433,0.0019425325,-0.022330564,0.016641093,-0.01973667,0.021274926,-0.012867289,-0.024476055,0.019905318,0.0011363358,2.2754817e-05
8:56687597:C:T,-0.0038781792,-0.04098427,0.038694486,-0.0137098525,0.0038625158,-0.02961595,0.034565106,-0.022164058,0.035669677,-0.01662477,-0.02731755,-0.032669783,-0.0023920895,-0.02423657,-0.036948092,0.038853034,0.012645165,-0.05182876,-0.030005438,-0.055580962,-0.009925579,0.047922,0.0098020835,-0.038892593,-0.0090421615,0.029755972,-0.0028488436,-0.033990983,0.0386943,0.006900642,-0.010610693,0.0026782283,-0.014955426,0.0067189545,0.039518155,0.0010711758,-0.012100041,-0.0015910447,-0.028675312,0.043326937,-0.018494494,0.028868651,0.04756927,0.014551025,-0.010039434,-0.010397443,0.009223489,-0.009196493,0.010059653,0.024451623,0.0057847793,0.0017255887,0.029411387,0.019219918,-0.038044065,-0.040544983,0.01741773,0.99999785,0.011224954,0.020953117,-0.016436597,0.04183678,-0.011361788,-0.0028864231,-0.028396297,-0.028717281,-0.024427291,0.03860749,-0.0019948182,0.015780093,0.05386865,-0.016874926,-0.00225144,0.057908893,0.046171784,0.011525332,-0.009029826,-0.04341135,-0.010686158,0.022499057,0.029479288,-0.012463958,0.024053723,0.010331238,0.010948788,0.029624045,-0.03152039,-0.028596053,0.0068628993,-0.0546811,-0.03351781,0.024911625,-0.02423678,0.002656419,-0.0030584813,-0.077962644,-0.01898221,0.028514447,-0.015173391,0.009416641,-0.013943447,-0.006300324,0.0048638424,-0.0011869222,0.0017257069,0.012202852,0.031894475,0.018013388,-0.02846277,0.04332691,0.020443464,0.048130266,0.01502576,0.042741492,-0.009029753,-0.052288786,-0.05972732,-0.026194343,-0.028998068,-0.04087575,0.015173382,-0.011466512,0.05049529,-0.012104387,-0.045238595,-0.034124482,-0.008089862,0.0070370003,-0.007009062,0.00030057432,0.010051056,0.0022193305,0.018118339,0.03907354,-0.002098443,-0.010333857,0.026960341,-0.028484412,0.0016951307,0.0037499378,0.039733637,0.0018644328,0.039721765,0.064283356,-0.029459627,-0.00033287372,0.047547232,-0.031038467,0.040533982,0.025554616,0.055216305,0.005457879,0.0020370285,0.04183672,0.04183694,0.018751632,-0.01588908,0.018302742,-0.007008714,-0.024166271,-0.00636982,0.009470335,0.001492634,-0.03943954,0.015704308,-0.006214804,0.021248987,0.02767531,-0.045533475,0.02579333,-0.02155665,-0.06711347,0.00044509917,0.009470242,-0.07774965,-0.0031726973,0.0039331377,-0.013181878
7:99778227:G:T,-0.0016548174,0.015723359,-0.016446562,0.021633437,-0.043755624,0.009200096,0.028777735,-0.012219476,0.050809782,-0.0057112365,-0.0227437,0.020546354,-0.039165944,-0.00877532,0.015000953,-0.06141817,0.004938146,-0.04969738,0.044530075,-0.014575035,-0.025881015,-0.020014985,0.018251743,-0.04701428,-0.042361118,0.015883837,0.062245272,-0.05194183,-0.038216375,-0.0011682239,-0.012863631,-0.016156934,0.014379088,0.04097665,0.003174961,0.038786277,-0.032704644,0.029341994,-0.030881204,-0.028166028,-0.012898729,0.0038547246,-0.0111431675,-0.0052062375,0.057258453,0.004753993,0.015404605,-0.021876471,-0.0076113474,-0.0049546487,0.015441867,0.022565689,-0.02881967,0.021610953,0.0572929,0.03208747,0.0011384444,0.011224954,1.0000018,-0.015356759,0.029161977,-0.024507422,0.011763109,-0.00016098903,0.0007905212,0.0005297056,-0.051402207,-0.007087483,0.08762586,-0.0024485067,0.0113642495,0.0197367,0.045031462,-0.017242141,-0.053241894,-0.01279249,-0.02816603,0.0031234052,-0.018510638,-0.0054659257,0.03959576,-0.022624332,0.03555601,-0.005665723,0.022676816,0.0030044427,0.043231733,0.025633052,0.002928197,0.025646813,-0.016081138,0.006236201,0.028504664,0.0142003065,0.0017682149,0.0065400433,-0.0011529764,0.01623181,-0.00930925,0.05138964,-0.0021888944,-0.0030082436,-0.045430608,0.03389193,-0.0061701243,0.00031212723,-0.0019572303,-0.062437475,0.02224733,-0.047667127,0.019675585,0.038068652,-0.012430389,0.08433694,-0.00866498,0.056777816,0.008271666,-0.028332602,-0.0016177946,-0.0144266235,-0.018941304,-0.06928897,-0.010035115,-0.005014694,-0.022076447,0.050717924,-0.019214723,0.036004387,0.008333645,-0.0069495975,-0.020547297,0.0007167283,0.030086545,0.00026323585,0.007502776,0.017881129,-0.047430433,-0.021980831,-0.038673047,0.03703023,0.017529493,0.03381494,-0.0067249285,-0.0147630945,0.021693513,0.015454138,0.039942443,0.042989194,0.05677556,-0.006299522,-0.01159902,0.008888216,-0.032976657,-0.024507353,0.015843354,0.029762853,-0.062467184,0.013825259,0.015024577,0.04727474,0.04436498,0.0053236014,-0.02458296,0.026288379,-0.015679985,0.028861387,-0.008027138,-0.045088008,-0.022059828,-0.030125195,-0.020104587,-0.013354923,0.033758182,-0.016446501,-0.05543633,-0.0023634355,0.045153383,-0.029797101
13:41721305:C:T,0.051839404,0.015553145,9.752395e-05,0.00097611774,-0.006750518,-0.006955057,0.0017026725,0.027746588,0.009841276,-0.041195467,0.035223164,0.010241177,0.012288513,0.008725465,-0.012302541,0.041375224,0.015433433,0.02867773,0.024920408,-0.034851763,-0.06484231,0.06517443,-0.016852738,-0.04611184,-0.021135163,0.00035415916,0.026800405,0.034775324,-0.024451371,-0.00038058168,-0.050895397,0.021121083,-0.021441178,-0.05946481,0.047874004,-0.0155532705,0.03181408,-0.016146364,0.017998949,0.01110458,-0.05562823,0.0021674898,0.024146967,-0.00018386352,-0.009002812,-0.01013123,0.07239826,-0.02808113,0.040159676,0.01141583,-0.031181896,0.04335599,-0.052084528,-0.035216037,0.019348146,-0.023385892,-0.0436291,0.020953117,-0.015356759,1.0000026,-0.016024226,-0.015061608,0.004090466,-0.008171089,0.030154077,0.0075827665,0.036250003,-0.010969063,0.05073391,0.074947275,-0.020667112,0.0020869996,0.017565887,-0.057753675,-0.024007395,-0.01968168,-0.054867502,0.005259314,-0.034096256,-0.019004988,0.0054181004,0.009823119,-0.030419055,0.018387211,-0.048677042,-0.0061339126,-0.031181952,0.0047684195,-0.0062854383,0.08166869,0.042137705,0.07315015,0.02554122,-0.022335578,0.038025312,0.046519157,-0.006349444,-0.023974547,-0.034358587,0.014372713,-0.025292821,0.015834542,0.060643323,-0.009807349,0.010951864,0.051230494,-0.022462789,-0.010456291,-0.018730802,-0.032876838,0.03990026,0.01715636,-0.05641485,0.009383585,-0.010886114,0.03802523,-0.0019008102,0.038016368,-0.028114948,0.008207625,0.0025015583,0.058452114,0.015449347,-0.014515102,0.046968333,0.054400805,-0.050323013,-0.027833303,-0.018495254,-0.021402968,-0.015216963,0.0092677465,-0.00898788,0.05068715,0.015004343,0.0054268828,0.028957512,0.048252147,0.06015869,0.045080766,0.03380549,-0.051159807,-0.023891259,-0.014892871,-0.028184986,0.00012005752,-0.016630357,-0.02066713,-0.044522278,0.022965182,0.019067995,-0.02941977,-0.023051815,0.030440195,-0.015061692,-0.028018042,0.00403455,0.019853342,0.0041400143,-0.028304875,-0.050647385,-0.024451582,-0.013132333,0.0027422474,0.019325644,-0.016863111,-0.024197726,-0.04033703,-0.043292016,-0.023042107,-0.038025238,-0.01308148,-0.030237874,0.02464672,-0.00043708805,-0.042642567,-0.05340143,0.065615065
10:105768158:A:T,0.02302292,0.020785004,0.054732665,-0.0151251415,-0.0041708057,0.018546658,-0.000725894,0.040665563,-0.050566465,-0.023703068,0.024586314,-0.059652045,-0.014159178,-0.018354958,0.03962642,-0.009743329,-0.0029641858,0.07461301,0.024603868,0.03522019,-0.04158801,0.009582663,0.0024644425,-0.043061838,-0.022500558,0.0031521297,0.06888357,0.021328164,0.008848403,-0.027619267,-0.059774093,0.019094938,0.017200956,0.023181943,0.024650337,0.036659494,0.0356387,0.037025243,0.024807194,-0.041469872,0.025957797,-0.02263043,0.0014131203,0.03928055,0.009278752,0.026610084,-0.080402195,0.02792748,0.016809456,-0.010693504,0.043405008,-0.021703906,0.0077765146,-0.045475382,0.036783647,-0.07191145,0.015111226,-0.016436597,0.029161977,-0.016024226,0.9999994,-0.004607699,-0.031142918,0.052594528,0.014034445,-0.038903266,-0.04808921,-0.03593562,-0.0058783945,-0.05771464,-0.057114143,0.032635834,0.03346114,0.026780762,-0.011986064,0.018084891,0.020183135,0.014464908,0.019477043,-0.01069123,-0.01822799,-0.00711798,0.011756944,-0.048407886,-0.02838747,0.031415068,0.014119012,0.046622697,0.079039775,-0.022804363,-0.053999722,-0.015229693,-0.049784604,0.01320724,-0.050633654,0.023148855,0.06935714,0.008914289,-0.018377757,-0.025114631,-0.022915691,0.015435227,-0.0067008417,0.07380346,-0.036845285,0.03494291,-0.024990657,-0.028209832,0.008142333,-0.02091894,-0.0031729615,0.017133756,0.021515392,0.048629634,0.020183299,-0.031309873,-0.02171515,0.027546043,0.07441095,-0.011648403,0.0481493,0.09768028,0.038139142,0.009527319,-0.009663484,-0.022725776,0.021403024,0.03789111,-0.10418323,-0.005385115,-0.013690143,-0.031179097,-0.035339847,0.024828788,-0.038051356,0.039796103,0.019077275,-0.017337188,0.005863701,-0.019323228,-0.01570399,0.034500174,-0.043962374,-0.07531148,-0.024043033,0.04844752,0.029168867,-0.007122619,0.0337114,0.014222955,0.02179845,-0.068650685,-0.0031453655,0.037915565,-0.0046074498,0.0015119852,0.012889857,-0.03979205,0.0015840848,-0.013558631,-0.035883166,-0.037035465,-0.005254431,0.01375749,-0.04839982,-0.019236775,-0.022955602,0.0051353397,0.02733254,0.030072143,0.011986045,0.015185798,0.0030877213,-0.08291946,-0.022955664,0.024906777,0.0113750305,0.021752067
5:1431392:G:C,0.0054632886,-0.051571447,0.14327107,0.04596647,0.0067683063,0.000123234,-0.006132584,0.09443276,0.03208254,0.003053568,-0.03836283,-0.03660397,0.02375117,-0.015699895,0.02328708,-0.019728709,-0.035685573,0.043317407,0.037371542,-0.042259116,-0.0018925015,-0.0043551354,-0.012025899,0.021166287,-0.02459198,0.0019613542,0.01718199,-0.029014872,-0.013052902,0.027450599,0.0015484169,-0.008885321,0.007854988,0.027388219,-0.0049482253,-0.0018037624,-0.005527051,0.01006108,-0.01190361,-0.014615574,-0.03609012,0.008756381,-0.018921502,0.041932486,0.010909943,0.008751356,-0.0026643404,0.053207893,0.060052115,-0.024487106,0.029059928,0.031484336,-0.010322781,-0.0116779795,-0.012131225,-0.019447528,-0.062056698,0.04183678,-0.024507422,-0.015061608,-0.004607699,0.99999815,-0.028842896,0.03210332,-0.0027123936,-0.031259734,0.047838684,-0.035184283,0.041586444,-0.015480853,-0.018171724,-0.030182641,-0.025406707,0.0013348369,-0.015575208,0.026478318,-0.014615563,-0.001395473,-0.031222748,-0.0011892024,-0.009944292,-0.0054377993,-0.010298676,-0.029704276,-0.018437767,-0.0060232435,-0.020827727,-0.0012651412,0.007335406,0.008739984,0.018892366,-0.06055197,0.011069789,0.008762261,-0.015575206,-0.0043730806,-0.019606588,-0.036073666,-0.020467319,0.000899538,-0.010059272,-0.049717516,0.012347549,-0.013690783,0.03148475,-0.013592726,-0.041624654,-0.03557881,-0.010609524,-0.014615568,-0.0060851863,0.028926577,-0.027866518,-0.00093024794,-0.01461558,-0.015575213,-0.019447522,0.033050224,0.02791869,-0.027862959,-0.03024744,-0.010760659,-0.025168847,-0.050514724,0.022224458,-0.038610626,-0.008619802,0.042008102,0.046946704,-0.020687886,0.056033287,0.0032939042,0.029854419,-0.0035443015,-0.030445082,-0.0030246263,-0.007682867,0.0048404275,-0.0057672886,0.05117475,-0.003110224,0.019434743,0.007958256,-0.03982759,0.06056392,-0.016034923,0.008033275,-0.018171718,0.045562048,-0.016482636,-0.019003153,0.018003887,0.025711214,-0.014112846,-0.0141128395,-0.0030992543,-0.01359271,-0.010059004,-0.025121152,-0.0026718772,0.03783957,-0.013052878,-0.0145098455,-0.009238771,0.020034846,0.024340076,-0.036133632,-0.02153302,-0.01538634,-0.012467403,0.015575219,-0.027704492,0.021429656,-0.013052895,-0.05504656,0.016971108,0.022131728,0.025366468
6:25874423:G:A,-0.028109763,-0.023584325,0.013258746,0.016647404,0.044349916,-0.031423695,-0.003825778,0.008827978,0.035180498,0.006240438,-0.0042738575,0.017531708,0.048541125,0.022623671,0.0015556515,0.013333403,-0.063247256,-0.0075445445,0.034889538,-0.05890595,0.18526985,0.017539179,0.020377137,-0.029758276,0.023804465,0.041814756,0.07016038,-0.0033026685,0.09312947,-0.015763957,-0.028250093,-0.008099709,-0.010508689,-0.05080858,-0.045768034,0.014494007,0.033371545,0.011706999,-0.024327789,-0.029870294,-0.042581696,0.05603751,-0.038671147,-0.055982437,0.013589408,-0.019289242,-0.018125016,0.0091938805,-0.0073259016,-0.00619037,-0.0425666,-0.04108095,0.024447473,0.040577177,-0.010491535,0.021418702,-0.005281566,-0.011361788,0.011763109,0.004090466,-0.031142918,-0.028842896,1.0000011,0.021910615,0.010667978,0.007843512,-0.04314157,0.30624354,0.00061498466,-0.031638727,0.020875677,-0.043519042,-0.030724872,0.019881377,-0.031831536,0.016878417,0.005903128,0.04962847,0.006731687,0.04533033,-0.020323431,-0.002433259,0.012740423,-0.013873412,-0.008847244,-0.031072667,-0.017077256,-0.0025855917,0.04105451,-0.04428495,-0.03162929,-0.02806742,0.022623677,0.009213292,0.03544279,0.020380832,0.03825372,0.013000124,-0.041829754,0.021102339,0.023507291,-0.031842005,0.033952907,-0.016880868,0.064345665,0.010608253,-0.001712203,-0.03653674,-0.012999557,0.04167609,0.015161634,0.0055711395,-0.006446125,0.045908142,0.0059029916,0.0018056073,0.003943259,-0.034177553,0.0068829204,0.026427936,0.015917918,-0.02199211,0.022380382,0.010794656,0.06061136,0.025725381,-0.032584433,0.025201203,0.010029248,-0.006356382,0.032540713,0.04200282,-0.051266603,-0.120017804,0.027920723,0.00353527,-0.006807802,0.009892536,-0.020715788,-0.008709317,0.0026246598,0.03971919,-0.013520893,0.052812353,-0.050587464,-6.4954016e-05,0.027516777,-0.008131239,0.02008479,-0.033686083,0.025282273,-0.025731634,0.05254644,-0.028842859,0.008167433,-0.027860811,0.01060814,-0.04993472,0.05912527,0.03615738,0.033330675,-0.026676608,-0.0075890278,-0.010184585,-0.0072651883,0.006243911,-0.015868353,-0.01930262,-0.017715309,0.017241217,-0.001805604,-0.008835134,-0.06580419,0.05319428,0.042110752,-0.017342199,-0.015796972,0.014375974
1:32279629:G:A,-0.003536688,0.004385247,0.032328505,0.0077180658,0.023367764,0.02670919,0.008529177,-0.0010435487,0.026768174,-0.045095637,0.0030788437,0.014890948,0.040370364,0.06409591,0.010716339,-0.03483082,-0.00907666,0.045551777,-0.039713696,-0.04076312,0.006173782,-0.054436598,0.004987879,0.049220953,0.03183843,0.0037403791,0.014136649,0.032989573,-0.02304457,-0.02086708,-0.021004796,0.062911086,0.046898626,0.03464423,0.024484478,-0.08841509,0.016195556,-0.01887703,0.01264961,-0.00926967,-0.066118255,-0.009305085,0.017891059,0.0025060882,0.020602882,0.03795011,0.061436273,-0.008440452,0.0063138558,0.0006849877,-0.07211407,-0.0030031884,-0.023236966,-0.01737557,-0.0069384775,0.008550754,0.05992669,-0.0028864231,-0.00016098903,-0.008171089,0.052594528,0.03210332,0.021910615,1.0000025,0.02910705,-0.05795191,-0.010131707,-0.0063056843,-0.005194547,-0.03347292,-0.014206365,-0.022501117,-0.0023959721,0.0065096132,0.008778122,0.038551945,0.023798572,0.027760053,0.06170773,0.02775335,0.022620589,0.027844017,0.013546761,0.02074252,0.03958394,-0.026119553,-0.0014287431,-0.0641004,0.05444255,-0.015442813,-0.042395905,0.022132356,-0.011763537,0.020827882,-0.0067688487,0.038523365,0.03290215,-0.035820127,0.051690407,-0.03657028,0.017478291,-0.020871328,-0.017150551,0.0119837,0.033542637,0.02331573,-0.019978361,0.060799565,0.03936893,-0.025803804,-0.0020371764,-0.028676704,-0.024076309,0.02529519,0.007264408,0.008778105,-0.011641677,0.018946545,0.0051177,-0.07528868,-0.015761938,0.004707795,-0.03935817,-0.003078961,0.039571106,0.004759314,0.016078135,-0.0025916013,0.04938739,0.051040865,0.02675726,0.04540583,0.01584535,-0.04234273,0.015687978,0.012196317,0.02871909,-0.017642597,-0.0021249559,0.021983461,0.013682417,0.0042592147,-0.022223484,-0.0073004803,-0.029437326,-0.013192996,-0.013666494,0.026013844,0.041594937,-0.019286186,-0.056364294,-0.023948722,-0.020915348,-0.0021085744,0.049208824,0.053040836,0.005573186,0.03105597,0.026695501,0.012457358,0.0106339995,-0.023044782,0.035815913,0.0078078746,-0.02129058,0.008313995,0.018299896,0.01146387,-0.009033282,0.009957739,-0.024324775,0.051526897,0.013108917,-0.023044797,-0.0040312363,0.04809244,-0.040442582,-0.015411889
3:169453439:A:G,-0.07324993,-0.049036745,0.0023822535,0.012778867,0.014026156,-0.0022852668,0.026624901,0.0061557377,0.02743253,0.019280689,0.008060804,0.012452798,-0.014476326,0.025339665,0.041794993,-0.048146434,0.011356096,-0.02077524,0.056904577,-0.044275563,-0.003515432,0.015276559,0.036720134,0.032652114,-0.044897083,0.024850817,0.011886321,0.0046287165,-0.031854477,0.052322082,0.03712284,0.032524932,-0.03938681,-0.024706233,-0.054288086,0.08020954,-0.035369966,-0.022080174,0.008417142,0.025669053,-0.04798292,0.06107499,-0.03560467,-0.031060295,0.04155488,0.01566563,-0.03756032,-0.014236847,-0.00476579,-0.022162018,-0.05082857,-0.026459208,0.012459052,0.04817134,-0.012090038,-0.053880595,-0.015344667,-0.028396297,0.0007905212,0.030154077,0.014034445,-0.0027123936,0.010667978,0.02910705,1.0000024,-0.030166548,0.008886096,-0.01503222,-0.015627354,0.011828635,-0.04434671,0.0042107934,0.028869651,0.024265753,0.01966436,-0.049391355,-0.004999551,0.0458712,-0.0006013307,0.011135778,-0.024268284,0.04626184,0.010730543,-0.04811343,0.0150384465,0.015174196,0.03657938,-0.018502245,-0.04168164,-0.019989034,-0.0065843444,0.021615986,-0.021563528,0.036291674,-0.009172927,-0.050169125,0.024095833,-0.005188066,0.01669348,-0.074481964,-0.031744007,0.06176495,0.015185135,0.012807189,-0.003863155,-0.00026166567,0.10089495,-0.03033658,-0.043971434,-0.035668205,-0.008090492,-0.005917002,0.051992554,-0.021007003,0.025669103,0.04850161,0.028519021,-0.022746915,0.03433537,-0.041903205,-0.016693851,0.053956505,0.05271661,0.059353434,0.00028481256,-0.014133418,0.0357925,0.009665401,0.037906397,0.02430763,0.046386726,-0.015720151,-0.018818064,-0.03839781,-0.012475379,-0.029992325,-0.017660668,0.049348254,-0.012981333,-0.012712499,0.0012092259,-0.011248368,-0.017057214,0.0047121663,0.059535734,-0.039132,-0.025255064,-0.019478904,-0.027446657,-0.012919738,0.016447246,0.05031859,0.011813458,-0.034441426,-0.034441404,0.008255174,0.06555884,-0.006559085,-0.0041838237,0.040627178,-0.025139555,0.00238227,0.04836344,0.014734691,0.050074693,-0.075920284,0.010046584,-0.010189815,-0.008962689,0.023640009,0.03801021,-0.022254968,-0.02152886,0.0366192,-0.0065220427,-0.007433763,-0.016247062,-0.052810315
10:5811954:C:T,0.011769073,-0.007703719,-0.028912077,-0.03562423,-0.011880903,-0.02261348,-0.0150581375,0.058081627,0.02200447,0.005536788,0.05913879,0.039720282,0.00052410626,-0.02921621,0.034948938,0.026262209,-0.04591504,0.049985744,-0.04122592,0.046368234,-0.035000656,-0.003975325,-0.052140024,-0.02606944,-0.05823372,0.008612595,-0.026333774,0.034666628,0.008959637,0.0105005745,0.0130052725,-0.016955333,0.009302132,-0.040599708,0.007153589,0.012014076,-0.015267723,-0.023001231,-0.005644058,0.010032526,-0.046677623,-0.040674057,-0.007477439,-0.010588639,0.0014570307,0.0042752447,0.019865703,0.016400956,-0.024090772,0.034136865,-0.04613322,-0.019528788,0.021482797,0.02838708,-0.0041051176,0.055470414,0.029560728,-0.028717281,0.0005297056,0.0075827665,-0.038903266,-0.031259734,0.007843512,-0.05795191,-0.030166548,1.0000015,0.0012660816,-0.020675262,-0.0074302917,-0.009291405,0.021642545,0.006361697,0.06434892,-0.042939022,0.037273504,0.0075731305,-0.006929782,0.024459463,0.0019200135,0.040069982,-0.034391593,-0.0367395,0.006179122,0.00836071,-0.015448048,-0.0136589315,-0.04613339,-0.01985366,-0.008467968,-0.007402461,0.008541435,0.026440617,0.003210503,0.03589915,-0.042473525,0.027715445,0.014489948,-0.0047089513,0.022240002,-0.009751644,-0.026757797,-0.037548218,-0.024321133,0.023431938,-0.06951801,0.033599757,0.019788379,-0.0077414066,-0.051733863,0.0100325,0.0049039233,0.00059739035,0.015934931,-0.034121145,0.026994754,0.037273534,-0.039820667,0.002234281,-0.07665898,-0.019674364,-0.03452623,0.020039212,0.046444554,-0.061681695,-0.039264258,-0.058943577,-0.009460674,-0.031231519,-0.04192492,-0.0056723882,-0.038462274,-0.039890524,-0.06190062,-0.007850538,-0.024693716,-0.008674291,-0.03479126,0.018048499,0.06675908,0.04620044,0.053945925,0.023575325,0.0008143609,0.03511601,-0.029629925,0.02651452,0.0023803595,-0.00586528,0.011049541,0.016347945,0.01980018,0.061761126,0.037857085,0.0564844,-0.013711021,-0.0021257822,0.015397733,0.10557061,-0.0419249,0.063502125,0.014364727,-0.028912028,-0.023171324,-0.008092027,0.0068216347,-0.02977043,-0.0011612251,0.034304284,0.026837261,-0.0015703099,0.026524287,-0.036684368,0.011274357,0.027895352,0.07214908,-0.006167237,0.0147099625,0.009235869
4:7041377:A:G,-0.0039137783,-0.032985825,-0.03812298,-0.060243167,-0.02371645,-0.059527513,0.026456974,-0.026895253,-0.0035685028,0.0049689244,0.07726511,0.0024634693,-0.039245073,-0.018932957,-0.012134142,-0.03575607,-0.013105216,-0.0003280704,-0.00655442,-0.015249212,0.039415684,-0.009739406,0.0078097465,-0.009634134,0.039185937,0.017187707,-0.053869184,0.0009980034,-0.0009244406,0.014761072,0.0040576984,-0.017306041,-0.022712898,-0.012910913,0.003273833,-0.068622954,-0.0350136,-0.05947984,0.0025494036,-0.01353053,0.051289815,0.023882417,0.04827615,-0.051871363,0.03862323,-0.059874274,-0.012421403,-0.02909741,-0.037089463,0.029753735,-0.01928171,0.019035324,0.021301242,-0.04380594,-0.07666392,-0.020658813,-0.007331073,-0.024427291,-0.051402207,0.036250003,-0.04808921,0.047838684,-0.04314157,-0.010131707,0.008886096,0.0012660816,0.9999981,0.02877284,0.07296258,0.021761263,0.0065935296,-0.03245456,-0.067621894,0.027674885,0.0158684,0.04765635,0.0031302464,0.04999738,0.023113726,0.024278102,0.045853905,0.04037836,-0.031889766,0.022175418,-0.022462111,-0.024925714,0.04007428,0.008575286,-0.033535343,0.003916996,0.03643666,-0.040508736,-0.057153452,0.0050073913,-0.031129591,-0.040026773,0.020614218,0.029132647,-0.02457975,0.023134088,0.00010189802,0.04267638,0.016438512,0.0049998993,0.019035557,-0.011391834,0.028325615,-0.048402913,-0.06728908,-0.030191546,-0.026545877,-0.09805189,0.014435998,0.013559147,-0.030191528,-0.046795588,0.036313597,0.037929304,-0.0024738556,-0.04968806,-0.04782796,-0.04175834,-0.023832612,0.04962899,-0.0061743995,-0.009599533,0.00951433,0.009364416,0.020814424,0.014469243,0.021088405,0.039540753,-0.0238247,-0.029542603,0.0048409496,0.0096987225,-0.0070536695,-0.02034855,0.029097091,0.032572452,0.043748546,0.007552378,-0.0072532464,0.03478181,0.0070605977,-0.023984073,-0.015677635,0.060631435,-0.00068748975,0.056930702,-0.043710515,-0.017445443,-0.027027091,0.030601766,-0.03834604,0.02723199,0.04224396,-0.020420594,-0.019200388,0.008810029,0.008291446,-0.03812301,-0.034915753,0.03883914,-0.010128769,-0.010480167,-0.009363526,-0.043713834,-0.0024598977,0.0059862137,-0.015868312,0.004264068,0.031141827,-0.019523693,0.06264408,-0.04240349,0.0026501121,-0.045566514
6:31138910:T:C,-0.0051781298,-0.06833708,-0.0056970543,0.018799534,0.058938466,-0.022568826,0.013297581,-0.0246934,0.03925215,0.061015323,-0.024010707,0.0064919437,-0.00752472,-0.0024470726,-0.031096527,-0.03227879,-0.012184432,-0.020951437,0.021830563,-0.049401212,0.13993227,-0.0042457166,0.031737052,-0.014279804,0.021073788,-0.005850073,0.038417716,-0.05357072,-0.00569697,-0.005966404,0.02032603,0.009786797,-0.045300797,-0.020321377,0.0020012052,0.020217337,-0.007291156,0.015303779,-0.022331923,0.004141185,0.019394502,0.019311728,0.0010094926,-0.020512,-0.0071884533,0.01735494,-0.04164824,0.031460922,0.07842072,-0.03433205,-0.024082474,-0.003605887,0.026268788,0.05730225,-0.0020903312,0.02871037,-0.027206898,0.03860749,-0.007087483,-0.010969063,-0.03593562,-0.035184283,0.30624354,-0.0063056843,-0.01503222,-0.020675262,0.02877284,0.9999997,0.041388977,-0.027681904,0.046094976,-0.047008444,-0.015245075,-0.009025942,-0.023284938,0.04818901,0.025182195,0.068597116,0.01921941,0.008041964,-0.009453158,0.00358295,-0.0065455725,-0.019523274,-0.019488307,-0.01721176,-0.009090543,-0.06855858,-0.01127604,0.011398827,0.0039423928,0.033382785,-0.01853639,-0.00043713278,0.0360683,0.032442268,0.048113067,0.0016225083,0.024087775,-0.0004167858,-0.018377705,0.05478685,0.04982772,-0.034731064,0.011896185,-0.032274246,0.0036226858,0.025127556,-0.030410914,-0.016899487,-0.0021406284,0.03274663,0.019098878,0.02597312,-0.037940126,-0.0035006832,-0.022682097,0.0068750405,-0.041216046,0.00587095,0.05211428,-0.029971747,0.0426408,0.032002103,0.046289206,-0.036389615,-0.02095041,-0.016489305,-0.025059108,-0.0027409925,0.03631907,-0.022271324,-0.009245177,-0.0755307,0.025592443,0.026166927,-0.0369838,-0.0062189107,-0.02402412,-0.06003549,0.028953042,0.0059664627,0.01626492,0.016697487,-0.0027050793,-0.02623511,-0.00861782,0.0119732,0.035567783,-0.02904924,-0.006647957,-0.048182078,0.040859215,0.030120585,0.030120395,0.0019633588,-0.032274287,-0.009738537,-0.061154738,0.0058276374,-0.0255109,-0.029185722,-0.025182035,-0.0014745184,0.023327861,-0.054558456,-0.0029152203,0.00028885648,-0.009022937,0.013104777,-0.07563637,-0.016441746,-0.00791376,0.08825771,-0.0029152085,-0.04080039,-0.006065572,-0.024606945
12:120976371:T:C,0.011693512,0.017310863,-0.008206864,0.018522901,-0.01870919,-0.00020299219,-0.00393314,0.0068374574,0.03129207,-0.0065241978,-0.023202248,-0.049890544,0.040069126,-0.011445632,0.030129774,-0.017392166,-0.012063082,-0.01327213,0.0066016605,-0.010403811,-0.020326912,-0.0070298263,0.004478126,0.014924464,-0.013058123,-0.034468938,0.020576412,-0.0019662061,0.08088988,0.01418471,-0.0505719,-0.04771249,0.010112494,-0.016419392,-0.043411355,-0.017310726,0.029030886,-0.015468298,0.030433211,0.037366856,-0.0004724835,0.002128798,0.038288,-0.050384946,0.04787192,-0.00519393,0.023245929,-0.02142811,0.024708627,0.043036476,-0.041529324,0.00042851252,-0.04933278,-0.0035933557,0.011111366,-0.018880438,0.020396003,-0.0019948182,0.08762586,0.05073391,-0.0058783945,0.041586444,0.00061498466,-0.005194547,-0.015627354,-0.0074302917,0.07296258,0.041388977,1.0000001,-0.012443331,-0.031199634,0.006916035,-0.010719289,-0.029836906,-0.045231137,0.034862217,-0.015840761,-0.009627822,0.027364587,0.07773123,0.009909125,0.013257019,-0.06400906,0.003921035,-0.002998214,-0.00054782035,0.015337877,-0.034317587,-0.04653551,-0.013290267,-0.020224715,-0.030756673,-0.0012737939,-0.0359809,0.0047992053,-0.008546531,-0.004931195,-0.02229769,-0.0016281992,-0.0014811069,-0.0034637125,-0.023142276,-0.012766601,0.07344425,0.03963049,0.017622845,0.013433406,-0.049034595,-0.004056851,-0.042444482,0.004318216,0.02095302,-0.04551211,0.035901014,-0.01584075,0.004799132,-0.012382432,-0.026680123,0.01311176,0.0091354195,0.0016279754,0.005089505,-0.053485103,0.0038063538,-0.01776478,0.08518923,-0.009925311,0.062389776,0.0033299369,0.036289588,0.046601836,-0.011980918,-0.05147555,0.012287092,-0.007969895,0.06760738,-0.056802455,0.018844794,0.015029633,0.011697549,0.009573736,0.039260298,-0.032792944,0.031198937,0.018423673,0.0020793849,-0.033862498,0.03351574,0.027569892,-0.0004945298,-0.041561805,-0.014144196,-0.0274434,0.04158635,-0.013461049,-0.017576527,-0.010925315,0.029306525,0.01245795,-0.04589524,-0.02194417,-0.03790603,-0.003458077,-0.023595719,-0.00072002056,0.0073703947,-0.04231058,-0.007414811,0.030439591,-0.03242363,-0.029814264,-0.015092753,0.03603429,-0.008206929,-0.0063790376,-0.06770918,0.01953449,0.009315496
3:128215821:G:A,-0.015564354,-0.031313915,0.045427196,0.043413848,0.0010011694,-0.035251796,-0.0034278468,-0.05196679,-0.048744068,0.005929806,0.005303533,-0.03050884,0.020307682,0.0110798245,-0.005910563,-0.027113965,-0.03660451,-0.07603116,0.014998214,-0.004339913,-0.033224057,0.029041827,-0.032407295,-0.03228676,0.011997186,0.026881255,0.019443156,-0.00426575,-0.04962246,-0.00037410055,-0.009186335,-0.05401611,-0.021316588,-0.039545864,0.0009223104,0.035641093,-0.060650244,-0.02397529,0.034493078,-0.025763147,-0.014147413,-0.04430761,0.04726345,-0.089834064,0.017296841,-0.061002627,-0.010559635,0.0013958846,0.014072128,0.020854922,-0.060980134,0.028135758,-0.017628687,-0.06495098,0.011422973,-0.02778388,-0.012997794,0.015780093,-0.0024485067,0.074947275,-0.05771464,-0.015480853,-0.031638727,-0.03347292,0.011828635,-0.009291405,0.021761263,-0.027681904,-0.012443331,0.9999987,0.033325076,-0.03187305,0.021145614,-0.022531552,0.01951342,0.008607066,-0.025763158,-0.029741086,-0.04384345,0.030988107,0.013919221,0.0017086568,-0.029897192,-0.020299314,-0.029188843,-0.03677334,-0.012447023,-0.067516275,0.031677548,-0.010594742,0.050577115,0.019180585,0.056654837,0.02261943,-0.012510446,-0.014575412,0.021483166,0.0053345733,0.044506516,-0.055529904,-0.06654129,0.001329844,-0.016690014,0.01657525,-0.022049362,0.013804731,-0.005035319,-0.06160834,-0.028425274,0.042351563,0.023888968,0.031730343,0.022225153,-0.0070581264,-0.008734469,0.035525203,-0.023624497,-0.010685539,-0.007882127,0.036390238,-0.03217251,0.04998736,0.056742623,0.013356559,0.035594206,-0.014061069,-0.07823391,-0.03346302,-0.013009479,0.01744056,0.0028877093,0.0065255645,0.012750905,0.018529186,-0.011328597,-0.08308212,0.04246501,-0.028492358,0.025941228,0.005414558,-0.033860866,0.011777154,0.05377217,0.0027265116,-0.03621408,-0.0064689484,0.053559806,-0.021905994,-0.03551288,0.014407477,-0.007868091,0.014586162,-0.06444832,-0.015480858,0.03737162,-0.03581397,0.050351463,0.0523212,-0.013009517,0.021327507,-0.014491661,-0.030612344,-0.014523187,0.03008322,0.039118927,0.028981289,0.045038216,0.008299901,0.008731784,0.027410975,0.028522016,0.0024533265,-0.003466069,-0.04962231,0.008239512,2.3618215e-08,0.072654806,0.015329224
3:169389753:G:A,-0.0919431,-0.014609847,-0.016806724,-9.816848e-05,-0.008003673,-0.033390902,0.0073690615,0.025180457,0.037979744,-0.009296745,-0.00391115,0.01610418,0.0072511565,-0.012721996,-0.000280966,-0.025402635,-0.020481773,-0.01001651,0.0128894625,0.02983348,-0.033028662,0.019499589,0.0313092,-0.012748128,-0.0059667067,0.035664707,0.015403361,-0.010772524,-0.01680674,-0.007962976,0.016909374,-0.07206278,0.00429327,0.042089988,0.006650993,0.00066546514,-0.023756277,-0.024884788,-0.015326984,-0.018818995,0.001354842,-0.007531484,0.035539165,-0.015865281,-0.0059880763,-0.08037869,-0.0173236,-0.072294995,-0.031928163,0.0021065054,-0.02681784,-0.025881985,-0.0008159348,0.061626326,-0.051660698,0.052507505,-0.012364438,0.05386865,0.0113642495,-0.020667112,-0.057114143,-0.018171724,0.020875677,-0.014206365,-0.04434671,0.021642545,0.0065935296,0.046094976,-0.031199634,0.033325076,0.99999756,-0.01099699,0.032325592,-0.015196326,-0.02005452,-0.038325354,-0.01881904,0.00012003709,-0.040202215,-0.024557011,-0.012804247,0.03960108,0.002782192,0.022048738,0.021544112,-0.030369485,0.012281906,-0.016569056,-0.06385059,-0.00041980072,0.04452856,0.02115578,-0.054683484,-0.008723564,-0.02005441,0.032917555,0.0419798,0.017217549,0.01339406,-0.007284734,0.017626379,-0.027978422,-0.07102481,-0.056544874,-0.025881985,-0.017501837,0.03164911,-0.017073123,0.068164095,-0.01881902,0.037523035,-0.0106687695,-0.040307656,-0.0389143,0.036055725,0.031543706,-0.0011059099,-0.007600469,-0.027275003,-0.034860995,-0.013393851,-0.0058813123,0.022188302,0.030107874,0.091863625,-0.017231323,-0.025858982,-0.022334661,0.06851788,-0.0069567696,-0.013680336,-0.0402022,-0.04562678,0.0020899377,0.016109472,-0.054998584,-0.012816377,0.016109344,0.017032228,-0.042728473,-0.0069568027,-0.010410396,0.0015441544,0.0045977174,-0.014995297,-0.020646395,-0.039518863,0.02109779,-0.026689233,-0.021222891,0.036419448,-0.0019386989,0.0067781555,-0.01817173,-0.01817173,0.027851371,-0.017501831,0.040157992,-0.06327752,0.013660087,-0.034206092,0.04445269,-0.00659434,0.021457467,0.052209236,0.007508562,-0.006291545,-0.02772566,-0.012289435,0.035437327,0.02005455,0.007523206,-0.012436527,0.044452716,0.008531479,-0.04655403,-0.007611921,-0.023442456
6:203722:T:G,-0.020656478,-0.055400826,-0.027915524,-0.025453001,-0.00437138,0.06184763,0.002419683,-0.08168163,-0.0071481164,0.038011614,-0.010830631,0.015177861,-0.048236147,-0.02512979,0.024530955,0.035122104,0.03798181,0.0069382982,0.002347472,0.06790468,-0.088716604,-0.04197161,-0.02263455,0.026478646,0.026180713,-0.028665643,0.06620424,0.019918533,-0.027915508,-0.0062222555,-0.0060298867,-0.019693047,-0.01783178,0.03720255,0.0040971464,-0.06685929,0.015765121,0.053721543,0.058510967,0.037475113,0.05759426,-0.0061373487,-0.041125122,-0.05372148,-0.022675766,-0.031026637,-0.033540417,-0.041456256,-0.032208152,-0.052369222,-0.020056807,0.007651472,-0.07364391,-0.0022330675,0.092799544,0.044148207,0.041834395,-0.016874926,0.0197367,0.0020869996,0.032635834,-0.030182641,-0.043519042,-0.022501117,0.0042107934,0.006361697,-0.03245456,-0.047008444,0.006916035,-0.03187305,-0.01099699,1.0,0.04749358,0.013448307,0.031318553,0.03043806,-0.03125778,-0.012587208,-0.032890316,-0.034005966,-0.021267457,0.017556261,0.043666244,-5.5962286e-05,0.024543334,-0.0077313636,0.102377295,-0.0034255362,-0.063598394,0.017473456,0.010882974,0.025692549,0.027428627,0.031268723,-0.0009958425,-0.014717006,-0.07149166,0.06627035,0.055798158,-0.039054483,-0.08299506,0.043448005,-0.03640528,-0.07954782,-0.017668815,0.007808135,-0.022288391,-0.015891792,0.0011443713,0.0031086989,-0.023745526,0.057576843,-0.027712747,-0.005925961,0.003108858,-0.0009958188,-0.03979266,-0.024945585,-0.045303185,0.019868588,0.018879695,-0.041990325,-0.017103203,-0.04964782,0.037106637,-0.027528133,0.03394715,0.021169394,0.01281098,0.021080686,0.0073324447,0.034877725,0.008631403,0.06325728,0.004166346,0.0068664444,0.019577801,0.038805183,-0.0104963295,-0.0039310036,0.012452829,-0.005284242,-0.025219621,-0.017028302,-0.0132540995,-0.0028735017,-0.01557043,0.016869076,-0.012809011,-0.035250694,0.023890032,0.034213386,-0.043940928,-0.030182594,0.0764812,0.004450508,0.044686463,0.058112025,-0.0107716145,-0.026419366,0.014497165,-0.02791555,-0.017404635,0.026195092,0.026306702,0.008474198,-0.009643042,0.0014156128,-0.03761709,0.036852553,0.03331013,-0.0059664254,-0.008067671,-0.027915616,0.04605609,-0.00416504,0.011317581,0.0054025794
5:1215883:G:A,-0.018470574,-0.07537001,-0.023498336,-0.003905082,0.005668113,0.005294934,0.029402439,-0.0036942225,0.026933283,-0.044776183,-0.019198751,0.006199949,-0.014079349,0.030881014,0.037006687,-0.0054411655,0.030369759,0.016434528,-0.03405162,0.00088742335,-0.0409109,0.040150926,0.0881474,0.019101648,0.036784317,-0.014633635,-0.0083576515,0.009048292,0.021273037,0.06476434,-0.015660573,-0.0321069,-0.01989192,0.009400999,0.04058185,-0.046923958,0.032972552,-0.004578757,-0.021429278,-0.026311621,-0.012542369,-0.05143159,-0.049424987,0.014506108,-0.019407732,0.032127246,0.013480473,0.0030255727,-0.020339197,-0.019500058,-0.037495073,-0.0066379574,0.016064113,0.01436341,0.056037113,-0.032211315,0.030108877,-0.00225144,0.045031462,0.017565887,0.03346114,-0.025406707,-0.030724872,-0.0023959721,0.028869651,0.06434892,-0.067621894,-0.015245075,-0.010719289,0.021145614,0.032325592,0.04749358,1.0000021,-0.00034400797,-0.028039273,0.010394789,0.0137937255,-0.0011111107,0.0031051293,0.055993028,-0.01790216,-0.04871429,0.037377506,-0.06847621,-0.027034944,0.014699387,-0.03749513,0.0044416753,0.02294525,-0.052516904,0.034011133,0.012194933,0.015547309,-0.042710822,-0.028039277,0.06412488,-0.008117585,0.044786297,0.07935173,0.006247115,-0.0039939284,0.020636795,-0.055959534,-0.028201982,-0.0066381544,-0.024470102,-0.01263355,-0.03797763,0.030966777,-0.026311645,-0.013901563,0.042069037,-0.008104848,0.024359053,-0.026311569,0.009671178,0.026563583,0.06275696,-0.010008867,0.018086867,-0.021252742,0.027250318,-0.026098266,-0.03614933,-0.032976534,0.012885073,-0.03469539,-0.03122688,-0.047190167,0.017414846,0.027934354,-0.036437314,0.013284221,0.01307042,-0.014385195,0.044353727,-0.040896796,-0.014385201,-0.02754282,-0.024304857,-0.053065203,0.0023758116,0.05248925,-0.08602874,0.008498054,-0.028866667,0.034015473,0.032325353,-0.034942243,-0.02967262,-0.001691203,0.0023690388,-0.014397954,-0.025406728,-0.025406752,-0.012474409,-0.024470113,0.012473005,0.007851063,-0.033138257,0.10617676,-0.023498315,-0.004918033,0.04187066,-0.014893139,0.011770252,0.04018888,-0.0110676,0.06245881,-0.02472483,-0.009671165,-0.025002249,-0.021394784,-0.023498321,0.018522328,-0.019442242,-0.020756388,0.025664324
5:139011509:T:C,-0.0027889104,-0.0011803699,0.006409442,0.011511675,0.004256012,0.017384695,-0.042218395,-0.011015552,-0.024505418,0.038265783,-0.0069383234,-0.03425246,-0.008597466,0.0022445712,0.013421946,-0.045065735,-0.027550822,-0.017769957,-0.061810263,0.0031074258,0.039444685,-0.013374847,-0.015819263,-0.06401229,0.023007108,0.028976405,0.019378962,0.0062861606,0.0064095696,-0.024991864,0.058494583,-0.0183413,0.007616334,-0.030265924,-0.042106327,-0.056541678,0.04699474,0.036178447,0.012452858,-0.03338585,0.03068452,-0.013361599,0.019545937,0.0039842916,-0.05011721,-0.024570733,0.0037727961,-0.021535123,0.06133314,0.04351795,0.044910274,0.0019012092,0.019209553,0.017465966,0.02510755,-0.009887668,-0.014059961,0.057908893,-0.017242141,-0.057753675,0.026780762,0.0013348369,0.019881377,0.0065096132,0.024265753,-0.042939022,0.027674885,-0.009025942,-0.029836906,-0.022531552,-0.015196326,0.013448307,-0.00034400797,0.9999974,-0.0050649387,0.058673926,0.06396565,-0.04739264,-0.0073308223,-0.008905907,0.024596613,-0.03210598,-0.046147022,-0.01398888,-0.057685986,-0.028347142,-0.024454532,0.03720647,0.012816041,-0.008798034,0.015279808,-0.0019217313,0.014651626,-0.07068533,-0.035577778,0.014072803,-0.00841624,0.02267796,0.047266744,-0.047872752,-0.035349812,0.00461026,0.016342742,-0.029834885,-0.02200746,-0.03104936,0.0057374407,-0.013880244,0.050033942,-0.033385858,0.04987846,0.0782187,0.010957095,0.00035355464,-0.0009353867,-0.0050651417,0.0059642084,-0.013483393,0.019884506,-0.045039274,0.023247764,-0.010434086,0.04773377,-0.034114093,-0.043721966,0.0010692993,-0.018719818,-0.012113887,-0.045454234,-0.012341653,0.008779927,0.00866653,-0.013043665,0.058792036,0.012224936,0.008200966,0.009535733,-0.020483062,-0.018381026,-0.007287369,0.0039518625,-0.007603274,-0.015273024,0.008156543,-0.0055134497,-0.0069601033,-0.029834926,-0.041508842,-0.0031827944,0.049023308,-0.022635326,-0.0034393405,-0.038274392,0.034907356,0.13562489,0.039646443,0.03859518,0.01794642,-0.023186393,-0.032395635,0.003182127,-0.02981617,0.018324524,-0.00926976,-0.0648174,-0.034031067,-0.011161853,0.018044436,0.028017156,0.024114616,0.035578024,0.024183752,-0.0054931366,0.0064095934,-0.011161743,0.027529836,0.019711459,-0.064245775
16:14652220:T:C,-0.00894148,-0.080015264,-0.014405297,-0.018018397,-0.017087491,-0.08169821,0.035274133,-0.017982885,0.052137617,0.034049984,-0.015965141,-0.022797886,-0.024891565,-0.022540051,0.04129791,0.025947163,0.056595184,-0.03459147,0.0030261865,-0.022214415,-0.051296253,0.015350133,0.01814356,-0.029985648,0.012070228,0.03739139,-0.004415201,-0.027277902,-0.014405365,-0.0077514634,-0.02357074,-0.02130943,-0.04870581,-0.009346367,0.048902646,-0.00083584187,0.056329418,-0.019274453,-0.013136977,-0.01613007,-0.012100324,0.002394122,0.05345691,0.019274648,0.019784922,0.04035992,-0.015828975,-0.017170224,0.011191293,0.050985295,-0.022986066,0.07158458,-0.020072902,0.005827768,0.0066003203,0.008513062,-0.07841427,0.046171784,-0.053241894,-0.024007395,-0.011986064,-0.015575208,-0.031831536,0.008778122,0.01966436,0.037273504,0.0158684,-0.023284938,-0.045231137,0.01951342,-0.02005452,0.031318553,-0.028039273,-0.0050649387,1.0000012,0.023307873,-0.016130116,0.040691383,-0.0030870584,0.018106515,-0.010974683,-0.04460249,0.04158218,0.0044097602,-0.014242024,-0.020951094,0.022354983,-0.013390291,0.031276353,-0.010659227,0.02865919,0.012750954,0.0017897475,0.001937148,0.042645644,0.010074311,-0.026614115,-0.010059819,-0.022588043,-0.06509397,-0.016700076,0.029977202,-0.009634269,-0.043315,-0.022183757,-0.015001122,0.0034883781,-0.0013432584,-0.00067559135,-0.01613009,-0.038275078,0.039861448,0.033417594,0.018412042,0.04750427,-0.017189024,-0.06920126,-0.019102281,-0.02337779,0.024570238,0.022588063,0.034358494,-0.023087274,-0.018969258,-0.014074644,-0.024884904,0.038032874,-0.019143319,0.011263977,0.01140226,-0.014543521,0.028283259,-0.055027694,-0.02705815,-0.03359959,0.06333108,0.0062122694,-0.0015300486,0.008383609,0.048080157,-0.004573514,0.0077514495,0.08194966,-0.022354655,0.024007339,-0.017696405,-0.043315023,-0.020054495,0.09667932,-0.018190565,0.027909819,-0.051631823,-0.025639156,-0.015575198,-0.015575198,-0.010258304,0.053284604,0.06168412,-0.032402616,-0.033354677,-0.016386295,-0.014405307,0.034451436,0.028481297,-0.013418034,-0.0029846327,-0.030055227,0.020181807,-0.046637885,0.0061438885,0.01718901,-0.03512897,-0.062225286,0.12767111,-0.04724428,-0.023136554,0.03217896,-0.030717505
12:123895906:G:C,-0.02450499,-0.018042669,0.03572364,0.0020928776,-0.0067201233,0.006716809,0.005863322,0.035608657,-0.028441798,-0.021800617,-0.020299619,-0.013601358,-0.04503703,-0.011699534,-0.075603805,0.0077716536,-0.020273753,0.013622183,0.011267625,0.03341982,-0.014456175,-0.058015887,0.034362033,0.02722693,0.049363464,0.017970167,0.00042016967,0.042107034,-0.0035957063,0.025813071,-0.011847236,-0.035226952,-0.027413366,0.009005073,-0.055135388,0.018042661,-0.03293554,-0.019854948,0.046921242,-0.004026236,-0.022732096,0.004647473,0.012325296,0.028573418,0.070162825,0.04380495,-0.0016258069,0.06324001,-0.049514275,-0.021138478,-0.043381684,0.011762761,0.02972024,-0.021561576,-0.008705967,0.03991055,-0.021165695,0.011525332,-0.01279249,-0.01968168,0.018084891,0.026478318,0.016878417,0.038551945,-0.049391355,0.0075731305,0.04765635,0.04818901,0.034862217,0.008607066,-0.038325354,0.03043806,0.010394789,0.058673926,0.023307873,0.9999986,-0.0040263706,-0.008586107,0.023231978,-0.033468455,0.057171457,-0.01146867,0.06158471,-0.043315563,-0.00012211574,-0.041904997,0.057002544,0.03604119,-0.012235106,-0.03651153,0.05563154,-0.04828783,0.055633023,-0.011853683,-0.009810471,-0.06832918,-0.0360029,0.0036836332,0.01562167,-0.06478115,0.0061814114,0.049620897,0.040596016,0.03890046,-0.027162697,0.04035054,0.020449765,0.015640838,-0.00251556,0.03119515,0.0065184683,0.0226134,0.009609197,0.030900829,-0.10969076,-0.026369672,0.014101687,-0.033341736,-0.001718737,-0.010498748,0.03540239,-0.046639316,-0.046734493,0.025153939,0.0046979524,0.0048985546,-0.010444884,0.05493784,0.028758207,-0.007383392,-0.017873576,0.014550212,0.03169405,0.007564632,-0.011345453,0.02490656,-0.03777093,-0.029095866,-0.040311784,-0.0060432046,-0.00738337,-0.008123751,0.00033046128,-0.006357189,-0.014653166,-0.004417224,0.03343641,0.03307328,0.034237284,-0.014993321,0.02357458,-0.0038348942,0.04391266,-0.009961069,-0.028180761,0.009491273,0.04035071,0.0061814394,0.0045887604,0.0131667135,-0.08385871,0.055383425,-0.02675678,-0.015389847,0.0855362,0.047291223,0.025610618,-0.03431011,0.026660562,-0.0064385976,-0.023307983,0.029054698,0.048296746,-0.0035957964,-0.026716912,-0.012806018,0.0083858585,0.011379541
5:1289277:G:A,0.00035088707,-0.07306205,-0.013517795,0.023232618,0.0111331735,0.02438223,0.0030619784,-0.068111025,-0.06943036,-0.03925446,-0.039729506,-0.031668756,-0.023357794,-0.018107217,-0.038091544,0.030319322,-0.021252923,-0.029787244,-0.007548119,0.03415953,0.04307048,-0.030710783,0.0057698507,0.03178683,-0.02713614,-0.025214897,-0.023642719,0.030484352,-0.0135178035,0.052706115,-0.073391885,-0.013279864,0.004545481,0.053615198,0.014147652,-0.030120436,0.0051405425,-0.017101603,0.07035023,-0.0151361795,-0.007885292,0.0064911284,0.03095143,0.03385361,-0.029883847,-0.0210769,0.0006678948,0.011078891,0.015326558,-0.025359334,0.026650643,-0.020816904,0.0077725975,0.00034613773,0.01255947,-0.026043858,-0.03493813,-0.009029826,-0.02816603,-0.054867502,0.020183135,-0.014615563,0.005903128,0.023798572,-0.004999551,-0.006929782,0.0031302464,0.025182195,-0.015840761,-0.025763158,-0.01881904,-0.03125778,0.0137937255,0.06396565,-0.016130116,-0.0040263706,0.99999547,0.05765121,-0.03233504,0.029746532,-0.010298512,0.019000167,-0.048713252,-0.032344315,-0.059357017,-0.029056132,-0.021569666,-0.0254046,0.032249503,-0.014942365,0.044480648,0.031325273,-0.043982245,0.017298667,-0.016130118,0.0007536148,-0.022069175,-0.010404923,0.027822869,-0.004274636,0.043172706,-0.01512509,0.0045411205,-0.038175844,0.029045096,-0.0140769,0.11458685,-0.023402767,-0.0016003314,-0.01513619,-8.6421045e-05,0.021515107,-0.012479793,0.066224486,-0.015136186,-0.016130103,0.040076163,-0.011133216,0.0729835,0.019963646,0.021196352,0.014424855,-0.0011278304,-0.022681324,-0.038563866,0.0047879466,-0.010949277,-0.01796383,-0.027674463,-0.02627919,-0.0035113797,0.00102782,-0.047472488,0.037357554,-0.03152977,-0.034645,-0.030792585,0.036682837,0.004886152,0.008344591,0.041681767,-0.030046929,0.04044074,0.0059056813,0.010886127,-0.01660601,0.045815177,-0.01881903,-0.005447623,-0.017069768,-0.0023512458,0.013012455,-0.01583226,-0.014615479,-0.014615516,0.0011538203,-0.014076913,-0.01240212,-0.027674431,-0.026668273,0.013024624,-0.013517789,-0.05975121,-0.001341129,-0.040489677,0.014626327,0.014809971,-0.022300024,0.008184785,0.06598389,0.016129984,-0.052906156,-0.07160418,-0.013517811,0.014809961,-0.008201955,-0.0051184646,0.021207502
3:160160452:G:C,-0.027173689,0.008802412,0.051487178,-0.0005627311,0.04824971,0.023584109,0.009997178,0.06381005,-0.016668618,-0.019756515,0.053028204,-0.019854032,-0.013173473,-0.047581043,0.026783563,-0.009041332,0.012561312,-0.05738722,-0.012508994,-0.045005597,0.039899915,-0.0065038847,-0.023362048,-0.03504126,0.005783529,0.006142074,0.007198795,-0.005599813,-0.0039294334,-0.023460848,-0.004838927,0.005911142,-0.0061188107,0.043574173,0.016115293,-0.004597744,-0.020406349,0.045840774,-0.006952644,0.024557266,-0.02107937,-0.016686762,-0.05370577,-0.037649028,0.04624659,-0.013434717,0.035645053,-0.037453726,-0.032530513,-0.02850169,0.011414961,-0.01417887,0.037458383,-0.038697675,0.041394003,-0.022502242,0.0014450386,-0.04341135,0.0031234052,0.005259314,0.014464908,-0.001395473,0.04962847,0.027760053,0.0458712,0.024459463,0.04999738,0.068597116,-0.009627822,-0.029741086,0.00012003709,-0.012587208,-0.0011111107,-0.04739264,0.040691383,-0.008586107,0.05765121,1.0,-0.01823642,0.01394911,-0.0009832372,0.022118589,0.04719693,0.0071761864,0.007839829,0.008260349,0.023204993,0.040914763,0.003882648,-0.0024044404,0.031746984,0.008546988,0.0030313078,0.010346104,-0.0059852987,0.0032578001,-0.025166959,-0.0016428893,-0.031131169,-0.0016386035,-0.02810165,-0.01738183,-0.027870156,-0.00051558344,0.010203798,-0.011490376,-0.037164394,0.0025864753,-0.05129765,0.024557244,-0.014800108,-0.0033320053,-0.020681487,-0.00622976,-0.05817765,-0.0059852996,0.021955749,0.031739317,0.05261126,0.035940163,-0.08872326,0.013431693,0.024688035,0.0386017,0.027434919,0.03840834,-0.02353017,0.054393798,-0.06163255,0.0016848991,0.022736695,0.022550343,-0.0060573583,-0.048215073,-0.06614919,0.039968498,-0.052857764,0.008902751,-0.022189895,-0.0002430743,-0.03570272,0.023460811,0.050178546,0.051172394,-0.021389749,0.048121423,0.020020485,0.013537171,-0.017785793,0.010997862,0.0010463604,-0.035208263,0.017460138,-0.0013954128,0.015723594,-0.044554934,-0.011490441,0.005868939,-0.0048590237,0.039759234,0.0075629116,0.014542755,-0.04288466,-0.0017754657,-0.017543096,0.03496984,0.008650712,0.01256324,0.03755627,0.025182351,0.005985291,0.026524946,-0.02478093,-0.059345745,0.03546895,-0.034091987,-0.032319587,-0.030325038
16:3644120:G:A,-0.038932413,-0.031737134,-0.028877517,-0.042480953,-0.03313822,0.038957424,0.036317743,-0.0500821,-0.025513612,-0.035066307,0.011916426,-0.0210049,0.038361274,0.033601534,0.018806782,0.03141089,0.017821254,0.011032866,-0.016124962,0.03455842,0.01081262,-0.0025900584,0.012325681,0.05655543,-0.0042456146,0.03624018,-0.064125225,-0.013211473,-0.028877357,-0.1219873,0.022259641,-0.01898746,-0.02331955,-0.009948909,-0.0030300603,0.0063036694,0.01931307,-0.017263813,-0.026334917,0.0010278339,0.05099902,0.007938114,0.03033883,-0.01576983,0.020076098,0.032981034,-0.0025155863,-0.035413213,-0.014428189,-0.033723913,-0.022306783,0.0292721,0.037842102,-0.022156116,0.03127628,-0.044770755,0.009030413,-0.010686158,-0.018510638,-0.034096256,0.019477043,-0.031222748,0.006731687,0.06170773,-0.0006013307,0.0019200135,0.023113726,0.01921941,0.027364587,-0.04384345,-0.040202215,-0.032890316,0.0031051293,-0.0073308223,-0.0030870584,0.023231978,-0.03233504,-0.01823642,1.0000043,0.0279124,0.026642086,-0.032268457,-0.013030656,-0.018137757,0.013632933,-0.044572808,-0.022306826,-0.04122824,-0.028333701,-0.012601006,-0.027804865,-0.00879799,0.008089759,-0.07386594,-0.034457978,-0.050037414,-0.014679589,-0.00065932167,-0.045280654,-0.012126156,-0.031060303,-0.032311186,-0.033661116,0.0081597995,0.029272508,-0.030071735,0.011565643,-0.0106318155,-0.006118166,-0.03233497,-0.05452171,0.018218327,0.020442214,-0.02498886,-0.032334965,-0.0030873197,-0.02847281,-0.0048095067,-6.981268e-05,0.00808975,-0.0030508325,-0.018958418,0.037750307,0.011539233,-0.039881486,-0.00061434414,0.08363201,-0.010092583,-0.017147657,0.04995534,0.09726725,0.02960834,-0.028694114,-0.011886306,0.050340924,0.007548746,-0.05195573,-0.06735535,0.0770564,-0.032069836,0.016451875,-0.04557056,-0.015463105,0.012616079,-0.030949779,-0.035474684,-0.012543397,0.013902778,-0.00785389,-0.0067617046,-0.005022871,0.04399625,-0.03669487,-0.031222846,0.003293977,0.04261734,-0.030071754,-0.031060414,0.0057462915,0.0044851806,0.03329578,-0.028877536,0.0061163167,0.007949926,-0.011557869,0.006904152,-0.010418541,-0.024597859,0.008948358,-0.036119692,-0.059653867,-0.023888698,-0.045070652,-0.028877528,-0.019430619,0.020217083,0.01562643,0.04530466
1:20916238:G:A,0.06696476,0.03135848,0.010427396,-0.07142776,-0.047983453,0.0037112476,0.01034495,0.07493652,-0.04877672,0.0024976926,0.04063236,-0.04877806,0.04590433,-0.021345342,-0.019710528,-0.03844499,-0.01948046,-0.018138772,-0.020373998,-0.005543107,0.006711397,-0.0005487843,-0.03472889,0.011851625,0.024396421,0.03784084,0.008402683,0.00948489,-0.029918935,0.0077464385,-0.03624938,0.030570075,-0.0027609968,-0.01888296,0.011100105,0.023745006,-0.01299079,-0.03402389,-0.04200226,0.02974647,-0.052537866,0.0003447541,0.07464095,-0.01070697,-0.020445202,0.020953178,-0.0033617318,0.031073356,-0.01303934,-0.021051982,-0.021988587,0.024934016,-0.036671188,-0.027653363,0.02241969,-0.01767274,0.04498063,0.022499057,-0.0054659257,-0.019004988,-0.01069123,-0.0011892024,0.04533033,0.02775335,0.011135778,0.040069982,0.024278102,0.008041964,0.07773123,0.030988107,-0.024557011,-0.034005966,0.055993028,-0.008905907,0.018106515,-0.033468455,0.029746532,0.01394911,0.0279124,1.0000025,-0.027184673,-0.046811275,-0.029430503,0.03020734,-6.7532215e-05,-0.029715145,-0.009112976,-0.084013954,0.052653275,0.028468816,-0.009179033,-0.033440247,-0.035163403,0.03399267,-0.032868277,-0.0411711,0.014092914,0.010460174,-0.031642906,-0.026436321,0.05078789,-0.03028752,0.06646785,0.023218576,0.06487613,-0.014996627,0.04260976,0.011453545,-0.013874564,-0.006394803,-0.017488845,0.04301092,0.0045243264,-0.021567369,0.011675846,0.0011147982,0.057362027,0.017152239,-0.050666377,0.025155587,0.04473196,-0.027466172,0.07959124,-0.03961489,0.03742106,0.006094747,-0.022637937,-0.016780963,0.0020585156,0.01825516,-0.04739225,0.001186934,-0.010120025,-0.014697079,0.027357228,-0.009270403,-0.011192188,-0.009070884,-0.050376296,0.022708548,-0.022575235,-0.013796905,-0.014477595,0.02708192,0.0013891874,-0.003711535,-0.027242614,-0.039209668,-0.003312646,0.039981946,-0.019779338,-0.031679243,-0.006979469,0.017506275,0.036201883,0.03535699,-0.014996509,0.050787676,-0.066142954,0.024659622,0.008723217,0.03060053,0.0070798397,-0.058520194,0.013914927,0.00043679925,-0.061321832,0.0088822665,-0.047157507,0.027429711,-0.018106522,-0.021547215,0.036267333,-0.009745795,0.060710493,0.0,0.029295612,-0.005844824
13:73340177:G:A,0.030932184,-0.011265378,-0.0091973785,-0.0031436267,0.046855155,-0.014474175,0.043713175,-0.046342287,0.008637153,-0.031148428,0.01386114,0.037880953,-0.015892476,0.0078000478,0.01640859,-0.013901375,-0.025144992,-0.03572452,-0.016578821,-0.02977687,0.035929184,0.021240056,-0.039472256,0.014914384,-0.00030470247,-0.033376936,2.4028957e-05,0.031037632,-0.009197396,0.035860725,0.01553228,-0.020133998,0.005534704,-0.066605166,-0.0034866338,-0.038880613,-0.016214466,0.043725207,-0.008387582,-0.010298518,-0.025429957,0.03247033,-0.026560128,0.005122802,0.043713175,0.006166399,-0.0018773443,0.012530319,-0.017472412,-0.017254226,-0.014675786,-0.01416365,0.055536963,-0.008228426,-0.028271003,-0.02575336,0.016138636,0.029479288,0.03959576,0.0054181004,-0.01822799,-0.009944292,-0.020323431,0.022620589,-0.024268284,-0.034391593,0.045853905,-0.009453158,0.009909125,0.013919221,-0.012804247,-0.021267457,-0.01790216,0.024596613,-0.010974683,0.057171457,-0.010298512,-0.0009832372,0.026642086,-0.027184673,0.9999989,0.008139186,0.039340336,0.027511204,-0.052757308,0.021631753,-0.014675785,-0.044286005,-0.030774275,0.05513378,0.049637783,-0.042666495,0.0078000524,-0.029798113,0.08180331,-0.0030813678,0.0041876473,-0.061299164,-0.014421761,0.0006337492,-0.027344547,-0.021287099,0.02072313,-0.00964689,-0.014163615,-0.009577747,0.008989472,-0.037542723,0.040426355,-0.010298516,-0.016974721,0.057305284,-0.019635221,-0.053402327,-0.010298509,-0.010974686,-0.025753424,-0.046855133,-0.014926032,0.018693062,0.014421779,-0.027655395,0.033166837,-0.023496762,0.015659902,0.020894669,-0.026716098,-0.012222439,0.06693393,-0.03934859,-0.0107632885,-0.02200029,-0.0047714445,0.009466232,-0.021452382,-0.02893219,-0.042212375,-0.021452386,0.032877736,-0.02904413,-0.014577312,0.030212505,0.0056076157,0.033631958,-0.005418052,-0.011298575,-0.009646897,-0.012804255,-0.035040926,0.076233886,-0.042865753,-0.016057404,0.06909721,-0.009944287,-0.009944287,-0.017027494,-0.009577759,0.013168776,0.033079736,0.041164048,-0.070433125,-0.009197369,0.050636046,0.05346203,0.00081934774,0.0051524565,-0.052113604,-0.015172675,-0.029776867,0.010854223,0.010974689,-0.0030460074,0.04029156,-0.009197367,-0.025460677,-0.059791338,-0.03490352,0.00065057114
12:111904371:T:A,-0.043288905,0.0039737136,-0.023361094,-0.020726735,-0.03975056,-0.0051452694,-0.03976399,-0.0065546846,0.009040491,-0.011094956,0.029454717,0.0021699404,0.040180933,0.008749866,-0.042348053,-0.0014444347,-0.035024468,0.021809224,0.06813131,0.018381542,-0.00368229,-0.01237003,0.006789744,-0.008004606,-0.010284931,-0.03560535,0.02270712,-0.013933627,-0.023360947,0.0196095,0.021883791,-0.058505926,-0.0048117186,-0.015997801,0.0047181905,0.0043720193,-0.056317724,-0.066385634,-0.0045865327,0.002579033,0.0111387605,0.04589377,-0.02018453,0.0094790105,0.0042036464,-0.019786641,0.023918187,-0.019556744,0.010345583,-0.014467578,0.0036752499,-0.031942315,0.012822349,0.009989322,0.02721192,-0.02239086,0.020211384,-0.012463958,-0.022624332,0.009823119,-0.00711798,-0.0054377993,-0.002433259,0.027844017,0.04626184,-0.0367395,0.04037836,0.00358295,0.013257019,0.0017086568,0.03960108,0.017556261,-0.04871429,-0.03210598,-0.04460249,-0.01146867,0.019000167,0.022118589,-0.032268457,-0.046811275,0.008139186,0.99999994,-0.050866973,0.07915482,-0.03767298,0.0016780484,-0.054826558,0.019114928,0.020771893,0.001912127,-0.02697816,-0.019623486,-0.0038069538,0.0013806045,0.0017190505,0.039009195,0.0035738824,0.0011714288,-0.049516104,-0.0287082,0.022130795,-0.0060848445,-0.0072476394,-0.009278271,0.004353571,-0.014048075,-0.035169937,0.044710327,0.036342002,-0.030263186,-0.011996844,-0.023675673,-0.056110494,0.021273972,-0.06310558,-0.029161993,-0.04244531,-0.04429929,0.043660074,-0.01893681,0.013833292,0.0015806258,-0.02512751,0.01907595,0.020516805,0.01085389,-0.031785958,0.028117802,0.0064182854,-0.010326935,-0.006184432,0.008207978,0.03788688,0.008589571,-0.061384607,-0.025378786,0.03086857,0.03792328,-0.005149726,-0.008452385,0.022653678,0.002382926,-0.054227527,-0.00067772064,0.011520504,0.053873926,0.021291573,-0.0003442194,-0.002399291,-0.028280918,-0.0062707523,-0.024498243,0.0041494616,0.028539956,-0.005437797,-0.018839404,-0.03166948,-0.03855114,0.0007840389,0.054236036,-0.06477327,-0.041692697,-0.06274536,-0.0015634482,0.031114763,-0.0097339535,-0.048457753,-0.008296734,0.049894445,0.010604184,0.029162394,-0.0059744483,0.03191474,-0.005029351,-0.008536473,0.0039803,-0.010681953,0.018782642
10:103937244:C:T,0.03686791,-0.01255078,0.027852282,0.017649168,-0.014659036,0.012089748,-0.0016703164,-0.0018535131,-0.02435985,-0.012080056,-0.042501513,0.055435453,0.032861274,-0.027500011,-0.019006342,0.0301138,-0.020331569,-0.042617366,0.012772819,0.011803364,-0.008606433,0.032977346,0.0007186991,0.024986634,0.023766482,-0.022771256,-0.021007854,0.031406257,0.027852254,0.0055452455,-0.04354671,-0.04273904,-0.007344053,-0.012949751,0.0054181414,0.0017222897,0.011223295,0.023487052,0.021061921,0.036513634,-0.0057774126,-0.034640536,-0.045110952,0.06617285,-0.0016703164,-0.0069436994,0.010539943,-0.0002785676,-0.018094989,0.018512506,0.021670595,0.048124466,-0.020196615,-0.0031504538,0.013919993,0.035301737,0.049005624,0.024053723,0.03555601,-0.030419055,0.011756944,-0.010298676,0.012740423,0.013546761,0.010730543,0.006179122,-0.031889766,-0.0065455725,-0.06400906,-0.029897192,0.002782192,0.043666244,0.037377506,-0.046147022,0.04158218,0.06158471,-0.048713252,0.04719693,-0.013030656,-0.029430503,0.039340336,-0.050866973,1.0000006,-0.028934225,-0.024378106,0.0126526365,-0.069418214,0.0674758,-0.003147799,-0.013424613,-0.022446033,-0.05576456,0.005085427,0.043014016,0.02154797,0.028941194,0.0153646385,0.008410348,0.034670632,0.01365196,-0.003948058,0.024535665,-0.0073084948,0.021107316,-0.014668371,0.008045656,0.015726741,-0.037011527,0.05231595,-0.027406495,0.024073556,0.060974162,-0.010082967,-0.019100528,0.036513533,0.021547973,0.035301525,-0.039869167,0.038974386,0.032983784,-0.003804705,0.025232023,0.0006446472,-0.019589286,0.002554244,-0.05499058,0.007355354,-0.057813518,-0.010275356,0.023002284,-0.010095126,0.007977034,0.060227204,-0.053147618,-0.051362358,0.011965947,-0.006687767,0.002326865,0.01749785,-0.01125795,-0.0572346,0.02299018,0.045391075,-0.023625584,0.016572166,0.063435,0.02110735,0.0027821886,-0.013504762,-0.029642804,0.017892646,-0.040190462,-0.052176528,0.011744748,-0.0102986675,-0.05184654,0.008045589,-0.047690604,-0.0029649145,-0.039005358,0.007555093,0.004066716,-0.014879561,0.03136912,0.047085557,0.0332542,-0.018204523,-0.003100722,0.019981122,0.040840093,0.01852098,0.017102292,0.007700126,-0.04350421,-0.029715342,-0.0051645273,-0.007587581,-0.011091054
4:2255063:A:G,-0.016975926,0.024013648,0.02551378,0.035783723,-0.048096564,-0.02335587,0.00024117024,-0.042494483,0.025991246,0.053034075,0.04056138,0.0074808686,0.062397443,0.036434412,-0.042124294,-0.007116406,0.0074328287,-0.047755983,0.011356782,0.029467674,0.015648987,0.020401316,-0.0418563,0.012718186,-0.021265548,0.0028541735,0.0125267245,-4.0180577e-05,0.05024093,0.026598327,-0.004878904,-0.035353754,0.032811828,-0.010833224,-0.022654764,-0.0014993392,-0.0644632,0.015189618,0.009737175,-0.010194216,-0.009085958,0.023370175,0.016411461,-0.03712103,0.00024114196,0.01618793,-0.036851585,-0.010544279,-0.052190986,-0.023415556,0.0012551134,0.0066510527,-0.056617774,-0.027255077,0.018652057,0.019850051,0.0032274728,0.010331238,-0.005665723,0.018387211,-0.048407886,-0.029704276,-0.013873412,0.02074252,-0.04811343,0.00836071,0.022175418,-0.019523274,0.003921035,-0.020299314,0.022048738,-5.5962286e-05,-0.06847621,-0.01398888,0.0044097602,-0.043315563,-0.032344315,0.0071761864,-0.018137757,0.03020734,0.027511204,0.07915482,-0.028934225,0.99999976,0.054105576,-5.2111867e-05,-0.030309595,-0.020025311,-0.007614264,0.028660635,-0.068187706,-0.038028713,0.0025592512,-0.04539087,-0.037245315,-0.021491451,-0.039040115,0.0054978007,-0.044224724,0.038285155,0.08267548,-0.017427744,0.016349262,0.034369547,-0.042307973,-0.003142484,-0.043369893,0.016543925,-0.00038480523,-0.010194252,0.06234528,-0.010952749,0.005104077,-0.03983687,-0.010194214,0.025237102,-0.028841946,-0.021187063,-0.0168462,-0.014162826,0.012136699,-0.029178115,0.030219419,-0.03277688,0.030460944,0.065829456,-0.01161718,0.029210906,-0.046437666,-0.01676001,-0.035200976,-0.0072181867,0.020271335,0.000213696,0.0092763575,-0.064566165,0.026818955,-0.013049277,-0.032165907,0.02419719,0.02772697,-0.048847124,-0.044975657,-0.028597275,0.0032052333,0.021217145,6.9703347e-06,-0.049793005,0.002996605,-0.041735012,0.004768634,-0.024129642,0.005944088,0.039043564,-0.0067884885,0.010818206,0.04439587,0.00082273013,-0.01603811,0.00062116963,-0.023947392,0.00078658445,-0.023847982,0.054408524,-0.008456887,-0.017370854,-0.012495848,0.057386313,0.020966168,-0.071047254,-0.025237024,-0.00555156,-0.0033110564,0.00078662875,-0.01847906,0.07248094,-0.025985213,0.022222437
10:101368199:G:C,-0.074395895,-0.07887909,0.07284085,-0.031151768,-0.029830435,0.061220948,0.0357506,-0.047290616,-0.005578418,0.027596222,-0.015131408,0.050539106,0.02464878,-0.0028471942,-0.007939363,-0.05012391,0.018123977,-0.0065045613,0.028812002,-0.007853021,-0.0061159767,0.037689816,0.028414767,-0.010975362,-0.0076714125,0.024131775,0.010995891,-0.01839889,0.0119450325,-0.07701445,0.04167021,0.033210035,0.022385681,-0.035617564,0.004815981,0.014192115,0.0018144047,-0.054001812,0.0257023,-0.02299095,0.0066159824,-0.0061665545,0.049352683,0.017994676,0.018046813,0.0025637976,-0.008610248,-0.00948326,0.033709835,-0.040748224,0.032015827,0.00053263933,0.032872133,0.023611143,0.0052169273,-0.010542458,0.062253505,0.010948788,0.022676816,-0.048677042,-0.02838747,-0.018437767,-0.008847244,0.03958394,0.0150384465,-0.015448048,-0.022462111,-0.019488307,-0.002998214,-0.029188843,0.021544112,0.024543334,-0.027034944,-0.057685986,-0.014242024,-0.00012211574,-0.059357017,0.007839829,0.013632933,-6.7532215e-05,-0.052757308,-0.03767298,-0.024378106,0.054105576,1.0000008,0.01232399,0.019060014,-0.024228746,-0.0008251932,-0.0058493847,-0.024727117,-0.0016438137,-0.0028472228,0.015551338,0.019952437,0.015118951,-0.0073343082,0.028394029,-0.042732034,-0.013412214,0.010627517,-0.017705549,-0.005391403,0.035364114,-0.012864131,0.02544711,-0.0019232782,0.0030069242,0.0559484,-0.041173987,0.029170852,-0.06427263,-0.0033478942,-0.0035460712,0.01337514,-0.06553383,-0.014983699,-0.016703777,-0.023120213,-0.050286714,-0.036291048,-0.01587019,0.061446935,-0.0017550862,-0.027691567,0.013595778,0.07273778,0.015874023,0.063689284,-0.0034577192,-0.01490158,-0.004294846,0.017747214,-0.04525924,0.0034250817,0.04180906,-0.00071902946,0.021752294,0.018677147,-0.01643865,-0.0034577209,0.028310068,0.033569485,0.05572096,-0.034041084,-0.018573832,-0.015410798,0.036287848,0.039322477,-0.0065013417,0.00859588,0.033466134,0.002194563,0.00037397278,0.019185899,0.056242242,0.0059352,0.033025037,-0.017413694,0.0054671997,-0.015883146,-0.048950516,0.03036869,-0.026910834,0.0026696778,0.023631344,0.030026415,-0.051452257,-0.0008741889,0.0031370118,-0.01995239,0.038654312,-0.009663074,0.01194507,0.015291529,0.022036916,0.016379211,0.02484904
8:95512202:G:A,0.026588881,0.09101358,0.0057507986,0.01596535,0.016123164,0.061681807,-0.0055266684,-0.02516814,-0.00061450247,-0.046125386,-0.010067909,-0.0065062125,0.013849479,0.018710993,-0.024398277,-0.017926373,-0.0156219965,-0.0054663573,0.0556974,0.07538331,0.05158107,0.033566866,0.019104766,-0.01795032,-0.041803204,0.02086936,-0.018436482,-0.03704511,0.045376074,0.031058175,-0.029502595,-0.003333821,0.008462205,0.0019133511,0.034469716,0.026243366,0.0040179216,0.021821683,-0.045346353,0.059682425,0.0055889213,0.009433016,-0.062020835,0.022109762,-0.035766475,0.0025115702,-0.018596739,-0.0044138175,-0.010582739,-0.0073424377,0.021821775,-0.008578838,-0.0040597445,-0.02856652,-0.027259216,0.02890097,-0.016244017,0.029624045,0.0030044427,-0.0061339126,0.031415068,-0.0060232435,-0.031072667,-0.026119553,0.015174196,-0.0136589315,-0.024925714,-0.01721176,-0.00054782035,-0.03677334,-0.030369485,-0.0077313636,0.014699387,-0.028347142,-0.020951094,-0.041904997,-0.029056132,0.008260349,-0.044572808,-0.029715145,0.021631753,0.0016780484,0.0126526365,-5.2111867e-05,0.01232399,0.9999996,-0.028760595,0.041566618,0.017600236,-0.026922362,-0.009049588,-0.00805197,-0.022002835,-0.017520115,0.012424637,0.013470428,-0.03407486,-0.035635207,0.03901275,0.015304828,-0.0071928753,-0.03872653,-0.040761266,0.04719999,-0.021654917,-0.038449503,-0.04139601,-0.010285315,0.020880938,-0.046804037,-0.0065556415,0.036696814,0.056424376,-0.0235351,-0.011308445,-0.071015015,-0.018783234,0.039390214,-0.007262521,0.010196608,-0.026157668,-0.01881364,-0.012236314,-0.03483626,-0.013739266,0.021131098,0.03898213,-0.022448272,0.009473004,-0.004464539,0.018565122,-0.03582349,-0.051394552,-0.013501702,-0.028326415,-0.022541393,0.0049609635,0.043227278,0.015935661,0.0422494,-0.062387817,0.034306973,-0.02344344,-0.040686723,0.00036686924,0.0070646186,-0.013372479,0.08475714,-0.020360963,0.001994875,-0.01914652,-0.032305513,0.074694425,-0.04274597,-0.061107073,-0.008678651,0.037730318,0.065678515,0.058187697,-0.01836414,0.0003775966,0.085001335,0.0035256732,-0.028291091,0.0024487888,-0.052549973,-0.013757929,-0.02319743,0.00045371853,-0.02226217,0.020951234,0.09165368,0.001562985,-0.014061814,0.00062425435,-0.05807526,0.029897697,-0.022240108
4:164081668:A:C,-0.052441306,-0.030596694,-0.019263366,-0.0016225966,0.098135605,-0.036415186,0.016100805,-0.014312446,0.010287689,-0.007118041,-0.036631685,-0.029570797,-0.033285767,-0.04424017,-0.033597227,-0.029115584,0.048037704,-0.026260676,-0.010756598,-0.006843875,-0.023604909,0.05127458,0.038520414,0.020692032,0.06116369,-0.035932254,0.060785957,0.018281806,0.034567136,0.010527988,0.036564402,-0.04604387,0.024379669,0.040419444,0.036181286,0.0060902154,-0.016757896,-0.08405094,-0.01756742,0.026650615,-0.011237245,0.03495647,0.0053207777,-0.023373874,0.03957536,-0.0049809543,0.018043114,-0.020808086,-0.036594924,0.022975305,0.0036202883,0.04139013,-0.019619484,0.012902853,-0.0013794546,0.021776266,-0.0029779961,-0.03152039,0.043231733,-0.031181952,0.014119012,-0.020827727,-0.017077256,-0.0014287431,0.03657938,-0.04613339,0.04007428,-0.009090543,0.015337877,-0.012447023,0.012281906,0.102377295,-0.03749513,-0.024454532,0.022354983,0.057002544,-0.021569666,0.023204993,-0.022306826,-0.009112976,-0.014675785,-0.054826558,-0.069418214,-0.030309595,0.019060014,-0.028760595,0.9999948,-0.007926484,0.022536034,-0.033260807,0.027881648,0.009464169,0.011069385,0.059810814,-0.02298608,0.01424673,0.021339195,-0.026517434,-0.030205688,-0.032058176,0.04172378,0.018749597,-0.017030835,0.0054432205,0.04139009,-0.020060131,-0.042703014,-0.021158734,-0.025690494,-0.021569667,-0.03732388,-0.041517865,-0.031399954,0.068594925,0.026650632,0.022354893,-0.013557542,0.025269922,-0.031261932,-0.009011232,-0.0745772,0.020555763,-0.014045108,-0.044145532,-0.014003354,-0.0049304273,-0.055955317,0.056155894,0.026741253,0.0593984,-0.017281603,0.0014649035,0.008023665,-0.0052305963,0.003671684,-0.036272686,-0.03189153,0.05227464,0.018998679,-0.00083484687,-0.037448976,-0.042818073,-0.02266856,-0.0036445018,-0.047162,-0.023664244,-0.009518143,0.05138124,-0.024170056,-0.024325088,0.02545914,0.004496149,-0.072390445,-0.02082773,-0.020827772,0.0016440657,0.031684536,-0.057271574,0.02674125,0.0040707886,-0.01702778,-0.019263389,-0.010791395,-0.0370814,0.033281,0.009115984,-0.05704749,0.034823857,0.011663695,-0.059531946,0.022985846,-0.010981028,0.0333848,0.08839765,-0.017971361,0.0,-0.040198836,-0.003447065
14:96180695:G:T,-0.03479969,-0.020058319,-0.0359788,0.047504645,-0.014189775,-0.027896758,-0.028690945,0.04193695,-0.017648213,-0.0036211757,0.051188134,-0.029478464,-0.008583477,-0.0146452235,-0.0020813467,0.031179857,0.03752664,0.0140108755,-0.038212348,-0.013035982,-0.031265035,0.04555134,0.04351219,-0.018559149,0.022527818,-0.02921072,0.018201852,-0.013852071,0.030474113,0.0007660291,0.03676619,-0.03478742,-0.049208645,-0.03597304,0.047653135,0.015016167,-0.04726541,-0.0064153587,-0.028770799,-0.025404636,0.04679018,0.010283885,-0.031825203,-0.03287769,-0.02386111,0.017616874,0.012248552,0.02756332,-0.050314814,0.024735782,0.0062117996,0.012817379,0.00816133,-0.0717034,0.075162105,0.022093665,0.007065344,-0.028596053,0.025633052,0.0047684195,0.046622697,-0.0012651412,-0.0025855917,-0.0641004,-0.018502245,-0.01985366,0.008575286,-0.06855858,-0.034317587,-0.067516275,-0.016569056,-0.0034255362,0.0044416753,0.03720647,-0.013390291,0.03604119,-0.0254046,0.040914763,-0.04122824,-0.084013954,-0.044286005,0.019114928,0.0674758,-0.020025311,-0.024228746,0.041566618,-0.007926484,0.9999993,0.013392902,0.022742415,0.05978606,-0.013256349,-0.029818125,-0.05260817,0.023924707,-0.03651075,-0.02008053,0.009773686,-0.0049144807,0.026139185,0.006414126,-0.020815901,0.021139806,-0.008200501,0.04205601,0.0033440592,0.007276962,0.021432597,0.02843952,0.03412242,-0.0088762855,0.024868684,0.0023612955,0.023133684,-0.025404505,0.005267131,-0.060297504,0.019832006,0.0030708103,-0.027192634,-0.052575056,0.010898494,-0.044088986,0.032210506,0.011106037,-0.0019807299,0.047007885,0.0068553146,-0.0078095314,0.033117395,0.01858158,-0.021664174,0.022482608,0.027521439,-0.03558582,0.05043539,-0.01236777,-0.00558629,0.0012012325,-0.007756487,-0.016697437,-0.0007660985,-0.013335029,0.030358564,0.040364906,0.0011541441,-0.0020439003,-0.032658067,0.014831598,0.050258595,-0.0041833213,-0.0056998,-0.0048610563,-0.02179341,-0.0012652769,-0.036829486,0.003344074,-0.018027432,0.046654474,0.021902673,-0.005822786,0.008323054,-0.012165908,-0.041144002,-0.015449432,-0.02879085,-0.0024189143,0.013730147,0.06312098,-0.021670436,0.013390302,-0.03534467,0.033195972,-0.013827757,-0.03993792,-9.173551e-09,0.029893124,0.0011430456
9:826585:C:G,0.0032823936,0.049476765,-0.011562893,0.050090138,0.0074981377,-0.0080333045,0.050336093,-0.01282142,0.041827075,-0.034471314,-0.07201382,-0.03589753,0.006288513,0.0032230103,-0.044332784,0.0040918738,0.009331967,-0.009509926,-0.04052731,0.031427145,0.061277784,-0.0009176233,-0.014771386,-0.0014171507,0.016833013,0.041989822,0.0071700877,0.037437998,-0.029910082,0.012066864,-0.0111138085,0.05380578,0.047345687,-0.008103296,0.045864336,-0.003537028,-0.00093821675,0.061606064,-0.03396937,0.0322495,-0.020630917,-0.024577992,-0.035804167,-0.020923564,-0.033674,0.055837296,-0.024413416,0.0148124555,0.022847105,-0.012457285,0.04595671,0.046775144,-0.015932398,-0.04951901,0.03728042,0.06057416,0.05077397,0.0068628993,0.002928197,-0.0062854383,0.079039775,0.007335406,0.04105451,0.05444255,-0.04168164,-0.008467968,-0.033535343,-0.01127604,-0.04653551,0.031677548,-0.06385059,-0.063598394,0.02294525,0.012816041,0.031276353,-0.012235106,0.032249503,0.003882648,-0.028333701,0.052653275,-0.030774275,0.020771893,-0.003147799,-0.007614264,-0.0008251932,0.017600236,0.022536034,0.013392902,0.9999974,-0.042126313,-0.052174643,0.036896955,0.034642063,-0.02252979,0.01582256,0.023118552,-0.021509325,-0.012840166,-0.0072183493,0.0033254384,-0.030440956,-0.021256257,0.02962872,0.016950538,-0.037987694,0.06879244,-0.080488496,-0.0079221325,-0.0013245137,-0.06636147,-0.0034786097,-0.004784878,0.014152638,0.024017217,-0.04992616,0.03127626,0.056559496,0.034562744,0.00524724,0.03424181,0.007218348,0.01705665,0.02670823,0.030861838,0.03331277,-0.048605718,-0.0112376725,0.0020497434,-0.0054707867,-0.0063410327,0.013618778,0.004075274,0.011503054,0.039704483,-0.017306698,0.020066524,-0.030448167,0.015824478,0.021750484,0.04930912,-0.014593172,0.042961303,-0.0002267428,-0.032149076,-0.015076508,0.03838647,0.011851175,0.056087773,-0.030072695,-0.057279564,-0.0002927553,-0.024405038,0.019692939,0.0073356368,0.0073356107,-0.008985643,-0.019389588,0.016796688,0.034002054,-0.050509594,0.017587729,0.04347923,-0.04097263,-0.0051873256,-0.056611087,0.035027515,0.02290356,0.03389232,-0.031652793,0.007882034,-0.00036876474,0.0128318565,0.021531139,0.0434791,-0.00817314,0.023902295,0.06780321,0.06796291
17:76166689:C:A,-0.0038539316,0.0076364814,-0.013344879,0.014736275,0.010672356,0.023849849,0.006384272,-0.0031897486,-0.04951871,-0.00524574,0.004864164,0.0007703547,0.036183883,-0.03057611,0.024836808,-0.045360405,0.0020565279,-0.02176299,0.00910539,-0.041055456,0.020718336,-0.028294593,0.032430816,0.030618146,0.011977073,-0.01884419,0.044303395,-0.0023302324,-0.08834352,0.023913868,-0.010942199,0.0076714135,0.03178509,0.016163299,-0.04704219,-0.033244066,0.008430256,0.039289072,-0.01900933,0.018648911,0.026532302,0.012576351,-0.04990223,-0.010187003,0.01864895,-0.015571072,-0.015480543,-0.06780965,-0.015174268,-0.02160295,-0.009326293,0.024822911,0.029412644,-0.06113172,0.01045896,-0.03345915,-0.0068637454,-0.0546811,0.025646813,0.08166869,-0.022804363,0.008739984,-0.04428495,-0.015442813,-0.019989034,-0.007402461,0.003916996,0.011398827,-0.013290267,-0.010594742,-0.00041980072,0.017473456,-0.052516904,-0.008798034,-0.010659227,-0.03651153,-0.014942365,-0.0024044404,-0.012601006,0.028468816,0.05513378,0.001912127,-0.013424613,0.028660635,-0.0058493847,-0.026922362,-0.033260807,0.022742415,-0.042126313,1.0000002,-0.026716704,0.05225194,0.091434576,-0.008050709,-0.042244583,0.04315991,-0.0298222,0.024292829,-0.029035361,0.015778232,0.020092446,0.008777341,0.020127444,-0.011515328,-0.024675395,-0.0018812848,-0.027335873,-0.031218316,-0.0077405567,0.035444524,0.028228818,0.047031805,0.0038043545,-0.0011646927,0.018648926,0.05251155,-0.041663945,-0.001120347,0.021531813,0.026086899,-0.03179242,0.021377433,0.017178314,-0.03566122,-0.0024104891,0.042208355,-0.0036255165,-0.017733853,0.04772239,-0.017134696,0.004136197,0.0039589107,-0.027633121,0.05136065,-0.011375569,0.024497464,0.027043955,-0.0029111526,0.027740646,0.007252763,-0.08460029,-0.035160948,0.03588278,0.025993582,0.016568126,-0.0010379187,0.019751778,-0.00041965462,-0.010838629,0.023025058,-0.030418446,-0.053586654,0.03393107,-0.043389127,-0.008636425,-0.002566989,0.016141882,0.0752623,-0.009904262,0.017855003,-0.023686778,0.080403835,0.008351621,0.013013271,0.0039915466,0.022063771,-0.042342663,-0.018148104,0.029854475,0.054590102,-0.03671879,0.030034726,-0.031998985,0.0054048845,-0.01965834,-0.018319912,-0.008618578,0.021326918
3:49959148:A:G,0.020366235,-0.026835177,0.017473532,-0.016672343,0.033785306,-0.019424377,0.03391182,0.021533659,-0.053698055,0.013930701,-0.020925302,0.016461607,-0.019240621,-0.00030295277,-0.0077625406,0.020182244,0.015331235,-0.04643696,0.020833513,0.01513316,-0.061389506,-0.08156637,0.056726746,-0.02046452,0.010813578,0.004897409,0.021747159,-0.014705446,-0.0752393,0.037536435,-0.033328734,-0.0351473,-0.058086473,-0.08417858,-0.044223994,0.022614427,0.008287641,-0.016405275,-0.024648814,0.027870456,0.044693798,0.024962611,0.0027446493,-0.028821617,0.0056104623,-0.04870226,0.06075857,0.007109152,0.0130657945,-0.03339747,-0.043128457,-0.03428061,0.049693324,0.030899448,-0.009373177,0.053273946,-0.026053937,-0.03351781,-0.016081138,0.042137705,-0.053999722,0.018892366,-0.03162929,-0.042395905,-0.0065843444,0.008541435,0.03643666,0.0039423928,-0.020224715,0.050577115,0.04452856,0.010882974,0.034011133,0.015279808,0.02865919,0.05563154,0.044480648,0.031746984,-0.027804865,-0.009179033,0.049637783,-0.02697816,-0.022446033,-0.068187706,-0.024727117,-0.009049588,0.027881648,0.05978606,-0.052174643,-0.026716704,0.9999973,-0.019624373,0.012398461,0.002399849,-0.018195445,-0.026233304,-0.039560333,-0.011247797,-0.014709962,-0.034426536,-0.040120102,0.057960983,-0.036768194,-0.049773857,0.039146904,0.009284014,0.023468604,0.0053347168,-0.014596569,-0.0053495783,-0.00771914,0.013073699,-0.029361732,-0.020636247,-0.055179678,-0.033813607,0.00053224707,0.032339107,-0.08230383,0.03269088,-0.045445852,0.022128697,-0.014965581,0.0001295144,-0.0065764706,0.029708916,-0.05001692,0.002099697,-0.051041648,0.025907164,-0.05537481,-0.011427996,-0.040585674,0.02689807,-0.0010984691,0.010494364,0.033883978,-0.026211036,0.03141092,-0.018092813,0.034247193,-0.015291019,0.04268976,-0.019681286,0.044219222,-0.05446392,0.032684024,0.017591937,-0.006898833,-0.014905858,0.034299444,0.007695719,-0.028595433,-0.015475869,-0.049844738,0.02199737,0.009283953,-0.02648002,-0.022546686,0.010478473,-0.03576916,0.017473537,0.00039731862,-0.062340092,-0.0012372322,0.0150258,-0.015404866,-0.062941864,-0.05499313,-0.03856822,0.0025772424,-0.012041998,-0.0017282749,0.017473463,0.0070288754,-0.028182771,-0.021530915,0.014917571
16:9076936:A:G,-0.0185927,-0.0125283245,-0.027136061,0.004200075,-0.020857247,-0.031140752,0.01734015,-0.0018057736,-0.0054145274,-0.01342064,0.045848884,0.0015886389,0.0011791366,-0.01593584,0.010595869,-0.007078088,-0.00709869,0.01291022,0.016575981,0.0189921,-0.02938466,-0.02869776,-0.019523285,-0.08715083,0.0041712034,0.049349893,0.009522777,-0.03818979,0.02797586,0.056215253,0.044736803,0.046918757,-0.011308013,0.03476546,-0.0044944487,0.025073325,-0.0048856195,-0.030777246,0.012110236,-0.018042663,0.05105821,-0.00602585,-0.03287618,0.010410431,-0.022715418,-0.009391783,0.025708443,-0.0032235824,0.023233041,-0.0013133861,0.04463998,0.047123577,-0.008054756,0.01151777,-0.06312625,0.019957343,-2.3964338e-05,0.024911625,0.006236201,0.07315015,-0.015229693,-0.06055197,-0.02806742,0.022132356,0.021615986,0.026440617,-0.040508736,0.033382785,-0.030756673,0.019180585,0.02115578,0.025692549,0.012194933,-0.0019217313,0.012750954,-0.04828783,0.031325273,0.008546988,-0.00879799,-0.033440247,-0.042666495,-0.019623486,-0.05576456,-0.038028713,-0.0016438137,-0.00805197,0.009464169,-0.013256349,0.036896955,0.05225194,-0.019624373,1.0000015,0.034398306,-0.038111657,-0.03366915,0.023715233,-0.009305907,-0.02935362,0.06373305,-0.019017927,-0.0024111546,0.0062391413,-0.025795653,-0.025605226,-0.0013739414,0.03501919,0.01039307,-0.013788149,-0.023673369,-0.018042749,0.045788363,0.0153194275,-0.05223433,-0.04869432,-0.06741083,-0.00272245,-0.04033403,0.039574716,0.014626422,-0.004100292,-0.0041351663,0.050642557,0.049496975,-0.009999481,-0.018018069,-0.015613823,-0.04955986,-0.018623278,-0.013239771,-0.0032689166,0.023561353,0.015539525,-0.010696267,-0.010361086,-0.0204448,0.040113065,-0.00019115361,0.029314792,0.025758874,0.01699239,0.025650501,-0.028666329,-0.024016237,-0.0064599942,0.0017114304,-0.010767776,-0.0153935775,-0.018874498,-0.005398766,0.025559418,-0.0039826143,-0.023521096,0.001779178,0.07564815,-0.009476856,-0.041337267,-0.017957263,0.058399785,-0.0019473855,0.045725677,0.011819177,0.08308782,0.0018564353,0.0057983696,-0.016644243,0.017488161,-0.038552497,0.008269196,0.04425606,0.051520154,0.0027224307,-0.06453063,-0.013518832,0.027975833,0.0503504,-0.029915806,-0.07537389,0.04534898
1:146722222:G:A,-0.023127558,0.020457309,-0.039279714,0.026508968,0.016163513,0.018918116,-0.01755491,-0.0055024405,0.010720403,-0.0057812026,-0.029655341,-0.08868258,0.051916238,0.040378492,-0.010790495,0.018246591,-0.018326635,0.012468185,-0.04293948,0.02179721,0.01570983,0.011481908,-0.014124735,0.018426994,0.0407905,-0.005817112,0.013682051,0.053479053,-0.010394159,0.01453673,0.0003311595,-0.015304624,0.059318546,-0.03987219,-0.0087503325,0.03214354,0.0110604465,0.0028269077,-0.03582114,0.007767699,-0.040953822,0.02437953,0.009461637,-0.060471125,0.0013397292,0.023453992,-0.032910995,-0.0110093495,-0.027585115,-0.010247686,0.06637874,-0.02236135,0.024232179,-0.03228859,0.04477054,-0.05671688,-0.026167026,-0.02423678,0.028504664,0.02554122,-0.049784604,0.011069789,0.022623677,-0.011763537,-0.021563528,0.003210503,-0.057153452,-0.01853639,-0.0012737939,0.056654837,-0.054683484,0.027428627,0.015547309,0.014651626,0.0017897475,0.055633023,-0.043982245,0.0030313078,0.008089759,-0.035163403,0.0078000524,-0.0038069538,0.005085427,0.0025592512,-0.0028472228,-0.022002835,0.011069385,-0.029818125,0.034642063,0.091434576,0.012398461,0.034398306,1.0000001,0.02636826,0.026119804,0.012085349,0.005744162,-0.012670421,0.032118484,-0.050042037,-0.021163901,-0.013672715,-0.0069825696,0.020732954,-0.0032973364,-0.013137929,-0.01472364,-0.024827622,0.03177906,0.033642795,0.006402609,-0.0033238195,-0.027495904,0.0001650568,0.0077676694,-0.04687002,0.012803561,-0.038236685,-0.009307378,0.020487394,0.061591476,-0.044413857,0.030093482,0.029263671,-0.03514638,3.7667545e-05,0.026646417,0.013605567,-0.00584224,-0.039983485,0.04250253,-0.017422123,-0.03101331,0.014432936,-0.00033690574,0.037083544,0.036617626,-0.026417155,-0.009051895,-0.016726376,-0.0075033167,0.0027902762,0.034207523,-0.05790953,0.016498193,-0.024597112,-0.011379962,-0.0337028,-0.044002432,0.019510398,0.0024433748,-0.010429806,0.07164237,0.011069793,0.03783949,0.0017953597,0.014628335,0.021332804,0.003035523,-0.033843167,0.011111429,-0.010394241,-0.022004478,-0.002638818,-0.007459654,0.027398005,0.022065975,-0.011190628,0.0019349561,0.01251185,-0.074779704,0.01908561,-0.027055394,-0.039279576,0.0010976777,0.062718414,-0.043123856,0.018264106
19:57370055:G:A,0.0014450948,-0.02948242,-0.046982333,-0.0018841503,0.052258607,-0.05313199,-0.010777432,-0.0062102005,-0.016592529,0.015947275,-0.013674513,-0.030724797,0.041199505,-0.011364973,0.029892292,-0.01858814,0.034560505,-0.015456471,0.018355355,-0.027423693,-0.008290594,0.029622957,-0.029813424,0.007241884,-0.035002243,-0.016945446,0.009474384,-0.0092647085,-0.02862021,-0.03710551,-0.003024727,-0.004064403,0.051827565,-0.031325053,0.018295482,0.02530271,-0.028548842,-0.04579884,0.047579676,0.017298592,-0.017014002,0.048428632,-0.085589424,-0.003059693,-0.026792321,0.034856595,0.011648647,0.069506034,-0.004537504,-0.030166212,-0.010508289,-0.035995018,0.0105225835,0.0054364153,-0.030983062,0.014944303,0.07017941,0.002656419,0.0142003065,-0.022335578,0.01320724,0.008762261,0.009213292,0.020827882,0.036291674,0.03589915,0.0050073913,-0.00043713278,-0.0359809,0.02261943,-0.008723564,0.031268723,-0.042710822,-0.07068533,0.001937148,-0.011853683,0.017298667,0.010346104,-0.07386594,0.03399267,-0.029798113,0.0013806045,0.043014016,-0.04539087,0.015551338,-0.017520115,0.059810814,-0.05260817,-0.02252979,-0.008050709,0.002399849,-0.038111657,0.02636826,1.0000007,-0.044461813,0.0068876278,-0.02898479,0.035214394,-0.0051636053,-0.04231505,-0.013050947,0.008609694,-0.019691434,0.012510122,-0.035995,0.01726476,0.04500737,-0.0031582986,0.029973026,0.0008501333,-0.0034730455,-0.061045703,-0.030138025,0.009684539,0.03374714,0.03286946,0.06717295,0.013222644,0.030454671,-0.029857874,0.017077615,-0.019132761,-0.04528639,-0.027406877,0.030104479,-0.025856877,-0.0005473252,-0.038033456,0.038977657,-0.030219655,-0.03628537,-0.00088663143,-0.04496357,-0.059624624,-0.005965684,-0.018546196,0.015870813,0.018902672,0.059884656,0.0051264926,-0.005442998,-0.012459836,0.011362801,-0.014648185,-0.020423062,0.024993718,0.0023031442,-0.022060866,-0.01949362,0.0029114424,0.0058319853,0.0059347306,-0.014445787,-0.025272274,-0.042289533,0.02949717,0.01726478,-0.013050915,-0.017458001,0.008493331,-0.045171425,0.044828545,-0.045342315,0.0477253,-0.0004054775,3.1755568e-05,-0.06737968,0.013369234,0.016767988,-0.014240869,-0.0019371925,-0.03145064,0.017591164,0.044828393,0.048140984,0.0119608315,0.09529412,-0.042000253
5:1354281:C:A,0.043457035,-0.0961857,0.056632753,0.027813401,-0.017087573,0.03099184,0.03527416,-0.07258352,0.05213774,0.012573887,0.03677964,-0.002265412,0.05927964,0.05044983,0.041297976,-0.021772979,-0.04676597,-0.0132294055,-0.033873897,-0.04663785,-0.019254055,-0.03168192,0.078118734,-0.046221144,0.03402811,0.014974577,0.011169601,0.005924062,-0.014405424,0.013554592,0.050937615,0.014479303,-0.0014560797,-0.025175396,-0.03566294,-0.017005872,0.024547461,-0.019274455,-0.013136925,-0.016130144,-0.03982971,-0.031529613,0.002272444,-0.043732077,0.050763372,-0.025767075,-0.0383843,0.031124286,0.049749035,0.05098599,0.02235515,0.024700481,0.00018114218,-0.059677817,0.08291963,0.0085130455,0.014245986,-0.0030584813,0.0017682149,0.038025312,-0.050633654,-0.015575206,0.03544279,-0.0067688487,-0.009172927,-0.042473525,-0.031129591,0.0360683,0.0047992053,-0.012510446,-0.02005441,-0.0009958425,-0.028039277,-0.035577778,0.042645644,-0.009810471,-0.016130118,-0.0059852987,-0.034457978,-0.032868277,0.08180331,0.0017190505,0.02154797,-0.037245315,0.019952437,0.012424637,-0.02298608,0.023924707,0.01582256,-0.042244583,-0.018195445,-0.03366915,0.026119804,-0.044461813,0.99999374,-0.007309499,-0.026614081,0.036220692,-0.022587894,-0.030826641,0.009427995,-0.023209939,-0.04064923,-0.06305899,-0.02218376,-0.015001175,-0.021224886,-0.017431349,0.03021775,-0.016130133,-0.021910995,0.008111359,-0.0025184737,0.018412251,-0.016130114,0.042645648,0.008513003,0.017087582,0.06587445,-0.024864946,0.022587905,-0.043315414,-0.02308732,-0.003365771,0.06698932,-0.0248847,-0.015218436,-0.019143395,0.033097416,-0.03652493,0.017861266,0.028283233,-0.021739768,0.0038043598,-0.0015299846,0.011477028,0.00621227,-0.0015300649,0.008383529,-0.002303906,-0.020549012,0.050363623,0.064288475,-0.038269807,0.0033298116,-0.017696295,0.035660688,-0.020054435,-0.0115791885,-0.01819055,-0.029119082,0.022517586,0.023678562,-0.015575203,-0.015575197,-0.067697085,-0.015001189,-0.016700203,-0.010569219,-0.03335472,0.04623339,-0.014405369,0.014826161,-0.048873313,0.0037338918,-0.03393602,0.03870111,0.02018174,-0.046637878,0.031475466,-0.04264565,-0.013878381,0.0027615656,-0.014405284,-0.030055178,-0.02313655,-0.032955628,0.013713625
12:123042642:A:T,-0.020676324,0.0461483,-0.015837986,-0.008583732,-0.029713873,-0.006476329,-0.017512847,0.024188938,0.03381826,0.07352807,-0.02611655,0.041371264,0.041919865,-0.07980671,0.045250326,0.031518426,-0.019228792,0.03571458,-0.0045555555,-0.060738076,-0.014597858,0.021610374,0.0365757,-0.013175602,0.00038691168,-0.031424783,-0.013111125,-0.06460444,0.025439523,0.0122327255,0.06746423,-0.0062013953,0.019663377,-0.004324552,0.05424882,0.024321068,0.008793092,-0.032139156,-0.0069150045,0.00075354154,-0.0008247656,-0.051092174,0.017758068,0.027562752,-0.026513185,0.02525632,0.008937104,-0.09490284,0.0035188168,-0.022157602,-0.012099231,0.0073930174,0.03931352,-0.0001229581,0.027690869,0.0036044046,0.043815527,-0.077962644,0.0065400433,0.046519157,0.023148855,-0.0043730806,0.020380832,0.038523365,-0.050169125,0.027715445,-0.040026773,0.032442268,-0.008546531,-0.014575412,0.032917555,-0.014717006,0.06412488,0.014072803,0.010074311,-0.06832918,0.0007536148,0.0032578001,-0.050037414,-0.0411711,-0.0030813678,0.039009195,0.028941194,-0.021491451,0.015118951,0.013470428,0.01424673,-0.03651075,0.023118552,0.04315991,-0.026233304,0.023715233,0.012085349,0.0068876278,-0.007309499,1.0000004,0.055399634,-0.009302612,-0.02929857,0.0124694165,-0.014193513,-0.001582047,-0.042837333,-0.034913495,-0.019850036,-0.009880133,0.0332589,-0.000102225276,0.036919005,-0.017734366,0.041630816,-0.0025673972,-0.020886261,0.031580355,0.0007535114,0.027458293,0.0036045122,0.0034281781,-0.02138146,0.00392139,0.015907204,0.035121314,-0.010329135,-0.045211513,0.025471525,0.050573394,-0.038270477,0.02597036,0.029175375,0.038109776,0.028314188,-0.0044664694,0.0028359445,-0.069307916,-0.03073042,-0.031887557,-0.039857756,0.053124934,-0.008426354,-0.0054032067,-0.008304909,-0.05556333,-0.038478043,0.018941829,-0.022489218,0.014348749,-0.017704906,0.04790847,-0.022598324,-0.014513176,-0.014905349,-0.0035441048,-0.03998951,0.014754068,-0.023500195,-0.02905702,0.029798282,-0.0445577,0.08626501,0.0032873135,0.015159253,-0.03647707,-0.07570962,-0.008962806,-0.02872507,0.024930486,-0.036472086,0.007919478,0.052795656,0.014836172,0.04207739,0.007984449,0.009144787,-0.015838278,0.03344389,-0.02016574,-0.0054363287,0.05798008
5:1639658:A:G,0.029101158,0.009806047,0.013373146,-0.030790396,-0.01897284,-0.027199468,-0.010176139,0.0014603669,-0.011726123,0.035964653,0.04101018,0.0046811686,0.04216316,-0.050908256,0.020028515,-0.007566192,0.052001927,0.0035847467,0.01677587,-0.021472601,0.02902954,0.019093158,-0.031828303,-0.04838925,0.014442489,0.02243228,-0.032724284,0.019449519,0.040942,0.030542647,0.020960892,-0.029918054,0.032991786,-0.007584108,0.007609314,0.021570992,-0.032220714,0.022148939,-0.03808708,0.027322095,-0.04014612,0.013911221,-0.08182529,-0.022148883,0.007857373,0.010586591,-0.051040627,0.02923139,-0.019485576,0.0276111,-0.03144936,-0.009730563,-0.0027112067,0.0053066043,-0.009902267,0.044196337,-0.06798818,-0.01898221,-0.0011529764,-0.006349444,0.06935714,-0.019606588,0.03825372,0.03290215,0.024095833,0.014489948,0.020614218,0.048113067,-0.004931195,0.021483166,0.0419798,-0.07149166,-0.008117585,-0.00841624,-0.026614115,-0.0360029,-0.022069175,-0.025166959,-0.014679589,0.014092914,0.0041876473,0.0035738824,0.0153646385,-0.039040115,-0.0073343082,-0.03407486,0.021339195,-0.02008053,-0.021509325,-0.0298222,-0.039560333,-0.009305907,0.005744162,-0.02898479,-0.026614081,0.055399634,1.0000026,-0.081638694,0.0060632755,0.007627599,0.0076501644,-0.015080737,0.030479698,0.008736292,0.008464622,-0.016990753,0.010677758,-0.0027929118,-0.018532017,0.052017804,-0.04260486,-0.027583042,0.014438351,-0.024664776,0.027322195,0.019827789,0.020068545,0.061106596,0.0014976094,0.024588156,0.047599602,0.04523619,-0.007731302,0.018738257,-0.0037945441,-0.016909573,-0.04898376,0.007304345,0.02916755,-0.030765442,0.018494926,-0.051203158,0.002324365,-0.032300465,-0.035184614,0.025778137,0.02234495,0.039489742,-0.020654708,-0.008979676,0.0064340085,0.010800068,-0.024472589,0.013304809,0.038448256,-0.0061494308,0.01639861,-0.018093655,0.0005343963,-0.030751193,0.011916691,0.012385832,-0.009785339,0.0059428094,0.03149229,-0.008324013,0.009509712,-0.002489552,-0.01319844,-0.0029058922,0.05077133,-0.04176432,-0.009433029,0.015469656,0.041758005,0.04398783,-0.0031629975,-0.0006780813,-0.049907785,0.018390931,0.026613982,0.05096614,0.046949748,0.013373218,0.043532763,0.05088065,-0.0068261046,-0.058628157
1:110865634:A:C,-0.00850486,-0.05065053,-0.0019662916,-0.04920426,-0.003979012,-0.00032741553,-0.026311133,-0.009907275,0.024742233,0.004810554,-0.02957724,-0.058072563,-0.03052418,-0.00639759,-0.04072965,0.003179849,0.035549626,-0.032421913,-0.016795445,-0.0032173123,0.025678892,0.0088715,-0.036787517,-0.017143063,-0.06678709,-0.053372737,-0.02955694,-0.054204088,-0.038596977,-0.008813189,-0.031326126,0.008218245,-0.0066481126,-0.034644682,-0.032282095,-0.036899928,0.0023865385,-0.02807283,0.038293518,-0.026811471,0.012436666,0.008815934,0.04145254,-0.008477628,-0.0023500693,0.029327502,-0.0103703225,0.046851996,-0.0434999,0.011396038,0.043622486,-0.027204102,0.010007914,-0.016838588,0.0037945253,-0.0138064725,0.04269829,0.028514447,0.01623181,-0.023974547,0.008914289,-0.036073666,0.013000124,-0.035820127,-0.005188066,-0.0047089513,0.029132647,0.0016225083,-0.02229769,0.0053345733,0.017217549,0.06627035,0.044786297,0.02267796,-0.010059819,0.0036836332,-0.010404923,-0.0016428893,-0.00065932167,0.010460174,-0.061299164,0.0011714288,0.008410348,0.0054978007,0.028394029,-0.035635207,-0.026517434,0.009773686,-0.012840166,0.024292829,-0.011247797,-0.02935362,-0.012670421,0.035214394,0.036220692,-0.009302612,-0.081638694,1.0000004,0.05039368,-0.033310972,-0.06310574,0.02842561,-0.030125601,-0.087509416,-0.039291814,-0.01085041,-0.057243142,0.03641614,0.03083094,-0.059624553,0.010534925,-0.014061065,0.06628369,-0.057462294,0.0060016094,0.03622077,0.04630337,0.041301407,-0.008943632,-0.059124283,0.032792587,-0.049302645,0.023111379,0.010781138,-0.06134341,-0.052090958,-0.050332233,0.0043411604,-0.021475963,-0.05489701,-0.00677697,-0.0006593179,0.009401465,-0.01445883,0.020218961,-0.055842042,0.016324801,-0.012854392,0.0043963837,-0.024766594,0.0068867095,0.0033199985,0.062345218,-0.011861699,0.0026497003,-0.017415226,0.019390354,0.030520795,-0.013073562,0.004820716,-0.02141688,-0.0047984123,-0.0018790008,0.048795488,0.06576898,0.031266965,-0.010850388,0.010995417,0.05170313,0.03572681,0.023286486,0.03466449,-0.033990435,-0.031307556,0.030814704,-0.079269595,0.03982416,0.008086686,0.05345588,0.03310929,0.04091348,0.044354253,-0.0317782,-0.020281747,0.008801799,0.0039767874,-0.04384735,-0.004361269
6:32800221:C:T,0.004079347,-0.07657053,-0.018929986,-0.07455915,-0.0011361465,-0.011189124,-0.03787103,0.030799566,-0.027828807,0.0067916494,-0.015004307,0.014700219,0.03212934,0.01337661,-0.053342346,-0.028611593,-0.013837417,0.00875134,-0.0077280435,0.07041332,-0.08120133,-0.013217213,-0.0042403345,-0.04970342,0.0138715515,-0.01689074,-0.005095627,-0.036597926,-0.01892996,-0.024667935,-0.009028585,-0.01583989,-0.045804776,-0.015151081,-0.025788605,0.014288683,-0.024628645,-0.04174494,0.042623002,-0.021196354,0.03310248,0.010832357,-0.04340068,-0.067460485,-0.0020756277,-0.009139606,0.015993498,0.02047488,-0.0062593548,-0.0054657953,-0.03020549,0.006964683,-0.01719971,0.0046899985,0.00060393417,0.01541274,-0.00927131,-0.015173391,-0.00930925,-0.034358587,-0.018377757,-0.020467319,-0.041829754,0.051690407,0.01669348,0.022240002,-0.02457975,0.024087775,-0.0016281992,0.044506516,0.01339406,0.055798158,0.07935173,0.047266744,-0.022588043,0.01562167,0.027822869,-0.031131169,-0.045280654,-0.031642906,-0.014421761,-0.049516104,0.034670632,-0.044224724,-0.042732034,0.03901275,-0.030205688,-0.0049144807,-0.0072183493,-0.029035361,-0.014709962,0.06373305,0.032118484,-0.0051636053,-0.022587894,-0.02929857,0.0060632755,0.05039368,0.99999917,-0.05526053,-0.036152933,-0.045763806,-0.023903502,-0.037237193,0.0069647064,-0.019712854,-0.022291897,-0.017074484,-0.020486277,-0.021196388,-0.0043229135,-0.025308685,-0.0008669428,0.008010083,-0.021196367,-0.022588039,-0.008533536,-0.026741778,0.0036562018,-0.055822093,0.029682584,-0.01703033,-0.005794185,0.032343715,0.008442159,-0.059409257,-0.03447629,0.016398946,-0.020814665,-0.008905754,0.03668674,0.027216574,0.012158422,0.10778785,0.0052550384,0.03936208,0.03325593,0.005255225,-0.012733769,0.0030606543,0.028013825,0.008255441,-0.005950464,0.000914029,0.002501513,0.02156188,-0.006818546,-0.026353482,0.061310597,-0.023904055,0.07285423,0.022030128,-0.0061303764,0.030247219,0.08096187,-0.0750783,-0.019712808,0.024228815,-0.020814508,-0.049701784,-0.012311254,0.0357928,-0.008084726,0.016395751,0.011124624,-0.05581537,-0.0013293145,0.036477696,0.032784924,0.058578745,0.022588074,0.024131747,0.00068428664,-0.018929964,-0.001329197,0.0059409295,-0.021662924,-0.0011057673
4:9946095:G:A,0.008123418,0.012169551,-0.007885985,-0.026365036,-0.0012774202,-0.010873828,0.066468194,-0.018888023,-0.013416696,0.013485253,-0.006185596,0.025130322,-0.022664608,-0.02217465,-0.022221569,0.059819806,-0.04322888,-0.04745243,-0.026856573,0.035663597,0.04768199,-0.03774335,0.030557772,0.0061463104,-0.031025527,-0.096018024,-0.0074702846,0.021349095,0.012455834,0.030747583,0.03941533,-0.010309152,-0.016515564,-0.02311358,-0.029583083,-0.02606056,0.0052740434,0.050538603,0.003938843,0.050390277,-0.04760963,0.05316645,-0.03079918,-0.023475884,0.004373562,0.0042726975,-0.029750742,0.044492908,-0.06466536,0.04942803,-0.0060915556,-0.038994487,0.00018465222,-0.029497107,-0.015134108,0.03339341,-0.013011455,0.009416641,0.05138964,0.014372713,-0.025114631,0.000899538,0.021102339,-0.03657028,-0.074481964,-0.009751644,0.023134088,-0.0004167858,-0.0014811069,-0.055529904,-0.007284734,-0.039054483,0.006247115,-0.047872752,-0.06509397,-0.06478115,-0.004274636,-0.0016386035,-0.012126156,-0.026436321,0.0006337492,-0.0287082,0.01365196,0.038285155,-0.013412214,0.015304828,-0.032058176,0.026139185,0.0033254384,0.015778232,-0.034426536,-0.019017927,-0.050042037,-0.04231505,-0.030826641,0.0124694165,0.007627599,-0.033310972,-0.05526053,0.9999991,0.012092878,0.020367296,-0.005861902,-0.0020119103,0.014706471,0.026006581,-0.06406844,-0.039757855,-0.010516959,0.032168582,0.03548383,0.011793754,-0.03171968,0.023616578,-0.0042747604,0.020573944,-0.037817523,-0.045355503,0.0031755576,-0.028461324,0.015665036,0.00038322725,-0.0026162658,-0.015837938,-0.034103706,0.04424686,-0.017188543,-0.02978807,-0.03437951,-0.004656441,0.02076271,-0.02110905,0.07795154,0.016638165,-0.059717435,0.014434996,-0.051564522,-0.022985099,-0.00510846,0.029715156,0.031940427,0.03636307,-0.05479469,0.077502795,-0.05581967,0.048619784,-0.013319176,0.05181541,-0.0021447774,-0.054571636,-0.016340962,0.009360548,0.014692907,0.00089932565,0.038602874,-0.022627402,-0.01310028,-0.06272464,0.04689586,-0.008049747,0.041592475,0.053138908,-0.05733548,-0.0044741654,-0.014207063,-0.011409155,0.03283995,0.02474267,0.021676185,-0.0026100636,-0.054840967,0.016295373,0.030724825,0.012455764,0.008229651,-0.008833487,0.030689826,-0.017844873
5:78925710:G:A,0.017202517,-0.034884263,-0.0048719672,0.006316501,-0.0620967,-0.017821455,-0.0004371011,0.07347053,0.004481324,-0.011699213,-0.03639161,0.0043759067,0.029867966,0.042581145,-0.05346093,0.070778616,0.00074028084,0.009838313,0.07341383,-0.041547183,-0.0027051633,0.0056278305,0.0030980585,-0.016744437,0.01935788,-0.012785889,0.0030104825,-0.039395154,0.057168536,-0.027522976,0.01878236,-0.022758445,0.012756883,0.037294865,0.024639701,-0.028665358,-0.026597736,-0.016060835,0.0012145852,0.04317303,0.009737515,-0.03411821,0.009168506,0.022939207,0.0063266363,-0.00687459,-0.057979055,-0.067591995,-0.017674066,0.017828096,0.021924794,0.0061459746,0.017099675,0.019988818,-0.043673232,0.016819473,0.019627808,-0.013943447,-0.0021888944,-0.025292821,-0.022915691,-0.010059272,0.023507291,0.017478291,-0.031744007,-0.026757797,0.00010189802,-0.018377705,-0.0034637125,-0.06654129,0.017626379,-0.08299506,-0.0039939284,-0.035349812,-0.016700076,0.0061814114,0.043172706,-0.02810165,-0.031060303,0.05078789,-0.027344547,0.022130795,-0.003948058,0.08267548,0.010627517,-0.0071928753,0.04172378,0.006414126,-0.030440956,0.020092446,-0.040120102,-0.0024111546,-0.021163901,-0.013050947,0.009427995,-0.014193513,0.0076501644,-0.06310574,-0.036152933,0.012092878,0.9999974,0.0031937296,0.02379513,0.07566629,0.006145536,-0.03737675,0.015039407,0.0020250892,0.03442269,-0.04018948,0.023589456,-0.027907927,-0.08335145,0.0069917734,-0.012402165,-0.016700214,-0.051051915,0.030490587,0.097648725,-0.010314066,-0.0041014776,-0.0061698854,-0.0006056256,0.032896362,0.0038002452,0.004133844,-0.022871718,-0.024141498,-0.020726472,0.014867568,-0.011681754,-0.017361779,0.034331452,-0.0063765463,0.04231789,-0.010473648,0.0020671554,0.014309998,-0.0272533,0.02704576,0.0009153967,-0.074818626,0.0009506246,-0.010728814,0.043351203,0.0575267,-0.027793162,-0.0049048807,0.014529792,-0.020583624,-0.0012623934,-0.045317687,-0.026723394,-0.010059219,-0.038807187,-0.01867431,-0.03737673,0.018792637,-0.020726472,-0.01369748,-0.035600327,-0.0048719873,-0.0129653,-0.028782211,-0.024620863,-0.036852464,0.029315297,0.017549653,-0.0415473,-0.033492,-0.0094281705,-0.0012820967,0.033589352,-0.03589227,-0.045744754,0.023573853,0.024964904,0.033027563
7:23821866:C:T,-0.029389916,-0.029823752,-0.021927388,-0.018972775,-0.022330737,-0.0013828853,0.060397733,0.006357601,0.012837507,0.02406809,0.0071850917,0.0020984898,-0.023340836,-0.04971771,0.07031641,0.030485641,0.011634375,0.029817123,-0.019350754,0.0098194,-0.0096215205,0.026416585,0.015480151,-0.013006829,0.06015256,-0.0131523125,-0.028859088,0.0017358451,-0.04297602,-0.0028865938,0.044257987,0.03784189,0.05652927,-0.008709075,-0.0332201,0.0058676144,0.0055135475,0.0030109372,0.03375041,-0.052835014,-0.029132223,0.06089928,-0.020231389,0.0016562906,0.009913412,0.027530285,-0.0102041,0.0047746757,0.015467761,-0.016095024,-0.0081194965,-0.001353274,-0.011197314,0.006492288,0.0067210165,0.014809472,-0.046504773,-0.006300324,-0.0030082436,0.015834542,0.015435227,-0.049717516,-0.031842005,-0.020871328,0.06176495,-0.037548218,0.04267638,0.05478685,-0.023142276,0.001329844,-0.027978422,0.043448005,0.020636795,0.00461026,0.029977202,0.049620897,-0.01512509,-0.01738183,-0.032311186,-0.03028752,-0.021287099,-0.0060848445,0.024535665,-0.017427744,-0.017705549,-0.03872653,0.018749597,-0.020815901,-0.021256257,0.008777341,0.057960983,0.0062391413,-0.013672715,0.008609694,-0.023209939,-0.001582047,-0.015080737,0.02842561,-0.045763806,0.020367296,0.0031937296,0.99999934,0.0077235177,-0.01700964,-0.04302894,0.034492858,-0.028430942,-0.029805401,-0.044194356,0.0037298645,-0.034350645,-0.0062841084,-0.0111930305,-0.0038424404,0.0037297667,-0.023209985,0.04244161,0.043776885,-0.05101187,0.001786138,0.018449385,-0.031410877,-0.00534203,-0.01033587,-0.062555246,-0.0048973616,-0.020303193,-0.0051636375,-0.04697581,0.003340824,-0.016630942,-0.013720799,0.03159977,-0.0013817586,0.021705912,0.05613224,0.055738125,0.021705939,-0.014506668,-0.040096886,0.0033408848,-0.016052438,-0.028245337,0.027971333,0.008672469,-0.009698512,-0.06381084,-0.012689845,0.012690532,-0.013699842,-0.039299157,-0.02075844,0.007819752,-0.010703816,0.008803088,0.01113729,0.0142596485,-0.120674565,-0.0016912004,0.021755727,-0.06819026,0.020169897,-0.021329109,-0.015520138,-0.044390313,-0.013264243,-0.03171819,0.03761419,-0.040837795,-0.010221481,-0.02997707,0.0075797485,-0.035864946,-0.021927351,0.034492757,0.011425627,0.027222559,-0.011457172
3:138244400:C:T,0.05568427,0.038534157,0.029831132,0.01620553,-0.025350232,0.052741367,0.0004908545,0.052824374,0.060990557,-0.013405934,0.030146273,-0.017767878,-0.029350167,-0.025899624,-0.0031926595,-0.038394082,-0.018209487,-0.052530345,-0.0036646829,0.014818039,0.047626615,-0.003444988,0.010151568,-0.013108574,-0.028482622,0.03563274,-0.04532604,0.047819406,-0.04381335,0.043824233,0.019679913,-0.010114384,-0.028740052,0.0088573,0.0094171995,0.020137846,-0.042232998,0.043976862,0.030562745,-0.028443461,-0.03669744,0.055767693,-0.004922892,0.03358832,0.028591532,-0.037036363,-0.035248455,0.06699146,-0.008284417,0.077023126,0.0064713135,0.02973753,0.0034071791,0.02234376,-0.020939859,0.029387183,-0.057204753,0.0048638424,-0.045430608,0.060643323,-0.0067008417,0.012347549,0.033952907,-0.017150551,0.015185135,-0.024321133,0.016438512,0.04982772,-0.012766601,-0.016690014,-0.07102481,-0.03640528,-0.055959534,0.016342742,-0.009634269,0.040596016,0.0045411205,-0.027870156,-0.033661116,0.06646785,0.02072313,-0.0072476394,-0.0073084948,0.016349262,-0.005391403,-0.040761266,-0.017030835,0.021139806,0.02962872,0.020127444,-0.036768194,-0.025795653,-0.0069825696,-0.019691434,-0.04064923,-0.042837333,0.030479698,-0.030125601,-0.023903502,-0.005861902,0.02379513,0.0077235177,0.9999983,0.021846682,0.029737573,0.0030433966,0.04282257,-0.03498991,-0.025603805,0.037525646,-0.011943374,0.06520821,0.061302137,-0.015244815,0.021033326,-0.009634251,0.029387193,0.011281424,0.024315963,0.024987567,0.02390351,-0.022699026,-0.006846132,-0.114964165,0.011569743,-0.023072707,-0.03238339,-0.005795305,-0.005101743,-0.061160147,-0.027127916,0.039512474,0.039817717,-0.016895931,0.018324966,-0.06390898,-0.05449278,-0.0066098208,-0.03582433,-0.036067624,0.038210586,0.027960872,-0.0030393922,0.07874534,-0.033848204,-0.031205412,0.0013783217,-0.0041607358,0.0435088,-0.05165479,0.01627407,0.007583823,-0.036189735,-0.004715018,0.04647263,0.049143236,0.03843872,0.03056677,-0.027736092,0.043795466,-0.04440856,-0.043813363,-0.03090189,-0.03201336,0.00056991493,0.052620173,0.022385392,0.041618418,-0.010501681,0.041857626,-0.0058733034,0.047449384,0.047719736,0.029830944,-0.039983597,0.045971986,-0.03262675,0.0045386073
3:197842892:T:C,0.022119686,-0.00070018554,-0.029405927,0.027307648,0.03635935,0.015992742,0.005837571,-0.02004634,-0.033610597,-0.0018102326,-0.016081234,0.007630225,0.0058946083,-0.027436513,-0.013806391,-0.048382007,-0.0023677186,0.034396954,-0.010027665,-0.026028123,-0.020878049,0.0030597134,0.030472197,0.032122497,0.056214295,-0.03644085,0.04642136,0.041389417,0.04091666,0.0021664295,0.07695306,-0.05664019,0.078575924,-0.017081747,0.014846889,0.016707435,0.006463264,-0.019039143,0.0031110046,-0.017178103,-0.008867976,-0.0037274617,0.021915076,0.05542261,0.03650399,-0.03548492,0.018984169,-0.0023709065,0.026837414,-0.03478671,-0.009518129,-0.0040291674,-0.008377344,0.022968907,-0.061707057,-0.06078545,0.021387003,-0.0011869222,0.03389193,-0.009807349,0.07380346,-0.013690783,-0.016880868,0.0119837,0.012807189,0.023431938,0.0049998993,-0.034731064,0.07344425,0.01657525,-0.056544874,-0.07954782,-0.028201982,-0.029834885,-0.043315,0.03890046,-0.038175844,-0.00051558344,0.0081597995,0.023218576,-0.00964689,-0.009278271,0.021107316,0.034369547,0.035364114,0.04719999,0.0054432205,-0.008200501,0.016950538,-0.011515328,-0.049773857,-0.025605226,0.020732954,0.012510122,-0.06305899,-0.034913495,0.008736292,-0.087509416,-0.037237193,-0.0020119103,0.07566629,-0.01700964,0.021846682,0.9999989,-0.0040290942,0.0125653185,-0.0054309983,0.028485341,0.0029184257,0.045815248,0.059058968,0.035918757,-0.012028854,0.01868415,0.0038197036,-0.043315,-0.009497865,-0.030388469,0.017316397,-0.006777897,-0.0083908485,0.020509358,-0.026073914,0.019453805,0.027564479,0.022812955,0.0046376744,-0.016827155,-0.033265118,-0.036314033,-0.0030346143,0.008159747,4.3690856e-05,0.0034722057,0.014305675,0.016271338,0.01326976,0.0777987,0.00023449879,0.032622814,-0.00468465,0.05407756,-0.026056567,-0.0115735205,-0.010661882,0.08865893,-0.0033093137,-0.03951889,-0.015581684,0.08282544,0.023426013,-0.012744594,0.0010296509,0.029756848,-0.057138257,-0.022024231,-0.009967121,-0.019171543,0.002757055,0.028878564,0.01889134,0.040916458,-0.019890787,-0.014432015,0.021687971,0.024497643,-0.02150958,-0.0001729178,0.03844533,0.012214156,-0.055404514,-0.024514752,0.027790984,-0.029405918,0.03521007,0.01781378,0.014378572,0.05505237
7:159048318:T:G,0.0077816234,0.015239773,-0.018591294,-0.006354217,0.0379971,0.00017544758,0.003402182,0.034674075,-0.010778266,-0.029306544,-0.033975575,0.012218069,-0.032124367,-0.003297323,-0.00961018,-0.028099615,-0.03732861,0.028219365,0.009858269,-0.021914683,0.009858139,0.055217996,0.014201057,0.068311684,0.03379469,0.002793552,4.873162e-05,-0.015309683,-0.01859126,0.005708683,0.0022053488,0.02940867,-0.044346713,-0.023006067,-0.007047788,-0.040580243,-0.020323614,-0.022697292,0.043960404,0.029044861,-0.02967548,-0.04069108,0.03989363,-0.014329982,-0.0330083,-0.03935019,0.066898815,-0.037741702,0.025106795,-0.0043142163,-0.029665137,-0.028629763,-0.046443466,0.009030832,0.022588812,0.008837509,0.03262219,0.0017257069,-0.0061701243,0.010951864,-0.036845285,0.03148475,0.064345665,0.033542637,-0.003863155,-0.06951801,0.019035557,0.011896185,0.03963049,-0.022049362,-0.025881985,-0.017668815,-0.0066381544,-0.02200746,-0.022183757,-0.027162697,0.029045096,0.010203798,0.029272508,0.06487613,-0.014163615,0.004353571,-0.014668371,-0.042307973,-0.012864131,-0.021654917,0.04139009,0.04205601,-0.037987694,-0.024675395,0.039146904,-0.0013739414,-0.0032973364,-0.035995,-0.02218376,-0.019850036,0.008464622,-0.039291814,0.0069647064,0.014706471,0.006145536,-0.04302894,0.029737573,-0.0040290942,0.9999971,-0.019360114,-0.0011935093,-0.038068924,-0.027214566,0.029044924,0.0041551725,0.028760938,0.03070509,0.025330342,0.02904497,0.024700483,-0.0033413398,0.004538244,0.0047965604,-0.013861545,-0.006964739,-0.015326569,-0.06157012,0.050315168,0.031654317,0.03008207,0.008585671,-0.024706015,0.049758792,0.03312403,0.06711268,0.004691649,0.02947995,-0.00504814,0.0068942374,0.009235566,-0.035737477,0.0068941135,0.0042309226,-0.0060696555,0.045641717,-0.05579251,0.011334876,0.030569639,-0.027153796,-0.022838514,0.04238274,-0.02588198,-0.019933715,-0.023476271,0.047409795,-0.032457862,0.036620725,-0.020100914,-0.020100903,0.010587976,-0.019360112,-0.034800045,0.066866696,-0.0038057722,0.05389494,0.037071638,-0.0052887793,-0.013158843,0.015096288,-0.0017115202,0.015878702,-0.030669512,0.01636019,-0.017757317,0.02218378,-0.0061572245,-0.03312939,0.03707171,-0.0110588195,-0.024171941,-0.036527656,-0.01609224
5:1412971:G:A,0.010957239,0.026782244,-0.0125716925,0.018119443,-0.018556803,0.016960083,0.019346211,0.06127957,0.017680826,-0.025069691,0.023246061,0.028346818,-0.021723134,0.014628286,-0.03542558,-0.01900151,-0.051221374,0.024306584,-0.040708996,-0.012828413,-0.05014431,-0.04764581,-0.031138668,-0.027258793,0.0031635985,0.08229278,-0.010130661,0.058664173,-0.012571693,0.024701977,-0.066837884,-0.024603678,-0.042506192,-0.018782882,-0.02544659,-0.026782174,-0.016981617,0.0212465,-0.011464774,-0.014076891,-0.03475973,0.011198823,-0.014051723,-0.021246422,0.0016693352,0.00303798,0.04523837,0.00662919,0.020120857,-0.023584375,-0.020060057,-0.019360077,-0.029754922,-0.024597269,-0.009610219,-0.012395548,0.04975548,0.012202852,0.00031212723,0.051230494,0.03494291,-0.013592726,0.010608253,0.02331573,-0.00026166567,0.033599757,-0.011391834,-0.032274246,0.017622845,0.013804731,-0.017501837,0.007808135,-0.024470102,-0.03104936,-0.015001122,0.04035054,-0.0140769,-0.011490376,-0.030071735,-0.014996627,-0.009577747,-0.014048075,0.008045656,-0.003142484,0.02544711,-0.038449503,-0.020060131,0.0033440592,0.06879244,-0.0018812848,0.009284014,0.03501919,-0.013137929,0.01726476,-0.015001175,-0.009880133,-0.016990753,-0.01085041,-0.019712854,0.026006581,-0.03737675,0.034492858,0.0030433966,0.0125653185,-0.019360114,0.9999973,0.016316421,-0.030332986,-0.020291911,-0.014076882,-0.012530748,-0.01743282,0.017101722,-0.014761185,-0.0140768895,0.053284567,0.02308078,-0.0020938623,-0.020402206,-0.041611753,-0.0328897,0.08039084,0.042659223,-0.009222262,-0.0050270953,-0.03213008,0.054640338,-0.01670658,0.027418671,-0.051180173,-0.009429191,-0.030071732,-0.0010951761,-0.012218865,-0.029322937,0.030902456,0.03516096,0.007276231,-0.017207408,0.0205386,0.039980117,0.023928734,-0.026887007,-0.016303807,-0.027632661,-0.015443854,-0.00996726,0.041384127,-0.047896825,-0.01587502,-0.015203321,-0.018926615,-0.023479303,-0.013592731,-0.013592722,0.03603336,-0.013091647,-0.007558419,-0.04733244,0.001952774,-0.024809841,-0.012571695,0.011621521,-0.017726295,0.0067129685,0.03479653,0.06608519,-0.020739203,-0.012828336,0.07678399,-0.05328463,-0.00069890945,-0.04557936,-0.0125716925,-0.012382502,0.04400721,-0.04770901,0.029864514
14:21974672:G:A,-0.0014055151,-0.009944917,-0.009157906,0.040926132,-0.005660823,0.020310704,-0.012604083,-0.043637726,-0.06378134,-0.05561858,0.01756221,0.022877993,0.072535075,-0.07501626,0.0831779,0.00094054855,0.017738122,-0.026013054,0.0166038,-0.033852287,0.025613142,-0.02487043,-0.02485321,0.054764647,0.019454414,-0.000828227,-0.071624406,0.031965606,-0.009157877,-0.043491896,0.008962895,-0.02303905,-0.061862696,0.00232657,-0.038295224,-0.010090958,0.04745688,-0.027018793,-0.0030004773,-0.043107428,0.008082964,-0.028216934,0.03177345,-0.025027229,0.012985517,-0.039542526,-0.019835342,-0.021638548,-0.009434886,-0.007782673,-0.0052494537,0.076263346,-0.011325553,0.016768241,0.028764179,-0.014255721,0.023814669,0.031894475,-0.0019572303,-0.022462789,-0.024990657,-0.041624654,-0.001712203,-0.019978361,0.10089495,0.019788379,0.028325615,0.0036226858,0.013433406,-0.005035319,0.03164911,-0.022288391,-0.01263355,0.0057374407,0.0034883781,0.020449765,0.11458685,-0.037164394,0.011565643,0.04260976,0.008989472,-0.035169937,0.015726741,-0.043369893,-0.0019232782,-0.04139601,-0.042703014,0.007276962,-0.080488496,-0.027335873,0.023468604,0.01039307,-0.01472364,0.04500737,-0.021224886,0.0332589,0.010677758,-0.057243142,-0.022291897,-0.06406844,0.015039407,-0.028430942,0.04282257,-0.0054309983,-0.0011935093,0.016316421,0.9999967,-0.04893099,0.0060753366,-0.016825035,0.044811785,-0.019591989,-0.028120933,0.001270753,-0.04310741,0.052914135,-0.014255724,-0.03170695,0.029681213,-0.038426798,-0.034819473,0.023258386,0.05554156,-0.030224077,-0.009385214,0.024313191,0.031132352,-0.05116061,-0.0006633454,0.01533474,0.0056142905,-0.0013911489,-0.022918964,-0.010453566,0.01616842,0.0012773349,0.040818907,0.0029230344,0.040155284,-0.04328792,0.0021382517,-0.009307179,-0.0015373264,-0.0029012526,-0.011698256,-0.023264404,0.0027236794,-0.032284386,-0.0035912779,-0.04861401,-0.030250479,-0.03440007,-0.033773262,-0.014433338,-0.01443328,0.0032857761,0.044519782,0.025830843,-0.045751497,-0.004604992,0.028472591,0.020182416,0.008153823,0.023869745,0.028730804,0.016087513,-0.05484802,-0.04535867,-0.033852298,0.017034844,-0.05291423,-0.0014657825,0.015274791,-0.009157707,0.0019477195,0.0063705943,-0.0295228,-0.04970827
4:122750079:C:T,0.030306287,0.02624263,-0.0056199427,0.023899047,-0.005426314,-0.0035539365,-0.010573238,0.041824233,0.019580938,-0.0014350244,-0.0070628985,-0.009976672,0.0053767106,0.02096479,-0.04764116,-0.008494438,0.028528221,0.014547916,-0.011075466,0.016828809,-0.014353477,0.03285083,-0.007993713,-0.0035667745,0.024273232,-0.008340075,-0.009363944,0.028743116,-0.024720589,0.03909889,0.010445054,-0.03246495,-0.023236724,-0.027930913,0.006260884,0.012887828,0.018373623,-0.002121824,-0.012092792,-0.0062927636,-0.047847014,-0.033583928,0.027242135,0.0063569807,-0.0064084358,0.054356538,-0.00807813,0.023939902,0.020425545,-0.048997525,-0.008967628,-0.075887226,0.041715406,0.024117144,-0.033235077,0.00078102504,-0.06250902,0.018013388,-0.062437475,-0.010456291,-0.028209832,-0.03557881,-0.03653674,0.060799565,-0.03033658,-0.0077414066,-0.048402913,0.025127556,-0.049034595,-0.06160834,-0.017073123,-0.015891792,-0.03797763,-0.013880244,-0.0013432584,0.015640838,-0.023402767,0.0025864753,-0.0106318155,0.011453545,-0.037542723,0.044710327,-0.037011527,0.016543925,0.0030069242,-0.010285315,-0.021158734,0.021432597,-0.0079221325,-0.031218316,0.0053347168,-0.013788149,-0.024827622,-0.0031582986,-0.017431349,-0.000102225276,-0.0027929118,0.03641614,-0.017074484,-0.039757855,0.0020250892,-0.029805401,-0.03498991,0.028485341,-0.038068924,-0.030332986,-0.04893099,1.0000021,-0.03462984,-0.006292773,0.039074752,-0.02738426,-0.012918507,0.008528376,-0.006292878,-0.017431615,-0.036831446,-0.0043043,-0.0011212135,-0.020646833,0.02946776,0.010947547,-0.0024304737,0.030193673,0.020294152,0.012370542,-0.009165944,0.02154058,-0.05638248,0.02095657,-0.025662469,-0.027501447,0.01178853,0.0316669,0.024256961,0.017508795,0.013100517,0.032879755,-0.021599127,0.04160202,0.0381386,-0.0047266195,-0.006296846,-0.019797247,-0.00066316285,-0.069475316,0.023176728,0.010674146,-0.009768242,0.018292038,0.006178224,0.019144388,-0.012082939,-0.017877433,-0.017877484,0.03274039,0.0063879904,0.016075686,-0.021159424,-0.0075487727,0.0032636835,-0.024720551,-0.05122559,-0.008137617,0.044861887,0.013848581,0.052888393,-0.040781133,0.03652966,-0.06277503,-0.03083327,0.021810133,-0.01947969,0.032581236,-0.03954673,0.045619987,0.07986027,-0.026624428
2:29075031:C:T,-0.03757781,0.010216052,0.024245374,0.023569193,0.053993803,0.039772052,0.027052399,-0.01722443,0.009404672,-0.008906009,0.00033834344,-0.0587796,0.048231818,0.00037462488,0.058924463,0.027405975,0.03552463,0.009154688,0.007584748,-0.009250938,0.005583151,0.038106352,0.033089723,0.0095824525,-0.03745974,0.0040728855,0.064645074,-0.030033667,0.060922984,-0.056030665,-0.054970015,-0.020066824,-0.041018907,0.0019090617,-0.012185073,0.044051416,0.033854548,-0.02953165,0.06559352,-0.0016003367,0.019909801,-0.035239365,-0.054044947,0.0010671193,0.011057879,0.022865977,-0.009608075,-0.04099643,0.001266511,0.006045614,0.021129461,0.033302575,-0.040519632,-0.004379008,-0.01796572,0.021410514,0.047159992,-0.02846277,0.02224733,-0.018730802,0.008142333,-0.010609524,-0.012999557,0.03936893,-0.043971434,-0.051733863,-0.06728908,-0.030410914,-0.004056851,-0.028425274,0.068164095,0.0011443713,0.030966777,0.050033942,-0.00067559135,-0.00251556,-0.0016003314,-0.05129765,-0.006118166,-0.013874564,0.040426355,0.036342002,0.05231595,-0.00038480523,0.0559484,0.020880938,-0.025690494,0.02843952,-0.0013245137,-0.0077405567,-0.014596569,-0.023673369,0.03177906,0.029973026,0.03021775,0.036919005,-0.018532017,0.03083094,-0.020486277,-0.010516959,0.03442269,-0.044194356,-0.025603805,0.0029184257,-0.027214566,-0.020291911,0.0060753366,-0.03462984,1.0000015,-0.018027905,0.06974173,-0.03153105,-0.046035033,0.0057527386,-0.08373832,0.061111037,-0.050814163,-0.0072808103,0.0038248429,-0.043605134,0.044284035,0.0010496757,0.002611532,0.019980468,0.07963122,0.048360582,-0.0069009247,0.028738119,-0.0031264818,-0.024810804,-0.03401903,0.0019803972,0.07917791,-0.008355299,-0.011060537,-0.010742826,-0.00410882,0.013776278,0.015496294,0.031038841,-0.0041896882,-0.015472999,0.027011182,0.019195683,-0.0026212104,-0.022782343,-0.0123725915,0.02820315,0.0057338895,0.014771133,0.04470347,-0.0142994495,0.014132261,-0.04460067,-0.02760513,0.034588974,-0.0026634443,0.041167893,0.01941913,-0.006981622,-0.033576466,0.042584118,0.00077558716,0.014165209,-0.026144642,0.054336134,0.02237262,0.032433413,-0.021861015,-0.020983364,0.0006756549,0.0148874475,-0.038756557,0.005906451,-0.048626773,0.003981884,-0.04204283,-0.015574609
5:1376174:C:T,0.03750167,-0.0042737634,-0.013517781,-0.07425212,-0.027354874,-0.035541132,0.003062045,0.12544817,-0.05026797,0.006425084,0.016365645,-0.009832838,0.021399949,-0.018107304,-0.00906115,-0.020431425,-0.0029320419,-0.052506045,-0.027169786,0.008184782,0.04307041,-0.01403769,0.027031165,0.01452027,0.019568516,0.046306685,0.009506466,0.06579524,0.062031735,-0.03793052,0.02565829,-0.013279983,-0.020579735,-0.013721842,0.014147634,-0.012923383,-0.04555998,0.016402299,-0.012327664,-0.015136206,-0.037375573,0.04256946,-0.023483751,-0.049906246,-0.029883849,0.031668033,0.00066786475,-0.023162093,-0.025679944,-0.025359228,-0.021569675,0.02904489,-0.013767709,0.00034604172,0.012559539,-0.026043799,-0.018514011,0.04332691,-0.047667127,-0.032876838,-0.02091894,-0.014615568,0.04167609,-0.025803804,-0.035668205,0.0100325,-0.030191546,-0.016899487,-0.042444482,0.042351563,-0.01881902,0.0031086989,-0.026311645,-0.033385858,-0.01613009,0.03119515,-0.01513619,0.024557244,-0.03233497,-0.006394803,-0.010298516,-0.030263186,-0.027406495,-0.010194252,-0.041173987,-0.046804037,-0.021569667,0.03412242,-0.06636147,0.035444524,-0.0053495783,-0.018042749,0.033642795,0.0008501333,-0.016130133,-0.017734366,0.052017804,-0.059624553,-0.021196388,0.032168582,-0.04018948,0.0037298645,0.037525646,0.045815248,0.029044924,-0.014076882,-0.016825035,-0.006292773,-0.018027905,0.99999696,-0.017489882,-0.012251405,0.025738338,-0.0061315806,0.052539557,0.047504336,-0.009513888,0.00811088,-0.021937573,0.090062425,-0.027823003,-0.040646415,0.033784546,0.027102046,0.018910779,-0.028203465,0.017367084,0.03940655,-0.02767447,-0.060259707,-0.03797422,0.03439097,0.0056306017,-0.0118760895,-0.0315297,0.0021196052,0.019686395,-0.03152973,-0.012005445,0.044067036,-0.043269493,-0.0073877946,-0.034689747,-0.011020647,0.010886131,-0.016606016,0.045815222,-0.018819029,-0.028474359,0.04318369,0.038082562,-0.006702103,0.0016509396,-0.014615586,-0.014615571,-0.039570432,-0.014076867,0.0153852,0.018765304,-0.0069850096,0.013024631,-0.0135178035,-0.038879883,-0.0013410946,-0.040489618,0.014626303,-0.02175152,0.024436958,0.03415946,-0.014835784,0.016129995,-0.052906107,-0.019768827,-0.013517795,-0.040032353,-0.057413705,-0.028208908,-0.0024188482
3:24347800:T:C,-0.0051994794,0.03633725,-7.716891e-05,0.02116274,0.044932302,0.03632358,0.013479069,-0.021958455,0.039025236,0.012044579,0.026219299,-0.027758334,0.0075397235,0.006402638,0.039597634,0.012934176,0.0042757825,-0.03730151,-0.012153122,0.01756212,-0.0560329,0.027741449,0.03794087,0.0054112836,0.031739336,-0.01867277,0.03633105,-0.025250932,0.01935106,0.04691679,0.0020711205,0.022435898,-0.04118178,-0.02653361,-0.023432467,-0.005380776,-0.020831553,-0.00229956,-0.056766532,0.05212337,0.032648675,0.030756777,-0.014443679,0.05830211,0.0050068013,0.0034964567,0.02906475,-0.046017762,-0.03178209,0.02830146,0.02467709,-0.008667041,0.060606975,-0.0034815469,-0.004875817,0.020632885,0.0049626194,0.020443464,0.019675585,0.03990026,-0.0031729615,-0.0060851863,0.015161634,-0.0020371764,-0.008090492,0.0049039233,-0.026545877,-0.0021406284,0.004318216,0.023888968,0.037523035,-0.023745526,-0.013901563,0.04987846,-0.038275078,0.0065184683,-8.6421045e-05,-0.014800108,-0.05452171,-0.017488845,-0.016974721,-0.011996844,0.024073556,0.06234528,0.029170852,-0.0065556415,-0.03732388,-0.0088762855,-0.0034786097,0.028228818,-0.00771914,0.045788363,0.006402609,-0.0034730455,-0.021910995,0.041630816,-0.04260486,0.010534925,-0.0043229135,0.03548383,0.023589456,-0.034350645,-0.011943374,0.059058968,0.0041551725,-0.012530748,0.044811785,0.039074752,0.06974173,-0.017489882,0.9999991,0.003789254,-0.0020369391,0.0228102,0.01731671,-0.0055468855,-0.01762433,-0.06967581,0.028352419,-0.04254855,-0.020888435,-0.021475133,-0.014471012,-0.037587676,-0.007610424,0.007851428,0.04346635,0.014650534,-0.006262055,0.012568901,0.0053957654,0.02269382,-0.056614302,0.010529692,-0.020645257,0.05243093,0.035497673,0.0056669163,-0.0063430606,0.019440895,-0.022384401,-0.017781917,0.04788793,0.005257261,-0.034245204,0.015816264,0.026660549,-0.018923096,-0.02398025,-0.02592175,0.065492794,0.013143029,-0.05144433,0.011919849,-0.024090156,-0.011862356,-0.012530808,-0.033576407,0.0056802975,-0.025686026,0.029378515,-7.727794e-05,0.08553436,0.027447643,0.057413988,0.02181022,0.021500288,0.019903822,-0.029194962,0.025163088,-0.027181337,0.019070284,0.048367947,-7.7109275e-05,0.007397387,-0.027419515,0.0036653196,0.024018975
22:45790132:T:C,0.009655056,0.0070280815,0.007906167,0.018264182,-0.025874933,0.02217113,0.014624427,-0.00040322536,-0.027513953,0.030777834,-0.036821447,-0.009411247,-0.004017937,-0.009778945,0.02469266,-0.029198086,0.0068694577,-0.040609095,-0.05212286,0.04449655,-0.021624953,-0.013950189,-0.03104426,-0.026153503,-0.007852591,-0.004020374,-0.026946684,0.07048107,-0.029788934,0.042660337,-0.0031734207,0.053819172,-0.04744013,0.021557711,-0.037535466,0.01442291,0.021868484,0.05042373,-0.03747907,0.038398314,0.05557938,0.036055557,-0.07664743,-0.021169877,-0.0223614,0.021538254,-0.024460414,-0.012957712,0.07128432,-0.04812189,0.018630335,0.028760819,-0.008397115,-0.010823581,0.03836363,-0.0013773544,-0.034652676,0.048130266,0.038068652,0.01715636,0.017133756,0.028926577,0.0055711395,-0.028676704,-0.005917002,0.00059739035,-0.09805189,0.03274663,0.02095302,0.031730343,-0.0106687695,0.057576843,0.042069037,0.0782187,0.039861448,0.0226134,0.021515107,-0.0033320053,0.018218327,0.04301092,0.057305284,-0.023675673,0.060974162,-0.010952749,-0.06427263,0.036696814,-0.041517865,0.024868684,-0.004784878,0.047031805,0.013073699,0.0153194275,-0.0033238195,-0.061045703,0.008111359,-0.0025673972,-0.027583042,-0.014061065,-0.025308685,0.011793754,-0.027907927,-0.0062841084,0.06520821,0.035918757,0.028760938,-0.01743282,-0.019591989,-0.02738426,-0.03153105,-0.012251405,0.003789254,0.99999815,-0.026309557,-0.054502442,-0.012251294,-0.0077637946,0.03573643,-0.07974358,0.0019772314,0.08989863,0.013079902,0.02205567,0.049409576,-0.016518163,-0.0025370347,0.021525163,-0.04590985,-0.00022775444,0.028318487,-0.025414674,-0.013827781,0.026541434,0.03154348,0.04206459,0.053893022,-0.012143904,-0.013636311,0.0028418747,-0.026105007,0.0131903775,-0.04236898,-0.014396264,-0.04442596,0.018292522,0.02124625,-0.013441177,-0.02170322,0.016710848,-0.01870686,-0.018826822,0.0112100085,0.04179043,0.054160025,-0.023474386,0.0114596365,-0.024126412,0.00068443373,-0.00017916814,0.028318487,-0.014165182,0.02004904,0.026753673,-0.037948854,-0.011848959,-0.00010855163,0.054814458,-0.0057481923,-0.0258226,-0.039742935,0.0961214,0.023638874,-0.0052348482,-0.033147026,-0.010941288,-0.019429823,-0.008184622,0.018002668,-0.010733568
17:1786461:T:G,-0.03684508,0.035322834,0.022986257,-0.021307997,0.024176616,0.025968788,0.007920262,-0.018993095,-0.0063842894,0.08552483,0.04643887,0.022474624,0.0060174926,0.009034677,-0.03632474,0.02041259,0.046830703,-0.024046408,-0.012650391,0.06219545,0.03666628,0.021568898,0.0025958912,-0.011039945,-0.02843994,-0.004095162,-0.023237461,0.01596157,-0.019678352,0.0063471766,0.0045983093,0.0032369385,-0.040521223,-0.009412168,-0.04267993,0.003523597,-0.004923755,-0.00634284,0.03652611,-0.03158892,0.019145386,-0.03458164,-0.016083498,-0.0031174084,-0.001382483,-0.03266829,0.01436781,0.046261054,-0.025804639,0.00017462083,0.06390949,0.0025468282,-0.0006469778,-0.0016815015,-0.046482172,0.0074650487,-0.025096413,0.01502576,-0.012430389,-0.05641485,0.021515392,-0.027866518,-0.006446125,-0.024076309,0.051992554,0.015934931,0.014435998,0.019098878,-0.04551211,0.022225153,-0.040307656,-0.027712747,-0.008104848,0.010957095,0.033417594,0.009609197,-0.012479793,-0.020681487,0.020442214,0.0045243264,-0.019635221,-0.056110494,-0.010082967,0.005104077,-0.0033478942,0.056424376,-0.031399954,0.0023612955,0.014152638,0.0038043545,-0.029361732,-0.05223433,-0.027495904,-0.030138025,-0.0025184737,-0.020886261,0.014438351,0.06628369,-0.0008669428,-0.03171968,-0.08335145,-0.0111930305,0.061302137,-0.012028854,0.03070509,0.017101722,-0.028120933,-0.012918507,-0.046035033,0.025738338,-0.0020369391,-0.026309557,0.99999964,0.0006652365,0.025738291,-0.0025184322,0.030802283,-0.013309059,0.006034597,0.003000438,-0.012974361,0.014692129,0.022729121,0.004727593,-0.023681644,-0.067968465,0.0028055822,0.0143473465,-0.03802856,-0.06043017,-0.019437758,0.0016013314,-0.02734552,-0.02851281,0.047194567,-0.045589473,-0.015315983,-0.03947839,-0.020391563,-0.00018043802,-0.03644317,-0.0063471184,0.02209964,0.008119165,0.0067400774,-0.02417396,0.07690599,-0.024812857,0.003050763,0.0063418606,0.05194955,-0.008643247,0.02900642,-0.06740613,0.070982635,0.034068264,0.099124886,0.0029558362,0.027535697,-0.021098766,0.016192077,0.0016539786,0.0073110284,0.023238432,-0.020198064,0.01633495,0.08550813,-0.023664996,-0.0038129347,0.020325175,0.038454443,0.017640984,0.004776966,0.0016539412,-0.04353657,-0.048634443,0.011166699,-0.06897346
14:73372069:T:G,-0.021019926,0.01001568,-0.009514866,0.025363859,0.02275317,-0.018787388,0.007952675,0.0141426865,0.00875201,-0.03505756,-0.056077152,0.008545906,0.0104769105,-0.03441562,-0.07336874,0.029705834,-0.04752412,0.05564851,0.0070119496,-0.06725348,-0.009837272,-0.01574846,-0.01099866,0.018066118,0.0065956176,0.013264079,0.005879175,0.008007336,0.071259856,-0.029524274,0.03138585,0.02168187,-0.06910635,0.014339734,4.165272e-05,-0.0008224454,0.015814833,0.035798825,0.046570353,0.048135653,0.011134062,0.058732264,0.0082054995,0.03136564,-0.014062658,-0.032223187,0.02782625,0.014433529,-0.0016344062,0.034817196,-0.008737778,-0.054634962,0.05642463,0.0064506796,0.015951369,-0.02017228,0.03394199,0.042741492,0.08433694,0.009383585,0.048629634,-0.00093024794,0.045908142,0.02529519,-0.021007003,-0.034121145,0.013559147,0.02597312,0.035901014,-0.0070581264,-0.0389143,-0.005925961,0.024359053,0.00035355464,0.018412042,0.030900829,0.066224486,-0.00622976,-0.02498886,-0.021567369,-0.053402327,0.021273972,-0.019100528,-0.03983687,-0.0035460712,-0.0235351,0.068594925,0.023133684,0.024017217,-0.0011646927,-0.020636247,-0.04869432,0.0001650568,0.009684539,0.018412251,0.031580355,-0.024664776,-0.057462294,0.008010083,0.023616578,0.0069917734,-0.0038424404,-0.015244815,0.01868415,0.025330342,-0.014761185,0.001270753,0.008528376,0.0057527386,-0.0061315806,0.0228102,-0.054502442,0.0006652365,0.9999994,0.048135683,-0.015605538,-0.037845377,-0.017609416,0.025787681,-0.020143013,-0.021112395,0.010030425,0.012814931,0.0065826997,0.045827292,-0.027199978,0.023450922,0.044860363,0.06503197,0.010870324,0.02784983,0.028516663,-0.008653676,-0.025612922,-0.04498308,0.028679473,0.008534479,0.027946983,-0.012589025,-0.018792797,0.024494315,-0.0068153315,0.02193809,0.055959243,0.008249931,0.013118465,0.029909346,0.03442352,0.040685523,-0.0563038,-0.0619068,0.011618092,0.022580562,0.03649902,0.036498874,0.012513732,0.062883794,-0.030144813,0.052619163,-0.026750334,0.023927225,-0.009514722,-0.036478058,0.0053595644,-0.004201957,-0.014780664,0.023047144,-0.040680803,-0.004768902,0.02820162,0.032614734,0.033740804,0.0055595064,-0.029708363,-0.06001911,0.024115322,-0.00061964785,-0.011280485
1:92842367:A:C,0.0003508954,-0.004273722,-0.01351779,-0.02550968,0.049621187,-0.015566643,-0.046356823,-0.010043538,0.007219273,0.006425099,-0.011681899,0.0120032085,0.02140022,-0.018107334,-0.038091496,0.03031929,-0.057894774,-0.029787408,0.012073556,-0.043764614,0.008993412,0.035981134,0.005769838,-0.054545894,0.019568581,0.022466132,0.02608105,0.04813984,-0.013517783,0.007387816,-0.013961509,-0.051341303,0.029670741,-0.013721852,0.10408362,-0.012923427,-0.011759662,-0.067357376,-0.012327671,-0.015136203,-0.007885422,0.0064913784,0.012806285,-0.016402287,0.019534973,-0.02107689,0.0246555,-0.006041431,0.015326524,0.016122602,0.02665062,-0.020816933,0.0077725924,-0.01707028,0.0125595,-0.0095138475,-0.018513985,-0.009029753,-0.00866498,-0.010886114,0.020183299,-0.01461558,0.0059029916,0.007264408,0.025669103,0.026994754,-0.030191528,-0.037940126,-0.01584075,-0.008734469,0.036055725,0.003108858,-0.026311569,-0.0009353867,0.04750427,-0.10969076,-0.015136186,-0.05817765,-0.032334965,0.011675846,-0.010298509,-0.06310558,0.036513533,-0.010194214,0.01337514,-0.011308445,0.026650632,-0.025404505,-0.04992616,0.018648926,-0.055179678,-0.06741083,0.0077676694,0.03374714,-0.016130114,0.0007535114,0.027322195,0.0060016094,-0.021196367,-0.0042747604,-0.012402165,0.0037297667,0.021033326,0.0038197036,0.02904497,-0.0140768895,-0.04310741,-0.006292878,-0.08373832,0.052539557,0.01731671,-0.012251294,0.025738291,0.048135683,0.99999744,-0.016130088,-0.009513804,0.027354848,-0.021937605,-0.032610588,0.021196257,-0.013110785,-0.018583963,-0.022681275,-0.009826584,-0.028203493,0.045683566,-0.017963832,-0.004454579,0.0077012335,-0.0035113858,0.0010279574,-0.047472544,0.020946309,0.0025764517,0.038884137,-0.047618955,0.036682922,0.021777745,-0.027377758,-0.04326948,0.015271354,-0.015907116,0.022831904,-0.0111045465,-0.016606035,0.0038196486,-0.018818991,-0.0054476666,0.043183584,-0.0023512554,0.05244188,-0.015832322,-0.014615544,-0.014615561,0.041877877,-0.014076892,0.015385311,-0.004454655,0.032381598,0.046322625,-0.013517797,0.06547753,0.015112349,-0.0404897,-0.0018323782,-0.021751476,0.024436953,-0.017789785,-0.041775566,0.016130013,-0.007705675,-0.0024905265,-0.013517791,-0.0034708206,-0.041009787,0.017972266,-0.002418923
16:74671866:G:A,0.060923554,0.00083571754,0.056632787,0.02781331,0.0371972,-0.006571831,-0.042172175,0.00021711139,-0.0019165344,-0.051854372,-0.01596513,0.018266683,-0.024891555,0.0017897214,0.01400103,-0.021772977,-0.046765972,-0.01322932,0.021475945,-0.022214439,0.092893474,-0.047359332,0.07811881,-0.013750146,-0.053803306,-0.007442515,-0.020000068,-0.010676852,-0.014405426,0.034860674,-0.023570938,0.014479287,-0.001456074,0.0064825644,0.0066198003,-0.0008357898,-0.023125693,0.012228749,0.064602934,-0.016130082,0.015628615,0.0023942054,-0.031850554,-0.027980369,-0.042172186,-0.04229901,0.05183647,-0.017170211,0.011191583,0.011980689,-0.022985987,-0.022183772,0.0001812077,-0.043301333,0.0066002575,0.05514174,0.06057652,-0.052288786,0.056777816,0.03802523,-0.031309873,-0.015575213,0.0018056073,0.008778105,0.04850161,0.037273534,-0.046795588,-0.0035006832,0.004799132,0.035525203,0.031543706,-0.0009958188,0.009671178,-0.0050651417,-0.017189024,-0.026369672,-0.016130103,-0.0059852996,-0.0030873197,0.0011147982,-0.010974686,-0.029161993,0.021547973,0.025237102,-0.06553383,-0.071015015,0.022354893,0.005267131,0.03127626,0.05251155,-0.033813607,-0.00272245,-0.04687002,0.03286946,0.042645648,0.027458293,0.019827789,0.03622077,-0.022588039,0.020573944,-0.016700214,-0.023209985,-0.009634251,-0.043315,0.024700483,0.053284567,0.052914135,-0.017431615,0.061111037,0.047504336,-0.0055468855,-0.0077637946,-0.0025184322,-0.015605538,-0.016130088,0.9999986,0.039598852,0.035182416,0.06587475,0.024570033,-0.023504443,0.008467327,0.042568147,0.012237808,0.06698927,-0.055906348,0.01140725,-0.019143326,0.033097297,-0.020549163,0.0016588559,-0.0030871686,0.0115482565,-0.02705821,-0.03359965,-0.05766121,-0.009609293,-0.0015301041,-0.023382332,0.014490809,-0.0365249,0.029057546,-0.0063551376,-0.00643904,-0.017347697,-0.017696334,0.07514851,-0.020054502,0.01007255,-0.018190509,-0.04812865,0.003980235,-0.009200151,-0.015575201,-0.015575203,0.028034192,-0.015001146,0.009427932,0.0112639265,-0.033354748,0.0149235055,-0.014405372,0.034451447,0.043952372,0.003733949,-0.03393624,0.021512108,-0.023764078,0.051056635,-0.044518456,0.017189026,-0.013878335,0.0027616043,0.127671,-0.06443342,0.0077121807,-0.011244331,-0.008502062
2:17889705:A:G,-0.04557369,-0.001286018,-0.041712094,-0.03317778,0.02918359,-0.030795744,-0.02548919,-0.03051873,-0.01649321,-0.016342442,-0.03182225,0.026460784,-0.05841069,0.00016344489,0.059728555,-0.022758754,0.03890869,-0.021904176,0.035897024,0.041011374,0.054594405,-0.05275122,0.07674587,-0.0492423,0.025304444,0.049525373,-0.03618194,0.012778446,-0.023259092,-0.020003779,0.023611166,0.04780451,0.0031843102,-0.061529752,-0.014832164,-0.036517836,0.018752035,-0.0336083,-0.007748345,-0.009513747,0.026929053,-0.02740903,0.021049643,-0.011400663,0.0026757172,0.0092546465,0.009481569,0.023523154,-0.0041219406,0.010404076,0.00999834,-0.027699167,0.033717223,0.036518272,-0.047263376,-0.013408671,-0.02222756,-0.05972732,0.008271666,-0.0019008102,-0.02171515,-0.019447522,0.003943259,-0.011641677,0.028519021,-0.039820667,0.036313597,-0.022682097,-0.012382432,-0.023624497,-0.0011059099,-0.03979266,0.026563583,0.0059642084,-0.06920126,0.014101687,0.040076163,0.021955749,-0.02847281,0.057362027,-0.025753424,-0.04244531,0.035301525,-0.028841946,-0.014983699,-0.018783234,-0.013557542,-0.060297504,0.056559496,-0.041663945,0.00053224707,-0.04033403,0.012803561,0.06717295,0.008513003,0.0036045122,0.020068545,0.04630337,-0.008533536,-0.037817523,-0.051051915,0.04244161,0.029387193,-0.009497865,-0.0033413398,0.02308078,-0.014255724,-0.036831446,-0.050814163,-0.009513888,-0.01762433,0.03573643,0.030802283,-0.037845377,-0.009513804,0.039598852,1.0000023,-0.01508239,-0.018425902,0.056037497,-0.0034395596,0.0040448178,0.017482936,-0.049384125,-0.03125842,-0.057481214,0.015434779,0.011129324,0.037202995,0.0038446537,-0.033632774,0.036718965,-0.01144919,0.039781984,0.015170307,-0.044943653,-0.009874236,-0.0014903945,-0.057330813,-0.036054593,-0.012755002,-0.057480168,-0.055508144,0.024217984,-0.057183355,0.016765103,-0.009497895,0.012297433,-0.00987336,0.009874616,-0.042562045,0.008692448,-0.039388124,0.031856835,-0.019447453,-0.045428623,-0.030133616,0.0032451872,0.00884548,0.04503273,0.017078726,0.01364727,-0.016145099,-0.0023968266,-0.00026128598,0.03427872,0.012583023,-0.034564637,-0.0033992461,-0.0038850855,0.007029459,0.0009712125,-0.009443168,-0.004805954,0.07955971,0.0020033475,-0.007428148,-0.021987565
20:62125432:C:T,-0.00896787,-0.07323479,0.0673959,0.015609908,-0.009540871,-0.05378345,-0.018857855,0.009344708,0.060089964,-0.04220909,-0.045173153,-0.032317687,-0.04263512,-0.008805889,-0.057735592,0.008062083,0.017917834,-0.03862018,0.021452805,0.00030845412,0.03607264,0.011989279,-0.016069988,0.041514147,0.03590828,-0.0062535373,-0.013305271,0.018205205,-0.0615019,-0.01149021,-0.0015566198,0.009930074,-0.000752805,-0.009773691,0.03239952,-0.019677084,0.023388226,0.012699374,0.084971875,-0.011133238,0.0060517048,-0.0115032345,0.016986763,0.0063545094,-0.004805337,-0.025901753,0.037142612,0.016327674,0.046410017,-0.06819455,-0.029576873,-0.037997186,-0.019763546,0.011480311,-0.019791754,0.013119999,-0.00016717527,-0.026194343,-0.028332602,0.038016368,0.027546043,0.033050224,-0.034177553,0.018946545,-0.022746915,0.002234281,0.037929304,0.0068750405,-0.026680123,-0.010685539,-0.007600469,-0.024945585,0.06275696,-0.013483393,-0.019102281,-0.033341736,-0.011133216,0.031739317,-0.0048095067,0.017152239,-0.046855133,-0.04429929,-0.039869167,-0.021187063,-0.016703777,0.039390214,0.025269922,0.019832006,0.034562744,-0.001120347,0.032339107,0.039574716,-0.038236685,0.013222644,0.017087582,0.0034281781,0.061106596,0.041301407,-0.026741778,-0.045355503,0.030490587,0.043776885,0.011281424,-0.030388469,0.004538244,-0.0020938623,-0.03170695,-0.0043043,-0.0072808103,0.00811088,-0.06967581,-0.07974358,-0.013309059,-0.017609416,0.027354848,0.035182416,-0.01508239,1.0000012,0.008156418,-0.018803582,0.02674183,0.034308415,-0.044841744,0.019494036,0.0124932425,-0.015741196,-0.033712726,0.016151575,-0.053281184,0.0302075,0.008523655,-0.00480949,0.035683986,0.03929986,0.0020245076,-0.02171891,-0.010910513,0.02142114,-0.011392239,0.022729164,0.006051128,0.011490184,0.045127098,-0.04051424,0.018262397,-0.022770638,0.023349121,0.023607463,-0.011689773,0.0080046095,-0.056687847,0.0031428675,0.022426056,-0.00676823,0.013141083,-0.0410718,-0.022744268,0.038392138,0.05896509,0.024190927,-0.021224076,0.0029470297,-0.034453273,-0.006101781,-0.0078578405,0.0010234237,-0.0105927205,0.0048615644,-0.036622003,-0.029195134,0.0010068704,-0.04791111,-0.04081028,-0.01853592,-0.03138562,0.0046645543,-0.04298512,0.0024309328
3:48357600:G:A,0.010061558,-0.010213943,0.08637289,0.017719915,0.018834947,0.00919023,-0.04716264,-0.030845646,-0.006558851,-0.1006741,0.040766366,0.0041252333,0.028923506,-0.045599245,0.026227674,0.005979002,0.043717332,-0.012368985,0.0688705,-0.026997838,0.008254985,0.0318817,0.035201017,0.076746,-0.007667482,0.012498101,-0.0032699867,-0.002867545,-0.019591816,0.012826354,0.025147531,-0.061954632,-0.013381463,-0.00021138936,-0.014184902,0.09463541,0.014561544,0.01594027,0.04011396,0.02552314,0.007873559,-0.04288155,-0.023856,0.04279956,0.056808583,0.01137399,0.0032104221,-0.0007519433,-0.037219014,-0.0076633776,0.07018765,0.0047966545,0.008243894,-0.0035694914,0.053620663,0.016351584,-0.019922176,-0.028998068,-0.0016177946,-0.028114948,0.07441095,0.02791869,0.0068829204,0.0051177,0.03433537,-0.07665898,-0.0024738556,-0.041216046,0.01311176,-0.007882127,-0.027275003,-0.045303185,-0.010008867,0.019884506,-0.02337779,-0.001718737,0.0729835,0.05261126,-6.981268e-05,-0.050666377,-0.014926032,0.043660074,0.038974386,-0.0168462,-0.023120213,-0.007262521,-0.031261932,0.0030708103,0.00524724,0.021531813,-0.08230383,0.014626422,-0.009307378,0.030454671,0.06587445,-0.02138146,0.0014976094,-0.008943632,0.0036562018,0.0031755576,0.097648725,-0.05101187,0.024315963,0.017316397,0.0047965604,-0.020402206,0.029681213,-0.0011212135,0.0038248429,-0.021937573,0.028352419,0.0019772314,0.006034597,0.025787681,-0.021937605,0.06587475,-0.018425902,0.008156418,1.000002,-0.000562055,0.030720713,-0.0396001,-0.022038018,0.009798196,0.024720816,-0.033164266,0.022522943,0.014197659,-0.02491145,-0.017434448,-0.009117273,-0.046864156,-0.020804342,0.011943608,-0.021778632,-0.03216424,-0.024175186,0.04997654,-0.009502717,-0.017132942,-0.017434474,0.034845553,-0.012517529,-0.06741091,-0.04899452,0.06271399,-0.0121347215,-0.027275005,-0.010048824,-0.024739794,-0.0345992,-0.053955946,-0.0262159,0.027918758,0.027918935,0.01880792,-0.020402182,-0.019274019,-0.024911433,-0.06809962,0.013428484,0.086372465,0.030496124,0.003440927,-0.034804046,0.014272997,-0.021269366,0.0004560725,0.009433948,-0.0038687943,0.023377812,-0.013281262,0.077172525,-0.019591862,-0.021269282,0.005751974,-0.025770677,0.010853962
12:11757743:G:A,0.021535493,-0.004754307,0.021741832,-0.022395866,-0.04597895,0.005151886,0.016664244,0.057755485,0.10546751,-0.020224301,0.023348266,-0.0033160285,-0.015553311,0.02718769,0.011149139,0.042717937,0.05023414,0.010421154,-0.06890199,0.00256735,-0.017332835,-0.03956977,-0.0016637206,-0.0050224997,-0.04830499,0.020251151,0.014301052,-0.005826087,0.041305523,0.06778698,-0.0019684362,-0.0018027952,0.048570365,-0.03217868,0.0027664837,0.018113958,-0.029712126,0.043146573,-0.02655942,0.01996363,-0.004159817,-0.017032007,-0.034432072,-0.06917422,-0.008929956,0.0015750548,0.031502545,0.011810645,0.014756435,0.018408436,-0.009011264,-0.03968509,-0.035463423,0.06659202,0.053401757,-0.03385224,-0.008075148,-0.04087575,-0.0144266235,0.008207625,-0.011648403,-0.027862959,0.026427936,-0.07528868,-0.041903205,-0.019674364,-0.04968806,0.00587095,0.0091354195,0.036390238,-0.034860995,0.019868588,0.018086867,-0.045039274,0.024570238,-0.010498748,0.019963646,0.035940163,0.00808975,0.025155587,0.018693062,-0.01893681,0.032983784,-0.014162826,-0.050286714,0.010196608,-0.009011232,-0.027192634,0.03424181,0.026086899,0.03269088,-0.004100292,0.020487394,-0.029857874,-0.024864946,0.00392139,0.024588156,-0.059124283,-0.055822093,-0.028461324,-0.010314066,0.001786138,0.024987567,-0.006777897,-0.013861545,-0.041611753,-0.038426798,-0.020646833,-0.043605134,0.090062425,-0.04254855,0.08989863,0.003000438,-0.020143013,-0.032610588,0.024570033,0.056037497,-0.018803582,-0.000562055,0.9999995,-0.020340202,0.01367957,-0.007854436,0.049968492,0.021096878,-0.03769722,-0.0010056033,0.0028943296,-0.021863734,0.023984024,-0.0004256943,0.016729081,0.03779974,0.009090781,-0.0008077547,0.0020915796,-0.016146842,-0.01847152,0.017000744,0.025378726,-0.055209648,0.0026246866,-0.022404155,0.009567971,0.008875757,-0.01334639,0.058470923,0.0077689374,0.02618644,0.04435746,0.022366626,0.007206107,0.024382893,-0.045993753,0.008398565,-0.01881655,-0.022806175,0.018468209,0.002187564,-0.019942336,-0.047989957,-0.01738562,-0.049824264,0.022844823,-0.012790369,0.020089893,-0.033419058,-0.01657802,0.016019763,-0.04675264,0.041343123,0.029983275,0.005372751,0.021741785,-0.00028225186,-0.055221748,-0.02561721,-0.05317785
20:62269839:T:C,0.00937548,-0.010623747,-0.09051559,-0.013704413,-0.012802871,-0.032215334,0.03787119,-0.016779523,-0.055450715,0.02629552,0.015004461,-0.03051662,0.032709796,-0.01337668,0.053342476,0.028611664,-0.039243754,0.04061628,0.02194028,0.042472336,-0.005189277,0.06152408,-0.011159799,-0.025336552,-0.013871442,-0.034914557,-0.0669371,0.01102139,-0.090516165,-0.024570014,-0.0053201057,-0.025513757,-0.063388884,0.05173155,-0.0067832437,-0.026745338,0.012387358,0.041744858,0.01726328,0.021196349,0.009618589,0.041432716,-0.04860024,-0.005343188,-0.009856266,0.06007955,0.0013815783,0.029128421,0.03596147,0.0054656514,0.030205395,-0.0069647236,-0.0140047455,0.02054045,0.018992927,-0.015412839,-0.00262531,0.015173382,-0.018941304,0.0025015583,0.0481493,-0.03024744,0.015917918,-0.015761938,-0.016693851,-0.03452623,-0.04782796,0.05211428,0.0016279754,-0.03217251,-0.013393851,0.018879695,-0.021252742,0.023247764,0.022588063,0.03540239,0.021196352,-0.08872326,-0.0030508325,0.04473196,0.014421779,0.013833292,-0.003804705,0.012136699,-0.036291048,-0.026157668,-0.0745772,-0.052575056,0.007218348,-0.03179242,-0.045445852,-0.0041351663,0.061591476,0.017077615,0.022587905,0.015907204,0.047599602,0.032792587,0.029682584,0.015665036,-0.0041014776,0.018449385,0.02390351,-0.0083908485,-0.006964739,-0.0328897,-0.034819473,0.02946776,0.044284035,-0.027823003,-0.020888435,0.013079902,-0.012974361,-0.021112395,0.021196257,-0.023504443,-0.0034395596,0.02674183,0.030720713,-0.020340202,0.99999696,-0.022858992,-0.03213784,-0.008303996,-0.008442128,-0.024229337,-0.02705504,-0.016399026,-0.012823379,0.008905781,0.050681572,-0.027216332,-0.024979955,0.011083572,0.019448861,-0.012732305,-0.0698196,-0.029959284,0.00049866026,-0.054810215,0.021212306,-0.024668032,-0.034863964,-0.00091407297,0.013426945,-0.021562165,-0.008390805,-0.053141523,-0.044631954,-0.019739011,0.029651245,0.006529556,0.056785032,0.020467326,0.020467333,0.03083172,-0.03288953,-0.06448294,-0.046460785,-0.00732696,-0.023867052,0.018929971,-0.037268464,-0.0044780374,0.015301153,-0.0037921264,0.027811972,0.031228269,0.023658022,0.019474665,-0.02258807,0.008608145,-0.05074562,0.018929984,-0.011911789,-0.01782276,0.07183809,0.03533242
19:33750118:C:T,-0.017196681,-0.03246743,0.025177976,-0.010990403,-0.0029887275,-0.014169873,0.020287232,-0.02539559,-0.014919166,0.019112607,0.007430291,-0.00152796,0.028329879,0.039809365,0.0040154764,-0.034217022,-0.018309787,-0.011586824,0.029227994,-0.022408133,0.01999143,0.051849823,0.008573297,-0.014399857,-0.012061104,0.052569754,0.024179792,0.0014068409,-0.005561147,0.021683037,-0.026207754,-0.06508527,0.020384688,0.011097891,-0.015068227,-0.072488554,0.050936304,-0.02411334,0.067813694,0.01442484,0.0076214285,0.05266164,0.0048581213,-0.03723031,0.0336921,-0.059461143,0.072064914,-0.051053345,0.01446212,-0.0005872046,0.0009362148,0.025248619,0.048917502,0.022188697,-0.0345236,0.017496115,0.02646477,-0.011466512,-0.06928897,0.058452114,0.09768028,-0.010760659,-0.02199211,0.004707795,0.053956505,0.020039212,-0.04175834,-0.029971747,0.005089505,0.04998736,-0.0058813123,-0.041990325,0.027250318,-0.010434086,0.034358494,-0.046639316,0.014424855,0.013431693,-0.018958418,-0.027466172,-0.027655395,0.0015806258,0.025232023,-0.029178115,-0.01587019,-0.01881364,0.020555763,0.010898494,0.01705665,0.021377433,0.022128697,0.050642557,-0.044413857,-0.019132761,-0.043315414,0.035121314,0.04523619,-0.049302645,-0.01703033,0.00038322725,-0.0061698854,-0.031410877,-0.022699026,0.020509358,-0.015326569,0.08039084,0.023258386,0.010947547,0.0010496757,-0.040646415,-0.021475133,0.02205567,0.014692129,0.010030425,-0.013110785,0.008467327,0.0040448178,0.034308415,-0.0396001,0.01367957,-0.022858992,0.9999988,-0.017233852,-0.0068928436,-0.033403657,0.03836205,0.009769043,0.04513091,-0.03274717,-0.038769953,-0.009429361,0.035339765,-0.020890426,0.0068365466,-0.043037865,-0.02871262,0.024111355,0.012470036,0.02961585,-0.021194875,0.002707459,-0.012463705,-0.03354652,0.011726917,-0.022662228,-0.019419003,0.046139907,-0.0058814147,-0.01650288,0.0031925628,-0.062249117,-0.024415,0.018660616,-0.010760754,-0.03924844,-0.039983,-0.008253808,-0.040087767,-0.032747235,-0.0011384574,-0.0070232656,-0.0055612093,-0.04156573,0.017821012,0.030801464,0.0700815,-0.027171541,-0.05988391,-0.054113436,0.041273326,0.017423855,0.023445645,0.014402738,0.025177913,0.010018316,-0.030034559,0.012560783,0.010807484
16:90143727:C:T,0.023237329,0.04354674,0.05745424,-0.06350617,0.034914147,-0.010662881,0.05678709,0.048179537,-0.0447154,0.045121796,0.0018626217,-0.040910304,-0.028678516,-0.009951604,-0.007830337,0.011568078,-0.010404934,-0.05274647,0.018670019,-0.05239363,0.016491758,-0.016719505,0.02309766,0.008207929,-0.037895203,0.014792778,-0.0050868816,0.016844472,0.018480029,-0.007761907,0.00656757,0.012754937,-0.037969794,0.0013898867,-0.027170198,0.02299027,0.011717028,-0.012700997,0.048841283,0.033784658,-0.068709396,-0.01771454,0.036316615,-0.04347179,-0.006948014,-0.008826446,-0.010812401,-0.030381233,-0.033645216,0.015943345,0.08545791,0.015597044,0.029100426,0.0040190057,0.034123022,-0.06352767,-0.0073106242,0.05049529,-0.010035115,0.015449347,0.038139142,-0.025168847,0.022380382,-0.03935817,0.05271661,0.046444554,-0.023832612,0.0426408,-0.053485103,0.056742623,0.022188302,-0.017103203,-0.026098266,0.04773377,-0.023087274,-0.046734493,-0.0011278304,0.024688035,0.037750307,0.07959124,0.033166837,-0.02512751,0.0006446472,0.030219419,0.061446935,-0.012236314,-0.014045108,-0.044088986,0.02670823,0.017178314,-0.014965581,0.049496975,0.030093482,-0.04528639,-0.02308732,-0.010329135,-0.007731302,0.023111379,-0.005794185,-0.0026162658,-0.0006056256,-0.00534203,-0.006846132,-0.026073914,-0.06157012,0.042659223,0.05554156,-0.0024304737,0.002611532,0.033784546,-0.014471012,0.049409576,0.022729121,0.012814931,-0.018583963,0.042568147,0.017482936,-0.044841744,-0.022038018,-0.007854436,-0.03213784,-0.017233852,0.9999997,-0.032128125,-0.002873611,-0.008247641,-0.046749398,-0.001338637,-0.027749786,0.019272363,-0.06298044,0.0033279345,-0.0076973685,0.010309164,0.029907297,0.01512008,0.037538413,-0.022876585,0.021858755,-0.03674675,0.032419723,-0.0448402,0.018839678,0.0074255927,0.0015673753,-0.033156324,0.017255193,-0.091046855,0.031799275,0.019449962,-0.048150335,0.039164864,-0.048480675,-0.0071091116,0.029010464,-0.028625853,0.042659093,0.049566597,0.026154017,0.07123566,0.026641764,-0.039981525,0.017081842,0.014140934,-0.037102878,0.04665647,-0.030855695,-0.041846007,0.021305073,0.029314877,-0.026154613,0.021318674,-0.028907096,0.01848002,-0.04971688,0.04019645,-0.005807897,0.008486999
6:109590004:A:G,-0.0060534733,-0.005935356,-0.020256173,-0.002370244,-0.061962556,0.022931281,-0.007978101,-0.010303756,-0.010065376,0.08367848,0.0390424,-0.012949276,0.012556851,0.03560829,0.025968755,0.0067170016,-0.0108826365,0.017880483,-0.011310933,-0.018873367,-0.019946923,-0.011041483,-0.008732185,-0.007878337,0.025505818,-0.015050376,0.03682398,0.06732614,0.016794076,-0.032143787,-0.025238842,0.0034326199,-0.0048257126,0.010167759,0.02487525,0.001718581,0.0325672,0.0008452928,-0.06577603,0.010507614,0.057281166,-0.038437422,-0.023325417,-0.0049528694,-0.03625282,-0.010027768,-0.04866881,-0.02677816,0.041959066,-0.0040949164,-0.02049779,-0.023042984,0.08383129,-0.020359524,-0.004767759,-0.016958278,0.048776086,-0.012104387,-0.005014694,-0.014515102,0.009527319,-0.050514724,0.010794656,-0.003078961,0.059353434,-0.061681695,0.04962899,0.032002103,0.0038063538,0.013356559,0.030107874,-0.04964782,-0.03614933,-0.034114093,-0.018969258,0.025153939,-0.022681324,0.0386017,0.011539233,-0.03961489,-0.023496762,0.01907595,-0.019589286,-0.03277688,-0.0017550862,-0.03483626,-0.044145532,0.032210506,0.030861838,-0.03566122,0.0001295144,-0.009999481,0.029263671,-0.027406877,-0.003365771,-0.045211513,0.018738257,0.010781138,0.032343715,-0.015837938,0.032896362,-0.01033587,-0.114964165,0.019453805,0.050315168,-0.009222262,-0.030224077,0.030193673,0.019980468,0.027102046,-0.037587676,-0.016518163,0.004727593,0.0065826997,-0.022681275,0.012237808,-0.049384125,0.019494036,0.009798196,0.049968492,-0.008303996,-0.0068928436,-0.032128125,0.99999905,-0.0014150585,0.036387503,0.03142437,0.043419067,0.014833971,-0.024565881,-0.0470443,-0.0048223115,-0.014229161,0.0005359816,0.0057194587,-0.02186492,-0.03697332,0.055897627,0.018366806,0.017370697,0.02126116,-0.0067492574,0.006867112,-0.016052969,-0.023230545,0.03580243,0.009156296,0.05701924,0.001874458,0.05814302,0.026220333,-0.014877071,0.07011303,0.052494172,-0.03334639,-0.059850182,0.008584987,0.039709974,0.02052778,-0.016902197,-0.044894606,0.035319205,0.002584208,0.023990266,0.021826241,0.008464653,0.016713599,0.004784631,0.025710726,-0.03397468,-0.0122379465,0.024166474,-0.027269408,-0.0017310323,-0.023629129,-0.018100446,-0.01270262,-0.057051856
16:73071381:C:T,0.008781544,0.011018921,0.029721055,0.03849419,-0.03700791,-0.031178927,-0.055153143,-0.02558876,-0.0060178223,0.00667151,0.017876796,-0.025051814,-0.02149959,-0.013171516,-0.01075859,0.09879787,-0.0074703014,0.001285,-0.06922351,-0.02326507,-0.020497268,0.0421136,0.050812885,-0.0069966554,-0.04930464,0.026868317,0.024220422,-0.012296351,0.029721063,-0.010042698,0.01490056,-0.00151024,0.06492594,-0.027811827,-0.040335044,0.040098153,-0.02278479,0.013335984,0.038806707,0.018910766,-0.020090593,0.031858366,0.009512475,-0.041789852,0.021791361,0.013491779,0.04244471,-0.015392551,-0.03060188,-0.011766385,-0.034479167,-0.031864453,-0.0076373243,-0.028699998,0.020510498,0.024894899,-0.005324286,-0.045238595,-0.022076447,0.046968333,-0.009663484,0.022224458,0.06061136,0.039571106,0.00028481256,-0.039264258,-0.0061743995,0.046289206,-0.01776478,0.035594206,0.091863625,0.037106637,-0.032976534,-0.043721966,-0.014074644,0.0046979524,-0.038563866,0.027434919,-0.039881486,0.03742106,0.015659902,0.020516805,0.002554244,0.030460944,-0.027691567,-0.013739266,-0.014003354,0.011106037,0.03331277,-0.0024104891,-0.0065764706,-0.018018069,-0.03514638,0.030104479,0.06698932,0.025471525,-0.0037945441,-0.06134341,0.008442159,-0.034103706,0.0038002452,-0.062555246,0.011569743,0.027564479,0.031654317,-0.0050270953,-0.009385214,0.020294152,0.07963122,0.018910779,-0.007610424,-0.0025370347,-0.023681644,0.045827292,-0.009826584,0.06698927,-0.03125842,0.0124932425,0.024720816,0.021096878,-0.008442128,-0.033403657,-0.002873611,-0.0014150585,0.99999607,-0.0018104324,-0.0038485953,0.0029545114,0.047809932,-0.016451728,0.04227275,0.059287373,-0.023236703,-0.00238291,-0.00791787,-0.06485106,-0.028438048,0.050012697,-0.009069511,0.10468958,-0.023666361,0.010042752,-0.040528566,0.0006713767,-0.046968114,-0.016035533,-0.008100817,-0.0013434225,0.00567638,0.007680867,-0.023159852,-0.025447054,-0.025489481,-0.0075064977,-0.0075064753,-0.0057069417,0.0566484,0.0038002846,0.037949942,0.06578557,0.0049051996,-0.0023597754,-0.0636068,0.017543152,0.02077322,-0.018646229,-0.039893456,-0.056815673,0.009823726,0.007959954,-0.03996799,0.037948158,-0.04303017,-0.0023597833,-0.032130983,-0.034828197,0.006569144,-0.0061631924
14:65049474:A:G,0.011620704,0.044200607,0.011642345,0.045137387,-0.026474757,0.0078884885,-0.017761188,-0.012109015,0.02943611,-0.030956915,-0.037566632,-0.0027087533,0.014661911,0.06310705,-0.002574505,0.036151852,0.023216099,0.0092256535,-0.026499953,0.01553239,0.05330484,-0.025434298,0.07846715,0.013588094,0.023560502,-0.027483977,0.029115425,0.003439225,0.06688692,-0.03986949,-0.034491546,-0.05535982,-0.01575485,-0.0018599185,-0.0116363745,0.03963412,0.0005159296,-0.0066403043,0.05092172,0.004788006,0.01421903,0.029878333,0.02287896,0.03113967,0.002314972,-0.06841417,0.02242276,-0.040004976,0.012121389,-0.053992912,-0.0049304655,-0.042839453,0.014832462,0.10866157,0.025893547,-0.0010733643,0.04076574,-0.034124482,0.050717924,0.054400805,-0.022725776,-0.038610626,0.025725381,0.004759314,-0.014133418,-0.058943577,-0.009599533,-0.036389615,0.08518923,-0.014061069,-0.017231323,-0.027528133,0.012885073,0.0010692993,-0.024884904,0.0048985546,0.0047879466,0.03840834,-0.00061434414,0.006094747,0.020894669,0.01085389,-0.05499058,0.065829456,0.013595778,0.021131098,-0.0049304273,-0.0019807299,-0.048605718,0.042208355,0.029708916,-0.015613823,3.7667545e-05,-0.025856877,-0.0248847,0.050573394,-0.016909573,-0.052090958,-0.059409257,0.04424686,0.004133844,-0.0048973616,-0.023072707,0.022812955,0.03008207,-0.03213008,0.024313191,0.012370542,0.048360582,-0.028203465,0.007851428,0.021525163,-0.067968465,-0.027199978,-0.028203493,-0.055906348,-0.057481214,-0.015741196,-0.033164266,-0.03769722,-0.024229337,0.03836205,-0.008247641,0.036387503,-0.0018104324,0.9999977,0.02346405,0.05043099,-0.026914762,-0.030652406,-0.00047584187,0.023781948,0.0411727,-0.014839628,0.02715443,-0.0069036228,-0.028301813,0.01884116,-0.00956056,0.004422859,0.019043362,-0.004315351,0.03018141,-0.026952567,-0.032960188,0.029383369,-0.01301388,0.036271103,-0.011772347,-0.051388144,-0.02212119,-0.034592863,-0.0007115268,0.012587914,-0.0044787633,-0.0014899031,-0.014428691,-0.022958495,0.01836322,-0.027088657,0.01813675,-0.0067728586,0.00058659894,0.026287248,0.09519181,0.014683151,0.050369762,-0.049146436,0.02186363,-0.0034204908,-0.03715784,0.06484519,-0.026634086,0.048472114,-0.020924104,0.055977613,-0.031799983,-0.00041208375
3:169923523:G:A,-0.059713062,-0.0038908843,-0.035067305,0.021519609,-0.038755186,-0.016980927,0.018971505,-0.03901255,-0.003721833,-0.03684877,0.01429024,0.0073837964,-0.023139477,-0.016659511,0.010504684,0.053171612,0.047586843,-0.012633427,-0.049137097,-0.0048508337,0.0575508,0.057064537,0.0007340412,0.03622323,0.01558913,-0.01753076,0.049627446,0.053964887,-0.035067275,0.0039959294,-0.02958736,0.00058577745,0.007586584,-0.028552849,-0.025389407,0.0038908685,-0.002221159,-0.006514565,0.07179993,-0.010949375,0.051110353,0.02891548,-0.027515838,-0.0004946575,-0.022383502,0.02771443,0.03585677,-0.008509151,0.0020124055,0.02099693,-0.015603156,-0.012277088,0.014755474,-0.05011254,0.028053168,0.015434578,0.053678844,-0.008089862,-0.019214723,-0.050323013,0.021403024,-0.008619802,-0.032584433,0.016078135,0.0357925,-0.009460674,0.00951433,-0.02095041,-0.009925311,-0.07823391,-0.025858982,0.03394715,-0.03469539,-0.018719818,0.038032874,-0.010444884,-0.010949277,-0.02353017,0.08363201,-0.022637937,-0.026716098,-0.031785958,0.007355354,-0.01161718,0.07273778,0.03898213,-0.055955317,0.047007885,-0.0112376725,-0.0036255165,-0.05001692,-0.04955986,0.026646417,-0.0005473252,-0.015218436,-0.038270477,-0.04898376,-0.050332233,-0.03447629,-0.017188543,-0.022871718,-0.020303193,-0.03238339,0.0046376744,0.008585671,0.054640338,0.031132352,-0.009165944,-0.0069009247,0.017367084,0.04346635,-0.04590985,0.0028055822,0.023450922,0.045683566,0.01140725,0.015434779,-0.033712726,0.022522943,-0.0010056033,-0.02705504,0.009769043,-0.046749398,0.03142437,-0.0038485953,0.02346405,0.9999998,0.049416747,0.003988673,0.0043387185,0.01973021,-0.04200343,-0.08908207,0.00077815016,0.018100513,0.03472604,-0.015109348,-0.024711013,0.02539726,-0.008245986,-0.031205976,0.05288946,-0.014545848,-0.07108256,-0.05089044,0.008698055,-0.021719858,-0.048819456,-0.008351333,0.05656135,0.014202038,-0.07182886,-0.05423897,-0.03791541,-0.03791538,0.033664133,0.02425444,0.012008045,0.023419421,0.00988118,0.0031369105,-0.0034565087,0.019653415,-0.028262703,0.006395615,-0.06397774,-0.045718692,-0.038294442,0.016885513,0.026891518,-0.064658254,-0.014315929,-0.013690084,-0.035067488,0.00017461351,-0.010295426,-0.026804024,-0.020115059
5:1219258:G:C,-0.024778498,0.053241976,-0.016043188,-0.046803124,-0.03246534,0.025550855,0.034356054,0.034024276,-0.017423185,-0.015608868,0.02417815,-0.100522526,-0.02772154,0.03554034,-0.045207474,0.061797075,-0.028329644,-0.02379661,-0.028918693,-0.051940233,-0.023992015,-0.01948698,0.07533775,-0.017896503,-0.040123995,0.0024106682,0.042193826,-0.005727952,0.11204768,-0.09111715,-0.023287192,-0.018987337,0.009654514,-0.016285144,0.012978495,0.005072029,-0.028283183,0.0052654846,0.05545679,-0.017963836,0.0056409463,-0.035114333,0.015198585,-0.033667717,0.034356054,0.025660496,0.057729848,-0.036197025,0.004284842,0.0050685485,-0.025599197,0.10210123,-0.030948011,-0.0143532725,-0.026378011,-0.016896166,-0.013618725,0.0070370003,0.036004387,-0.027833303,0.03789111,0.042008102,0.025201203,-0.0025916013,0.009665401,-0.031231519,0.009364416,-0.016489305,0.062389776,-0.03346302,-0.022334661,0.021169394,-0.03122688,-0.012113887,-0.019143319,0.05493784,-0.01796383,0.054393798,-0.010092583,-0.016780963,-0.012222439,0.028117802,-0.057813518,0.029210906,0.015874023,-0.022448272,0.056155894,0.0068553146,0.0020497434,-0.017733853,0.002099697,-0.018623278,0.013605567,-0.038033456,-0.019143395,0.02597036,0.007304345,0.0043411604,0.016398946,-0.02978807,-0.024141498,-0.0051636375,-0.005795305,-0.016827155,-0.024706015,-0.01670658,-0.05116061,0.02154058,0.028738119,0.03940655,0.014650534,-0.00022775444,0.0143473465,0.044860363,-0.017963832,-0.019143326,0.011129324,0.016151575,0.014197659,0.0028943296,-0.016399026,0.04513091,-0.001338637,0.043419067,0.0029545114,0.05043099,0.049416747,1.0000014,0.03801807,0.017781833,-0.0041672965,0.018189767,-0.008323189,-0.025224475,-0.008507225,0.02744858,-0.045103416,0.049318213,0.014390562,0.07046908,-0.02542729,-0.062552385,0.009781208,0.015618404,0.027833307,-0.019708274,-0.03462751,-0.02233466,-0.022081574,-0.020258604,0.0280585,0.0054159565,0.001959679,-0.017345961,-0.017345954,-0.01243987,-0.016706599,-0.0005853666,-0.04071821,0.05511713,0.018280562,0.04800213,-0.017834025,0.037463028,0.0014294864,0.05084471,0.048570544,0.013154103,-0.029921088,-0.026742246,0.019143324,-0.0053133285,-0.032250427,-0.016043091,-0.044411723,-0.020858997,0.017414661,-0.058951277
1:151374025:T:C,-0.0702016,-0.008469342,-0.04545251,0.017912323,0.020267524,0.0038558436,-0.027006987,0.029983938,-0.009914302,-0.05989535,-0.037354562,0.02237936,0.013601156,-0.005842257,-0.018515205,0.035777606,-0.09283366,0.010530103,0.019052396,-0.04021054,-0.0153588075,-0.026606955,-0.012697218,0.03816017,-0.033554465,-0.0095296595,0.011492399,-0.004112762,0.0063902615,-0.009366553,-0.0048037996,0.0049718665,0.0014909781,0.05782799,-0.0018020477,-0.00923188,0.030041762,0.014917717,-0.041450895,-0.004454579,0.026100155,-0.00045533906,-0.019196905,-0.032160778,-0.010051114,-0.0057205083,-0.009277585,0.0031823884,0.026209043,-0.05680364,-0.022892646,0.015543363,0.0010064793,0.0071399165,-0.03760185,0.008845464,0.0008627582,-0.007009062,0.008333645,-0.018495254,-0.10418323,0.046946704,0.010029248,0.04938739,0.037906397,-0.04192492,0.020814424,-0.025059108,0.0033299369,-0.013009479,0.06851788,0.01281098,-0.047190167,-0.045454234,0.011263977,0.028758207,-0.027674463,-0.06163255,-0.017147657,0.0020585156,0.06693393,0.0064182854,-0.010275356,-0.046437666,0.063689284,0.009473004,0.026741253,-0.0078095314,-0.0054707867,0.04772239,-0.051041648,-0.013239771,-0.00584224,0.038977657,0.033097416,0.029175375,0.02916755,-0.021475963,-0.020814665,-0.03437951,-0.020726472,-0.04697581,-0.005101743,-0.033265118,0.049758792,0.027418671,-0.0006633454,-0.05638248,-0.0031264818,-0.02767447,-0.006262055,0.028318487,-0.03802856,0.06503197,-0.004454579,0.033097297,0.037202995,-0.053281184,-0.02491145,-0.021863734,-0.012823379,-0.03274717,-0.027749786,0.014833971,0.047809932,-0.026914762,0.003988673,0.03801807,1.0000001,-0.0020860732,0.023666432,0.017193286,-0.01143427,-0.0038955219,-0.012399847,-0.004225569,-0.012321112,-0.024101736,0.075544775,-0.008711118,-0.0020861153,0.079336815,-0.036731824,0.06747892,0.010950024,-0.034607656,-0.004447297,0.012034196,-0.015157153,-0.036722783,0.0031924231,0.049165,0.05953884,-0.0010983434,-0.025121106,0.03461921,-0.022415375,0.04601149,-0.019758673,-0.04644839,-0.05103093,0.058233242,0.04972898,0.03274925,0.029084615,-0.008420126,0.024708653,0.0051964936,-0.0045623137,0.01666726,0.010569319,0.00045467887,0.044981033,0.032311566,-0.019196823,0.014070663,0.049338188,-0.037316717
11:9642200:G:C,-0.008075242,0.033835303,0.029638365,-0.009536497,-0.015713736,0.029449908,-0.024772402,0.037570845,0.005499388,0.0090399105,-0.064282835,0.0012751156,0.034357995,-0.020495284,-0.04767019,0.038426165,-0.069770016,0.026715182,-0.03911468,0.027484259,-0.037256557,-0.038845588,-0.014251584,-0.017097922,0.013963136,-0.060031105,-0.034852494,0.009843016,-0.046229668,0.020967813,0.07321637,0.07307173,-0.00071491,0.015997693,-0.038357172,0.0050211945,-0.0392738,-0.036663465,0.006272232,-0.009289049,-0.032808337,0.00599639,0.01595752,-0.01380419,0.033125896,-0.00410676,0.031858843,0.026857026,-0.015759394,0.05039407,-0.037448794,0.058159746,-0.02407152,-0.019706458,-0.04134822,0.05779334,-0.04022542,0.00030057432,-0.0069495975,-0.021402968,-0.005385115,-0.020687886,-0.006356382,0.051040865,0.02430763,-0.0056723882,0.014469243,-0.0027409925,0.036289588,0.01744056,-0.0069567696,0.021080686,0.017414846,-0.012341653,0.01140226,-0.007383392,-0.02627919,0.0016848991,0.04995534,0.01825516,-0.03934859,-0.010326935,0.023002284,-0.01676001,-0.0034577192,-0.004464539,0.0593984,0.033117395,-0.0063410327,-0.017134696,0.025907164,-0.0032689166,-0.039983485,-0.030219655,-0.03652493,0.038109776,-0.030765442,-0.05489701,-0.008905754,-0.004656441,0.014867568,0.003340824,-0.061160147,-0.036314033,0.03312403,-0.051180173,0.01533474,0.02095657,-0.024810804,-0.060259707,0.012568901,-0.025414674,-0.06043017,0.010870324,0.0077012335,-0.020549163,0.0038446537,0.0302075,-0.017434448,0.023984024,0.008905781,-0.038769953,0.019272363,-0.024565881,-0.016451728,-0.030652406,0.0043387185,0.017781833,-0.0020860732,1.0000012,-0.03484027,0.008076012,-0.018270258,-0.006372723,0.026317308,0.07872931,-0.015142086,0.00919235,0.018547805,0.020566233,-0.019444693,-0.015279153,0.002812459,0.007873598,0.04900711,-0.056791227,-0.02577089,0.020596357,-0.0027009589,0.0449895,-0.0471224,0.030532865,-0.046780627,-0.0031101904,-0.038265593,-0.036780026,0.039980132,0.05672427,-0.042892102,-0.005933882,-0.013370392,-0.008295691,0.0366894,0.0023897518,0.029088551,0.044786714,-0.05924306,0.048893377,-0.011641893,-0.05719941,0.0045735845,0.022379646,0.010521204,-0.046229612,0.0004196522,-1.0555103e-08,-0.012158516,-0.02455123
3:101267385:T:C,-0.036073685,-0.022398239,0.016100284,-0.022051686,-0.028122976,-0.04610627,0.022893451,-0.0043013203,-0.0063485894,0.0062721153,-0.042543076,-0.009323513,-0.013016195,-0.03655608,-0.01130065,0.05987025,-0.013016104,-0.04496,-0.013741406,-0.02117535,-0.010060882,0.0054225754,0.019022645,0.043815073,-0.007748636,-0.005309884,0.031558942,-0.04507421,-0.041608177,-0.010850629,0.008418365,-0.019555718,0.017118707,-0.018423261,-0.02954035,-0.0038737294,-0.010856095,0.013283475,-0.030927943,-0.020742781,-0.041208122,0.04519076,-0.0365561,-0.01754876,-0.010660826,0.02555112,0.0011049077,-0.01980697,0.07757024,-0.034048267,-0.01728157,0.04172139,0.008750123,0.031614505,0.008730838,0.012664091,-0.00764046,0.010051056,-0.020547297,-0.015216963,-0.013690143,0.056033287,0.032540713,0.02675726,0.046386726,-0.038462274,0.021088405,0.03631907,0.046601836,0.0028877093,-0.013680336,0.0073324447,0.027934354,0.008779927,-0.014543521,-0.017873576,-0.0035113797,0.022736695,0.09726725,-0.04739225,-0.0107632885,-0.006184432,-0.010095126,-0.035200976,-0.01490158,0.018565122,-0.017281603,0.01858158,0.013618778,0.004136197,-0.05537481,0.023561353,0.04250253,-0.03628537,0.017861266,0.028314188,0.018494926,-0.00677697,0.03668674,0.02076271,-0.011681754,-0.016630942,-0.027127916,-0.0030346143,0.06711268,-0.009429191,0.0056142905,-0.025662469,-0.03401903,-0.03797422,0.0053957654,-0.013827781,-0.019437758,0.02784983,-0.0035113858,0.0016588559,-0.033632774,0.008523655,-0.009117273,-0.0004256943,0.050681572,-0.009429361,-0.06298044,-0.0470443,0.04227275,-0.00047584187,0.01973021,-0.0041672965,0.023666432,-0.03484027,1.0000001,-0.01316459,-0.02223016,0.009594933,0.012948281,0.017549252,-0.019900957,-0.0044197575,-0.012342797,0.011536702,-0.00888425,0.016620066,-0.021544393,0.03670979,-0.0015806846,-0.019606195,0.018350955,0.042207956,-0.04712565,-0.05509821,-0.0592276,0.036594667,0.017199956,0.002551804,-0.06875723,0.03690496,-0.0094292825,-0.03998215,0.05913948,0.0247746,0.05652871,0.035336457,0.0020812608,-0.0085035525,-0.019404596,-0.0072231432,0.002401353,0.046393674,0.011892631,-0.0074047623,-0.0016591292,0.04910681,-0.025018744,0.016100293,0.016365154,-0.014618494,0.01357583,-0.017538818
14:20812951:G:A,0.025168983,-0.014781643,0.08285624,-0.030466529,0.05224427,-0.010277689,0.011955247,-0.021455605,0.031166565,0.021232229,0.05339739,-0.01024037,0.06042654,0.08462511,-0.02412768,0.081449255,0.017821234,-0.00016711648,-0.006451985,0.008948454,0.027611863,-0.035468124,0.02280708,-0.02005343,0.018778961,0.012734245,0.025755554,0.056418676,0.008367102,0.034400053,-0.03633588,-0.009605649,0.026225412,-0.009949001,-0.05845116,0.014781517,0.027644562,-0.0007470054,-0.02633492,0.034390815,-0.0071533537,0.02572393,0.02139395,0.07507256,0.09316386,0.03298129,0.03296057,-0.043853316,-0.03464363,0.007175997,0.025236627,-0.044470537,0.04846109,-0.0135703245,0.004600694,0.053016968,-0.023357099,0.0022193305,0.0007167283,0.0092677465,-0.031179097,0.0032939042,0.04200282,0.04540583,-0.015720151,-0.039890524,0.039540753,-0.022271324,-0.011980918,0.0065255645,-0.0402022,0.034877725,-0.036437314,0.00866653,0.028283259,0.014550212,0.00102782,0.022550343,0.02960834,0.001186934,-0.02200029,0.008207978,0.007977034,-0.0072181867,-0.004294846,-0.03582349,0.0014649035,-0.021664174,0.004075274,0.0039589107,-0.011427996,0.015539525,-0.017422123,-0.00088663143,0.028283233,-0.0044664694,-0.051203158,-0.0006593179,0.027216574,-0.02110905,-0.017361779,-0.013720799,0.039512474,0.008159747,0.004691649,-0.030071732,-0.0013911489,-0.027501447,0.0019803972,0.03439097,0.02269382,0.026541434,0.0016013314,0.028516663,0.0010279574,-0.0030871686,0.036718965,-0.00480949,-0.046864156,0.016729081,-0.027216332,0.035339765,0.0033279345,-0.0048223115,0.059287373,0.023781948,-0.04200343,0.018189767,0.017193286,0.008076012,-0.01316459,1.0000052,0.006210759,-0.011886329,0.016713431,-0.010575534,-0.018775318,0.100782186,-0.014543749,0.011956416,-0.03380344,-0.00088827306,0.0030558058,-0.0040725353,0.023255514,-0.03547467,-0.0021917513,-0.04020203,0.026201509,-0.03646526,-0.024955943,-0.014317424,-0.03669487,0.0032937063,-0.031222751,-0.04772605,0.0057296334,-0.031060418,-0.06293562,-0.0537361,0.008672895,-0.028877521,-0.014462113,-0.008272603,0.015419675,-0.033665013,-0.046466745,0.044523504,-0.0038565984,0.043565426,0.034457877,0.031818654,-0.036552723,0.008367272,0.025629794,-0.028303917,-0.01852313,-0.012932604
19:13220703:C:G,0.080952555,0.032076363,0.064309694,0.0056647044,-0.020583909,0.012640335,0.010158971,0.011836262,-0.039329037,-0.0074347067,-0.012119817,0.030691518,-0.04594247,-0.0039422745,-0.018733589,0.047422875,0.10981426,-0.014140699,-0.040302116,0.018544525,0.019828465,0.0083229905,0.0048977705,-0.009014377,0.004529405,-0.019165656,0.0107216,-0.03258198,0.06430976,0.039660282,-0.010465882,-0.021939209,0.01262082,0.009996662,0.008067166,-0.023080153,-0.014289188,0.00071432465,0.040626906,-0.012070422,0.01904554,-0.0393217,-0.013728337,0.016811958,-0.002766825,-0.006874982,-0.047373693,0.013193629,-0.011898222,-0.030349612,-0.00458852,0.02947997,-0.085898824,0.0034142206,-0.008131643,0.036109474,-0.05239575,0.018118339,0.030086545,-0.00898788,-0.035339847,0.029854419,-0.051266603,0.01584535,-0.018818064,-0.06190062,-0.0238247,-0.009245177,-0.05147555,0.012750905,-0.04562678,0.008631403,0.013284221,-0.013043665,-0.055027694,0.03169405,-0.047472488,-0.0060573583,-0.028694114,-0.010120025,-0.0047714445,0.03788688,0.060227204,0.020271335,0.017747214,-0.051394552,0.008023665,0.022482608,0.011503054,-0.027633121,-0.040585674,-0.010696267,-0.03101331,-0.04496357,-0.021739768,0.0028359445,0.002324365,0.009401465,0.012158422,0.07795154,0.034331452,0.03159977,0.039817717,4.3690856e-05,0.02947995,-0.0010951761,-0.022918964,0.01178853,0.07917791,0.0056306017,-0.056614302,0.03154348,-0.02734552,-0.008653676,-0.047472544,0.0115482565,-0.01144919,0.035683986,-0.020804342,0.03779974,-0.024979955,-0.020890426,-0.0076973685,-0.014229161,-0.023236703,0.0411727,-0.08908207,-0.008323189,-0.01143427,-0.018270258,-0.02223016,0.006210759,0.9999976,-0.03726672,-0.0031389995,-0.032948624,0.013019251,-0.029901253,-0.024497252,-0.0134856645,0.02172478,0.025532763,-0.0025978948,-0.023447288,0.0032361096,0.022360494,-0.010940553,-0.016920999,0.043249156,0.0010965563,0.06750131,-0.056290597,0.015136898,0.02985439,0.06648048,0.015903464,-0.020090004,-0.045616157,-0.029654216,-0.052659933,0.016734751,-0.014732023,-0.015986394,-0.035172373,0.02704248,0.026702283,0.01574157,-0.048751578,0.059307482,-0.03143522,0.038383704,0.017710134,-0.012129348,-0.01473208,-0.08466859,0.085810855,0.0029777542,-0.012420829
6:32655615:C:A,0.038373135,-0.02188758,-0.021598611,-0.020960873,-0.01130019,-0.081275135,0.050675683,-0.063454285,0.022661438,-0.0012112693,0.00056795095,-0.026212802,0.0106162615,0.04580611,-0.016276876,-0.011108029,-0.029589131,0.006549862,-0.018484058,0.049225926,-0.13210255,-0.009468874,0.01944449,-0.01741435,0.00757688,0.017010534,0.036469374,0.022377301,-0.058239773,-0.009198004,-0.005787536,-0.021680003,-0.047639996,0.013001569,0.027966283,0.026057782,0.025836138,-0.02242749,0.03710819,-0.02828732,0.008814705,-0.020297961,-0.02769539,-0.014133335,0.03869174,-0.00084762665,-0.017288815,-0.024299398,0.0037166188,-0.0011200457,-0.028617263,0.0070432704,-0.0007270511,-0.016809782,0.026008604,-0.020345218,0.0034760777,0.03907354,0.00026323585,0.05068715,0.024828788,-0.0035443015,-0.120017804,-0.04234273,-0.03839781,-0.007850538,-0.029542603,-0.0755307,0.012287092,0.018529186,0.0020899377,0.06325728,0.01307042,0.058792036,-0.02705815,0.007564632,0.037357554,-0.048215073,-0.011886306,-0.014697079,0.009466232,0.008589571,-0.053147618,0.000213696,-0.04525924,-0.013501702,-0.0052305963,0.027521439,0.039704483,0.05136065,0.02689807,-0.010361086,0.014432936,-0.059624624,0.0038043598,-0.069307916,-0.032300465,-0.01445883,0.10778785,0.016638165,-0.0063765463,-0.0013817586,-0.016895931,0.0034722057,-0.00504814,-0.012218865,-0.010453566,0.0316669,-0.008355299,-0.0118760895,0.010529692,0.04206459,-0.02851281,-0.025612922,0.020946309,-0.02705821,0.039781984,0.03929986,0.011943608,0.009090781,0.011083572,0.0068365466,0.010309164,0.0005359816,-0.00238291,-0.014839628,0.00077815016,-0.025224475,-0.0038955219,-0.006372723,0.009594933,-0.011886329,-0.03726672,1.0000002,-0.03245811,0.045090638,0.055778343,-0.05727008,-0.029536568,0.028011281,0.0018674637,-0.018276023,-0.022076441,0.06505323,-0.008025546,0.010977136,0.013656129,-0.024524098,-0.023656787,-0.0114448415,-0.03243672,0.017497726,-0.010198859,-0.003544194,-0.0035443022,-0.01700234,0.040613245,0.04753035,-0.032049455,-0.008853681,-0.015009752,0.015042539,0.010816787,0.047553856,-0.016453814,-0.020400353,-0.06955373,0.005925933,-0.032658502,-0.029729135,0.027058255,-0.037491832,0.00987113,-0.0032780406,0.0058079036,-0.011933734,0.040754043,0.025195507
1:28219658:C:G,-0.022984458,0.011320222,-0.028158296,0.025467882,0.04646704,-0.006924244,0.08164792,0.004440764,-0.038398217,0.05098506,-0.026218427,0.027938174,-0.026099041,0.012703245,-0.06471652,-0.016983323,0.07206548,0.016571093,-0.009790337,0.065920375,-0.022483056,0.029016634,0.018447734,0.040688783,-0.05809495,0.029977305,-0.013052806,-0.0041215844,-0.028158281,-0.061501574,-0.043725304,0.016455287,0.044078622,-0.008787741,-0.0090559535,-0.0113202,0.054996993,-0.0024169136,-0.02567903,0.036682665,-0.04813172,0.0110973045,0.0022907578,0.019301591,-0.026275333,-0.010234329,-0.019563552,0.007547424,0.049836226,-0.011014056,-0.04493112,-0.018234394,-0.0207183,0.003646986,-0.018378463,-0.059804223,-0.020355904,-0.002098443,0.007502776,0.015004343,-0.038051356,-0.030445082,0.027920723,0.015687978,-0.012475379,-0.024693716,0.0048409496,0.025592443,-0.007969895,-0.011328597,0.016109472,0.004166346,-0.014385195,0.012224936,-0.03359959,-0.011345453,-0.03152977,-0.06614919,0.050340924,0.027357228,-0.021452382,-0.061384607,-0.051362358,0.0092763575,0.0034250817,-0.028326415,0.003671684,-0.03558582,-0.017306698,-0.011375569,-0.0010984691,-0.0204448,-0.00033690574,-0.005965684,-0.0015299846,-0.03073042,-0.035184614,0.020218961,0.0052550384,-0.059717435,0.04231789,0.021705912,0.018324966,0.014305675,0.0068942374,-0.029322937,0.01616842,0.024256961,-0.011060537,-0.0315297,-0.020645257,0.053893022,0.047194567,-0.04498308,0.0025764517,-0.03359965,0.015170307,0.0020245076,-0.021778632,-0.0008077547,0.019448861,-0.043037865,0.029907297,0.0057194587,-0.00791787,0.02715443,0.018100513,-0.008507225,-0.012399847,0.026317308,0.012948281,0.016713431,-0.0031389995,-0.03245811,0.99999976,-0.06475599,0.033093568,0.0030755356,-0.0051449286,0.0023800174,0.026317328,-0.052692793,-0.017990697,0.048128936,-0.02608693,-0.0345913,-0.01744076,-0.011545711,-0.026047288,0.05553943,0.031781178,0.011871159,0.006376141,-0.030445065,0.0048403647,-0.003753665,0.0072761024,-0.027701667,-0.01239987,0.001321313,0.0025189042,-0.028158307,0.064867504,-0.061390337,-0.0132502755,-0.037548415,0.024707811,-0.022898307,-0.025712142,-0.005560241,-0.030539503,-0.019088406,0.041253705,0.009916069,-0.0029307653,0.0,0.009508332,-0.032027967
17:73993546:C:T,-0.00377147,-0.030023357,0.005997234,-0.059183005,0.016491747,0.020289114,0.006173494,0.05124758,0.039911482,-0.03087125,0.023339795,0.01830052,0.019480892,0.058168292,0.024784714,-0.008166883,-0.0022659043,0.058777455,-0.003846279,0.007069454,-0.075493336,-0.0330969,0.012744236,-0.009724972,0.043013908,-0.007376805,0.059636366,-0.009448083,0.047038965,-0.029538048,0.018121565,-0.077332005,0.037338413,-0.036589764,-0.051164534,0.0253522,0.0863154,0.036329348,-0.005759128,0.020501863,-0.05350737,-0.038321935,-0.029503096,-0.018128455,-0.011724222,0.027020656,0.056606814,0.053446382,0.016962143,0.002800083,0.04231375,-0.004307955,0.050086927,-0.025383964,0.09008544,-0.067393236,0.049703214,-0.010333857,0.017881129,0.0054268828,0.039796103,-0.0030246263,0.00353527,0.012196317,-0.029992325,-0.008674291,0.0096987225,0.026166927,0.06760738,-0.08308212,-0.054998584,0.0068664444,0.044353727,0.008200966,0.06333108,0.02490656,-0.034645,0.039968498,0.007548746,-0.009270403,-0.02893219,-0.025378786,0.011965947,-0.064566165,0.04180906,-0.022541393,-0.036272686,0.05043539,0.020066524,0.024497464,0.010494364,0.040113065,0.037083544,-0.018546196,0.011477028,-0.031887557,0.025778137,-0.055842042,0.03936208,0.014434996,-0.010473648,0.05613224,-0.06390898,0.016271338,0.009235566,0.030902456,0.0012773349,0.017508795,-0.010742826,0.0021196052,0.05243093,-0.012143904,-0.045589473,0.028679473,0.038884137,-0.05766121,-0.044943653,-0.02171891,-0.03216424,0.0020915796,-0.012732305,-0.02871262,0.01512008,-0.02186492,-0.06485106,-0.0069036228,0.03472604,0.02744858,-0.004225569,0.07872931,0.017549252,-0.010575534,-0.032948624,0.045090638,-0.06475599,1.0000029,0.028667338,-0.009171968,0.00035564197,0.016512418,-0.004339699,-0.013545217,0.039708566,-0.013884312,0.006519607,0.03257641,-0.017949518,-0.0102826655,-0.0052971076,-0.02925077,-0.036572725,-0.03504644,-0.05574016,0.015993198,-0.041060414,-0.0068722656,0.011176485,0.034812633,0.008388644,-0.049563717,0.024445334,-0.014523708,0.009501244,0.007596717,-0.021591734,-0.030182984,0.010394893,0.009893402,0.028235441,0.018533766,0.023092482,0.037283927,-0.01571255,0.00599717,-0.03925973,-0.03564544,0.0055114217,0.0043888795
7:123420442:C:A,-0.0405237,0.04784089,-0.06882471,-0.00051193975,-0.027366813,-0.03003484,0.0056468905,0.025382748,0.021695409,-0.02006757,0.0075073023,0.002509542,0.037798442,0.010884231,-0.008681506,0.019002767,0.011668609,0.021218758,-0.0059891045,-0.044687107,0.018465463,-0.014426711,-0.00066730904,-0.0020568164,-0.042714912,0.03772138,0.030841645,0.03163978,-0.031256925,-0.03024092,-0.0399173,0.021814391,0.016132638,0.02686882,-0.04918427,0.020571057,-0.010383711,0.05771058,0.022885641,-0.047618866,-0.029598398,-0.012349426,0.03637859,-0.011894875,-0.023022998,-0.016824817,-0.0068060025,0.010506328,0.05786918,0.031607606,0.05203216,-0.01094305,-0.03638725,-0.04250199,0.0065061753,-0.013984157,-0.039950993,0.026960341,-0.047430433,0.028957512,0.019077275,-0.007682867,-0.006807802,0.02871909,-0.017660668,-0.03479126,-0.0070536695,-0.0369838,-0.056802455,0.04246501,-0.012816377,0.019577801,-0.040896796,0.009535733,0.0062122694,-0.03777093,-0.030792585,-0.052857764,-0.05195573,-0.011192188,-0.042212375,0.03086857,-0.006687767,0.026818955,-0.00071902946,0.0049609635,-0.03189153,-0.01236777,-0.030448167,0.027043955,0.033883978,-0.00019115361,0.036617626,0.015870813,0.00621227,-0.039857756,0.02234495,0.016324801,0.03325593,-0.051564522,0.0020671554,0.055738125,-0.05449278,0.01326976,-0.035737477,0.03516096,0.040818907,0.013100517,-0.00410882,0.019686395,0.035497673,-0.013636311,-0.015315983,0.008534479,-0.047618955,-0.009609293,-0.009874236,-0.010910513,-0.024175186,-0.016146842,-0.0698196,0.024111355,0.037538413,-0.03697332,-0.028438048,-0.028301813,-0.015109348,-0.045103416,-0.012321112,-0.015142086,-0.019900957,-0.018775318,0.013019251,0.055778343,0.033093568,0.028667338,0.9999973,-0.06018546,0.017387923,0.061483424,0.035549972,-0.0035618073,-0.015300558,-0.018117884,-0.0070872842,0.04621201,-0.012833818,0.00082728383,-0.018894287,0.009217948,-0.016243828,-0.0640238,0.0049041156,-0.007683152,-0.042499438,-0.021886121,0.017104771,0.002067103,-0.02386757,-0.031566992,0.0038309256,0.025095126,0.0330855,0.025943844,0.054455385,-0.04270294,0.012655172,-0.028323004,-0.012396277,0.010573287,0.009609347,-0.005736451,0.012499407,-0.012472794,-0.0009803206,0.022431936,0.006248977,0.0011619624
7:50258206:G:A,-0.022984358,-0.040680178,0.047990408,0.00090347487,0.03676875,0.033341404,-0.0013699469,0.023950402,0.00988758,0.039474525,0.016186468,0.02793821,0.01901393,-0.00033695955,-0.006195274,0.08532334,-0.029498218,0.0738185,9.826283e-05,-0.0388025,0.029038113,0.02061408,0.029162537,0.023285298,0.024286197,0.029977256,-0.046464503,-0.057507634,0.009916103,0.041273363,-0.09364315,0.02604587,0.006092045,0.008180158,-0.009055889,0.02334676,0.037962697,-0.0446289,-0.025679177,0.002576487,0.011316292,0.011097309,-0.015998118,0.06151368,0.0069318092,-0.04567679,-0.019563619,-0.026965013,0.049836066,-0.011014069,0.027972963,0.057151005,-0.053284984,0.05631054,-0.04564873,0.07348436,0.04586198,-0.028484412,-0.021980831,0.048252147,-0.017337188,0.0048404275,0.009892536,-0.017642597,0.049348254,0.018048499,-0.02034855,-0.0062189107,0.018844794,-0.028492358,0.016109344,0.038805183,-0.014385201,-0.020483062,-0.0015300486,-0.029095866,0.036682837,0.008902751,-0.06735535,-0.009070884,-0.021452386,0.03792328,0.002326865,-0.013049277,0.021752294,0.043227278,0.05227464,-0.00558629,0.015824478,-0.0029111526,-0.026211036,0.029314792,-0.026417155,0.018902672,-0.0015300649,0.053124934,0.039489742,-0.012854392,0.005255225,-0.022985099,0.014309998,0.021705939,-0.0066098208,0.0777987,0.0068941135,0.007276231,0.0029230344,0.032879755,0.013776278,-0.03152973,0.0056669163,0.0028418747,-0.03947839,0.027946983,0.036682922,-0.0015301041,-0.0014903945,0.02142114,0.04997654,-0.01847152,-0.029959284,0.012470036,-0.022876585,0.055897627,0.050012697,0.01884116,-0.024711013,0.049318213,-0.024101736,0.00919235,-0.0044197575,0.100782186,-0.029901253,-0.05727008,0.0030755356,-0.009171968,-0.06018546,0.9999994,-0.013657763,0.0023800342,-0.033620134,-0.029853916,-0.027456388,-0.0115826735,-0.037169337,-0.034591295,-0.028022729,-0.039200895,0.02037144,0.025173947,-0.008973208,-0.007999776,0.015187157,0.07541111,0.0048402753,0.0065080454,-0.029322963,-0.027701622,0.046109863,-0.038357493,-0.005871631,-0.028158287,-0.040317483,0.02982146,0.06948602,0.01221925,-0.030569263,-0.02289826,0.01355888,0.008016355,0.033599664,0.00369087,0.067376815,-0.028158354,-0.012143469,0.016534008,0.03278178,-0.020120876
18:74691225:A:G,-0.021564132,-0.03868243,-0.04843547,0.029646887,0.020998638,-0.038714893,-0.020504816,-0.01376357,0.026239198,-0.021380778,-0.0011759492,-0.0430436,-0.025974125,-0.0025935906,-0.0036445237,0.059797868,-0.0010045943,-0.02274412,-0.002069033,-0.019584918,-0.015831588,0.034272533,-0.02478779,0.044270523,-0.0070164558,0.05629948,-0.025187843,0.038280677,-0.010721771,-0.031718902,-0.014150343,-0.025733141,0.016008213,-0.027223865,0.013840231,-0.012825804,0.036135968,-0.03066099,0.0039796396,-0.028897101,-0.01001659,-0.017463995,-0.021042038,-0.040420055,-0.053397655,-0.028127132,0.01064129,0.005653872,-0.02036851,0.08687513,-0.029143991,0.054012448,0.035555698,0.02539096,0.06608609,-0.04495338,0.02466991,0.0016951307,-0.038673047,0.06015869,0.005863701,-0.0057672886,-0.020715788,-0.0021249559,-0.012981333,0.06675908,0.029097091,-0.02402412,0.015029633,0.025941228,0.017032228,-0.0104963295,-0.02754282,-0.018381026,0.008383609,-0.040311784,0.004886152,-0.022189895,0.0770564,-0.050376296,0.032877736,-0.005149726,0.01749785,-0.032165907,0.018677147,0.015935661,0.018998679,0.0012012325,0.021750484,0.027740646,0.03141092,0.025758874,-0.009051895,0.059884656,0.008383529,-0.008426354,-0.020654708,0.0043963837,-0.012733769,-0.00510846,-0.0272533,-0.014506668,-0.03582433,0.00023449879,0.0042309226,-0.017207408,0.040155284,-0.021599127,0.015496294,-0.012005445,-0.0063430606,-0.026105007,-0.020391563,-0.012589025,0.021777745,-0.023382332,-0.057330813,-0.011392239,-0.009502717,0.017000744,0.00049866026,0.02961585,0.021858755,0.018366806,-0.009069511,-0.00956056,0.02539726,0.014390562,0.075544775,0.018547805,-0.012342797,-0.014543749,-0.024497252,-0.029536568,-0.0051449286,0.00035564197,0.017387923,-0.013657763,0.9999995,-0.003288161,0.03551063,-0.0022149663,0.06457975,0.057916243,-0.016248215,0.017715205,0.0054754335,0.003335643,0.02237266,0.026564982,-0.023058338,-0.025982952,-0.014206151,0.011708556,-0.02324289,-0.0048448197,-0.053459924,0.02823205,0.0002017427,-0.027812019,-0.048862904,0.02699225,-0.016135918,-0.07124314,0.055807438,-0.02509737,-0.040979043,0.021197185,0.025797471,-0.037617642,-0.040149413,-0.026920704,-0.027372012,0.008135066,0.022900313,-0.034802098,-0.0041878233,0.0018816856
18:650816:G:A,-0.032767687,0.0073990063,-0.05236529,0.016636532,-0.03288685,-0.035466265,-0.03086534,0.0034937158,0.088851236,0.037582077,0.024370499,0.038462166,0.01681518,0.0105898725,-0.06583334,0.02465833,0.03718285,-0.035010453,-0.0030885662,0.012702055,-0.03553681,0.012335154,-0.024130061,-0.034435872,-0.029688898,0.01446037,-0.027307408,-0.038240533,0.047331043,-0.041017808,-0.048187744,0.0053121033,-0.0057478654,0.00065357896,-0.018085234,-0.011937772,-0.042085044,-0.003638953,-0.065938555,0.008344646,-0.0987357,0.003615704,0.014223847,0.061115008,0.0126105305,0.024612414,0.032271232,-0.024784172,-0.007487527,0.028578067,-0.026287973,-0.019229226,-0.008454008,0.018706137,-0.01517541,0.029384997,-0.023604045,0.0037499378,0.03703023,0.045080766,-0.019323228,0.05117475,-0.008709317,0.021983461,-0.012712499,0.04620044,0.032572452,-0.06003549,0.011697549,0.005414558,-0.042728473,-0.0039310036,-0.024304857,-0.007287369,0.048080157,-0.0060432046,0.008344591,-0.0002430743,-0.032069836,0.022708548,-0.02904413,-0.008452385,-0.01125795,0.02419719,-0.01643865,0.0422494,-0.00083484687,-0.007756487,0.04930912,0.007252763,-0.018092813,0.01699239,-0.016726376,0.0051264926,-0.002303906,-0.0054032067,-0.008979676,-0.024766594,0.0030606543,0.029715156,0.02704576,-0.040096886,-0.036067624,0.032622814,-0.0060696555,0.0205386,-0.04328792,0.04160202,0.031038841,0.044067036,0.019440895,0.0131903775,-0.00018043802,-0.018792797,-0.027377758,0.014490809,-0.036054593,0.022729164,-0.017132942,0.025378726,-0.054810215,-0.021194875,-0.03674675,0.017370697,0.10468958,0.004422859,-0.008245986,0.07046908,-0.008711118,0.020566233,0.011536702,0.011956416,-0.0134856645,0.028011281,0.0023800174,0.016512418,0.061483424,0.0023800342,-0.003288161,0.99999815,-0.019790769,-0.012804736,-0.0047796904,0.05124459,0.06519239,-0.023504432,0.038164604,0.00071986177,0.06485675,0.020012096,-0.027516453,-0.05041755,-0.025006883,0.014217227,-0.041219104,-0.032521833,-0.056128103,0.049046952,0.05257155,-0.010348578,-5.249454e-05,0.047330916,-0.038668703,-0.020779923,0.021573199,0.02437032,-0.009236964,-0.008264158,-0.035285097,-0.017259238,0.019098397,0.03910855,0.039881494,0.007452597,0.039010208,-0.0432937,0.030313008,-0.010028957
11:47440758:G:A,-0.012738624,0.025200501,-0.00829585,-0.0034180763,-0.020544892,0.034464642,-0.028907971,0.018133422,0.053607352,-0.0024281438,0.0061315014,0.06705946,0.023121038,-0.033487342,-0.025805622,-0.012538433,-0.03757337,-0.04743193,-0.029262485,0.034005385,-0.045811698,0.019755755,-0.035602473,0.017580686,-0.01535028,0.04171823,-0.047335785,-0.012319177,0.010671348,-0.041607566,-0.0063574864,-0.027260516,-0.025945887,-0.047396712,-0.032712486,-0.012248451,0.0031547016,-0.032457896,0.027028723,0.0077013723,-0.032808322,-0.012118765,0.015957471,-0.03483235,-0.037179165,0.013548938,-0.046429366,0.044049714,-0.046644002,-0.0016770118,-0.025343018,-0.004429949,-0.024071548,0.058997426,0.019782959,-0.021054793,-0.019608708,0.039733637,0.017529493,0.03380549,-0.01570399,-0.003110224,0.0026246598,0.013682417,0.0012092259,0.053945925,0.043748546,0.028953042,0.009573736,-0.033860866,-0.0069568027,0.012452829,-0.053065203,0.0039518625,-0.004573514,-0.00738337,0.041681767,-0.03570272,0.016451875,-0.022575235,-0.014577312,0.022653678,-0.0572346,0.02772697,-0.0034577209,-0.062387817,-0.037448976,-0.016697437,-0.014593172,-0.08460029,0.034247193,0.025650501,-0.0075033167,-0.005442998,-0.020549012,-0.008304909,0.0064340085,0.0068867095,0.028013825,0.031940427,0.0009153967,0.0033408848,0.038210586,-0.00468465,0.045641717,0.039980117,0.0021382517,0.0381386,-0.0041896882,-0.043269493,-0.022384401,-0.04236898,-0.03644317,0.024494315,-0.04326948,-0.0365249,-0.012755002,0.006051128,-0.017434474,-0.055209648,0.021212306,0.002707459,0.032419723,0.02126116,-0.023666361,0.019043362,-0.031205976,-0.02542729,-0.0020861153,-0.019444693,-0.00888425,-0.03380344,0.02172478,0.0018674637,0.026317328,-0.004339699,0.035549972,-0.033620134,0.03551063,-0.019790769,1.0000011,0.001786851,0.049966715,0.029120633,-0.0062012402,0.0053425212,-0.009956191,-0.048286576,0.02042289,-0.015517748,0.0594633,-0.038759038,-0.0072774934,0.049622856,-0.020687928,0.014339935,0.0035158829,-0.020012995,-0.013744932,-0.020758584,-0.034269366,0.010671285,0.020969836,-0.014133029,0.024508992,0.019994635,0.046313968,0.001959381,-0.024683986,0.010434095,-0.011402132,0.0053581093,0.010521152,-0.00829597,0.018777376,0.020591311,-0.017955512,-0.048277434
19:45411941:T:C,0.016148062,-0.026396956,0.0794066,-0.013756505,-0.01793366,0.03006235,-0.043388963,-0.016826782,0.008456742,-0.0097452495,0.04947465,-0.018154308,0.008580312,0.002790223,0.022879614,-0.054152478,-0.02002446,0.0453678,0.044668652,0.01284641,0.02903447,-0.005338176,-0.045401268,0.042468246,0.011844881,0.012774716,0.012014692,-0.016805643,0.028815592,0.069728374,-0.038003203,0.016201958,-0.016138945,0.031129176,0.010117154,0.014881158,-0.006997302,-0.027018437,-0.015244482,0.10590804,-0.0017863729,0.029850898,0.03244182,-0.0571148,0.017280998,0.023148796,-0.0073129577,0.030553063,-0.007042292,0.00891872,0.021762278,0.010986023,0.03283464,0.04202503,0.009310735,0.047676396,-0.0336728,0.0018644328,0.03381494,-0.051159807,0.034500174,0.019434743,0.03971919,0.0042592147,-0.011248368,0.023575325,0.007552378,0.0059664627,0.039260298,0.011777154,-0.010410396,-0.005284242,0.0023758116,-0.007603274,0.0077514495,-0.008123751,-0.030046929,0.023460811,-0.04557056,-0.013796905,0.030212505,0.002382926,0.02299018,-0.048847124,0.028310068,0.034306973,-0.042818073,-0.0007660985,0.042961303,-0.035160948,-0.015291019,-0.028666329,0.0027902762,-0.012459836,0.050363623,-0.05556333,0.010800068,0.0033199985,0.008255441,0.03636307,-0.074818626,-0.016052438,0.027960872,0.05407756,-0.05579251,0.023928734,-0.009307179,-0.0047266195,-0.015472999,-0.0073877946,-0.017781917,-0.014396264,-0.0063471184,-0.0068153315,0.015271354,0.029057546,-0.057480168,0.011490184,0.034845553,0.0026246866,-0.024668032,-0.012463705,-0.0448402,-0.0067492574,0.010042752,-0.004315351,0.05288946,-0.062552385,0.079336815,-0.015279153,0.016620066,-0.00088827306,0.025532763,-0.018276023,-0.052692793,-0.013545217,-0.0035618073,-0.029853916,-0.0022149663,-0.012804736,0.001786851,1.000001,-0.025205046,-0.06104402,-0.051920954,0.0457571,0.011894476,-0.028783562,-0.017427582,-0.019091116,0.017534697,-0.06426308,0.040871415,-0.027450478,0.04287724,0.01901614,-0.00038648563,0.0089151105,0.024915505,-0.032231357,0.013021803,0.0035202743,0.01556015,-0.05535225,-0.0054032123,-0.035036225,-0.03412046,-0.030705722,0.01284647,0.061992172,-0.0077514495,-0.010184662,0.037609283,0.003520161,0.00872479,-0.06041585,-0.039470162,0.016890515
3:128334852:C:T,-0.0024494978,-0.039492153,0.019342218,0.044617575,0.0403278,0.013280621,-0.0054989825,-0.024307435,0.008934218,-0.011165593,0.004952252,-0.013000338,0.025140444,-0.044786707,-0.036809176,0.015149296,0.017528784,-0.011043663,0.020602748,-0.07915551,0.01834182,0.07366106,-0.04090684,0.039603956,0.08304344,0.004025211,-0.025460431,-0.003438756,0.061277714,-0.050260153,-0.018264668,0.012663542,-0.050822366,-0.009437122,-0.029811572,-0.022554807,0.023601439,-0.0053887204,-0.012955753,0.059223082,-0.022910513,-0.031094188,-0.019442845,-0.017857665,-0.03750202,-0.0654809,-0.034094464,0.03768188,0.025363745,0.0055847904,0.030863272,-0.0025036295,-0.05615728,0.00648654,0.07196893,-0.018806709,0.0018758187,0.039721765,-0.0067249285,-0.023891259,-0.043962374,0.007958256,-0.013520893,-0.022223484,-0.017057214,0.0008143609,-0.0072532464,0.01626492,-0.032792944,0.05377217,0.0015441544,-0.025219621,0.05248925,-0.015273024,0.08194966,0.00033046128,0.04044074,0.050178546,-0.015463105,-0.014477595,0.0056076157,-0.054227527,0.045391075,-0.044975657,0.033569485,-0.02344344,-0.02266856,-0.013335029,-0.0002267428,0.03588278,0.04268976,-0.024016237,0.034207523,0.011362801,0.064288475,-0.038478043,-0.024472589,0.062345218,-0.005950464,-0.05479469,0.0009506246,-0.028245337,-0.0030393922,-0.026056567,0.011334876,-0.026887007,-0.0015373264,-0.006296846,0.027011182,-0.034689747,0.04788793,-0.04442596,0.02209964,0.02193809,-0.015907116,-0.0063551376,-0.055508144,0.045127098,-0.012517529,-0.022404155,-0.034863964,-0.03354652,0.018839678,0.006867112,-0.040528566,0.03018141,-0.014545848,0.009781208,-0.036731824,0.002812459,-0.021544393,0.0030558058,-0.0025978948,-0.022076441,-0.017990697,0.039708566,-0.015300558,-0.027456388,0.06457975,-0.0047796904,0.049966715,-0.025205046,1.0000013,0.0037637625,0.017788162,-0.010583116,0.026392594,-0.013685713,-0.02856172,0.0021278034,0.00785322,0.024910193,-0.001823205,-0.011473801,0.007958111,-0.008055415,-0.0067317165,0.016374694,0.0406009,0.012543953,0.05570619,-0.0016256341,-0.0766975,0.009123788,0.04263457,0.07073439,0.040255833,0.036231913,0.0073519447,0.054790355,0.05933799,0.054793134,-0.035865646,0.04030989,0.0047406205,-0.02276352,-0.0013631801,0.031730264
7:129663496:C:T,0.025136434,0.036076702,-0.028737837,-0.0039444473,0.011635667,-0.033093147,0.044620104,0.034320902,0.045301702,-0.04203742,-0.02658826,-0.008615782,0.009113605,0.00033458814,0.006149374,-0.00218283,-0.03716312,-0.036335416,-0.007458845,0.0027833285,-0.0053840233,0.006644643,-0.010333937,-0.04470494,-0.03286654,0.01794766,-0.026426228,0.059287764,-0.009842297,-0.012630275,-0.0036692813,0.012225514,-0.03118266,0.0045116334,0.03991761,-0.014571,-0.0334538,-0.029024715,0.04616645,0.022831917,-0.007544345,0.03861424,-0.011350021,0.024834847,-0.033660546,-0.011828047,0.031416953,0.028905524,0.012070929,0.047244355,-0.039825555,0.05551139,0.06096978,0.0050923345,0.008091971,0.01594948,-0.03319751,0.064283356,-0.0147630945,-0.014892871,-0.07531148,-0.03982759,0.052812353,-0.0073004803,0.0047121663,0.03511601,0.03478181,0.016697487,0.031198937,0.0027265116,0.0045977174,-0.017028302,-0.08602874,0.008156543,-0.022354655,-0.006357189,0.0059056813,0.051172394,0.012616079,0.02708192,0.033631958,-0.00067772064,-0.023625584,-0.028597275,0.05572096,-0.040686723,-0.0036445018,0.030358564,-0.032149076,0.025993582,-0.019681286,-0.0064599942,-0.05790953,-0.014648185,-0.038269807,0.018941829,0.013304809,-0.011861699,0.000914029,0.077502795,-0.010728814,0.027971333,0.07874534,-0.0115735205,0.030569639,-0.016303807,-0.0029012526,-0.019797247,0.019195683,-0.011020647,0.005257261,0.018292522,0.008119165,0.055959243,0.022831904,-0.00643904,0.024217984,-0.04051424,-0.06741091,0.009567971,-0.00091407297,0.011726917,0.0074255927,-0.016052969,0.0006713767,-0.026952567,-0.07108256,0.015618404,0.06747892,0.007873598,0.03670979,-0.0040725353,-0.023447288,0.06505323,0.048128936,-0.013884312,-0.018117884,-0.0115826735,0.057916243,0.05124459,0.029120633,-0.06104402,0.0037637625,0.9999992,-0.0016073646,0.018859077,-0.011573619,0.059496548,-0.008701797,-0.017451644,0.0063784053,0.047386672,0.035212133,0.06524194,-0.022316039,-0.019191422,-0.034467068,0.0031708677,-0.008018622,0.06514892,-0.04205893,-0.028737884,0.024357244,-0.103672564,0.006308286,0.02903625,-0.017665988,0.057796024,0.035265893,-0.021432586,-0.041308038,0.021772904,-0.017178552,0.009053375,0.06463295,-0.030770738,-0.02387544,-0.030256711
12:24762109:T:C,0.008519828,0.012387056,0.024451662,0.014862273,-0.0057558897,-0.025497438,-0.02846642,0.028859435,-0.0036146117,-0.010756185,-0.026109343,-0.067004696,0.0022553555,0.008090296,0.0028693702,0.04108002,-0.015433375,0.00085121905,0.013334809,-0.024230063,-0.04588835,-0.054339048,-0.024599435,0.0012270068,-0.016805697,-0.008101272,0.037829004,0.016857361,-9.759858e-05,-0.02170812,-0.013475616,0.009798352,-0.052036915,-0.0007068171,-0.025955917,0.026729349,0.03957644,-0.01107078,0.008866244,-0.03309522,0.00771563,0.02127886,-0.024146846,0.038287807,0.0036500487,0.0044181873,-0.08019298,0.033644363,0.013139224,0.029022014,0.04685079,0.05385697,0.02408709,0.035216063,-0.010556752,-0.003470506,0.006270663,-0.029459627,0.021693513,-0.028184986,-0.024043033,0.06056392,-0.050587464,-0.029437326,0.059535734,-0.029629925,0.0070605977,-0.0027050793,0.018423673,-0.03621408,-0.014995297,-0.0132540995,0.008498054,-0.0055134497,0.024007339,-0.014653166,0.010886127,-0.021389749,-0.030949779,0.0013891874,-0.005418052,0.011520504,0.016572166,0.0032052333,-0.034041084,0.00036686924,-0.047162,0.040364906,-0.015076508,0.016568126,0.044219222,0.0017114304,0.016498193,-0.020423062,0.0033298116,-0.022489218,0.038448256,0.0026497003,0.002501513,-0.05581967,0.043351203,0.008672469,-0.033848204,-0.010661882,-0.027153796,-0.027632661,-0.011698256,-0.00066316285,-0.0026212104,0.010886131,-0.034245204,0.02124625,0.0067400774,0.008249931,-0.0111045465,-0.017347697,-0.057183355,0.018262397,-0.04899452,0.008875757,0.013426945,-0.022662228,0.0015673753,-0.023230545,-0.046968114,-0.032960188,-0.05089044,0.027833307,0.010950024,0.04900711,-0.0015806846,0.023255514,0.0032361096,-0.008025546,-0.02608693,0.006519607,-0.0070872842,-0.037169337,-0.016248215,0.06519239,-0.0062012402,-0.051920954,0.017788162,-0.0016073646,1.0000038,-0.020225048,0.002984163,0.07416068,0.022075197,0.055349994,0.026917232,0.029419731,-0.03375889,0.015062314,-0.007689345,-0.031530358,0.04316142,0.05238061,-0.056955837,-0.01646678,-0.025092343,-9.75898e-05,0.033478454,0.0026041106,-0.031180356,0.011514916,0.018257568,0.025150198,-0.041110687,0.005534296,0.038025234,-0.008949737,-0.009063643,-9.745957e-05,-0.017383482,-0.026651604,0.053401485,0.011157061
5:1270883:C:T,0.020764017,-0.09902379,-0.014830523,-0.03689938,0.005176631,-0.0024687415,-0.06290671,-0.07472529,0.011424127,-0.0054798503,-0.017944703,0.021154512,-0.025626004,-0.024596972,-0.041790564,0.023983734,0.016883139,-0.016063385,0.016833413,-0.024266738,-0.008826373,-0.024547018,-0.0053329114,-0.01879883,0.008658977,0.011569726,0.034675125,0.043129597,-0.014830513,-0.087189674,0.017283242,-0.025009021,-0.027172199,-0.015054223,0.04430002,0.020411253,-0.02835268,0.017995007,-0.0135246795,-0.016606025,0.066841,0.0335093,-0.019128704,0.012635985,-0.017725285,0.04438755,0.009504952,0.024676865,0.046806954,0.010103018,-0.023664262,-0.022838518,0.016404815,-0.03146613,0.15229851,0.0016524995,0.0067168665,-0.00033287372,0.015454138,0.00012005752,0.04844752,-0.016034923,-6.4954016e-05,-0.013192996,-0.039132,0.02651452,-0.023984073,-0.02623511,0.0020793849,-0.0064689484,-0.020646395,-0.0028735017,-0.028866667,-0.0069601033,-0.017696405,-0.004417224,-0.01660601,0.048121423,-0.035474684,-0.003711535,-0.011298575,0.053873926,0.063435,0.021217145,-0.018573832,0.0070646186,-0.023664244,0.0011541441,0.03838647,-0.0010379187,-0.05446392,-0.010767776,-0.024597112,0.024993718,-0.017696295,0.014348749,-0.0061494308,-0.017415226,0.02156188,0.048619784,0.0575267,-0.009698512,-0.031205412,0.08865893,-0.022838514,-0.015443854,-0.023264404,-0.069475316,-0.022782343,-0.016606016,0.015816264,-0.013441177,-0.02417396,0.013118465,-0.016606035,-0.017696334,0.016765103,-0.022770638,0.06271399,-0.01334639,-0.021562165,-0.019419003,-0.033156324,0.03580243,-0.016035533,0.029383369,0.008698055,-0.019708274,-0.034607656,-0.056791227,-0.019606195,-0.03547467,0.022360494,0.010977136,-0.0345913,0.03257641,0.04621201,-0.034591295,0.017715205,-0.023504432,0.0053425212,0.0457571,-0.010583116,0.018859077,-0.020225048,1.0000027,0.011869616,-0.020646477,-0.014397519,0.036359515,0.041780483,-0.00014341604,-0.030157093,0.047977973,0.047978,-0.08064542,-0.015443857,-0.01868736,-0.034607664,-0.01846058,-0.05268519,0.12331235,-0.008308178,-0.055624753,-0.01773814,-0.041133694,-0.017178422,0.018264268,0.046975818,0.028057495,0.017696412,0.003943609,0.09204952,-0.014830523,-0.067318365,-0.014997384,-0.014059728,0.010306315
1:40035928:G:T,-0.01822403,0.009971316,0.017475586,0.042430833,0.018446757,-0.0025997693,-0.019717766,0.015987081,0.019899208,-0.0018101753,0.04483499,-0.0059197466,-0.035766874,0.044817787,-0.004799148,-0.01688905,-0.013736471,-0.0008478074,0.044764303,-0.034087304,0.010841138,0.003059711,0.010681931,0.058908954,0.005495479,0.030132193,0.041278798,-0.029823754,-0.00596508,-0.011894457,-0.10744065,0.055548582,-0.046153773,0.05081951,0.007870694,-0.031314354,-0.061704047,-0.029434357,0.0031109408,0.0038196878,-0.03631772,0.029854355,-0.023123719,0.0034461345,-0.024828833,-0.06276038,-0.0033439319,-0.002370823,-0.036778037,-0.034786716,-0.054402143,0.01144156,0.051772434,0.0013536959,0.03902673,0.005888387,0.05196257,0.047547232,0.039942443,-0.016630357,0.029168867,0.008033275,0.027516777,-0.013666494,-0.025255064,0.0023803595,-0.015677635,-0.00861782,-0.033862498,0.053559806,-0.039518863,-0.01557043,0.034015473,-0.029834926,-0.043315023,0.03343641,0.045815177,0.020020485,-0.012543397,-0.027242614,-0.009646897,0.021291573,0.02110735,6.9703347e-06,-0.015410798,-0.013372479,-0.009518143,-0.0020439003,0.011851175,0.019751778,0.032684024,-0.0153935775,-0.011379962,0.0023031442,0.035660688,-0.017704906,0.01639861,0.019390354,-0.006818546,-0.013319176,-0.027793162,-0.06381084,0.0013783217,-0.0033093137,0.04238274,-0.00996726,0.0027236794,0.023176728,-0.0123725915,0.045815222,0.026660549,-0.02170322,0.07690599,0.029909346,0.0038196486,0.07514851,-0.009497895,0.023349121,-0.0121347215,0.058470923,-0.008390805,0.046139907,0.017255193,0.009156296,-0.008100817,-0.01301388,-0.021719858,-0.03462751,-0.004447297,-0.02577089,0.018350955,-0.0021917513,-0.010940553,0.013656129,-0.01744076,-0.017949518,-0.012833818,-0.028022729,0.0054754335,0.038164604,-0.009956191,0.011894476,0.026392594,-0.011573619,0.002984163,0.011869616,0.9999997,0.028585605,-0.058448922,-0.010648404,0.0046079,0.042307135,-0.009819207,0.008033053,0.07320412,-0.05361315,-0.05503205,-0.03641469,0.067596905,0.010557193,0.044719893,-0.005965128,-0.013414956,0.046828143,-0.0009507922,-0.0112489,0.0011783333,0.04333021,0.022326898,-0.021220488,-0.07514843,-0.024514748,-0.009736045,-0.005965137,-0.004493702,0.038172387,-0.014278634,-0.04024534
1:28768043:G:C,-0.001571968,-0.02855417,-0.016806727,-0.039620973,-0.02360757,0.015198135,-0.046059486,-0.053293604,0.037979633,-0.083375864,-0.049395926,-0.0016016366,-0.029041044,0.0082588345,-0.00028092953,0.015748888,-0.035337184,-0.010016554,-0.018930942,0.050895296,0.008418424,-0.04809702,0.03130923,0.0012525056,0.03190399,-0.02232884,0.0019638282,0.01785924,-0.016806735,-0.0079628015,0.01690935,0.0050926195,0.024665963,-0.026160307,-0.011580372,-0.027223147,-0.05116351,-0.011301446,-0.01532703,-0.01881901,0.0013549303,0.021722415,0.020826384,0.024884818,0.03408324,0.033670507,0.00212664,-0.016766252,0.03457223,0.0021065345,-0.026817674,0.014548493,0.0515821,0.033382203,-0.007785097,0.012297392,0.054223657,-0.031038467,0.042989194,-0.02066713,-0.007122619,-0.018171718,-0.008131239,0.026013844,-0.019478904,-0.00586528,0.060631435,0.0119732,0.03351574,-0.021905994,0.02109779,0.016869076,0.032325353,-0.041508842,-0.020054495,0.03307328,-0.01881903,0.013537171,0.013902778,-0.039209668,-0.012804255,-0.0003442194,0.0027821886,-0.049793005,0.036287848,0.08475714,0.05138124,-0.032658067,0.056087773,-0.00041965462,0.017591937,-0.018874498,-0.0337028,-0.022060866,-0.020054435,0.04790847,-0.018093655,0.030520795,-0.026353482,0.05181541,-0.0049048807,-0.012689845,-0.0041607358,-0.03951889,-0.02588198,0.041384127,-0.032284386,0.010674146,0.02820315,-0.018819029,-0.018923096,0.016710848,-0.024812857,0.03442352,-0.018818991,-0.020054502,0.012297433,0.023607463,-0.027275005,0.0077689374,-0.053141523,-0.0058814147,-0.091046855,0.05701924,-0.0013434225,0.036271103,-0.048819456,-0.02233466,0.012034196,0.020596357,0.042207956,-0.04020203,-0.016920999,-0.024524098,-0.011545711,-0.0102826655,0.00082728383,-0.039200895,0.003335643,0.00071986177,-0.048286576,-0.028783562,-0.013685713,0.059496548,0.07416068,-0.020646477,0.028585605,0.999998,-0.026689202,-0.021222863,0.020026442,0.062003776,0.035130892,-0.018171728,-0.018171726,0.06087266,-0.017501825,0.040158015,0.049689893,0.013659941,0.0062937085,-0.016806742,0.044176552,-0.0052252132,-0.06611815,0.020854058,-0.021114469,0.0101711005,-0.01228947,-0.051939756,0.020054465,0.007523217,0.029594284,0.044452745,0.023354396,0.033252884,-0.0076120803,0.014872644
2:58985331:G:A,-0.043048445,-0.0028385783,-0.0202886,-0.028751213,-0.07343201,0.008201537,-0.012001084,0.03168554,0.031083476,-0.0014523302,-0.0015747321,0.025982002,0.011898515,0.035233628,-0.060463727,0.051357824,0.014958338,-0.031780858,0.061108656,0.01017334,0.0016134605,0.008966247,-0.0020709583,-0.026968874,-0.06849392,-0.020900164,-0.024049317,-0.016421482,0.005417213,0.002007957,-0.0070620957,-0.04518521,-0.010180401,0.05641317,0.009885906,-0.032269467,0.034741983,0.015909804,0.014316846,-0.051501166,0.0032714526,0.0098107625,-0.018165587,-0.044409204,0.04965327,-0.005910877,-0.030375438,0.020220604,-0.0036616155,0.05485765,0.041457973,0.04792843,0.019116854,0.05451176,-0.05852783,0.0013753189,0.043184955,0.040533982,0.05677556,-0.044522278,0.0337114,0.045562048,0.02008479,0.041594937,-0.027446657,0.011049541,-0.00068748975,0.035567783,0.027569892,-0.03551288,-0.026689233,-0.012809011,-0.034942243,-0.0031827944,0.09667932,0.034237284,-0.005447623,-0.017785793,-0.00785389,-0.003312646,-0.035040926,-0.002399291,-0.013504762,0.002996605,0.039322477,-0.020360963,-0.024170056,0.014831598,-0.030072695,-0.010838629,-0.006898833,-0.005398766,-0.044002432,-0.01949362,-0.0115791885,-0.022598324,0.0005343963,-0.013073562,0.061310597,-0.0021447774,0.014529792,0.012690532,0.0435088,-0.015581684,-0.019933715,-0.047896825,-0.0035912779,-0.009768242,0.0057338895,-0.028474359,-0.02398025,-0.01870686,0.003050763,0.040685523,-0.0054476666,0.01007255,-0.00987336,-0.011689773,-0.010048824,0.02618644,-0.044631954,-0.01650288,0.031799275,0.001874458,0.00567638,-0.011772347,-0.008351333,-0.022081574,-0.015157153,-0.0027009589,-0.04712565,0.026201509,0.043249156,-0.023656787,-0.026047288,-0.0052971076,-0.018894287,0.02037144,0.02237266,0.06485675,0.02042289,-0.017427582,-0.02856172,-0.008701797,0.022075197,-0.014397519,-0.058448922,-0.026689202,0.9999984,-0.017077617,0.02639379,-0.029512156,-0.02412612,0.04556199,-0.0020840282,-0.030715583,0.026232652,0.014529758,-0.023057671,0.0030223727,-0.012332059,0.0054171975,-0.025766175,0.01782991,-0.032254547,-0.006234657,0.00063074275,-0.059973814,0.010173349,-0.022979595,0.011579204,0.004540473,0.015042427,-0.020288635,-0.067789614,0.083721854,-0.025271999,-0.016269559
10:105989765:T:G,0.03236923,-0.009923015,-0.015244547,-0.09820245,-0.042271446,0.0014141458,0.005408649,-0.025113104,-0.010056708,0.018091245,0.08005208,-0.07330001,-0.026341572,-0.0035266196,0.060428236,-0.023041405,0.011917334,0.0014677339,-0.02248788,-0.0493551,-0.029299147,-0.017810252,-0.027566224,-0.008221088,-0.015355513,-0.012870492,0.012688154,-0.00020314998,-0.015244559,-0.0010828618,0.03834251,0.022299273,0.015565196,-0.035458457,-0.020077735,0.025234045,0.087048784,-0.0063602645,-0.013902395,-0.017069709,0.010361074,0.030876145,0.009056951,-0.038383808,-0.009257572,0.016929321,0.012143151,-0.011894395,-0.028960375,0.008333619,0.0186065,-0.023476208,0.012601007,-0.00477829,-0.04685887,-0.06371043,-0.044275526,0.025554616,-0.006299522,0.022965182,0.014222955,-0.016482636,-0.033686083,-0.019286186,-0.012919738,0.016347945,0.056930702,-0.02904924,-0.0004945298,0.014407477,-0.021222891,-0.035250694,-0.02967262,0.049023308,-0.018190565,-0.014993321,-0.017069768,0.010997862,-0.0067617046,0.039981946,0.076233886,-0.028280918,-0.029642804,-0.041735012,-0.0065013417,0.001994875,-0.024325088,0.050258595,-0.057279564,0.023025058,-0.014905858,0.025559418,0.019510398,0.0029114424,-0.01819055,-0.014513176,-0.030751193,0.004820716,-0.023904055,-0.054571636,-0.020583624,-0.013699842,-0.05165479,0.08282544,-0.023476271,-0.01587502,-0.04861401,0.018292038,0.014771133,0.04318369,-0.02592175,-0.018826822,0.0063418606,-0.0563038,0.043183584,-0.018190509,0.009874616,0.0080046095,-0.024739794,0.04435746,-0.019739011,0.0031925628,0.019449962,0.05814302,0.007680867,-0.051388144,0.05656135,-0.020258604,-0.036722783,0.0449895,-0.05509821,-0.03646526,0.0010965563,-0.0114448415,0.05553943,-0.02925077,0.009217948,0.025173947,0.026564982,0.020012096,-0.015517748,-0.019091116,0.0021278034,-0.017451644,0.055349994,0.036359515,-0.010648404,-0.021222863,-0.017077617,0.99999875,0.018947767,0.013504462,0.01223917,-0.016482642,-0.016482655,-0.0023246033,-0.015875017,0.028895747,0.004623637,0.0131522715,-0.042627055,-0.015244563,0.04410994,0.05512989,0.010638532,0.01063329,-0.0049992483,0.01646234,0.043148227,-0.047111884,0.018190498,-0.039542973,-0.007936301,-0.015244547,-0.021274958,-0.036511924,-0.05785238,-0.013946514
1:45246333:T:C,0.036234178,0.019885395,-0.033696696,-0.0129903415,-0.012297528,0.017153526,0.0051997197,0.034520715,-0.048566528,0.032656927,0.002207072,0.0034301584,-0.003628414,-0.005286291,0.023568595,-0.024398895,0.016620245,-0.0013694178,0.022508284,0.011824347,-0.036879204,0.033879884,0.044339992,0.036711354,-0.0008669462,-0.004771628,0.046831008,-0.0060239113,0.10171725,-0.010765697,0.05274904,0.014082639,-0.025113484,0.07028468,0.046796545,0.026350401,-0.022021173,-0.053500578,-0.001915061,-0.022568109,0.011813251,-0.015373654,0.022587122,0.003457346,0.0150417425,0.0047092065,-0.041171513,-0.023442011,-0.033388942,0.005974405,-0.0033506507,0.047409914,0.014334251,-0.074866764,-0.011303897,-0.007996081,-0.006408623,0.055216305,-0.01159902,0.019067995,0.02179845,-0.019003153,0.025282273,-0.056364294,0.016447246,0.01980018,-0.043710515,-0.006647957,-0.041561805,-0.007868091,0.036419448,0.023890032,-0.001691203,-0.022635326,0.027909819,0.02357458,-0.0023512458,0.0010463604,-0.005022871,-0.019779338,-0.042865753,-0.0062707523,0.017892646,0.004768634,0.00859588,-0.01914652,0.02545914,-0.0041833213,-0.0002927553,-0.030418446,0.034299444,-0.0039826143,0.0024433748,0.0058319853,-0.029119082,-0.014905349,0.011916691,-0.02141688,0.07285423,-0.016340962,-0.0012623934,-0.039299157,0.01627407,0.023426013,0.047409795,-0.015203321,-0.030250479,0.006178224,0.04470347,0.038082562,0.065492794,0.0112100085,0.05194955,-0.0619068,-0.0023512554,-0.04812865,-0.042562045,-0.056687847,-0.0345992,0.022366626,0.029651245,-0.062249117,-0.048150335,0.026220333,-0.023159852,-0.02212119,0.014202038,0.0280585,0.0031924231,-0.0471224,-0.0592276,-0.024955943,0.06750131,-0.03243672,0.031781178,-0.036572725,-0.016243828,-0.008973208,-0.023058338,-0.027516453,0.0594633,0.017534697,0.00785322,0.0063784053,0.026917232,0.041780483,0.0046079,0.020026442,0.02639379,0.018947767,1.0000025,0.06751108,0.0033902065,-0.039919075,0.0019126772,0.027916769,0.0064913025,0.007038535,-0.010680586,-0.022018058,-0.023043636,0.011441546,-0.005540822,0.031445324,-0.020675652,-0.02958838,0.06892492,0.046798527,0.04286219,-0.037071023,0.029119067,0.056594796,0.01716265,-0.011127469,-0.023912368,-0.0024501865,-0.027282873,0.012046232
1:41239511:A:G,0.0029691658,-0.016921367,0.007219104,0.015398781,0.008069078,0.029649058,0.034755055,0.030737363,-0.017345892,0.05367762,-0.017591724,-0.0631301,-0.010342541,0.034796074,-0.030397471,-0.04452904,-0.0380172,0.06278741,-0.02597748,0.0063483445,-0.043270186,-0.014764094,-0.01701713,0.0048199208,-0.0019474978,-0.0050534275,0.0001535633,0.069867365,-0.014788982,-0.028148595,-0.027649555,0.037583206,-0.07439993,0.04492542,-0.0026433435,0.046979483,-0.034746114,-0.062033456,-0.0054586367,-0.006702177,-0.007958739,0.04995859,-0.05353082,0.008353287,-0.032427203,0.02918248,-0.032966487,0.00031738705,0.031633355,-0.03781395,-0.009550891,-0.04698298,0.016242342,0.023491668,0.03204294,-0.015384238,-0.021211654,0.005457879,0.008888216,-0.02941977,-0.068650685,0.018003887,-0.025731634,-0.023948722,0.05031859,0.061761126,-0.017445443,-0.048182078,-0.014144196,0.014586162,-0.0019386989,0.034213386,0.0023690388,-0.0034393405,-0.051631823,-0.0038348942,0.013012455,-0.035208263,0.04399625,-0.031679243,-0.016057404,-0.024498243,-0.040190462,-0.024129642,0.033466134,-0.032305513,0.004496149,-0.0056998,-0.024405038,-0.053586654,0.007695719,-0.023521096,-0.010429806,0.0059347306,0.022517586,-0.0035441048,0.012385832,-0.0047984123,0.022030128,0.009360548,-0.045317687,-0.02075844,0.007583823,-0.012744594,-0.032457862,-0.018926615,-0.03440007,0.019144388,-0.0142994495,-0.006702103,0.013143029,0.04179043,-0.008643247,0.011618092,0.05244188,0.003980235,0.008692448,0.0031428675,-0.053955946,0.007206107,0.006529556,-0.024415,0.039164864,-0.014877071,-0.025447054,-0.034592863,-0.07182886,0.0054159565,0.049165,0.030532865,0.036594667,-0.014317424,-0.056290597,0.017497726,0.011871159,-0.03504644,-0.0640238,-0.007999776,-0.025982952,-0.05041755,-0.038759038,-0.06426308,0.024910193,0.047386672,0.029419731,-0.00014341604,0.042307135,0.062003776,-0.029512156,0.013504462,0.06751108,0.99999976,-0.016585322,-0.0023922764,0.058796514,-0.008030867,-0.018926593,-0.004843981,-0.011712832,0.02809962,0.034673404,0.007219487,-0.016729161,0.011101188,0.0052398457,-0.019797951,0.007622626,0.025524545,-0.0012183988,-0.024776183,0.014557111,-0.026059736,0.046211015,-0.0147891,-0.013678835,0.023893107,-0.014643159,-0.03025338
17:29161503:A:G,0.012864963,0.008364313,0.020991705,-0.0072911074,0.0074027926,0.02910428,0.006569549,-0.01590589,0.04717642,0.041520115,-0.0004968462,0.06162054,0.04109038,0.044904545,-0.013344344,-0.010882283,0.008313353,0.042898446,0.01400281,-0.0064101797,0.07913015,0.060588583,-0.010150085,-0.000691837,-0.056831893,-0.01928498,-0.016927492,0.0076214885,0.0014745201,0.029373534,-0.0037086164,0.0338966,-0.018814301,-0.019764742,-0.0058028377,0.0049637877,0.030874286,0.0049428367,-0.0057748314,-0.0333156,0.016774356,0.02808154,-0.1274404,-0.04389209,-0.014708516,-0.0031515134,-0.009437092,0.0070476793,0.034581766,0.017054636,0.0272671,-0.053548295,-0.027187454,0.04395573,0.009191852,0.037477918,0.024083046,0.0020370285,-0.032976657,-0.023051815,-0.0031453655,0.025711214,0.05254644,-0.020915348,0.011813458,0.037857085,-0.027027091,0.040859215,-0.0274434,-0.06444832,0.0067781555,-0.043940928,-0.014397954,-0.038274392,-0.025639156,0.04391266,-0.01583226,0.017460138,-0.03669487,-0.006979469,0.06909721,0.0041494616,-0.052176528,0.005944088,0.002194563,0.074694425,-0.072390445,-0.0048610563,0.019692939,0.03393107,-0.028595433,0.001779178,0.07164237,-0.014445787,0.023678562,-0.03998951,-0.009785339,-0.0018790008,-0.0061303764,0.014692907,-0.026723394,0.007819752,-0.036189735,0.0010296509,0.036620725,-0.023479303,-0.033773262,-0.012082939,0.014132261,0.0016509396,-0.05144433,0.054160025,0.02900642,0.022580562,-0.015832322,-0.009200151,-0.039388124,0.022426056,-0.0262159,0.024382893,0.056785032,0.018660616,-0.048480675,0.07011303,-0.025489481,-0.0007115268,-0.05423897,0.001959679,0.05953884,-0.046780627,0.017199956,-0.03669487,0.015136898,-0.010198859,0.006376141,-0.05574016,0.0049041156,0.015187157,-0.014206151,-0.025006883,-0.0072774934,0.040871415,-0.001823205,0.035212133,-0.03375889,-0.030157093,-0.009819207,0.035130892,-0.02412612,0.01223917,0.0033902065,-0.016585322,1.000001,-0.02855227,-0.010464345,-0.0050354158,-0.042240355,0.023526596,0.017548626,-0.053816885,-0.005912946,0.02099187,0.01730127,-0.0053321705,-0.016737022,-0.012366965,-0.0042390237,0.06682693,0.0070105274,0.00687687,0.04207858,0.009663247,0.036477227,0.040509254,-0.032574765,-0.019069983,-0.010311521,0.035936292
3:169950482:C:T,0.08233419,0.037387114,-0.013052902,0.045966446,0.006768415,0.04145341,-0.040217634,0.014332165,-0.047217067,0.003053628,-0.009345548,-0.014012388,-0.022554534,0.01106979,0.023286764,-0.019728769,-0.03568558,-0.05069994,0.03737151,-0.0153863095,-0.019520162,0.06464272,-0.012025898,-0.032424405,0.023727456,0.0019613497,-0.051408794,0.08057998,-0.013052895,0.004008025,0.0015483868,-0.008885229,-0.044132765,0.044804588,-0.051471207,-0.0018037966,-0.0055267476,0.044723384,-0.01190361,-0.01461558,-0.0055804946,0.008756274,-0.00014929887,0.0072701573,-0.02317512,-0.027627774,-0.05229832,0.05320793,0.06005205,-0.024487091,-0.020827875,-0.020100929,-0.054892827,0.006340903,0.015859904,-0.019447517,-0.028072387,0.04183672,-0.024507353,0.030440195,0.037915565,-0.014112846,-0.028842859,-0.0021085744,-0.034441426,0.0564844,0.030601766,0.030120585,0.04158635,-0.015480858,-0.01817173,-0.030182594,-0.025406728,0.034907356,-0.015575198,-0.009961069,-0.014615479,-0.0013954128,-0.031222846,0.017506275,-0.009944287,0.028539956,0.011744748,0.039043564,0.00037397278,-0.04274597,-0.02082773,-0.02179341,0.0073356368,-0.043389127,-0.015475869,0.07564815,0.011069793,-0.025272274,-0.015575203,0.014754068,0.0059428094,0.048795488,0.030247219,0.00089932565,-0.010059219,-0.010703816,-0.004715018,0.029756848,-0.020100914,-0.013592731,-0.014433338,-0.017877433,-0.04460067,-0.014615586,0.011919849,-0.023474386,-0.06740613,0.03649902,-0.014615544,-0.015575201,0.031856835,-0.00676823,0.027918758,-0.045993753,0.020467326,-0.010760754,-0.0071091116,0.052494172,-0.0075064977,0.012587914,-0.03791541,-0.017345961,-0.0010983434,-0.0031101904,0.002551804,0.0032937063,0.02985439,-0.003544194,-0.030445065,0.015993198,-0.007683152,0.07541111,0.011708556,0.014217227,0.049622856,-0.027450478,-0.011473801,0.06524194,0.015062314,0.047977973,0.008033053,-0.018171728,0.04556199,-0.016482642,-0.039919075,-0.0023922764,-0.02855227,0.99999714,-0.014112848,-0.0030992462,-0.013592731,-0.038807224,-0.025121115,0.017692061,-0.031059464,-0.013052877,-0.03610289,-0.009238781,-0.01770893,0.007312179,-0.017220812,-0.021533044,0.038359337,0.09901817,0.015575216,-0.0277045,0.021429634,-0.013052845,0.020604767,-0.016971108,-0.025646087,0.025366649
15:65116390:C:A,-0.013754087,-0.033779606,-0.013052895,-0.0044613155,-0.013140988,0.00012330544,-0.0061325864,-0.02571812,0.032082524,0.0030536985,-0.009345605,0.008578309,-0.022554537,-0.015699886,-0.00674718,-0.019728739,-0.054640006,0.019812876,-0.0032285291,-0.015386287,0.08624579,-0.004355177,-0.05601881,-0.014560918,-0.024591966,0.05129107,3.4280627e-05,-0.02901489,-0.013052892,-0.04287722,0.02204339,-0.048262637,0.007855215,-0.024860714,-0.0049481816,-0.001803751,-0.0055269073,-0.007270182,0.07363232,0.055400126,0.024929045,0.008756246,-0.00014921719,-0.06205455,0.027952459,0.026940875,-0.027481351,7.058076e-05,-0.024796695,0.018429602,-0.020827847,-0.020100925,-0.010322716,-0.029696222,0.0158596,-0.0023462486,-0.028072352,0.04183694,0.015843354,-0.015061692,-0.0046074498,-0.0141128395,0.008167433,0.049208824,-0.034441404,-0.013711021,-0.03834604,0.030120395,-0.013461049,0.03737162,-0.01817173,0.0764812,-0.025406752,0.13562489,-0.015575198,-0.028180761,-0.014615516,0.015723594,0.003293977,0.036201883,-0.009944287,-0.005437797,-0.0102986675,-0.0067884885,0.019185899,-0.061107073,-0.020827772,-0.0012652769,0.0073356107,-0.008636425,-0.049844738,-0.009476856,0.03783949,-0.042289533,-0.015575197,-0.023500195,0.03149229,0.06576898,0.08096187,0.038602874,-0.038807187,0.008803088,0.04647263,-0.057138257,-0.020100903,-0.013592722,-0.01443328,-0.017877484,-0.02760513,-0.014615571,-0.024090156,0.0114596365,0.070982635,0.036498874,-0.014615561,-0.015575203,-0.019447453,0.013141083,0.027918935,0.008398565,0.020467333,-0.03924844,0.029010464,-0.03334639,-0.0075064753,-0.0044787633,-0.03791538,-0.017345954,-0.025121106,-0.038265593,-0.06875723,-0.031222751,0.06648048,-0.0035443022,0.0048403647,-0.041060414,-0.042499438,0.0048402753,-0.02324289,-0.041219104,-0.020687928,0.04287724,0.007958111,-0.022316039,-0.007689345,0.047978,0.07320412,-0.018171726,-0.0020840282,-0.016482655,0.0019126772,0.058796514,-0.010464345,-0.014112848,0.99999636,-0.003099257,-0.013592714,0.047436893,0.046946924,-0.0026718753,0.037839662,-0.013052854,-0.014509793,0.007783615,0.020034937,0.007312279,0.0016918497,-0.021533059,-0.042259112,0.04327537,-0.050258875,-0.004322827,0.039305557,-0.013052887,-0.03613369,0.016971108,0.046020407,0.025366517
12:88861682:G:A,-0.075961016,0.014123717,-0.012608271,0.05356661,0.0063313264,0.011924155,-0.02911251,-0.051881272,-0.014310674,-0.028710557,0.0030282873,0.02729215,0.015247342,0.009580488,-0.026794104,-0.022874177,-0.000805318,-0.03701115,0.060556926,-0.05449683,0.024536774,-0.030901896,0.008260203,0.013023874,0.02492683,-0.03499543,-0.015818242,0.012762705,-0.012608519,0.02188968,-0.012127958,-0.019829974,0.03674593,-0.033058587,0.0027099908,0.022095855,-0.041477732,-0.06912607,-0.04881155,-0.019208256,-0.06813455,-0.019454965,0.014674111,0.008642671,0.025407461,-0.024419855,0.030935459,0.00080393796,-0.005445332,0.004429204,-0.012864321,0.025590235,-0.057884242,-0.025877954,0.016191712,-0.050402034,-0.012820937,0.018751632,0.029762853,-0.028018042,0.0015119852,-0.0030992543,-0.027860811,0.053040836,0.008255174,-0.0021257822,0.02723199,0.0019633588,-0.017576527,-0.03581397,0.027851371,0.004450508,-0.012474409,0.039646443,-0.010258304,0.009491273,0.0011538203,-0.044554934,0.04261734,0.03535699,-0.017027494,-0.018839404,-0.05184654,0.010818206,0.056242242,-0.008678651,0.0016440657,-0.036829486,-0.008985643,-0.002566989,0.02199737,-0.041337267,0.0017953597,0.02949717,-0.067697085,-0.02905702,-0.008324013,0.031266965,-0.0750783,-0.022627402,-0.01867431,0.01113729,0.049143236,-0.022024231,0.010587976,0.03603336,0.0032857761,0.03274039,0.034588974,-0.039570432,-0.011862356,-0.024126412,0.034068264,0.012513732,0.041877877,0.028034192,-0.045428623,-0.0410718,0.01880792,-0.01881655,0.03083172,-0.039983,-0.028625853,-0.059850182,-0.0057069417,-0.0014899031,0.033664133,-0.01243987,0.03461921,-0.036780026,0.03690496,-0.04772605,0.015903464,-0.01700234,-0.003753665,-0.0068722656,-0.021886121,0.0065080454,-0.0048448197,-0.032521833,0.014339935,0.01901614,-0.008055415,-0.019191422,-0.031530358,-0.08064542,-0.05361315,0.06087266,-0.030715583,-0.0023246033,0.027916769,-0.008030867,-0.0050354158,-0.0030992462,-0.003099257,1.0000026,0.014183127,-0.052116554,0.04859192,0.034644663,0.014903415,0.0101228375,0.013346101,-0.01758748,-0.051211987,-0.0056708013,0.0069381865,-0.034861732,-0.06231211,-0.022753578,0.010258329,0.020352388,-0.003622457,0.03285396,0.006938223,0.012338911,0.0511525,-0.030335322
18:729871:C:T,-0.028908713,0.008328107,-0.012571697,0.018119486,0.022744417,0.0598288,0.07237704,0.040508766,-0.04400798,0.023948994,-0.036948744,0.051778868,-0.021723127,-0.040904075,-0.0042733923,0.035458606,0.007758554,-0.024452044,-0.040708996,-0.040701535,-0.03186059,-0.011862547,-0.031138578,0.009798412,-0.04695466,-0.04562228,0.007655567,0.07760985,-0.012571701,0.024701947,-0.024322122,0.016239583,-0.04250614,-0.036847465,-0.025446586,-0.0083281575,0.019289352,-0.014706201,0.077255145,-0.014076823,-0.034759764,-0.02751623,0.0054195295,0.06863522,0.019346308,-0.015828356,-0.006243036,0.025000999,-0.023882678,-0.023584362,0.03168426,-0.019360093,-0.0066404124,-0.005907783,-0.009610208,0.023080789,-0.05599236,-0.01588908,-0.062467184,0.00403455,0.012889857,-0.01359271,0.01060814,0.005573186,0.06555884,0.015397733,0.04224396,-0.032274287,-0.010925315,0.050351463,-0.017501831,0.044686463,-0.024470113,0.03859518,0.053284604,0.04035071,-0.014076913,-0.011490441,-0.030071754,-0.014996509,-0.009577759,-0.03166948,0.008045589,0.04439587,0.0059352,0.037730318,0.031684536,0.003344074,-0.019389588,0.016141882,0.009283953,-0.017957263,0.014628335,0.01726478,-0.015001189,0.029798282,0.009509712,-0.010850388,-0.019712808,-0.01310028,-0.03737673,0.0142596485,0.03843872,-0.009967121,-0.019360112,-0.013091647,0.044519782,0.0063879904,-0.0026634443,-0.014076867,-0.012530808,0.00068443373,0.099124886,0.062883794,-0.014076892,-0.015001146,-0.030133616,-0.022744268,-0.020402182,-0.022806175,-0.03288953,-0.008253808,0.042659093,0.008584987,0.0566484,-0.014428691,0.02425444,-0.016706599,-0.022415375,0.039980132,-0.0094292825,0.0057296334,-0.020090004,0.040613245,0.0072761024,0.011176485,0.017104771,-0.029322963,-0.053459924,-0.056128103,0.0035158829,-0.00038648563,-0.0067317165,-0.034467068,0.04316142,-0.015443857,-0.05503205,-0.017501825,0.026232652,-0.015875017,0.0064913025,-0.018926593,-0.042240355,-0.013592731,-0.013592714,0.014183127,0.99999857,-0.007558287,0.0025016556,0.044196628,-0.042675782,-0.012571701,0.011621577,0.035241794,-0.03243587,-0.018188406,0.026851194,-0.020739237,-0.0128280325,-0.009942877,0.015001065,0.023552833,-0.027037872,-0.012571698,-0.012382455,0.044007193,0.0018471983,-0.02084198
7:23493613:T:A,0.0019485649,0.021604294,-0.004872091,-0.013696961,-0.006786071,-0.042425722,0.033381578,0.009890749,0.020217368,0.016434776,0.009673288,-0.013555751,-0.0068871276,-0.021163914,-0.017701892,0.008264698,-0.014304688,-0.036802907,0.041187618,0.033108473,-0.016697094,-0.06283076,0.038017288,-0.045102686,-0.018995542,0.045946885,0.023426723,0.011349386,-0.0048719663,0.018995916,-0.021887181,-0.007130656,0.0024405997,-0.01800161,-0.021519685,-0.0074821147,0.0011586876,-0.0023041207,0.035161473,-0.040189475,-0.014479603,-0.04893174,-0.020632476,-0.025208814,-0.00043709946,-0.042969298,-0.048129756,0.0097337505,-0.03451113,0.06892517,-0.037472468,0.026618678,-0.0005891225,0.02714004,-0.043673232,-0.044264775,-0.0006032455,0.018302742,0.013825259,0.019853342,-0.03979205,-0.010059004,-0.04993472,0.03105597,-0.006559085,0.10557061,-0.020420594,-0.009738537,0.029306525,0.0523212,0.040157992,0.058112025,0.012473005,0.01794642,0.06168412,0.0061814394,-0.01240212,0.005868939,-0.031060414,0.050787676,0.013168776,-0.03855114,-0.047690604,0.00082273013,0.033025037,0.065678515,-0.057271574,-0.018027432,0.016796688,0.0752623,-0.02648002,0.058399785,0.021332804,-0.013050915,-0.016700203,-0.0445577,-0.002489552,0.010995417,0.024228815,-0.06272464,0.018792637,-0.120674565,0.03056677,-0.019171543,-0.034800045,-0.007558419,0.025830843,0.016075686,0.041167893,0.0153852,-0.033576407,-0.00017916814,0.0029558362,-0.030144813,0.015385311,0.009427932,0.0032451872,0.038392138,-0.019274019,0.018468209,-0.06448294,-0.040087767,0.049566597,0.039709974,0.0038002846,-0.022958495,0.012008045,-0.0005853666,0.04601149,0.05672427,-0.03998215,-0.031060418,-0.045616157,0.04753035,-0.027701667,0.034812633,0.002067103,-0.027701622,0.02823205,0.049046952,-0.020012995,0.0089151105,0.016374694,0.0031708677,0.05238061,-0.01868736,-0.03641469,0.040158015,0.014529758,0.028895747,0.007038535,-0.004843981,0.023526596,-0.038807224,0.047436893,-0.052116554,-0.007558287,0.99999696,-0.030260423,0.010548216,-0.06294455,-0.0048720306,0.029883418,-0.03553801,-0.0021514548,0.02396829,0.021809423,-0.020830497,0.0011131415,0.032876413,0.016700104,0.026556538,0.0052114637,-0.0048719477,-0.023226807,-0.05725074,-0.022439223,0.023326656
8:70970809:C:G,-0.025588252,0.021032706,0.058233082,-0.040620893,0.01366496,-0.07153089,-0.04396287,0.010060628,0.06898241,0.02630612,0.05887786,0.044855624,-0.047825813,-0.023597885,0.06116873,0.018364718,-0.011115986,0.026119981,-0.007876638,-0.013474421,0.0021792396,0.024878267,0.045661926,0.032235947,0.054580566,-0.025889134,0.011492346,-0.0041127517,0.058233175,-0.032690004,-0.03878843,-0.008087061,0.035973314,-0.04613832,0.05219885,-0.009231917,0.064832956,-0.008073089,-0.04145089,0.018765314,-0.034609005,0.011923291,-0.07522772,-0.014917731,-0.032658923,-0.02381752,0.0483344,-0.03206246,-0.05820811,-0.014105291,-0.022892743,-0.035780024,0.037959415,-0.0048113903,0.018095035,-0.042198144,0.07412073,-0.007008714,0.015024577,0.0041400143,0.0015840848,-0.025121152,0.05912527,0.026695501,-0.0041838237,-0.0419249,-0.019200388,-0.061154738,0.01245795,-0.013009517,-0.06327752,-0.0107716145,0.007851063,-0.023186393,-0.032402616,0.0045887604,-0.027674431,-0.0048590237,0.0057462915,-0.066142954,0.033079736,0.0007840389,-0.0029649145,-0.01603811,-0.017413694,0.058187697,0.02674125,0.046654474,0.034002054,-0.009904262,-0.022546686,-0.0019473855,0.003035523,-0.017458001,-0.010569219,0.08626501,-0.01319844,0.05170313,-0.020814508,0.04689586,-0.020726472,-0.0016912004,-0.027736092,0.002757055,0.066866696,-0.04733244,-0.045751497,-0.021159424,0.01941913,0.018765304,0.0056802975,0.028318487,0.027535697,0.052619163,-0.004454655,0.0112639265,0.00884548,0.05896509,-0.024911433,0.002187564,-0.046460785,-0.032747235,0.026154017,0.02052778,0.037949942,0.01836322,0.023419421,-0.04071821,-0.019758673,-0.042892102,0.05913948,-0.06293562,-0.029654216,-0.032049455,-0.01239987,0.008388644,-0.02386757,0.046109863,0.0002017427,0.05257155,-0.013744932,0.024915505,0.0406009,-0.008018622,-0.056955837,-0.034607664,0.067596905,0.049689893,-0.023057671,0.004623637,-0.010680586,-0.011712832,0.017548626,-0.025121115,0.046946924,0.04859192,0.0025016556,-0.030260423,1.0,0.0075793755,0.011805288,0.0063903276,-0.0433653,0.015813483,-0.039760463,0.031109449,-0.012924649,0.005196477,0.02217382,0.044396948,0.032402746,0.008208921,-0.014302463,0.032311637,0.037253056,0.03658374,0.01764828,0.0032151705
22:51072289:C:A,-0.04169038,-0.0186447,0.07286624,-0.019144036,0.0037944654,-0.009817255,0.037314445,-0.010039257,-0.04653142,-0.018469552,-0.026491815,-0.0047915834,-0.02379692,-0.003740395,-0.022644483,-0.015333009,-0.018120473,-0.024230512,-0.021517212,-0.009619798,0.05905855,0.0017980862,0.031355333,0.013128864,0.04462056,0.014805362,-0.006732711,0.030294603,-0.05897424,0.0058698547,0.019753503,0.06383445,0.0052155335,-0.006005781,-0.06252767,-0.011365694,-0.002149898,-0.016142389,-0.005688836,-0.02666831,-0.008670921,0.059798654,0.029482367,-0.0033467677,0.0037766215,-0.09195302,0.058726396,-0.021377997,0.019158678,-0.014115744,-0.052028183,-0.01830771,0.0025844492,0.06736246,-0.03963432,0.011378868,-0.037778653,-0.024166271,0.04727474,-0.028304875,-0.013558631,-0.0026718772,0.03615738,0.012457358,0.040627178,0.063502125,0.008810029,0.0058276374,-0.04589524,0.021327507,0.013660087,-0.026419366,-0.033138257,-0.032395635,-0.033354677,0.0131667135,-0.026668273,0.039759234,0.0044851806,0.024659622,0.041164048,0.054236036,-0.039005358,0.00062116963,0.0054671997,-0.01836414,0.0040707886,0.021902673,-0.050509594,0.017855003,0.010478473,0.045725677,-0.033843167,0.008493331,-0.03335472,0.0032873135,-0.0029058922,0.03572681,-0.049701784,-0.008049747,-0.01369748,0.021755727,0.043795466,0.028878564,-0.0038057722,0.001952774,-0.004604992,-0.0075487727,-0.006981622,-0.0069850096,-0.025686026,-0.014165182,-0.021098766,-0.026750334,0.032381598,-0.033354748,0.04503273,0.024190927,-0.06809962,-0.019942336,-0.00732696,-0.0011384574,0.07123566,-0.016902197,0.06578557,-0.027088657,0.00988118,0.05511713,-0.04644839,-0.005933882,0.0247746,-0.0537361,-0.052659933,-0.008853681,0.001321313,-0.049563717,-0.031566992,-0.038357493,-0.027812019,-0.010348578,-0.020758584,-0.032231357,0.012543953,0.06514892,-0.01646678,-0.01846058,0.010557193,0.013659941,0.0030223727,0.0131522715,-0.022018058,0.02809962,-0.053816885,0.017692061,-0.0026718753,0.034644663,0.044196628,0.010548216,0.0075793755,0.9999983,-0.0012851876,0.006945928,-0.0057204673,0.027647054,0.046182327,-0.046289902,-0.036409598,-0.070101626,0.028153572,0.029300982,-0.022169173,-0.013897717,-0.005839569,0.07286613,-0.015142088,0.01192761,-0.002182941,0.016933415
15:56521620:C:T,0.0151948,0.0003869273,-0.018105721,0.025788233,-0.016650042,0.04193976,0.014457872,-0.037261255,-0.008139754,-0.04820756,0.045687035,-0.000635454,-0.027615227,0.042939205,0.03944338,0.022575267,-0.034475643,0.020961855,-0.014937293,0.013802863,0.028812572,-0.027917054,-0.035859924,-0.08249819,0.022380147,-0.048109856,0.005484101,-0.02432067,0.00048042546,-0.0074473317,0.046821356,-0.03183235,-0.009707895,0.034539327,0.017105471,0.046150766,0.023515956,-0.003215809,0.078406416,-0.0036243487,-0.059734013,0.019542217,-0.0061590085,-0.09569295,-0.038225267,-0.019579917,0.019909438,-0.05395449,-0.024307774,0.0306658,-0.017027719,0.029361807,0.051037613,-0.014770427,0.03531096,0.0089456,-0.03691924,-0.00636982,0.04436498,-0.050647385,-0.035883166,0.03783957,0.033330675,0.0106339995,-0.025139555,0.014364727,0.008291446,-0.0255109,-0.02194417,-0.014491661,-0.034206092,0.014497165,0.10617676,0.003182127,-0.016386295,-0.08385871,0.013024624,0.0075629116,0.03329578,0.008723217,-0.070433125,-0.06477327,0.007555093,-0.023947392,-0.015883146,0.0003775966,-0.01702778,-0.005822786,0.017587729,-0.023686778,-0.03576916,0.011819177,0.011111429,-0.045171425,0.04623339,0.015159253,0.05077133,0.023286486,-0.012311254,0.041592475,-0.035600327,-0.06819026,-0.04440856,0.01889134,0.05389494,-0.024809841,0.028472591,0.0032636835,-0.033576466,0.013024631,0.029378515,0.02004904,0.016192077,0.023927225,0.046322625,0.0149235055,0.017078726,-0.021224076,0.013428484,-0.047989957,-0.023867052,-0.0070232656,0.026641764,-0.044894606,0.0049051996,0.01813675,0.0031369105,0.018280562,-0.05103093,-0.013370392,0.05652871,0.008672895,0.016734751,-0.015009752,0.0025189042,0.024445334,0.0038309256,-0.005871631,-0.048862904,-5.249454e-05,-0.034269366,0.013021803,0.05570619,-0.04205893,-0.025092343,-0.05268519,0.044719893,0.0062937085,-0.012332059,-0.042627055,-0.023043636,0.034673404,-0.005912946,-0.031059464,0.037839662,0.014903415,-0.042675782,-0.06294455,0.011805288,-0.0012851876,1.0000021,-0.036691874,0.032931373,-0.006743551,0.034522083,0.06682925,-0.029134046,-0.014538068,-0.011757436,0.03904056,0.00073143,0.049602672,-0.038285952,-0.0366918,0.002347039,0.002017769,0.0013495338,0.0032182143
20:62345183:A:G,-0.003834071,0.015381182,-0.012072488,0.015307162,-0.0029469528,0.03515433,0.010090417,-0.039220743,-0.040614817,0.02103648,-0.03548125,0.00096930744,0.029105235,-0.039279666,-0.03401871,-0.018246854,0.013743352,0.0038320036,0.07211496,0.018908275,0.068898655,0.017243704,-0.004341175,0.055373803,-0.045090042,0.062646575,0.015891273,0.015399123,-0.012072474,-0.0035202205,-0.008045714,-0.041602734,-0.012769569,-0.031047363,-0.022505224,-0.0153811565,0.027230762,0.014648438,-0.011009509,0.062031735,-0.03337938,-0.026423313,-0.049331576,0.041454475,-0.026688565,0.016505651,0.016663227,0.03282922,-0.022934187,-0.02264774,-0.019263389,0.037071653,0.021369262,-0.019133432,-0.03710842,0.06900681,0.0054677967,0.009470335,0.0053236014,-0.024451582,-0.037035465,-0.013052878,-0.026676608,-0.023044782,0.00238227,-0.028912028,-0.03812301,-0.029185722,-0.03790603,-0.030612344,0.04445269,-0.02791555,-0.023498315,-0.02981617,-0.014405307,0.055383425,-0.013517789,0.014542755,-0.028877536,0.03060053,-0.009197369,-0.041692697,0.004066716,0.00078658445,-0.048950516,0.085001335,-0.019263389,0.008323054,0.04347923,0.080403835,0.017473537,0.08308782,-0.010394241,0.044828545,-0.014405369,-0.03647707,-0.04176432,0.03466449,0.0357928,0.053138908,-0.0048719873,0.020169897,-0.043813363,0.040916458,0.037071638,-0.012571695,0.020182416,-0.024720551,0.042584118,-0.0135178035,-7.727794e-05,0.026753673,0.0016539786,-0.009514722,-0.013517797,-0.014405372,0.01364727,0.0029470297,0.086372465,-0.01738562,0.018929971,-0.0055612093,-0.039981525,0.035319205,-0.0023597754,-0.0067728586,-0.0034565087,0.04800213,0.058233242,-0.008295691,0.035336457,-0.028877521,-0.014732023,0.015042539,-0.028158307,-0.014523708,0.025095126,-0.028158287,0.02699225,0.047330916,0.010671285,0.0035202743,-0.0016256341,-0.028737884,-9.75898e-05,0.12331235,-0.005965128,-0.016806742,0.0054171975,-0.015244563,0.011441546,0.007219487,0.02099187,-0.013052877,-0.013052854,0.0101228375,-0.012571701,-0.0048720306,0.0063903276,0.006945928,-0.036691874,0.99999815,-0.0067630615,-0.063648,-0.007651448,-0.027359417,-0.0071812076,-0.019915609,-0.010088391,-0.007234527,-0.056633003,0.028439699,0.036353413,-0.012072438,-0.007181205,-0.03662488,0.005739475,0.034765046
9:109639896:A:C,0.00023925147,0.014951414,0.0398365,-0.022533309,0.0047785854,-0.041737404,0.03444112,0.029597962,-0.008142103,-0.019717546,-0.009784827,-0.009184387,0.03202563,0.009915379,-0.042932097,-0.033699315,0.021196706,-0.02510101,0.010141652,0.043525234,-0.03175827,0.024800256,0.01359647,0.026434716,0.009550068,-0.03924743,-0.026879331,-0.013606967,0.039836574,-0.022548264,0.043859586,0.015658835,-0.025448965,-0.012633713,0.025338084,-0.03086235,-0.004725142,-0.05407743,-0.023166208,-0.018008377,0.016164644,-0.050036825,-0.016598817,-0.054416332,0.04460174,0.018735334,-0.015119301,0.018390862,-0.050787438,0.01503151,-0.010791308,0.0562211,-0.03840589,-0.004004492,0.04457298,0.019540265,0.08495194,0.001492634,-0.02458296,-0.013132333,-0.005254431,-0.0145098455,-0.0075890278,0.035815913,0.04836344,-0.023171324,-0.034915753,-0.025182035,-0.003458077,-0.014523187,-0.00659434,-0.017404635,-0.004918033,0.018324524,0.034451436,-0.02675678,-0.05975121,-0.04288466,0.0061163167,0.0070798397,0.050636046,-0.06274536,-0.014879561,-0.023847982,0.03036869,0.0035256732,-0.010791395,-0.012165908,-0.04097263,0.008351621,0.00039731862,0.0018564353,-0.022004478,-0.045342315,0.014826161,-0.07570962,-0.009433029,-0.033990435,-0.008084726,-0.05733548,-0.0129653,-0.021329109,-0.03090189,-0.019890787,-0.0052887793,0.011621521,0.008153823,-0.05122559,0.00077558716,-0.038879883,0.08553436,-0.037948854,0.0073110284,-0.036478058,0.06547753,0.034451447,-0.016145099,-0.034453273,0.030496124,-0.049824264,-0.037268464,-0.04156573,0.017081842,0.002584208,-0.0636068,0.00058659894,0.019653415,-0.017834025,0.04972898,0.0366894,0.0020812608,-0.014462113,-0.015986394,0.010816787,0.064867504,0.009501244,0.0330855,-0.040317483,-0.016135918,-0.038668703,0.020969836,0.01556015,-0.0766975,0.024357244,0.033478454,-0.008308178,-0.013414956,0.044176552,-0.025766175,0.04410994,-0.005540822,-0.016729161,0.01730127,-0.03610289,-0.014509793,0.013346101,0.011621577,0.029883418,-0.0433653,-0.0057204673,0.032931373,-0.0067630615,1.0000008,-0.022546882,0.033686876,-0.029567482,0.04718753,-0.001547439,-0.068624556,-0.0153612895,0.024424026,-0.027630514,-0.036474817,0.016536789,-0.03174226,-0.06576738,0.025370097,-0.006634542
17:65706748:C:G,0.00067352096,0.0056605847,0.009822958,0.015278273,0.0014232101,0.030952314,-0.008877763,-0.028936807,0.023664393,0.0579244,0.0055717737,0.00068594894,0.0015575154,0.0036520176,0.025327064,0.005592728,0.020863142,0.019282565,-0.010973033,0.019698255,-0.019584004,-0.02225019,0.043449134,-0.035318878,0.016343798,-0.01941665,-0.0008411991,-0.048120923,0.009822906,0.0002629268,-0.009306915,-0.016722646,0.038302537,-0.00048815948,0.018235711,-0.0014796942,0.02543707,0.00018629614,0.012308173,-0.001341098,0.022977272,0.0032260113,0.025740698,0.04461413,-0.016887635,0.031986285,-0.039234847,-0.0100624515,0.0136760585,0.039438564,-0.060528167,-0.0010364194,-0.06473805,0.012921693,-0.0032430585,-0.034547165,0.04979044,-0.03943954,0.026288379,0.0027422474,0.01375749,-0.009238771,-0.010184585,0.0078078746,0.014734691,-0.008092027,0.03883914,-0.0014745184,-0.023595719,0.03008322,0.021457467,0.026195092,0.04187066,-0.00926976,0.028481297,-0.015389847,-0.001341129,-0.0017754657,0.007949926,-0.058520194,0.05346203,-0.0015634482,0.03136912,0.054408524,-0.026910834,-0.028291091,-0.0370814,-0.041144002,-0.0051873256,0.013013271,-0.062340092,0.0057983696,-0.002638818,0.0477253,-0.048873313,-0.008962806,0.015469656,-0.031307556,0.016395751,-0.0044741654,-0.028782211,-0.015520138,-0.03201336,-0.014432015,-0.013158843,-0.017726295,0.023869745,-0.008137617,0.014165209,-0.0013410946,0.027447643,-0.011848959,0.023238432,0.0053595644,0.015112349,0.043952372,-0.0023968266,-0.006101781,0.003440927,0.022844823,-0.0044780374,0.017821012,0.014140934,0.023990266,0.017543152,0.026287248,-0.028262703,0.037463028,0.03274925,0.0023897518,-0.0085035525,-0.008272603,-0.035172373,0.047553856,-0.061390337,0.007596717,0.025943844,0.02982146,-0.07124314,-0.020779923,-0.014133029,-0.05535225,0.009123788,-0.103672564,0.0026041106,-0.055624753,0.046828143,-0.0052252132,0.01782991,0.05512989,0.031445324,0.011101188,-0.0053321705,-0.009238781,0.007783615,-0.01758748,0.035241794,-0.03553801,0.015813483,0.027647054,-0.006743551,-0.063648,-0.022546882,1.0000002,0.0511284,0.051661033,0.06936163,-0.048184507,-0.018191742,-0.006757842,0.0024605778,0.013261206,-0.045682378,0.028190551,0.0026950398,0.07976295,0.009676207,-0.017038211
19:56733425:C:A,0.019474583,-0.03718359,0.0127121,0.018733898,0.07528867,0.014877974,-0.038005564,-0.017684335,0.049796622,0.031032154,0.0776804,-0.0052712327,0.0018589728,-0.021408204,-0.029385714,0.060251284,-0.012276694,0.026922973,0.016618108,0.0014822687,-0.014886879,-0.008170595,-0.025674365,0.054293547,-0.0049741613,0.020427544,-0.05023911,0.034148768,0.073802285,0.048155818,-0.036469363,-0.065480255,0.02492114,0.010382979,-0.022596583,0.051089384,0.025230398,-0.014421088,0.0041644764,0.0689574,-0.007245534,0.063479505,-0.09301211,0.055058714,0.006395268,0.021716066,0.008136484,0.004655911,0.013096405,0.005212527,-0.05769939,-0.03866221,-0.039435383,-0.009192809,-0.021695953,0.017560529,-0.059618704,0.015704308,-0.015679985,0.019325644,-0.04839982,0.020034846,-0.0072651883,-0.02129058,0.050074693,0.0068216347,-0.010128769,0.023327861,-0.00072002056,0.039118927,0.052209236,0.026306702,-0.014893139,-0.0648174,-0.013418034,0.0855362,-0.040489677,-0.017543096,-0.011557869,0.013914927,0.00081934774,0.031114763,0.047085557,-0.008456887,0.0026696778,0.0024487888,0.033281,-0.015449432,-0.056611087,0.0039915466,-0.0012372322,-0.016644243,-0.007459654,-0.0004054775,0.0037338918,-0.02872507,0.041758005,0.030814704,0.011124624,-0.014207063,-0.024620863,-0.044390313,0.00056991493,0.021687971,0.015096288,0.0067129685,0.028730804,0.044861887,-0.026144642,-0.040489618,0.057413988,-0.00010855163,-0.020198064,-0.004201957,-0.0404897,0.003733949,-0.00026128598,-0.0078578405,-0.034804046,-0.012790369,0.015301153,0.030801464,-0.037102878,0.021826241,0.02077322,0.09519181,0.006395615,0.0014294864,0.029084615,0.029088551,-0.019404596,0.015419675,0.02704248,-0.016453814,-0.0132502755,-0.021591734,0.054455385,0.06948602,0.055807438,0.021573199,0.024508992,-0.0054032123,0.04263457,0.006308286,-0.031180356,-0.01773814,-0.0009507922,-0.06611815,-0.032254547,0.010638532,-0.020675652,0.0052398457,-0.016737022,-0.01770893,0.020034937,-0.051211987,-0.03243587,-0.0021514548,-0.039760463,0.046182327,0.034522083,-0.007651448,0.033686876,0.0511284,1.0000004,-0.026767325,-0.00023998533,-0.03781706,0.02248578,-0.0018623258,-0.0037337972,0.0050804815,0.013726286,-0.028014917,0.014541897,-0.0022107277,-0.024369054,-0.074285425
13:71236607:T:A,-0.0062419134,0.02782961,0.027761374,0.07609703,-0.0010234361,0.047621597,-0.012520394,0.011211479,0.0074397456,-0.0070233643,0.004285251,0.0078021237,-0.010084401,0.008519673,0.009979778,-0.019752948,0.040676422,-0.015564943,0.0011858972,-0.025933659,-0.018469814,-0.0148731135,0.020898795,0.00797276,-0.008005113,0.0021785153,0.031982966,-0.028255079,-0.008985955,-0.00904921,0.026531406,-0.04677951,0.01850141,-0.060979653,-0.04910418,-0.06128816,-0.010557101,0.048248906,-0.008194555,-0.018291084,-0.006915251,0.0022675477,-0.020906184,-0.052322973,-0.012520388,-0.016576352,0.014833669,-0.00054644595,0.0028748892,0.048716985,-0.037792556,-0.013837972,-0.008977486,0.04823406,-0.004591429,0.058399048,0.026038632,-0.006214804,0.028861387,-0.016863111,-0.019236775,0.024340076,0.006243911,0.008313995,-0.075920284,-0.02977043,-0.010480167,-0.054558456,0.0073703947,0.028981289,0.007508562,0.008474198,0.011770252,-0.034031067,-0.0029846327,0.047291223,0.014626327,0.03496984,0.006904152,0.00043679925,0.0051524565,-0.0097339535,0.0332542,-0.017370854,0.023631344,-0.052549973,0.009115984,-0.02879085,0.035027515,0.022063771,0.0150258,0.017488161,0.027398005,3.1755568e-05,-0.03393602,0.024930486,0.04398783,-0.079269595,-0.05581537,-0.011409155,-0.036852464,-0.013264243,0.052620173,0.024497643,-0.0017115202,0.03479653,0.016087513,0.013848581,0.054336134,0.014626303,0.02181022,0.054814458,0.01633495,-0.014780664,-0.0018323782,-0.03393624,0.03427872,0.0010234237,0.014272997,0.020089893,-0.0037921264,0.0700815,0.04665647,0.008464653,-0.018646229,0.014683151,-0.06397774,0.05084471,-0.008420126,0.044786714,-0.0072231432,-0.033665013,0.026702283,-0.020400353,-0.037548415,-0.030182984,-0.04270294,0.01221925,-0.02509737,0.02437032,0.019994635,-0.035036225,0.07073439,0.02903625,0.011514916,-0.041133694,-0.0112489,0.020854058,-0.006234657,0.01063329,-0.02958838,-0.019797951,-0.012366965,0.007312179,0.007312279,-0.0056708013,-0.018188406,0.02396829,0.031109449,-0.046289902,0.06682925,-0.027359417,-0.029567482,0.051661033,-0.026767325,1.0000021,0.004657998,0.04200821,-0.025933674,-0.06708048,-0.02796717,-0.03242072,-0.0023558354,-0.0089859255,-0.03535482,0.007978832,0.0024002313,0.01582124
2:216220870:G:T,-0.0079253875,0.012439954,-0.007181207,0.0038936348,-0.04138959,0.04496627,0.090546586,0.05792906,0.031700384,-0.00779469,-0.004059181,-0.036780022,-0.021476332,0.008087046,0.011131349,-0.007426838,-0.01945598,0.028872257,0.008445466,-0.010970727,-0.034573343,0.028647652,0.051020365,0.020307014,-0.047322545,-0.06147974,-0.024125837,-0.002166447,0.013226393,0.0035166005,-0.017494801,0.024302904,-0.054821227,0.013931186,-0.038946204,-0.07282916,0.005926473,0.06791651,0.0046175285,-0.040032275,-0.061676417,-0.0035359731,0.022324197,0.022585066,0.032700393,0.0709639,0.006402446,-0.015156391,-0.008103842,-0.005067855,0.060180932,0.029347425,0.02071174,-0.015497806,-0.08602072,-0.0320682,0.0021432089,0.021248987,-0.008027138,-0.024197726,-0.022955602,-0.036133632,-0.015868353,0.018299896,0.010046584,-0.0011612251,-0.009363526,-0.0029152203,-0.04231058,0.045038216,-0.006291545,-0.009643042,0.04018888,-0.011161853,-0.030055227,0.025610618,0.014809971,0.008650712,-0.010418541,-0.061321832,-0.052113604,-0.048457753,-0.018204523,-0.012495848,0.030026415,-0.013757929,-0.05704749,-0.0024189143,0.02290356,-0.042342663,-0.015404866,-0.038552497,0.022065975,-0.06737968,0.03870111,-0.036472086,-0.0031629975,0.03982416,-0.0013293145,0.03283995,0.029315297,-0.03171819,0.022385392,-0.02150958,0.015878702,0.06608519,-0.05484802,0.052888393,0.02237262,-0.02175152,0.021500288,-0.0057481923,0.08550813,0.023047144,-0.021751476,0.021512108,0.012583023,-0.0105927205,-0.021269366,-0.033419058,0.027811972,-0.027171541,-0.030855695,0.016713599,-0.039893456,0.050369762,-0.045718692,0.048570544,0.024708653,-0.05924306,0.002401353,-0.046466745,0.01574157,-0.06955373,0.024707811,0.010394893,0.012655172,-0.030569263,-0.040979043,-0.009236964,0.046313968,-0.03412046,0.040255833,-0.017665988,0.018257568,-0.017178422,0.0011783333,-0.021114469,0.00063074275,-0.0049992483,0.06892492,0.007622626,-0.0042390237,-0.017220812,0.0016918497,0.0069381865,0.026851194,0.021809423,-0.012924649,-0.036409598,-0.029134046,-0.0071812076,0.04718753,0.06936163,-0.00023998533,0.004657998,0.9999985,0.026027504,0.038143635,-0.007638814,0.030055251,0.02531129,-0.025048643,0.013226399,0.037084423,0.006646593,0.027323531,-0.0024551025
19:33751852:G:C,0.006503482,-0.014213788,-0.019915631,-0.0308509,-0.01815143,0.012011964,-0.006106557,-0.033511057,0.016811656,0.01367239,0.0964247,-0.02353455,0.027407493,0.042417496,0.024074022,0.004947104,0.014237168,0.016781352,-0.0029904018,0.025213277,-0.019697238,-0.021449218,0.07604274,0.03570184,-0.009875148,-0.006415246,0.014768917,0.013210883,-0.019915551,-0.03188811,0.014088802,0.06717643,0.0020698064,-0.016340729,-0.00089515414,-0.021415366,-0.0017634346,0.020308962,0.038935017,0.024436885,0.0060328064,0.031156844,0.02304409,-0.008740036,-0.02885901,0.0029450222,-0.011164621,0.054157447,-0.037833903,0.048581336,0.0015227093,-0.030669473,-0.03912651,-0.007508467,0.013521113,0.06817589,-0.0023226433,0.02767531,-0.045088008,-0.04033703,0.0051353397,-0.02153302,-0.01930262,0.01146387,-0.010189815,0.034304284,-0.043713834,0.00028885648,-0.007414811,0.008299901,-0.02772566,0.0014156128,-0.0110676,0.018044436,0.020181807,-0.03431011,-0.022300024,0.01256324,-0.024597859,0.0088822665,-0.015172675,-0.008296734,-0.003100722,0.057386313,-0.051452257,-0.02319743,0.034823857,0.013730147,0.03389232,-0.018148104,-0.062941864,0.008269196,-0.011190628,0.013369234,0.02018174,0.007919478,-0.0006780813,0.008086686,0.036477696,0.02474267,0.017549653,0.03761419,0.041618418,-0.0001729178,-0.030669512,-0.020739203,-0.04535867,-0.040781133,0.032433413,0.024436958,0.019903822,-0.0258226,-0.023664996,-0.040680803,0.024436953,-0.023764078,-0.034564637,0.0048615644,0.0004560725,-0.01657802,0.031228269,-0.05988391,-0.041846007,0.004784631,-0.056815673,-0.049146436,-0.038294442,0.013154103,0.0051964936,0.048893377,0.046393674,0.044523504,-0.048751578,0.005925933,-0.022898307,0.009893402,-0.028323004,-0.02289826,0.021197185,-0.008264158,0.001959381,-0.030705722,0.036231913,0.057796024,0.025150198,0.018264268,0.04333021,0.0101711005,-0.059973814,0.01646234,0.046798527,0.025524545,0.06682693,-0.021533044,-0.021533059,-0.034861732,-0.020739237,-0.020830497,0.005196477,-0.070101626,-0.014538068,-0.019915609,-0.001547439,-0.048184507,-0.03781706,0.04200821,0.026027504,1.0000006,-0.010663152,-0.061547257,-0.020181883,-0.046730056,-0.023556648,-0.01991562,0.013402851,-0.011328583,-0.027739659,0.024718126
12:57082058:G:A,0.021452032,0.016245248,-0.010088298,0.034747075,0.029235978,0.02501116,-0.03371795,-0.018639022,0.0051834215,0.019161886,0.057366665,-0.0066397567,-0.033179373,0.061521314,0.012426994,-0.020117613,-0.030510576,-0.012299468,0.02637346,-0.026846135,0.024695685,-0.010298532,-0.012694858,-0.03223958,0.0063880696,-0.059485987,-0.047154866,-0.022989715,0.018908326,0.048031468,-0.0013377374,0.030262332,-0.035716757,-0.024598632,0.03572818,0.029957782,0.03302571,0.05814105,-0.003911172,-0.043764576,-0.028836733,-0.0024639035,-0.03725812,-0.032422803,-0.0021054004,0.041628465,0.002544162,0.030719258,-0.02703429,-0.025559545,0.06718666,-0.021914795,-0.0072894343,0.009913968,-0.016298678,-0.10490951,0.0019425325,-0.045533475,-0.022059828,-0.043292016,0.02733254,-0.01538634,-0.017715309,-0.009033282,-0.008962689,0.026837261,-0.0024598977,-0.009022937,0.030439591,0.008731784,-0.012289435,-0.03761709,0.06245881,0.028017156,-0.046637885,0.026660562,0.008184785,0.03755627,0.008948358,-0.047157507,-0.029776867,0.049894445,0.019981122,0.020966168,-0.0008741889,0.00045371853,0.011663695,0.06312098,-0.031652793,0.029854475,-0.05499313,0.04425606,0.0019349561,0.016767988,-0.046637878,0.052795656,-0.049907785,0.05345588,0.032784924,0.021676185,-0.0415473,-0.040837795,-0.010501681,0.03844533,0.01636019,-0.012828336,-0.033852298,0.03652966,-0.021861015,0.03415946,-0.029194962,-0.039742935,-0.0038129347,-0.004768902,-0.017789785,0.051056635,-0.0033992461,-0.036622003,0.009433948,0.016019763,0.023658022,-0.054113436,0.021305073,0.025710726,0.009823726,0.02186363,0.016885513,-0.029921088,-0.0045623137,-0.011641893,0.011892631,-0.0038565984,0.059307482,-0.032658502,-0.025712142,0.028235441,-0.012396277,0.01355888,0.025797471,-0.035285097,-0.024683986,0.01284647,0.0073519447,0.035265893,-0.041110687,0.046975818,0.022326898,-0.01228947,0.010173349,0.043148227,0.04286219,-0.0012183988,0.0070105274,0.038359337,-0.042259112,-0.06231211,-0.0128280325,0.0011131415,0.02217382,0.028153572,-0.011757436,-0.010088391,-0.068624556,-0.018191742,0.02248578,-0.025933674,0.038143635,-0.010663152,1.0000029,0.013628636,0.046637833,-0.014183997,0.021536464,0.018908264,0.05217626,0.015740016,0.011197075,0.019605372
4:164044410:A:G,0.01772879,-0.009513208,0.022839434,-0.04324207,0.11346115,-0.005327243,-0.0016035669,-0.041588977,0.052471276,-0.010754851,0.013162821,0.014585073,0.02461811,0.022811923,-0.012681989,-0.03618779,-0.035319787,-0.009259554,0.011972812,-0.017390808,-0.006378053,0.03780363,0.00915342,-0.06027498,0.046572175,0.025942601,-0.07624945,-0.022691386,-0.007234528,-0.034932297,-0.001207143,-0.0124100745,-0.03612917,0.017972186,-0.04866629,0.036896117,-0.050396055,0.07638985,-0.034023687,0.039044082,0.014236424,0.018872894,-0.027255075,-0.003036158,-0.04094815,-0.08896647,-0.018528186,-0.0007723608,0.04338881,0.012573423,0.05563978,-0.017757263,0.023166923,0.017132457,0.025329743,-0.023625476,-0.022330564,0.02579333,-0.030125195,-0.023042107,0.030072143,-0.012467403,0.017241217,0.009957739,0.023640009,-0.0015703099,0.0059862137,0.013104777,-0.03242363,0.027410975,0.035437327,0.036852553,-0.02472483,0.024114616,0.0061438885,-0.0064385976,0.06598389,0.025182351,-0.036119692,0.027429711,0.010854223,0.010604184,0.040840093,-0.071047254,0.0031370118,-0.02226217,-0.059531946,-0.021670436,0.007882034,0.054590102,-0.03856822,0.051520154,0.01251185,-0.014240869,0.031475466,0.014836172,0.018390931,0.03310929,0.058578745,-0.0026100636,-0.033492,-0.010221481,0.041857626,0.012214156,-0.017757317,0.07678399,0.017034844,-0.06277503,-0.020983364,-0.014835784,0.025163088,0.0961214,0.020325175,0.02820162,-0.041775566,-0.044518456,-0.0038850855,-0.029195134,-0.0038687943,-0.04675264,0.019474665,0.041273326,0.029314877,-0.03397468,0.007959954,-0.0034204908,0.026891518,-0.026742246,0.01666726,-0.05719941,-0.0074047623,0.043565426,-0.03143522,-0.029729135,-0.005560241,0.018533766,0.010573287,0.008016355,-0.037617642,-0.017259238,0.010434095,0.061992172,0.054790355,-0.021432586,0.005534296,0.028057495,-0.021220488,-0.051939756,-0.022979595,-0.047111884,-0.037071023,-0.024776183,0.00687687,0.09901817,0.04327537,-0.022753578,-0.009942877,0.032876413,0.044396948,0.029300982,0.03904056,-0.007234527,-0.0153612895,-0.006757842,-0.0018623258,-0.06708048,-0.007638814,-0.061547257,0.013628636,1.0000026,0.044518612,-0.0020748617,-0.032093108,0.022839675,0.07240907,0.01958986,-0.012901188,0.003982771
3:169529562:G:C,0.07880605,0.031504337,0.014405351,-0.05072905,0.035182424,-0.030991605,-0.0042956206,-0.00021721445,0.019934438,0.008902068,0.042337857,0.002265521,0.024891622,0.04686994,0.013295692,-0.025947185,0.046766013,0.013229342,-0.0030261178,-0.026633095,-0.028809197,-0.046704892,-0.01814353,-0.034956276,0.03184548,-0.014974287,-0.011169733,0.02727798,0.014405417,0.029057542,-0.03231058,-0.032373555,0.0014561261,-0.038140535,-0.0066199037,0.049346518,0.007234549,-0.027980423,-0.14234303,0.01613001,-0.07108656,0.03152963,-0.053456903,-0.035026293,-0.0042956383,-0.04036007,0.015829058,0.017170163,0.027366051,-0.011980837,0.02298599,0.022183781,-0.06094308,0.043301456,-0.006600401,-0.024055945,0.016641093,-0.02155665,-0.020104587,-0.038025238,0.011986045,0.015575219,-0.001805604,-0.024324775,0.03801021,0.026524287,-0.015868312,-0.07563637,-0.029814264,0.028522016,0.02005455,0.03331013,-0.009671165,0.035578024,0.01718901,-0.023307983,0.016129984,0.005985291,-0.059653867,-0.018106522,0.010974689,0.029162394,0.01852098,-0.025237024,-0.01995239,0.020951234,0.022985846,0.013390302,-0.00036876474,-0.03671879,0.0025772424,0.0027224307,-0.074779704,-0.0019371925,-0.04264565,0.04207739,0.026613982,0.04091348,0.022588074,-0.054840967,-0.0094281705,-0.02997707,-0.0058733034,-0.055404514,0.02218378,-0.05328463,-0.05291423,-0.03083327,0.0006756549,0.016129995,-0.027181337,0.023638874,0.038454443,0.032614734,0.016130013,0.017189026,0.007029459,0.0010068704,0.023377812,0.041343123,-0.02258807,0.017423855,-0.026154613,-0.0122379465,-0.03996799,-0.03715784,-0.064658254,0.019143324,0.010569319,0.0045735845,-0.0016591292,0.034457877,0.038383704,0.027058255,-0.030539503,0.023092482,0.009609347,0.033599664,-0.040149413,0.019098397,-0.011402132,-0.0077514495,0.05933799,-0.041308038,0.038025234,0.017696412,-0.07514843,0.020054465,0.011579204,0.018190498,0.029119067,0.014557111,0.04207858,0.015575216,-0.050258875,0.010258329,0.015001065,0.016700104,0.032402746,-0.022169173,0.00073143,-0.056633003,0.024424026,0.0024605778,-0.0037337972,-0.02796717,0.030055251,-0.020181883,0.046637833,0.044518612,1.0000014,0.013878325,0.029731875,0.014405341,-0.021512173,-0.05398529,-0.01046729,-0.013713554
17:2584946:G:A,-0.022759449,0.06354919,0.028439527,-0.012661132,0.022205034,0.051427137,-0.0072673936,0.020483859,0.00688908,-0.031441934,0.010995758,0.005008869,0.02298484,-0.015477967,0.021972004,0.013325966,-0.0400239,0.044081017,-0.015899444,0.055209477,0.08947301,0.019233145,0.0031265703,1.1496363e-05,0.05748078,-0.028157916,-0.040203463,0.02636781,0.0032101031,-0.012516274,-0.009989082,0.04636947,0.008057021,0.012003514,-0.03614683,-0.05206328,-0.01476565,-0.04150107,-0.04308899,0.014894305,0.026930615,-0.043174874,-0.005734283,-0.014441782,0.009235917,0.0073537794,0.017820803,-0.05732693,-0.00759566,0.09144796,0.03732825,-0.022808341,0.03148332,-0.04725783,-0.036813904,-0.010069076,-0.01973667,-0.06711347,-0.013354923,-0.01308148,0.015185798,-0.027704492,-0.008835134,0.051526897,-0.022254968,-0.036684368,0.004264068,-0.016441746,-0.015092753,0.0024533265,0.007523206,-0.0059664254,-0.025002249,0.024183752,-0.03512897,0.029054698,-0.052906156,0.026524946,-0.023888698,-0.021547215,-0.0030460074,-0.0059744483,0.017102292,-0.00555156,0.038654312,0.09165368,-0.010981028,-0.03534467,0.0128318565,0.030034726,-0.012041998,-0.06453063,0.01908561,-0.03145064,-0.013878381,0.007984449,0.05096614,0.044354253,0.024131747,0.016295373,-0.0012820967,0.0075797485,0.047449384,-0.024514752,-0.0061572245,-0.00069890945,-0.0014657825,0.021810133,0.0148874475,-0.052906107,0.019070284,-0.0052348482,0.017640984,0.033740804,-0.007705675,-0.013878335,0.0009712125,-0.04791111,-0.013281262,0.029983275,0.008608145,0.023445645,0.021318674,0.024166474,0.037948158,0.06484519,-0.014315929,-0.0053133285,0.00045467887,0.022379646,0.04910681,0.031818654,0.017710134,-0.037491832,-0.019088406,0.037283927,-0.005736451,0.00369087,-0.026920704,0.03910855,0.0053581093,-0.010184662,0.054793134,0.021772904,-0.008949737,0.003943609,-0.024514748,0.007523217,0.004540473,-0.039542973,0.056594796,-0.026059736,0.009663247,-0.0277045,-0.004322827,0.020352388,0.023552833,0.026556538,0.008208921,-0.013897717,0.049602672,0.028439699,-0.027630514,0.013261206,0.0050804815,-0.03242072,0.02531129,-0.046730056,-0.014183997,-0.0020748617,0.013878325,0.9999977,-0.0048581916,0.0032100584,0.0008919442,-0.030129293,-0.0019546458,0.015740754
12:133047900:C:G,-0.0026824928,0.0012482113,0.017064752,-0.012908371,-0.032888383,0.005485009,-0.032487866,0.044800505,0.061962403,-0.0030895746,0.010171716,0.009160565,-0.011461301,-0.053480294,-0.016149798,-0.003361569,-0.012540076,0.016495932,0.015790807,0.008273,0.00060969923,-0.031350564,-0.020401938,-0.024942687,0.0075919772,0.028449414,0.00927528,-0.037355945,-0.002224057,0.037597734,-0.021291725,-0.014817881,0.0010330242,0.026873097,0.042893633,0.042658005,-1.7176286e-05,-0.01916142,-0.051281217,0.032066565,-0.0011301605,-0.026360804,-0.012820406,0.023438606,0.017981123,0.0019185843,-0.03282545,0.03883131,-0.0042252676,-0.011233105,-0.0035489136,-0.04585964,0.01264452,-0.03798632,-0.0022316088,0.045420676,0.021274926,0.00044509917,0.033758182,-0.030237874,0.0030877213,0.021429656,-0.06580419,0.013108917,-0.02152886,0.011274357,0.031141827,-0.00791376,0.03603429,-0.003466069,-0.012436527,-0.008067671,-0.021394784,-0.0054931366,-0.062225286,0.048296746,-0.07160418,-0.02478093,-0.045070652,0.036267333,0.04029156,0.03191474,0.007700126,-0.0033110564,-0.009663074,0.001562985,0.0333848,0.033195972,0.021531139,-0.031998985,-0.0017282749,-0.013518832,-0.027055394,0.017591164,0.0027615656,0.009144787,0.046949748,-0.0317782,0.00068428664,0.030724825,0.033589352,-0.035864946,0.047719736,0.027790984,-0.03312939,-0.04557936,0.015274791,-0.01947969,-0.038756557,-0.019768827,0.048367947,-0.033147026,0.004776966,0.0055595064,-0.0024905265,0.0027616043,-0.009443168,-0.04081028,0.077172525,0.005372751,-0.05074562,0.014402738,-0.028907096,-0.027269408,-0.04303017,-0.026634086,-0.013690084,-0.032250427,0.044981033,0.010521204,-0.025018744,-0.036552723,-0.012129348,0.00987113,0.041253705,-0.01571255,0.012499407,0.067376815,-0.027372012,0.039881494,0.010521152,0.037609283,-0.035865646,-0.017178552,-0.009063643,0.09204952,-0.009736045,0.029594284,0.015042427,-0.007936301,0.01716265,0.046211015,0.036477227,0.021429634,0.039305557,-0.003622457,-0.027037872,0.0052114637,-0.014302463,-0.005839569,-0.038285952,0.036353413,-0.036474817,-0.045682378,0.013726286,-0.0023558354,-0.025048643,-0.023556648,0.021536464,-0.032093108,0.029731875,-0.0048581916,0.9999999,-0.040801484,-0.095058285,-0.048163455,0.0053151497,-0.05039753
5:1268066:C:T,-0.0038339784,-0.080608405,-0.012072443,0.015307165,0.040018942,-0.03174099,0.046869416,-0.039220754,0.044952713,-0.0044607865,-0.035481345,0.025345825,-0.020860286,0.047377314,-0.001610768,-0.018246874,0.034195803,-0.02153003,-0.015502991,-0.039085105,0.087919526,-0.0013690924,0.019393768,-0.04100358,0.059186947,0.009418231,-0.039617646,-0.0043102275,-0.012072465,-0.0035201672,0.036183916,-0.020357786,-0.040817995,-0.049840044,0.027694736,0.023014637,0.008364221,0.052050374,-0.011009533,0.062031735,-0.033379406,0.013852258,-0.008819263,0.0040525543,-0.008299067,0.01650567,0.04344166,-0.04362052,0.022843204,0.16258521,-0.01926337,-0.018591164,-0.002676794,0.0586373,-0.0069053173,-0.0048058494,-0.012867289,0.009470242,-0.016446501,0.02464672,-0.08291946,-0.013052895,0.05319428,-0.023044797,0.0366192,0.027895352,-0.019523693,0.08825771,-0.008206929,-0.04962231,0.044452716,-0.027915616,-0.023498321,0.0064095934,0.12767111,-0.0035957964,-0.013517811,-0.059345745,-0.028877528,-0.009745795,-0.009197367,-0.005029351,-0.04350421,0.00078662875,0.01194507,-0.014061814,0.08839765,-0.013827757,0.0434791,0.0054048845,0.017473463,0.027975833,-0.039279576,0.044828393,-0.014405284,-0.015838278,0.013373218,-0.020281747,-0.018929964,0.012455764,-0.03589227,-0.021927351,0.029830944,-0.029405918,0.03707171,-0.0125716925,-0.009157707,0.032581236,0.005906451,-0.013517795,-7.7109275e-05,-0.010941288,0.0016539412,-0.029708363,-0.013517791,0.127671,-0.004805954,-0.01853592,-0.019591862,0.021741785,0.018929984,0.025177913,0.01848002,-0.0017310323,-0.0023597833,0.048472114,-0.035067488,-0.016043091,0.032311566,-0.046229612,0.016100293,0.008367272,-0.01473208,-0.0032780406,0.009916069,0.00599717,-0.012472794,-0.028158354,0.008135066,0.007452597,-0.00829597,0.003520161,0.04030989,0.009053375,-9.745957e-05,-0.014830523,-0.005965137,0.044452745,-0.020288635,-0.015244547,-0.011127469,-0.0147891,0.040509254,-0.013052845,-0.013052887,0.03285396,-0.012571698,-0.0048719477,0.032311637,0.07286613,-0.0366918,-0.012072438,0.016536789,0.028190551,-0.028014917,-0.0089859255,0.013226399,-0.01991562,0.018908264,0.022839675,0.014405341,0.0032100584,-0.040801484,1.0000012,-0.007181204,0.054937333,-0.020037277,0.034764953
5:1203499:T:C,-0.007925314,-0.07117566,-0.02758881,-0.002689556,0.036583893,0.012593039,-0.025145834,-0.067554355,0.021348003,0.010714062,-0.019211892,0.022203939,-0.06983699,-0.047828272,0.026814705,-0.048553467,0.02013503,-0.007948652,-0.023355836,0.031127274,0.04366879,-0.020893607,0.039534118,-0.0123415785,-0.009474593,-0.09367912,-0.019648615,0.0073717544,-0.027588813,0.0035168917,0.06812338,0.019162072,0.03340818,0.02302584,0.0035680213,0.024722645,0.010491495,0.004565501,-0.062381096,-0.0034707428,0.03391459,-0.0035359568,0.017422846,0.03616013,-0.016246356,0.0044753724,0.045279894,0.0403391,-0.008103898,0.006137347,0.047155336,-0.03799634,0.0032561838,0.036252197,-0.020246604,0.057234157,-0.024476055,-0.07774965,-0.05543633,-0.00043708805,-0.022955664,-0.05504656,0.042110752,-0.0040312363,-0.0065220427,0.07214908,0.06264408,-0.0029152085,-0.0063790376,0.008239512,0.008531479,0.04605609,0.018522328,-0.011161743,-0.04724428,-0.026716912,0.014809961,0.03546895,-0.019430619,0.060710493,-0.025460677,-0.008536473,-0.029715342,-0.01847906,0.015291529,0.00062425435,-0.017971361,-0.03993792,-0.00817314,-0.01965834,0.0070288754,0.0503504,0.0010976777,0.048140984,-0.030055178,0.03344389,0.043532763,0.008801799,-0.001329197,0.008229651,-0.045744754,0.034492757,-0.039983597,0.03521007,-0.0110588195,-0.012382502,0.0019477195,-0.03954673,-0.048626773,-0.040032353,0.007397387,-0.019429823,-0.04353657,-0.06001911,-0.0034708206,-0.06443342,0.07955971,-0.03138562,-0.021269282,-0.00028225186,-0.011911789,0.010018316,-0.04971688,-0.023629129,-0.032130983,-0.020924104,0.00017461351,-0.044411723,-0.019196823,0.0004196522,0.016365154,0.025629794,-0.08466859,0.0058079036,-0.0029307653,-0.03925973,-0.0009803206,-0.012143469,0.022900313,0.039010208,0.018777376,0.00872479,0.0047406205,0.06463295,-0.017383482,-0.067318365,-0.004493702,0.023354396,-0.067789614,-0.021274958,-0.023912368,-0.013678835,-0.032574765,0.020604767,-0.03613369,0.006938223,-0.012382455,-0.023226807,0.037253056,-0.015142088,0.002347039,-0.007181205,-0.03174226,0.0026950398,0.014541897,-0.03535482,0.037084423,0.013402851,0.05217626,0.07240907,-0.021512173,0.0008919442,-0.095058285,-0.007181204,0.99999857,-0.01107765,0.0023746998,-0.0024551041
15:56030756:T:C,0.0022512416,0.03334722,0.036624882,-0.0029536714,-0.032651883,0.02420805,-0.02196082,-0.028150095,-0.03019104,0.03598513,-0.050988264,0.018524937,-0.037971217,0.031359207,0.02814667,0.0061507267,0.024424367,0.03028741,-0.040426593,-0.04722005,0.05575455,-0.0020206803,-0.023190893,-0.037667118,0.036792375,-0.023114823,-0.034148876,-0.023537125,0.054937325,-0.027461737,0.045616575,-0.009225704,0.0730811,0.020402212,-0.019074704,0.008336821,0.020482171,0.010151254,-4.7779367e-09,-0.008201953,-0.046462655,-0.0043724873,0.008796324,0.030453796,-0.0059893206,-0.012784848,-0.04070043,0.010374592,-0.009939549,-0.00502741,0.02337623,0.0120859705,0.007831723,0.016886221,-0.0032789614,-0.030050226,0.019905318,-0.0031726973,-0.0023634355,-0.042642567,0.024906777,0.016971108,-0.017342199,0.04809244,-0.007433763,-0.006167237,-0.04240349,-0.04080039,-0.06770918,2.3618215e-08,-0.04655403,-0.00416504,-0.019442242,0.027529836,-0.023136554,-0.012806018,-0.008201955,-0.034091987,0.020217083,0.0,-0.059791338,0.0039803,-0.0051645273,0.07248094,0.022036916,-0.05807526,0.0,-9.173551e-09,0.023902295,-0.018319912,-0.028182771,-0.029915806,0.062718414,0.0119608315,-0.02313655,-0.02016574,0.05088065,0.0039767874,0.0059409295,-0.008833487,0.023573853,0.011425627,0.045971986,0.01781378,-0.024171941,0.04400721,0.0063705943,0.045619987,0.003981884,-0.057413705,-0.027419515,-0.008184622,-0.048634443,0.024115322,-0.041009787,0.0077121807,0.0020033475,0.0046645543,0.005751974,-0.055221748,-0.01782276,-0.030034559,0.04019645,-0.018100446,-0.034828197,0.055977613,-0.010295426,-0.020858997,0.014070663,-1.0555103e-08,-0.014618494,-0.028303917,0.085810855,-0.011933734,0.0,-0.03564544,0.022431936,0.016534008,-0.034802098,-0.0432937,0.020591311,-0.06041585,-0.02276352,-0.030770738,-0.026651604,-0.014997384,0.038172387,0.033252884,0.083721854,-0.036511924,-0.0024501865,0.023893107,-0.019069983,-0.016971108,0.016971108,0.012338911,0.044007193,-0.05725074,0.03658374,0.01192761,0.002017769,-0.03662488,-0.06576738,0.07976295,-0.0022107277,0.007978832,0.006646593,-0.011328583,0.015740016,0.01958986,-0.05398529,-0.030129293,-0.048163455,0.054937333,-0.01107765,1.0,-0.047573537,-0.00859021
2:43582103:A:T,-0.016134247,0.005074347,-0.04581413,-0.021597939,0.049551085,-0.034129787,0.02424153,0.00030194287,-0.0326319,0.05970107,-0.029384127,0.009886714,0.08881828,-0.0078104534,0.009570225,1.7201477e-05,0.03548627,-0.022923173,-0.037632808,0.05550881,-0.013701463,0.04078778,-0.029773891,0.0044391057,-0.027696878,0.045231327,0.0065826476,-0.00029336495,-0.02003727,0.008545679,0.011710605,-0.01773678,0.050838552,0.0013587162,0.041811306,0.08293877,-0.009102309,0.013675428,-0.013571446,-0.028208937,-0.03611655,-0.038727496,0.00832009,0.020618368,-0.026342375,-0.019844597,-0.007012844,0.00483699,0.010903624,-0.029333634,-0.0072940197,0.03152196,0.020462934,-0.008730236,0.034565654,-0.007428098,0.0011363358,0.0039331377,0.045153383,-0.05340143,0.0113750305,0.022131728,-0.015796972,-0.040442582,-0.016247062,0.0147099625,0.0026501121,-0.006065572,0.01953449,0.072654806,-0.007611921,0.011317581,-0.020756388,0.019711459,0.03217896,0.0083858585,-0.0051184646,-0.032319587,0.01562643,0.029295612,-0.03490352,-0.010681953,-0.007587581,-0.025985213,0.016379211,0.029897697,-0.040198836,0.029893124,0.06780321,-0.008618578,-0.021530915,-0.07537389,-0.043123856,0.09529412,-0.032955628,-0.0054363287,-0.0068261046,-0.04384735,-0.021662924,0.030689826,0.024964904,0.027222559,-0.03262675,0.014378572,-0.036527656,-0.04770901,-0.0295228,0.07986027,-0.04204283,-0.028208908,0.0036653196,0.018002668,0.011166699,-0.00061964785,0.017972266,-0.011244331,-0.007428148,-0.04298512,-0.025770677,-0.02561721,0.07183809,0.012560783,-0.005807897,-0.01270262,0.006569144,-0.031799983,-0.026804024,0.017414661,0.049338188,-0.012158516,0.01357583,-0.01852313,0.0029777542,0.040754043,0.009508332,0.0055114217,0.006248977,0.03278178,-0.0041878233,0.030313008,-0.017955512,-0.039470162,-0.0013631801,-0.02387544,0.053401485,-0.014059728,-0.014278634,-0.0076120803,-0.025271999,-0.05785238,-0.027282873,-0.014643159,-0.010311521,-0.025646087,0.046020407,0.0511525,0.0018471983,-0.022439223,0.01764828,-0.002182941,0.0013495338,0.005739475,0.025370097,0.009676207,-0.024369054,0.0024002313,0.027323531,-0.027739659,0.011197075,-0.012901188,-0.01046729,-0.0019546458,0.0053151497,-0.020037277,0.0023746998,-0.047573537,1.0000017,-0.015184848
14:96997233:C:A,-0.02219434,-0.07406178,-0.017985707,0.0115783615,0.0042875046,-0.039926827,-0.006053993,0.012990932,-0.027151717,-0.012404526,-0.03246045,-0.023119673,0.0014755324,0.0453639,-0.003384965,0.021539578,-0.007063588,0.025978016,0.014959986,-0.0075989054,0.021185912,0.016796865,-0.019663038,0.015099971,-0.0026337637,-0.019492183,-0.025509505,0.027307803,-0.017985517,-0.0010694513,0.006744071,-0.0050457893,-0.00087205885,-0.021521818,0.060556535,-0.021997739,0.026309814,-0.010504894,-0.040454756,-0.0260453,-0.009404842,-0.046712834,0.07369844,0.01050493,0.03420243,0.019219289,0.034013506,-0.013849199,-0.027009338,0.018152887,-0.003447044,0.036129642,-0.058717214,-0.0049439953,-0.023012407,0.0068663955,2.2754817e-05,-0.013181878,-0.029797101,0.065615065,0.021752067,0.025366468,0.014375974,-0.015411889,-0.052810315,0.009235869,-0.045566514,-0.024606945,0.009315496,0.015329224,-0.023442456,0.0054025794,0.025664324,-0.064245775,-0.030717505,0.011379541,0.021207502,-0.030325038,0.04530466,-0.005844824,0.00065057114,0.018782642,-0.011091054,0.022222437,0.02484904,-0.022240108,-0.003447065,0.0011430456,0.06796291,0.021326918,0.014917571,0.04534898,0.018264106,-0.042000253,0.013713625,0.05798008,-0.058628157,-0.004361269,-0.0011057673,-0.017844873,0.033027563,-0.011457172,0.0045386073,0.05505237,-0.01609224,0.029864514,-0.04970827,-0.026624428,-0.015574609,-0.0024188482,0.024018975,-0.010733568,-0.06897346,-0.011280485,-0.002418923,-0.008502062,-0.021987565,0.0024309328,0.010853962,-0.05317785,0.03533242,0.010807484,0.008486999,-0.057051856,-0.0061631924,-0.00041208375,-0.020115059,-0.058951277,-0.037316717,-0.02455123,-0.017538818,-0.012932604,-0.012420829,0.025195507,-0.032027967,0.0043888795,0.0011619624,-0.020120876,0.0018816856,-0.010028957,-0.048277434,0.016890515,0.031730264,-0.030256711,0.011157061,0.010306315,-0.04024534,0.014872644,-0.016269559,-0.013946514,0.012046232,-0.03025338,0.035936292,0.025366649,0.025366517,-0.030335322,-0.02084198,0.023326656,0.0032151705,0.016933415,0.0032182143,0.034765046,-0.006634542,-0.017038211,-0.074285425,0.01582124,-0.0024551025,0.024718126,0.019605372,0.003982771,-0.013713554,0.015740754,-0.05039753,0.034764953,-0.0024551041,-0.00859021,-0.015184848,1.0
