varId,source_trait,LTL_b,LTL_p,LTL_n,BMI_b,BMI_p,BMI_n,LYM_b,LYM_p,LYM_n,S_mvpEU_b,S_mvpEU_p,S_mvpEU_n,D_mvpEU_b,D_mvpEU_p,D_mvpEU_n,H_mvpEU_b,H_mvpEU_p,H_mvpEU_n,panel_status,sign,idx,palindromic,eur_af_alt,LTL_se,BMI_se,LYM_se,S_mvpEU_se,D_mvpEU_se,H_mvpEU_se,own_p,usable,min_p,chr,pos
12:111904371:T:A,LTL,0.0161968,1.7e-15,472174,0.0088,4.761e-08,800555.0,-0.087972,5e-324,523841,-0.008983,0.0003387,425740.0,-0.03005,9.894e-35,425743.0,-0.053540766,7.809e-28,318397.62,matched,1,1109,True,0.5228628230616302,0.002034396815244984,0.0016117178050612327,0.001956004045712309,0.002506594262984465,0.002444508038778676,0.004896110899815274,1.7e-15,True,5e-324,12,111904371
19:16471871:G:C,LYM,0.00243686,0.25,472174,0.0029,0.1053,717844.0,-0.080212,5e-324,524919,2.931e-06,0.9992,425740.0,-0.002147,0.4527,425743.0,0.009545413,0.2201,318397.62,matched,1,1884,True,0.6520874751491054,0.0021183651172163695,0.0017904718097720988,0.002049042161504426,0.002275227420597959,0.002859154350612053,0.00778415298308964,5e-324,True,5e-324,19,16471871
3:169489946:A:G,LTL,-0.0824307,1.3e-293,472174,-0.0036,0.06535,642120.0,0.006629,0.002015,523512,-0.03152,6.303e-29,425740.0,-0.008373,0.002366,425743.0,-0.028587457,1.432e-07,318397.62,matched,1,406,False,0.2654075546719682,0.002250881393969806,0.0019534893080059693,0.0021466882065534496,0.002824032164000252,0.002754301518442925,0.005433746563260061,1.3e-293,True,1.3e-293,3,169489946
12:9905690:A:G,LYM,0.00051925,0.8,472174,0.0006,0.7284,717835.0,0.068864,6.26e-271,523521,-0.002945,0.2673,425740.0,-0.004265,0.09958,425743.0,-0.0069756135,0.3133,318397.62,matched,1,1902,False,0.3797216699801193,0.0020495596498755716,0.0017278385183958109,0.0019581666535860684,0.0026548230116398893,0.0025897247021897285,0.006918042919451554,6.26e-271,True,6.26e-271,12,9905690
16:53824226:A:G,BMI,-0.0038971,0.056,472174,0.0679,6.17e-269,484680.0,-0.003675,0.056115,524919,0.02532,5.847e-23,425740.0,-0.01436,9.641e-09,425743.0,0.07192574,1.357e-48,318397.62,matched,1,1591,False,0.4383697813121272,0.002039260756332823,0.0019379560443540868,0.00192394126105298,0.0025663989533431385,0.0025030823892380704,0.004909772600278508,6.17e-269,True,6.17e-269,16,53824226
5:1282319:C:A,LTL,0.0707719,1.8e-242,472174,-0.0022,0.2784,484680.0,0.005858,0.005406,477670,0.02041,1.163e-14,425740.0,0.01429,3.028e-08,425743.0,0.014301784,0.00261,318397.62,matched,1,498,False,0.3499005964214712,0.0021282362455120416,0.002029668941575952,0.002105838290633297,0.0026437712356461715,0.002579510852780843,0.004750968532051521,1.8e-242,True,1.8e-242,5,1282319
4:38362876:T:C,LYM,0.0044815,0.037,472174,-0.0022,0.2887,484680.0,0.066223,3.51e-235,524920,-0.009238,0.000799,425740.0,-0.004215,0.1167,425743.0,-0.021761492,0.0001359,318397.62,matched,1,1885,False,0.6938369781312127,0.002148613102988507,0.002073558979787948,0.002022349490140578,0.002755028816546601,0.002686807011974275,0.005703424122656991,3.51e-235,True,3.51e-235,4,38362876
20:62321128:G:A,LTL,-0.209011,9.6e-195,472174,0.0081,0.227,484680.0,0.036644,6.01e-08,523362,-0.04185,0.000204,425740.0,-0.02047,0.06248,425743.0,0.012578783,0.6746,318397.62,matched,1,1544,False,0.011928429423459244,0.007020895833214966,0.006704616005066264,0.00676275298996152,0.011268141400130915,0.010988397681461698,0.02996066827434419,9.6e-195,True,9.6e-195,20,62321128
16:30482803:T:C,LYM,-0.00025781,0.9,472174,-0.0112,7.166e-11,717186.0,0.054965,4.59e-181,524919,-0.0009332,0.7172,425740.0,-0.001558,0.5353,425743.0,-0.003992021,0.5456,318397.62,matched,1,1886,False,0.5596421471172962,0.0020516253124147543,0.0017185449542262419,0.0019155862753115814,0.0025764525279951943,0.002513163121181277,0.006605298226368008,4.59e-181,True,4.59e-181,16,30482803
18:57851763:A:G,BMI,-0.00140645,0.55,472174,0.0531,1.31e-172,806622.0,-0.007083,0.001475,524461,0.01079,0.0002911,425740.0,0.003648,0.2091,425743.0,0.011263193,0.01059,318397.62,matched,1,1590,False,0.24652087475149106,0.002352866875399538,0.001895908554460787,0.0022276683317929537,0.0029781176180760996,0.0029043567402682598,0.004406665669728531,1.31e-172,True,1.31e-172,18,57851763
10:105676465:C:A,LTL,-0.0808691,4.4e-167,472174,0.0108,8.045e-06,718589.0,-0.004977,0.074249,524923,-0.0289,1.216e-14,425740.0,-0.01523,3.061e-05,425743.0,-0.026641931,0.0005244,318397.62,matched,1,934,False,0.8697813121272365,0.0029353353279840213,0.002419364124047249,0.0027881166782413812,0.00374626489733624,0.0036532593319866433,0.007682277544533904,4.4e-167,True,4.4e-167,10,105676465
2:637597:C:T,BMI,-0.00196534,0.46,472174,0.057,1.3e-149,765097.0,-0.006949,0.005271,524921,0.02345,2.103e-12,425740.0,-0.0008193,0.8013,425743.0,0.054350596,4.387e-17,318397.62,matched,1,1595,False,0.8260437375745527,0.002660009990118168,0.0021879894221181,0.0024906917428591108,0.003336901247114219,0.003255518041870425,0.006468719875386134,1.3e-149,True,1.3e-149,2,637597
5:35859863:G:T,LYM,-0.00433324,0.057,472174,-0.0036,0.06005,718668.0,0.054358,2.4e-141,524921,0.004962,0.08066,425740.0,0.00177,0.523,425743.0,0.012781334,0.09163,318397.62,matched,1,1901,False,0.28330019880715707,0.0022766854248951348,0.0019144594882297141,0.0021475801000866634,0.002840510048599737,0.002771133331169538,0.007576991074480978,2.4e-141,True,2.4e-141,5,35859863
2:182175221:T:C,LYM,0.00349861,0.13,472174,0.001,0.6589,484680.0,0.050198,8.46e-117,523983,0.003344,0.2606,425740.0,0.002479,0.3925,425743.0,-0.0059820716,0.4692,318397.62,matched,1,1888,False,0.24055666003976142,0.0023106833355191715,0.0022653525877544493,0.0021849804559283433,0.0029725128181649837,0.0028991019186338537,0.008265026251573005,8.46e-117,True,8.46e-117,2,182175221
8:79657666:T:C,LYM,-0.00295793,0.2,472174,0.0021,0.281,718700.0,0.050185,9.8e-117,524921,-0.001523,0.6022,425740.0,-0.0006994,0.8062,425743.0,0.007729798,0.3172,318397.62,matched,1,1889,False,0.2852882703777336,0.0023080850427918726,0.0019479152617542872,0.0021850222256108603,0.002921881877012992,0.0028508400725702466,0.0077280331047773,9.8e-117,True,9.8e-117,8,79657666
1:177852580:T:C,BMI,-0.00291795,0.24,472174,0.0457,4.52e-113,792554.0,-0.003753,0.105643,523515,0.009142,0.003337,425740.0,-0.004817,0.1129,425743.0,0.017960325,0.002089,318397.62,matched,1,1588,False,0.19681908548707752,0.002483389617400799,0.002022290210982312,0.002319399917105392,0.00311497147491741,0.0030385568853007034,0.005836431371569418,4.52e-113,True,4.52e-113,1,177852580
2:24221317:C:T,LYM,0.00102024,0.73,472174,-0.0019,0.4983,484680.0,0.061572,2.13e-109,521155,0.003719,0.3159,425740.0,0.005158,0.1539,425743.0,0.01816397,0.06487,318397.62,matched,1,1892,False,0.1481113320079523,0.0029561417715260737,0.0028058071159915068,0.002770834221687028,0.0037081762600341983,0.003617388993637588,0.009838821845902948,2.13e-109,True,2.13e-109,2,24221317
19:10395683:A:G,LYM,-0.00144628,0.48,472174,-0.0057,0.0005279,806734.0,-0.043577,6.05e-107,480039,-0.01538,9.728e-10,425740.0,-0.01364,2.741e-08,425743.0,-0.024692612,2.177e-07,318397.62,matched,1,1890,False,0.4662027833001988,0.0020476776895505186,0.0016444592759831207,0.0019838114994752795,0.0025156162039720368,0.0024544631820232776,0.0047636474098907925,6.05e-107,True,6.05e-107,19,10395683
20:1930897:T:C,LYM,0.00195209,0.39,472174,-0.0018,0.3795,484680.0,-0.045103,6.39e-98,524923,0.000639,0.8236,425740.0,0.001702,0.5427,425743.0,-0.0059820716,0.4157,318397.62,matched,1,1891,False,0.3091451292246521,0.0022708824660859776,0.0020482058086137424,0.002147635399829366,0.0028665360317829437,0.0027959613984658914,0.00734984992572973,6.39e-98,True,6.39e-98,20,1930897
9:21986847:T:A,LYM,-0.00156019,0.49,472174,0.0032,0.07838,804406.0,0.043598,5.14e-95,524921,0.004387,0.1348,425740.0,0.009606,0.0007881,425743.0,-0.003992021,0.6337,318397.62,matched,1,1893,True,0.7117296222664016,0.0022601333575758436,0.0018180123884638784,0.00210812191202583,0.002933587413217724,0.0028615339749321093,0.008377349106470387,5.14e-95,True,5.14e-95,9,21986847
13:74701736:A:C,LYM,-0.00309356,0.17,472174,0.0047,0.02577,484680.0,0.04349,1.32e-91,524921,-0.001982,0.493,425740.0,-0.00182,0.5185,425743.0,0.01501212,0.01576,318397.62,matched,1,1894,False,0.2664015904572565,0.0022544464457195453,0.0021079443774734575,0.002142500490222709,0.0028911299163559617,0.0028188239441131247,0.006217675156403433,1.32e-91,True,1.32e-91,13,74701736
16:82203758:C:T,LTL,-0.0469485,2.9e-85,472174,-0.004,0.05355,668047.0,0.001846,0.413146,523383,-0.009043,0.002533,425740.0,-0.009554,0.001072,425743.0,-0.0069756135,0.3828,318397.62,matched,1,1299,False,0.7852882703777336,0.0023992523453851707,0.0020720461595437755,0.0022557036684694733,0.002994994489008454,0.002920894926761957,0.00799269310918952,2.9e-85,True,2.9e-85,16,82203758
4:103555611:A:C,LYM,0.00216236,0.28,472174,-0.0041,0.02923,484680.0,0.036635,5.19e-84,524922,-0.003153,0.2117,425740.0,-0.009189,0.0001905,425743.0,-0.02078254,3.586e-05,318397.62,matched,1,1896,False,0.49304174950298213,0.002001593342176758,0.0018804142556923047,0.0018864199193257601,0.0025246125399199207,0.002462685619169486,0.005028861680734793,5.19e-84,True,5.19e-84,4,103555611
6:50803050:A:G,BMI,-0.00415536,0.11,472174,0.0407,9.561e-83,806796.0,-0.006758,0.005954,523522,0.01109,0.0006524,425740.0,-0.002083,0.5117,425743.0,0.019794628,0.0009463,318397.62,matched,1,1598,False,0.18091451292246521,0.002600036188492636,0.0021120720216111096,0.002457182920233122,0.003253307182413403,0.003174371314006734,0.0059874424143151125,9.561e-83,True,9.561e-83,6,50803050
15:91021412:T:A,LYM,0.00036164,0.87,472174,-0.0003,0.8886,484680.0,0.038051,3.38e-78,524919,0.005633,0.03567,425740.0,0.005684,0.02974,425743.0,0.014301784,0.008518,318397.62,matched,1,1897,True,0.3190854870775348,0.0022097234816459334,0.0021416956147672574,0.002032602195736975,0.0026815262237888824,0.0026150935719418357,0.005436252847809447,3.38e-78,True,3.38e-78,15,91021412
6:135421176:C:T,LYM,-0.00187873,0.41,472174,-0.0009,0.6833,484680.0,-0.04087,1.03e-77,524912,-0.004153,0.1494,425740.0,-0.01953,3.692e-12,425743.0,-0.014888613,0.01004,318397.62,matched,1,1895,False,0.2634194831013916,0.0022803064993086367,0.002206076233520236,0.0021901419750907096,0.0028807189056361945,0.0028106800317333853,0.005783224002940876,1.03e-77,True,1.03e-77,6,135421176
2:43464818:G:A,LYM,-0.011495,0.0032,472174,0.0014,0.7114,484680.0,-0.067528,4.9e-77,523045,-0.0001868,0.9703,425740.0,-0.01683,0.0005818,425743.0,0.01653597,0.2163,318397.62,matched,1,1898,False,0.05864811133200795,0.0038994619951733993,0.0037840241170736225,0.003634961571198389,0.005017185461075407,0.004892498639915109,0.013373999546556437,4.9e-77,True,4.9e-77,2,43464818
11:27636885:C:T,BMI,-0.00063815,0.8,472174,0.0366,6.288e-75,803955.0,-0.007488,0.001448,523523,-0.0008058,0.7969,425740.0,-0.01479,1.275e-06,425743.0,0.00040008003,0.9624,318397.62,matched,1,1589,False,0.7823061630218688,0.0025188762456776043,0.0019983670151563506,0.002351088270115775,0.00313100884624985,0.0030535065496505908,0.008486688339272946,6.288e-75,True,6.288e-75,11,27636885
22:30570022:A:G,LYM,-0.00050087,0.8,472174,-0.0041,0.01507,718742.0,-0.034685,2.43e-74,524921,-0.008283,0.001137,425740.0,-0.002023,0.4152,425743.0,-0.0069756135,0.2749,318397.62,matched,1,1905,False,0.5457256461232605,0.001977010961643096,0.0016867621335939313,0.0019014633362958958,0.0025453022152631217,0.002482888123033728,0.006388814840485808,2.43e-74,True,2.43e-74,22,30570022
19:13944558:C:G,LYM,0.00185296,0.38,472174,0.0082,8.509e-06,706165.0,0.036522,5.64e-73,524918,0.01073,8.651e-05,425740.0,0.001901,0.4758,425743.0,0.0062193,0.3883,318397.62,matched,1,1909,True,0.3210735586481113,0.002110682104988121,0.0018418853518222336,0.0020213048367834292,0.0027333327285551695,0.002665922668651279,0.00720907397119547,5.64e-73,True,5.64e-73,19,13944558
11:108141701:G:T,LTL,-0.0367753,6e-73,472174,0.0017,0.3682,484680.0,0.00448,0.019847,524919,0.001219,0.6418,425740.0,0.008297,0.001173,425743.0,0.009848336,0.1566,318397.62,matched,1,1024,False,0.4542743538767396,0.0020357083768973707,0.0018892034340815189,0.0019233842077227344,0.0026204708539494426,0.0025565688174773744,0.006952095279963539,6e-73,True,6e-73,11,108141701
3:196501413:A:G,LYM,-3.823e-05,0.99,472174,-0.0013,0.4373,718673.0,-0.034539,4.1e-72,523520,-0.0005233,0.8424,425740.0,-0.005261,0.04042,425743.0,-0.012916225,0.07078,318397.62,matched,1,1907,False,0.3976143141153082,0.0030502328166503957,0.0016736172324980803,0.0019232416923157913,0.0026319688863832534,0.0025670541245798833,0.0071483327891934826,4.1e-72,True,4.1e-72,3,196501413
2:112239082:C:T,LYM,-0.0111853,0.0055,472174,-0.0002,0.9592,484680.0,-0.071153,6.81e-72,518610,-0.01357,0.03484,425740.0,-0.02602,3.351e-05,425743.0,-0.014888613,0.3908,318397.62,matched,1,1906,False,0.0636182902584493,0.004029010495960598,0.003909493502401497,0.0039682548155390044,0.006430629992460054,0.006272600581057954,0.01734930960878536,6.81e-72,True,6.81e-72,2,112239082
19:1079959:G:A,LYM,0.00582381,0.099,472174,-0.0056,0.09735,484680.0,-0.060717,6.6e-71,480042,-0.002958,0.5435,425740.0,-0.01138,0.01657,425743.0,0.016027762,0.2142,318397.62,matched,1,1916,False,0.08548707753479125,0.003530178603040368,0.003377891670646489,0.0034103340980304393,0.004868904548041289,0.004749359478899265,0.012903770704961522,6.6e-71,True,6.6e-71,19,1079959
3:12266804:A:G,LYM,-0.00146441,0.48,472174,0.001,0.6171,484680.0,-0.034408,7.22e-71,524914,-0.006889,0.008385,425740.0,-0.01015,6.879e-05,425743.0,-0.01192857,0.00639,318397.62,matched,1,1900,False,0.4095427435387674,0.0020733465755971695,0.0020001415878813217,0.0019331640853842652,0.0026132700809136152,0.002549974162691567,0.004374138436512269,7.22e-71,True,7.22e-71,3,12266804
18:658423:A:G,LTL,-0.0425685,1.2e-70,472174,-0.0073,0.001382,484680.0,0.006805,0.002935,522087,-0.02243,8.997e-12,425740.0,-0.01652,2.605e-07,425743.0,-0.022739487,0.0003579,318397.62,matched,1,1409,False,0.2415506958250497,0.0023954827619252906,0.0022824024342158553,0.0022878064300622374,0.003288037167961568,0.003207773062990173,0.0063708058896547225,1.2e-70,True,1.2e-70,18,658423
1:101225444:G:A,LYM,-0.00207848,0.31,472174,0.0001,0.9502,718590.0,-0.033981,1.58e-70,524922,-0.0009726,0.7101,425740.0,-0.001695,0.5066,425743.0,-0.0019980026,0.807,318397.62,matched,1,1903,False,0.6073558648111332,0.0020473156925226777,0.0016011368382710322,0.0019138960426249678,0.0026164729305690965,0.0025521684655052546,0.008178545295451433,1.58e-70,True,1.58e-70,1,101225444
20:35525640:A:C,LTL,0.0493145,1.8e-69,472174,0.004,0.1333,484680.0,-0.008892,0.000935,524922,-0.0008785,0.8077,425740.0,0.007475,0.03368,425743.0,0.018673265,0.05127,318397.62,matched,1,1520,False,0.8479125248508946,0.002799136040903958,0.0026645086792763642,0.002686901223115111,0.0036093704371782855,0.003519498493390217,0.009579899966079263,1.8e-69,True,1.8e-69,20,35525640
17:7772242:G:A,LTL,-0.054521,3.2e-68,472174,-0.0035,0.2435,484680.0,0.004027,0.182294,524922,-0.005122,0.1963,425740.0,-0.003048,0.4305,425743.0,0.002904213,0.7861,318397.62,matched,1,1329,False,0.09443339960238568,0.003123666309001507,0.0030009866148100095,0.0030193630728945634,0.003963889974813765,0.0038663700599504735,0.010701709553966033,3.2e-68,True,3.2e-68,17,7772242
1:114377568:A:G,LYM,-0.00071676,0.83,472174,0.0011,0.6734,804670.0,0.054421,1.47e-67,523524,0.01041,0.01391,425740.0,-0.003973,0.3357,425743.0,-0.018821754,0.0183,318397.62,matched,1,1904,False,0.9055666003976143,0.003338401329207693,0.0026098118803966034,0.003133607992094657,0.004232431292428785,0.004126950916498442,0.007977038266167066,1.47e-67,True,1.47e-67,1,114377568
2:143803847:T:C,LYM,0.00776154,0.0093,472174,0.0021,0.4499,484680.0,-0.04895,2.79e-67,523983,-0.007757,0.04211,425740.0,-0.002651,0.4763,425743.0,0.01349059,0.1845,318397.62,matched,1,1918,False,0.12524850894632206,0.0029842612641435254,0.002779315400407083,0.0028245706194162017,0.003816610944492364,0.0037219234885256516,0.010166031016434655,2.79e-67,True,2.79e-67,2,143803847
9:91495135:C:T,LYM,-0.00397754,0.37,472174,0.0013,0.7513,484680.0,-0.070296,1.36e-65,524920,0.0003148,0.9555,425740.0,-0.009043,0.1006,425743.0,-0.023716526,0.04548,318397.62,matched,1,1917,False,0.04671968190854871,0.004436874713425951,0.0041019081265620564,0.004109654779897792,0.005641433026488555,0.005507469934856308,0.011857150234378534,1.36e-65,True,1.36e-65,9,91495135
10:73508791:T:C,LYM,0.00052333,0.8,472174,0.0013,0.5084,484680.0,-0.03428,1.53e-65,479423,0.005182,0.0728,425740.0,0.004898,0.08209,425743.0,0.0035061394,0.6439,318397.62,matched,1,1913,False,0.4393638170974155,0.002065664037687786,0.0019657324397246412,0.002004886769936752,0.002888384434456156,0.0028170698108006586,0.007584894978786501,1.53e-65,True,1.53e-65,10,73508791
11:5247141:G:A,LTL,0.046609,3.9e-65,472174,-0.0006,0.7947,717619.0,0.000943,0.63586,523522,0.0122,0.0008876,425740.0,0.007889,0.02752,425743.0,0.0043092715,0.658,318397.62,matched,1,969,False,0.8300198807157058,0.002734692909517057,0.002305809330701676,0.001991572903516265,0.0036703593710991785,0.0035793007677748043,0.009734591656730168,3.9e-65,True,3.9e-65,11,5247141
12:50263148:G:A,BMI,0.00567167,0.0061,472174,0.0305,5.233e-64,663621.0,-0.002676,0.168756,523521,0.008499,0.0009133,425740.0,0.008251,0.0009652,425743.0,0.02901695,7.75e-09,318397.62,matched,1,1078,False,0.35685884691848907,0.002068173456726417,0.001805686046622921,0.001944467821708555,0.002563061263902766,0.0024999402995148864,0.0050256178948446684,5.233e-64,True,5.233e-64,12,50263148
11:122514403:C:T,LYM,0.00357292,0.084,472174,0.0118,2.375e-09,484680.0,0.032905,1.36e-63,524792,-0.002395,0.3571,425740.0,0.008635,0.0006638,425743.0,0.017858518,0.0001588,318397.62,matched,1,1910,False,0.3717693836978131,0.0020677406274686237,0.0019766054891264253,0.0019546000902621948,0.002600702418780317,0.0025366394838242426,0.004728368244565724,1.36e-63,True,1.36e-63,11,122514403
7:45009341:A:G,LYM,0.00174153,0.53,472174,0.0105,1.691e-05,663726.0,0.044361,3.56e-63,524463,-0.003547,0.3011,425740.0,-0.007352,0.02798,425743.0,0.0054146326,0.5504,318397.62,matched,1,1899,False,0.8439363817097415,0.002773110384236816,0.0024406039353378124,0.0026440628899669118,0.0034301108813150427,0.0033455185108244006,0.00906729346230336,3.56e-63,True,3.56e-63,7,45009341
2:161330940:T:C,LYM,-0.00456442,0.066,472174,-0.0078,0.0009555,484680.0,-0.039278,1.45e-62,523983,-0.004206,0.191,425740.0,0.003778,0.2285,425743.0,-0.01192857,0.02755,318397.62,matched,1,1922,False,0.1848906560636183,0.0024827900534307263,0.0023612664819130185,0.0023528256053169045,0.0032165146329496993,0.0031372697637469383,0.0054131324705233115,1.45e-62,True,1.45e-62,2,161330940
22:21920817:G:C,LYM,0.00175277,0.49,472174,0.0018,0.4626,484680.0,-0.04068,4.57e-61,524886,-0.006802,0.03575,425740.0,0.01175,0.0002,425743.0,-0.0019980026,0.8535,318397.62,matched,1,1915,True,0.18190854870775347,0.0025391099450440087,0.0024504054232984502,0.002467438498899516,0.0032394185644098934,0.0031594374604016593,0.010820218852809652,4.57e-61,True,4.57e-61,22,21920817
10:25218243:G:T,LYM,-0.0047518,0.023,472174,0.0032,0.06467,718648.0,-0.032062,1.29e-59,524920,0.002791,0.3034,425740.0,0.007683,0.003681,425743.0,0.000100005,0.9907,318397.62,matched,1,1920,False,0.3518886679920477,0.0020901414509669172,0.0017320398812604252,0.001968972126701143,0.002711895189222849,0.0026454070205713083,0.008579638571551182,1.29e-59,True,1.29e-59,10,25218243
5:75003678:T:C,BMI,-0.00189435,0.36,472174,-0.0264,8.978e-59,806617.0,0.001113,0.564934,523522,-0.005305,0.03743,425740.0,0.02878,5.545e-31,425743.0,-0.01192857,0.08101,318397.62,matched,1,537,False,0.3956262425447316,0.0020695021310724237,0.0016332097376280154,0.0019338750808444662,0.0025492028877147827,0.0024864859341657986,0.0068364222794354635,8.978e-59,True,8.978e-59,5,75003678
17:38023745:A:G,LYM,-0.00306922,0.13,472174,0.0044,0.006256,790306.0,-0.03016,3.62e-57,523839,0.01213,1.325e-06,425740.0,0.004236,0.08342,425743.0,0.0058168853,0.3841,318397.62,matched,1,1912,False,0.47813121272365805,0.002027089474689134,0.0016093324536961672,0.0018926849335046147,0.002508288489352314,0.0024468885920769217,0.006683257558517495,3.62e-57,True,3.62e-57,17,38023745
2:54479005:C:T,LTL,-0.101691,2e-55,472174,-0.0247,6.055e-05,484680.0,0.006837,0.255958,524919,-0.02833,0.000805,425740.0,0.0004611,0.9554,425743.0,-0.042101175,0.06132,318397.62,matched,1,163,False,0.03479125248508946,0.006484459565157673,0.006158591845330353,0.006018504089881603,0.008454016606390469,0.008244683202129115,0.02249978779485133,2e-55,True,2e-55,2,54479005
15:68086838:G:A,BMI,0.00370294,0.12,472174,-0.0298,3.602e-54,806797.0,0.002481,0.272853,523517,-0.002485,0.4046,425740.0,-0.01489,3.065e-07,425743.0,-0.012916225,0.00464,318397.62,matched,1,1594,False,0.2355864811133201,0.002381658662630013,0.001922880731487272,0.002262620763592582,0.002981639779516028,0.0029085407391058536,0.004562394710848749,3.602e-54,True,3.602e-54,15,68086838
1:72765116:G:A,BMI,-0.00433551,0.034,472174,0.0253,1.157e-53,801571.0,0.000983,0.609558,523523,-0.002001,0.4372,425740.0,-0.01126,7.456e-06,425743.0,0.017247893,0.003488,318397.62,matched,1,1605,False,0.6421471172962226,0.002044982733827881,0.0016404696623106376,0.0019247921833184616,0.0025755212081656057,0.0025132595769630593,0.00590459221860646,1.157e-53,True,1.157e-53,1,72765116
11:47961566:G:C,LYM,0.00450777,0.069,472174,-0.0004,0.8745,484680.0,-0.035886,1.71e-52,524734,-0.01792,2.231e-08,425740.0,-0.01613,2.459e-07,425743.0,-0.013902905,0.03469,318397.62,matched,1,1940,True,0.1918489065606362,0.0024789490806497445,0.0025325243333458643,0.0023535627269623445,0.0032039696777551195,0.003125485910234377,0.0065829438931846816,1.71e-52,True,1.71e-52,11,47961566
20:62325833:C:A,LTL,-0.10951,1.8e-50,472174,-0.0006,0.9324,484680.0,-0.026682,0.00016,480981,-0.03206,0.003689,425740.0,-0.01354,0.2085,425743.0,-0.050693113,0.02564,318397.62,matched,1,1554,False,0.0268389662027833,0.007329809958690744,0.007073332047927553,0.00706805711574764,0.01104146854160821,0.0107656769485142,0.02271582193931144,1.8e-50,True,1.8e-50,20,62325833
19:22215441:A:G,LTL,0.0328384,2.5e-50,472174,-0.0048,0.01009,718635.0,-0.00696,0.000883,524918,0.01641,6.088e-09,425740.0,0.006582,0.01678,425743.0,0.01399751,0.06244,318397.62,matched,1,1471,False,0.2773359840954274,0.002201193283363104,0.0018657226812807915,0.002092997657894704,0.0028223409391509757,0.002752255500183393,0.007512786281213136,2.5e-50,True,2.5e-50,19,22215441
1:67470843:C:T,LYM,-0.00101418,0.65,472174,-0.0045,0.01683,664336.0,-0.030903,2.87e-50,524922,0.01125,6.251e-05,425740.0,0.006304,0.02143,425743.0,0.008536331,0.2552,318397.62,matched,1,1921,False,0.7127236580516899,0.0022350473926007614,0.00188252957602548,0.0020727414471794965,0.002810301124165295,0.002740486230004866,0.007502424906195256,2.87e-50,True,2.87e-50,1,67470843
16:19933600:C:T,BMI,0.00206255,0.48,472174,-0.0351,8.831e-50,789882.0,0.001977,0.465764,523522,9.597e-05,0.9784,425740.0,0.002511,0.467,425743.0,0.012882626,0.1711,318397.62,matched,1,1597,False,0.13021868787276342,0.0029202074415620913,0.0023661857762118034,0.0027104893714033577,0.003544612362365693,0.003452168487693311,0.00941246041785415,8.831e-50,True,8.831e-50,16,19933600
2:202151163:A:G,LYM,-0.00262783,0.25,472174,-0.0024,0.268,484680.0,0.031421,1.74e-49,523982,-0.0121,1.293e-05,425740.0,-0.01189,1.1e-05,425743.0,-0.012916225,0.009467,318397.62,matched,1,1925,False,0.7166998011928429,0.0022843755513138595,0.002166690560761439,0.002124703516727858,0.0027744107953637017,0.0027044113923612666,0.004977901677611376,1.74e-49,True,1.74e-49,2,202151163
22:39531732:C:G,LYM,0.00292855,0.15,472174,0.0001,0.9618,718342.0,-0.028648,5.4e-49,524915,-0.0002614,0.9183,425740.0,-0.005645,0.0232,425743.0,0.0009004052,0.8969,318397.62,matched,1,1924,True,0.4383697813121272,0.0020343771978050787,0.0020879047598349335,0.0019472559502581024,0.0025483703054123264,0.0024866472132249375,0.006948729553187747,5.4e-49,True,5.4e-49,22,39531732
6:34563164:A:G,BMI,-0.00553439,0.014,472174,0.0265,1.774e-48,800222.0,-0.020301,1.96e-21,523522,0.003545,0.2158,425740.0,0.009338,0.0008309,425743.0,0.033453375,1.517e-09,318397.62,matched,1,1609,False,0.279324055666004,0.002252257540668973,0.0018111872478858183,0.0021353453095456633,0.0028640131328534868,0.002793892248477014,0.005536303514066153,1.774e-48,True,1.774e-48,6,34563164
3:49936102:T:C,BMI,-0.0158022,3.6e-15,472174,0.0245,7.774e-48,718281.0,0.007739,6.22e-05,523521,0.01153,3.813e-06,425740.0,0.01519,4.363e-10,425743.0,0.032626502,4.549e-10,318397.62,matched,1,1617,False,0.4970178926441352,0.002008382293906766,0.001686117577657708,0.001932669829389509,0.0024949563625064285,0.0024341173977615754,0.005233704020210015,7.774e-48,True,7.774e-48,3,49936102
10:50261880:C:T,LYM,0.00291521,0.23,472174,-0.0029,0.2079,484680.0,-0.032292,6.12e-47,524920,0.0002481,0.9356,425740.0,-0.003283,0.2732,425743.0,-0.002995509,0.6724,318397.62,matched,1,1928,False,0.19284294234592445,0.002428615393218563,0.00230275528239803,0.002244308745565431,0.0030704963856269052,0.002996195117456243,0.0070839856251330565,6.12e-47,True,6.12e-47,10,50261880
19:47695751:G:T,LYM,0.00682745,0.0027,472174,-0.0148,1.037e-11,484680.0,0.031193,6.22e-47,524913,-0.004612,0.1141,425740.0,0.001739,0.5414,425743.0,-0.012916225,0.09873,318397.62,matched,1,1939,False,0.25745526838966204,0.002275834120263544,0.002176063795033105,0.0021680966796594615,0.002918931948457101,0.002847564622465878,0.007823074782000804,6.22e-47,True,6.22e-47,19,47695751
1:226577306:C:T,LTL,-0.0402052,7.3e-47,472174,-0.0014,0.5401,718685.0,-0.003649,0.171488,524919,-0.01029,0.003025,425740.0,-0.01774,1.594e-07,425743.0,-0.0059820716,0.4831,318397.62,matched,1,111,False,0.1540755467196819,0.0027966511627550853,0.002285110722966491,0.002668493564803114,0.0034702713718026365,0.0033846196836696085,0.00852966692399226,7.3e-47,True,7.3e-47,1,226577306
13:114920867:G:A,LYM,-0.0024598,0.26,472174,-0.0023,0.2779,484680.0,0.030122,2.51e-46,522977,0.001182,0.6721,425740.0,0.0009673,0.7224,425743.0,-0.01192857,0.01939,318397.62,matched,1,1935,False,0.3091451292246521,0.002183788505240676,0.0021197201436600646,0.002107841970864309,0.002792559324151652,0.0027228475843338166,0.005102155962427647,2.51e-46,True,2.51e-46,13,114920867
20:8604593:G:A,LYM,0.00570442,0.0043,472174,-0.002,0.2521,717260.0,-0.026989,4.3e-46,524918,0.004608,0.07287,425740.0,-0.005125,0.04081,425743.0,-0.02078254,2.923e-05,318397.62,matched,1,1919,False,0.5288270377733598,0.0019978552738802546,0.001746322930598517,0.0018935785794272969,0.0025690715981310235,0.002505554733305668,0.004972632545145175,4.3e-46,True,4.3e-46,20,8604593
1:160791892:T:C,LYM,0.00518737,0.01,472174,0.0025,0.1497,718690.0,0.02706,6.35e-46,524921,-0.001675,0.5079,425740.0,-0.001332,0.5894,425743.0,-0.00796817,0.2616,318397.62,matched,1,1941,False,0.44930417495029823,0.0020138640370512893,0.001735397747194907,0.0019021961011197474,0.002529786784923599,0.002468011677156201,0.007097849746865656,6.35e-46,True,6.35e-46,1,160791892
6:122746938:G:T,LYM,-0.00055794,0.78,472174,0.0024,0.1496,718697.0,0.026764,2.56e-45,524919,-0.004334,0.09197,425740.0,-0.004414,0.07846,425743.0,-0.003992021,0.6008,318397.62,matched,1,1926,False,0.5566600397614314,0.001997500818745528,0.0016655727273612822,0.0018944202605627757,0.00257195988618013,0.0025083931532590606,0.007629274365787564,2.56e-45,True,2.56e-45,6,122746938
15:50353277:T:G,LTL,-0.0332716,3.8e-45,472174,-0.005,0.01166,718261.0,0.01075,1.44e-06,522440,0.004768,0.115,425740.0,0.005582,0.05847,425743.0,-0.013902905,0.02365,318397.62,matched,1,1208,False,0.22564612326043737,0.002359695102959152,0.001982340893703918,0.0022305741464545385,0.003025165774192868,0.002950071556396526,0.006144202829401506,3.8e-45,True,3.8e-45,15,50353277
1:158582838:G:C,LYM,-0.00172472,0.45,472174,0.0022,0.243,718678.0,0.029828,1.24e-44,524917,0.002818,0.3197,425740.0,0.004155,0.1326,425743.0,0.011060948,0.03035,318397.62,matched,1,1923,True,0.2773359840954274,0.0022831422990214614,0.00188433428368973,0.002128101688798816,0.0028319485776047387,0.002762765905350878,0.005107821303974229,1.24e-44,True,1.24e-44,1,158582838
3:39307162:G:A,LYM,-0.00691836,0.0096,472174,0.0013,0.5547,706948.0,0.034802,3.04e-44,523523,0.003608,0.2776,425740.0,0.004227,0.1922,425743.0,0.016231013,0.06604,318397.62,matched,1,1927,False,0.17196819085487078,0.0026712704929931813,0.0022006595019159456,0.0024943297550683893,0.0033231204207979878,0.003241319576196057,0.008830070836511055,3.04e-44,True,3.04e-44,3,39307162
6:108053364:G:A,LYM,-0.00367081,0.18,472174,0.0002,0.9324,718305.0,0.037387,6.06e-44,480503,0.001404,0.6964,425740.0,-0.00427,0.2235,425743.0,-0.0009995003,0.8934,318397.62,matched,1,1932,False,0.14612326043737575,0.0027378677743216634,0.002357777349309185,0.0026890996536301755,0.003598296202751278,0.003507838132542673,0.007458776243633595,6.06e-44,True,6.06e-44,6,108053364
14:73422259:C:G,LTL,0.0455859,5.2e-43,472174,0.0036,0.2108,715147.0,0.006359,0.041809,524461,0.02162,1.036e-07,425740.0,-0.001335,0.7362,425743.0,0.010555514,0.3278,318397.62,matched,1,1183,True,0.11232604373757456,0.0033157010991341513,0.0028768500189307305,0.0031241765722669714,0.004063685609915386,0.003962720547510636,0.01078683989585386,5.2e-43,True,5.2e-43,14,73422259
3:18755348:T:A,LYM,-0.00413533,0.12,472174,0.0012,0.5942,718693.0,0.034066,5.96e-43,524920,0.008009,0.01648,425740.0,0.001325,0.6842,425743.0,0.009646377,0.2774,318397.62,matched,1,1930,True,0.16699801192842942,0.00265976346290617,0.002252423024232345,0.002479579241344527,0.003339715976107942,0.0032576206380923074,0.008881023192025382,5.96e-43,True,5.96e-43,3,18755348
4:83545976:C:T,LYM,0.00126554,0.62,472174,-0.0022,0.3637,484680.0,-0.024096,7.19e-43,524916,0.002244,0.4912,425740.0,0.002158,0.4971,425743.0,0.0014009809,0.8748,318397.62,matched,1,1914,False,0.20974155069582506,0.0025522620015696147,0.002422007563260288,0.0017556246594156721,0.0032597257648785496,0.0031779235615027614,0.00889147706077632,7.19e-43,True,7.19e-43,4,83545976
9:28414339:A:G,BMI,-0.00200531,0.35,472174,0.0237,2.582e-42,806741.0,-0.000255,0.899706,523522,0.01199,8.715e-06,425740.0,-0.001752,0.5051,425743.0,0.02265469,1.685e-05,318397.62,matched,1,1602,False,0.30218687872763417,0.002145659081645027,0.0017385491202258335,0.002023283620216398,0.0026963076201507296,0.002628709237605373,0.005264858033066298,2.582e-42,True,2.582e-42,9,28414339
17:4616387:C:A,LYM,0.00265739,0.25,472174,0.0056,0.01203,484680.0,0.029843,2.62e-42,523844,-0.007524,0.009784,425740.0,0.007649,0.007086,425743.0,-0.003992021,0.6425,318397.62,matched,1,1934,False,0.24552683896620278,0.002310072092298945,0.0022299535242046686,0.0021893493376147657,0.0029124734709421777,0.0028405637483650864,0.008599671362935277,2.62e-42,True,2.62e-42,17,4616387
1:150663507:C:A,LYM,-0.00148804,0.46,472174,0.0029,0.1208,484680.0,-0.025628,3.37e-42,524918,0.01699,2.739e-11,425740.0,-0.004364,0.07945,425743.0,0.016129382,0.0009154,318397.62,matched,1,1938,False,0.4731610337972167,0.002014003310213723,0.001869249903123104,0.001882666427420972,0.002551065936977034,0.0024881887285658267,0.00486511337433574,3.37e-42,True,3.37e-42,1,150663507
5:157968901:G:A,LYM,-0.00589545,0.011,472174,0.0088,6.549e-06,718650.0,-0.02956,4.54e-42,524922,-0.003194,0.2794,425740.0,0.003187,0.2686,425743.0,-0.014888613,0.003953,318397.62,matched,1,1942,False,0.26043737574552683,0.0023185797527500154,0.0019521531609967243,0.002174998421149787,0.0029528464260496733,0.002880793659612214,0.005166270206817547,4.54e-42,True,4.54e-42,5,157968901
14:75981856:T:C,LYM,-0.00270465,0.18,472174,0.0031,0.07614,717990.0,0.026141,9.2e-42,523523,0.0007784,0.7772,425740.0,-0.001081,0.687,425743.0,0.008838949,0.2253,318397.62,matched,1,1947,False,0.6023856858846919,0.0020172588817778873,0.0017479209429735816,0.0019307887407849188,0.002750823746373028,0.0026828506627751937,0.007289524147444304,9.2e-42,True,9.2e-42,14,75981856
6:90976768:G:A,LYM,-0.00480305,0.071,472174,0.0,0.9867,484680.0,-0.033322,4.24e-41,524918,-0.0005843,0.8608,425740.0,-0.002567,0.4295,425743.0,0.0014009809,0.8735,318397.62,matched,1,1936,False,0.17992047713717693,0.0026602658377814126,0.0026441687703182798,0.0024818428631221624,0.0033320808772374154,0.0032491715263891605,0.008799338236540142,4.24e-41,True,4.24e-41,6,90976768
9:139927062:A:G,LYM,-0.0015879,0.48,472174,-0.0039,0.06442,484680.0,0.029356,1.16e-40,480501,-0.00892,0.003541,425740.0,-0.009868,0.0009401,425743.0,-0.012916225,0.1214,318397.62,matched,1,1952,False,0.7276341948310139,0.002248186660423478,0.0021089494870925474,0.0021986950123342457,0.0030585688540572726,0.0029831927755280675,0.008338837359929446,1.16e-40,True,1.16e-40,9,139927062
10:6094697:C:T,LYM,-0.00532622,0.12,472174,-0.0029,0.367,484680.0,-0.042482,1.83e-40,523980,0.002761,0.5179,425740.0,0.0032,0.4424,425743.0,-0.0009995003,0.9617,318397.62,matched,1,1929,False,0.06958250497017893,0.0034257206441565967,0.0032146960547729283,0.0031899245780076455,0.004270121096768195,0.00416587060104226,0.020814085357629797,1.83e-40,True,1.83e-40,10,6094697
14:103350813:T:C,LYM,-0.00135897,0.57,472174,0.0167,4.95e-14,484680.0,0.030407,1.99e-40,524912,0.002978,0.3291,425740.0,0.008058,0.006783,425743.0,0.0091416575,0.2602,318397.62,matched,1,1944,False,0.23658051689860835,0.0023923359131587728,0.00221684432883722,0.002284300517683587,0.0030514536977758076,0.0029763813909228064,0.008119288523698143,1.99e-40,True,1.99e-40,14,103350813
5:118669304:C:T,LYM,0.00073931,0.75,472174,0.0004,0.8672,484680.0,-0.028131,7.82e-40,523979,-0.004261,0.1316,425740.0,-0.001949,0.4794,425743.0,-0.014888613,0.03933,318397.62,matched,1,1954,False,0.268389662027833,0.002320209250990901,0.002392113850926975,0.002129738472037556,0.0028259297232315797,0.002755674273747146,0.007224965609321851,7.82e-40,True,7.82e-40,5,118669304
1:78450517:C:A,BMI,0.0166685,1.3e-07,472174,0.0391,3.403e-39,484680.0,0.01622,3.8e-08,523983,0.01111,0.007534,425740.0,-0.003951,0.3297,425743.0,0.034384426,0.0001223,318397.62,matched,1,1615,False,0.09145129224652088,0.003157603004265705,0.00298530342804297,0.002949142861929569,0.004157514010639782,0.004053478727770242,0.008950852577634288,3.403e-39,True,3.403e-39,1,78450517
1:110082886:C:T,BMI,-0.010006,0.12,472174,0.0657,9.108e-39,785233.0,0.024686,3.16e-05,524460,0.01611,0.0315,425740.0,-0.01422,0.0517,425743.0,-0.003992021,0.8337,318397.62,matched,1,1701,False,0.02982107355864811,0.006435663709991496,0.0050450955876342966,0.005931826817981349,0.007490589471496096,0.007308711625238001,0.019013373876878733,9.108e-39,True,9.108e-39,1,110082886
12:12888438:T:A,LYM,-0.0080427,7.1e-05,472174,0.0031,0.07121,717844.0,0.025001,1.02e-38,523843,-0.0244,8.666e-19,425740.0,-0.01625,1.484e-09,425743.0,-0.022739487,3.09e-06,318397.62,matched,1,1050,True,0.41451292246520877,0.0020243853518000037,0.0017182740750702715,0.0019210996893752775,0.0027567191571033793,0.0026876858608867603,0.004874754582878845,1.02e-38,True,1.02e-38,12,12888438
3:28287735:C:T,LYM,0.00018739,0.94,472174,-0.0039,0.1176,484680.0,0.028848,2.22e-38,524901,0.006134,0.08189,425740.0,0.01282,0.0001926,425743.0,0.0064205676,0.4952,318397.62,matched,1,1931,False,0.17693836978131214,0.0024895754392570287,0.002492128842438114,0.002226896245928075,0.0035256448164633263,0.0034383524001308898,0.00941347173368567,2.22e-38,True,2.22e-38,3,28287735
6:410417:A:G,LYM,-0.0024486,0.23,472174,0.0058,0.002067,484680.0,0.024519,3.97e-38,521152,-0.002128,0.4023,425740.0,0.002218,0.3707,425743.0,-0.002995509,0.6935,318397.62,matched,1,1976,False,0.47514910536779326,0.0020398899742505596,0.001882852312142469,0.0018992739903874302,0.0025408330112326695,0.0024777612385229607,0.007600697184138312,3.97e-38,True,3.97e-38,6,410417
1:201860626:A:G,BMI,0.00491246,0.021,472174,-0.0232,4.933e-38,718671.0,0.001768,0.37557,523518,0.003944,0.1383,425740.0,-0.01798,4.209e-12,425743.0,-0.01192857,0.01225,318397.62,matched,1,1637,False,0.6988071570576541,0.0021284631908605133,0.001799435106511479,0.001995286694734201,0.00266099661088723,0.0025945240670245916,0.004762171049837026,4.933e-38,True,4.933e-38,1,201860626
14:35871093:C:T,LYM,-0.00134338,0.52,472174,-0.0014,0.4206,783284.0,0.025359,4.94e-38,523983,0.02492,3.633e-22,425740.0,0.005038,0.0448,425743.0,0.011465478,0.01388,318397.62,matched,1,1950,False,0.39065606361829025,0.0020881162572064125,0.0017383082596140965,0.001966907837660822,0.002574125741240451,0.002510805385419969,0.004660092654363358,4.94e-38,True,4.94e-38,14,35871093
7:6502367:T:C,LYM,-0.0001913,0.93,472174,-0.0015,0.4235,704403.0,0.027579,6.05e-38,522904,-0.006889,0.01478,425740.0,-0.006975,0.0114,425743.0,-0.012916225,0.09621,318397.62,matched,1,1948,False,0.24652087475149106,0.0021777033754306722,0.0018741475361864419,0.0021416943032471205,0.00282599517930961,0.002756707373123657,0.007764431730561492,6.05e-38,True,6.05e-38,7,6502367
4:25408838:G:A,BMI,0.00443263,0.066,472174,-0.0293,8.504e-38,484680.0,-0.007089,0.001641,523521,-0.01146,0.0001525,425740.0,-0.009173,0.001892,425743.0,-0.024692612,1.305e-05,318397.62,matched,1,1620,False,0.21669980119284293,0.0024111036395727476,0.0022799999326210607,0.0022515346989143226,0.0030261718946254473,0.0029526681215158836,0.005664397995359737,8.504e-38,True,8.504e-38,4,25408838
13:54102206:G:A,BMI,-0.00081837,0.79,472174,0.0313,1.419e-37,797614.0,-0.001158,0.683976,523513,0.01179,0.001649,425740.0,0.006068,0.09675,425743.0,0.018571386,0.06238,318397.62,matched,1,1628,False,0.11133200795228629,0.0030729905584829928,0.0024431723625378443,0.0028449044085060806,0.003746309172739446,0.0036536212338565883,0.009965408389660195,1.419e-37,True,1.419e-37,13,54102206
1:198663661:G:A,LYM,0.00362212,0.41,472174,-0.0111,0.004709,700606.0,-0.054095,8.95e-37,523521,-0.003536,0.5191,425740.0,-0.004463,0.4042,425743.0,-0.003992021,0.7938,318397.62,matched,1,1959,False,0.03777335984095427,0.004396344220444555,0.003927404374808109,0.004270370385781776,0.005484437865332912,0.0053503969204984035,0.015272902761253171,8.95e-37,True,8.95e-37,1,198663661
8:129004975:G:A,LYM,0.00073467,0.73,472174,-0.0033,0.06283,718691.0,-0.024909,4.14e-36,524920,0.003053,0.2459,425740.0,-0.0006792,0.7913,425743.0,0.0055151805,0.4296,318397.62,matched,1,1949,False,0.3866799204771372,0.002128703712153082,0.0017738191330894618,0.001985290081142254,0.002631067388407658,0.002566671576790183,0.006982334243362067,4.14e-36,True,4.14e-36,8,129004975
3:141125705:C:G,LYM,-0.00810205,6e-05,472174,0.0043,0.007696,804674.0,0.023759,6.5e-36,524920,0.004905,0.05131,425740.0,0.01334,5.527e-08,425743.0,0.0,0.9927,318397.62,matched,1,1977,True,0.4274353876739563,0.0020190460954580096,0.001613433531055224,0.0018990487011081453,0.002516832806163914,0.002455155040204095,0.002533101587053517,6.5e-36,True,6.5e-36,3,141125705
2:27730940:T:C,LYM,-0.00595534,0.0038,472174,0.0107,1.16e-10,799274.0,-0.02397,1.44e-35,523520,-0.01086,1.87e-05,425740.0,-0.003226,0.1927,425743.0,-0.0069756135,0.2733,318397.62,matched,1,1961,False,0.5894632206759444,0.00205760690336641,0.0016603365333045256,0.0019256626621620024,0.0025374584779113193,0.0024765220727208607,0.006367547001023245,1.44e-35,True,1.44e-35,2,27730940
19:44260929:C:T,LYM,0.00115418,0.67,472174,0.0039,0.1382,484680.0,0.031603,5.81e-34,523981,-0.002294,0.5075,425740.0,0.01009,0.002797,425743.0,0.01755316,0.05645,318397.62,matched,1,1969,False,0.16600397614314116,0.002708401726073263,0.002630642655768564,0.0026012926379018176,0.0034614113254830964,0.003375474008106622,0.009201961931645472,5.81e-34,True,5.81e-34,19,44260929
6:42025545:A:C,LYM,-0.00186154,0.54,472174,0.0035,0.2201,484680.0,0.034571,8.96e-34,524918,-0.00393,0.3233,425740.0,0.005825,0.1333,425743.0,-0.00796817,0.4506,318397.62,matched,1,1953,False,0.09343936381709742,0.0030376966991378478,0.002854201849706633,0.0028539258706796636,0.003978944308391426,0.003880190764196206,0.01056204981957021,8.96e-34,True,8.96e-34,6,42025545
16:74655652:C:T,LTL,0.0344367,2.3e-33,472174,0.0098,0.0003253,484680.0,-0.008856,0.001012,524878,0.001257,0.7289,425740.0,-0.002525,0.4753,425743.0,0.0009004052,0.9233,318397.62,matched,1,1285,False,0.1441351888667992,0.002861155900929395,0.002726560565098848,0.0026941113749246546,0.003626772529512013,0.0035369979209228276,0.009352165095288426,2.3e-33,True,2.3e-33,16,74655652
11:100463238:C:G,LYM,-0.00376998,0.26,472174,0.0038,0.2392,484680.0,-0.038177,2.37e-33,524919,-0.00135,0.7445,425740.0,-0.01663,3.87e-05,425743.0,-0.008959741,0.4088,318397.62,matched,1,1957,True,0.1073558648111332,0.0033469546259806667,0.003228578036881152,0.0031725690605917843,0.004142374697944506,0.004041207279756225,0.010847049343290473,2.37e-33,True,2.37e-33,11,100463238
13:41522338:A:C,LYM,0.00258635,0.37,472174,-0.0095,0.0004552,484680.0,-0.032336,6.33e-33,524921,-0.01114,0.003747,425740.0,0.005619,0.1338,425743.0,0.016332654,0.1097,318397.62,matched,1,1951,False,0.13021868787276342,0.0028850271562496435,0.0027097784050261397,0.002705464470222598,0.0038430873918966235,0.0037477892207544044,0.010210825156204712,6.33e-33,True,6.33e-33,13,41522338
19:51728477:C:T,LYM,0.00306677,0.16,472174,-0.004,0.05282,484680.0,-0.024063,7.76e-33,524918,0.007029,0.009034,425740.0,0.002986,0.2555,425743.0,-0.008959741,0.2086,318397.62,matched,1,1967,False,0.3101391650099404,0.002182643280691114,0.00206569998190144,0.0020161421736860276,0.002692314520602766,0.0026259977918707297,0.007125470947838466,7.76e-33,True,7.76e-33,19,51728477
8:41630447:G:A,LYM,0.00596818,0.012,472174,-0.0031,0.1634,484680.0,0.026819,2.47e-32,524917,-0.009524,0.001453,425740.0,0.01164,6.579e-05,425743.0,0.015113638,0.05822,318397.62,matched,1,1955,False,0.2415506958250497,0.002375731335833187,0.00222425163667314,0.0022654164298310238,0.0029912902440766146,0.002916548357043759,0.00797958648886389,2.47e-32,True,2.47e-32,8,41630447
12:123862813:T:C,LYM,0.0177792,3.8e-16,472174,0.0019,0.3462,484680.0,-0.024771,2.48e-32,524906,0.003935,0.1532,425740.0,0.005237,0.05132,425743.0,0.004008021,0.5819,318397.62,matched,1,1974,False,0.6719681908548708,0.002182897436129022,0.002017015919318472,0.0020924805905748246,0.0027549863939304847,0.0026873026661043344,0.007279217283737972,2.48e-32,True,2.48e-32,12,123862813
17:57926911:T:C,LYM,0.00642937,0.0014,472174,0.006,0.001762,484680.0,-0.022471,3.79e-32,524921,0.01827,5.974e-13,425740.0,0.0017,0.492,425743.0,0.010757657,0.04761,318397.62,matched,1,1965,False,0.4383697813121272,0.0020125421812270316,0.001918363111223634,0.0019039227762952028,0.0025371214555875055,0.0024740541329855347,0.005430875177845174,3.79e-32,True,3.79e-32,17,57926911
3:185824644:C:T,BMI,0.00498115,0.047,472174,0.0239,4.578e-32,793664.0,0.003455,0.149901,524923,0.003073,0.3512,425740.0,-0.001969,0.5401,425743.0,0.01694272,0.0117,318397.62,matched,1,1593,False,0.8061630218687873,0.0025077528510767996,0.0020277312809701574,0.0023995034390286237,0.0032962758550645573,0.0032138450096578716,0.006720459490090392,4.578e-32,True,4.578e-32,3,185824644
2:103049910:A:G,LYM,-0.00282919,0.24,472174,-0.0041,0.04305,717759.0,0.026546,5.04e-32,523984,0.002668,0.3685,425740.0,0.00349,0.2277,425743.0,0.007427516,0.3476,318397.62,matched,1,1983,False,0.7793240556660039,0.002407848342724915,0.002026468078969716,0.0022537733294274082,0.002966795982341295,0.002893132890869159,0.007907882859977226,5.04e-32,True,5.04e-32,2,103049910
5:131722951:C:T,LYM,0.00533552,0.0094,472174,0.0039,0.04362,484680.0,0.022864,7.24e-32,521438,0.0007084,0.7824,425740.0,0.01737,3.85e-12,425743.0,0.01816397,0.0006338,318397.62,matched,1,1964,False,0.4463220675944334,0.0020543724899264463,0.0019328707706630956,0.0019462210182689694,0.0025648751284558235,0.0025019513553197793,0.00531619804201176,7.24e-32,True,7.24e-32,5,131722951
7:3157702:A:G,LYM,-0.00021838,0.91,472174,-0.0033,0.0559,715875.0,-0.022276,3.36e-31,523522,-0.005286,0.05025,425740.0,-0.007418,0.004852,425743.0,-0.0099503305,0.1821,318397.62,matched,1,2008,False,0.46123260437375746,0.0019319074605418636,0.0017261089490473842,0.0019174596925231693,0.0026999284051644466,0.0026335793946379708,0.007457246487414914,3.36e-31,True,3.36e-31,7,3157702
16:57075180:A:G,LYM,0.00177321,0.38,472174,-0.0001,0.9408,484680.0,0.022219,4.32e-31,523516,0.003202,0.2079,425740.0,0.0003856,0.8764,425743.0,0.0097473515,0.1492,318397.62,matched,1,1973,False,0.5357852882703777,0.0020198399400882835,0.0013465401206477973,0.0019160985514160129,0.002542559453185687,0.0024791935726583936,0.006757904629498848,4.32e-31,True,4.32e-31,16,57075180
17:74419177:A:G,LYM,-0.00172712,0.47,472174,-0.0017,0.4499,484680.0,0.02652,1.05e-30,524920,-0.005236,0.08864,425740.0,-0.01062,0.0003989,425743.0,-0.0049875416,0.5425,318397.62,matched,1,1990,False,0.19582504970178927,0.0023905468198570957,0.002249921990805734,0.0023021472461493405,0.0030752681509338456,0.0029993133116425633,0.008189227679576047,1.05e-30,True,1.05e-30,17,74419177
1:203649878:C:T,LYM,0.00914794,0.006,472174,-0.002,0.5134,484680.0,-0.036424,2.3e-30,524919,-0.005208,0.2162,425740.0,-0.008999,0.02845,425743.0,0.0008003202,0.9398,318397.62,matched,1,1956,False,0.8976143141153081,0.0033292095391782876,0.0030601967908587416,0.0031806026517596587,0.004211221193516754,0.004107210526426205,0.010597286499791574,2.3e-30,True,2.3e-30,1,203649878
3:123105643:C:T,LYM,0.00155333,0.52,472174,0.0077,0.000733,484680.0,-0.025873,4.03e-30,523976,0.01185,0.000102,425740.0,-0.01214,4.458e-05,425743.0,0.007125325,0.3808,318397.62,matched,1,1978,False,0.24552683896620278,0.0024144572837219826,0.0022801783137492175,0.0022689233331021144,0.003049577321541892,0.002973767538078914,0.0081300048214683,4.03e-30,True,4.03e-30,3,123105643
7:22740513:C:G,LYM,0.0016283,0.51,472174,-0.0027,0.2535,484680.0,-0.026515,6.95e-30,524919,-0.0008043,0.7993,425740.0,0.007072,0.02194,425743.0,-0.0019980026,0.7891,318397.62,matched,1,2010,True,0.18986083499005965,0.0024714736542130493,0.002364502225065787,0.0023349556035061753,0.00316338277251647,0.0030863160220516075,0.007469741191312636,6.95e-30,True,6.95e-30,7,22740513
3:71426419:G:A,LYM,-0.00390179,0.078,472174,-0.0027,0.1465,718368.0,-0.023656,7.58e-30,524920,-0.001683,0.564,425740.0,-0.00207,0.4668,425743.0,0.0044097085,0.5701,318397.62,matched,1,1980,False,0.2992047713717694,0.0022138942360541373,0.001859496738850107,0.002084579783595176,0.002917264216635435,0.0028445963647055,0.007764880542040648,7.58e-30,True,7.58e-30,3,71426419
2:227291731:C:G,LYM,-0.00403123,0.12,472174,0.0035,0.108,718610.0,0.026968,2.86e-29,523980,0.006262,0.05732,425740.0,0.01215,0.0001553,425743.0,0.016027762,0.06658,318397.62,matched,1,1966,True,0.1878727634194831,0.00259280837673686,0.0021776354584991976,0.002401131230211783,0.003294293706118496,0.0032122142171057914,0.008736861991303245,2.86e-29,True,2.86e-29,2,227291731
6:40362751:G:A,BMI,-0.00177907,0.38,472174,-0.0214,6.08e-29,484680.0,0.001322,0.486633,523919,-0.005023,0.05871,425740.0,0.0007125,0.7834,425743.0,-0.022739487,1.971e-05,318397.62,matched,1,1646,False,0.5685884691848907,0.0020265149881925223,0.0019167816685603726,0.001900315326633152,0.0026571676264254126,0.0025919366630603995,0.005327713951572456,6.08e-29,True,6.08e-29,6,40362751
11:202253:G:A,LTL,0.0241795,6.6e-29,472174,-0.0021,0.3044,484680.0,-0.007318,1.5e-05,522093,0.006422,0.02285,425740.0,0.000327,0.9054,425743.0,-0.01192857,0.1152,318397.62,matched,1,947,False,0.6848906560636183,0.002167155444144232,0.0020447041250316487,0.0016905813871341145,0.0028216995214070065,0.002751536897641941,0.0075725192949440195,6.6e-29,True,6.6e-29,11,202253
6:6901856:T:C,LYM,0.00384759,0.065,472174,-0.0041,0.04116,484680.0,0.021957,8.8e-29,524907,0.007496,0.0055,425740.0,-0.006489,0.01374,425743.0,0.011263193,0.1163,318397.62,matched,1,1971,False,0.3558648111332008,0.002085122924030368,0.002007919397678937,0.0019724853969560843,0.0027001030529105736,0.0026335335692159235,0.0071717471888328305,8.8e-29,True,8.8e-29,6,6901856
11:8639200:T:C,BMI,-0.00356872,0.086,472174,0.0186,2.567e-28,806131.0,-0.000502,0.740676,523521,0.004167,0.1089,425740.0,-0.003517,0.1654,425743.0,0.0091416575,0.1838,318397.62,matched,1,1612,False,0.6232604373757455,0.002078600420580767,0.001685420793926858,0.00151680750191622,0.0025992463895831573,0.0025354381511030867,0.006877846025586777,2.567e-28,True,2.567e-28,11,8639200
17:76183233:C:T,LTL,-0.100574,3.4e-28,472174,0.0096,0.2732,484680.0,0.00817,0.355555,481435,-0.01583,0.1964,425740.0,0.002409,0.8403,425743.0,-0.008959741,0.7718,318397.62,matched,1,1394,False,0.011928429423459244,0.009134347357113538,0.008761338144252189,0.008843253825022395,0.012253495539053845,0.011954756045846587,0.030893397556289483,3.4e-28,True,3.4e-28,17,76183233
2:113953657:A:C,LYM,-0.00291469,0.15,472174,-0.0096,4.958e-07,484680.0,0.020898,4.14e-28,523977,-0.01161,1.118e-05,425740.0,-0.007782,0.002538,425743.0,-0.01192857,0.08831,318397.62,matched,1,1997,False,0.4691848906560636,0.002024749065124545,0.001909334048404555,0.0019010669089821232,0.002642844242616375,0.002577867925587551,0.006998771154787312,4.14e-28,True,4.14e-28,2,113953657
8:142217115:G:A,LYM,0.00184495,0.37,472174,-0.0013,0.4976,484680.0,-0.022001,8.5e-28,481435,0.00792,0.002336,425740.0,-0.009738,0.0001246,425743.0,0.011667805,0.09262,318397.62,matched,1,1991,False,0.6133200795228628,0.002058008719594324,0.0019166385638763924,0.0020133288731948957,0.002601999205926457,0.002537990075931854,0.006937951871922727,8.5e-28,True,8.5e-28,8,142217115
18:21140432:T:C,BMI,-0.0001603,0.94,472174,-0.0179,1.108e-27,806774.0,0.004182,0.029568,523522,-0.003668,0.1485,425740.0,-0.007533,0.002352,425743.0,-0.025667747,1.576e-07,318397.62,matched,1,1611,False,0.3836978131212724,0.0021296704355243164,0.0016416614324141208,0.0019220254586178635,0.002538671689288076,0.002476527433001426,0.00489520034064139,1.108e-27,True,1.108e-27,18,21140432
13:42989660:T:C,LYM,0.00200864,0.32,472174,-0.0029,0.08524,718302.0,-0.02067,1.35e-27,524921,-0.0008509,0.7428,425740.0,0.00524,0.03832,425743.0,-0.00796817,0.2468,318397.62,matched,1,1994,False,0.5407554671968191,0.0020198341567938816,0.0016850084176354542,0.001898838053643619,0.002593039767878768,0.0025296713496484806,0.006880043434560503,1.35e-27,True,1.35e-27,13,42989660
1:206669465:C:T,LYM,0.0011583,0.63,472174,0.0036,0.07969,718546.0,-0.024901,1.67e-27,523978,-0.006292,0.03629,425740.0,-0.004495,0.1252,425743.0,-0.014888613,0.05894,318397.62,matched,1,1999,False,0.23260437375745527,0.0024044746540461785,0.002054222807277135,0.002291599992662419,0.0030052590242744034,0.002931570294741586,0.007883243021071008,1.67e-27,True,1.67e-27,1,206669465
10:26734518:C:A,LYM,-0.00462142,0.025,472174,-0.0048,0.01295,484680.0,0.020968,2.27e-27,522901,0.001471,0.5795,425740.0,0.001547,0.5502,425743.0,0.0,0.9446,318397.62,matched,1,1998,False,0.3966202783300199,0.0020618427661762626,0.001931479664796541,0.0019346464212491336,0.002654682578582389,0.002589292699055708,0.002561635204571549,2.27e-27,True,2.27e-27,10,26734518
9:82187095:G:A,LYM,-0.00407564,0.054,472174,0.005,0.01226,484680.0,0.021641,2.79e-27,524903,0.0005629,0.8378,425740.0,-0.002228,0.4059,425743.0,0.0013008458,0.8609,318397.62,matched,1,1985,False,0.3538767395626243,0.0021151975505095295,0.0019963498831688953,0.0020002279411895285,0.002749765768451702,0.0026806866319150227,0.007423706418221765,2.79e-27,True,2.79e-27,9,82187095
11:128328913:G:A,LYM,-0.00205557,0.35,472174,0.0011,0.536,718585.0,-0.022287,3.03e-27,522274,0.0008353,0.761,425740.0,-2.332e-06,0.9993,425743.0,0.01308524,0.07246,318397.62,matched,1,1979,False,0.3240556660039761,0.00219943671475087,0.001777424330885143,0.0020613778283756112,0.002746180894398688,0.002315506308001851,0.007284887876565721,3.03e-27,True,3.03e-27,11,128328913
16:69402831:A:G,LTL,0.023816,3.3e-27,472174,0.0022,0.2902,484680.0,0.004578,0.028766,524922,0.009174,0.001918,425740.0,-0.01147,6.993e-05,425743.0,-0.0049875416,0.4918,318397.62,matched,1,1276,False,0.24652087475149106,0.002204395562838223,0.002080018355223591,0.002093586202289454,0.0029568326359916855,0.00288442884979531,0.007255147034436786,3.3e-27,True,3.3e-27,16,69402831
3:136561899:C:G,LYM,0.00556345,0.0096,472174,0.0123,1.9e-09,484680.0,0.021951,3.65e-27,523839,-0.004627,0.08681,425740.0,-0.009818,0.0001951,425743.0,0.02572815,1.229e-06,318397.62,matched,1,1988,True,0.6540755467196819,0.002148121783810457,0.0020479065956229806,0.0020335144531600994,0.0027019443842249066,0.0026355079260091596,0.005303784570336507,3.65e-27,True,3.65e-27,3,136561899
11:115044850:C:A,BMI,0.00184914,0.36,472174,-0.0177,4.051e-27,806352.0,-0.000764,0.690535,523518,-0.009108,0.0004212,425740.0,0.001328,0.5982,425743.0,-0.008959741,0.1816,318397.62,matched,1,1731,False,0.4294234592445328,0.0020201120018218713,0.0016411633398694737,0.0019189753652533808,0.0025827808722891353,0.0025199682468416153,0.006707172021945008,4.051e-27,True,4.051e-27,11,115044850
10:101271789:A:C,LTL,-0.0223309,4.1e-27,472174,-0.003,0.1306,484680.0,-0.011543,3.56e-09,524899,0.005818,0.02854,425740.0,-0.00294,0.2565,425743.0,0.008132983,0.251,318397.62,matched,1,920,False,0.38767395626242546,0.0020707577096884975,0.0019844681332867498,0.001955300771072139,0.0026568846309437985,0.00259098756277775,0.007084949907591846,4.1e-27,True,4.1e-27,10,101271789
9:123646060:T:C,LYM,-0.00147283,0.47,472174,0.0051,0.007444,484680.0,0.020579,7.29e-27,521429,-0.01134,8.579e-06,425740.0,0.007859,0.001561,425743.0,-0.016857117,0.004116,318397.62,matched,1,1962,False,0.5685884691848907,0.0020385781374138027,0.0019056160274696877,0.0019177367902540974,0.002548199568051292,0.0024845898060555367,0.005875336885174946,7.29e-27,True,7.29e-27,9,123646060
17:17698254:G:A,LYM,-0.00119773,0.57,472174,0.0049,0.01288,534940.0,-0.022104,9.4e-27,480501,0.007666,0.003628,425740.0,0.008653,0.000762,425743.0,-0.0009995003,0.8995,318397.62,matched,1,1970,False,0.5874751491053678,0.0021084884090654373,0.0019701897055406795,0.002064373587988757,0.002635436300219715,0.002570522742110519,0.007914138781629537,9.4e-27,True,9.4e-27,17,17698254
3:94033599:G:A,BMI,0.00180176,0.37,472174,-0.0201,2.087e-26,484680.0,0.007122,0.000179,522904,-0.006816,0.006931,425740.0,-0.002019,0.4121,425743.0,-0.017839918,0.0003769,318397.62,matched,1,1687,False,0.547713717693837,0.0020098310472458705,0.0018902961518925487,0.0019007475417156929,0.0025243121946507832,0.0024615836651087374,0.005017200245408251,2.087e-26,True,2.087e-26,3,94033599
10:126358073:G:T,LYM,0.00697107,0.0006,472174,0.0009,0.6051,718258.0,-0.021252,2.5e-26,479584,-0.0009057,0.7264,425740.0,5.115e-06,0.9984,425743.0,0.008738066,0.2066,318397.62,matched,1,1987,False,0.4433399602385686,0.0020314257897506194,0.001740541533444207,0.002001807253451863,0.002588318347060977,0.0025507354957948437,0.006918665324437525,2.5e-26,True,2.5e-26,10,126358073
7:150216171:T:G,LYM,0.00510091,0.031,472174,-0.0038,0.09377,484680.0,0.023665,2.66e-26,524921,-0.005803,0.04846,425740.0,-0.006792,0.01788,425743.0,-0.019802628,0.0009214,318397.62,matched,1,1982,False,0.22962226640159045,0.0023647371687603854,0.0022675227711837108,0.0022303142573479773,0.0029407409034109804,0.0028681295785834126,0.005976368979220838,2.66e-26,True,2.66e-26,7,150216171
16:88092092:T:C,LTL,0.0232506,3.4e-26,472174,-0.0003,0.8803,484680.0,0.003898,0.072653,481441,0.005863,0.03472,425740.0,0.0003026,0.911,425743.0,0.0043092715,0.556,318397.62,matched,1,1304,False,0.6500994035785288,0.002196010203774836,0.0019921784036958166,0.002171582428944585,0.0027765556979479325,0.002707169035697659,0.007318819940220308,3.4e-26,True,3.4e-26,16,88092092
15:42032383:C:G,LTL,0.0222664,4.4e-26,472174,-0.0059,0.0005072,806742.0,-0.000952,0.631729,524458,-0.008189,0.001639,425740.0,0.02014,2.013e-15,425743.0,0.009949331,0.0278,318397.62,matched,1,1207,True,0.3797216699801193,0.002107864288468543,0.001696901800310587,0.0019862519283500024,0.002600610908448028,0.002536350857195358,0.004522223396155423,4.4e-26,True,4.4e-26,15,42032383
15:70024746:T:C,LYM,0.00310873,0.35,472174,0.0102,0.0003565,718683.0,-0.032659,2.27e-25,524917,0.003895,0.3577,425740.0,0.001631,0.693,425743.0,0.007326775,0.5159,318397.62,matched,1,2026,False,0.07157057654075547,0.0033263060359158153,0.0028568600924471304,0.003137753520448296,0.004234816322242572,0.004131340437905324,0.011277541879258264,2.27e-25,True,2.27e-25,15,70024746
7:28172014:C:T,LYM,-0.00207273,0.4,472174,-0.0054,0.007353,717470.0,-0.024318,2.79e-25,524921,0.008424,0.005456,425740.0,-0.00179,0.5448,425743.0,0.022245608,8.048e-05,318397.62,matched,1,2013,False,0.22564612326043737,0.002462782445733563,0.0020146102053419383,0.002340802477610215,0.003031523708065006,0.002955890380246373,0.005641845972775193,2.79e-25,True,2.79e-25,7,28172014
8:21846586:G:C,LTL,-0.0209417,3.3e-25,472174,-0.0056,0.001201,718646.0,-0.002061,0.279828,524912,-0.006982,0.006931,425740.0,-0.004197,0.09611,425743.0,-0.00796817,0.03703,318397.62,matched,1,787,True,0.6013916500994035,0.0020189210350347354,0.001729119519747315,0.0019070870075965254,0.0025857904552599427,0.0025222171501543982,0.003820870491301492,3.3e-25,True,3.3e-25,8,21846586
2:232579379:G:A,LYM,0.00316852,0.19,472174,0.0094,3.533e-05,484680.0,-0.023998,3.67e-25,523975,-0.009452,0.001801,425740.0,-0.01126,0.0001378,425743.0,-0.01192857,0.1315,318397.62,matched,1,2000,False,0.2584493041749503,0.0024176487863889627,0.0022726872170293227,0.002315836690782213,0.00302829759514832,0.0029537648850574433,0.007909074743411768,3.67e-25,True,3.67e-25,2,232579379
17:35849342:A:C,LYM,-0.00279512,0.18,472174,0.0044,0.02849,484680.0,-0.020396,4e-25,524921,-0.00899,0.0006581,425740.0,6.759e-05,0.979,425743.0,-0.008959741,0.1818,318397.62,matched,1,2017,False,0.6620278330019881,0.0020847357867505995,0.0020086991999301333,0.0019698049794026006,0.0026390995162744817,0.00256775192277667,0.006710243801611686,4e-25,True,4e-25,17,35849342
1:49738938:G:A,BMI,0.00319116,0.14,472174,-0.0187,6.317e-25,718523.0,-0.003407,0.091818,524918,-0.008042,0.002993,425740.0,-0.008089,0.002205,425743.0,-0.012916225,0.08145,318397.62,matched,1,1690,False,0.6998011928429424,0.002162338663853547,0.0018136845972049937,0.0020208973372883078,0.002709152549685869,0.0026424843240856455,0.007413173516017928,6.317e-25,True,6.317e-25,1,49738938
20:62322290:G:A,LTL,-0.0818697,7.2e-25,472174,-0.0049,0.524,484680.0,-0.005608,0.468639,480978,-0.007082,0.5698,425740.0,0.006026,0.62,425743.0,-0.0049875416,0.8696,318397.62,matched,1,1545,False,0.009940357852882704,0.007950118710588228,0.007689993758645054,0.00773842505007487,0.012460717742535377,0.012152860297942776,0.03038097788430794,7.2e-25,True,7.2e-25,20,62322290
3:72891547:A:C,LTL,-0.0756311,1.9e-24,472174,0.0034,0.6337,484680.0,0.014434,0.039565,524923,-0.01298,0.2281,425740.0,-0.03867,0.0002308,425743.0,-0.022739487,0.4302,318397.62,matched,1,365,False,0.014910536779324055,0.007411806577525407,0.007134979240339495,0.007012713027858954,0.010769392317933694,0.010500521448111552,0.028826142713913788,1.9e-24,True,1.9e-24,3,72891547
12:1033183:C:A,BMI,-0.00813707,0.00094,472174,0.0239,1.976e-24,484680.0,0.008431,0.00029,523451,-0.002334,0.4886,425740.0,-0.002539,0.44,425743.0,0.01653597,0.02783,318397.62,matched,1,1691,False,0.1878727634194831,0.00245989357658656,0.002343061455298121,0.0023263881914531172,0.0033702158143385477,0.003288037182077072,0.007517462374727036,1.976e-24,True,1.976e-24,12,1033183
4:90221525:C:T,LYM,0.00118477,0.58,472174,0.0011,0.5361,706927.0,0.02081,2.03e-24,523842,-0.006053,0.02679,425740.0,-0.003111,0.2431,425743.0,0.0091416575,0.2061,318397.62,matched,1,2021,False,0.6222664015904572,0.0021409517793539415,0.0017778603483144082,0.0020406539887311125,0.0027332692978271744,0.0026651855086797143,0.007230251281404467,2.03e-24,True,2.03e-24,4,90221525
19:30296853:T:C,BMI,0.00499922,0.02,472174,0.0186,3.056e-24,718667.0,-0.000406,0.840157,523521,-0.0005003,0.8503,425740.0,0.02834,5.979e-28,425743.0,0.0060180724,0.3948,318397.62,matched,1,1689,False,0.28926441351888665,0.002148956334426635,0.0018310878574747354,0.0020129636697583334,0.002650797395359668,0.0025858704686760083,0.007072223937732681,3.056e-24,True,3.056e-24,19,30296853
1:156049877:C:T,BMI,-0.00208415,0.49,472174,0.0289,3.196e-24,484680.0,-0.000292,0.918354,523842,0.009521,0.009096,425740.0,0.006847,0.05445,425743.0,0.01816397,0.06151,318397.62,matched,1,1677,False,0.13021868787276342,0.0030191559599739098,0.0028463016060338237,0.002848576954851625,0.00365009566904873,0.003560139340291386,0.009714332210347244,3.196e-24,True,3.196e-24,1,156049877
20:39271481:C:G,LYM,-0.00339385,0.096,472174,0.0074,2.009e-05,718431.0,0.019613,3.31e-24,524920,-0.002079,0.4255,425740.0,0.0004996,0.8443,425743.0,-0.012916225,0.07009,318397.62,matched,1,2003,True,0.5377733598409543,0.0020388836487363355,0.0017355051696746992,0.0019322948832569257,0.002608807977399849,0.0025438362426673114,0.007130801639444554,3.31e-24,True,3.31e-24,20,39271481
1:28229681:C:T,LYM,-0.00346645,0.093,472174,-0.0022,0.27,484680.0,-0.019902,3.38e-24,524919,-0.009398,0.0004,425740.0,-0.004665,0.07162,425743.0,-0.0069756135,0.3273,318397.62,matched,1,2022,False,0.38469184890656066,0.0020636325260510414,0.00199444717585166,0.001961162142033356,0.0026547394166509504,0.0025894712511506817,0.007121120788346189,3.38e-24,True,3.38e-24,1,28229681
2:188242369:A:G,LYM,0.00196894,0.44,472174,-0.0021,0.3877,484680.0,-0.024312,3.72e-24,522903,-0.01505,1.724e-06,425740.0,0.01102,0.0003278,425743.0,-0.018821754,0.0006068,318397.62,matched,1,2011,False,0.1988071570576541,0.0025498022565099768,0.0024311297484413694,0.0023979394948830286,0.00314633237554796,0.0030676913919727056,0.005489701997239945,3.72e-24,True,3.72e-24,2,188242369
20:62377158:C:G,LTL,0.047429,5.4e-24,472174,0.007,0.1193,484680.0,-0.008507,0.062385,481442,0.001523,0.8108,425740.0,0.01527,0.01386,425743.0,-0.024692612,0.1507,318397.62,matched,1,1547,True,0.05467196819085487,0.004694903960382898,0.004493751683367309,0.0045649445645515145,0.006361894310342946,0.0062051188139131555,0.017182688828883123,5.4e-24,True,5.4e-24,20,62377158
17:8136816:A:G,LTL,-0.0224592,5.9e-24,472174,-0.0091,1.975e-05,484680.0,-0.002527,0.227402,524918,-0.01682,2.201e-09,425740.0,-0.01402,3.147e-07,425743.0,-0.023716526,7.055e-05,318397.62,matched,1,1327,False,0.28628230616302186,0.0022251054361265175,0.002132296829391811,0.002093484779812263,0.0028116594319049244,0.0027412667375010693,0.00596728741835977,5.9e-24,True,5.9e-24,17,8136816
12:48208368:T:C,LYM,-0.0006027,0.77,472174,-0.0026,0.1251,718653.0,-0.019487,6.04e-24,523519,-0.004753,0.06233,425740.0,-0.008983,0.0003044,425743.0,0.005213567,0.4434,318397.62,matched,1,2028,False,0.4671968190854871,0.002061394489670779,0.0016952311883683695,0.001931080312526151,0.0025499735118128886,0.0024873138987451366,0.00680209895754979,6.04e-24,True,6.04e-24,12,48208368
16:70352401:A:C,LTL,-0.0208778,7.4e-24,472174,0.0137,2.187e-12,484680.0,-0.009284,2.45e-06,522889,0.009471,0.0002783,425740.0,0.003365,0.1855,425743.0,0.014098925,0.006905,318397.62,matched,1,1282,False,0.3986083499005964,0.0020730012892680562,0.0019510085285352652,0.001970185292907065,0.0026057142657039695,0.0025415231872680214,0.005219134234272752,7.4e-24,True,7.4e-24,16,70352401
7:128576086:T:C,LTL,-0.0202729,8.2e-24,472174,0.0,0.9807,484680.0,-0.01154,1.79e-09,524912,-0.01291,2.878e-07,425740.0,-0.007872,0.001338,425743.0,-0.022739487,2.561e-06,318397.62,matched,1,753,False,0.4542743538767396,0.002014960194973457,0.002039910723661052,0.00191828172389601,0.0025159483528857315,0.0024540932045672066,0.004834884334447971,8.2e-24,True,8.2e-24,7,128576086
22:50971266:T:C,LTL,-0.0213475,9.2e-24,472174,0.0037,0.03218,803773.0,-0.001097,0.601926,478958,0.0004072,0.8779,425740.0,0.003704,0.1518,425743.0,0.0064205676,0.3599,318397.62,matched,1,1585,False,0.679920477137177,0.002124159390429098,0.0017272224867358737,0.002103011803033491,0.0026504915791920594,0.002584422105195694,0.007012755125630628,9.2e-24,True,9.2e-24,22,50971266
10:70976833:G:A,LYM,0.00163736,0.45,472174,0.0034,0.08877,484680.0,-0.020403,1.06e-23,524922,-0.008117,0.002958,425740.0,0.001987,0.4556,425743.0,0.009242581,0.2013,318397.62,matched,1,2034,False,0.658051689860835,0.002167497260265887,0.001997741433037951,0.002033003715814791,0.002731093873812755,0.002663140458738946,0.00723287819710495,1.06e-23,True,1.06e-23,10,70976833
9:38196117:G:C,LYM,-0.00117387,0.56,472174,0.0013,0.5042,484680.0,-0.019034,1.11e-23,524918,0.001714,0.5017,425740.0,0.001202,0.6291,425743.0,-0.01192857,0.0908,318397.62,matched,1,1996,True,0.46322067594433397,0.0020140466753919054,0.0019464109057046235,0.0018974534101737178,0.0025512887873469455,0.00248864377696066,0.007053347512158854,1.11e-23,True,1.11e-23,9,38196117
7:159086389:A:G,LTL,-0.0296511,1.5e-23,472174,-0.0027,0.2985,701248.0,0.0081,0.004368,522904,0.01563,0.0001713,425740.0,0.009332,0.0214,425743.0,0.009242581,0.4054,318397.62,matched,1,778,False,0.8648111332007953,0.0029646445850381475,0.002597014203981271,0.0028418205711926202,0.004159164582238129,0.004055888923136402,0.011108659815453985,1.5e-23,True,1.5e-23,7,159086389
10:114758349:C:T,BMI,-0.00022674,0.92,472174,-0.0178,1.665e-23,806810.0,0.000127,0.951164,523515,0.01654,1.449e-09,425740.0,-0.0333,9.079e-36,425743.0,0.027576767,7.111e-08,318397.62,matched,1,1636,False,0.31709741550695825,0.0022576082897785886,0.0017815621434122718,0.0020736347464519918,0.0027339115162416184,0.00266732219092305,0.0051178560567793265,1.665e-23,True,1.665e-23,10,114758349
12:101873240:A:C,LYM,-0.00460097,0.29,472174,-0.0084,0.03133,693239.0,0.040938,2.11e-23,523981,-0.004089,0.4755,425740.0,-0.003657,0.513,425743.0,0.0072260452,0.6372,318397.62,matched,1,2014,False,0.05467196819085487,0.004348243078207923,0.003901793769758326,0.004107054241632602,0.0057304312067087216,0.005590259645808678,0.015321841911642974,2.11e-23,True,2.11e-23,12,101873240
22:17450515:G:A,LTL,-0.0206145,2.6e-23,472174,-0.0002,0.8915,715470.0,-0.001587,0.41856,522903,0.001279,0.6317,425740.0,0.004539,0.08114,425743.0,-0.013902905,0.05397,318397.62,matched,1,1574,False,0.35685884691848907,0.0020724418748209335,0.001466206667004198,0.0019618701850352364,0.0026682774558684924,0.0026024742324757175,0.00721450310275702,2.6e-23,True,2.6e-23,22,17450515
8:73443198:G:T,BMI,0.00080403,0.71,472174,-0.0207,3.911e-23,484680.0,-0.00023,0.912474,523840,-0.006402,0.03168,425740.0,-0.000946,0.7448,425743.0,-0.014888613,0.00643,318397.62,matched,1,1740,False,0.6998011928429424,0.0021622074317233743,0.002089592655858047,0.002092459159456726,0.0029798571882196445,0.0029062663503599214,0.0054636958828703005,3.911e-23,True,3.911e-23,8,73443198
22:19969106:A:G,LYM,-0.00292048,0.16,472174,0.0065,0.0001455,787951.0,0.020413,5.44e-23,480037,0.01486,1.194e-08,425740.0,-0.006664,0.008772,425743.0,0.013591954,0.008815,318397.62,matched,1,1989,False,0.34592445328031807,0.0020785275871332983,0.0017111446799926054,0.0020675157733702943,0.0026067519805237607,0.002542721057019575,0.005189458611035838,5.44e-23,True,5.44e-23,22,19969106
20:49205095:G:A,LYM,0.00317635,0.11,472174,0.0028,0.09717,718059.0,-0.018888,6.58e-23,524912,-0.002438,0.3856,425740.0,-0.007539,0.00596,425743.0,-0.0019980026,0.7418,318397.62,matched,1,2030,False,0.5119284294234593,0.001987463167407537,0.0016880373721890652,0.0019167645493782582,0.0028099717802870247,0.002741480500408732,0.006064281609640121,6.58e-23,True,6.58e-23,20,49205095
21:46581798:T:C,BMI,-0.00458347,0.023,472174,0.0181,7.168e-23,569181.0,0.004124,0.030747,522901,0.002032,0.4396,425740.0,0.002439,0.3415,425743.0,0.017451394,0.001661,318397.62,matched,1,1753,False,0.5447316103379721,0.0020160992963220966,0.0018384028317644083,0.001908966101960629,0.0026291653405638485,0.0025641143386470914,0.005548973838443743,7.168e-23,True,7.168e-23,21,46581798
17:34942595:G:A,BMI,0.00434054,0.031,472174,-0.0161,7.603e-23,806781.0,-0.001196,0.530714,523523,-0.01054,7.504e-05,425740.0,0.001395,0.5913,425743.0,-0.018821754,0.0004869,318397.62,matched,1,1630,False,0.44532803180914515,0.0020122363010700453,0.0016362492392297879,0.001907750210243912,0.002661809311105589,0.0025979921892940105,0.005396359154971922,7.603e-23,True,7.603e-23,17,34942595
4:123681156:C:A,LYM,-0.00061746,0.77,472174,0.0041,0.0179,718505.0,0.019206,7.84e-23,524919,0.0006889,0.7983,425740.0,0.003426,0.1927,425743.0,0.007830579,0.2733,318397.62,matched,1,2025,False,0.5506958250497018,0.0021118776200300636,0.0017316527681216446,0.0019525261604618415,0.0026957770572738396,0.0026300572291201698,0.007147984880143603,7.84e-23,True,7.84e-23,4,123681156
2:219699999:G:A,LYM,0.00496597,0.34,472174,-0.0139,0.005172,484680.0,0.047272,1.36e-22,516732,0.03591,1.017e-06,425740.0,0.04132,8.044e-09,425743.0,0.062620364,2.841e-06,318397.62,matched,1,236,False,0.06262425447316103,0.005204517753738753,0.0049711722001794245,0.004833094614866962,0.007346081726222219,0.007164240747679064,0.013374725648749228,1.36e-22,True,1.36e-22,2,219699999
1:8504421:C:A,LYM,-0.00386183,0.058,472174,0.0076,8.405e-05,484680.0,-0.01875,1.77e-22,524923,0.02015,8.292e-15,425740.0,0.01248,8.271e-07,425743.0,0.02901695,1.875e-09,318397.62,matched,1,2035,False,0.525844930417495,0.0020371547339504427,0.0019325889861325763,0.0019222499401030904,0.002595633944009624,0.002532024672266943,0.0048294923658365055,1.77e-22,True,1.77e-22,1,8504421
8:101381034:C:G,LYM,-0.0036951,0.2,472174,0.0004,0.8808,484680.0,0.026844,2.5e-22,524909,-7.435e-05,0.9834,425740.0,-0.003692,0.2901,425743.0,-0.00796817,0.4306,318397.62,matched,1,2018,True,0.15705765407554673,0.002883301850152048,0.002667464234539341,0.0027619863133958853,0.003573399827098581,0.0034899253959891387,0.010109769610048773,2.5e-22,True,2.5e-22,8,101381034
19:45411941:T:C,LTL,0.0173498,3.8e-10,472174,-0.0257,2.599e-22,484680.0,-0.004245,0.105893,524913,-0.0139,0.0001145,425740.0,-0.01533,1.297e-05,425743.0,-0.014888613,0.02766,318397.62,matched,1,1476,False,0.1550695825049702,0.002770635479411794,0.002645356492984306,0.0026253426154887478,0.0036032650069432164,0.003515562700992986,0.006761173864805378,3.8e-10,True,2.599e-22,19,45411941
5:176673068:T:A,LYM,0.00261543,0.32,472174,-0.0077,0.001839,484680.0,0.024419,3.44e-22,524910,0.00306,0.3654,425740.0,0.0006811,0.8364,425743.0,0.023575736,0.0004577,318397.62,matched,1,2042,True,0.8369781312127237,0.002630005799298741,0.0024718529587662284,0.0025209219597933396,0.0033807543740527655,0.0032982976258583247,0.006727537097001054,3.44e-22,True,3.44e-22,5,176673068
14:65544367:C:A,LTL,-0.0202965,4.3e-22,472174,0.0042,0.02123,714110.0,0.010094,3.37e-07,524919,-0.01493,4.563e-08,425740.0,-0.005657,0.03364,425743.0,-0.012916225,0.04747,318397.62,matched,1,1177,False,0.3320079522862823,0.0021002801705805344,0.0018230203424699002,0.001978639828547033,0.002730656614504356,0.0026629188744156864,0.006516491893450884,4.3e-22,True,4.3e-22,14,65544367
4:57765731:G:C,LYM,-0.00843594,0.0011,472174,-0.0061,0.01283,484680.0,-0.02348,5.66e-22,524917,-0.01008,0.002392,425740.0,-0.01566,1.306e-06,425743.0,-0.015873348,0.02388,318397.62,matched,1,2005,True,0.18588469184890655,0.00258484424743249,0.002451321636559303,0.0024368149659578548,0.0033194156649664756,0.0032363137229722504,0.007026545207380305,5.66e-22,True,5.66e-22,4,57765731
8:130976074:G:A,LYM,-0.00254731,0.24,472174,0.0003,0.8827,717859.0,0.019864,8.88e-22,523980,0.003308,0.2359,425740.0,-0.0107,8.513e-05,425743.0,0.001801622,0.8083,318397.62,matched,1,2033,False,0.3220675944333996,0.002167947773711417,0.002033245445615764,0.0020715044760914176,0.00279086146593949,0.002723007083072198,0.007425702943484125,8.88e-22,True,8.88e-22,8,130976074
8:10647044:A:T,LYM,0.00239995,0.34,472174,-0.0091,0.0001211,484680.0,0.02245,1.25e-21,521983,-0.008728,0.007037,425740.0,-0.00286,0.3653,425743.0,-0.012916225,0.1292,318397.62,matched,1,2023,True,0.21371769383697814,0.002515235167164788,0.002367394317083682,0.0023498453551067597,0.0032384839883312006,0.0031591310829063245,0.008512838591541136,1.25e-21,True,1.25e-21,8,10647044
7:56046741:T:A,LYM,-0.00137774,0.52,472174,-0.0019,0.2986,664303.0,-0.019151,1.62e-21,523841,0.001782,0.5139,425740.0,0.001916,0.4718,425743.0,0.0014009809,0.8504,318397.62,matched,1,2084,True,0.3588469184890656,0.0021415245814315853,0.0018279067707949533,0.002010195927504435,0.002729875246737703,0.002662762688522021,0.00742800045585723,1.62e-21,True,1.62e-21,7,56046741
14:91957385:G:C,LTL,0.0190722,1.7e-21,472174,0.0044,0.02299,484680.0,-0.001163,0.53968,524895,0.001972,0.4394,425740.0,-0.0008234,0.7406,425743.0,0.003706862,0.5811,318397.62,matched,1,1184,True,0.47514910536779326,0.0020029772986081304,0.0019352561899578559,0.0018963080969193334,0.002550417287508741,0.002487170753966376,0.006718023318954565,1.7e-21,True,1.7e-21,14,91957385
7:116200092:T:C,LYM,-0.00928669,0.005,472174,0.0077,0.00452,800318.0,0.02939,2.15e-21,523521,0.004734,0.2737,425740.0,-0.004171,0.3228,425743.0,-0.019802628,0.04121,318397.62,matched,1,2019,False,0.09840954274353876,0.003308364190246026,0.0027118509159549855,0.003094500197384157,0.004324940410569594,0.004218584297186456,0.009700461485453412,2.15e-21,True,2.15e-21,7,116200092
7:103422542:T:A,BMI,-1.166e-05,1.0,472174,0.0184,2.16e-21,484680.0,0.000373,0.845368,524919,0.011,2.418e-05,425740.0,0.008485,0.0008358,425743.0,0.013591954,0.01319,318397.62,matched,1,1724,True,0.4095427435387674,0.0020926187763342296,0.001937451567429872,0.0019125079652725031,0.002605202548362808,0.0025399185073341777,0.005483727457548674,2.16e-21,True,2.16e-21,7,103422542
15:58770523:C:T,LYM,-0.00514493,0.17,472174,-0.0075,0.03805,484680.0,0.034112,2.79e-21,524922,0.0008469,0.864,425740.0,0.004365,0.3653,425743.0,-0.031498667,0.001088,318397.62,matched,1,2002,False,0.08648111332007952,0.003749392011784436,0.003615650199431287,0.003601991969639245,0.004944402880120566,0.004821540970939198,0.00964228218522617,2.79e-21,True,2.79e-21,15,58770523
6:108977663:T:C,BMI,-0.00228263,0.3,472174,0.0164,3.599e-21,806668.0,0.000425,0.843378,481442,-0.006544,0.01862,425740.0,-0.00281,0.3002,425743.0,0.01349059,0.01527,318397.62,matched,1,1607,False,0.6322067594433399,0.0022023894860381445,0.0017366105125309473,0.0021510874846193645,0.0027810683037896105,0.002712343188788787,0.005561039989837879,3.599e-21,True,3.599e-21,6,108977663
9:35693160:C:T,LYM,-0.00125897,0.58,472174,-0.0058,0.007227,484680.0,-0.019917,8.45e-21,524913,-3.812e-06,0.999,425740.0,0.01062,0.0001781,425743.0,0.011162065,0.1494,318397.62,matched,1,2015,False,0.26938369781312127,0.0022750357129681137,0.002159184664309509,0.0021292796577894704,0.0024427692253240914,0.0028333512734516376,0.007742540734755617,8.45e-21,True,8.45e-21,9,35693160
8:56687597:C:T,LTL,-0.0296127,9.4e-21,472174,0.0016,0.6059,484680.0,0.003376,0.264045,524921,-0.003368,0.3973,425740.0,-0.003545,0.361,425743.0,0.0043092715,0.6812,318397.62,matched,1,798,False,0.889662027833002,0.003169643429593013,0.00310116749707469,0.003022702077787984,0.003978956197521885,0.0038808432930765783,0.010489281800275443,9.4e-21,True,9.4e-21,8,56687597
7:14019242:A:G,LYM,-0.0002673,0.9,472174,0.0033,0.07935,706783.0,-0.019561,1.45e-20,524921,-0.01232,2.47e-05,425740.0,0.00262,0.3577,425743.0,0.00050012505,0.9537,318397.62,matched,1,2043,False,0.7157057654075547,0.0021271457507795032,0.001880909866705714,0.0021041011558452834,0.00292114549523228,0.0028485799138062997,0.008613779014630509,1.45e-20,True,1.45e-20,7,14019242
10:105768158:A:T,LTL,-0.0867148,1.6e-20,472174,0.0011,0.8946,484680.0,0.004891,0.611237,479091,0.01691,0.0006898,425740.0,0.01633,0.0007811,425743.0,0.0014009809,0.9134,318397.62,matched,1,931,True,0.8011928429423459,0.009338098690282301,0.008302772322615656,0.009622109139432448,0.004982906858291005,0.004860977276128437,0.012882466089771465,1.6e-20,True,1.6e-20,10,105768158
5:173207353:A:G,LYM,0.00113548,0.64,472174,0.0019,0.3375,806527.0,-0.021106,1.69e-20,523984,0.003462,0.2727,425740.0,0.009513,0.002004,425743.0,0.0019018073,0.8169,318397.62,matched,1,2055,False,0.7803180914512923,0.0024278018291896374,0.001980989554213012,0.002274279610810813,0.003156265388131984,0.003079000625273321,0.008213945110009578,1.69e-20,True,1.69e-20,5,173207353
7:138741586:C:T,LYM,0.00082627,0.68,472174,0.0018,0.3455,484680.0,-0.0177,1.97e-20,523981,-0.001915,0.4897,425740.0,0.001163,0.667,425743.0,-0.002995509,0.6905,318397.62,matched,1,2027,False,0.5546719681908548,0.002003257845420051,0.0019080859453712586,0.0019106313948913053,0.002772204193925909,0.0027029604605915475,0.0075230660529070235,1.97e-20,True,1.97e-20,7,138741586
21:47960654:C:T,LYM,0.00096645,0.65,472174,0.0041,0.0476,484680.0,-0.018724,3.21e-20,524912,0.006321,0.02918,425740.0,0.01327,2.668e-06,425743.0,0.0011006055,0.882,318397.62,matched,1,2041,False,0.3240556660039761,0.002129860135852616,0.002069743080949721,0.0020326324010089174,0.002898150447048593,0.002826500258596406,0.007414763269612732,3.21e-20,True,3.21e-20,21,47960654
9:4039727:G:T,LYM,0.00235832,0.25,472174,0.0017,0.3229,718678.0,-0.017739,6.76e-20,523522,-0.001368,0.6143,425740.0,-0.005351,0.04326,425743.0,-0.01093994,0.1156,318397.62,matched,1,2046,False,0.6083499005964215,0.0020500902075760237,0.0017197495959075813,0.0019426309841685157,0.0027145817413222646,0.002647448992423885,0.006952556209762064,6.76e-20,True,6.76e-20,9,4039727
2:129060871:C:T,LYM,-0.00906411,0.0086,472174,0.0014,0.6617,484680.0,0.030214,1.67e-19,480503,-0.01406,0.001159,425740.0,0.006551,0.1207,425743.0,-0.019802628,0.01969,318397.62,matched,1,2044,False,0.1341948310139165,0.0034496317685086706,0.0031995080264826882,0.003344839718031519,0.004327774899990807,0.004221434531842112,0.008490952832494392,1.67e-19,True,1.67e-19,2,129060871
1:32279629:G:A,LTL,0.0182358,2.1e-19,472174,-0.0012,0.4848,716983.0,-0.007971,3.14e-05,523519,0.002275,0.3656,425740.0,-0.002599,0.2893,425743.0,-0.002995509,0.6364,318397.62,matched,1,29,False,0.43737574552683894,0.002024418339535778,0.0017177131179668857,0.0019146937478083206,0.002514518068376259,0.0024526770258221017,0.0063365077553167145,2.1e-19,True,2.1e-19,1,32279629
5:67509801:T:C,LYM,0.00688886,0.00063,472174,-0.0023,0.18,718344.0,-0.017302,2.39e-19,524921,0.003405,0.1855,425740.0,-0.003113,0.2145,425743.0,0.000300045,0.9652,318397.62,matched,1,2074,False,0.4224652087475149,0.0020152536443778005,0.0017154513257128061,0.0019237867378581837,0.002571734458439112,0.002507882326417995,0.0068771650717396795,2.39e-19,True,2.39e-19,5,67509801
17:19438560:C:T,LYM,0.00303347,0.14,472174,-0.0012,0.5559,484680.0,0.017701,5.34e-19,524910,-0.002776,0.2857,425740.0,-0.00327,0.1974,425743.0,0.000100005,0.9929,318397.62,matched,1,2061,False,0.40357852882703776,0.0020554874925230384,0.0020375511466558657,0.0019877661563358086,0.0026002194945041837,0.002536861103498255,0.011238224287660902,5.34e-19,True,5.34e-19,17,19438560
10:5811954:C:T,LTL,-0.0182018,5.9e-19,472174,0.001,0.5504,718568.0,0.007366,0.000143,524923,-0.0005374,0.8369,425740.0,0.00229,0.3683,425743.0,-0.00796817,0.2377,318397.62,matched,1,867,False,0.6272365805168986,0.002046548413842034,0.001674590712267968,0.0019369321925294168,0.0026105075901075784,0.00254539957753503,0.006748367688632843,5.9e-19,True,5.9e-19,10,5811954
16:4148240:T:G,LYM,-0.00039228,0.85,472174,-0.0004,0.8439,484680.0,0.017926,6.1e-19,522837,0.004564,0.09348,425740.0,0.001987,0.4542,425743.0,0.011667805,0.03016,318397.62,matched,1,2072,False,0.6461232604373758,0.00207425583921769,0.0020314116839586973,0.002016377991978796,0.002721007954699113,0.002654886005554739,0.005381871727816787,6.1e-19,True,6.1e-19,16,4148240
6:21809195:C:T,LYM,0.00069042,0.8,472174,0.003,0.2411,484680.0,0.022933,7.43e-19,524919,-0.002926,0.4122,425740.0,0.0008749,0.8015,425743.0,0.0072260452,0.448,318397.62,matched,1,2054,False,0.17693836978131214,0.0027251939787522237,0.0025591990146803727,0.0025859648845031097,0.0035681697337250845,0.0034800242145827274,0.009523573566592244,7.43e-19,True,7.43e-19,6,21809195
10:99969568:A:G,BMI,0.00020826,0.92,472174,-0.0161,9.388e-19,718631.0,0.006731,0.000897,523522,-0.01662,5.846e-10,425740.0,0.01846,1.759e-12,425743.0,-0.023716526,2.626e-06,318397.62,matched,1,1742,False,0.3061630218687873,0.002073606343959111,0.0018208206784107602,0.0020268076313532286,0.0026830131970265645,0.0026175610257552734,0.00504811605319954,9.388e-19,True,9.388e-19,10,99969568
20:31358253:A:C,LYM,0.00029114,0.89,472174,0.0011,0.5613,484680.0,0.016851,1.07e-18,524874,0.01143,1.442e-05,425740.0,-0.001218,0.6357,425743.0,0.005716307,0.4175,318397.62,matched,1,2038,False,0.4254473161033797,0.002105069717627436,0.001893575381811285,0.0019089116323630093,0.0026352395489642284,0.00257114219480395,0.007050500667752814,1.07e-18,True,1.07e-18,20,31358253
22:24623137:T:C,LYM,0.00176894,0.41,472174,0.0033,0.1111,484680.0,-0.018479,1.53e-18,524918,0.0009886,0.737,425740.0,-0.001102,0.7011,425743.0,-0.0049875416,0.5429,318397.62,matched,1,2047,False,0.2992047713717694,0.002147049005917306,0.0020712141592652204,0.002102886606450219,0.002943762159325859,0.0028710177909395144,0.00819734879203068,1.53e-18,True,1.53e-18,22,24623137
3:173113680:C:G,BMI,-0.00224346,0.26,472174,0.0167,1.651e-18,484680.0,0.000991,0.601342,523832,0.006548,0.00994,425740.0,6.268e-05,0.9798,425743.0,0.023370987,6.534e-06,318397.62,matched,1,1836,True,0.5228628230616302,0.00199172378240802,0.0019022912139057316,0.0018967537347287793,0.002540042526830241,0.002475547583853681,0.005183956988139613,1.651e-18,True,1.651e-18,3,173113680
1:182151236:T:G,LYM,0.0014074,0.51,472174,0.0002,0.9303,718696.0,0.017509,1.78e-18,524918,-0.00186,0.4949,425740.0,-0.003828,0.1497,425743.0,-0.0059820716,0.4057,318397.62,matched,1,2090,False,0.3220675944333996,0.002136186219332706,0.0022865662895698263,0.0019963694617396444,0.0027251304315977338,0.002657241030504841,0.0071944478137429,1.78e-18,True,1.78e-18,1,182151236
12:120976371:T:C,LTL,0.0285566,2.9e-18,472174,-0.0019,0.5363,484680.0,-0.003896,0.204298,523983,0.01048,0.01456,425740.0,0.01162,0.005452,425743.0,0.018469516,0.1059,318397.62,matched,1,1120,False,0.10636182902584493,0.0032766070198533364,0.003072356831215606,0.003069163576902915,0.0042895579705795025,0.004181301710747092,0.011422798541378147,2.9e-18,True,2.9e-18,12,120976371
2:12951752:C:T,LYM,-0.00182287,0.36,472174,0.0049,0.004176,717898.0,0.016438,3.46e-18,523983,-0.01552,1.472e-09,425740.0,-0.005115,0.04106,425743.0,0.0013008458,0.8524,318397.62,matched,1,2066,False,0.5119284294234593,0.0019914130702710637,0.0017105643534875315,0.0018904526561666574,0.0025663912509241295,0.002503764681646239,0.006991649045621994,3.46e-18,True,3.46e-18,2,12951752
2:163110536:A:G,LYM,-0.0054361,0.008,472174,-0.0027,0.1047,806771.0,-0.016757,3.83e-18,523524,0.002707,0.2888,425740.0,-0.0004962,0.842,425743.0,0.012376271,0.06752,318397.62,matched,1,2070,False,0.6023856858846919,0.0020497575078161274,0.0016641161921686813,0.0019297008931574197,0.00255194926236435,0.002489265630657453,0.006769659616141031,3.83e-18,True,3.83e-18,2,163110536
19:33752994:G:T,LYM,0.0138793,1.5e-11,472174,-0.0023,0.2056,703913.0,0.017139,5.24e-18,524915,-0.001887,0.4721,425740.0,0.0004312,0.8662,425743.0,-0.0049875416,0.4849,318397.62,matched,1,2058,False,0.5944333996023857,0.002056832417531884,0.0018170940566221833,0.0019818406061354226,0.002624236041939262,0.002559244612434616,0.007140939771608147,5.24e-18,True,5.24e-18,19,33752994
2:50228459:T:C,BMI,0.00015552,0.95,472174,-0.0199,5.31e-18,706945.0,-0.003193,0.210536,524922,-0.009406,0.005392,425740.0,-0.001841,0.5766,425743.0,-0.018821754,0.009985,318397.62,matched,1,1850,False,0.8339960238568589,0.0024801146718276003,0.00230150754163905,0.002550130184647696,0.0033802534780265573,0.0032971682283564293,0.007305593644998707,5.31e-18,True,5.31e-18,2,50228459
1:214405704:G:T,LYM,-0.00012377,0.95,472174,-0.0033,0.08633,484680.0,0.016574,6.32e-18,524921,0.001229,0.6462,425740.0,-0.001658,0.5253,425743.0,0.0028039273,0.6979,318397.62,matched,1,2100,False,0.5715705765407555,0.001973789820808269,0.001924105065571457,0.0019212656742082191,0.002677282395527705,0.0026102142196906416,0.0072236974778466505,6.32e-18,True,6.32e-18,1,214405704
11:60272761:G:A,LYM,0.00211254,0.29,472174,-0.0054,0.00428,484680.0,0.016291,7.64e-18,524920,-0.002922,0.2538,425740.0,-0.0006055,0.8084,425743.0,-0.003992021,0.5537,318397.62,matched,1,2112,False,0.5119284294234593,0.001996500179839765,0.0018902585362285734,0.0018932291374765926,0.002560534372559529,0.002497003480432727,0.006740717966724752,7.64e-18,True,7.64e-18,11,60272761
2:67837553:T:C,BMI,-0.00216594,0.28,472174,-0.0165,7.823e-18,484680.0,-0.002009,0.312119,480501,-0.01088,3.719e-05,425740.0,-0.007928,0.002067,425743.0,-0.012916225,0.06373,318397.62,matched,1,1743,False,0.40357852882703776,0.0020049071771371684,0.0019181230112067563,0.0019875627083345807,0.002638037694218109,0.002573664332873361,0.006966439556510261,7.823e-18,True,7.823e-18,2,67837553
2:205378570:A:G,BMI,0.00326838,0.34,472174,-0.0236,8.846e-18,791590.0,-0.005951,0.066526,523984,-0.004152,0.3313,425740.0,0.006133,0.1412,425743.0,-0.030529205,0.0001847,318397.62,matched,1,1657,False,0.9165009940357853,0.003425381493638638,0.002748005419101224,0.0032432940194147795,0.004273809114206161,0.004168317640483005,0.008164912530754168,8.846e-18,True,8.846e-18,2,205378570
7:70113409:T:C,LYM,-0.00311721,0.16,472174,0.0051,0.006429,705194.0,-0.017869,1.1e-17,523522,0.005019,0.08112,425740.0,0.002267,0.4191,425743.0,0.014910613,0.01111,318397.62,matched,1,2158,False,0.6630218687872763,0.002218541808157491,0.00187151912083267,0.00208677684437166,0.0028774970265303744,0.00280574987794895,0.005872123794306561,1.1e-17,True,1.1e-17,7,70113409
8:22789184:C:T,LYM,0.00284196,0.18,472174,-0.0028,0.1549,484680.0,0.016883,1.8e-17,524916,-0.002743,0.3043,425740.0,0.001593,0.5408,425743.0,-0.0049875416,0.512,318397.62,matched,1,2086,False,0.35984095427435386,0.002119671325922942,0.001968455459560895,0.001984828676774599,0.002670220829131513,0.0026046278681791284,0.007606128835783588,1.8e-17,True,1.8e-17,8,22789184
11:134601012:T:G,BMI,-0.00302072,0.27,472174,0.0187,2.18e-17,799515.0,0.001743,0.495577,524923,0.01447,2.165e-05,425740.0,0.0051,0.1249,425743.0,0.017451394,0.007723,318397.62,matched,1,1862,False,0.1550695825049702,0.002738484760472103,0.0022042070100963818,0.002557723086366679,0.0034069847458916163,0.003323499189740531,0.0065509568019429636,2.18e-17,True,2.18e-17,11,134601012
8:72909349:C:A,LYM,0.00390571,0.096,472174,0.0012,0.601,484680.0,-0.018902,2.26e-17,524920,-0.002676,0.3862,425740.0,-0.00281,0.3509,425743.0,-0.008959741,0.2683,318397.62,matched,1,2075,False,0.20576540755467196,0.0023463878060921944,0.002294617390966951,0.002229118714630768,0.003088182007401718,0.003012290339340639,0.00809381631749751,2.26e-17,True,2.26e-17,8,72909349
9:103065884:C:T,BMI,-0.00142455,0.48,472174,0.0142,3.51e-17,718688.0,-0.000813,0.667117,523522,0.004646,0.06842,425740.0,0.008725,0.0004508,425743.0,0.014301784,0.003243,318397.62,matched,1,1791,False,0.46123260437375746,0.002016911837714129,0.001684818492701815,0.0018902224321090187,0.0025496223930510614,0.0024868841437700206,0.004858415650702552,3.51e-17,True,3.51e-17,9,103065884
6:153043035:G:A,LYM,-0.0004083,0.88,472174,-0.0027,0.2427,706209.0,0.020604,4.45e-17,523514,-0.009183,0.005166,425740.0,0.005994,0.06127,425743.0,-0.01192857,0.1665,318397.62,matched,1,2105,False,0.15904572564612326,0.0027045248838079576,0.002311120026955387,0.0024527434024660334,0.003283751868015409,0.003202706718718914,0.00862178777365247,4.45e-17,True,4.45e-17,6,153043035
16:14652220:T:C,LTL,-0.0571159,4.9e-17,472174,-0.0118,0.07046,484680.0,-0.001237,0.85208,479574,-0.004342,0.7437,425740.0,-0.01517,0.2414,425743.0,0.06560576,0.01457,318397.62,matched,1,1261,False,0.016898608349900597,0.006808370329295458,0.006523149659137191,0.006633947151804247,0.013280011837930603,0.012949269356976807,0.02685574951615605,4.9e-17,True,4.9e-17,16,14652220
3:153990749:G:A,BMI,-0.00277606,0.17,472174,0.0147,5.412e-17,699066.0,0.001323,0.493384,524921,-0.008379,0.001175,425740.0,-0.002075,0.4101,425743.0,-0.002995509,0.6167,318397.62,matched,1,1807,False,0.4115308151093439,0.0020230668227234,0.0017547257268921799,0.0019315659538757866,0.002582221592575375,0.0025190670167952807,0.005984641333685024,5.412e-17,True,5.412e-17,3,153990749
3:128203035:A:G,LYM,-0.0157663,8.9e-15,472174,0.0014,0.4678,484680.0,0.016061,8.77e-17,524910,0.008039,0.002293,425740.0,-0.005415,0.0352,425743.0,-0.0019980026,0.7479,318397.62,matched,1,2089,False,0.6252485089463221,0.002033296014489414,0.001928206681685422,0.0019303262146373162,0.0026362574948573286,0.002571163895768865,0.006216374763148422,8.77e-17,True,8.77e-17,3,128203035
3:160160452:G:C,LTL,-0.0166362,1.1e-16,472174,0.0036,0.03462,718584.0,-0.006806,0.000317,524918,-0.01105,1.429e-05,425740.0,-0.001752,0.4805,425743.0,-0.022739487,4.657e-06,318397.62,matched,1,391,True,0.43439363817097415,0.002005941785706145,0.00170391991323209,0.001890032450888301,0.002546460027639085,0.0024833500569451856,0.0049653063228368155,1.1e-16,True,1.1e-16,3,160160452
18:60826343:G:A,LYM,0.00640555,0.026,472174,0.0001,0.9578,652602.0,0.023283,1.17e-16,522444,-0.003641,0.3529,425740.0,-0.009344,0.01452,425743.0,-0.016857117,0.01721,318397.62,matched,1,2048,False,0.1709741550695825,0.0028773318371076236,0.0018898397579517705,0.0028098787103453715,0.00391935687504521,0.003823029721110967,0.007076309901514988,1.17e-16,True,1.17e-16,18,60826343
16:3644120:G:A,LTL,-0.0337887,1.4e-16,472174,0.0044,0.2573,484680.0,-0.024845,1.16e-10,524917,-0.01266,0.01354,425740.0,-0.001273,0.7991,425743.0,-0.024692612,0.03697,318397.62,matched,1,1251,False,0.06461232604373758,0.004088295774421843,0.0038841950645011857,0.003855239361677658,0.005127081588376052,0.00500172791840459,0.01183676178577345,1.4e-16,True,1.4e-16,16,3644120
1:20916238:G:A,LTL,-0.0177791,1.5e-16,472174,-0.0025,0.2166,484680.0,0.016166,1.19e-15,524920,-0.004802,0.07388,425740.0,0.003837,0.1431,425743.0,-0.002995509,0.6688,318397.62,matched,1,23,False,0.29025844930417494,0.002153344555517854,0.00202327643844967,0.0020193663237298935,0.002686650296125982,0.002620286070167212,0.007002198177857699,1.5e-16,True,1.5e-16,1,20916238
13:73340177:G:A,LTL,0.0673908,1.6e-16,472174,-0.0006,0.9367,484680.0,-0.001637,0.832959,523524,0.05156,3.873e-07,425740.0,0.03488,0.0004317,425743.0,0.040405415,0.02122,318397.62,matched,1,1148,False,0.006958250497017893,0.008169775373351678,0.00755494417968112,0.007761675179894562,0.010159413326996058,0.00990935593887371,0.01753671401433734,1.6e-16,True,1.6e-16,13,73340177
6:15326802:C:G,LYM,-0.00153292,0.45,472174,-0.0017,0.3755,484680.0,0.015973,1.9e-16,524918,-0.001279,0.6453,425740.0,-0.001543,0.5692,425743.0,-0.003992021,0.6274,318397.62,matched,1,2121,True,0.5755467196819085,0.0020292421338048952,0.0019182636387816679,0.0019412437427007321,0.002778615057386988,0.002710678888847023,0.008224364314228136,1.9e-16,True,1.9e-16,6,15326802
10:102075479:G:A,LYM,-0.00285877,0.27,472174,0.0009,0.674,794413.0,0.020453,2.78e-16,523520,-0.0004547,0.897,425740.0,0.01674,1.016e-06,425743.0,0.03397052,1.151e-06,318397.62,matched,1,2101,False,0.19681908548707752,0.002591666251322477,0.00213947158374125,0.0024996008588709226,0.003512498713210612,0.003424353530603778,0.0069842264591382245,2.78e-16,True,2.78e-16,10,102075479
7:92471518:T:A,LYM,9.683e-05,0.97,472174,0.003,0.2473,484680.0,0.021153,2.86e-16,524920,-0.001072,0.7576,425740.0,0.0002541,0.9402,425743.0,0.0012007206,0.895,318397.62,matched,1,2122,True,0.1709741550695825,0.002574698451366992,0.002593064319296913,0.002586229637307348,0.0034733704263453418,0.0033871649252228023,0.009097736951020058,2.86e-16,True,2.86e-16,7,92471518
13:33380905:C:T,BMI,-0.00014823,0.94,472174,-0.0133,3.257e-16,805563.0,-0.001384,0.465786,523844,0.001399,0.5758,425740.0,-0.004013,0.09992,425743.0,-0.002995509,0.6718,318397.62,matched,1,1619,False,0.4840954274353877,0.001969314090191949,0.001629221370227169,0.0018975732534993132,0.0025003123503971004,0.002439155456333876,0.0070702339642120925,3.257e-16,True,3.257e-16,13,33380905
5:52072544:A:G,LYM,-0.00040017,0.87,472174,-0.0005,0.8247,718387.0,0.018985,3.49e-16,524919,-0.006127,0.05199,425740.0,-0.006154,0.0454,425743.0,0.0025031301,0.7619,318397.62,matched,1,2067,False,0.23956262425447317,0.0024451527642137295,0.0022572952860911138,0.0023280018423062253,0.003153019677180539,0.0030755708005462145,0.00826151817421721,3.49e-16,True,3.49e-16,5,52072544
11:46744369:G:A,LYM,-0.00868173,0.016,472174,0.0169,9.119e-07,484680.0,0.027702,3.51e-16,524922,-0.006103,0.1817,425740.0,0.002506,0.5739,425743.0,0.030459208,0.001136,318397.62,matched,1,2095,False,0.08349900596421471,0.0036039993245429777,0.003442126572334812,0.003397196159859678,0.004569690591888533,0.004456560306635037,0.009359161613194672,3.51e-16,True,3.51e-16,11,46744369
10:121026712:A:G,LYM,0.00013608,0.95,472174,-0.004,0.03676,484680.0,-0.016035,3.85e-16,480008,-0.01057,3.008e-05,425740.0,-0.003225,0.1916,425743.0,-0.015873348,0.007447,318397.62,matched,1,2036,False,0.47813121272365805,0.0021701003378491505,0.001915323902952706,0.0019691302317988045,0.0025330349948344964,0.0024696359143048033,0.0059313789447915585,3.85e-16,True,3.85e-16,10,121026712
6:97922184:T:C,BMI,0.00546203,0.0082,472174,-0.0133,9.856e-16,806403.0,-0.000435,0.824056,523980,-0.001861,0.4713,425740.0,0.001621,0.52,425743.0,-0.012916225,0.06486,318397.62,matched,1,1625,False,0.3558648111332008,0.0020660380433408887,0.0016565697127569907,0.001956539769217323,0.0025834108645911894,0.0025196418384460057,0.0069960308502404955,9.856e-16,True,9.856e-16,6,97922184
12:26358170:T:C,LYM,0.00112874,0.59,472174,-0.0026,0.1351,718670.0,-0.015843,1.23e-15,523521,-0.01011,0.000152,425740.0,-0.002206,0.3969,425743.0,-0.017839918,0.001227,318397.62,matched,1,2103,False,0.32703777335984097,0.0020947745447102146,0.0017399574920266216,0.001980025406931133,0.0026691103640865445,0.0026039617307704794,0.005518874570872798,1.23e-15,True,1.23e-15,12,26358170
3:170825920:G:A,LYM,-0.00530748,0.017,472174,-0.0048,0.01186,716660.0,0.016877,1.49e-15,523518,-0.0003453,0.9099,425740.0,-0.005141,0.08408,425743.0,-0.0059820716,0.4802,318397.62,matched,1,2077,False,0.2882703777335984,0.00222376620450728,0.001907575784075696,0.0021155032991290873,0.0030513055085395055,0.0029759969564235136,0.008473418175799859,1.49e-15,True,1.49e-15,3,170825920
14:23793305:C:T,LYM,-0.00067481,0.81,472174,0.0086,0.0009947,484680.0,-0.020532,1.85e-15,523980,0.001811,0.6256,425740.0,0.008072,0.02581,425743.0,0.008637194,0.381,318397.62,matched,1,2120,False,0.17693836978131214,0.002806726030429628,0.0026123766044701233,0.0025823140918512025,0.0037116041594843804,0.0036212595181808285,0.009859188701789624,1.85e-15,True,1.85e-15,14,23793305
3:104611900:G:A,BMI,-0.00024372,0.9,472174,0.0153,1.943e-15,484680.0,-0.001078,0.572594,524919,0.006397,0.013,425740.0,0.003058,0.2235,425743.0,0.013389237,0.05028,318397.62,matched,1,1911,False,0.5904572564612326,0.0019394985498689882,0.0019257563522337893,0.0019105504039096648,0.0025755210104994033,0.0025121707281769304,0.00683970863662106,1.943e-15,True,1.943e-15,3,104611900
8:25287397:T:C,LYM,-0.00220944,0.37,472174,0.0004,0.8668,484680.0,0.018486,2.02e-15,524917,-0.00427,0.1857,425740.0,0.007118,0.02372,425743.0,0.003706862,0.6675,318397.62,matched,1,2180,False,0.21669980119284293,0.00246459079401636,0.0023848628930231005,0.002328178967272234,0.003226520161470855,0.0031472814344407785,0.0086290048599195,2.02e-15,True,2.02e-15,8,25287397
13:46702791:A:T,LYM,0.00110023,0.66,472174,-0.0041,0.053,718044.0,0.018304,2.2e-15,524912,0.004197,0.2027,425740.0,0.006547,0.04157,425743.0,0.007024615,0.4244,318397.62,matched,1,2098,True,0.1779324055666004,0.0025010163046978403,0.0021189496414374706,0.0023083373429746744,0.0032946154416610336,0.0032127794575797595,0.008793838378955985,2.2e-15,True,2.2e-15,13,46702791
14:69181422:G:T,LYM,-0.00154021,0.59,472174,-0.0003,0.9089,484680.0,-0.021324,2.26e-15,524923,-0.008905,0.01918,425740.0,-0.0001568,0.9663,425743.0,-0.0049875416,0.6241,318397.62,matched,1,2137,False,0.16600397614314116,0.0028584020248313335,0.0026217787471060727,0.0026903268480895424,0.0038022831361274635,0.0037113082905842827,0.010177661290579421,2.26e-15,True,2.26e-15,14,69181422
1:247722588:G:A,LYM,0.00254573,0.51,472174,-0.0019,0.5994,484680.0,-0.028903,2.51e-15,524921,0.004666,0.3489,425740.0,-0.006391,0.1884,425743.0,-0.019802628,0.1403,318397.62,matched,1,2069,False,0.05964214711729622,0.0038639713970028775,0.0036172318432526667,0.003652537668115904,0.004981184104052492,0.0048588674902403295,0.013428471340547513,2.51e-15,True,2.51e-15,1,247722588
5:107684324:C:T,BMI,0.00167201,0.42,472174,0.0132,2.817e-15,806536.0,0.002042,0.298175,523841,0.01032,0.0001149,425740.0,0.003375,0.196,425743.0,0.016841017,0.000572,318397.62,matched,1,1650,False,0.6590457256461233,0.0020733704700642407,0.001671149162132796,0.001962791546163296,0.002675821340217639,0.0026101442673243736,0.004889170421998432,2.817e-15,True,2.817e-15,5,107684324
10:103937244:C:T,LTL,-0.0216653,3.2e-15,472174,0.0159,1.377e-11,718248.0,0.005863,0.025918,524922,-0.009665,0.005077,425740.0,-0.01208,0.000329,425743.0,-0.01093994,0.2258,318397.62,matched,1,922,False,0.8190854870775348,0.0027484099135399627,0.0023519643221831814,0.002632171761107138,0.003449189950568687,0.0033636602591748436,0.009031949892516544,3.2e-15,True,3.2e-15,10,103937244
14:47403684:A:C,BMI,0.00287354,0.16,472174,-0.0136,3.736e-15,718581.0,-0.000509,0.791997,523523,-0.002644,0.2967,425740.0,0.003965,0.1085,425743.0,-0.0059820716,0.3869,318397.62,matched,1,1663,False,0.5984095427435387,0.002045120035997856,0.001729513715255882,0.0019300898609153085,0.0025336925239552526,0.0024704483147441445,0.0069136684180504055,3.736e-15,True,3.736e-15,14,47403684
8:61412809:T:C,LYM,0.000853,0.68,472174,-0.0046,0.01761,484680.0,0.015259,5.16e-15,524919,0.0002512,0.9227,425740.0,-0.0007425,0.7687,425743.0,0.011566636,0.09289,318397.62,matched,1,2159,False,0.3986083499005964,0.0020680636379673757,0.0019378882559563516,0.0019505431947405164,0.0025888036804646818,0.002524859433603975,0.00688348437465448,5.16e-15,True,5.16e-15,8,61412809
18:77204231:G:T,LYM,-0.00472647,0.047,472174,0.0057,0.01177,484680.0,0.018282,5.42e-15,481437,0.008014,0.007617,425740.0,0.01056,0.0003129,425743.0,0.020610955,0.0007908,318397.62,matched,1,2082,False,0.20874751491053678,0.0023795345689306604,0.002262833184225481,0.002338820478163363,0.0030030821979709845,0.002929769472668073,0.0061415332958288365,5.42e-15,True,5.42e-15,18,77204231
5:133861756:C:T,BMI,0.00925798,4.8e-06,472174,-0.0138,5.447e-15,664317.0,0.001278,0.505802,523516,0.006309,0.0143,425740.0,-0.01153,4.411e-06,425743.0,-0.0009995003,0.8527,318397.62,matched,1,1834,False,0.4254473161033797,0.002024334717555945,0.001765578534511675,0.001920682254685967,0.0025754828440040754,0.0025114283424071443,0.005383076929145266,5.447e-15,True,5.447e-15,5,133861756
4:2255063:A:G,LTL,-0.0224234,9.3e-15,472174,-0.0079,0.001136,718185.0,0.016195,1.98e-08,481442,0.008522,0.02157,425740.0,0.0165,5.096e-06,425743.0,0.021427948,0.003461,318397.62,matched,1,421,False,0.16401590457256462,0.002893910018024774,0.0024274228254470014,0.0028848861666664477,0.00370867491021892,0.0036177892935259537,0.007329507322773251,9.3e-15,True,9.3e-15,4,2255063
17:65887896:A:G,BMI,0.00167072,0.51,472174,0.0171,1.21e-14,604685.0,0.010753,6.6e-06,523522,-0.008551,0.006289,425740.0,-0.01404,4.226e-06,425743.0,0.007830579,0.3475,318397.62,matched,1,1840,False,0.2147117296222664,0.0025358597700465674,0.0022164668193686973,0.002386269709204937,0.003129574713955578,0.0030522095878701204,0.008335284504190028,1.21e-14,True,1.21e-14,17,65887896
11:65302893:G:A,BMI,0.00388662,0.11,472174,0.0161,1.444e-14,718123.0,-0.013876,1.92e-09,524923,0.01197,0.0001991,425740.0,-0.0024,0.4443,425743.0,0.02521525,0.0003064,318397.62,matched,1,1644,False,0.19483101391650098,0.0024318837960896882,0.002092974803587978,0.002310958707241949,0.0032176072668170124,0.0031374508819880637,0.0069851664272346315,1.444e-14,True,1.444e-14,11,65302893
8:95512202:G:A,LTL,-0.0181276,1.6e-14,472174,-0.0146,6.425e-11,484680.0,-0.002198,0.322188,524893,0.003552,0.2295,425740.0,-0.0004438,0.8776,425743.0,-0.0099503305,0.2121,318397.62,matched,1,814,False,0.3091451292246521,0.0023605895290129625,0.002234636717021124,0.002220265709971639,0.002955940914874727,0.0028815871438754364,0.007974223995212828,1.6e-14,True,1.6e-14,8,95512202
4:20231724:A:G,BMI,-2.439e-05,0.99,472174,0.0221,1.873e-14,484680.0,0.003025,0.290567,524923,-0.005676,0.1307,425740.0,-0.002867,0.4338,425743.0,0.011768984,0.2392,318397.62,matched,1,1847,False,0.12524850894632206,0.0019459894951112517,0.00288547187325413,0.0028622019817215395,0.003755589576426359,0.0036629352326858606,0.009999232436527812,1.873e-14,True,1.873e-14,4,20231724
8:38288566:C:G,LYM,0.00206893,0.37,472174,-0.0022,0.3247,484680.0,0.016775,2.4e-14,524920,0.01391,2.584e-06,425740.0,0.005241,0.06936,425743.0,0.021019368,6.105e-05,318397.62,matched,1,2155,True,0.25944333996023855,0.002307854402683154,0.0022338530758443413,0.002199379802951063,0.002958701212745782,0.002885905757250261,0.005243417693159675,2.4e-14,True,2.4e-14,8,38288566
20:42815738:G:T,LYM,0.00208373,0.31,472174,0.0068,0.0005537,484680.0,-0.014841,2.65e-14,524912,0.01713,2.276e-10,425740.0,0.007182,0.006402,425743.0,0.01572296,0.0008841,318397.62,matched,1,2171,False,0.5825049701789264,0.0020524869750876977,0.001969110763678006,0.0019490802669213751,0.0027012713039247143,0.002634196385774862,0.004728671498093362,2.65e-14,True,2.65e-14,20,42815738
3:108506049:A:G,LYM,-0.00149647,0.48,472174,-0.0029,0.1465,484680.0,0.015073,3.54e-14,524919,-0.001868,0.4867,425740.0,-0.001932,0.461,425743.0,-0.0069756135,0.3259,318397.62,matched,1,2157,False,0.6520874751491054,0.002118737887602445,0.0019972372380241887,0.00198934473534969,0.002685578577923565,0.002620722787162762,0.00710054229251313,3.54e-14,True,3.54e-14,3,108506049
9:16714629:C:G,BMI,-0.00041801,0.85,472174,-0.0138,3.847e-14,802853.0,-0.002188,0.307474,524919,-0.005001,0.09248,425740.0,-0.007546,0.009249,425743.0,-0.023716526,2.08e-05,318397.62,matched,1,1734,True,0.7326043737574552,0.002210308155785119,0.001823933608736026,0.002143969963801557,0.002972436185028418,0.0028992851168686876,0.005572327722716753,3.847e-14,True,3.847e-14,9,16714629
16:24046655:G:T,LYM,0.00455447,0.29,472174,0.0059,0.1519,484680.0,-0.030922,4.16e-14,524917,0.001038,0.862,425740.0,-0.005119,0.3793,425743.0,-0.0049875416,0.765,318397.62,matched,1,2156,False,0.05864811133200795,0.004304297279140189,0.004117660459429078,0.004092435594958748,0.005971392113088692,0.00582242590133196,0.016685125916180682,4.16e-14,True,4.16e-14,16,24046655
14:96180695:G:T,LTL,0.0186161,4.7e-14,472174,0.0014,0.5008,705845.0,-0.006301,0.007699,523517,-0.003807,0.26,425740.0,-0.006715,0.04166,425743.0,0.000100005,0.9925,318397.62,matched,1,1190,False,0.21868787276341947,0.0024689813731447155,0.0020795223058325926,0.0023643592201273112,0.00337982065186245,0.0032966752861463694,0.010638836059107116,4.7e-14,True,4.7e-14,14,96180695
6:170586082:G:A,LYM,-0.00242573,0.23,472174,-0.0019,0.3211,484680.0,-0.014956,5.04e-14,480499,-0.004275,0.102,425740.0,-0.009321,0.0002571,425743.0,-0.012916225,0.01117,318397.62,matched,1,2106,False,0.43141153081510936,0.00202083733857666,0.001914936613501458,0.0019859568364066693,0.002614304717104328,0.002550148132643007,0.005090468879505828,5.04e-14,True,5.04e-14,6,170586082
9:826585:C:G,LTL,0.0154567,6.4e-14,472174,0.0008,0.6901,484680.0,0.001762,0.366638,519736,-0.0009035,0.7408,425740.0,-0.004094,0.1244,425743.0,-0.0009995003,0.8565,318397.62,matched,1,849,True,0.4691848906560636,0.00206099600913472,0.0020064237588285055,0.0019517300313911811,0.0027313060776710295,0.0026643854471828875,0.00552725297256785,6.4e-14,True,6.4e-14,9,826585
1:112308953:T:C,BMI,-0.00189812,0.35,472174,0.0132,8.397e-14,667851.0,1.6e-05,0.993238,523521,0.006393,0.01195,425740.0,0.0116,2.902e-06,425743.0,0.021223636,3.707e-05,318397.62,matched,1,1651,False,0.41848906560636184,0.0020309669906658115,0.0017685019026602567,0.0018879030096499193,0.0025433465028613335,0.002479884726738928,0.005145096964292952,8.397e-14,True,8.397e-14,1,112308953
19:40805829:G:T,LYM,-0.0114247,0.0036,472174,-0.0074,0.04853,484680.0,0.027956,9.09e-14,524921,-0.004173,0.3845,425740.0,-0.01558,0.0008735,425743.0,-0.0099503305,0.4389,318397.62,matched,1,2126,False,0.08449304174950298,0.003924344582722806,0.003751208070868897,0.0037507240590639664,0.004798565881027793,0.004680944114500093,0.012854859371167237,9.09e-14,True,9.09e-14,19,40805829
4:153005716:T:C,LYM,0.00333107,0.1,472174,0.0051,0.003606,716006.0,0.014209,9.33e-14,522443,-0.006987,0.007015,425740.0,-0.008939,0.0004054,425743.0,-0.0099503305,0.1439,318397.62,matched,1,2087,False,0.55168986083499,0.0020251467640763363,0.0017521453614205613,0.0019072337614049009,0.0025914909580427793,0.002527609356499287,0.006808669070949511,9.33e-14,True,9.33e-14,4,153005716
16:9076936:A:G,LTL,-0.0149171,1e-13,472174,-0.0014,0.4127,718381.0,0.008066,2.41e-05,522901,-0.01059,2.224e-05,425740.0,-0.00509,0.03655,425743.0,-0.003992021,0.5879,318397.62,matched,1,1253,False,0.5397614314115308,0.0020047434703481777,0.0017090856252420883,0.0019099862145831397,0.0024969776627347183,0.00243452682619778,0.007366960270098836,1e-13,True,1e-13,16,9076936
5:95539448:C:T,BMI,0.00124395,0.56,472174,-0.013,1.023e-13,806778.0,0.000908,0.655602,523523,0.001518,0.5708,425740.0,-0.005058,0.05277,425743.0,0.00050012505,0.9387,318397.62,matched,1,1639,False,0.6868787276341949,0.002134285194999242,0.0017478056305791597,0.00203590448235954,0.0026778452145194338,0.0026115264136669166,0.006503247442367104,1.023e-13,True,1.023e-13,5,95539448
20:15819495:A:G,BMI,-0.00099136,0.74,472174,0.0177,1.051e-13,805952.0,-0.003039,0.280008,523513,0.0009417,0.8211,425740.0,-0.0133,0.001057,425743.0,0.021121496,0.003064,318397.62,matched,1,1872,False,0.1312127236580517,0.002987343688543308,0.0023808469778396684,0.0028131039035564167,0.004164411304426366,0.004061194755807273,0.0071326450970693,1.051e-13,True,1.051e-13,20,15819495
16:9713688:A:G,BMI,-0.00072857,0.74,472174,0.0129,2.11e-13,804412.0,0.00124,0.545414,524923,0.0008848,0.7499,425740.0,0.001627,0.548,425743.0,0.0,0.987,318397.62,matched,1,1876,False,0.6858846918489065,0.0021954577460882,0.001757101763491278,0.0020507855407179277,0.0027756583116815914,0.002708237251791738,0.002699790033855515,2.11e-13,True,2.11e-13,16,9713688
5:1639658:A:G,LTL,0.02081,2.2e-13,472174,0.0031,0.2502,484680.0,-0.003077,0.253963,522092,0.007377,0.04282,425740.0,0.006079,0.087,425743.0,0.010454458,0.28,318397.62,matched,1,510,False,0.12624254473161034,0.0028366787987931835,0.0026959716260491354,0.0026972859047211506,0.003642132952628186,0.003551980537446685,0.009677192294005878,2.2e-13,True,2.2e-13,5,1639658
9:133632758:A:G,LYM,0.00010435,0.96,472174,0.0019,0.3212,484680.0,-0.014243,2.23e-13,524915,-0.001006,0.701,425740.0,-0.003579,0.1612,425743.0,0.0,0.9939,318397.62,matched,1,2092,False,0.4194831013916501,0.0020806090570452546,0.001915332375100305,0.0019419898448371766,0.0026199900674051748,0.00255451804162383,0.0025394252144655444,2.23e-13,True,2.23e-13,9,133632758
14:94088587:G:A,BMI,-0.00014335,0.94,472174,0.0125,2.362e-13,717107.0,0.003948,0.037219,523521,0.001512,0.5446,425740.0,0.001263,0.6038,425743.0,0.010252376,0.1226,318397.62,matched,1,1618,False,0.4821073558648111,0.0019044807045066174,0.0017061298174420752,0.0018950215215844555,0.0024955781496615553,0.0024337900072266033,0.006640347018118411,2.362e-13,True,2.362e-13,14,94088587
12:56445366:G:A,LYM,0.00179946,0.4,472174,-0.0148,2.448e-13,484680.0,-0.013546,1.09e-11,524913,-0.009705,0.0002825,425740.0,-0.01313,4.743e-07,425743.0,-0.023716526,1.759e-05,318397.62,matched,1,2142,False,0.3290258449304175,0.00213808769101606,0.0020213810537392587,0.001993792312126356,0.0026729349983125763,0.002607006519935403,0.0055238563259909805,1.09e-11,True,2.448e-13,12,56445366
7:100330091:T:C,LYM,0.00216058,0.43,472174,-0.0083,0.001472,484680.0,-0.019086,2.46e-13,521429,0.01118,0.0008255,425740.0,-0.02096,1.318e-10,425743.0,0.002102208,0.8153,318397.62,matched,1,2145,False,0.7813121272365805,0.002737712687054596,0.0026099416632671675,0.002606995687208118,0.003343201539967263,0.003262216082778015,0.008999399991872051,2.46e-13,True,2.46e-13,7,100330091
5:78925710:G:A,LTL,-0.0241868,5.4e-13,472174,-0.0075,0.01561,484680.0,0.005508,0.089284,523763,0.004904,0.2612,425740.0,0.002326,0.5847,425743.0,-0.0049875416,0.6423,318397.62,matched,1,544,False,0.09642147117296222,0.003352371185595194,0.0031018543045070314,0.0032415506792172876,0.004364700365116073,0.00425592309041829,0.01073777849524537,5.4e-13,True,5.4e-13,5,78925710
5:100141374:A:T,LYM,-0.00045554,0.83,472174,0.0027,0.1192,718575.0,0.01402,6.86e-13,523842,0.004283,0.09972,425740.0,0.002668,0.2931,425743.0,-0.01093994,0.1241,318397.62,matched,1,2138,True,0.6520874751491054,0.00212173578534973,0.0017328350015186201,0.0019520489477404732,0.0026017296004562616,0.0025377008309166167,0.007114066867916106,6.86e-13,True,6.86e-13,5,100141374
3:183996068:C:T,BMI,0.00107626,0.59,472174,-0.0116,8.898e-13,806771.0,0.002131,0.264757,523517,-0.007766,0.002115,425740.0,0.001366,0.5795,425743.0,-0.015873348,0.001356,318397.62,matched,1,1817,False,0.5308151093439364,0.001997379424393408,0.0016231587273794251,0.0019108371060432374,0.0025266871710194067,0.002465191300029601,0.0049544502162068,8.898e-13,True,8.898e-13,3,183996068
16:49062590:C:A,BMI,0.00011979,0.95,472174,-0.0118,9.07e-13,806779.0,0.008167,3.15e-05,523524,-0.004052,0.1365,425740.0,-0.003342,0.208,425743.0,-0.012916225,0.0767,318397.62,matched,1,1829,False,0.6202783300198808,0.0019103198079875787,0.0016517520459811065,0.001962116488288322,0.002721377121170624,0.0026543106353131567,0.007296630531495278,9.07e-13,True,9.07e-13,16,49062590
7:36084529:T:C,LYM,0.00178459,0.39,472174,0.0003,0.8735,718618.0,0.013802,1.63e-12,523521,-0.005102,0.05521,425740.0,-0.004731,0.06839,425743.0,-0.018821754,0.0003508,318397.62,matched,1,2127,False,0.38071570576540753,0.002076028328689955,0.0018842522913496125,0.001954139940358141,0.002661144910924398,0.0025959866803376337,0.005265455279185714,1.63e-12,True,1.63e-12,7,36084529
5:1412971:G:A,LTL,0.0471937,1.9e-12,472174,-0.0042,0.5127,484680.0,-0.003875,0.559822,478614,-0.01189,0.2101,425740.0,-0.00968,0.2957,425743.0,0.0054146326,0.8299,318397.62,matched,1,505,False,0.012922465208747515,0.006702096135138864,0.006415746582953763,0.006645447901810639,0.009487026258289401,0.009256965441977608,0.025204287346742026,1.9e-12,True,1.9e-12,5,1412971
14:21974672:G:A,LTL,0.023742,2.2e-12,472174,-0.008,0.01276,484680.0,0.004499,0.156563,524914,0.005869,0.1723,425740.0,0.001094,0.7942,425743.0,-0.0059820716,0.5946,318397.62,matched,1,1169,False,0.10934393638170974,0.0033814822109241626,0.003212337531079687,0.003175631301757127,0.004300104234255841,0.004193810591194777,0.011240651574034692,2.2e-12,True,2.2e-12,14,21974672
4:122750079:C:T,LTL,-0.014397,2.5e-12,472174,-0.0049,0.005071,718569.0,0.012597,7.3e-11,523520,-3.26e-05,0.9903,425740.0,-0.0006412,0.8055,425743.0,-0.0019980026,0.7275,318397.62,matched,1,471,False,0.35785288270377735,0.0020557447039459523,0.00174844597214095,0.001933727808164989,0.0026814841177972945,0.002604012070288245,0.0057339226822606644,2.5e-12,True,2.5e-12,4,122750079
10:30486133:G:A,LYM,-0.00378875,0.075,472174,-0.0057,0.003829,484680.0,0.013995,2.87e-12,524922,0.0007706,0.7726,425740.0,-0.01469,1.616e-08,425743.0,0.012578783,0.07668,318397.62,matched,1,2172,False,0.6669980119284294,0.002127956124299262,0.0019710114351229003,0.002003881134229815,0.002666660530096413,0.002600566195154837,0.007105520774635529,2.87e-12,True,2.87e-12,10,30486133
2:29075031:C:T,LTL,0.0140466,3.1e-12,472174,0.0089,2.885e-06,484680.0,-0.002055,0.277647,524860,0.007566,0.002893,425740.0,0.01606,8.879e-11,425743.0,-0.002995509,0.7015,318397.62,matched,1,141,False,0.4731610337972167,0.002014393983556813,0.0019021801725288754,0.001892926962278557,0.0025398770990439274,0.0024765219569523153,0.00781512404897803,3.1e-12,True,3.1e-12,2,29075031
22:45790132:T:C,LTL,0.0144904,4.8e-12,472174,-0.0047,0.01644,484680.0,0.00805,4.74e-05,524902,0.01204,6.894e-06,425740.0,-0.005522,0.03449,425743.0,-0.0069756135,0.324,318397.62,matched,1,1587,False,0.3817097415506958,0.002096603556028128,0.0019591511973987667,0.001978815433134182,0.002677379051957119,0.00261174414071905,0.007072712659466719,4.8e-12,True,4.8e-12,22,45790132
12:68560254:G:A,LYM,0.0044322,0.045,472174,0.0017,0.4167,484680.0,0.014235,6.38e-12,524918,0.005087,0.07098,425740.0,0.001572,0.5673,425743.0,-0.01192857,0.114,318397.62,matched,1,2152,False,0.7286282306163022,0.002210954598179206,0.002093184379795161,0.0020717822659109724,0.0028173376228437922,0.00274809591183441,0.007547497904499388,6.38e-12,True,6.38e-12,12,68560254
1:92842367:A:C,LTL,0.0599379,6.7e-12,472174,0.0135,0.1053,484680.0,-0.035957,9.81e-06,524462,-0.01139,0.2866,425740.0,0.006358,0.542,425743.0,-0.016857117,0.5415,318397.62,matched,1,73,False,0.014910536779324055,0.008732323726303243,0.008334954976525288,0.00813264006928032,0.010688714020429998,0.010426516369080848,0.02760989251863541,6.7e-12,True,6.7e-12,1,92842367
8:106259517:T:C,LYM,-0.00337125,0.17,472174,0.0019,0.3554,718431.0,0.015623,7.4e-12,524923,-0.005906,0.07392,425740.0,0.0001737,0.957,425743.0,-0.0059820716,0.4906,318397.62,matched,1,2143,False,0.23658051689860835,0.0024568143433882058,0.0020559081548473237,0.0022808265867422625,0.003304780287169729,0.00322152149686149,0.008677782936383409,7.4e-12,True,7.4e-12,8,106259517
6:127435106:A:T,LYM,0.00326471,0.1,472174,-0.0001,0.9378,803520.0,0.012959,7.59e-12,524920,-0.009643,0.0001995,425740.0,-0.008558,0.0007125,425743.0,-0.008959741,0.03045,318397.62,matched,1,2173,True,0.4860834990059642,0.001984802748710671,0.0012814718862310054,0.001892907513785974,0.00259244906175325,0.002528419271352305,0.004140003136464782,7.59e-12,True,7.59e-12,6,127435106
8:85079709:T:C,BMI,0.00444461,0.054,472174,0.0127,9.979e-12,806086.0,-0.001385,0.523997,523519,0.003846,0.1828,425740.0,0.01154,4.153e-05,425743.0,0.008536331,0.2665,318397.62,matched,1,1844,False,0.7664015904572564,0.00230668758402856,0.0018657798901264326,0.0021735845639017934,0.002886990346241854,0.0028154590649682046,0.007682368144321759,9.979e-12,True,9.979e-12,8,85079709
11:1874892:G:A,LYM,0.00359202,0.17,472174,0.0014,0.5694,484680.0,-0.017128,1.37e-11,481443,0.03369,1.286e-24,425740.0,0.02766,6.733e-18,425743.0,0.044056386,8.271e-13,318397.62,matched,1,2174,False,0.18588469184890655,0.002617701522502722,0.002460736439409576,0.0025333362086671766,0.0032894084232225904,0.0032090553669294262,0.00615606041641952,1.37e-11,True,1.37e-11,11,1874892
16:90143727:C:T,LTL,-0.014367,1.8e-11,472174,0.0037,0.05969,484680.0,-0.003272,0.473566,114815,0.008712,0.001317,425740.0,-0.002818,0.2867,425743.0,-0.002995509,0.6562,318397.62,matched,1,1307,False,0.6709741550695825,0.0021375045283551653,0.0019648697115204413,0.004565438971539426,0.002712118197767887,0.002645043636307253,0.006728975043945223,1.8e-11,True,1.8e-11,16,90143727
9:113830547:C:T,LYM,0.00367135,0.085,472174,0.0036,0.07316,484680.0,-0.013138,6.1e-11,524920,-0.008072,0.004073,425740.0,0.004267,0.1195,425743.0,-0.012916225,0.04147,318397.62,matched,1,2107,False,0.36779324055666,0.002131551520411269,0.0020091177573975157,0.0020084795370277084,0.0028101427328114303,0.002740745457040887,0.006335209675746907,6.1e-11,True,6.1e-11,9,113830547
1:40035928:G:T,LTL,-0.0155758,1.1e-09,472174,0.0158,6.108e-11,484680.0,-0.006291,0.008086,524921,0.007011,0.0426,425740.0,0.01204,0.0003581,425743.0,0.041864205,2.349e-09,318397.62,matched,1,43,False,0.1878727634194831,0.002555848468472266,0.0024155067334877705,0.002375344835907551,0.003457764418186567,0.0033733236163516083,0.007010519812154748,1.1e-09,True,6.108e-11,1,40035928
9:136930894:G:A,LYM,-0.00225486,0.3,472174,0.0024,0.2473,484680.0,0.013695,7e-11,524918,-0.003653,0.1946,425740.0,-0.0003465,0.8996,425743.0,-0.015873348,0.03512,318397.62,matched,1,2177,False,0.3071570576540755,0.0021755956753779504,0.0020744514554375303,0.002100248422596047,0.0028163027884022833,0.0027463673319453913,0.007533724897971382,7e-11,True,7e-11,9,136930894
3:24232035:C:T,LYM,-0.00348703,0.17,472174,0.0038,0.1144,484680.0,0.013948,7.85e-11,524918,-0.002173,0.501,425740.0,0.006995,0.02634,425743.0,-0.015873348,0.01221,318397.62,matched,1,2150,False,0.18091451292246521,0.0025411895646496032,0.002407011314554879,0.002144708743151308,0.0032292236803608777,0.003149252697886887,0.006334096137819961,7.85e-11,True,7.85e-11,3,24232035
3:101267385:T:C,LTL,0.0138552,9.7e-11,472174,-0.0069,0.0005951,484680.0,-0.002647,0.187391,524919,-0.002603,0.3277,425740.0,-0.009975,0.0001206,425743.0,-0.017839918,0.001106,318397.62,matched,1,369,False,0.34691848906560635,0.002140938595777026,0.002009413441826077,0.0020078332315182465,0.0026594953324466813,0.0025943435478192824,0.005468887047231948,9.7e-11,True,9.7e-11,3,101267385
2:165513091:T:C,BMI,-0.00109539,0.59,472174,0.0106,9.974e-11,806403.0,-0.012086,3.15e-10,523982,-0.006064,0.01697,425740.0,0.003788,0.1263,425743.0,-0.022739487,6.853e-07,318397.62,matched,1,1661,False,0.4423459244532803,0.0020328818758351096,0.0016390034233352909,0.00192109295299945,0.002540047349694619,0.0024776686229544603,0.0045795108267068195,9.974e-11,True,9.974e-11,2,165513091
14:20812951:G:A,LTL,-0.028973,1.5e-10,472174,-0.0032,0.4552,484680.0,0.005562,0.194339,524917,0.001114,0.8412,425740.0,0.005045,0.3523,425743.0,0.027371196,0.0181,318397.62,matched,1,1161,False,0.06461232604373758,0.004523232271538975,0.004285098374528017,0.004285550289019848,0.005560026061235659,0.005423930419180126,0.011580465890649079,1.5e-10,True,1.5e-10,14,20812951
1:10796547:G:A,LYM,-0.00160747,0.45,472174,0.0043,0.03385,484680.0,-0.012942,2.16e-10,524918,0.04263,1.23e-55,425740.0,0.03593,5.451e-42,425743.0,0.052978925,3.547e-25,318397.62,matched,1,2111,False,0.352882703777336,0.0021279296067814074,0.0020265296255609477,0.0020382671024003008,0.002713021643595106,0.002646304617203475,0.005110924259657291,2.16e-10,True,2.16e-10,1,10796547
7:123420442:C:A,LTL,0.0129482,2.8e-10,472174,0.0023,0.187,718677.0,-0.004927,0.010811,524922,0.01332,5.13e-07,425740.0,0.00531,0.04019,425743.0,0.0291199,4.022e-08,318397.62,matched,1,755,False,0.38866799204771374,0.0020521863736694657,0.0017430765536266533,0.0019331050284995366,0.0026526541711504744,0.0025879831700199893,0.005304284230235059,2.8e-10,True,2.8e-10,7,123420442
7:50258206:G:A,LTL,-0.0270298,2.8e-10,472174,-0.0046,0.2631,484680.0,-0.000761,0.848972,524916,-0.00478,0.4021,425740.0,-0.006448,0.2464,425743.0,-0.013902905,0.3724,318397.62,matched,1,726,False,0.061630218687872766,0.0042840076028336695,0.004110467593913275,0.00399621396316265,0.005704897208956917,0.005562755113977439,0.015586446770735406,2.8e-10,True,2.8e-10,7,50258206
18:74691225:A:G,LTL,0.0131327,2.9e-10,472174,0.0002,0.8916,718679.0,0.000943,0.633284,523977,0.008176,0.002358,425740.0,0.009335,0.0003709,425743.0,-0.0019980026,0.8182,318397.62,matched,1,1431,False,0.38071570576540753,0.0020832221911113355,0.0014675676726272331,0.001976484607995605,0.0026885962445300318,0.002622214588209758,0.008692231540536006,2.9e-10,True,2.9e-10,18,74691225
2:220087441:T:C,BMI,0.00594447,0.089,472174,-0.0188,3.317e-10,718516.0,0.019555,5.36e-09,523522,0.008541,0.05483,425740.0,0.009712,0.02518,425743.0,-0.015873348,0.1864,318397.62,matched,1,1662,False,0.07455268389662027,0.0034953150876300574,0.002992111752034391,0.0033509883707543054,0.0044479257063253855,0.0043383676450195864,0.012013395290328204,3.317e-10,True,3.317e-10,2,220087441
12:24762109:T:C,LTL,-0.0178308,8e-10,472174,-0.0041,0.09391,718698.0,-0.004512,0.10043,524922,-0.004061,0.2836,425740.0,0.006812,0.06518,425743.0,0.0025031301,0.8063,318397.62,matched,1,1065,False,0.16699801192842942,0.0029017103507220643,0.002447580707832283,0.002746576194149887,0.0037873019969135624,0.0036941000007754575,0.010208439296785266,8e-10,True,8e-10,12,24762109
12:133384864:G:A,BMI,0.00140747,0.52,472174,0.0113,8.84e-10,718619.0,0.004402,0.031089,523516,0.001075,0.6957,425740.0,0.0004732,0.8599,425743.0,0.0055151805,0.452,318397.62,matched,1,1711,False,0.2813121272365805,0.0021877361495111656,0.0018436759806445312,0.002041808668086563,0.0027484359068990394,0.0026809976186328646,0.007333188647851724,8.84e-10,True,8.84e-10,12,133384864
17:41085683:A:G,BMI,-0.0121579,9.8e-08,472174,-0.0111,1.966e-09,804311.0,0.000898,0.678293,522442,0.001449,0.6078,425740.0,-0.007993,0.003701,425743.0,-0.0009995003,0.9317,318397.62,matched,1,1831,False,0.2882703777335984,0.0022808633539189134,0.0018498176321739257,0.0021649321129713632,0.0028233707666256627,0.002753754899884832,0.011661941499150449,1.966e-09,True,1.966e-09,17,41085683
11:64026144:G:A,BMI,0.00145689,0.5,472174,0.0103,2.184e-09,806733.0,-0.001162,0.583931,480041,-0.006295,0.01855,425740.0,-0.008958,0.000592,425743.0,-0.012916225,0.02145,318397.62,matched,1,1693,False,0.6669980119284294,0.0021599883461186262,0.0017214020113464506,0.002121786062573546,0.002673657349957432,0.002607667900095272,0.005615826709374137,2.184e-09,True,2.184e-09,11,64026144
18:42533130:A:G,BMI,0.00676774,0.019,472174,0.0136,4.138e-09,806771.0,-0.001941,0.473783,522442,0.00975,0.008371,425740.0,0.001731,0.6312,425743.0,-0.002995509,0.7921,318397.62,matched,1,1698,False,0.852882703777336,0.002885376524221482,0.002313483740738428,0.0027096167681729356,0.003697765237771813,0.0036059605893366113,0.01136450540199752,4.138e-09,True,4.138e-09,18,42533130
15:65116390:C:A,LTL,0.0447257,4.4e-09,472174,0.006,0.4078,484680.0,0.017896,0.016207,480984,0.01025,0.4315,425740.0,0.06607,1.986e-07,425743.0,-0.00796817,0.8238,318397.62,matched,1,1218,False,0.013916500994035786,0.007621436960431172,0.007248378387880439,0.007443577223002262,0.013030311012438138,0.012704197739628645,0.035786238140745406,4.4e-09,True,4.4e-09,15,65116390
1:15808872:G:A,BMI,-0.00044021,0.85,472174,-0.0107,4.627e-09,806782.0,0.002921,0.176257,523518,-0.004505,0.1176,425740.0,-0.001636,0.5602,425743.0,0.0,0.9769,318397.62,matched,1,1796,False,0.23757455268389663,0.0023276949193994576,0.001825919875686012,0.0021599119509784727,0.0028787283167137708,0.00280836931452591,0.002944431424232591,4.627e-09,True,4.627e-09,1,15808872
12:88861682:G:A,LTL,0.0143766,5.4e-09,472174,0.0006,0.8011,484680.0,-0.00579,0.013376,523980,0.003019,0.345,425740.0,0.009599,0.002078,425743.0,0.010555514,0.2154,318397.62,matched,1,1096,False,0.7962226640159046,0.0024641296733830427,0.002381673005744219,0.002340719589206696,0.003196968740746904,0.0031177206682714217,0.008520393730105831,5.4e-09,True,5.4e-09,12,88861682
17:65706748:C:G,LTL,0.0115162,1.2e-08,472174,0.0039,0.02375,718260.0,0.001962,0.30538,523836,0.00371,0.1482,425740.0,0.003097,0.2158,425743.0,-0.01192857,0.02163,318397.62,matched,1,1381,True,0.5387673956262425,0.002020483017766364,0.0017247864288996299,0.001914212882061621,0.002565842701074142,0.0025020729682502818,0.0051935534121269975,1.2e-08,True,1.2e-08,17,65706748
20:62345183:A:G,LTL,-0.0963686,1.2e-08,472174,0.0057,0.7253,484680.0,-0.006785,0.674552,480891,0.00263,0.9001,425740.0,-0.01977,0.3333,425743.0,-0.013902905,0.8041,318397.62,matched,1,1548,False,0.011928429423459244,0.01690758407685865,0.01622155207279504,0.016158266402747864,0.02095032874032256,0.020434356174763253,0.05605005033585897,1.2e-08,True,1.2e-08,20,62345183
19:56733425:C:A,LTL,-0.0126852,1.2e-08,472174,-0.0031,0.1484,484680.0,0.007524,0.000391,523840,0.001053,0.7037,425740.0,0.00279,0.3015,425743.0,0.012781334,0.08362,318397.62,matched,1,1486,False,0.2813121272365805,0.0022255805888200864,0.0021450227571124616,0.00212177652439726,0.0027686436796597286,0.0027002908248218655,0.007387808727267924,1.2e-08,True,1.2e-08,19,56733425
9:109639896:A:C,LTL,0.0142005,1.2e-08,472174,-0.0056,0.01913,484680.0,-0.002841,0.229675,524917,0.000454,0.8883,425740.0,0.006795,0.03114,425743.0,-0.0069756135,0.406,318397.62,matched,1,847,False,0.1908548707753479,0.0024914354642843342,0.002390110438549528,0.0023651418237747674,0.0032323372956067314,0.0031527239273544953,0.008394711625076995,1.2e-08,True,1.2e-08,9,109639896
3:15648004:T:C,BMI,-0.0022332,0.27,472174,0.0091,1.617e-08,804225.0,0.004156,0.028072,520695,0.006024,0.01592,425740.0,-0.001973,0.4182,425743.0,0.011971372,0.07221,318397.62,matched,1,1733,False,0.5238568588469185,0.0020245451968690575,0.001611000543827736,0.0018922917044624716,0.002498813205615156,0.0024371624409469253,0.006658931080766886,1.617e-08,True,1.617e-08,3,15648004
15:59499228:C:T,BMI,-0.00159936,0.46,472174,0.0099,1.807e-08,785670.0,-0.00271,0.184135,523516,0.005972,0.02596,425740.0,0.00306,0.242,425743.0,0.012173801,0.08795,318397.62,matched,1,1642,False,0.3399602385685885,0.002164670529168181,0.0017585833536990232,0.0020404621422917516,0.002681863747530305,0.0026153792337378135,0.0071345690630164275,1.807e-08,True,1.807e-08,15,59499228
3:194205215:T:G,LYM,0.00208832,0.63,472174,0.0048,0.2008,484680.0,-0.024075,3.01e-08,524921,-0.003805,0.5533,425740.0,-0.01098,0.07953,425743.0,0.020202707,0.2364,318397.62,matched,1,2139,False,0.061630218687872766,0.004335070801638363,0.0037521232857848624,0.004344998036852627,0.006418448180729745,0.006262049122866838,0.017062621564866313,3.01e-08,True,3.01e-08,3,194205215
14:96997233:C:A,LTL,0.0165425,4.5e-08,472174,-0.0062,0.03284,484680.0,-0.004736,0.096695,524910,0.01245,0.001555,425740.0,0.007319,0.05643,425743.0,-0.002995509,0.7878,318397.62,matched,1,1193,False,0.14015904572564614,0.003024215287688523,0.002905295829375545,0.0028511367297131872,0.00393462080894911,0.0038365570837140778,0.011128749167061802,4.5e-08,True,4.5e-08,14,96997233
