varId,rsid,pos,b_ltl,se_ltl,p_ltl,b_out,se_out,p_out,n_out,in_panel,eur_af_alt
3:169236514:T:C,rs7636429,169236514,-0.0112381,0.00307083,0.00025,0.017349638,0.01037770057622476,0.09456,318397.62,True,0.1172962226640159
3:169237430:G:C,rs4577512,169237430,-0.00624758,0.00201267,0.0019,0.011870173,0.006789055790689644,0.08039,318397.62,True,0.4592445328031809
3:169238015:T:C,rs1997280,169238015,-0.00763879,0.00204252,0.00018,0.025112702,0.0053415515357816985,2.584e-06,318397.62,True,0.6013916500994035
3:169238425:T:G,rs6444855,169238425,-0.00656921,0.00201568,0.0011,0.011768984,0.006768231717096603,0.08206,318397.62,True,0.4592445328031809
3:169238463:C:T,rs6444856,169238463,-0.00621584,0.00202817,0.0022,0.012376271,0.005288403113637489,0.01927,318397.62,True,0.4294234592445328
3:169238712:G:A,rs6444857,169238712,-0.00084101,0.00221763,0.7,0.009848336,0.007443343992900437,0.1858,318397.62,True,0.3061630218687873
3:169239578:A:G,rs4361323,169239578,-0.00594587,0.00202489,0.0033,0.012578783,0.005378049372330971,0.01934,318397.62,True,0.4304174950298211
3:169239915:T:C,rs11923798,169239915,-0.0111544,0.00307353,0.00028,0.017247893,0.010347777495367699,0.09555,318397.62,True,0.1172962226640159
3:169240234:C:T,rs7618309,169240234,-0.00648169,0.0020157,0.0013,0.011870173,0.006803849829554004,0.08105,318397.62,True,0.4592445328031809
3:169241641:G:A,rs4350951,169241641,-0.00081099,0.0022172,0.71,0.009848336,0.007436577175472058,0.1854,318397.62,True,0.3061630218687873
3:169242142:G:T,rs1343034,169242142,-0.00644975,0.00201424,0.0014,0.013389237,0.006831667065609131,0.05001,318397.62,True,0.45825049701789267
3:169242205:T:C,rs3905222,169242205,-0.00608742,0.00202931,0.0027,0.013591954,0.005241839945598625,0.009515,318397.62,True,0.4294234592445328
3:169242246:G:A,rs1343036,169242246,-0.00080925,0.00221709,0.72,0.012275031,0.007515348965069113,0.1024,318397.62,True,0.3061630218687873
3:169243285:C:T,rs9851550,169243285,-0.00615921,0.00202759,0.0024,0.013389237,0.0052491946951757455,0.01075,318397.62,True,0.4294234592445328
3:169243752:G:T,rs112639711,169243752,-0.0111633,0.00307381,0.00028,0.017247893,0.010498331663396492,0.1004,318397.62,True,0.1172962226640159
3:169244024:T:C,rs9876326,169244024,-0.00612144,0.00202783,0.0025,0.013287894,0.005243399301460662,0.01127,318397.62,True,0.4294234592445328
3:169244930:G:T,rs6444858,169244930,-0.00649909,0.00201565,0.0013,0.01308524,0.006842734608217411,0.05584,318397.62,True,0.4592445328031809
3:169248763:G:C,rs12492499,169248763,0.00397343,0.0021379,0.063,0.019692633,0.005200783726212499,0.0001528,318397.62,True,0.3320079522862823
3:169249476:C:A,rs3863104,169249476,0.00390746,0.00213675,0.067,0.01928476,0.005140976609009458,0.000176,318397.62,True,0.33001988071570576
3:169249745:C:T,rs3909247,169249745,0.00400394,0.00213613,0.061,0.019080888,0.005101057926476503,0.0001836,318397.62,True,0.33001988071570576
3:169249790:A:G,rs1421007,169249790,0.00242208,0.00228347,0.29,0.014910613,0.005596641529357135,0.007717,318397.62,True,0.27236580516898606
3:169249872:A:G,rs1833340,169249872,0.00250505,0.00228248,0.27,0.014809116,0.005600478758648397,0.008187,318397.62,True,0.27236580516898606
3:169250084:T:C,rs1016444,169250084,0.00281404,0.00209392,0.18,0.01592615,0.005085746270124024,0.001739,318397.62,True,0.3648111332007952
3:169250603:G:C,rs9861426,169250603,0.00281798,0.00209402,0.18,0.01592615,0.005092837402023431,0.001765,318397.62,True,0.3648111332007952
3:169251295:C:T,rs6791548,169251295,0.00279329,0.00209409,0.18,0.01592615,0.005083823873485133,0.001732,318397.62,True,0.3648111332007952
3:169251742:T:A,rs2901526,169251742,0.00401709,0.00213755,0.06,0.01928476,0.005148906066951151,0.0001801,318397.62,True,0.33101391650099404
3:169252883:T:G,rs73174345,169252883,0.0074856,0.0041811,0.073,0.024600117,0.00989559333686723,0.01292,318397.62,True,0.05864811133200795
3:169252918:G:A,rs733507,169252918,0.00361023,0.00213379,0.091,0.019386714,0.005172451466982473,0.0001782,318397.62,True,0.33101391650099404
3:169252982:C:T,rs733508,169252982,0.00361247,0.00213382,0.09,0.019386714,0.005177857324037512,0.000181,318397.62,True,0.33101391650099404
3:169253978:G:T,rs28655512,169253978,0.00346089,0.00213903,0.11,0.01959065,0.005174294614670634,0.000153,318397.62,True,0.33001988071570576
3:169253993:T:C,rs6767836,169253993,0.0032772,0.00213707,0.13,0.01959065,0.0052124905278957525,0.000171,318397.62,True,0.33300198807157055
3:169254101:G:C,rs6776319,169254101,0.00339919,0.00213326,0.11,0.01959065,0.005211270960911983,0.0001704,318397.62,True,0.33300198807157055
3:169254302:T:C,rs73174347,169254302,0.00708343,0.0033337,0.034,-0.019802628,0.008649303612369907,0.02205,318397.62,True,0.10238568588469185
3:169254980:G:C,rs7625633,169254980,0.00733056,0.00419189,0.08,0.024292693,0.009884010716300887,0.01398,318397.62,True,0.05864811133200795
3:169255609:T:G,rs1421008,169255609,0.00215739,0.00228152,0.34,0.01399751,0.005523413579020771,0.01127,318397.62,True,0.27634194831013914
3:169256035:C:T,rs79708484,169256035,-0.00311412,0.00274943,0.26,0.026960181,0.007315083315214521,0.0002282,318397.62,True,0.15109343936381708
3:169256240:C:T,rs7651940,169256240,-0.00657773,0.00201373,0.0011,0.022450129,0.005187412189562626,1.506e-05,318397.62,True,0.5218687872763419
3:169256369:G:A,rs16854019,169256369,-0.0109899,0.002331,2.4e-06,0.01572296,0.006347637653977632,0.01325,318397.62,True,0.23856858846918488
3:169256875:T:C,rs1362771,169256875,-0.0104135,0.00243706,1.9e-05,0.021530118,0.00646346873709111,0.0008652,318397.62,True,0.20675944333996024
3:169257131:C:T,rs11718241,169257131,-0.0104384,0.0024364,1.8e-05,0.021530118,0.006470426601201133,0.0008764,318397.62,True,0.20675944333996024
3:169257233:C:T,rs1362772,169257233,-0.0104396,0.00243636,1.8e-05,0.021427948,0.0064651654417585734,0.0009185,318397.62,True,0.20675944333996024
3:169257485:C:A,rs1421009,169257485,-0.0105045,0.00243624,1.6e-05,0.021427948,0.006465521609719084,0.0009191,318397.62,True,0.20675944333996024
3:169257711:G:C,rs75041760,169257711,-0.00475767,0.00493992,0.34,0.01592615,0.020737756927952555,0.4425,318397.62,True,0.042743538767395624
3:169257856:C:T,rs16854029,169257856,-0.010505,0.00243619,1.6e-05,0.021223636,0.006363476990660987,0.0008523,318397.62,True,0.20675944333996024
3:169259606:C:T,rs11720701,169259606,-0.010474,0.00243675,1.7e-05,0.021223636,0.00635684737822021,0.0008417,318397.62,True,0.2077534791252485
3:169260322:G:C,rs7625022,169260322,-0.0105094,0.00243605,1.6e-05,0.021121496,0.006357799118929326,0.0008933,318397.62,True,0.20576540755467196
3:169260759:A:C,rs10513674,169260759,-0.0105287,0.00243589,1.5e-05,0.021121496,0.006375624142772974,0.0009235,318397.62,True,0.2077534791252485
3:169260950:A:G,rs10513675,169260950,-0.0105286,0.00243585,1.5e-05,0.021121496,0.006375624142772974,0.0009235,318397.62,True,0.2077534791252485
3:169261206:G:T,rs56872774,169261206,-0.0105269,0.00243579,1.5e-05,0.021121496,0.006375624142772974,0.0009235,318397.62,True,0.2077534791252485
3:169261384:C:T,rs11707159,169261384,-0.00250845,0.00270016,0.35,0.026241312,0.007207582175359821,0.0002718,318397.62,True,0.15308151093439365
3:169261865:G:A,rs11708161,169261865,-0.0104833,0.0024356,1.7e-05,0.021121496,0.006357799118929326,0.0008933,318397.62,True,0.2077534791252485
3:169262099:A:T,rs11715899,169262099,-0.0105103,0.00243539,1.6e-05,0.021121496,0.006375624142772974,0.0009235,318397.62,True,0.2077534791252485
3:169262279:G:A,rs34371084,169262279,-0.0104725,0.00243556,1.7e-05,0.021121496,0.006357799118929326,0.0008933,318397.62,True,0.2077534791252485
3:169262775:T:C,rs12633558,169262775,0.0018512,0.00228336,0.42,0.011870173,0.005500614639802037,0.03093,318397.62,True,0.2783300198807157
3:169262788:C:T,rs9821752,169262788,0.00190197,0.00226702,0.4,0.012680053,0.005641529656695249,0.0246,318397.62,True,0.2803180914512923
3:169262883:G:A,rs1861839,169262883,-0.00220942,0.00269232,0.41,0.025933381,0.0071356632193755225,0.0002787,318397.62,True,0.1540755467196819
3:169262998:C:T,rs12631412,169262998,0.00198204,0.00226281,0.38,0.012477522,0.005623160304907207,0.02649,318397.62,True,0.2803180914512923
3:169263164:T:G,rs16854063,169263164,-0.0103143,0.00242494,2.1e-05,0.020917248,0.006369202176955415,0.001023,318397.62,True,0.20874751491053678
3:169263328:T:C,rs57938244,169263328,-0.00208588,0.00270535,0.44,0.026754737,0.0071667996051774305,0.0001891,318397.62,True,0.15308151093439365
3:169263506:T:C,rs7626930,169263506,-0.00231137,0.00270413,0.39,0.026241312,0.007164330077176809,0.0002495,318397.62,True,0.15308151093439365
3:169263612:T:C,rs7629145,169263612,-0.0103771,0.00242863,1.9e-05,0.020917248,0.006367597594110523,0.00102,318397.62,True,0.20874751491053678
3:169264133:T:G,rs1421010,169264133,-0.0103773,0.00242862,1.9e-05,0.020917248,0.006349323467056581,0.0009863,318397.62,True,0.20874751491053678
3:169264407:T:C,rs61637219,169264407,0.0075668,0.00425453,0.075,0.026138658,0.010700957000372569,0.01458,318397.62,True,0.05467196819085487
3:169264646:G:T,rs3922265,169264646,-0.0103773,0.00242862,1.9e-05,0.020917248,0.006349323467056581,0.0009863,318397.62,True,0.20874751491053678
3:169264707:A:T,rs2193544,169264707,-0.0103773,0.00242862,1.9e-05,0.020917248,0.006366525894257139,0.001018,318397.62,True,0.20874751491053678
3:169265499:C:T,rs2880233,169265499,-0.0103761,0.00242863,1.9e-05,0.020917248,0.006366525894257139,0.001018,318397.62,True,0.20874751491053678
3:169265705:T:C,rs11709963,169265705,-0.00167841,0.00271661,0.54,0.027062919,0.007135158123344334,0.0001489,318397.62,True,0.15109343936381708
3:169265780:T:A,rs11710002,169265780,-0.00206466,0.00270526,0.45,0.026754737,0.007169350190733357,0.0001901,318397.62,True,0.15308151093439365
3:169266232:C:T,rs11706777,169266232,-0.0103398,0.0024287,2.1e-05,0.021121496,0.00636765254692378,0.0009099,318397.62,True,0.20874751491053678
3:169266528:G:A,rs16854066,169266528,-0.0103483,0.00242853,2e-05,0.020917248,0.006366525894257139,0.001018,318397.62,True,0.20874751491053678
3:169266602:G:A,rs76642126,169266602,0.00727803,0.00336229,0.03,-0.02078254,0.011904083448939947,0.08084,318397.62,True,0.09244532803180915
3:169266906:C:T,rs11707770,169266906,-0.00223205,0.00270385,0.41,0.026241312,0.007152781626648898,0.0002438,318397.62,True,0.15308151093439365
3:169267762:C:T,rs1421011,169267762,-0.0103603,0.00242858,2e-05,0.02081514,0.0063402342962346255,0.001027,318397.62,True,0.20874751491053678
3:169267796:C:T,rs1421012,169267796,-0.00217726,0.00269212,0.42,0.02572815,0.007161912698641079,0.0003277,318397.62,True,0.1550695825049702
3:169267991:G:A,rs75718215,169267991,-0.00202558,0.00270519,0.45,0.026754737,0.007169350190733357,0.0001901,318397.62,True,0.15308151093439365
3:169268299:G:T,rs57253035,169268299,-0.0101731,0.00309961,0.001,0.019386714,0.010723254435942034,0.07062,318397.62,True,0.11232604373757456
3:169268968:C:A,rs74519809,169268968,-0.00213691,0.00269284,0.43,0.025933381,0.0071356632193755225,0.0002787,318397.62,True,0.1540755467196819
3:169268984:C:G,rs16854075,169268984,-0.0103467,0.00242917,2.1e-05,0.020917248,0.006366525894257139,0.001018,318397.62,True,0.20874751491053678
3:169269956:A:G,rs7629338,169269956,-0.00176111,0.00461841,0.7,0.026857454,0.012203481470052863,0.02775,318397.62,True,0.937375745526839
3:169271278:G:A,rs7642776,169271278,-0.0107337,0.00232768,4e-06,0.01572296,0.006228424999189772,0.01159,318397.62,True,0.24254473161033796
3:169272041:A:C,rs11721172,169272041,-0.0103278,0.00242909,2.1e-05,0.020917248,0.006365452605489441,0.001016,318397.62,True,0.20874751491053678
3:169272121:G:A,rs11713381,169272121,-0.0103267,0.00242909,2.1e-05,0.020917248,0.006348444203031046,0.0009847,318397.62,True,0.20874751491053678
3:169272262:A:G,rs4290845,169272262,-0.0103269,0.0024291,2.1e-05,0.020917248,0.00635735171776423,0.001001,318397.62,True,0.20874751491053678
3:169272631:A:G,rs79382647,169272631,-0.0103304,0.00242911,2.1e-05,0.020917248,0.006365452605489441,0.001016,318397.62,True,0.20874751491053678
3:169273099:C:T,rs77881800,169273099,-0.00219865,0.00270404,0.42,0.026343975,0.0071556315026195,0.0002318,318397.62,True,0.15308151093439365
3:169273102:G:A,rs73174352,169273102,0.00781015,0.00425613,0.067,0.026138658,0.010747194982371136,0.01501,318397.62,True,0.05467196819085487
3:169273650:G:A,rs1362778,169273650,-0.0103006,0.00242788,2.2e-05,0.020713042,0.006354129297168311,0.001115,318397.62,True,0.20974155069582506
3:169273716:A:G,rs1362777,169273716,-0.0103038,0.00242786,2.2e-05,0.020917248,0.006368667710666788,0.001022,318397.62,True,0.20874751491053678
3:169273924:T:C,rs60880326,169273924,0.00176679,0.00226355,0.44,0.012680053,0.005658754659597448,0.02504,318397.62,True,0.2823061630218688
3:169273981:T:G,rs78362693,169273981,0.00665898,0.0033647,0.048,-0.02078254,0.011909182029919195,0.08097,318397.62,True,0.09244532803180915
3:169274391:A:T,rs721807,169274391,-0.0103216,0.00242795,2.1e-05,0.021019368,0.006369590448609113,0.000967,318397.62,True,0.20874751491053678
3:169274577:T:C,rs721809,169274577,-0.00255475,0.00215795,0.24,0.02583076,0.0055853641491342325,3.751e-06,318397.62,True,0.6719681908548708
3:169274648:G:A,rs721808,169274648,0.00771196,0.00425643,0.07,0.026138658,0.010700957000372569,0.01458,318397.62,True,0.05467196819085487
3:169275124:G:A,rs73174354,169275124,0.00773194,0.00425623,0.069,0.026138658,0.010700957000372569,0.01458,318397.62,True,0.05467196819085487
3:169275393:A:G,rs1946164,169275393,-0.0103135,0.00242792,2.2e-05,0.020917248,0.0063600621291398755,0.001006,318397.62,True,0.20874751491053678
3:169275741:G:C,rs10936584,169275741,-0.00217525,0.00269139,0.42,0.025933381,0.007182079190398925,0.0003052,318397.62,True,0.1540755467196819
3:169276126:C:T,rs1895032,169276126,-0.0103135,0.00242792,2.2e-05,0.020917248,0.006371868616262375,0.001028,318397.62,True,0.20874751491053678
3:169276225:C:T,rs12633194,169276225,-0.0103027,0.0024271,2.2e-05,0.020917248,0.006370803216202371,0.001026,318397.62,True,0.20874751491053678
3:169276394:G:A,rs12633280,169276394,-0.010311,0.00242792,2.2e-05,0.020917248,0.006369202176955415,0.001023,318397.62,True,0.20874751491053678
3:169276415:C:T,rs12633239,169276415,-0.010311,0.00242792,2.2e-05,0.020917248,0.006369202176955415,0.001023,318397.62,True,0.20874751491053678
3:169276681:A:T,rs74451340,169276681,-0.0103025,0.00242792,2.2e-05,0.020917248,0.00635735171776423,0.001001,318397.62,True,0.20874751491053678
3:169276775:T:C,rs16854083,169276775,-0.0103025,0.00242792,2.2e-05,0.021019368,0.006371380811632117,0.0009702,318397.62,True,0.20874751491053678
3:169276971:T:C,rs16854085,169276971,-0.0103025,0.00242792,2.2e-05,0.021019368,0.006371380811632117,0.0009702,318397.62,True,0.20874751491053678
3:169277038:T:C,rs16854088,169277038,-0.0103025,0.00242792,2.2e-05,0.021019368,0.006370989551588478,0.0009695,318397.62,True,0.20874751491053678
3:169277110:G:A,rs79068492,169277110,-0.0103025,0.00242792,2.2e-05,0.020917248,0.0063558838448751365,0.0009983,318397.62,True,0.20874751491053678
3:169277440:A:C,rs1345470,169277440,-0.00256243,0.00215806,0.24,0.02583076,0.00557826972862152,3.646e-06,318397.62,True,0.6719681908548708
3:169277496:G:A,rs1345469,169277496,-0.0103117,0.00242789,2.2e-05,0.021019368,0.0063799350471412134,0.0009856,318397.62,True,0.20874751491053678
3:169278263:A:G,rs12629443,169278263,-0.0103214,0.00242792,2.1e-05,0.021019368,0.006360457349567415,0.0009508,318397.62,True,0.20874751491053678
3:169278357:T:G,rs1421015,169278357,0.0022405,0.00226582,0.32,0.012578783,0.005618964701495306,0.02518,318397.62,True,0.2813121272365805
3:169278632:A:G,rs12629527,169278632,-0.0103214,0.00242792,2.1e-05,0.021019368,0.006378885139459375,0.0009837,318397.62,True,0.20874751491053678
3:169279394:T:C,rs1343038,169279394,-0.0103045,0.00242754,2.2e-05,0.021019368,0.006366277689611809,0.0009611,318397.62,True,0.20874751491053678
3:169279441:G:T,rs11715354,169279441,-0.0102951,0.00242753,2.2e-05,0.021019368,0.006359435311796488,0.000949,318397.62,True,0.20874751491053678
3:169279507:G:A,rs1343037,169279507,-0.0107913,0.00232721,3.5e-06,0.016129382,0.006227681939258198,0.009599,318397.62,True,0.2415506958250497
3:169279726:G:A,rs142780504,169279726,-0.00018659,0.00356486,0.96,0.005213567,0.013954846710152898,0.7087,318397.62,True,0.08449304174950298
3:169280307:G:A,rs6444859,169280307,-0.00156727,0.00461764,0.73,0.027576767,0.012239232477863909,0.02425,318397.62,True,0.937375745526839
3:169280729:A:G,rs1833342,169280729,-0.00255277,0.00215835,0.24,0.024600117,0.005648349947892819,1.329e-05,318397.62,True,0.672962226640159
3:169281962:T:A,rs6809237,169281962,0.00437417,0.00208139,0.036,0.0075282664,0.007260622591710149,0.2998,318397.62,True,0.37375745526838966
3:169283495:T:C,rs3863105,169283495,-0.00257692,0.00215835,0.23,0.023473356,0.005580424568706997,2.595e-05,318397.62,True,0.6709741550695825
3:169283921:C:T,rs3863106,169283921,0.00203765,0.0022756,0.37,0.015113638,0.007866558583732893,0.0547,318397.62,True,0.279324055666004
3:169284577:G:A,rs16854106,169284577,-0.0102205,0.00243642,2.7e-05,0.020100672,0.006391357794290741,0.001661,318397.62,True,0.2077534791252485
3:169285609:T:G,rs7620590,169285609,-0.0102446,0.00243638,2.6e-05,0.019998647,0.0063772268081039845,0.001713,318397.62,True,0.2077534791252485
3:169286229:G:C,rs6783308,169286229,-0.0102583,0.00242944,2.4e-05,0.019692633,0.006377731107904077,0.002017,318397.62,True,0.20874751491053678
3:169286266:C:A,rs6808197,169286266,-0.0102717,0.00242902,2.4e-05,0.019794628,0.006376742563266259,0.001908,318397.62,True,0.20874751491053678
3:169286315:G:A,rs115877989,169286315,-0.00843189,0.00309969,0.0065,0.01816397,0.010757947932561318,0.09133,318397.62,True,0.11232604373757456
3:169286598:G:A,rs12636962,169286598,-0.0102533,0.00242912,2.4e-05,0.019692633,0.006362064872657773,0.001966,318397.62,True,0.20874751491053678
3:169286907:T:C,rs145117921,169286907,-0.00197893,0.00270471,0.46,0.02521525,0.007262678143851322,0.0005168,318397.62,True,0.15308151093439365
3:169287307:C:T,rs2342060,169287307,-0.0019942,0.00270563,0.46,0.025420377,0.007261824748846819,0.0004643,318397.62,True,0.15308151093439365
3:169288310:A:C,rs116631735,169288310,-0.010206,0.00242942,2.7e-05,0.019692633,0.006375903046885138,0.002011,318397.62,True,0.20874751491053678
3:169288491:A:G,rs138861261,169288491,-0.0102273,0.00242949,2.6e-05,0.019692633,0.0063771221929529755,0.002015,318397.62,True,0.20874751491053678
3:169288543:C:T,rs2216360,169288543,-0.0102394,0.00242947,2.5e-05,0.019692633,0.0063771221929529755,0.002015,318397.62,True,0.20874751491053678
3:169288729:C:T,rs9875484,169288729,0.00397004,0.00209485,0.058,0.0062193,0.0072886353579441066,0.3935,318397.62,True,0.37375745526838966
3:169289123:TAA:T,rs746331535,169289123,-0.0103019,0.00243083,2.3e-05,0.019794628,0.006416860214990176,0.002037,318397.62,True,0.20874751491053678
3:169289185:A:G,rs7640388,169289185,-0.010299,0.00243056,2.3e-05,0.019692633,0.00637559798559753,0.00201,318397.62,True,0.20874751491053678
3:169289489:A:G,rs145299456,169289489,0.00642974,0.00336962,0.056,-0.018821754,0.011469772590026971,0.1008,318397.62,True,0.09244532803180915
3:169289804:T:C,rs111267916,169289804,0.00638898,0.00336831,0.058,-0.018821754,0.011469772590026971,0.1008,318397.62,True,0.09244532803180915
3:169290509:C:A,rs7632404,169290509,-0.00199411,0.00269272,0.46,0.02480512,0.007246192738223091,0.0006189,318397.62,True,0.1540755467196819
3:169290523:C:A,rs111571572,169290523,0.00646274,0.00336848,0.055,-0.019802628,0.011852499728566042,0.09477,318397.62,True,0.09045725646123261
3:169290645:T:C,rs28590422,169290645,0.00403955,0.00208372,0.053,0.0060180724,0.007254727140726731,0.4068,318397.62,True,0.37375745526838966
3:169291024:G:A,rs4955663,169291024,0.00423393,0.00208324,0.042,0.0060180724,0.0072950756815660005,0.4094,318397.62,True,0.37375745526838966
3:169292168:G:C,rs1362776,169292168,-0.0128748,0.00237477,5.9e-08,0.015418253,0.006311469306120706,0.01457,318397.62,True,0.23359840954274355
3:169292173:G:T,rs1362775,169292173,-0.00191972,0.00464796,0.68,0.025933381,0.012796291245022335,0.0427,318397.62,True,0.9363817097415507
3:169295008:A:G,rs1965029,169295008,-0.0125144,0.00237716,1.4e-07,0.015621381,0.006276146782262413,0.01281,318397.62,True,0.23359840954274355
3:169295436:A:G,rs78101726,169295436,-0.00477186,0.00276272,0.084,0.025420377,0.007397287070267764,0.0005894,318397.62,True,0.14314115308151093
3:169295683:G:A,rs58501096,169295683,0.00207487,0.00226786,0.36,0.014910613,0.007843499462747983,0.0573,318397.62,True,0.2813121272365805
3:169295755:A:C,rs16854109,169295755,-0.0124551,0.00246095,4.2e-07,0.019794628,0.006436973164429448,0.002104,318397.62,True,0.20178926441351888
3:169295764:A:C,rs6770911,169295764,-0.00634579,0.00222059,0.0043,0.019386714,0.005842704390318495,0.0009063,318397.62,True,0.6898608349900597
3:169297333:C:G,rs16854110,169297333,-0.00484534,0.00278545,0.082,0.02665203,0.00743835507142011,0.0003396,318397.62,True,0.14214711729622267
3:169297588:C:T,rs4122246,169297588,-0.0126028,0.00246097,3e-07,0.019692633,0.006437101710366866,0.002219,318397.62,True,0.20178926441351888
3:169297591:C:T,rs4122245,169297591,-0.00532026,0.00205975,0.0098,0.015519812,0.005315925061903098,0.003506,318397.62,True,0.610337972166998
3:169297808:C:A,rs1833341,169297808,-0.0124631,0.00237615,1.6e-07,0.015621381,0.006276846442969275,0.01282,318397.62,True,0.23359840954274355
3:169298821:G:A,rs73174364,169298821,0.00713228,0.00337166,0.034,-0.017839918,0.011523805380497798,0.1216,318397.62,True,0.09343936381709742
3:169299079:A:G,rs2270406,169299079,-0.012399,0.00245913,4.6e-07,0.019692633,0.006461749784981772,0.002307,318397.62,True,0.20178926441351888
3:169300219:C:T,rs1344555,169300219,-0.0128358,0.00246528,1.9e-07,0.019386714,0.0063881481778610754,0.002407,318397.62,True,0.20079522862823063
3:169300794:T:G,rs56197629,169300794,0.0118679,0.00382078,0.0019,0.020202707,0.013575327163206264,0.1367,318397.62,True,0.0705765407554672
3:169301167:T:C,rs80290371,169301167,-0.00045778,0.00353488,0.9,0.0054146326,0.014322864366256865,0.7054,318397.62,True,0.08548707753479125
3:169301246:C:G,rs73174365,169301246,0.0107809,0.00373457,0.0039,0.019896632,0.013471805227710456,0.1397,318397.62,True,0.073558648111332
3:169302120:G:A,rs13100664,169302120,-0.00010685,0.00205691,0.96,-0.0099503305,0.007091895946195897,0.1606,318397.62,True,0.47514910536779326
3:169302121:G:A,rs13100665,169302121,0.00360352,0.00206622,0.081,-0.0019980026,0.005866018064476913,0.7334,318397.62,True,0.5427435387673957
3:169302142:T:A,rs6444862,169302142,-0.00423963,0.00211459,0.045,0.013794711,0.005657141083780865,0.01475,318397.62,True,0.5924453280318092
3:169302159:T:C,rs6444864,169302159,-0.0125972,0.00273331,4.1e-06,0.0019018073,0.010249732114721593,0.8528,318397.62,True,0.8389662027833003
3:169302171:G:A,rs143373116,169302171,-0.0119652,0.0033091,0.0003,0.01501212,0.011521850900012056,0.1926,318397.62,True,0.09840954274353876
3:169302223:A:G,rs6444865,169302223,-0.00507202,0.0021074,0.016,0.0144032305,0.007423410582320559,0.05235,318397.62,True,0.378727634194831
3:169302430:A:G,rs6774008,169302430,-0.00151611,0.00231975,0.51,0.023985364,0.006026706948557472,6.896e-05,318397.62,True,0.7465208747514911
3:169302504:T:C,rs36063014,169302504,-0.00110041,0.00349265,0.75,0.009646377,0.013983666315334011,0.4903,318397.62,True,0.08449304174950298
3:169303070:A:C,rs6777123,169303070,-0.00684641,0.00205436,0.00086,0.012578783,0.005462803419600579,0.0213,318397.62,True,0.6202783300198808
3:169303118:A:G,rs6777142,169303118,-0.0068772,0.00205442,0.00082,0.012376271,0.005489014829437906,0.02415,318397.62,True,0.6202783300198808
3:169303875:T:G,rs9875833,169303875,0.0146041,0.00369355,7.7e-05,0.02265469,0.012906964861848894,0.07922,318397.62,True,0.07554671968190854
3:169304071:C:T,rs73174367,169304071,0.0121844,0.00429072,0.0045,0.024087796,0.010646041812440983,0.02366,318397.62,True,0.0705765407554672
3:169304310:G:T,rs73174368,169304310,0.0126343,0.00430526,0.0033,0.024702612,0.011008111023213543,0.02483,318397.62,True,0.0705765407554672
3:169304895:T:C,rs7631725,169304895,0.0138513,0.00360673,0.00012,0.019692633,0.012600877946505632,0.1181,318397.62,True,0.07654075546719682
3:169304921:G:A,rs73174369,169304921,0.0122178,0.00429032,0.0044,0.02419024,0.010682116275016893,0.02354,318397.62,True,0.0705765407554672
3:169305417:C:T,rs11721111,169305417,-0.0104551,0.00306889,0.00066,0.011465478,0.010815488362065829,0.2891,318397.62,True,0.11829025844930417
3:169305704:A:G,rs73174370,169305704,0.0122213,0.00428994,0.0044,0.024087796,0.010646041812440983,0.02366,318397.62,True,0.0705765407554672
3:169305955:T:C,rs66730523,169305955,-0.00705144,0.00205283,0.00059,0.011465478,0.005405639895281767,0.03392,318397.62,True,0.6222664015904572
3:169305972:A:G,rs73174373,169305972,0.0069255,0.00334942,0.039,-0.016857117,0.011500204417535482,0.1427,318397.62,True,0.09244532803180915
3:169306001:A:G,rs12634749,169306001,0.0146616,0.0036144,5e-05,0.020202707,0.012480398642508982,0.1055,318397.62,True,0.07554671968190854
3:169307123:A:G,rs6791154,169307123,-0.00037897,0.00200729,0.85,0.01349059,0.006940034568454358,0.05191,318397.62,True,0.4970178926441352
3:169307917:A:G,rs10936587,169307917,-0.00697158,0.0020525,0.00068,0.011364331,0.005400166238847166,0.03534,318397.62,True,0.621272365805169
3:169308593:A:G,rs10513677,169308593,0.00578206,0.00330732,0.08,-0.016857117,0.01135610050000096,0.1377,318397.62,True,0.09542743538767395
3:169309227:G:A,rs7635759,169309227,0.0151479,0.00362863,3e-05,0.021223636,0.012655620378806964,0.09354,318397.62,True,0.07554671968190854
3:169310116:G:A,rs73174375,169310116,0.0124832,0.00430064,0.0037,0.02419024,0.0106520351093517,0.02315,318397.62,True,0.0705765407554672
3:169310735:T:G,rs1362773,169310735,-0.00379268,0.00222535,0.088,0.016841017,0.0057309692622474605,0.003297,318397.62,True,0.7256461232604374
3:169312611:A:G,rs9647378,169312611,-0.00703249,0.00205163,0.00061,0.01065658,0.005354798175930295,0.04658,318397.62,True,0.621272365805169
3:169312755:G:C,rs4955571,169312755,-0.00239542,0.00216977,0.27,0.017451394,0.005509662322168178,0.001538,318397.62,True,0.6978131212723658
3:169312763:T:A,rs11717416,169312763,-0.0141662,0.0030019,2.4e-06,0.003706862,0.010477724552075351,0.7235,318397.62,True,0.12326043737574553
3:169312833:G:C,rs10513678,169312833,-0.0141632,0.00300185,2.4e-06,0.003706862,0.010477724552075351,0.7235,318397.62,True,0.12326043737574553
3:169313608:C:T,rs28464305,169313608,0.0154862,0.00363799,2.1e-05,0.021734493,0.012726062867202419,0.08766,318397.62,True,0.07554671968190854
3:169314227:T:C,rs55726402,169314227,0.0121555,0.00428653,0.0046,0.024600117,0.010641217437002231,0.02079,318397.62,True,0.0705765407554672
3:169314607:T:C,rs73174379,169314607,0.00761265,0.00329885,0.021,-0.019802628,0.010867638953058053,0.06843,318397.62,True,0.09145129224652088
3:169316020:A:G,rs6803541,169316020,-0.0019173,0.00220015,0.38,0.0019018073,0.007584186261444036,0.802,318397.62,True,0.2932405566600398
3:169316165:A:G,rs933607,169316165,-0.00130478,0.00219888,0.55,0.002102208,0.007593478814267721,0.7819,318397.62,True,0.2952286282306163
3:169317113:C:T,rs111801672,169317113,0.0145434,0.00370826,8.8e-05,0.020917248,0.013054909078114954,0.1091,318397.62,True,0.07157057654075547
3:169317856:C:T,rs73030346,169317856,0.0099391,0.00273265,0.00028,0.000100005,0.008965257393153745,0.9911,318397.62,True,0.16003976143141152
3:169317870:G:A,rs13060556,169317870,-0.00560682,0.00215517,0.0093,0.014200349,0.00738111055643991,0.05437,318397.62,True,0.33697813121272363
3:169317949:A:G,rs28666625,169317949,-0.00775928,0.00207104,0.00018,0.011364331,0.007038534139610861,0.1064,318397.62,True,0.6530815109343936
3:169319801:G:A,rs10936588,169319801,-0.0078156,0.00206994,0.00016,0.011263193,0.007075172488152889,0.1114,318397.62,True,0.6530815109343936
3:169319928:C:T,rs11715954,169319928,-0.00780724,0.00206965,0.00016,0.011263193,0.007077150117436871,0.1115,318397.62,True,0.6530815109343936
3:169319933:A:G,rs11708171,169319933,-0.0128451,0.00200302,1.4e-10,0.010757657,0.006876095458850354,0.1177,318397.62,True,0.49204771371769385
3:169320058:C:T,rs11716015,169320058,-0.00779911,0.00206951,0.00016,0.011162065,0.007062511449183429,0.114,318397.62,True,0.6520874751491054
3:169320416:C:T,rs7632201,169320416,0.0148673,0.00364818,4.6e-05,0.0216323,0.012804216926232369,0.09113,318397.62,True,0.073558648111332
3:169320593:A:G,rs12487498,169320593,-0.00781986,0.00206869,0.00016,0.0103534125,0.006918002390533729,0.1345,318397.62,True,0.6520874751491054
3:169320998:C:T,rs12494724,169320998,-0.0078013,0.00206906,0.00016,0.011465478,0.007058479113997565,0.1043,318397.62,True,0.6510934393638171
3:169321172:A:G,rs34390538,169321172,-0.00781721,0.00206918,0.00016,0.011465478,0.007058479113997565,0.1043,318397.62,True,0.6510934393638171
3:169321197:G:A,rs35829594,169321197,-0.00665784,0.00211134,0.0016,0.011768984,0.007284989889357811,0.1062,318397.62,True,0.3628230616302187
3:169322278:C:T,rs16854159,169322278,0.00789456,0.00333473,0.018,-0.019802628,0.011458440131119175,0.08395,318397.62,True,0.08846918489065607
3:169322313:A:G,rs9831902,169322313,-0.00662941,0.00211467,0.0017,0.011768984,0.007272479052224493,0.1056,318397.62,True,0.3628230616302187
3:169322325:T:C,rs9814415,169322325,-0.00660303,0.00211463,0.0018,0.011768984,0.007272479052224493,0.1056,318397.62,True,0.3628230616302187
3:169322749:T:G,rs6763160,169322749,-0.00565302,0.00215456,0.0087,0.0144032305,0.0073637696350864704,0.05047,318397.62,True,0.3359840954274354
3:169322889:G:C,rs6771699,169322889,-0.00885035,0.00202962,1.3e-05,0.004108428,0.006847273224438129,0.5485,318397.62,True,0.5854870775347912
3:169322958:T:C,rs6763377,169322958,-0.00668125,0.00211278,0.0016,0.011566636,0.007247493590560396,0.1105,318397.62,True,0.3628230616302187
3:169324116:G:A,rs6444866,169324116,0.0110119,0.00422786,0.0092,0.01959065,0.009931775601278909,0.04855,318397.62,True,0.07157057654075547
3:169324222:T:A,rs4955572,169324222,-0.00249815,0.00222963,0.26,0.015316704,0.005515049589005719,0.005482,318397.62,True,0.731610337972167
3:169324410:A:G,rs76456582,169324410,-0.0120214,0.00293342,4.2e-05,0.0012007206,0.009741243371206295,0.9019,318397.62,True,0.1341948310139165
3:169324427:C:T,rs80289984,169324427,-0.0119843,0.00293271,4.4e-05,0.0012007206,0.009741243371206295,0.9019,318397.62,True,0.1341948310139165
3:169324783:C:G,rs9290369,169324783,-0.00238797,0.00224592,0.29,0.016129382,0.005667498294647073,0.004428,318397.62,True,0.7335984095427436
3:169325013:T:G,rs9290370,169325013,-0.00224191,0.00223724,0.32,0.015215166,0.005575292037398207,0.006352,318397.62,True,0.7326043737574552
3:169325569:C:T,rs5024380,169325569,-0.00199702,0.00224514,0.37,0.015215166,0.005589929525125499,0.006491,318397.62,True,0.731610337972167
3:169325570:A:G,rs5024379,169325570,-0.0021319,0.00224607,0.34,0.015418253,0.0056019715418608226,0.005918,318397.62,True,0.731610337972167
3:169325573:C:T,rs5024378,169325573,0.00251453,0.00203715,0.22,0.01816397,0.004811036269053897,0.0001597,318397.62,True,0.48111332007952284
3:169325621:C:T,rs2111557,169325621,0.00242673,0.00200707,0.23,0.018367657,0.004806066741355269,0.0001325,318397.62,True,0.48111332007952284
3:169326445:C:G,rs933604,169326445,-0.00551908,0.00215848,0.011,0.0144032305,0.007402570822603712,0.05169,318397.62,True,0.3349900596421471
3:169326566:T:A,rs6776656,169326566,-0.013176,0.00272511,1.3e-06,-0.0019980026,0.00866796612602232,0.8177,318397.62,True,0.16202783300198806
3:169327132:T:C,rs1895030,169327132,6.617e-05,0.00200799,0.97,0.018775156,0.004877404324463772,0.0001184,318397.62,True,0.4850894632206759
3:169327436:C:T,rs6762435,169327436,-0.0131899,0.0027255,1.3e-06,-0.0019980026,0.0076860137042555465,0.7949,318397.62,True,0.16202783300198806
3:169329676:T:C,rs1421002,169329676,9.774e-05,0.00200818,0.96,0.018775156,0.004871859016390401,0.0001163,318397.62,True,0.4860834990059642
3:169330612:T:A,rs7618897,169330612,0.00024721,0.00200672,0.9,0.018673265,0.004877857809159723,0.0001291,318397.62,True,0.4860834990059642
3:169330644:G:A,rs7626686,169330644,0.00026235,0.00200672,0.9,0.018673265,0.004877857809159723,0.0001291,318397.62,True,0.4860834990059642
3:169330871:T:C,rs7619166,169330871,-0.00493355,0.0022599,0.029,0.016637642,0.005776521325298335,0.003974,318397.62,True,0.7365805168986084
3:169331159:C:T,rs73174384,169331159,0.0121277,0.00436008,0.0054,0.022756986,0.01004125231348095,0.02343,318397.62,True,0.06858846918489066
3:169331520:G:T,rs6444867,169331520,9.906e-05,0.0020094,0.96,0.018469516,0.004859749811232012,0.0001444,318397.62,True,0.4850894632206759
3:169332833:G:T,rs7632977,169332833,-0.00739099,0.00207627,0.00037,0.021121496,0.005365359650511487,8.263e-05,318397.62,True,0.6491053677932406
3:169333998:A:G,rs13324756,169333998,-0.0122484,0.00271258,6.3e-06,-0.0019980026,0.009458448243659002,0.8327,318397.62,True,0.16401590457256462
3:169335264:A:T,rs11713143,169335264,-0.0122642,0.0029387,3e-05,0.0010005003,0.010364704090506412,0.9231,318397.62,True,0.1341948310139165
3:169336790:G:C,rs6444868,169336790,-0.00017196,0.00202686,0.93,0.009444458,0.007112145564087971,0.1842,318397.62,True,0.5457256461232605
3:169337056:G:T,rs56228561,169337056,0.0125916,0.00424614,0.003,0.019896632,0.00940530569079972,0.03439,318397.62,True,0.07256461232604373
3:169338409:G:T,rs16854211,169338409,-0.0270607,0.00276171,1.1e-22,-0.003992021,0.009233689186676667,0.6655,318397.62,True,0.1610337972166998
3:169340209:A:C,rs59796915,169340209,0.0126471,0.00417831,0.0025,0.021325788,0.009554890744409024,0.02562,318397.62,True,0.07455268389662027
3:169340871:A:G,rs2421747,169340871,0.011298,0.00282065,6.2e-05,0.008334637,0.009408664659901823,0.3757,318397.62,True,0.1550695825049702
3:169341683:T:G,rs57294569,169341683,0.0127975,0.00418963,0.0023,0.021223636,0.009732752258744936,0.02921,318397.62,True,0.07455268389662027
3:169343223:G:T,rs6804374,169343223,0.00374016,0.00204611,0.068,0.013693327,0.005238847010407515,0.008954,318397.62,True,0.4165009940357853
3:169344717:A:G,rs933605,169344717,-0.0103257,0.00212004,1.1e-06,0.012376271,0.007306959951797466,0.09031,318397.62,True,0.6491053677932406
3:169345197:A:T,rs73174387,169345197,0.0114642,0.00425148,0.007,0.021427948,0.013617900365985425,0.1156,318397.62,True,0.0705765407554672
3:169345618:A:G,rs1060462,169345618,0.00312384,0.00205501,0.13,0.010555514,0.005144537209587642,0.04019,318397.62,True,0.39165009940357853
3:169345667:A:G,rs6803126,169345667,-0.0108133,0.00209906,2.6e-07,0.009646377,0.007216220657172875,0.1813,318397.62,True,0.6252485089463221
3:169345824:C:T,rs73174388,169345824,0.0122772,0.00430163,0.0043,0.022450129,0.013612873195644666,0.09911,318397.62,True,0.06958250497017893
3:169346538:A:T,rs1421003,169346538,0.0129464,0.00421638,0.0021,0.02081514,0.013232081726377585,0.1157,318397.62,True,0.07157057654075547
3:169347181:C:G,rs3796144,169347181,-0.00924653,0.00202673,5.1e-06,0.008536331,0.006934124355738593,0.2183,318397.62,True,0.5536779324055666
3:169347832:C:T,rs7625357,169347832,0.00390768,0.00215504,0.07,0.006923915,0.007298723806772555,0.3428,318397.62,True,0.30417495029821073
3:169348076:C:A,rs73174392,169348076,0.00190867,0.00404208,0.64,0.0024028847,0.014524466045231174,0.8686,318397.62,True,0.05765407554671968
3:169348265:A:G,rs10936589,169348265,-0.0121044,0.00212926,1.3e-08,0.007326775,0.007294891711451774,0.3152,318397.62,True,0.6242544731610338
3:169348816:T:G,rs16854236,169348816,0.0126432,0.00418226,0.0025,0.021325788,0.013358692663940824,0.1104,318397.62,True,0.07157057654075547
3:169348944:T:G,rs16854239,169348944,-0.0259391,0.00264851,1.2e-22,-0.0049875416,0.009844144325053854,0.6124,318397.62,True,0.17693836978131214
3:169349169:A:T,rs1362766,169349169,0.0122056,0.00413101,0.0031,0.019998647,0.01332507401901219,0.1334,318397.62,True,0.07256461232604373
3:169350023:G:A,rs7653417,169350023,0.00385525,0.00215406,0.073,0.0068232254,0.007247956896553608,0.3465,318397.62,True,0.30417495029821073
3:169350733:C:T,rs1421004,169350733,0.0120995,0.00413425,0.0034,0.021121496,0.013474717131239326,0.117,318397.62,True,0.07256461232604373
3:169350840:C:G,rs55826426,169350840,0.0121754,0.00421725,0.0039,0.021530118,0.013731650564719679,0.1169,318397.62,True,0.07157057654075547
3:169351777:C:T,rs1421005,169351777,0.00386961,0.00215368,0.072,0.0064205676,0.007163524967632789,0.3701,318397.62,True,0.30417495029821073
3:169352326:A:G,rs73174397,169352326,0.0125665,0.00426998,0.0033,0.023063939,0.013840420542978163,0.09563,318397.62,True,0.0705765407554672
3:169352458:T:C,rs7652404,169352458,0.00394828,0.00215943,0.067,0.006118681,0.007204161973432512,0.3957,318397.62,True,0.30318091451292245
3:169352958:G:A,rs1362768,169352958,0.0122837,0.00414951,0.0031,0.021938907,0.01349452643956432,0.104,318397.62,True,0.07256461232604373
3:169353103:A:G,rs1362769,169353103,-0.0112675,0.00207653,5.8e-08,0.0067225457,0.006895485241245107,0.3296,318397.62,True,0.6192842942345924
3:169353184:C:T,rs10513679,169353184,0.00380314,0.00214973,0.077,0.006319929,0.007098579407992941,0.3733,318397.62,True,0.30318091451292245
3:169353486:C:T,rs34311223,169353486,0.00445509,0.00216943,0.04,0.008637194,0.007386906494259599,0.2423,318397.62,True,0.29721669980119286
3:169353937:C:T,rs35728955,169353937,-0.0218127,0.00230827,3.4e-21,-0.008959741,0.008166789119387426,0.2726,318397.62,True,0.26938369781312127
3:169353966:G:A,rs73174400,169353966,0.0130559,0.0048737,0.0074,0.020202707,0.015627784323954647,0.1961,318397.62,True,0.05069582504970179
3:169354405:T:C,rs718370,169354405,-0.0110134,0.00216171,3.5e-07,-0.0009995003,0.006983935799780833,0.8862,318397.62,True,0.31510934393638174
3:169354410:A:G,rs1362770,169354410,-0.0112275,0.00216435,2.1e-07,-0.0009995003,0.007797128947671521,0.898,318397.62,True,0.31312127236580517
3:169354498:G:C,rs1895031,169354498,0.0122432,0.00218807,2.2e-08,0.010151351,0.007995228339777463,0.2042,318397.62,True,0.279324055666004
3:169354662:C:G,rs6444869,169354662,-0.00722774,0.00223636,0.0012,-0.0059820716,0.008508265217322945,0.482,318397.62,True,0.3429423459244533
3:169355019:T:C,rs4955665,169355019,-0.0241434,0.00208496,5.2e-31,-0.0019980026,0.006370516932357891,0.7538,318397.62,True,0.37673956262425445
3:169355082:A:G,rs4955666,169355082,-0.0238132,0.00207741,1.9999999999999998e-30,0.0038072383,0.007462009748122904,0.6099,318397.62,True,0.4025844930417495
3:169356635:C:T,rs10155002,169356635,-0.0208678,0.00205903,3.9e-24,0.002302649,0.007335705854052357,0.7536,318397.62,True,0.40457256461232605
3:169357673:G:C,rs111550694,169357673,-0.0495889,0.00458302,2.8e-27,-0.023716526,0.016745908689270176,0.1567,318397.62,True,0.05069582504970179
3:169357958:C:A,rs11718956,169357958,-0.0273649,0.00213533,1.3000000000000001e-37,0.001801622,0.007645151366905041,0.8137,318397.62,True,0.32803180914512925
3:169358142:A:T,rs9835323,169358142,-0.0195926,0.00205628,1.6e-21,0.0008003202,0.006994208304132273,0.9089,318397.62,True,0.37673956262425445
3:169358898:C:A,rs16854251,169358898,0.026815,0.00428975,4.1e-10,-0.003992021,0.01794947427317054,0.824,318397.62,True,0.04771371769383698
3:169358974:A:C,rs6444870,169358974,-0.0186811,0.00203982,5.3e-20,0.003305457,0.007379320429856621,0.6542,318397.62,True,0.39363817097415504
3:169359644:C:A,rs11720371,169359644,-0.0288458,0.00210795,1.3e-42,-0.002995509,0.006314036420303495,0.6352,318397.62,True,0.33697813121272363
3:169359761:G:T,rs11720467,169359761,-0.0283017,0.00209258,1.1e-41,-0.003992021,0.007778437122950825,0.6078,318397.62,True,0.3379721669980119
3:169359890:T:A,rs11709683,169359890,-0.0288517,0.00210638,1.1e-42,-0.002995509,0.006284293821490128,0.6336,318397.62,True,0.33697813121272363
3:169360455:T:C,rs16854266,169360455,-0.0271264,0.00209242,2e-38,-0.002995509,0.007980570168286703,0.7074,318397.62,True,0.3429423459244533
3:169360495:G:A,rs16854272,169360495,0.0355526,0.0046813,3.1e-14,-0.0009995003,0.019024323003462507,0.9581,318397.62,True,0.040755467196819085
3:169361842:T:C,rs73176409,169361842,0.0359467,0.00469042,1.8e-14,0.0019018073,0.01898356212450926,0.9202,318397.62,True,0.040755467196819085
3:169362003:C:A,rs4955667,169362003,-0.0268508,0.00209007,9e-38,-0.0019980026,0.006901601400504002,0.7722,318397.62,True,0.34592445328031807
3:169362201:C:T,rs7653098,169362201,-0.0272323,0.00208431,5.2e-39,-0.0019980026,0.00935624755291929,0.8309,318397.62,True,0.34592445328031807
3:169362284:A:T,rs11715614,169362284,-0.018746,0.00203763,3.6e-20,-0.0019980026,0.008135536777626077,0.806,318397.62,True,0.3866799204771372
3:169362673:T:A,rs7625122,169362673,-0.0187517,0.00203738,3.5e-20,-0.0019980026,0.008135536777626077,0.806,318397.62,True,0.3866799204771372
3:169364599:T:C,rs34781085,169364599,-0.0272391,0.00208813,6.8e-39,-0.002995509,0.007706531966264199,0.6975,318397.62,True,0.34493041749502984
3:169365354:T:C,rs7631972,169365354,0.0202449,0.00381538,1.1e-07,0.009343515,0.014048730686369523,0.506,318397.62,True,0.073558648111332
3:169365395:A:C,rs7629654,169365395,0.0202456,0.00381541,1.1e-07,0.009444458,0.014183829805225366,0.5055,318397.62,True,0.073558648111332
3:169368305:A:G,rs7622425,169368305,0.0207296,0.00381953,5.7e-08,0.009545413,0.014099380622048319,0.4984,318397.62,True,0.073558648111332
3:169370068:C:T,rs1468933,169370068,-0.0187059,0.00202617,2.7e-20,0.0025031301,0.007067289120132997,0.7232,318397.62,True,0.4135188866799205
3:169370196:C:T,rs1468932,169370196,-0.0190225,0.00202584,6e-21,0.002102208,0.007032644135139115,0.765,318397.62,True,0.4115308151093439
3:169370826:A:T,rs9872090,169370826,0.0271755,0.0039593,6.7e-12,0.017451394,0.01456969886301577,0.231,318397.62,True,0.06759443339960239
3:169371036:A:G,rs11928083,169371036,-0.0275075,0.00209309,1.8999999999999998e-39,-0.002995509,0.008218594540330651,0.7155,318397.62,True,0.34393638170974156
3:169371934:T:C,rs7636969,169371934,0.0271639,0.00395974,6.9e-12,0.017451394,0.014600954960892054,0.232,318397.62,True,0.06759443339960239
3:169372156:G:T,rs7644900,169372156,0.0272031,0.00396033,6.5e-12,0.01755316,0.014563703117061712,0.2281,318397.62,True,0.06759443339960239
3:169373391:T:C,rs1881985,169373391,0.0362485,0.00469069,1.1e-14,-0.002995509,0.019693015431615953,0.8791,318397.62,True,0.040755467196819085
3:169379462:A:C,rs73882106,169379462,-0.00646008,0.00355445,0.069,0.01308524,0.012596554312849877,0.2989,318397.62,True,0.06858846918489066
3:169379797:T:C,rs9874200,169379797,-0.00601337,0.00342995,0.08,0.019692633,0.012214116362561518,0.1069,318397.62,True,0.07256461232604373
3:169382327:A:G,rs57455012,169382327,-0.0057646,0.00359223,0.11,0.009545413,0.012451092307762974,0.4433,318397.62,True,0.0636182902584493
3:169382413:C:A,rs60467128,169382413,-0.00565476,0.00359646,0.12,0.0097473515,0.012450698367343317,0.4337,318397.62,True,0.0636182902584493
3:169382465:A:C,rs55810219,169382465,-0.00577661,0.00359016,0.11,0.009040745,0.012133295937651603,0.4562,318397.62,True,0.0636182902584493
3:169382719:A:G,rs56079405,169382719,-0.00362059,0.0035141,0.3,0.01399751,0.012330654804749147,0.2563,318397.62,True,0.06858846918489066
3:169384813:T:C,rs73176419,169384813,0.0252,0.00504621,5.9e-07,0.035938106,0.01777300354709038,0.04317,318397.62,True,0.03180914512922465
3:169387293:T:C,rs58846030,169387293,-0.0070789,0.00358528,0.048,0.011465478,0.012538624255094364,0.3605,318397.62,True,0.0636182902584493
3:169388322:T:C,rs4955573,169388322,-0.0244418,0.00205746,1.5e-32,-0.0009995003,0.005267280295407378,0.8495,318397.62,True,0.3966202783300199
3:169388670:C:T,rs62295987,169388670,-0.0208825,0.0020359,1.0999999999999998e-24,-0.0019980026,0.007289050943832407,0.784,318397.62,True,0.41848906560636184
3:169390262:G:A,rs1344557,169390262,-0.0209401,0.00203193,6.699999999999999e-25,0.000100005,0.006332470548923109,0.9874,318397.62,True,0.42147117296222664
3:169390591:T:C,rs73176420,169390591,0.0310602,0.00367954,3.1e-17,0.027576767,0.011477994360407827,0.01628,318397.62,True,0.07157057654075547
3:169390754:A:G,rs56177968,169390754,0.0306366,0.00373689,2.4e-16,0.027268426,0.011411633003822775,0.01687,318397.62,True,0.07157057654075547
3:169391646:T:C,rs56191265,169391646,0.0304022,0.00373933,4.3e-16,0.027268426,0.011411633003822775,0.01687,318397.62,True,0.07157057654075547
3:169392434:C:T,rs56194506,169392434,0.0327037,0.00355855,3.9e-20,0.024702612,0.013244283794655235,0.06216,318397.62,True,0.07654075546719682
3:169393336:T:G,rs9942061,169393336,-0.021094,0.00202878,2.5e-25,-0.0009995003,0.00510247920486137,0.8447,318397.62,True,0.42147117296222664
3:169393676:C:G,rs6799189,169393676,-0.0212985,0.00202942,9.1e-26,-0.0019980026,0.0071497842868943826,0.7799,318397.62,True,0.4194831013916501
3:169395781:G:A,rs17507954,169395781,0.0317449,0.00357069,6.1e-19,0.02388294,0.013231326373633197,0.07107,318397.62,True,0.07455268389662027
3:169396070:T:C,rs4955669,169396070,-0.0217572,0.00202005,4.7e-27,0.0014009809,0.006860947034832142,0.8382,318397.62,True,0.4254473161033797
3:169396270:C:T,rs80000244,169396270,0.0146084,0.00460114,0.0015,0.0036064957,0.015379780145534103,0.8146,318397.62,True,0.048707753479125246
3:169396797:G:A,rs7629884,169396797,-0.035279,0.00209407,1.1e-63,-0.00796817,0.0069355181412627705,0.2506,318397.62,True,0.34691848906560635
3:169396963:G:C,rs114595100,169396963,0.014562,0.00459945,0.0015,0.0036064957,0.015379780145534103,0.8146,318397.62,True,0.048707753479125246
3:169397077:A:T,rs34494467,169397077,-0.0347153,0.00209136,6.999999999999999e-62,-0.00796817,0.0075273640602524965,0.2898,318397.62,True,0.34691848906560635
3:169403546:C:A,rs73176424,169403546,0.031902,0.00356529,3.6e-19,0.023370987,0.012721902120171755,0.0662,318397.62,True,0.0775347912524851
3:169405145:G:A,rs2111559,169405145,-0.0234582,0.00201869,3.1999999999999997e-31,-0.002995509,0.0062037679997009815,0.6292,318397.62,True,0.4165009940357853
3:169406484:C:T,rs10936590,169406484,-0.0377236,0.00211463,3.5000000000000003e-71,-0.012916225,0.006985314782998807,0.06445,318397.62,True,0.3389662027833002
3:169406610:T:A,rs35703809,169406610,-0.0372127,0.00211239,1.7999999999999998e-69,-0.012916225,0.007265367617394481,0.07544,318397.62,True,0.3389662027833002
3:169406666:T:C,rs12054012,169406666,-0.0369019,0.0021015,4.999999999999999e-69,-0.01192857,0.007107997017544022,0.09331,318397.62,True,0.34095427435387676
3:169406720:A:G,rs13061853,169406720,-0.0378725,0.00211459,9.8e-72,-0.01192857,0.007025777320429174,0.08954,318397.62,True,0.3399602385685885
3:169406986:C:G,rs11915754,169406986,-0.0377287,0.00211495,3.5000000000000003e-71,-0.012916225,0.006973264034154683,0.06399,318397.62,True,0.3389662027833002
3:169407194:G:A,rs74552574,169407194,0.00274983,0.00471112,0.56,-0.034401428,0.01960526308595276,0.07931,318397.62,True,0.06262425447316103
3:169407224:T:A,rs1421017,169407224,-0.023407,0.00201825,4.2e-31,-0.002995509,0.006470476579335769,0.6434,318397.62,True,0.41749502982107356
3:169407738:G:A,rs11707464,169407738,-0.037719,0.00211513,3.9e-71,-0.012916225,0.0069840063523878915,0.0644,318397.62,True,0.3399602385685885
3:169409777:T:C,rs2111560,169409777,-0.0378952,0.00211492,8.5e-72,-0.013902905,0.007354929570437416,0.05872,318397.62,True,0.3399602385685885
3:169410089:A:C,rs2111561,169410089,-0.0378968,0.00211496,8.5e-72,-0.013902905,0.00734239618419255,0.05829,318397.62,True,0.3399602385685885
3:169411166:C:T,rs13091175,169411166,-0.0243658,0.00202105,1.8e-33,-0.0069756135,0.007297086314465334,0.3391,318397.62,True,0.41451292246520877
3:169411792:A:G,rs1421018,169411792,-0.0238316,0.00201662,3.2e-32,-0.003992021,0.006852731833339265,0.5602,318397.62,True,0.4165009940357853
3:169411842:T:C,rs1421019,169411842,-0.0235703,0.00201671,1.5e-31,-0.003992021,0.0067834392828024104,0.5562,318397.62,True,0.415506958250497
3:169412878:A:C,rs1345471,169412878,-0.024211,0.00201934,4e-33,-0.003992021,0.007811059585982369,0.6093,318397.62,True,0.41451292246520877
3:169413590:C:T,rs6782665,169413590,-0.0376021,0.00210879,4e-71,-0.01192857,0.007133569488632792,0.09449,318397.62,True,0.3399602385685885
3:169413625:G:A,rs6806065,169413625,-0.0237888,0.00202216,6e-32,-0.002995509,0.00728658927485959,0.681,318397.62,True,0.4165009940357853
3:169414042:T:A,rs10460793,169414042,-0.0376104,0.00210895,3.9e-71,-0.01192857,0.007142870045039724,0.09492,318397.62,True,0.3399602385685885
3:169414618:T:C,rs1421020,169414618,0.0309268,0.0035718,4.8e-18,0.021836694,0.012205885420881687,0.07361,318397.62,True,0.07455268389662027
3:169414793:T:A,rs1421021,169414793,0.0305659,0.00360061,2.1e-17,0.022245608,0.012869117787957652,0.08388,318397.62,True,0.07455268389662027
3:169415294:C:T,rs2421772,169415294,-0.0252973,0.0020195,5.3000000000000005e-36,-0.0069756135,0.007037719417169494,0.3216,318397.62,True,0.4194831013916501
3:169416150:T:C,rs12493304,169416150,-0.0263266,0.00202184,9.3e-39,-0.008959741,0.007357317542486149,0.2233,318397.62,True,0.4194831013916501
3:169416247:G:A,rs59908764,169416247,-0.0447914,0.0021835,1.6e-93,-0.008959741,0.004205934089034953,0.03315,318397.62,True,0.30119284294234594
3:169416569:A:C,rs16854319,169416569,-0.046777,0.00220779,1.3e-99,-0.01192857,0.004698894844821523,0.01113,318397.62,True,0.2962226640159046
3:169417755:A:C,rs12054436,169417755,-0.0469802,0.00220978,2.7e-100,-0.01192857,0.004702960396503768,0.0112,318397.62,True,0.28628230616302186
3:169418476:C:T,rs74518713,169418476,0.0174014,0.00458048,0.00015,0.0039076246,0.01527568519027433,0.7981,318397.62,True,0.048707753479125246
3:169419916:A:G,rs78081373,169419916,0.0162012,0.00454301,0.00036,0.0056157387,0.015206213175931602,0.7119,318397.62,True,0.048707753479125246
3:169420117:T:C,rs1997397,169420117,-0.0398633,0.00212193,9.8e-79,-0.013902905,0.007346772132671776,0.05844,318397.62,True,0.33300198807157055
3:169422725:G:A,rs6770435,169422725,-0.0488448,0.0022453,6.299999999999999e-105,-0.012916225,0.005048196422652838,0.01051,318397.62,True,0.2783300198807157
3:169423082:C:T,rs9873043,169423082,-0.0391687,0.00212633,8.900000000000001e-76,-0.013902905,0.00753692260964916,0.06509,318397.62,True,0.33101391650099404
3:169423198:A:T,rs10936591,169423198,-0.0395142,0.00212616,4.3e-77,-0.014888613,0.007735007293992945,0.05425,318397.62,True,0.33101391650099404
3:169424043:C:G,rs12152527,169424043,-0.0488942,0.0022456,4.2e-105,-0.012916225,0.005087951285615533,0.01113,318397.62,True,0.2773359840954274
3:169424520:G:T,rs7372678,169424520,-0.0393617,0.00212635,1.7e-76,-0.013902905,0.007643394352922379,0.06892,318397.62,True,0.33001988071570576
3:169425079:T:C,rs56167577,169425079,0.0182635,0.00430035,2.2e-05,0.009949331,0.014529816801705361,0.4935,318397.62,True,0.05168986083499006
3:169425402:A:G,rs10936592,169425402,-0.0397823,0.00212167,1.9000000000000002e-78,-0.013902905,0.007295457506034757,0.05669,318397.62,True,0.3320079522862823
3:169426595:C:T,rs9861678,169426595,0.0180556,0.00430015,2.7e-05,0.0097473515,0.014525906679490535,0.5022,318397.62,True,0.05168986083499006
3:169428389:C:T,rs9871979,169428389,0.0180761,0.0043052,2.7e-05,0.008536331,0.014575425741960305,0.5581,318397.62,True,0.05168986083499006
3:169428549:T:C,rs73879109,169428549,0.0180921,0.00430444,2.6e-05,0.008637194,0.014643359836108542,0.5553,318397.62,True,0.05168986083499006
3:169428821:C:T,rs4955675,169428821,-0.0393922,0.00212195,6.3e-77,-0.013902905,0.007494368366251904,0.06358,318397.62,True,0.3320079522862823
3:169429647:T:C,rs35650714,169429647,-0.0488782,0.00224555,4.7999999999999995e-105,-0.012916225,0.005024445293990888,0.01015,318397.62,True,0.279324055666004
3:169429719:G:T,rs73879111,169429719,0.0178701,0.00430532,3.3e-05,0.008132983,0.014627249533474166,0.5782,318397.62,True,0.05168986083499006
3:169430638:G:A,rs9883242,169430638,-0.0393972,0.00212199,6e-77,-0.013902905,0.007538887086755023,0.06516,318397.62,True,0.33101391650099404
3:169431049:C:T,rs9290373,169431049,-0.0393961,0.00212194,6.1e-77,-0.013902905,0.007512164495838344,0.06421,318397.62,True,0.33101391650099404
3:169431084:A:T,rs9290374,169431084,0.0178802,0.0043043,3.3e-05,0.008032172,0.014522291428157457,0.5802,318397.62,True,0.05168986083499006
3:169431364:T:C,rs10428127,169431364,-0.0208091,0.00211823,8.9e-23,0.00020002,0.008720157177996533,0.9817,318397.62,True,0.5735586481113321
3:169431697:T:C,rs55789447,169431697,0.0177483,0.00430775,3.8e-05,0.008637194,0.014628561488375515,0.5549,318397.62,True,0.05168986083499006
3:169433911:C:T,rs9827731,169433911,0.0175081,0.00431106,4.9e-05,0.008637194,0.01469907461365018,0.5568,318397.62,True,0.05168986083499006
3:169434037:G:A,rs138702884,169434037,0.0159388,0.00454546,0.00045,0.0068232254,0.015092434046667732,0.6512,318397.62,True,0.048707753479125246
3:169434070:C:G,rs150645803,169434070,0.0159184,0.00454562,0.00046,0.0067225457,0.014897178641214344,0.6518,318397.62,True,0.048707753479125246
3:169434277:T:A,rs139735100,169434277,0.0160977,0.00454375,0.0004,0.007024615,0.015037506821177467,0.6404,318397.62,True,0.048707753479125246
3:169434754:G:A,rs111744502,169434754,0.0175137,0.00431198,4.9e-05,0.009242581,0.01474600861809962,0.5308,318397.62,True,0.05168986083499006
3:169434771:A:G,rs55674100,169434771,0.0243238,0.00324516,6.6e-14,0.023063939,0.012694461294630437,0.06924,318397.62,True,0.12226640159045726
3:169434919:A:G,rs77771367,169434919,0.0175203,0.00431219,4.8e-05,0.008637194,0.014647063287301632,0.5554,318397.62,True,0.05168986083499006
3:169435032:A:G,rs6782771,169435032,-0.0395326,0.00212841,5.2e-77,-0.014888613,0.007726328979197673,0.05398,318397.62,True,0.33101391650099404
3:169435623:T:A,rs80303391,169435623,-0.0489568,0.00224632,2.6e-105,-0.012916225,0.005053405840598612,0.01059,318397.62,True,0.2783300198807157
3:169436167:A:T,rs58048069,169436167,0.0181052,0.00430059,2.6e-05,0.009242581,0.01474600861809962,0.5308,318397.62,True,0.05168986083499006
3:169436220:G:A,rs140370269,169436220,-0.0489654,0.00225384,1.2e-104,-0.012916225,0.0050714500755608604,0.01087,318397.62,True,0.2783300198807157
3:169436342:T:C,rs6444872,169436342,-0.0393101,0.00212935,4.2e-76,-0.013902905,0.0074127917389189765,0.06072,318397.62,True,0.33101391650099404
3:169437995:G:A,rs145837187,169437995,0.0161608,0.00454767,0.00038,0.007024615,0.015037506821177467,0.6404,318397.62,True,0.048707753479125246
3:169438409:T:C,rs9841667,169438409,-0.0398128,0.00212397,2.1e-78,-0.013902905,0.007409339571719903,0.0606,318397.62,True,0.3320079522862823
3:169438789:A:T,rs9859883,169438789,0.0176917,0.0043151,4.1e-05,0.009242581,0.01474600861809962,0.5308,318397.62,True,0.05168986083499006
3:169439038:T:C,rs13320816,169439038,0.017767,0.00432291,4e-05,0.008435478,0.014742698498665026,0.5672,318397.62,True,0.05168986083499006
3:169439185:A:G,rs9864212,169439185,-0.0399261,0.00212401,7.9e-79,-0.013902905,0.007551778748043898,0.06562,318397.62,True,0.3320079522862823
3:169439483:T:C,rs9847179,169439483,-0.0398105,0.00212432,2.3e-78,-0.013902905,0.007416528835674536,0.06085,318397.62,True,0.3320079522862823
3:169441849:G:A,rs76621837,169441849,0.0174716,0.00458729,0.00014,0.005213567,0.01539675286795212,0.7349,318397.62,True,0.04771371769383698
3:169441929:C:T,rs73879117,169441929,0.0184986,0.00438101,2.4e-05,0.011364331,0.015023922764773785,0.4494,318397.62,True,0.05069582504970179
3:169442183:G:A,rs11921321,169442183,0.0184949,0.00438121,2.4e-05,0.011162065,0.014890838444064735,0.4535,318397.62,True,0.05069582504970179
3:169442363:A:G,rs9880534,169442363,-0.0380907,0.00211666,2.1e-72,-0.013902905,0.00734239618419255,0.05829,318397.62,True,0.3349900596421471
3:169443167:C:A,rs34924622,169443167,-0.0489585,0.00224754,3.3999999999999995e-105,-0.012916225,0.005045582525987222,0.01047,318397.62,True,0.2783300198807157
3:169443243:G:A,rs77215642,169443243,0.0162727,0.00455353,0.00035,0.007024615,0.015037506821177467,0.6404,318397.62,True,0.048707753479125246
3:169443551:C:T,rs7628205,169443551,-0.0395771,0.00212527,2.1e-77,-0.013902905,0.007608034779425938,0.06764,318397.62,True,0.33101391650099404
3:169443941:C:T,rs4118361,169443941,-0.0489513,0.00224741,3.5e-105,-0.012916225,0.0050592374899308,0.01068,318397.62,True,0.2783300198807157
3:169444313:A:G,rs4118360,169444313,-0.044672,0.00233222,8.9e-82,-0.012916225,0.007949305617691757,0.1042,318397.62,True,0.25745526838966204
3:169444840:C:T,rs9854278,169444840,-0.0398665,0.00212556,1.7e-78,-0.013902905,0.007390308627077766,0.05994,318397.62,True,0.33101391650099404
3:169446409:G:A,rs55662571,169446409,0.018586,0.00438715,2.3e-05,0.011364331,0.015010675893832252,0.449,318397.62,True,0.05069582504970179
3:169447691:G:A,rs28800282,169447691,0.0163421,0.00456133,0.00034,0.006923915,0.015083218663653546,0.6462,318397.62,True,0.048707753479125246
3:169448196:C:T,rs78225967,169448196,0.0176191,0.00459285,0.00012,0.0054146326,0.015421129667920554,0.7255,318397.62,True,0.04771371769383698
3:169448752:G:A,rs6805213,169448752,-0.039907,0.00212668,1.5e-78,-0.013902905,0.007365106402790072,0.05907,318397.62,True,0.33101391650099404
3:169449239:C:T,rs76379223,169449239,0.018921,0.00438844,1.6e-05,0.011263193,0.015022422323584384,0.4534,318397.62,True,0.05069582504970179
3:169451816:G:T,rs35750471,169451816,-0.0454918,0.00234483,7.6e-84,-0.012916225,0.008133952374357167,0.1123,318397.62,True,0.2584493041749503
3:169452100:T:C,rs148096250,169452100,0.0167959,0.00457986,0.00025,0.007024615,0.015037506821177467,0.6404,318397.62,True,0.048707753479125246
3:169453175:T:C,rs80204376,169453175,-0.0397206,0.00214243,9.8e-77,-0.013902905,0.007271803155461613,0.05589,318397.62,True,0.3320079522862823
3:169453439:A:G,rs9681784,169453439,0.0327649,0.00367616,5e-19,0.023370987,0.013893531745276412,0.09254,318397.62,True,0.0775347912524851
3:169454503:T:G,rs114598448,169454503,0.0116265,0.00260917,8.3e-06,0.009646377,0.009984984838997853,0.334,318397.62,True,0.18687872763419483
3:169455001:A:G,rs74875026,169455001,0.0193695,0.00440782,1.1e-05,0.011364331,0.015010675893832252,0.449,318397.62,True,0.05069582504970179
3:169455130:G:A,rs2421774,169455130,0.0113432,0.00263935,1.7e-05,0.01349059,0.010089671097318263,0.1812,318397.62,True,0.1848906560636183
3:169455423:A:C,rs76910358,169455423,0.0195832,0.00440558,8.8e-06,0.011768984,0.014912707148331721,0.43,318397.62,True,0.05069582504970179
3:169455445:G:A,rs13069622,169455445,-0.0494187,0.00225073,7.499999999999999e-107,-0.012916225,0.005063108444349751,0.01074,318397.62,True,0.2783300198807157
3:169456009:T:G,rs7619093,169456009,0.0175396,0.00430996,4.7e-05,0.018978966,0.014848892269681127,0.2012,318397.62,True,0.05168986083499006
3:169456398:T:C,rs9881140,169456398,0.0175766,0.0043555,5.4e-05,0.020100672,0.015326859446737525,0.1897,318397.62,True,0.05168986083499006
3:169457837:G:A,rs6444874,169457837,-0.0497529,0.00225079,2.9e-108,-0.012916225,0.0049972280432981605,0.009747,318397.62,True,0.2773359840954274
3:169458199:C:T,rs11718668,169458199,-0.0525112,0.00221678,4.800000000000001e-124,-0.012916225,0.0049772048712872895,0.009457,318397.62,True,0.2922465208747515
3:169458572:C:T,rs11718804,169458572,-0.0554258,0.00212503,5.8e-150,-0.013902905,0.004801892590793907,0.003788,318397.62,True,0.34493041749502984
3:169458590:G:A,rs7619229,169458590,0.0247071,0.00472703,1.7e-07,0.03874083,0.016111106207549325,0.01619,318397.62,True,0.040755467196819085
3:169459316:T:C,rs13073066,169459316,-0.0627704,0.00212376,5.5e-192,-0.014888613,0.00485986165489606,0.002187,318397.62,True,0.3250497017892644
3:169461571:G:T,rs16854335,169461571,-0.0633278,0.00212535,4.3e-195,-0.014888613,0.004886031419231385,0.00231,318397.62,True,0.3210735586481113
3:169462823:C:T,rs7610569,169462823,-0.056986,0.00209404,4.5e-163,-0.013902905,0.004627153193878364,0.002659,318397.62,True,0.341948310139165
3:169463195:A:C,rs7622258,169463195,-0.057298,0.00209903,4.6000000000000005e-164,-0.014888613,0.004733827919037352,0.00166,318397.62,True,0.34393638170974156
3:169464459:A:G,rs1881984,169464459,-0.0593349,0.00210844,2.9999999999999998e-174,-0.014888613,0.004716333199673784,0.001595,318397.62,True,0.3320079522862823
3:169464942:C:T,rs13097028,169464942,-0.0577417,0.00209962,1.7e-166,-0.014888613,0.004785175104193175,0.001862,318397.62,True,0.3359840954274354
3:169467481:T:C,rs10936596,169467481,-0.0568491,0.00209575,4.900000000000001e-162,-0.014888613,0.004658372500203692,0.001393,318397.62,True,0.3429423459244533
3:169468285:C:G,rs10936597,169468285,-0.0574471,0.00210307,2.7e-164,-0.014888613,0.004672975904261803,0.001442,318397.62,True,0.34095427435387676
3:169469201:A:C,rs10936598,169469201,-0.0656433,0.00214663,2.3e-205,-0.014888613,0.004844269095878777,0.002116,318397.62,True,0.31809145129224653
3:169471988:T:C,rs34047440,169471988,-0.0580245,0.00210533,3.3000000000000003e-167,-0.015873348,0.004917537447927758,0.001247,318397.62,True,0.34095427435387676
3:169473983:C:T,rs114865682,169473983,0.0295276,0.00415366,1.2e-12,0.024600117,0.015852203234797156,0.1207,318397.62,True,0.06858846918489066
3:169475838:T:A,rs75130944,169475838,0.0384675,0.0038386,1.2e-23,0.038325116,0.012394850645908345,0.001988,318397.62,True,0.06759443339960239
3:169477506:A:G,rs12638862,169477506,-0.0861226,0.00227875,1.4e-312,-0.029558802,0.005425069382533083,5.078e-08,318397.62,True,0.2544731610337972
3:169480204:A:G,rs12630450,169480204,-0.0826021,0.00224787,1.3e-295,-0.029558802,0.005490550640216428,7.302e-08,318397.62,True,0.2644135188866799
3:169481271:C:G,rs12696304,169481271,-0.0823688,0.00224604,2e-294,-0.028587457,0.005395772086276768,1.17e-07,318397.62,True,0.2654075546719682
3:169482335:T:C,rs2293607,169482335,-0.0944803,0.00233425,0.0,-0.029558802,0.005619741206277798,1.442e-07,318397.62,True,0.2415506958250497
3:169485588:G:C,rs34273285,169485588,0.0459144,0.00811074,1.5e-08,-0.025667747,0.026789574764378248,0.338,318397.62,True,0.012922465208747515
3:169486144:A:G,rs9822885,169486144,-0.0824654,0.00225102,8e-294,-0.029558802,0.0055207933699516175,8.599e-08,318397.62,True,0.2644135188866799
3:169486271:C:A,rs9860874,169486271,-0.082474,0.00225101,6.999999999999999e-294,-0.029558802,0.00552055469153377,8.588e-08,318397.62,True,0.2644135188866799
3:169486508:G:A,rs35446936,169486508,-0.0940025,0.00232918,0.0,-0.029558802,0.0056488005488052944,1.67e-07,318397.62,True,0.2415506958250497
3:169487437:G:A,rs12637184,169487437,-0.0943287,0.00233385,0.0,-0.029558802,0.005645188112157344,1.64e-07,318397.62,True,0.2415506958250497
3:169487501:T:C,rs9811216,169487501,-0.0849151,0.00226665,3.7e-307,-0.028587457,0.005395931002474236,1.171e-07,318397.62,True,0.25745526838966204
3:169487651:C:A,rs9866776,169487651,-0.0824658,0.00225115,8.6e-294,-0.028587457,0.005375227330076589,1.047e-07,318397.62,True,0.2644135188866799
3:169489937:C:T,rs35100673,169489937,-0.0573564,0.00471744,5.2e-34,-0.013902905,0.01775876006778141,0.4337,318397.62,True,0.04970178926441352
3:169489946:A:G,rs3821383,169489946,-0.0824307,0.00225088,1.3e-293,-0.028587457,0.005433746563260061,1.432e-07,318397.62,True,0.2654075546719682
3:169491729:T:A,rs2251795,169491729,-0.0779534,0.00224662,8.399999999999999e-264,-0.025667747,0.0055796512245199084,4.22e-06,318397.62,True,0.28628230616302186
3:169492101:C:T,rs10936599,169492101,-0.0941465,0.00233309,0.0,-0.029558802,0.0056757730094069165,1.91e-07,318397.62,True,0.24254473161033796
3:169493283:C:G,rs3950296,169493283,-0.0940196,0.00233352,0.0,-0.029558802,0.005676618665074588,1.918e-07,318397.62,True,0.24254473161033796
3:169494627:A:G,rs9866116,169494627,-0.0818485,0.00224995,9.5e-290,-0.028587457,0.00550063466515742,2.024e-07,318397.62,True,0.2664015904572565
3:169495940:G:A,rs1881966,169495940,-0.0521547,0.00206306,5.3e-141,-0.013902905,0.005368541763074968,0.009606,318397.62,True,0.46421471172962225
3:169497585:A:G,rs1317082,169497585,-0.0939691,0.00233347,0.0,-0.029558802,0.0056669172040659166,1.828e-07,318397.62,True,0.24254473161033796
3:169497823:A:G,rs78044405,169497823,0.00324458,0.00487562,0.51,-0.012916225,0.02089617584908119,0.5365,318397.62,True,0.04473161033797217
3:169500397:T:C,rs35406871,169500397,0.045485,0.00811213,2.1e-08,-0.025667747,0.02683953521304885,0.3389,318397.62,True,0.012922465208747515
3:169500487:G:A,rs3772190,169500487,-0.0940738,0.00233388,0.0,-0.029558802,0.005687635831375193,2.025e-07,318397.62,True,0.24254473161033796
3:169502180:T:C,rs1920120,169502180,-0.0821052,0.00225122,3.1999999999999998e-291,-0.028587457,0.005440274710838774,1.482e-07,318397.62,True,0.2654075546719682
3:169503432:C:T,rs2141595,169503432,-0.0821766,0.00225201,1.5999999999999999e-291,-0.028587457,0.005538857887502381,2.453e-07,318397.62,True,0.2664015904572565
3:169506141:C:T,rs1920122,169506141,-0.082086,0.00225232,8.2e-291,-0.028587457,0.005456842588410268,1.616e-07,318397.62,True,0.2654075546719682
3:169506173:C:T,rs1920123,169506173,-0.0820855,0.00225232,8.3e-291,-0.028587457,0.005456842588410268,1.616e-07,318397.62,True,0.2654075546719682
3:169508272:A:G,rs13069553,169508272,-0.0939679,0.00233558,0.0,-0.028587457,0.005593153222281387,3.202e-07,318397.62,True,0.24254473161033796
3:169508915:T:C,rs7625734,169508915,-0.082043,0.00225158,1.1e-290,-0.028587457,0.005456961526496134,1.617e-07,318397.62,True,0.2654075546719682
3:169509244:G:A,rs7633750,169509244,-0.0820148,0.00225163,1.7000000000000002e-290,-0.027615167,0.005348568617357126,2.429e-07,318397.62,True,0.2664015904572565
3:169509652:C:T,rs1997392,169509652,-0.0820957,0.00225216,6.3999999999999996e-291,-0.028587457,0.005446358427769132,1.53e-07,318397.62,True,0.2654075546719682
3:169510789:G:A,rs9868000,169510789,-0.0820999,0.00225215,5.9e-291,-0.028587457,0.005457436620383533,1.621e-07,318397.62,True,0.2654075546719682
3:169511002:G:A,rs76094497,169511002,0.0278689,0.00461731,1.6e-09,0.0039076246,0.01674672440441476,0.8155,318397.62,True,0.03777335984095427
3:169511639:G:A,rs150059224,169511639,0.0448208,0.00815109,3.8e-08,-0.024692612,0.0261265596187671,0.3446,318397.62,True,0.012922465208747515
3:169512145:C:A,rs7621631,169512145,-0.093823,0.00233508,0.0,-0.029558802,0.00571453275601274,2.309e-07,318397.62,True,0.24453280318091453
3:169512241:G:A,rs7643115,169512241,-0.0939774,0.00233556,0.0,-0.029558802,0.005735700404422789,2.557e-07,318397.62,True,0.24254473161033796
3:169514585:A:T,rs10936600,169514585,-0.0932897,0.00233233,0.0,-0.029558802,0.005714264481405435,2.306e-07,318397.62,True,0.24254473161033796
3:169517436:C:T,rs9876206,169517436,-0.0885183,0.00229248,0.0,-0.028587457,0.00563624426649636,3.935e-07,318397.62,True,0.2524850894632207
3:169518455:T:C,rs6793295,169518455,-0.0816869,0.00224889,7e-289,-0.028587457,0.005483761736357519,1.857e-07,318397.62,True,0.2654075546719682
3:169522387:G:C,rs9827710,169522387,-0.0820126,0.00225128,1.5e-290,-0.027615167,0.005582274803395567,7.539e-07,318397.62,True,0.2654075546719682
3:169524016:C:T,rs11711621,169524016,-0.0938847,0.00233478,0.0,-0.028587457,0.00582367694609729,9.162e-07,318397.62,True,0.24254473161033796
3:169524862:A:C,rs3796145,169524862,-0.0938787,0.00233479,0.0,-0.028587457,0.005822837479406291,9.129e-07,318397.62,True,0.24254473161033796
3:169526272:T:C,rs28626343,169526272,-0.093884,0.00233485,0.0,-0.028587457,0.005812946281935626,8.748e-07,318397.62,True,0.24254473161033796
3:169526393:A:C,rs76322513,169526393,0.0451613,0.00815155,3e-08,-0.023716526,0.02707763781145763,0.3811,318397.62,True,0.012922465208747515
3:169528449:C:T,rs10936601,169528449,-0.0821351,0.00225532,2.2e-290,-0.026641931,0.005435172346326476,9.498e-07,318397.62,True,0.2664015904572565
3:169528523:G:T,rs9831661,169528523,-0.0821785,0.00225669,2.4e-290,-0.026641931,0.005441488045002985,9.777e-07,318397.62,True,0.2664015904572565
3:169529418:G:A,rs79253753,169529418,0.0364078,0.00444582,2.6e-16,0.026343975,0.015171450155890524,0.08249,318397.62,True,0.0536779324055666
3:169529895:C:A,rs67795055,169529895,-0.0781972,0.00243297,1.2e-226,-0.021761492,0.005990186217868696,0.0002803,318397.62,True,0.22962226640159045
3:169532377:A:G,rs9814802,169532377,-0.0573553,0.00204708,9.8e-173,-0.0099503305,0.00484861078153176,0.04015,318397.62,True,0.40755467196819084
3:169533717:T:A,rs9878316,169533717,-0.0573404,0.00204825,1.9e-172,-0.0099503305,0.004900297182599673,0.0423,318397.62,True,0.40457256461232605
3:169534337:A:G,rs75272181,169534337,0.0016127,0.00326159,0.62,-0.0099503305,0.011341428514186652,0.3803,318397.62,True,0.10238568588469185
3:169534538:A:C,rs4955575,169534538,-0.0797185,0.00230383,2.3e-262,-0.015873348,0.00546454303273513,0.003675,318397.62,True,0.2584493041749503
3:169535266:G:T,rs6793160,169535266,-0.0574662,0.00204717,2.2e-173,-0.0099503305,0.004861705072421875,0.04069,318397.62,True,0.40457256461232605
3:169536637:T:C,rs10936602,169536637,-0.0801292,0.00230788,3.9e-264,-0.015873348,0.005483400300625915,0.003794,318397.62,True,0.2544731610337972
3:169537674:C:T,rs78820870,169537674,0.00294178,0.00337171,0.38,-0.01093994,0.010676131806472193,0.3055,318397.62,True,0.09741550695825049
3:169538108:A:G,rs78823930,169538108,0.00297731,0.00336542,0.38,-0.01093994,0.01074255064523973,0.3085,318397.62,True,0.09840954274353876
3:169538612:G:A,rs7632991,169538612,-0.0801188,0.00230779,4.4e-264,-0.015873348,0.005467741609393085,0.003695,318397.62,True,0.2544731610337972
3:169539649:T:A,rs7628572,169539649,-0.0573685,0.00204614,5.6999999999999994e-173,-0.0099503305,0.00484690765469463,0.04008,318397.62,True,0.40457256461232605
3:169539812:C:G,rs61738871,169539812,0.00342204,0.00334523,0.31,-0.008959741,0.010520263272156659,0.3944,318397.62,True,0.10039761431411531
3:169539990:G:A,rs61754874,169539990,0.00306119,0.00337022,0.36,-0.01093994,0.010836207007089479,0.3127,318397.62,True,0.09741550695825049
3:169540397:T:C,rs1920119,169540397,-0.0573556,0.00204585,6.1e-173,-0.0099503305,0.0048505555936695175,0.04023,318397.62,True,0.40357852882703776
3:169540882:C:G,rs75794543,169540882,0.00265595,0.00336495,0.43,-0.01093994,0.010603521501871164,0.3022,318397.62,True,0.09741550695825049
3:169542235:C:T,rs79975594,169542235,0.00360999,0.00355328,0.31,-0.021761492,0.01134028124275665,0.05499,318397.62,True,0.08846918489065607
3:169542655:T:C,rs74428290,169542655,0.00346651,0.00355165,0.33,-0.021761492,0.011308924629569261,0.05432,318397.62,True,0.08846918489065607
3:169543520:T:G,rs77950876,169543520,0.0034883,0.00355266,0.33,-0.021761492,0.01159700228510002,0.06059,318397.62,True,0.08846918489065607
3:169545652:G:T,rs10936603,169545652,-0.0800201,0.0023142,5.4e-262,-0.015873348,0.005606801946204778,0.004639,318397.62,True,0.2584493041749503
3:169547573:A:G,rs9838444,169547573,-0.0575698,0.0020614,1.2e-171,-0.012916225,0.005012912833050191,0.009978,318397.62,True,0.3966202783300199
3:169548655:G:A,rs9882101,169548655,-0.0573718,0.00206179,2.1e-170,-0.01192857,0.004795168048086629,0.01286,318397.62,True,0.3986083499005964
3:169549551:G:T,rs34194057,169549551,-0.0794322,0.00232353,3.9e-256,-0.015873348,0.005503385545862813,0.003923,318397.62,True,0.25646123260437376
3:169550232:G:A,rs146795566,169550232,-0.00506083,0.00391398,0.2,-0.02078254,0.012575203061609022,0.0984,318397.62,True,0.0775347912524851
3:169550759:G:A,rs12486767,169550759,-0.0592484,0.00207399,1.7e-179,-0.01192857,0.005146497420527697,0.02046,318397.62,True,0.38966202783300197
3:169551084:A:G,rs76218649,169551084,0.0288611,0.00502074,9e-09,0.036560256,0.014664029441662084,0.01266,318397.62,True,0.048707753479125246
3:169551870:C:A,rs34237331,169551870,-0.0781233,0.00231568,1.7000000000000002e-249,-0.015873348,0.005536448189534078,0.004143,318397.62,True,0.2554671968190855
3:169552381:A:G,rs7647824,169552381,-0.0774516,0.00229173,2.2e-250,-0.015873348,0.005724346283167058,0.005555,318397.62,True,0.2584493041749503
3:169552549:T:G,rs77073381,169552549,-0.0048534,0.00389912,0.21,-0.017839918,0.012517502208455539,0.1541,318397.62,True,0.07952286282306163
3:169553498:G:T,rs9833035,169553498,-0.0775155,0.00229475,3.8999999999999997e-250,-0.015873348,0.005629331506554831,0.004806,318397.62,True,0.2584493041749503
3:169554084:G:A,rs4352416,169554084,-0.0772586,0.002291,2.7e-249,-0.015873348,0.005703697096470617,0.005386,318397.62,True,0.2584493041749503
3:169554129:G:A,rs2421830,169554129,-0.0774729,0.0022942,5.599999999999999e-250,-0.015873348,0.005631328985706771,0.004821,318397.62,True,0.2584493041749503
3:169554264:T:C,rs2421829,169554264,-0.0774035,0.00229104,3.2e-250,-0.015873348,0.005703450149141569,0.005384,318397.62,True,0.2584493041749503
3:169554741:G:T,rs34058457,169554741,-0.0780878,0.00231504,2.1000000000000002e-249,-0.015873348,0.005655625947749925,0.005006,318397.62,True,0.2554671968190855
3:169554781:A:G,rs28688695,169554781,-0.0597261,0.00207411,2.4000000000000002e-182,-0.01192857,0.005215197105410602,0.02218,318397.62,True,0.38866799204771374
3:169554872:A:G,rs28525288,169554872,-0.0597129,0.00207419,2.9999999999999998e-182,-0.01192857,0.005214806178861427,0.02217,318397.62,True,0.38866799204771374
3:169555882:T:C,rs2141593,169555882,-0.0772347,0.00230349,1.8e-246,-0.014888613,0.005613870348132887,0.007999,318397.62,True,0.25745526838966204
3:169556383:T:C,rs59800107,169556383,-0.0780916,0.00231535,2.3000000000000003e-249,-0.015873348,0.005689271308483968,0.00527,318397.62,True,0.2554671968190855
3:169557842:C:T,rs16854445,169557842,-0.00490737,0.00389825,0.21,-0.017839918,0.012766710882639472,0.1623,318397.62,True,0.07952286282306163
3:169558025:C:T,rs3732451,169558025,-0.0594954,0.00207414,6.000000000000001e-181,-0.01093994,0.004924995626857027,0.02633,318397.62,True,0.38966202783300197
3:169558373:G:C,rs9831336,169558373,-0.0772389,0.00230351,1.7e-246,-0.014888613,0.005746619559607679,0.009574,318397.62,True,0.25745526838966204
3:169558711:T:A,rs12492588,169558711,-0.0773357,0.00230787,3.5e-246,-0.014888613,0.005571244093026988,0.007531,318397.62,True,0.25745526838966204
3:169558821:G:A,rs12489230,169558821,-0.077325,0.00230741,3.3e-246,-0.014888613,0.0055913057828378965,0.007749,318397.62,True,0.25745526838966204
3:169559234:G:A,rs16854453,169559234,-0.0780723,0.00231572,3.6000000000000004e-249,-0.015873348,0.005708377473653609,0.005424,318397.62,True,0.2554671968190855
3:169559702:G:A,rs55987393,169559702,-0.078141,0.00231639,1.8000000000000002e-249,-0.015873348,0.005696634875886618,0.005329,318397.62,True,0.2554671968190855
3:169560652:A:G,rs79060268,169560652,-0.00502699,0.00391489,0.2,-0.018821754,0.012708602630223352,0.1386,318397.62,True,0.07852882703777336
3:169562083:C:T,rs12492658,169562083,-0.0772107,0.0023048,4.800000000000001e-246,-0.013902905,0.005462983724097721,0.01093,318397.62,True,0.25745526838966204
3:169562443:C:T,rs6807681,169562443,-0.0772249,0.00230483,4e-246,-0.013902905,0.005465723886578,0.01097,318397.62,True,0.25745526838966204
3:169562797:G:A,rs6785618,169562797,-0.07724,0.00230489,3.3e-246,-0.013902905,0.005462983724097721,0.01093,318397.62,True,0.25745526838966204
3:169562965:T:C,rs116674307,169562965,0.0206737,0.00366309,1.7e-08,0.018571386,0.009396173787484556,0.0481,318397.62,True,0.10337972166998012
3:169563450:T:C,rs11928433,169563450,-0.0772278,0.00230497,4.1000000000000004e-246,-0.014888613,0.005817581816672414,0.01049,318397.62,True,0.25745526838966204
3:169563523:T:G,rs10049456,169563523,-0.059245,0.00207599,3.9e-179,-0.01093994,0.005099228062046713,0.03192,318397.62,True,0.39065606361829025
3:169565030:G:A,rs12490581,169565030,-0.0680588,0.00213985,5.4e-222,-0.016857117,0.005481982817940228,0.002105,318397.62,True,0.33697813121272363
3:169565076:T:C,rs12493969,169565076,-0.0772437,0.00230525,3.7e-246,-0.013902905,0.005462983724097721,0.01093,318397.62,True,0.25745526838966204
3:169565571:T:C,rs13074500,169565571,-0.0782014,0.00231725,1.2e-249,-0.014888613,0.005509001217876178,0.00688,318397.62,True,0.2554671968190855
3:169566090:A:G,rs9290375,169566090,-0.0594542,0.00207586,2.1000000000000003e-180,-0.01093994,0.005158152953582368,0.03393,318397.62,True,0.38966202783300197
3:169566247:T:C,rs11717389,169566247,-0.0779027,0.00231467,2.5e-248,-0.014888613,0.00557115120963074,0.00753,318397.62,True,0.25646123260437376
3:169566305:C:T,rs41273577,169566305,0.00890321,0.00314921,0.0047,0.0049120444,0.010534061629011963,0.641,318397.62,True,0.1312127236580517
3:169566453:C:G,rs6772936,169566453,-0.0777242,0.00230947,2.7e-248,-0.014888613,0.005745103722077768,0.009555,318397.62,True,0.25646123260437376
3:169568116:G:C,rs16847897,169568116,-0.0690206,0.00223181,5.4000000000000005e-210,-0.016857117,0.0058083048111819725,0.003705,318397.62,True,0.29025844930417494
3:169568492:A:G,rs4955676,169568492,-0.0689998,0.00223248,9.6e-210,-0.016857117,0.005861706014664297,0.00403,318397.62,True,0.29025844930417494
3:169568510:T:C,rs4955677,169568510,-0.0689922,0.00223233,9.9e-210,-0.016857117,0.005861386647374804,0.004028,318397.62,True,0.29025844930417494
3:169568670:C:G,rs6764267,169568670,-0.0549052,0.00205089,7e-158,-0.012916225,0.005277037401575832,0.01438,318397.62,True,0.4234592445328032
3:169569374:A:G,rs41273579,169569374,-0.00479005,0.00390455,0.22,-0.016857117,0.012769528477605954,0.1868,318397.62,True,0.07852882703777336
3:169569432:C:G,rs35923425,169569432,-0.00469335,0.00390719,0.23,-0.016857117,0.012871052934396839,0.1903,318397.62,True,0.07852882703777336
3:169570241:A:C,rs11709840,169570241,-0.0685859,0.00223179,2.2e-207,-0.016857117,0.0056993169600259,0.003099,318397.62,True,0.28926441351888665
3:169570278:A:G,rs79001526,169570278,-0.00453105,0.0039069,0.25,-0.016857117,0.012766630926010597,0.1867,318397.62,True,0.07852882703777336
3:169571145:A:C,rs16854469,169571145,-0.00449002,0.00389365,0.25,-0.015873348,0.012818525787672473,0.2156,318397.62,True,0.07952286282306163
3:169571810:T:C,rs6789970,169571810,-0.0686475,0.0022331,1.6e-207,-0.016857117,0.005711874354178106,0.003165,318397.62,True,0.2912524850894632
3:169572694:C:T,rs41273581,169572694,-0.034909,0.00941781,0.00021,-0.044973366,0.029950262796074153,0.1332,318397.62,True,0.007952286282306162
3:169572897:A:G,rs3732453,169572897,-0.00427589,0.0038945,0.27,-0.015873348,0.012913648915148908,0.219,318397.62,True,0.07952286282306163
3:169573743:G:A,rs113980855,169573743,0.0184594,0.00563076,0.001,0.0103534125,0.023300886947699523,0.6568,318397.62,True,0.02186878727634195
3:169574833:G:A,rs76602717,169574833,-0.00423526,0.00389535,0.28,-0.015873348,0.013127543729379586,0.2266,318397.62,True,0.0805168986083499
3:169574912:T:C,rs4955678,169574912,-0.0686525,0.00223215,1e-207,-0.016857117,0.005769755778431286,0.003482,318397.62,True,0.29025844930417494
3:169575613:G:A,rs77896036,169575613,-0.00430311,0.00389595,0.27,-0.015873348,0.012955723405740976,0.2205,318397.62,True,0.07952286282306163
3:169576562:C:A,rs112845622,169576562,0.0191364,0.00380395,4.9e-07,0.022859294,0.013995530561601886,0.1024,318397.62,True,0.09443339960238568
3:169578160:A:C,rs6790213,169578160,-0.0541602,0.00204773,3.8e-154,-0.01192857,0.005346334195626292,0.02567,318397.62,True,0.4224652087475149
3:169578816:T:C,rs5017831,169578816,-0.0544348,0.00204782,1.1e-155,-0.01192857,0.005183218411446328,0.02137,318397.62,True,0.42445328031809143
3:169579377:T:G,rs74441792,169579377,0.0240662,0.00431522,2.4e-08,0.005012542,0.01465935255349054,0.7324,318397.62,True,0.042743538767395624
3:169579834:T:C,rs34288366,169579834,0.0263178,0.00473797,2.8e-08,0.01918282,0.019401664643431862,0.3228,318397.62,True,0.04671968190854871
3:169579971:G:A,rs1920116,169579971,-0.0685026,0.00223535,3.0999999999999997e-206,-0.016857117,0.005851108724915256,0.003964,318397.62,True,0.29025844930417494
3:169580157:A:G,rs2178401,169580157,-0.0682075,0.0022274,6.199999999999999e-206,-0.016857117,0.005776268311095774,0.003519,318397.62,True,0.2932405566600398
3:169580463:A:C,rs11923653,169580463,-0.0539059,0.00205213,4.4e-152,-0.01192857,0.005154236879658678,0.02065,318397.62,True,0.4224652087475149
3:169581674:A:T,rs1920117,169581674,-0.0844342,0.00381135,9.7e-109,-0.026641931,0.0142714697767898,0.06193,318397.62,True,0.08648111332007952
3:169582223:A:G,rs7647589,169582223,-0.0539553,0.0020558,8.1e-152,-0.012916225,0.005263461028568813,0.01413,318397.62,True,0.4254473161033797
3:169582906:G:A,rs9831950,169582906,0.0145935,0.00244878,2.5e-09,0.003405793,0.008441183503594936,0.6866,318397.62,True,0.20874751491053678
3:169583244:AG:A,rs758725902,169583244,-0.0613867,0.00228595,7.6e-159,-0.014888613,0.006196354848216476,0.01627,318397.62,True,0.2823061630218688
3:169583790:G:A,rs6444875,169583790,0.0142608,0.0026761,9.9e-08,0.017756721,0.009317721979831911,0.05669,318397.62,True,0.16699801192842942
3:169584246:T:A,rs9290376,169584246,0.0129778,0.0026753,1.2e-06,0.016332654,0.008063282414800095,0.04281,318397.62,True,0.16600397614314116
3:169584329:C:T,rs9290377,169584329,0.0135217,0.00320741,2.5e-05,0.01308524,0.011375013733412804,0.25,318397.62,True,0.09542743538767395
3:169584567:G:A,rs9838292,169584567,0.0132336,0.00268063,7.9e-07,0.01653597,0.008195746958969434,0.04363,318397.62,True,0.16699801192842942
3:169584699:G:A,rs142913241,169584699,0.00881073,0.00429511,0.04,0.020713042,0.014928694555568245,0.1653,318397.62,True,0.06660039761431412
3:169584728:T:C,rs9858327,169584728,0.0132409,0.002681,7.9e-07,0.016231013,0.008189975682276751,0.0475,318397.62,True,0.16699801192842942
3:169586069:T:C,rs2141594,169586069,-0.0380165,0.00201585,2.5e-79,-0.01192857,0.006980053264767267,0.08746,318397.62,True,0.4990059642147117
3:169587741:G:C,rs2276718,169587741,0.00689307,0.00297802,0.021,0.009545413,0.010350175076079252,0.3564,318397.62,True,0.12823061630218688
3:169588658:A:T,rs1317612,169588658,0.00688841,0.00424502,0.1,0.023473356,0.014938280867868817,0.1161,318397.62,True,0.06560636182902585
3:169589696:G:A,rs66494747,169589696,0.015299,0.00319651,1.7e-06,0.010252376,0.011294029665756884,0.364,318397.62,True,0.09741550695825049
3:169589918:G:A,rs9841073,169589918,0.00913113,0.00234102,9.6e-05,0.0007002451,0.008170300090221839,0.9317,318397.62,True,0.23757455268389663
3:169589954:C:A,rs62293420,169589954,-0.0542047,0.00280752,4.6999999999999996e-83,-0.01093994,0.009147174460698279,0.2317,318397.62,True,0.1411530815109344
3:169590002:C:G,rs16854488,169590002,-0.0584355,0.00231803,3.2e-140,-0.013902905,0.006372838972225854,0.02914,318397.62,True,0.26043737574552683
3:169590591:C:T,rs111819017,169590591,0.0152662,0.00316418,1.4e-06,0.010151351,0.011069193286542288,0.3591,318397.62,True,0.10238568588469185
3:169590701:T:A,rs66870735,169590701,0.0149023,0.003164,2.5e-06,0.010050336,0.01126500303063597,0.3723,318397.62,True,0.10139165009940358
3:169591250:G:A,rs9847067,169591250,-0.0446395,0.00204506,1.3e-105,-0.014888613,0.005657250662682481,0.008494,318397.62,True,0.4125248508946322
3:169591866:A:T,rs56012908,169591866,-0.0586124,0.00228759,8.7e-145,-0.015873348,0.006254367174666461,0.01115,318397.62,True,0.2673956262425447
3:169593626:A:G,rs7652654,169593626,-0.045135,0.0020468,9.2e-108,-0.015873348,0.005646635935581844,0.004937,318397.62,True,0.40656063618290256
3:169593981:A:G,rs76211656,169593981,-0.0819097,0.00391837,4.9e-97,-0.023716526,0.014634265445493363,0.1051,318397.62,True,0.07455268389662027
3:169594110:A:G,rs7653134,169594110,-0.0448753,0.00204479,9.4e-107,-0.014888613,0.005432110156737226,0.006128,318397.62,True,0.40656063618290256
3:169594982:G:A,rs2901538,169594982,-0.0450353,0.00204465,1.6e-107,-0.015873348,0.005631727976365684,0.004824,318397.62,True,0.40556660039761433
3:169595485:T:C,rs7614694,169595485,-0.0445475,0.00204156,1.4999999999999999e-105,-0.014888613,0.005447714416096892,0.006276,318397.62,True,0.40656063618290256
3:169596908:C:T,rs7650849,169596908,-0.0447736,0.00204796,5.9e-106,-0.014888613,0.0054288102527164294,0.006097,318397.62,True,0.4125248508946322
3:169597186:G:T,rs7628292,169597186,0.00855832,0.00422996,0.043,0.017960325,0.01502032260065861,0.2318,318397.62,True,0.06560636182902585
3:169599441:A:G,rs11708764,169599441,0.00912867,0.00401206,0.023,0.013794711,0.014550494856913631,0.3431,318397.62,True,0.07654075546719682
3:169599567:T:A,rs13098597,169599567,-0.0443022,0.0021909,6.4e-91,-0.01192857,0.007193318155842216,0.09726,318397.62,True,0.33399602385685884
3:169599969:A:G,rs7610949,169599969,0.00265684,0.00265116,0.32,-0.01093994,0.009047526756597847,0.2266,318397.62,True,0.22365805168986083
3:169601046:A:G,rs13086773,169601046,-0.03859,0.00215393,8.8e-72,-0.0099503305,0.007435075120132588,0.1808,318397.62,True,0.3518886679920477
3:169604353:A:T,rs9850179,169604353,0.00322061,0.00360482,0.37,0.011465478,0.012773513598439411,0.3694,318397.62,True,0.09940357852882704
3:169604978:C:T,rs73038204,169604978,0.00348583,0.00359668,0.33,0.01501212,0.01258163546662424,0.2328,318397.62,True,0.09940357852882704
3:169606306:G:A,rs77588720,169606306,0.00586117,0.00391958,0.13,0.014707629,0.013619812322214818,0.2802,318397.62,True,0.07455268389662027
3:169606576:G:A,rs1920115,169606576,-0.0301695,0.00311865,3.9000000000000004e-22,-0.017839918,0.008643471983795824,0.03902,318397.62,True,0.8836978131212724
3:169606914:A:G,rs4392461,169606914,-0.0305146,0.00315228,3.7000000000000005e-22,-0.018821754,0.008648359975339649,0.02953,318397.62,True,0.8926441351888668
3:169606927:A:G,rs1920114,169606927,-0.0305548,0.00315495,3.5000000000000005e-22,-0.019802628,0.009012310917010227,0.028,318397.62,True,0.8926441351888668
3:169606936:T:G,rs7635067,169606936,-0.0282799,0.0020254,2.6000000000000003e-44,-0.0069756135,0.00654883997440893,0.2868,318397.62,True,0.4572564612326044
3:169607259:A:G,rs113352091,169607259,0.0015118,0.00417299,0.72,0.01653597,0.01413628053163972,0.2421,318397.62,True,0.06858846918489066
3:169607319:G:T,rs113822031,169607319,0.00148347,0.00425758,0.73,0.015519812,0.014267648520830728,0.2767,318397.62,True,0.06461232604373758
3:169607441:T:G,rs7635631,169607441,-0.0280643,0.00201424,4e-44,-0.003992021,0.007366960270098836,0.5879,318397.62,True,0.5248508946322068
3:169607475:C:T,rs7621848,169607475,-0.0282554,0.00202483,2.9999999999999997e-44,-0.00796817,0.007204094568311312,0.2687,318397.62,True,0.4562624254473161
3:169607509:C:T,rs7621860,169607509,-0.0283767,0.00202674,1.5e-44,-0.00796817,0.006478227711319107,0.2187,318397.62,True,0.45825049701789267
3:169607540:T:A,rs7621311,169607540,-0.0273072,0.00200087,2.1e-42,-0.003992021,0.00710665460453265,0.5743,318397.62,True,0.5248508946322068
3:169607577:T:C,rs7621327,169607577,-0.0271149,0.0020001,7.2e-42,-0.003992021,0.007246319577588734,0.5817,318397.62,True,0.5248508946322068
3:169607678:T:C,rs5024085,169607678,-0.0304815,0.00315145,4e-22,-0.019802628,0.009070963025207091,0.02903,318397.62,True,0.8926441351888668
3:169607830:A:G,rs35510420,169607830,-0.0271147,0.00199908,6.6e-42,-0.002995509,0.005778705992635331,0.6042,318397.62,True,0.5238568588469185
3:169607894:A:G,rs59610162,169607894,-0.0272329,0.00200396,4.6e-42,-0.003992021,0.007317906452678652,0.5854,318397.62,True,0.5198807157057654
3:169607972:C:T,rs138430859,169607972,0.00095776,0.00425646,0.82,0.01582455,0.01426532410487131,0.2673,318397.62,True,0.06461232604373758
3:169608026:T:C,rs111726151,169608026,-0.00015512,0.00415176,0.97,0.016434306,0.01404638648146822,0.242,318397.62,True,0.06858846918489066
3:169608063:A:G,rs144679819,169608063,-0.00045436,0.00414832,0.91,0.016739324,0.014002191829774907,0.2319,318397.62,True,0.06858846918489066
3:169608336:G:A,rs80080146,169608336,-0.00090428,0.0041864,0.83,0.014301784,0.014110657706102134,0.3108,318397.62,True,0.06660039761431412
3:169608873:G:T,rs16854516,169608873,0.00092113,0.00418377,0.83,0.015316704,0.014089724382372692,0.277,318397.62,True,0.06858846918489066
3:169608970:G:A,rs79071673,169608970,0.00025218,0.00422096,0.95,0.01308524,0.01396623816106212,0.3488,318397.62,True,0.06660039761431412
3:169609291:T:C,rs4955681,169609291,-0.0304196,0.00314964,4.500000000000001e-22,-0.018821754,0.008757637417225073,0.03162,318397.62,True,0.8926441351888668
3:169609770:T:C,rs4955682,169609770,-0.0303484,0.00314763,5.300000000000001e-22,-0.018821754,0.008756608762188728,0.0316,318397.62,True,0.8926441351888668
3:169609857:T:C,rs4955683,169609857,-0.0302968,0.00314753,6.2e-22,-0.018821754,0.008757637417225073,0.03162,318397.62,True,0.8936381709741551
3:169610913:G:A,rs6444876,169610913,-0.0264248,0.00293609,2.3e-19,-0.019802628,0.007661126171332092,0.009743,318397.62,True,0.8648111332007953
3:169610961:G:A,rs73176483,169610961,-0.0198716,0.00205968,5e-22,-0.0019980026,0.0055655686192267,0.7196,318397.62,True,0.4393638170974155
3:169610964:C:A,rs6444877,169610964,-0.0133578,0.00276242,1.3e-06,-0.013902905,0.006837532308983185,0.04202,318397.62,True,0.8339960238568589
3:169610977:G:C,rs6444878,169610977,-0.0133387,0.00276975,1.5e-06,-0.013902905,0.0068930100853565445,0.0437,318397.62,True,0.8339960238568589
3:169611035:A:G,rs6444879,169611035,-0.026057,0.00292801,5.6e-19,-0.019802628,0.007597152789963809,0.009145,318397.62,True,0.8648111332007953
3:169611037:G:A,rs6444880,169611037,-0.0261846,0.00294827,6.6e-19,-0.019802628,0.007751654663105116,0.01063,318397.62,True,0.8648111332007953
3:169611076:C:T,rs6444881,169611076,-0.0261156,0.00292789,4.7e-19,-0.019802628,0.007618079275151589,0.009338,318397.62,True,0.8648111332007953
3:169611229:G:A,rs7638960,169611229,-0.0261878,0.00292692,3.6e-19,-0.019802628,0.007652818546903704,0.009664,318397.62,True,0.8628230616302187
3:169611275:A:C,rs7628957,169611275,-0.0133615,0.00275972,1.3e-06,-0.013902905,0.006975182422522276,0.04624,318397.62,True,0.8320079522862823
3:169611401:A:G,rs10936604,169611401,-0.0268989,0.00293976,5.7e-20,-0.018821754,0.007484394641127121,0.01191,318397.62,True,0.8598409542743539
3:169611405:C:T,rs71629207,169611405,-0.0268984,0.00293971,5.7e-20,-0.018821754,0.007484394641127121,0.01191,318397.62,True,0.8598409542743539
3:169611420:G:A,rs11718565,169611420,-0.013999,0.00277119,4.4e-07,-0.018821754,0.009694535796879572,0.0522,318397.62,True,0.8290258449304175
3:169611862:T:A,rs6789102,169611862,-0.0262721,0.00293691,3.7e-19,-0.019802628,0.007804498726712391,0.01117,318397.62,True,0.8638170974155069
3:169611887:T:C,rs6789120,169611887,-0.0263309,0.00292658,2.3e-19,-0.019802628,0.007663013156841944,0.009761,318397.62,True,0.8638170974155069
3:169612012:G:A,rs4955684,169612012,-0.0262729,0.00292649,2.8e-19,-0.019802628,0.007663013156841944,0.009761,318397.62,True,0.8638170974155069
3:169612578:A:G,rs9838470,169612578,-0.0273932,0.00292264,7.1e-21,-0.019802628,0.007804498726712391,0.01117,318397.62,True,0.8638170974155069
3:169612774:T:C,rs9821287,169612774,-0.0274463,0.00298298,3.5e-20,-0.019802628,0.010139612206721545,0.05082,318397.62,True,0.8667992047713717
3:169612784:T:C,rs9821292,169612784,-0.0274427,0.00298292,3.6e-20,-0.019802628,0.010139612206721545,0.05082,318397.62,True,0.8667992047713717
3:169613061:G:A,rs9881198,169613061,-0.0281296,0.00296381,2.3e-21,-0.019802628,0.01014399198187528,0.05092,318397.62,True,0.8658051689860835
3:169613114:C:A,rs4955685,169613114,-0.0282006,0.00296661,2e-21,-0.014888613,0.0074693764689956945,0.04623,318397.62,True,0.8658051689860835
3:169613612:T:C,rs6795792,169613612,-0.0287685,0.00297694,4.3e-22,-0.018821754,0.009828491408818092,0.05549,318397.62,True,0.8658051689860835
3:169613751:T:G,rs6796010,169613751,-0.0281332,0.00296446,2.3e-21,-0.019802628,0.010230885810235247,0.05292,318397.62,True,0.8628230616302187
3:169613897:T:C,rs9830525,169613897,-0.028138,0.00296454,2.3e-21,-0.014888613,0.007400258139477456,0.04423,318397.62,True,0.8558648111332008
3:169614125:A:G,rs9848501,169614125,-0.0283383,0.00296932,1.4e-21,-0.019802628,0.010170634988121601,0.05153,318397.62,True,0.8658051689860835
3:169614370:G:T,rs9811717,169614370,-0.0281435,0.00296454,2.2e-21,-0.019802628,0.010144867525876441,0.05094,318397.62,True,0.8658051689860835
3:169614863:T:C,rs7643493,169614863,-0.028205,0.00296497,1.9e-21,-0.019802628,0.010130842338731044,0.05062,318397.62,True,0.8658051689860835
3:169615538:G:C,rs2421827,169615538,-0.0149695,0.00278241,7.4e-08,-0.012916225,0.009362080338626979,0.1677,318397.62,True,0.8349900596421471
3:169616190:A:C,rs6800571,169616190,-0.0288105,0.00297452,3.5000000000000005e-22,-0.018821754,0.010105537803687527,0.06253,318397.62,True,0.8658051689860835
3:169616462:A:G,rs4955686,169616462,-0.0150612,0.00278247,6.2e-08,-0.01093994,0.009155015820293776,0.2321,318397.62,True,0.8349900596421471
3:169616476:C:T,rs6788311,169616476,-0.0150754,0.00278229,6e-08,-0.01093994,0.009162861023800489,0.2325,318397.62,True,0.8349900596421471
3:169617342:G:A,rs9874716,169617342,0.00967103,0.00213938,6.2e-06,-0.0069756135,0.007646011598139979,0.3616,318397.62,True,0.3240556660039761
3:169617405:T:C,rs16854522,169617405,-0.0171319,0.00200003,1.1e-17,-0.0009995003,0.012625255418977382,0.9369,318397.62,True,0.47813121272365805
3:169617842:A:C,rs7633907,169617842,-0.0145978,0.00277449,1.4e-07,-0.01192857,0.009948169307226418,0.2305,318397.62,True,0.8339960238568589
3:169618340:A:G,rs4955576,169618340,-0.0139119,0.00276003,4.6e-07,-0.01093994,0.009166785072304881,0.2327,318397.62,True,0.8349900596421471
3:169618346:C:T,rs4955688,169618346,-0.0147533,0.00278713,1.2e-07,-0.01093994,0.009265206140378781,0.2377,318397.62,True,0.8379721669980119
3:169618710:C:T,rs3851389,169618710,-0.0147145,0.00278714,1.3e-07,-0.01093994,0.00926718095419317,0.2378,318397.62,True,0.8339960238568589
3:169619210:C:T,rs3863107,169619210,-0.014796,0.00277259,9.5e-08,-0.01192857,0.0098757648284081,0.2271,318397.62,True,0.8349900596421471
3:169619492:G:A,rs6803956,169619492,-0.0147995,0.00277265,9.4e-08,-0.01093994,0.009304751207939345,0.2397,318397.62,True,0.8339960238568589
3:169619710:T:C,rs6798219,169619710,-0.0143344,0.00274938,1.9e-07,-0.01093994,0.009354329143304998,0.2422,318397.62,True,0.831013916500994
3:169619842:A:T,rs76097375,169619842,0.00408762,0.00354289,0.25,-0.00796817,0.012014661685128615,0.5072,318397.62,True,0.10238568588469185
3:169619899:T:A,rs6798451,169619899,-0.0273311,0.00297476,4e-20,-0.016857117,0.010254439348263478,0.1002,318397.62,True,0.8667992047713717
3:169619915:C:T,rs6783227,169619915,-0.0273311,0.00297476,4e-20,-0.016857117,0.010254439348263478,0.1002,318397.62,True,0.8667992047713717
3:169620058:T:C,rs6798651,169620058,-0.0273327,0.00297478,4e-20,-0.016857117,0.010254439348263478,0.1002,318397.62,True,0.8667992047713717
3:169620166:C:T,rs6783537,169620166,-0.0273337,0.00297478,4e-20,-0.016857117,0.010254439348263478,0.1002,318397.62,True,0.8667992047713717
3:169620180:G:A,rs6806925,169620180,-0.0269256,0.00295726,8.6e-20,-0.016857117,0.010156274727412685,0.09696,318397.62,True,0.8667992047713717
3:169620300:G:A,rs16854538,169620300,-0.0574908,0.00694813,1.3e-16,-0.028587457,0.025921853297386704,0.2701,318397.62,True,0.032803180914512925
3:169620913:A:G,rs6799321,169620913,-0.014595,0.00277513,1.4e-07,-0.01093994,0.00943999538503702,0.2465,318397.62,True,0.8339960238568589
3:169621460:G:A,rs9681284,169621460,0.0107132,0.00209071,3e-07,-0.0059820716,0.0068069521103685015,0.3795,318397.62,True,0.3548707753479125
3:169621973:G:A,rs4955689,169621973,-0.0149528,0.00277858,7.4e-08,-0.01093994,0.009532207637250508,0.2511,318397.62,True,0.8339960238568589
3:169622480:A:G,rs3980572,169622480,-0.0269741,0.00295745,7.5e-20,-0.016857117,0.010155970668191513,0.09695,318397.62,True,0.8667992047713717
3:169623841:G:A,rs7618546,169623841,-0.0142291,0.00275717,2.5e-07,-0.01093994,0.009570472790688317,0.253,318397.62,True,0.831013916500994
3:169624528:C:T,rs9283638,169624528,0.0106725,0.00209143,3.3e-07,-0.0059820716,0.0066798696184619515,0.3705,318397.62,True,0.3548707753479125
3:169624667:T:A,rs4118351,169624667,-0.0148458,0.00277235,8.6e-08,-0.01093994,0.009384155654461959,0.2437,318397.62,True,0.8339960238568589
3:169625101:G:A,rs6775494,169625101,-0.0148557,0.00277235,8.4e-08,-0.01093994,0.009384155654461959,0.2437,318397.62,True,0.8339960238568589
3:169625263:T:C,rs6767323,169625263,-0.0143787,0.00274907,1.7e-07,-0.01093994,0.009544279985799377,0.2517,318397.62,True,0.831013916500994
3:169626009:G:A,rs4955690,169626009,-0.014021,0.00274908,3.4e-07,-0.0099503305,0.009162767558464553,0.2775,318397.62,True,0.831013916500994
3:169626159:T:G,rs4955691,169626159,-0.0270398,0.00296452,7.4e-20,-0.015873348,0.010085067007686575,0.1155,318397.62,True,0.8638170974155069
3:169626319:T:C,rs12490374,169626319,-0.014315,0.00274682,1.9e-07,-0.0099503305,0.009646338935387803,0.3023,318397.62,True,0.8320079522862823
3:169626379:G:A,rs4955692,169626379,-0.0169451,0.00200786,3.2e-17,0.000100005,0.008141881551952088,0.9902,318397.62,True,0.4761431411530815
3:169627094:A:G,rs3863108,169627094,-0.0272799,0.00297659,5e-20,-0.015873348,0.01013489332936646,0.1173,318397.62,True,0.8677932405566601
3:169627465:A:G,rs9861963,169627465,-0.0142718,0.00276669,2.5e-07,-0.0069756135,0.00943280601289007,0.4596,318397.62,True,0.8359840954274353
3:169628469:A:G,rs3902131,169628469,-0.0563347,0.00689539,3.1e-16,-0.04305949,0.02612271616369633,0.09928,318397.62,True,0.03180914512922465
3:169630430:A:G,rs7611256,169630430,-0.0273534,0.00297642,3.9e-20,-0.013902905,0.01005828931146057,0.1669,318397.62,True,0.8677932405566601
3:169630589:A:C,rs7613633,169630589,-0.014378,0.00274682,1.7e-07,-0.00796817,0.009802670254500906,0.4163,318397.62,True,0.8320079522862823
3:169631624:A:T,rs9883440,169631624,-0.0273382,0.00297614,4.1e-20,-0.013902905,0.010065401654074234,0.1672,318397.62,True,0.8677932405566601
3:169632062:A:G,rs79805129,169632062,-0.0387841,0.00382178,3.4e-24,0.012477522,0.014299812744862387,0.3829,318397.62,True,0.06858846918489066
3:169632876:T:C,rs4955694,169632876,-0.0273391,0.00297559,4e-20,-0.013902905,0.010065401654074234,0.1672,318397.62,True,0.8677932405566601
3:169633705:T:C,rs9876612,169633705,0.00944667,0.00214144,1e-05,-0.0059820716,0.006802668848844591,0.3792,318397.62,True,0.32703777335984097
3:169633958:A:G,rs4955695,169633958,-0.0170907,0.00200898,1.8e-17,0.000300045,0.006538723594787145,0.9634,318397.62,True,0.47713717693836977
3:169634639:C:T,rs7614795,169634639,-0.0144552,0.00274263,1.4e-07,-0.008959741,0.00966678395473535,0.354,318397.62,True,0.8320079522862823
3:169634916:G:C,rs7636452,169634916,-0.0183629,0.00206016,5e-19,-0.0009995003,0.008602108658358434,0.9075,318397.62,True,0.6202783300198808
3:169635671:C:T,rs7617825,169635671,-0.0142714,0.00274595,2e-07,-0.00796817,0.009834285467641977,0.4178,318397.62,True,0.8320079522862823
3:169635999:G:T,rs7639583,169635999,-0.00470821,0.00359639,0.19,-0.0069756135,0.013479178816277745,0.6048,318397.62,True,0.11332007952286283
3:169639050:C:T,rs61420799,169639050,-0.00082712,0.00639741,0.9,-0.0099503305,0.025161111933921287,0.6925,318397.62,True,0.030815109343936383
3:169639321:C:G,rs1990804,169639321,-0.013675,0.00271879,4.9e-07,-0.008959741,0.009470231335778161,0.3441,318397.62,True,0.8290258449304175
3:169640808:A:G,rs79412782,169640808,0.0176967,0.00498736,0.00039,-0.012916225,0.020062233906812693,0.5197,318397.62,True,0.05069582504970179
3:169641210:C:A,rs6770626,169641210,-0.0267429,0.0029403,9.4e-20,-0.013902905,0.009932699700185583,0.1616,318397.62,True,0.8658051689860835
3:169641356:G:C,rs6794629,169641356,-0.0170715,0.00226966,5.4e-14,-0.0059820716,0.007865006566984125,0.4469,318397.62,True,0.7186878727634195
3:169641803:T:A,rs1795216,169641803,0.0156974,0.00225829,3.6e-12,0.0064205676,0.007817977855452189,0.4115,318397.62,True,0.2882703777335984
3:169641805:C:T,rs1795217,169641805,0.0157849,0.00225297,2.4e-12,0.006319929,0.0077599636329274725,0.4154,318397.62,True,0.2882703777335984
3:169642025:G:A,rs73178420,169642025,-0.00967489,0.00485068,0.046,0.004008021,0.018157743478748812,0.8253,318397.62,True,0.041749502982107355
3:169642041:A:T,rs74286675,169642041,0.0128684,0.00322203,6.5e-05,-0.0009995003,0.008802827772479233,0.9096,318397.62,True,0.12226640159045726
3:169642073:G:A,rs1014702,169642073,0.0158299,0.00225286,2.1e-12,0.0062193,0.007708905010798249,0.4198,318397.62,True,0.2882703777335984
3:169642460:G:T,rs1014701,169642460,0.0157971,0.00225197,2.3e-12,0.0064205676,0.00779795265414282,0.4103,318397.62,True,0.2882703777335984
3:169643185:A:G,rs1290673,169643185,0.0277601,0.00294518,4.3e-21,0.018469516,0.010345591117684386,0.07422,318397.62,True,0.13220675944333996
3:169643366:C:T,rs1290672,169643366,0.0157185,0.00225057,2.9e-12,0.0064205676,0.0077696994960020326,0.4086,318397.62,True,0.2882703777335984
3:169643757:G:T,rs1290671,169643757,0.0157295,0.00225016,2.7e-12,0.006319929,0.007766622621578667,0.4158,318397.62,True,0.2882703777335984
3:169643861:G:A,rs77312716,169643861,0.0125172,0.00321421,9.8e-05,-0.0009995003,0.007653753343789331,0.8961,318397.62,True,0.12226640159045726
3:169643955:C:T,rs1290670,169643955,0.0231006,0.00231159,1.6000000000000002e-23,0.01065658,0.007971929018616557,0.1813,318397.62,True,0.2544731610337972
3:169644710:G:C,rs10513680,169644710,0.0117312,0.00319423,0.00024,-0.0009995003,0.011030413794385253,0.9278,318397.62,True,0.12226640159045726
3:169645688:C:T,rs1290669,169645688,0.0260848,0.00293034,5.5e-19,0.017858518,0.01025245743342572,0.08153,318397.62,True,0.13320079522862824
3:169645795:A:T,rs1290668,169645795,0.0254353,0.00291834,2.9e-18,0.018469516,0.010236595387136567,0.07119,318397.62,True,0.1341948310139165
3:169647084:G:A,rs58878641,169647084,0.00743221,0.0039668,0.061,-0.0019980026,0.01250924412502679,0.8731,318397.62,True,0.07654075546719682
3:169647184:CT:C,rs757487679,169647184,0.0124926,0.0023849,1.6e-07,0.007024615,0.008394527222463281,0.4027,318397.62,True,0.24055666003976142
3:169647303:C:T,rs718695,169647303,0.0128907,0.00238114,6.2e-08,0.0060180724,0.008327877884218704,0.4699,318397.62,True,0.24055666003976142
3:169647415:C:T,rs1290667,169647415,0.0259074,0.00292408,8e-19,0.018062143,0.01023820748112082,0.0777,318397.62,True,0.13320079522862824
3:169649619:T:C,rs1106759,169649619,0.0132247,0.00216404,9.9e-10,-0.0059820716,0.008143611495110909,0.4626,318397.62,True,0.34095427435387676
3:169649873:T:C,rs2241299,169649873,0.00888667,0.00400666,0.027,-0.003992021,0.014717215629659717,0.7862,318397.62,True,0.07654075546719682
3:169650526:G:A,rs1295748,169650526,0.0126117,0.0023859,1.3e-07,0.0060180724,0.008318509237879199,0.4694,318397.62,True,0.24254473161033796
3:169651656:T:C,rs17236788,169651656,0.02597,0.00293515,8.9e-19,0.018571386,0.0102985154984466,0.07134,318397.62,True,0.13518886679920478
3:169651974:G:A,rs6765033,169651974,0.00698075,0.003981,0.08,-0.0019980026,0.010979364126095395,0.8556,318397.62,True,0.07654075546719682
3:169652186:C:T,rs6790443,169652186,0.00687798,0.00398272,0.084,-0.0019980026,0.012559148987816217,0.8736,318397.62,True,0.0805168986083499
3:169652212:T:A,rs6444882,169652212,0.0125907,0.00238683,1.3e-07,0.0064205676,0.008415575506852197,0.4455,318397.62,True,0.24254473161033796
3:169652379:G:A,rs6444883,169652379,0.0125814,0.00238434,1.3e-07,0.0068232254,0.008395927910502893,0.4164,318397.62,True,0.24552683896620278
3:169653349:T:C,rs16854634,169653349,0.0250897,0.00289796,4.8e-18,0.018571386,0.010264608186878752,0.07041,318397.62,True,0.13618290258449303
3:169653959:A:G,rs2421904,169653959,0.0249315,0.00260174,9.500000000000001e-22,0.013896105,0.006331458938033174,0.02818,318397.62,True,0.1779324055666004
3:169654095:A:G,rs76313862,169654095,0.0255286,0.00297012,8.3e-18,0.015215166,0.01041381247312768,0.144,318397.62,True,0.1341948310139165
3:169654216:G:A,rs9836170,169654216,0.0178029,0.00478365,0.0002,0.024702612,0.016514404146757183,0.1347,318397.62,True,0.042743538767395624
3:169654636:G:A,rs9836773,169654636,0.0148885,0.00250213,2.7e-09,0.01308524,0.008810627758128282,0.1375,318397.62,True,0.2077534791252485
3:169655095:C:T,rs2111820,169655095,0.0145288,0.0025988,2.3e-08,0.008334637,0.009328282558783282,0.3716,318397.62,True,0.18290258449304175
3:169655292:C:T,rs111511539,169655292,0.0120741,0.00293965,4e-05,0.00040008003,0.009849688981502942,0.9676,318397.62,True,0.14015904572564614
3:169655383:T:C,rs146720054,169655383,-0.0305851,0.00331245,2.6e-20,0.015113638,0.012756372251093454,0.2361,318397.62,True,0.09443339960238568
3:169655805:A:C,rs9851636,169655805,0.0136197,0.0025879,1.4e-07,0.008939842,0.009419873796829174,0.3426,318397.62,True,0.1908548707753479
3:169656883:G:A,rs3815645,169656883,0.0140601,0.00266654,1.3e-07,0.010555514,0.009527397404659032,0.2679,318397.62,True,0.18389662027833
3:169657006:G:C,rs112574038,169657006,0.013747,0.00266202,2.4e-07,0.010555514,0.009527397404659032,0.2679,318397.62,True,0.18389662027833
3:169657996:A:G,rs12637136,169657996,0.0142182,0.00266748,9.8e-08,0.010555514,0.009471774597268523,0.2651,318397.62,True,0.18290258449304175
3:169658360:A:G,rs74524032,169658360,0.0250317,0.00291041,7.9e-18,0.018571386,0.010247418004934323,0.06994,318397.62,True,0.14214711729622267
3:169658543:C:T,rs1990803,169658543,0.0142443,0.00266816,9.4e-08,0.01065658,0.009516522899474484,0.2628,318397.62,True,0.18290258449304175
3:169659270:C:T,rs960353,169659270,0.0149606,0.00246335,1.3e-09,0.016841017,0.008691981550678709,0.05268,318397.62,True,0.21968190854870775
3:169659382:T:A,rs960354,169659382,0.0135235,0.00388828,0.00051,0.019692633,0.008740064177510533,0.02425,318397.62,True,0.7504970178926441
3:169661669:A:G,rs7616645,169661669,0.0186069,0.0052499,0.00039,0.044160895,0.013802741717295404,0.001377,318397.62,True,0.9552683896620279
3:169661672:G:A,rs75085515,169661672,0.0142137,0.00266828,1e-07,0.010555514,0.009471774597268523,0.2651,318397.62,True,0.18290258449304175
3:169661707:G:A,rs75415000,169661707,0.0142888,0.00268137,9.9e-08,0.012275031,0.009531452213231012,0.1978,318397.62,True,0.18091451292246521
3:169662539:C:T,rs6809038,169662539,0.0149972,0.00246307,1.1e-09,0.01694272,0.008691335473510716,0.05125,318397.62,True,0.220675944333996
3:169662677:C:T,rs147978211,169662677,-0.0222887,0.00437352,3.5e-07,-0.017839918,0.016506693293298822,0.2798,318397.62,True,0.06461232604373758
3:169665555:A:G,rs16854644,169665555,0.0234346,0.00261509,3.2e-19,0.016231013,0.006191187862798787,0.008751,318397.62,True,0.17992047713717693
3:169666225:T:C,rs9863495,169666225,0.0146708,0.00245944,2.4e-09,0.016841017,0.00867284101966177,0.05216,318397.62,True,0.2216699801192843
3:169667089:A:G,rs2052395,169667089,0.0237292,0.0028869,2e-16,0.019692633,0.01024947482003271,0.05469,318397.62,True,0.1441351888667992
3:169667236:A:C,rs2052394,169667236,0.0146596,0.00245935,2.5e-09,0.01694272,0.008706629632912325,0.05166,318397.62,True,0.2216699801192843
3:169667289:C:G,rs2052393,169667289,0.0146642,0.0024593,2.5e-09,0.01694272,0.00870737445939178,0.05168,318397.62,True,0.2216699801192843
3:169667969:A:G,rs60661734,169667969,0.0145786,0.00246884,3.5e-09,0.01065658,0.005245051442821315,0.04218,318397.62,True,0.21769383697813122
3:169667987:A:T,rs28495304,169667987,0.0237459,0.00288808,2e-16,0.019692633,0.010245662930204258,0.0546,318397.62,True,0.14314115308151093
3:169668209:T:C,rs13089936,169668209,-0.0167747,0.00204788,2.6e-16,0.0060180724,0.007498124842701902,0.4222,318397.62,True,0.3727634194831014
3:169668789:A:G,rs9817250,169668789,0.0240232,0.00286564,5.2e-17,0.019896632,0.0101568440795165,0.05012,318397.62,True,0.1441351888667992
3:169669413:G:A,rs13323418,169669413,0.0234054,0.00289478,6.2e-16,0.020100672,0.010387056227371329,0.05297,318397.62,True,0.14314115308151093
3:169670726:C:T,rs9865587,169670726,0.0146761,0.00246163,2.5e-09,0.016739324,0.008676240174159744,0.05369,318397.62,True,0.21968190854870775
3:169672302:G:A,rs6797809,169672302,-0.00837647,0.00409452,0.041,0.007125325,0.01455264693035142,0.6244,318397.62,True,0.073558648111332
3:169672878:G:T,rs9880573,169672878,0.0238369,0.00288939,1.6e-16,0.019692633,0.010241848636042,0.05451,318397.62,True,0.14314115308151093
3:169674919:C:T,rs78650595,169674919,0.0237968,0.00289082,1.8e-16,0.019692633,0.010247357399827536,0.05464,318397.62,True,0.14314115308151093
3:169675622:C:G,rs6787179,169675622,0.0180738,0.00538933,0.0008,0.04478818,0.013677320395935532,0.001058,318397.62,True,0.9532803180914513
3:169675941:A:G,rs17826477,169675941,0.0214571,0.00414777,2.3e-07,0.0049120444,0.014183420321447513,0.7291,318397.62,True,0.04970178926441352
3:169675960:G:A,rs17826483,169675960,0.00888026,0.00387014,0.022,0.0051130494,0.01378991181199061,0.7108,318397.62,True,0.05765407554671968
3:169676461:C:T,rs73043907,169676461,-0.0200023,0.00369088,6e-08,0.010858743,0.013182603053087535,0.4101,318397.62,True,0.09145129224652088
3:169676754:G:A,rs12107902,169676754,0.0078552,0.00239675,0.001,0.011060948,0.005356583167414389,0.03893,318397.62,True,0.23956262425447317
3:169676977:C:T,rs12107990,169676977,-0.0203822,0.00369554,3.5e-08,0.010757657,0.013203192682635022,0.4152,318397.62,True,0.09145129224652088
3:169679744:G:A,rs77809014,169679744,-0.00876776,0.00467099,0.061,0.027268426,0.015602155207276527,0.08051,318397.62,True,0.055666003976143144
3:169679950:A:C,rs6795822,169679950,0.00796361,0.00239622,0.00089,0.01095984,0.005333282217137308,0.03988,318397.62,True,0.23956262425447317
3:169680664:G:A,rs13315158,169680664,0.0233572,0.00286163,3.3e-16,0.01959065,0.010091429386552084,0.05222,318397.62,True,0.14512922465208747
3:169681307:C:T,rs28753885,169681307,-0.00891775,0.0046729,0.056,0.027576767,0.01597946055036585,0.08439,318397.62,True,0.05467196819085487
3:169681484:G:A,rs77844584,169681484,-0.00891521,0.00467288,0.056,0.027576767,0.01597946055036585,0.08439,318397.62,True,0.05467196819085487
3:169681732:G:A,rs73043917,169681732,-0.0203639,0.00369372,3.5e-08,0.0103534125,0.013219094323177891,0.4335,318397.62,True,0.09145129224652088
3:169682083:G:A,rs3755609,169682083,0.00792653,0.00239685,0.00094,0.010858743,0.005301856389724925,0.04055,318397.62,True,0.24055666003976142
3:169682202:G:T,rs3755608,169682202,-0.00891875,0.00467289,0.056,0.027473977,0.015947041312891166,0.08492,318397.62,True,0.05467196819085487
3:169682501:T:C,rs3755607,169682501,-0.00891784,0.00467282,0.056,0.027473977,0.015943970796004375,0.08486,318397.62,True,0.05467196819085487
3:169682635:T:C,rs9845868,169682635,0.023143,0.00288139,9.6e-16,0.019692633,0.010206984079499501,0.05369,318397.62,True,0.14512922465208747
3:169683036:T:C,rs6808317,169683036,0.0231468,0.00285252,4.9e-16,0.014200349,0.0070584951102132,0.04424,318397.62,True,0.14612326043737575
3:169684433:G:A,rs9836316,169684433,0.0233233,0.00285913,3.4e-16,0.01959065,0.01011240338255574,0.05271,318397.62,True,0.14612326043737575
3:169685374:G:C,rs9813592,169685374,0.00814657,0.00239505,0.00067,0.01095984,0.005340258065292201,0.04014,318397.62,True,0.2415506958250497
3:169688018:T:C,rs1477210,169688018,0.0154916,0.00252449,8.4e-10,0.015215166,0.005932804124055675,0.01033,318397.62,True,0.20377733598409542
3:169688367:C:T,rs57900847,169688367,0.0155561,0.00252475,7.2e-10,0.015316704,0.005935899911276727,0.00987,318397.62,True,0.20377733598409542
3:169689187:A:G,rs3772185,169689187,0.0163617,0.00255242,1.5e-10,0.014098925,0.005823715539499014,0.01548,318397.62,True,0.20079522862823063
3:169689352:G:A,rs9834784,169689352,0.0156257,0.00253027,6.6e-10,0.0144032305,0.005806594595617618,0.01312,318397.62,True,0.20178926441351888
3:169689687:T:C,rs12635556,169689687,0.015563,0.00252471,7.1e-10,0.015316704,0.005932838051289075,0.009832,318397.62,True,0.20377733598409542
3:169689777:G:C,rs12632675,169689777,0.0155279,0.00252473,7.7e-10,0.015519812,0.00597519695553695,0.009394,318397.62,True,0.20377733598409542
3:169689793:A:G,rs79709647,169689793,0.0135045,0.00397755,0.00069,-0.042101175,0.013118857352967448,0.001331,318397.62,True,0.0636182902584493
3:169689954:G:A,rs2052392,169689954,0.0155285,0.00252473,7.7e-10,0.015316704,0.005935738944164163,0.009868,318397.62,True,0.20377733598409542
3:169692437:A:T,rs3772183,169692437,0.0153227,0.00252488,1.3e-09,0.014809116,0.005779004525546681,0.01039,318397.62,True,0.20278330019880716
3:169695225:C:T,rs3772182,169695225,0.0155053,0.00252211,7.9e-10,0.014910613,0.00577381207328326,0.00981,318397.62,True,0.20377733598409542
3:169695883:A:C,rs6766761,169695883,0.0153159,0.00252205,1.3e-09,0.014809116,0.00579473424476143,0.0106,318397.62,True,0.20377733598409542
3:169696218:G:A,rs6778063,169696218,0.0151742,0.00251981,1.7e-09,0.014707629,0.005761659497744259,0.01069,318397.62,True,0.20278330019880716
3:169696343:A:G,rs6767251,169696343,0.0153361,0.00251998,1.2e-09,0.014910613,0.00577381207328326,0.00981,318397.62,True,0.20377733598409542
3:169697025:A:G,rs17217363,169697025,0.0161447,0.00254564,2.3e-10,0.013389237,0.005592020884659264,0.01665,318397.62,True,0.20079522862823063
3:169697376:A:G,rs9811291,169697376,0.0154863,0.00252504,8.6e-10,0.014301784,0.005703678281274991,0.01216,318397.62,True,0.20178926441351888
3:169698487:G:A,rs12054201,169698487,0.0156806,0.00254113,6.8e-10,0.013794711,0.005640559171366565,0.01446,318397.62,True,0.20079522862823063
3:169698740:T:C,rs3772180,169698740,0.0154619,0.00251977,8.5e-10,0.01501212,0.005808517603145148,0.009752,318397.62,True,0.20377733598409542
3:169698932:G:A,rs3772179,169698932,0.0154771,0.00251978,8.1e-10,0.01501212,0.005791231339175725,0.009536,318397.62,True,0.20377733598409542
3:169700004:C:G,rs9864318,169700004,0.0153934,0.00252014,1e-09,0.01501212,0.005811454599001002,0.009789,318397.62,True,0.20377733598409542
3:169701478:G:C,rs7623535,169701478,0.0154632,0.00251992,8.4e-10,0.01501212,0.005801344385528472,0.009662,318397.62,True,0.20377733598409542
3:169701673:A:G,rs61288443,169701673,0.0162194,0.00254704,1.9e-10,0.013693327,0.005674173860636407,0.01581,318397.62,True,0.20079522862823063
3:169701832:C:T,rs16854694,169701832,-0.034197,0.00578972,3.5e-09,-0.024692612,0.021720156748556853,0.2556,318397.62,True,0.03578528827037773
3:169702712:A:G,rs3755606,169702712,0.0156759,0.00254142,6.9e-10,0.013794711,0.0056645124134366825,0.01488,318397.62,True,0.20079522862823063
3:169703084:C:A,rs71306656,169703084,-0.0312129,0.00333676,8.4e-21,0.0022024235,0.012735320611578718,0.8627,318397.62,True,0.09940357852882704
3:169703139:C:T,rs62293448,169703139,0.0215685,0.00416124,2.2e-07,0.005716307,0.014464573047736384,0.6927,318397.62,True,0.04970178926441352
3:169703671:A:C,rs2287486,169703671,-0.0207877,0.00525139,7.5e-05,0.03159387,0.018032204274517273,0.07976,318397.62,True,0.04671968190854871
3:169704056:G:A,rs2032742,169704056,0.0154289,0.00252004,9.2e-10,0.01501212,0.0058112167226021735,0.009786,318397.62,True,0.20377733598409542
3:169704552:G:A,rs13314354,169704552,0.0152099,0.00252018,1.6e-09,0.014809116,0.005792498999969767,0.01057,318397.62,True,0.20278330019880716
3:169705701:G:A,rs57129693,169705701,0.0154381,0.00252072,9.1e-10,0.01501212,0.005808676537353111,0.009754,318397.62,True,0.20377733598409542
3:169707633:T:G,rs2421901,169707633,0.0155564,0.00252056,6.8e-10,0.015215166,0.005823031213982407,0.008977,318397.62,True,0.20377733598409542
3:169709790:C:T,rs74286677,169709790,0.0162979,0.00254777,1.6e-10,0.013896105,0.005706717380371151,0.01489,318397.62,True,0.20079522862823063
3:169710112:A:T,rs1468975,169710112,0.0163269,0.00254794,1.5e-10,0.013896105,0.005707286777527812,0.0149,318397.62,True,0.20079522862823063
3:169710363:G:T,rs2160898,169710363,0.0156007,0.00252625,6.6e-10,0.014606153,0.005737153466013769,0.0109,318397.62,True,0.20178926441351888
3:169710614:G:C,rs34352823,169710614,0.00240502,0.00889268,0.79,-0.003992021,0.03984776935909626,0.9202,318397.62,True,0.009940357852882704
3:169712558:A:G,rs78450791,169712558,0.0156946,0.00254188,6.6e-10,0.014301784,0.0057644331206722745,0.0131,318397.62,True,0.20079522862823063
3:169713483:C:T,rs1132237,169713483,0.0152988,0.00254558,1.9e-09,0.016739324,0.00593221533557151,0.004776,318397.62,True,0.20278330019880716
3:169713732:A:G,rs9416,169713732,0.0154582,0.00252129,8.7e-10,0.01501212,0.005810185398605359,0.009773,318397.62,True,0.20278330019880716
3:169714142:A:G,rs3348,169714142,0.0156807,0.00252126,5e-10,0.014707629,0.00589911363511905,0.01266,318397.62,True,0.1978131212723658
3:169714801:T:C,rs16854708,169714801,0.0157556,0.00254283,5.8e-10,0.01399751,0.005688029643021449,0.01386,318397.62,True,0.20079522862823063
3:169716639:A:C,rs16854711,169716639,0.0160093,0.00255768,3.9e-10,0.014606153,0.005798471526714835,0.01177,318397.62,True,0.20079522862823063
3:169717234:C:T,rs6790492,169717234,0.0155105,0.00252303,7.9e-10,0.014910613,0.005737740141784384,0.009358,318397.62,True,0.20377733598409542
3:169717820:G:A,rs111408555,169717820,0.0160048,0.00255848,4e-10,0.014504686,0.005795947840578538,0.01233,318397.62,True,0.20178926441351888
3:169718125:G:A,rs718205,169718125,0.0164198,0.0025502,1.2e-10,0.013896105,0.005705007847867677,0.01486,318397.62,True,0.20079522862823063
3:169719082:T:C,rs76461922,169719082,0.0158549,0.0025457,4.7e-10,0.014200349,0.005698847219744889,0.01271,318397.62,True,0.20079522862823063
3:169719395:A:G,rs2052389,169719395,0.0155111,0.00252511,8.1e-10,0.015215166,0.005830811949865943,0.009069,318397.62,True,0.20377733598409542
3:169719893:C:T,rs2052388,169719893,0.0161203,0.00252242,1.7e-10,0.0144032305,0.005793814385726817,0.01292,318397.62,True,0.20377733598409542
3:169720518:A:G,rs140180853,169720518,0.0162089,0.00256349,2.6e-10,0.01399751,0.00571117413909741,0.01425,318397.62,True,0.20178926441351888
3:169720520:A:G,rs150301451,169720520,0.0161981,0.00256191,2.6e-10,0.01399751,0.00571117413909741,0.01425,318397.62,True,0.20178926441351888
3:169722454:C:T,rs12631190,169722454,0.00709249,0.00207921,0.00065,-0.013902905,0.005831986599195815,0.01713,318397.62,True,0.39363817097415504
3:169722775:A:G,rs6804756,169722775,0.0179302,0.0020458,1.9e-18,-0.0009995003,0.006495089907669952,0.8777,318397.62,True,0.5974155069582505
3:169723927:C:T,rs2901585,169723927,0.00535888,0.00207778,0.0099,-0.014888613,0.005938398948577449,0.01217,318397.62,True,0.3717693836978131
3:169723962:A:C,rs2901584,169723962,0.00557839,0.00207791,0.0073,-0.014888613,0.006110033748042536,0.01482,318397.62,True,0.37077534791252487
3:169723981:T:C,rs2421900,169723981,0.00557925,0.00207787,0.0073,-0.014888613,0.006105744751217614,0.01475,318397.62,True,0.37077534791252487
3:169724009:T:G,rs6762443,169724009,0.00553632,0.0020773,0.0077,-0.014888613,0.006108197059981333,0.01479,318397.62,True,0.37077534791252487
3:169724228:G:T,rs6771051,169724228,0.00672262,0.00202664,0.00091,-0.0069756135,0.006599286608277253,0.2905,318397.62,True,0.474155069582505
3:169724353:C:A,rs6796559,169724353,0.00569532,0.00207018,0.0059,-0.013902905,0.005964674399553088,0.01976,318397.62,True,0.37773359840954274
3:169724366:G:T,rs55932041,169724366,-0.00551894,0.00473668,0.24,0.008132983,0.01925840193522967,0.6728,318397.62,True,0.040755467196819085
3:169724462:G:A,rs6771337,169724462,0.00538677,0.00207172,0.0093,-0.013902905,0.0058497565526567305,0.01747,318397.62,True,0.3717693836978131
3:169724697:A:G,rs2111824,169724697,0.00556182,0.00207895,0.0075,-0.014888613,0.006088468532991648,0.01447,318397.62,True,0.3717693836978131
3:169724698:T:C,rs2111823,169724698,0.00538906,0.00207384,0.0094,-0.013902905,0.005857533914842251,0.01762,318397.62,True,0.3717693836978131
3:169724793:G:A,rs4955581,169724793,0.00538663,0.00207116,0.0093,-0.013902905,0.005763766718381738,0.01586,318397.62,True,0.37077534791252487
3:169725036:T:C,rs4955701,169725036,0.0055271,0.00207204,0.0076,-0.014888613,0.006053317152935831,0.01391,318397.62,True,0.3697813121272366
3:169725059:G:A,rs4955582,169725059,0.00538404,0.00206982,0.0093,-0.014888613,0.006113090073066246,0.01487,318397.62,True,0.3697813121272366
3:169725089:G:A,rs4955583,169725089,0.00536248,0.00206966,0.0096,-0.013902905,0.005764864898164768,0.01588,318397.62,True,0.3697813121272366
3:169725354:T:G,rs75229112,169725354,0.0116868,0.00300676,0.0001,-0.0009995003,0.009649236904934511,0.9175,318397.62,True,0.13916500994035785
3:169725844:C:A,rs10433466,169725844,0.00198121,0.00207634,0.34,-0.014888613,0.005832559313244075,0.01069,318397.62,True,0.3827037773359841
3:169725966:G:C,rs7623895,169725966,0.00576506,0.00206678,0.0053,-0.013902905,0.005952502795562336,0.01951,318397.62,True,0.3697813121272366
3:169726930:T:A,rs4955702,169726930,0.00576469,0.00206482,0.0052,-0.013902905,0.005588831337837129,0.01286,318397.62,True,0.3687872763419483
3:169728419:T:G,rs57379471,169728419,0.00632032,0.0020264,0.0018,-0.0009995003,0.0069045116703994845,0.8849,318397.62,True,0.5
3:169728991:T:G,rs75221465,169728991,0.0160143,0.00500141,0.0014,0.00020002,0.017931411267222756,0.9911,318397.62,True,0.042743538767395624
3:169729352:A:C,rs36053250,169729352,0.00642123,0.00203203,0.0016,-0.0009995003,0.00902333383500158,0.9118,318397.62,True,0.4990059642147117
3:169729671:A:G,rs67919950,169729671,0.00455192,0.00213654,0.033,0.014098925,0.007560283041773164,0.0622,318397.62,True,0.39065606361829025
3:169730124:A:G,rs9875531,169730124,0.00256489,0.00276257,0.35,0.017960325,0.00963567284105845,0.06233,318397.62,True,0.18190854870775347
3:169730662:G:C,rs16854733,169730662,0.007505,0.00231531,0.0012,-0.0059820716,0.00844454244677216,0.4787,318397.62,True,0.27137176938369784
3:169730776:C:T,rs16854735,169730776,0.00444346,0.00267657,0.097,0.016027762,0.009217414784698126,0.08206,318397.62,True,0.19681908548707752
3:169731027:T:C,rs12636720,169731027,0.0156268,0.00212516,1.9e-13,-0.003992021,0.0068474942513701235,0.5599,318397.62,True,0.3658051689860835
3:169732082:T:C,rs56710324,169732082,0.015653,0.00212422,1.7e-13,-0.0059820716,0.006720502166095587,0.3734,318397.62,True,0.36779324055666
3:169732083:G:A,rs114853149,169732083,0.010046,0.00360796,0.0054,-0.035367142,0.010507773822078433,0.0007632,318397.62,True,0.0775347912524851
