PP.H0.abf PP.H1.abf PP.H2.abf PP.H3.abf PP.H4.abf 
 0.00e+00  3.48e-26  0.00e+00  1.69e-02  9.83e-01 
[1] "PP abf for shared variant: 98.3%"
PP.H0.abf PP.H1.abf PP.H2.abf PP.H3.abf PP.H4.abf 
 5.51e-27  1.94e-24  2.83e-03  9.97e-01  4.31e-06 
[1] "PP abf for shared variant: 0.000431%"
PP.H0.abf PP.H1.abf PP.H2.abf PP.H3.abf PP.H4.abf 
 3.40e-26  1.91e-24  1.75e-02  9.83e-01  2.66e-05 
[1] "PP abf for shared variant: 0.00266%"
PP.H0.abf PP.H1.abf PP.H2.abf PP.H3.abf PP.H4.abf 
 1.54e-24  4.03e-25  7.92e-01  2.07e-01  1.21e-03 
[1] "PP abf for shared variant: 0.121%"
PP.H0.abf PP.H1.abf PP.H2.abf PP.H3.abf PP.H4.abf 
 0.000000  0.093800  0.000000  0.906000  0.000182 
[1] "PP abf for shared variant: 0.0182%"
PP.H0.abf PP.H1.abf PP.H2.abf PP.H3.abf PP.H4.abf 
 0.000264  0.093000  0.002550  0.899000  0.005580 
[1] "PP abf for shared variant: 0.558%"
PP.H0.abf PP.H1.abf PP.H2.abf PP.H3.abf PP.H4.abf 
  0.00163   0.09190   0.01580   0.88900   0.00206 
[1] "PP abf for shared variant: 0.206%"
PP.H0.abf PP.H1.abf PP.H2.abf PP.H3.abf PP.H4.abf 
  0.07410   0.01940   0.71700   0.18700   0.00262 
[1] "PP abf for shared variant: 0.262%"
PP.H0.abf PP.H1.abf PP.H2.abf PP.H3.abf PP.H4.abf 
  0.00000   0.99700   0.00000   0.00149   0.00194 
[1] "PP abf for shared variant: 0.194%"
PP.H0.abf PP.H1.abf PP.H2.abf PP.H3.abf PP.H4.abf 
 2.71e-03  9.55e-01  4.05e-06  1.39e-03  4.05e-02 
[1] "PP abf for shared variant: 4.05%"
PP.H0.abf PP.H1.abf PP.H2.abf PP.H3.abf PP.H4.abf 
 0.017400  0.980000  0.000026  0.001460  0.001420 
[1] "PP abf for shared variant: 0.142%"
PP.H0.abf PP.H1.abf PP.H2.abf PP.H3.abf PP.H4.abf 
 0.791000  0.207000  0.001180  0.000308  0.000796 
[1] "PP abf for shared variant: 0.0796%"
iterative TERC 100 SBP haplotype 6 pairs
PP.H0.abf PP.H1.abf PP.H2.abf PP.H3.abf PP.H4.abf 
 0.00e+00  3.48e-26  0.00e+00  1.69e-02  9.83e-01 
[1] "PP abf for shared variant: 98.3%"
PP.H0.abf PP.H1.abf PP.H2.abf PP.H3.abf PP.H4.abf 
 4.60e-28  1.95e-24  2.36e-04  1.00e+00  3.59e-07 
[1] "PP abf for shared variant: 3.59e-05%"
PP.H0.abf PP.H1.abf PP.H2.abf PP.H3.abf PP.H4.abf 
 2.72e-28  1.95e-24  1.39e-04  1.00e+00  2.13e-07 
[1] "PP abf for shared variant: 2.13e-05%"
PP.H0.abf PP.H1.abf PP.H2.abf PP.H3.abf PP.H4.abf 
 4.24e-25  1.52e-24  2.17e-01  7.82e-01  3.31e-04 
[1] "PP abf for shared variant: 0.0331%"
PP.H0.abf PP.H1.abf PP.H2.abf PP.H3.abf PP.H4.abf 
 1.80e-24  1.48e-25  9.23e-01  7.58e-02  1.41e-03 
[1] "PP abf for shared variant: 0.141%"
PP.H0.abf PP.H1.abf PP.H2.abf PP.H3.abf PP.H4.abf 
  0.00000   0.20100   0.00000   0.79900   0.00039 
[1] "PP abf for shared variant: 0.039%"
PP.H0.abf PP.H1.abf PP.H2.abf PP.H3.abf PP.H4.abf 
 0.000046  0.195000  0.000183  0.775000  0.029900 
[1] "PP abf for shared variant: 2.99%"
PP.H0.abf PP.H1.abf PP.H2.abf PP.H3.abf PP.H4.abf 
 2.77e-05  1.99e-01  1.10e-04  7.91e-01  1.01e-02 
[1] "PP abf for shared variant: 1.01%"
PP.H0.abf PP.H1.abf PP.H2.abf PP.H3.abf PP.H4.abf 
  0.04350   0.15700   0.17300   0.62300   0.00377 
[1] "PP abf for shared variant: 0.377%"
PP.H0.abf PP.H1.abf PP.H2.abf PP.H3.abf PP.H4.abf 
  0.08100   0.00666   0.32200   0.02590   0.56400 
[1] "PP abf for shared variant: 56.4%"
PP.H0.abf PP.H1.abf PP.H2.abf PP.H3.abf PP.H4.abf 
  0.00000   0.99600   0.00000   0.00171   0.00193 
[1] "PP abf for shared variant: 0.193%"
PP.H0.abf PP.H1.abf PP.H2.abf PP.H3.abf PP.H4.abf 
 2.35e-04  9.95e-01  4.03e-07  1.71e-03  3.27e-03 
[1] "PP abf for shared variant: 0.327%"
PP.H0.abf PP.H1.abf PP.H2.abf PP.H3.abf PP.H4.abf 
 1.29e-04  9.23e-01  2.21e-07  1.51e-03  7.52e-02 
[1] "PP abf for shared variant: 7.52%"
PP.H0.abf PP.H1.abf PP.H2.abf PP.H3.abf PP.H4.abf 
  0.21500   0.77500   0.00037   0.00132   0.00816 
[1] "PP abf for shared variant: 0.816%"
PP.H0.abf PP.H1.abf PP.H2.abf PP.H3.abf PP.H4.abf 
 0.920000  0.075600  0.001580  0.000127  0.002790 
[1] "PP abf for shared variant: 0.279%"
iterative TERC 100 SBP dosage 8 pairs
PP.H0.abf PP.H1.abf PP.H2.abf PP.H3.abf PP.H4.abf 
   0.0000    0.7200    0.0000    0.0101    0.2700 
[1] "PP abf for shared variant: 27%"
PP.H0.abf PP.H1.abf PP.H2.abf PP.H3.abf PP.H4.abf 
 0.002710  0.955000  0.000039  0.013700  0.028700 
[1] "PP abf for shared variant: 2.87%"
PP.H0.abf PP.H1.abf PP.H2.abf PP.H3.abf PP.H4.abf 
 0.017100  0.965000  0.000247  0.013900  0.004150 
[1] "PP abf for shared variant: 0.415%"
PP.H0.abf PP.H1.abf PP.H2.abf PP.H3.abf PP.H4.abf 
  0.77900   0.20400   0.01120   0.00293   0.00276 
[1] "PP abf for shared variant: 0.276%"
iterative TERC 100 DBP haplotype 3 pairs
PP.H0.abf PP.H1.abf PP.H2.abf PP.H3.abf PP.H4.abf 
   0.0000    0.7200    0.0000    0.0101    0.2700 
[1] "PP abf for shared variant: 27%"
PP.H0.abf PP.H1.abf PP.H2.abf PP.H3.abf PP.H4.abf 
 2.32e-04  9.83e-01  3.34e-06  1.42e-02  2.74e-03 
[1] "PP abf for shared variant: 0.274%"
PP.H0.abf PP.H1.abf PP.H2.abf PP.H3.abf PP.H4.abf 
 1.34e-04  9.58e-01  1.93e-06  1.38e-02  2.76e-02 
[1] "PP abf for shared variant: 2.76%"
PP.H0.abf PP.H1.abf PP.H2.abf PP.H3.abf PP.H4.abf 
  0.21400   0.76900   0.00308   0.01110   0.00366 
[1] "PP abf for shared variant: 0.366%"
PP.H0.abf PP.H1.abf PP.H2.abf PP.H3.abf PP.H4.abf 
  0.90700   0.07450   0.01310   0.00107   0.00438 
[1] "PP abf for shared variant: 0.438%"
iterative TERC 100 DBP dosage 4 pairs
PP.H0.abf PP.H1.abf PP.H2.abf PP.H3.abf PP.H4.abf 
 0.000000  0.000124  0.000000  0.999000  0.000384 
[1] "PP abf for shared variant: 0.0384%"
PP.H0.abf PP.H1.abf PP.H2.abf PP.H3.abf PP.H4.abf 
 4.07e-17  1.24e-04  3.29e-13  1.00e+00  1.75e-07 
[1] "PP abf for shared variant: 1.75e-05%"
PP.H0.abf PP.H1.abf PP.H2.abf PP.H3.abf PP.H4.abf 
 2.21e-11  1.24e-04  1.79e-07  1.00e+00  2.66e-07 
[1] "PP abf for shared variant: 2.66e-05%"
PP.H0.abf PP.H1.abf PP.H2.abf PP.H3.abf PP.H4.abf 
 3.27e-10  1.24e-04  2.64e-06  1.00e+00  2.22e-07 
[1] "PP abf for shared variant: 2.22e-05%"
PP.H0.abf PP.H1.abf PP.H2.abf PP.H3.abf PP.H4.abf 
 4.68e-07  1.23e-04  3.79e-03  9.96e-01  3.11e-05 
[1] "PP abf for shared variant: 0.00311%"
PP.H0.abf PP.H1.abf PP.H2.abf PP.H3.abf PP.H4.abf 
 5.98e-07  1.23e-04  4.84e-03  9.95e-01  3.80e-05 
[1] "PP abf for shared variant: 0.0038%"
PP.H0.abf PP.H1.abf PP.H2.abf PP.H3.abf PP.H4.abf 
   0.0000    0.0215    0.0000    0.9680    0.0105 
[1] "PP abf for shared variant: 1.05%"
PP.H0.abf PP.H1.abf PP.H2.abf PP.H3.abf PP.H4.abf 
 7.16e-15  2.17e-02  3.22e-13  9.78e-01  3.18e-05 
[1] "PP abf for shared variant: 0.00318%"
PP.H0.abf PP.H1.abf PP.H2.abf PP.H3.abf PP.H4.abf 
 3.88e-09  2.17e-02  1.75e-07  9.78e-01  5.24e-05 
[1] "PP abf for shared variant: 0.00524%"
PP.H0.abf PP.H1.abf PP.H2.abf PP.H3.abf PP.H4.abf 
 5.75e-08  2.17e-02  2.59e-06  9.78e-01  2.83e-05 
[1] "PP abf for shared variant: 0.00283%"
PP.H0.abf PP.H1.abf PP.H2.abf PP.H3.abf PP.H4.abf 
 8.22e-05  2.16e-02  3.70e-03  9.73e-01  1.78e-03 
[1] "PP abf for shared variant: 0.178%"
PP.H0.abf PP.H1.abf PP.H2.abf PP.H3.abf PP.H4.abf 
 0.000105  0.021600  0.004730  0.972000  0.001590 
[1] "PP abf for shared variant: 0.159%"
PP.H0.abf PP.H1.abf PP.H2.abf PP.H3.abf PP.H4.abf 
   0.0000    0.0875    0.0000    0.1440    0.7680 
[1] "PP abf for shared variant: 76.8%"
PP.H0.abf PP.H1.abf PP.H2.abf PP.H3.abf PP.H4.abf 
 1.24e-13  3.76e-01  2.05e-13  6.23e-01  5.68e-04 
[1] "PP abf for shared variant: 0.0568%"
PP.H0.abf PP.H1.abf PP.H2.abf PP.H3.abf PP.H4.abf 
 6.72e-08  3.76e-01  1.11e-07  6.23e-01  9.88e-04 
[1] "PP abf for shared variant: 0.0988%"
PP.H0.abf PP.H1.abf PP.H2.abf PP.H3.abf PP.H4.abf 
 9.95e-07  3.76e-01  1.65e-06  6.23e-01  4.42e-04 
[1] "PP abf for shared variant: 0.0442%"
PP.H0.abf PP.H1.abf PP.H2.abf PP.H3.abf PP.H4.abf 
  0.00137   0.36000   0.00227   0.59700   0.03900 
[1] "PP abf for shared variant: 3.9%"
PP.H0.abf PP.H1.abf PP.H2.abf PP.H3.abf PP.H4.abf 
  0.00176   0.36200   0.00291   0.59900   0.03500 
[1] "PP abf for shared variant: 3.5%"
PP.H0.abf PP.H1.abf PP.H2.abf PP.H3.abf PP.H4.abf 
   0.0000    0.4110    0.0000    0.0559    0.5330 
[1] "PP abf for shared variant: 53.3%"
PP.H0.abf PP.H1.abf PP.H2.abf PP.H3.abf PP.H4.abf 
 2.89e-13  8.78e-01  3.97e-14  1.21e-01  1.41e-03 
[1] "PP abf for shared variant: 0.141%"
PP.H0.abf PP.H1.abf PP.H2.abf PP.H3.abf PP.H4.abf 
 1.57e-07  8.77e-01  2.15e-08  1.20e-01  2.66e-03 
[1] "PP abf for shared variant: 0.266%"
PP.H0.abf PP.H1.abf PP.H2.abf PP.H3.abf PP.H4.abf 
 2.32e-06  8.78e-01  3.19e-07  1.21e-01  1.01e-03 
[1] "PP abf for shared variant: 0.101%"
PP.H0.abf PP.H1.abf PP.H2.abf PP.H3.abf PP.H4.abf 
 0.002880  0.756000  0.000395  0.104000  0.137000 
[1] "PP abf for shared variant: 13.7%"
PP.H0.abf PP.H1.abf PP.H2.abf PP.H3.abf PP.H4.abf 
 0.003740  0.769000  0.000514  0.106000  0.121000 
[1] "PP abf for shared variant: 12.1%"
iterative TERC 100 FG_HYPERTENSION haplotype 15 pairs
PP.H0.abf PP.H1.abf PP.H2.abf PP.H3.abf PP.H4.abf 
 0.000000  0.000124  0.000000  0.999000  0.000384 
[1] "PP abf for shared variant: 0.0384%"
PP.H0.abf PP.H1.abf PP.H2.abf PP.H3.abf PP.H4.abf 
 1.50e-10  1.24e-04  1.21e-06  1.00e+00  2.20e-07 
[1] "PP abf for shared variant: 2.2e-05%"
PP.H0.abf PP.H1.abf PP.H2.abf PP.H3.abf PP.H4.abf 
 6.34e-10  1.24e-04  5.12e-06  1.00e+00  6.14e-07 
[1] "PP abf for shared variant: 6.14e-05%"
PP.H0.abf PP.H1.abf PP.H2.abf PP.H3.abf PP.H4.abf 
 1.37e-09  1.24e-04  1.11e-05  1.00e+00  4.26e-07 
[1] "PP abf for shared variant: 4.26e-05%"
PP.H0.abf PP.H1.abf PP.H2.abf PP.H3.abf PP.H4.abf 
 1.79e-10  1.24e-04  1.45e-06  1.00e+00  2.11e-07 
[1] "PP abf for shared variant: 2.11e-05%"
PP.H0.abf PP.H1.abf PP.H2.abf PP.H3.abf PP.H4.abf 
 4.16e-09  1.24e-04  3.36e-05  1.00e+00  6.16e-07 
[1] "PP abf for shared variant: 6.16e-05%"
PP.H0.abf PP.H1.abf PP.H2.abf PP.H3.abf PP.H4.abf 
  0.00000   0.01340   0.00000   0.97700   0.00958 
[1] "PP abf for shared variant: 0.958%"
PP.H0.abf PP.H1.abf PP.H2.abf PP.H3.abf PP.H4.abf 
 1.64e-08  1.35e-02  1.20e-06  9.86e-01  2.65e-05 
[1] "PP abf for shared variant: 0.00265%"
PP.H0.abf PP.H1.abf PP.H2.abf PP.H3.abf PP.H4.abf 
 6.93e-08  1.35e-02  5.06e-06  9.86e-01  8.22e-05 
[1] "PP abf for shared variant: 0.00822%"
PP.H0.abf PP.H1.abf PP.H2.abf PP.H3.abf PP.H4.abf 
 1.50e-07  1.35e-02  1.09e-05  9.86e-01  5.40e-05 
[1] "PP abf for shared variant: 0.0054%"
PP.H0.abf PP.H1.abf PP.H2.abf PP.H3.abf PP.H4.abf 
 1.96e-08  1.35e-02  1.43e-06  9.86e-01  2.27e-05 
[1] "PP abf for shared variant: 0.00227%"
PP.H0.abf PP.H1.abf PP.H2.abf PP.H3.abf PP.H4.abf 
 4.55e-07  1.35e-02  3.32e-05  9.86e-01  5.82e-05 
[1] "PP abf for shared variant: 0.00582%"
PP.H0.abf PP.H1.abf PP.H2.abf PP.H3.abf PP.H4.abf 
   0.0000    0.1290    0.0000    0.0633    0.8080 
[1] "PP abf for shared variant: 80.8%"
PP.H0.abf PP.H1.abf PP.H2.abf PP.H3.abf PP.H4.abf 
 8.09e-07  6.67e-01  4.03e-07  3.32e-01  1.47e-03 
[1] "PP abf for shared variant: 0.147%"
PP.H0.abf PP.H1.abf PP.H2.abf PP.H3.abf PP.H4.abf 
 3.41e-06  6.64e-01  1.70e-06  3.31e-01  4.76e-03 
[1] "PP abf for shared variant: 0.476%"
PP.H0.abf PP.H1.abf PP.H2.abf PP.H3.abf PP.H4.abf 
 7.37e-06  6.65e-01  3.67e-06  3.31e-01  4.42e-03 
[1] "PP abf for shared variant: 0.442%"
PP.H0.abf PP.H1.abf PP.H2.abf PP.H3.abf PP.H4.abf 
 9.68e-07  6.67e-01  4.82e-07  3.32e-01  8.34e-04 
[1] "PP abf for shared variant: 0.0834%"
PP.H0.abf PP.H1.abf PP.H2.abf PP.H3.abf PP.H4.abf 
 2.23e-05  6.65e-01  1.11e-05  3.31e-01  3.99e-03 
[1] "PP abf for shared variant: 0.399%"
iterative TERC 100 FG_HYPERTENSION dosage 10 pairs
PP.H0.abf PP.H1.abf PP.H2.abf PP.H3.abf PP.H4.abf 
 0.00e+00  3.48e-26  0.00e+00  1.69e-02  9.83e-01 
[1] "PP abf for shared variant: 98.3%"
PP.H0.abf PP.H1.abf PP.H2.abf PP.H3.abf PP.H4.abf 
 7.93e-28  1.95e-24  4.07e-04  1.00e+00  6.21e-07 
[1] "PP abf for shared variant: 6.21e-05%"
PP.H0.abf PP.H1.abf PP.H2.abf PP.H3.abf PP.H4.abf 
 8.04e-28  1.95e-24  4.13e-04  1.00e+00  6.29e-07 
[1] "PP abf for shared variant: 6.29e-05%"
PP.H0.abf PP.H1.abf PP.H2.abf PP.H3.abf PP.H4.abf 
 3.09e-26  1.92e-24  1.59e-02  9.84e-01  2.42e-05 
[1] "PP abf for shared variant: 0.00242%"
PP.H0.abf PP.H1.abf PP.H2.abf PP.H3.abf PP.H4.abf 
 2.68e-25  1.68e-24  1.38e-01  8.62e-01  2.10e-04 
[1] "PP abf for shared variant: 0.021%"
PP.H0.abf PP.H1.abf PP.H2.abf PP.H3.abf PP.H4.abf 
 1.75e-24  1.91e-25  9.01e-01  9.81e-02  1.37e-03 
[1] "PP abf for shared variant: 0.137%"
PP.H0.abf PP.H1.abf PP.H2.abf PP.H3.abf PP.H4.abf 
 0.00e+00  5.54e-04  0.00e+00  9.99e-01  1.08e-06 
[1] "PP abf for shared variant: 0.000108%"
PP.H0.abf PP.H1.abf PP.H2.abf PP.H3.abf PP.H4.abf 
 2.26e-07  5.54e-04  4.07e-04  9.99e-01  3.48e-05 
[1] "PP abf for shared variant: 0.00348%"
PP.H0.abf PP.H1.abf PP.H2.abf PP.H3.abf PP.H4.abf 
 2.29e-07  5.54e-04  4.12e-04  9.99e-01  5.05e-06 
[1] "PP abf for shared variant: 0.000505%"
PP.H0.abf PP.H1.abf PP.H2.abf PP.H3.abf PP.H4.abf 
 8.79e-06  5.45e-04  1.59e-02  9.84e-01  6.96e-05 
[1] "PP abf for shared variant: 0.00696%"
PP.H0.abf PP.H1.abf PP.H2.abf PP.H3.abf PP.H4.abf 
 7.62e-05  4.78e-04  1.37e-01  8.61e-01  7.25e-04 
[1] "PP abf for shared variant: 0.0725%"
PP.H0.abf PP.H1.abf PP.H2.abf PP.H3.abf PP.H4.abf 
 4.98e-04  5.43e-05  8.99e-01  9.78e-02  3.09e-03 
[1] "PP abf for shared variant: 0.309%"
PP.H0.abf PP.H1.abf PP.H2.abf PP.H3.abf PP.H4.abf 
  0.00000   0.61300   0.00000   0.38600   0.00119 
[1] "PP abf for shared variant: 0.119%"
PP.H0.abf PP.H1.abf PP.H2.abf PP.H3.abf PP.H4.abf 
 0.000222  0.544000  0.000140  0.343000  0.112000 
[1] "PP abf for shared variant: 11.2%"
PP.H0.abf PP.H1.abf PP.H2.abf PP.H3.abf PP.H4.abf 
 0.000253  0.612000  0.000159  0.386000  0.001320 
[1] "PP abf for shared variant: 0.132%"
PP.H0.abf PP.H1.abf PP.H2.abf PP.H3.abf PP.H4.abf 
  0.00943   0.58500   0.00594   0.36900   0.03110 
[1] "PP abf for shared variant: 3.11%"
PP.H0.abf PP.H1.abf PP.H2.abf PP.H3.abf PP.H4.abf 
   0.0748    0.4690    0.0471    0.2950    0.1140 
[1] "PP abf for shared variant: 11.4%"
PP.H0.abf PP.H1.abf PP.H2.abf PP.H3.abf PP.H4.abf 
  0.55200   0.06010   0.34800   0.03780   0.00302 
[1] "PP abf for shared variant: 0.302%"
PP.H0.abf PP.H1.abf PP.H2.abf PP.H3.abf PP.H4.abf 
  0.00000   0.97400   0.00000   0.02370   0.00189 
[1] "PP abf for shared variant: 0.189%"
PP.H0.abf PP.H1.abf PP.H2.abf PP.H3.abf PP.H4.abf 
 3.55e-04  8.71e-01  8.65e-06  2.11e-02  1.08e-01 
[1] "PP abf for shared variant: 10.8%"
PP.H0.abf PP.H1.abf PP.H2.abf PP.H3.abf PP.H4.abf 
 4.02e-04  9.74e-01  9.80e-06  2.37e-02  1.75e-03 
[1] "PP abf for shared variant: 0.175%"
PP.H0.abf PP.H1.abf PP.H2.abf PP.H3.abf PP.H4.abf 
 0.015000  0.929000  0.000365  0.022600  0.032900 
[1] "PP abf for shared variant: 3.29%"
PP.H0.abf PP.H1.abf PP.H2.abf PP.H3.abf PP.H4.abf 
   0.1190    0.7460    0.0029    0.0181    0.1130 
[1] "PP abf for shared variant: 11.3%"
PP.H0.abf PP.H1.abf PP.H2.abf PP.H3.abf PP.H4.abf 
  0.87900   0.09580   0.02140   0.00233   0.00109 
[1] "PP abf for shared variant: 0.109%"
iterative TERC 250 SBP haplotype 15 pairs
PP.H0.abf PP.H1.abf PP.H2.abf PP.H3.abf PP.H4.abf 
 0.00e+00  3.48e-26  0.00e+00  1.69e-02  9.83e-01 
[1] "PP abf for shared variant: 98.3%"
PP.H0.abf PP.H1.abf PP.H2.abf PP.H3.abf PP.H4.abf 
 6.01e-31  1.95e-24  3.09e-07  1.00e+00  4.70e-10 
[1] "PP abf for shared variant: 4.7e-08%"
PP.H0.abf PP.H1.abf PP.H2.abf PP.H3.abf PP.H4.abf 
 7.92e-36  1.95e-24  4.07e-12  1.00e+00  6.20e-15 
[1] "PP abf for shared variant: 6.2e-13%"
PP.H0.abf PP.H1.abf PP.H2.abf PP.H3.abf PP.H4.abf 
 1.68e-27  1.95e-24  8.64e-04  9.99e-01  1.32e-06 
[1] "PP abf for shared variant: 0.000132%"
PP.H0.abf PP.H1.abf PP.H2.abf PP.H3.abf PP.H4.abf 
 4.41e-26  1.90e-24  2.26e-02  9.77e-01  3.45e-05 
[1] "PP abf for shared variant: 0.00345%"
PP.H0.abf PP.H1.abf PP.H2.abf PP.H3.abf PP.H4.abf 
 3.44e-25  1.60e-24  1.77e-01  8.23e-01  2.69e-04 
[1] "PP abf for shared variant: 0.0269%"
PP.H0.abf PP.H1.abf PP.H2.abf PP.H3.abf PP.H4.abf 
 0.00e+00  1.05e-03  0.00e+00  9.99e-01  2.04e-06 
[1] "PP abf for shared variant: 0.000204%"
PP.H0.abf PP.H1.abf PP.H2.abf PP.H3.abf PP.H4.abf 
 3.24e-10  1.05e-03  3.08e-07  9.99e-01  5.49e-05 
[1] "PP abf for shared variant: 0.00549%"
PP.H0.abf PP.H1.abf PP.H2.abf PP.H3.abf PP.H4.abf 
 4.27e-15  1.05e-03  4.06e-12  9.99e-01  9.45e-05 
[1] "PP abf for shared variant: 0.00945%"
PP.H0.abf PP.H1.abf PP.H2.abf PP.H3.abf PP.H4.abf 
 9.07e-07  1.05e-03  8.63e-04  9.98e-01  2.69e-05 
[1] "PP abf for shared variant: 0.00269%"
PP.H0.abf PP.H1.abf PP.H2.abf PP.H3.abf PP.H4.abf 
 2.38e-05  1.03e-03  2.26e-02  9.76e-01  9.09e-05 
[1] "PP abf for shared variant: 0.00909%"
PP.H0.abf PP.H1.abf PP.H2.abf PP.H3.abf PP.H4.abf 
 0.000182  0.000847  0.173000  0.806000  0.020400 
[1] "PP abf for shared variant: 2.04%"
PP.H0.abf PP.H1.abf PP.H2.abf PP.H3.abf PP.H4.abf 
 0.000000  0.439000  0.000000  0.560000  0.000853 
[1] "PP abf for shared variant: 0.0853%"
PP.H0.abf PP.H1.abf PP.H2.abf PP.H3.abf PP.H4.abf 
 1.28e-07  4.15e-01  1.63e-07  5.29e-01  5.69e-02 
[1] "PP abf for shared variant: 5.69%"
PP.H0.abf PP.H1.abf PP.H2.abf PP.H3.abf PP.H4.abf 
 1.59e-12  3.92e-01  2.03e-12  4.99e-01  1.09e-01 
[1] "PP abf for shared variant: 10.9%"
PP.H0.abf PP.H1.abf PP.H2.abf PP.H3.abf PP.H4.abf 
 0.000302  0.349000  0.000385  0.446000  0.204000 
[1] "PP abf for shared variant: 20.4%"
PP.H0.abf PP.H1.abf PP.H2.abf PP.H3.abf PP.H4.abf 
  0.00988   0.42700   0.01260   0.54400   0.00687 
[1] "PP abf for shared variant: 0.687%"
PP.H0.abf PP.H1.abf PP.H2.abf PP.H3.abf PP.H4.abf 
   0.0751    0.3500    0.0957    0.4460    0.0337 
[1] "PP abf for shared variant: 3.37%"
PP.H0.abf PP.H1.abf PP.H2.abf PP.H3.abf PP.H4.abf 
  0.00000   0.96300   0.00000   0.03550   0.00187 
[1] "PP abf for shared variant: 0.187%"
PP.H0.abf PP.H1.abf PP.H2.abf PP.H3.abf PP.H4.abf 
 2.63e-07  8.51e-01  9.69e-09  3.13e-02  1.18e-01 
[1] "PP abf for shared variant: 11.8%"
PP.H0.abf PP.H1.abf PP.H2.abf PP.H3.abf PP.H4.abf 
 3.09e-12  7.59e-01  1.14e-13  2.78e-02  2.13e-01 
[1] "PP abf for shared variant: 21.3%"
PP.H0.abf PP.H1.abf PP.H2.abf PP.H3.abf PP.H4.abf 
 7.57e-04  8.76e-01  2.79e-05  3.22e-02  9.13e-02 
[1] "PP abf for shared variant: 9.13%"
PP.H0.abf PP.H1.abf PP.H2.abf PP.H3.abf PP.H4.abf 
 0.021400  0.923000  0.000789  0.034000  0.021200 
[1] "PP abf for shared variant: 2.12%"
PP.H0.abf PP.H1.abf PP.H2.abf PP.H3.abf PP.H4.abf 
  0.15300   0.71200   0.00564   0.02620   0.10300 
[1] "PP abf for shared variant: 10.3%"
iterative TERC 250 SBP dosage 15 pairs
PP.H0.abf PP.H1.abf PP.H2.abf PP.H3.abf PP.H4.abf 
 0.00e+00  1.41e-05  0.00e+00  1.00e+00  5.27e-06 
[1] "PP abf for shared variant: 0.000527%"
PP.H0.abf PP.H1.abf PP.H2.abf PP.H3.abf PP.H4.abf 
 5.73e-09  1.41e-05  4.07e-04  1.00e+00  7.57e-07 
[1] "PP abf for shared variant: 7.57e-05%"
PP.H0.abf PP.H1.abf PP.H2.abf PP.H3.abf PP.H4.abf 
 5.81e-09  1.41e-05  4.13e-04  1.00e+00  6.71e-07 
[1] "PP abf for shared variant: 6.71e-05%"
PP.H0.abf PP.H1.abf PP.H2.abf PP.H3.abf PP.H4.abf 
 2.23e-07  1.39e-05  1.59e-02  9.84e-01  3.52e-05 
[1] "PP abf for shared variant: 0.00352%"
PP.H0.abf PP.H1.abf PP.H2.abf PP.H3.abf PP.H4.abf 
 1.94e-06  1.21e-05  1.38e-01  8.62e-01  2.64e-04 
[1] "PP abf for shared variant: 0.0264%"
PP.H0.abf PP.H1.abf PP.H2.abf PP.H3.abf PP.H4.abf 
 1.27e-05  1.38e-06  9.00e-01  9.80e-02  1.93e-03 
[1] "PP abf for shared variant: 0.193%"
iterative TERC 250 DBP haplotype 5 pairs
PP.H0.abf PP.H1.abf PP.H2.abf PP.H3.abf PP.H4.abf 
 0.00e+00  1.41e-05  0.00e+00  1.00e+00  5.27e-06 
[1] "PP abf for shared variant: 0.000527%"
PP.H0.abf PP.H1.abf PP.H2.abf PP.H3.abf PP.H4.abf 
 4.35e-12  1.41e-05  3.09e-07  1.00e+00  7.06e-08 
[1] "PP abf for shared variant: 7.06e-06%"
PP.H0.abf PP.H1.abf PP.H2.abf PP.H3.abf PP.H4.abf 
 5.73e-17  1.41e-05  4.07e-12  1.00e+00  1.02e-07 
[1] "PP abf for shared variant: 1.02e-05%"
PP.H0.abf PP.H1.abf PP.H2.abf PP.H3.abf PP.H4.abf 
 1.22e-08  1.41e-05  8.64e-04  9.99e-01  4.12e-05 
[1] "PP abf for shared variant: 0.00412%"
PP.H0.abf PP.H1.abf PP.H2.abf PP.H3.abf PP.H4.abf 
 3.19e-07  1.38e-05  2.26e-02  9.77e-01  7.65e-05 
[1] "PP abf for shared variant: 0.00765%"
PP.H0.abf PP.H1.abf PP.H2.abf PP.H3.abf PP.H4.abf 
 2.48e-06  1.16e-05  1.76e-01  8.21e-01  2.20e-03 
[1] "PP abf for shared variant: 0.22%"
iterative TERC 250 DBP dosage 5 pairs
PP.H0.abf PP.H1.abf PP.H2.abf PP.H3.abf PP.H4.abf 
 0.00e+00  4.61e-13  0.00e+00  1.00e+00  1.44e-12 
[1] "PP abf for shared variant: 1.44e-10%"
PP.H0.abf PP.H1.abf PP.H2.abf PP.H3.abf PP.H4.abf 
 1.52e-25  4.61e-13  3.29e-13  1.00e+00  8.46e-15 
[1] "PP abf for shared variant: 8.46e-13%"
PP.H0.abf PP.H1.abf PP.H2.abf PP.H3.abf PP.H4.abf 
 6.66e-22  4.61e-13  1.44e-09  1.00e+00  4.69e-11 
[1] "PP abf for shared variant: 4.69e-09%"
PP.H0.abf PP.H1.abf PP.H2.abf PP.H3.abf PP.H4.abf 
 4.32e-21  4.61e-13  9.37e-09  1.00e+00  2.63e-10 
[1] "PP abf for shared variant: 2.63e-08%"
PP.H0.abf PP.H1.abf PP.H2.abf PP.H3.abf PP.H4.abf 
 1.12e-16  4.61e-13  2.42e-04  1.00e+00  6.32e-06 
[1] "PP abf for shared variant: 0.000632%"
PP.H0.abf PP.H1.abf PP.H2.abf PP.H3.abf PP.H4.abf 
 8.76e-16  4.60e-13  1.90e-03  9.98e-01  8.60e-05 
[1] "PP abf for shared variant: 0.0086%"
PP.H0.abf PP.H1.abf PP.H2.abf PP.H3.abf PP.H4.abf 
 0.00e+00  1.44e-11  0.00e+00  1.00e+00  7.22e-12 
[1] "PP abf for shared variant: 7.22e-10%"
PP.H0.abf PP.H1.abf PP.H2.abf PP.H3.abf PP.H4.abf 
 4.76e-24  1.44e-11  3.29e-13  1.00e+00  2.68e-14 
[1] "PP abf for shared variant: 2.68e-12%"
PP.H0.abf PP.H1.abf PP.H2.abf PP.H3.abf PP.H4.abf 
 2.08e-20  1.44e-11  1.44e-09  1.00e+00  3.21e-11 
[1] "PP abf for shared variant: 3.21e-09%"
PP.H0.abf PP.H1.abf PP.H2.abf PP.H3.abf PP.H4.abf 
 1.35e-19  1.44e-11  9.37e-09  1.00e+00  1.85e-10 
[1] "PP abf for shared variant: 1.85e-08%"
PP.H0.abf PP.H1.abf PP.H2.abf PP.H3.abf PP.H4.abf 
 3.50e-15  1.44e-11  2.42e-04  1.00e+00  4.53e-06 
[1] "PP abf for shared variant: 0.000453%"
PP.H0.abf PP.H1.abf PP.H2.abf PP.H3.abf PP.H4.abf 
 2.74e-14  1.44e-11  1.90e-03  9.98e-01  4.04e-05 
[1] "PP abf for shared variant: 0.00404%"
PP.H0.abf PP.H1.abf PP.H2.abf PP.H3.abf PP.H4.abf 
 0.00e+00  8.73e-10  0.00e+00  1.00e+00  7.92e-10 
[1] "PP abf for shared variant: 7.92e-08%"
PP.H0.abf PP.H1.abf PP.H2.abf PP.H3.abf PP.H4.abf 
 2.87e-22  8.73e-10  3.29e-13  1.00e+00  1.26e-12 
[1] "PP abf for shared variant: 1.26e-10%"
PP.H0.abf PP.H1.abf PP.H2.abf PP.H3.abf PP.H4.abf 
 1.26e-18  8.73e-10  1.44e-09  1.00e+00  9.50e-12 
[1] "PP abf for shared variant: 9.5e-10%"
PP.H0.abf PP.H1.abf PP.H2.abf PP.H3.abf PP.H4.abf 
 8.18e-18  8.73e-10  9.37e-09  1.00e+00  5.39e-11 
[1] "PP abf for shared variant: 5.39e-09%"
PP.H0.abf PP.H1.abf PP.H2.abf PP.H3.abf PP.H4.abf 
 2.11e-13  8.72e-10  2.42e-04  1.00e+00  1.46e-06 
[1] "PP abf for shared variant: 0.000146%"
PP.H0.abf PP.H1.abf PP.H2.abf PP.H3.abf PP.H4.abf 
 1.66e-12  8.71e-10  1.90e-03  9.98e-01  9.34e-06 
[1] "PP abf for shared variant: 0.000934%"
PP.H0.abf PP.H1.abf PP.H2.abf PP.H3.abf PP.H4.abf 
 0.00e+00  1.24e-09  0.00e+00  1.00e+00  3.93e-10 
[1] "PP abf for shared variant: 3.93e-08%"
PP.H0.abf PP.H1.abf PP.H2.abf PP.H3.abf PP.H4.abf 
 4.09e-22  1.24e-09  3.29e-13  1.00e+00  1.92e-12 
[1] "PP abf for shared variant: 1.92e-10%"
PP.H0.abf PP.H1.abf PP.H2.abf PP.H3.abf PP.H4.abf 
 1.79e-18  1.24e-09  1.44e-09  1.00e+00  9.73e-12 
[1] "PP abf for shared variant: 9.73e-10%"
PP.H0.abf PP.H1.abf PP.H2.abf PP.H3.abf PP.H4.abf 
 1.16e-17  1.24e-09  9.37e-09  1.00e+00  5.88e-11 
[1] "PP abf for shared variant: 5.88e-09%"
PP.H0.abf PP.H1.abf PP.H2.abf PP.H3.abf PP.H4.abf 
 3.01e-13  1.24e-09  2.42e-04  1.00e+00  1.73e-06 
[1] "PP abf for shared variant: 0.000173%"
PP.H0.abf PP.H1.abf PP.H2.abf PP.H3.abf PP.H4.abf 
 2.36e-12  1.24e-09  1.90e-03  9.98e-01  9.06e-06 
[1] "PP abf for shared variant: 0.000906%"
PP.H0.abf PP.H1.abf PP.H2.abf PP.H3.abf PP.H4.abf 
 0.00e+00  2.23e-07  0.00e+00  1.00e+00  4.89e-08 
[1] "PP abf for shared variant: 4.89e-06%"
PP.H0.abf PP.H1.abf PP.H2.abf PP.H3.abf PP.H4.abf 
 7.36e-20  2.23e-07  3.29e-13  1.00e+00  3.27e-10 
[1] "PP abf for shared variant: 3.27e-08%"
PP.H0.abf PP.H1.abf PP.H2.abf PP.H3.abf PP.H4.abf 
 3.23e-16  2.23e-07  1.44e-09  1.00e+00  5.67e-10 
[1] "PP abf for shared variant: 5.67e-08%"
PP.H0.abf PP.H1.abf PP.H2.abf PP.H3.abf PP.H4.abf 
 2.09e-15  2.23e-07  9.37e-09  1.00e+00  8.37e-10 
[1] "PP abf for shared variant: 8.37e-08%"
PP.H0.abf PP.H1.abf PP.H2.abf PP.H3.abf PP.H4.abf 
 5.41e-11  2.23e-07  2.42e-04  1.00e+00  6.06e-06 
[1] "PP abf for shared variant: 0.000606%"
PP.H0.abf PP.H1.abf PP.H2.abf PP.H3.abf PP.H4.abf 
 4.24e-10  2.23e-07  1.90e-03  9.98e-01  8.64e-05 
[1] "PP abf for shared variant: 0.00864%"
PP.H0.abf PP.H1.abf PP.H2.abf PP.H3.abf PP.H4.abf 
 0.00e+00  2.77e-06  0.00e+00  1.00e+00  1.59e-07 
[1] "PP abf for shared variant: 1.59e-05%"
PP.H0.abf PP.H1.abf PP.H2.abf PP.H3.abf PP.H4.abf 
 9.12e-19  2.77e-06  3.29e-13  1.00e+00  1.04e-08 
[1] "PP abf for shared variant: 1.04e-06%"
PP.H0.abf PP.H1.abf PP.H2.abf PP.H3.abf PP.H4.abf 
 4.00e-15  2.77e-06  1.44e-09  1.00e+00  4.25e-06 
[1] "PP abf for shared variant: 0.000425%"
PP.H0.abf PP.H1.abf PP.H2.abf PP.H3.abf PP.H4.abf 
 2.59e-14  2.77e-06  9.37e-09  1.00e+00  6.45e-05 
[1] "PP abf for shared variant: 0.00645%"
PP.H0.abf PP.H1.abf PP.H2.abf PP.H3.abf PP.H4.abf 
 1.84e-10  7.60e-07  6.65e-05  2.74e-01  7.26e-01 
[1] "PP abf for shared variant: 72.6%"
PP.H0.abf PP.H1.abf PP.H2.abf PP.H3.abf PP.H4.abf 
 2.42e-09  1.27e-06  8.76e-04  4.60e-01  5.39e-01 
[1] "PP abf for shared variant: 53.9%"
iterative TERC 250 FG_HYPERTENSION haplotype 25 pairs
PP.H0.abf PP.H1.abf PP.H2.abf PP.H3.abf PP.H4.abf 
 0.00e+00  4.61e-13  0.00e+00  1.00e+00  1.44e-12 
[1] "PP abf for shared variant: 1.44e-10%"
PP.H0.abf PP.H1.abf PP.H2.abf PP.H3.abf PP.H4.abf 
 7.52e-24  4.61e-13  1.63e-11  1.00e+00  1.31e-13 
[1] "PP abf for shared variant: 1.31e-11%"
PP.H0.abf PP.H1.abf PP.H2.abf PP.H3.abf PP.H4.abf 
 3.09e-26  4.61e-13  6.70e-14  1.00e+00  8.28e-16 
[1] "PP abf for shared variant: 8.28e-14%"
PP.H0.abf PP.H1.abf PP.H2.abf PP.H3.abf PP.H4.abf 
 8.01e-21  4.61e-13  1.73e-08  1.00e+00  1.29e-10 
[1] "PP abf for shared variant: 1.29e-08%"
PP.H0.abf PP.H1.abf PP.H2.abf PP.H3.abf PP.H4.abf 
 6.03e-18  4.61e-13  1.31e-05  1.00e+00  1.10e-07 
[1] "PP abf for shared variant: 1.1e-05%"
PP.H0.abf PP.H1.abf PP.H2.abf PP.H3.abf PP.H4.abf 
 8.14e-18  4.61e-13  1.76e-05  1.00e+00  1.41e-07 
[1] "PP abf for shared variant: 1.41e-05%"
PP.H0.abf PP.H1.abf PP.H2.abf PP.H3.abf PP.H4.abf 
 0.00e+00  2.26e-11  0.00e+00  1.00e+00  4.66e-12 
[1] "PP abf for shared variant: 4.66e-10%"
PP.H0.abf PP.H1.abf PP.H2.abf PP.H3.abf PP.H4.abf 
 3.68e-22  2.26e-11  1.63e-11  1.00e+00  1.94e-13 
[1] "PP abf for shared variant: 1.94e-11%"
PP.H0.abf PP.H1.abf PP.H2.abf PP.H3.abf PP.H4.abf 
 1.51e-24  2.26e-11  6.70e-14  1.00e+00  2.46e-14 
[1] "PP abf for shared variant: 2.46e-12%"
PP.H0.abf PP.H1.abf PP.H2.abf PP.H3.abf PP.H4.abf 
 3.92e-19  2.26e-11  1.73e-08  1.00e+00  1.29e-10 
[1] "PP abf for shared variant: 1.29e-08%"
PP.H0.abf PP.H1.abf PP.H2.abf PP.H3.abf PP.H4.abf 
 2.95e-16  2.26e-11  1.31e-05  1.00e+00  1.00e-07 
[1] "PP abf for shared variant: 1e-05%"
PP.H0.abf PP.H1.abf PP.H2.abf PP.H3.abf PP.H4.abf 
 3.98e-16  2.26e-11  1.76e-05  1.00e+00  1.32e-07 
[1] "PP abf for shared variant: 1.32e-05%"
PP.H0.abf PP.H1.abf PP.H2.abf PP.H3.abf PP.H4.abf 
 0.00e+00  4.20e-10  0.00e+00  1.00e+00  6.22e-10 
[1] "PP abf for shared variant: 6.22e-08%"
PP.H0.abf PP.H1.abf PP.H2.abf PP.H3.abf PP.H4.abf 
 6.85e-21  4.20e-10  1.63e-11  1.00e+00  9.97e-13 
[1] "PP abf for shared variant: 9.97e-11%"
PP.H0.abf PP.H1.abf PP.H2.abf PP.H3.abf PP.H4.abf 
 2.81e-23  4.20e-10  6.70e-14  1.00e+00  2.01e-13 
[1] "PP abf for shared variant: 2.01e-11%"
PP.H0.abf PP.H1.abf PP.H2.abf PP.H3.abf PP.H4.abf 
 7.29e-18  4.20e-10  1.73e-08  1.00e+00  9.33e-11 
[1] "PP abf for shared variant: 9.33e-09%"
PP.H0.abf PP.H1.abf PP.H2.abf PP.H3.abf PP.H4.abf 
 5.49e-15  4.20e-10  1.31e-05  1.00e+00  7.23e-08 
[1] "PP abf for shared variant: 7.23e-06%"
PP.H0.abf PP.H1.abf PP.H2.abf PP.H3.abf PP.H4.abf 
 7.41e-15  4.20e-10  1.76e-05  1.00e+00  9.40e-08 
[1] "PP abf for shared variant: 9.4e-06%"
PP.H0.abf PP.H1.abf PP.H2.abf PP.H3.abf PP.H4.abf 
 0.00e+00  1.27e-10  0.00e+00  1.00e+00  9.37e-11 
[1] "PP abf for shared variant: 9.37e-09%"
PP.H0.abf PP.H1.abf PP.H2.abf PP.H3.abf PP.H4.abf 
 2.08e-21  1.27e-10  1.63e-11  1.00e+00  3.58e-12 
[1] "PP abf for shared variant: 3.58e-10%"
PP.H0.abf PP.H1.abf PP.H2.abf PP.H3.abf PP.H4.abf 
 8.53e-24  1.27e-10  6.70e-14  1.00e+00  9.48e-14 
[1] "PP abf for shared variant: 9.48e-12%"
PP.H0.abf PP.H1.abf PP.H2.abf PP.H3.abf PP.H4.abf 
 2.21e-18  1.27e-10  1.73e-08  1.00e+00  8.36e-07 
[1] "PP abf for shared variant: 8.36e-05%"
PP.H0.abf PP.H1.abf PP.H2.abf PP.H3.abf PP.H4.abf 
 1.67e-15  1.27e-10  1.31e-05  9.99e-01  7.09e-04 
[1] "PP abf for shared variant: 0.0709%"
PP.H0.abf PP.H1.abf PP.H2.abf PP.H3.abf PP.H4.abf 
 2.25e-15  1.27e-10  1.76e-05  9.99e-01  5.94e-04 
[1] "PP abf for shared variant: 0.0594%"
PP.H0.abf PP.H1.abf PP.H2.abf PP.H3.abf PP.H4.abf 
 0.00e+00  8.30e-10  0.00e+00  1.00e+00  6.97e-11 
[1] "PP abf for shared variant: 6.97e-09%"
PP.H0.abf PP.H1.abf PP.H2.abf PP.H3.abf PP.H4.abf 
 1.35e-20  8.30e-10  1.63e-11  1.00e+00  2.31e-11 
[1] "PP abf for shared variant: 2.31e-09%"
PP.H0.abf PP.H1.abf PP.H2.abf PP.H3.abf PP.H4.abf 
 5.55e-23  8.30e-10  6.70e-14  1.00e+00  9.88e-13 
[1] "PP abf for shared variant: 9.88e-11%"
PP.H0.abf PP.H1.abf PP.H2.abf PP.H3.abf PP.H4.abf 
 1.44e-17  8.30e-10  1.73e-08  1.00e+00  5.17e-06 
[1] "PP abf for shared variant: 0.000517%"
PP.H0.abf PP.H1.abf PP.H2.abf PP.H3.abf PP.H4.abf 
 1.08e-14  8.26e-10  1.30e-05  9.96e-01  4.47e-03 
[1] "PP abf for shared variant: 0.447%"
PP.H0.abf PP.H1.abf PP.H2.abf PP.H3.abf PP.H4.abf 
 1.46e-14  8.26e-10  1.76e-05  9.96e-01  3.72e-03 
[1] "PP abf for shared variant: 0.372%"
PP.H0.abf PP.H1.abf PP.H2.abf PP.H3.abf PP.H4.abf 
 0.00e+00  3.72e-08  0.00e+00  1.00e+00  8.47e-10 
[1] "PP abf for shared variant: 8.47e-08%"
PP.H0.abf PP.H1.abf PP.H2.abf PP.H3.abf PP.H4.abf 
 6.07e-19  3.72e-08  1.63e-11  1.00e+00  5.56e-06 
[1] "PP abf for shared variant: 0.000556%"
PP.H0.abf PP.H1.abf PP.H2.abf PP.H3.abf PP.H4.abf 
 2.49e-21  3.72e-08  6.70e-14  1.00e+00  3.73e-07 
[1] "PP abf for shared variant: 3.73e-05%"
PP.H0.abf PP.H1.abf PP.H2.abf PP.H3.abf PP.H4.abf 
 6.38e-16  3.68e-08  1.71e-08  9.87e-01  1.31e-02 
[1] "PP abf for shared variant: 1.31%"
PP.H0.abf PP.H1.abf PP.H2.abf PP.H3.abf PP.H4.abf 
 1.77e-13  1.35e-08  4.74e-06  3.62e-01  6.38e-01 
[1] "PP abf for shared variant: 63.8%"
PP.H0.abf PP.H1.abf PP.H2.abf PP.H3.abf PP.H4.abf 
 2.15e-13  1.22e-08  5.78e-06  3.27e-01  6.73e-01 
[1] "PP abf for shared variant: 67.3%"
iterative TERC 250 FG_HYPERTENSION dosage 25 pairs
PP.H0.abf PP.H1.abf PP.H2.abf PP.H3.abf PP.H4.abf 
3.85e-287  4.42e-13 8.70e-275  1.00e+00  7.98e-06 
[1] "PP abf for shared variant: 0.000798%"
PP.H0.abf PP.H1.abf PP.H2.abf PP.H3.abf PP.H4.abf 
 1.39e-40  4.42e-13  3.14e-28  1.00e+00  1.76e-08 
[1] "PP abf for shared variant: 1.76e-06%"
PP.H0.abf PP.H1.abf PP.H2.abf PP.H3.abf PP.H4.abf 
 6.47e-28  4.42e-13  1.46e-15  1.00e+00  1.35e-11 
[1] "PP abf for shared variant: 1.35e-09%"
PP.H0.abf PP.H1.abf PP.H2.abf PP.H3.abf PP.H4.abf 
 3.54e-22  4.42e-13  8.00e-10  1.00e+00  6.32e-06 
[1] "PP abf for shared variant: 0.000632%"
PP.H0.abf PP.H1.abf PP.H2.abf PP.H3.abf PP.H4.abf 
 1.21e-25  4.42e-13  2.75e-13  1.00e+00  1.05e-09 
[1] "PP abf for shared variant: 1.05e-07%"
PP.H0.abf PP.H1.abf PP.H2.abf PP.H3.abf PP.H4.abf 
 3.97e-33  4.42e-13  8.97e-21  1.00e+00  3.03e-15 
[1] "PP abf for shared variant: 3.03e-13%"
PP.H0.abf PP.H1.abf PP.H2.abf PP.H3.abf PP.H4.abf 
5.36e-282  6.16e-08 8.70e-275  1.00e+00  8.06e-07 
[1] "PP abf for shared variant: 8.06e-05%"
PP.H0.abf PP.H1.abf PP.H2.abf PP.H3.abf PP.H4.abf 
 1.93e-35  6.16e-08  3.14e-28  1.00e+00  6.83e-08 
[1] "PP abf for shared variant: 6.83e-06%"
PP.H0.abf PP.H1.abf PP.H2.abf PP.H3.abf PP.H4.abf 
 9.01e-23  6.16e-08  1.46e-15  1.00e+00  1.62e-09 
[1] "PP abf for shared variant: 1.62e-07%"
PP.H0.abf PP.H1.abf PP.H2.abf PP.H3.abf PP.H4.abf 
 4.93e-17  6.16e-08  8.00e-10  1.00e+00  1.21e-05 
[1] "PP abf for shared variant: 0.00121%"
PP.H0.abf PP.H1.abf PP.H2.abf PP.H3.abf PP.H4.abf 
 1.69e-20  6.16e-08  2.75e-13  1.00e+00  2.61e-10 
[1] "PP abf for shared variant: 2.61e-08%"
PP.H0.abf PP.H1.abf PP.H2.abf PP.H3.abf PP.H4.abf 
 5.53e-28  6.16e-08  8.97e-21  1.00e+00  2.12e-10 
[1] "PP abf for shared variant: 2.12e-08%"
PP.H0.abf PP.H1.abf PP.H2.abf PP.H3.abf PP.H4.abf 
7.28e-275  8.37e-01 1.14e-275  1.31e-01  3.20e-02 
[1] "PP abf for shared variant: 3.2%"
PP.H0.abf PP.H1.abf PP.H2.abf PP.H3.abf PP.H4.abf 
 2.20e-28  7.02e-01  3.45e-29  1.10e-01  1.89e-01 
[1] "PP abf for shared variant: 18.9%"
PP.H0.abf PP.H1.abf PP.H2.abf PP.H3.abf PP.H4.abf 
 1.19e-15  8.15e-01  1.87e-16  1.28e-01  5.73e-02 
[1] "PP abf for shared variant: 5.73%"
PP.H0.abf PP.H1.abf PP.H2.abf PP.H3.abf PP.H4.abf 
 6.77e-10  8.46e-01  1.06e-10  1.32e-01  2.13e-02 
[1] "PP abf for shared variant: 2.13%"
PP.H0.abf PP.H1.abf PP.H2.abf PP.H3.abf PP.H4.abf 
 2.36e-13  8.61e-01  3.70e-14  1.35e-01  4.22e-03 
[1] "PP abf for shared variant: 0.422%"
PP.H0.abf PP.H1.abf PP.H2.abf PP.H3.abf PP.H4.abf 
 7.73e-21  8.61e-01  1.21e-21  1.35e-01  3.91e-03 
[1] "PP abf for shared variant: 0.391%"
iterative TERT 100 SBP haplotype 10 pairs
PP.H0.abf PP.H1.abf PP.H2.abf PP.H3.abf PP.H4.abf 
3.85e-287  4.42e-13 8.70e-275  1.00e+00  7.98e-06 
[1] "PP abf for shared variant: 0.000798%"
PP.H0.abf PP.H1.abf PP.H2.abf PP.H3.abf PP.H4.abf 
 1.19e-49  4.42e-13  2.68e-37  1.00e+00  1.76e-08 
[1] "PP abf for shared variant: 1.76e-06%"
PP.H0.abf PP.H1.abf PP.H2.abf PP.H3.abf PP.H4.abf 
 3.29e-25  4.42e-13  7.44e-13  1.00e+00  2.62e-06 
[1] "PP abf for shared variant: 0.000262%"
PP.H0.abf PP.H1.abf PP.H2.abf PP.H3.abf PP.H4.abf 
 4.13e-26  4.42e-13  9.34e-14  1.00e+00  2.22e-11 
[1] "PP abf for shared variant: 2.22e-09%"
PP.H0.abf PP.H1.abf PP.H2.abf PP.H3.abf PP.H4.abf 
 4.79e-62  4.42e-13  1.08e-49  1.00e+00  1.91e-15 
[1] "PP abf for shared variant: 1.91e-13%"
PP.H0.abf PP.H1.abf PP.H2.abf PP.H3.abf PP.H4.abf 
 1.62e-34  4.42e-13  3.67e-22  1.00e+00  4.48e-09 
[1] "PP abf for shared variant: 4.48e-07%"
PP.H0.abf PP.H1.abf PP.H2.abf PP.H3.abf PP.H4.abf 
2.93e-282  3.37e-08 8.70e-275  1.00e+00  5.08e-07 
[1] "PP abf for shared variant: 5.08e-05%"
PP.H0.abf PP.H1.abf PP.H2.abf PP.H3.abf PP.H4.abf 
 9.04e-45  3.37e-08  2.68e-37  1.00e+00  5.13e-08 
[1] "PP abf for shared variant: 5.13e-06%"
PP.H0.abf PP.H1.abf PP.H2.abf PP.H3.abf PP.H4.abf 
 2.51e-20  3.37e-08  7.44e-13  1.00e+00  1.35e-07 
[1] "PP abf for shared variant: 1.35e-05%"
PP.H0.abf PP.H1.abf PP.H2.abf PP.H3.abf PP.H4.abf 
 3.15e-21  3.37e-08  9.34e-14  1.00e+00  1.08e-08 
[1] "PP abf for shared variant: 1.08e-06%"
PP.H0.abf PP.H1.abf PP.H2.abf PP.H3.abf PP.H4.abf 
 3.65e-57  3.37e-08  1.08e-49  1.00e+00  1.07e-10 
[1] "PP abf for shared variant: 1.07e-08%"
PP.H0.abf PP.H1.abf PP.H2.abf PP.H3.abf PP.H4.abf 
 1.24e-29  3.37e-08  3.67e-22  1.00e+00  2.24e-06 
[1] "PP abf for shared variant: 0.000224%"
PP.H0.abf PP.H1.abf PP.H2.abf PP.H3.abf PP.H4.abf 
5.55e-275  6.38e-01 3.03e-275  3.49e-01  1.31e-02 
[1] "PP abf for shared variant: 1.31%"
PP.H0.abf PP.H1.abf PP.H2.abf PP.H3.abf PP.H4.abf 
 1.40e-37  5.23e-01  7.67e-38  2.86e-01  1.91e-01 
[1] "PP abf for shared variant: 19.1%"
PP.H0.abf PP.H1.abf PP.H2.abf PP.H3.abf PP.H4.abf 
 4.66e-13  6.26e-01  2.55e-13  3.42e-01  3.14e-02 
[1] "PP abf for shared variant: 3.14%"
PP.H0.abf PP.H1.abf PP.H2.abf PP.H3.abf PP.H4.abf 
 5.98e-14  6.40e-01  3.27e-14  3.50e-01  1.04e-02 
[1] "PP abf for shared variant: 1.04%"
PP.H0.abf PP.H1.abf PP.H2.abf PP.H3.abf PP.H4.abf 
 6.98e-50  6.45e-01  3.82e-50  3.53e-01  2.09e-03 
[1] "PP abf for shared variant: 0.209%"
PP.H0.abf PP.H1.abf PP.H2.abf PP.H3.abf PP.H4.abf 
 2.36e-22  6.42e-01  1.29e-22  3.51e-01  7.22e-03 
[1] "PP abf for shared variant: 0.722%"
PP.H0.abf PP.H1.abf PP.H2.abf PP.H3.abf PP.H4.abf 
7.40e-275  8.51e-01 1.10e-275  1.26e-01  2.32e-02 
[1] "PP abf for shared variant: 2.32%"
PP.H0.abf PP.H1.abf PP.H2.abf PP.H3.abf PP.H4.abf 
 1.13e-37  4.20e-01  1.67e-38  6.18e-02  5.18e-01 
[1] "PP abf for shared variant: 51.8%"
PP.H0.abf PP.H1.abf PP.H2.abf PP.H3.abf PP.H4.abf 
 6.10e-13  8.20e-01  9.05e-14  1.22e-01  5.87e-02 
[1] "PP abf for shared variant: 5.87%"
PP.H0.abf PP.H1.abf PP.H2.abf PP.H3.abf PP.H4.abf 
 8.01e-14  8.57e-01  1.19e-14  1.27e-01  1.59e-02 
[1] "PP abf for shared variant: 1.59%"
PP.H0.abf PP.H1.abf PP.H2.abf PP.H3.abf PP.H4.abf 
 9.40e-50  8.68e-01  1.39e-50  1.29e-01  2.96e-03 
[1] "PP abf for shared variant: 0.296%"
PP.H0.abf PP.H1.abf PP.H2.abf PP.H3.abf PP.H4.abf 
 3.07e-22  8.35e-01  4.55e-23  1.24e-01  4.07e-02 
[1] "PP abf for shared variant: 4.07%"
iterative TERT 100 SBP dosage 15 pairs
PP.H0.abf PP.H1.abf PP.H2.abf PP.H3.abf PP.H4.abf 
8.96e-280  1.03e-05 8.68e-275  9.98e-01  2.00e-03 
[1] "PP abf for shared variant: 0.2%"
PP.H0.abf PP.H1.abf PP.H2.abf PP.H3.abf PP.H4.abf 
 3.24e-33  1.03e-05  3.14e-28  1.00e+00  1.04e-06 
[1] "PP abf for shared variant: 0.000104%"
PP.H0.abf PP.H1.abf PP.H2.abf PP.H3.abf PP.H4.abf 
 1.51e-20  1.03e-05  1.46e-15  1.00e+00  1.06e-06 
[1] "PP abf for shared variant: 0.000106%"
PP.H0.abf PP.H1.abf PP.H2.abf PP.H3.abf PP.H4.abf 
 5.63e-15  7.04e-06  5.46e-10  6.82e-01  3.18e-01 
[1] "PP abf for shared variant: 31.8%"
PP.H0.abf PP.H1.abf PP.H2.abf PP.H3.abf PP.H4.abf 
 2.83e-18  1.03e-05  2.75e-13  1.00e+00  7.70e-05 
[1] "PP abf for shared variant: 0.0077%"
PP.H0.abf PP.H1.abf PP.H2.abf PP.H3.abf PP.H4.abf 
 9.26e-26  1.03e-05  8.97e-21  1.00e+00  4.54e-08 
[1] "PP abf for shared variant: 4.54e-06%"
PP.H0.abf PP.H1.abf PP.H2.abf PP.H3.abf PP.H4.abf 
1.52e-277  1.75e-03 8.68e-275  9.98e-01  1.00e-04 
[1] "PP abf for shared variant: 0.01%"
PP.H0.abf PP.H1.abf PP.H2.abf PP.H3.abf PP.H4.abf 
 5.49e-31  1.75e-03  3.13e-28  9.98e-01  3.30e-06 
[1] "PP abf for shared variant: 0.00033%"
PP.H0.abf PP.H1.abf PP.H2.abf PP.H3.abf PP.H4.abf 
 2.56e-18  1.75e-03  1.46e-15  9.98e-01  9.58e-06 
[1] "PP abf for shared variant: 0.000958%"
PP.H0.abf PP.H1.abf PP.H2.abf PP.H3.abf PP.H4.abf 
 1.40e-12  1.75e-03  7.99e-10  9.98e-01  1.64e-05 
[1] "PP abf for shared variant: 0.00164%"
PP.H0.abf PP.H1.abf PP.H2.abf PP.H3.abf PP.H4.abf 
 4.80e-16  1.75e-03  2.74e-13  9.98e-01  8.56e-06 
[1] "PP abf for shared variant: 0.000856%"
PP.H0.abf PP.H1.abf PP.H2.abf PP.H3.abf PP.H4.abf 
 1.57e-23  1.75e-03  8.96e-21  9.98e-01  8.01e-06 
[1] "PP abf for shared variant: 0.000801%"
PP.H0.abf PP.H1.abf PP.H2.abf PP.H3.abf PP.H4.abf 
1.18e-275  1.36e-01 7.49e-275  8.61e-01  2.30e-03 
[1] "PP abf for shared variant: 0.23%"
PP.H0.abf PP.H1.abf PP.H2.abf PP.H3.abf PP.H4.abf 
 4.28e-29  1.37e-01  2.71e-28  8.63e-01  2.03e-04 
[1] "PP abf for shared variant: 0.0203%"
PP.H0.abf PP.H1.abf PP.H2.abf PP.H3.abf PP.H4.abf 
 1.99e-16  1.36e-01  1.26e-15  8.63e-01  7.31e-04 
[1] "PP abf for shared variant: 0.0731%"
PP.H0.abf PP.H1.abf PP.H2.abf PP.H3.abf PP.H4.abf 
 1.07e-10  1.34e-01  6.79e-10  8.48e-01  1.78e-02 
[1] "PP abf for shared variant: 1.78%"
PP.H0.abf PP.H1.abf PP.H2.abf PP.H3.abf PP.H4.abf 
 2.65e-14  9.64e-02  1.67e-13  6.09e-01  2.94e-01 
[1] "PP abf for shared variant: 29.4%"
PP.H0.abf PP.H1.abf PP.H2.abf PP.H3.abf PP.H4.abf 
 1.22e-21  1.36e-01  7.72e-21  8.60e-01  4.02e-03 
[1] "PP abf for shared variant: 0.402%"
PP.H0.abf PP.H1.abf PP.H2.abf PP.H3.abf PP.H4.abf 
4.59e-275  5.28e-01 4.08e-275  4.69e-01  2.74e-03 
[1] "PP abf for shared variant: 0.274%"
PP.H0.abf PP.H1.abf PP.H2.abf PP.H3.abf PP.H4.abf 
 1.66e-28  5.29e-01  1.48e-28  4.70e-01  8.03e-04 
[1] "PP abf for shared variant: 0.0803%"
PP.H0.abf PP.H1.abf PP.H2.abf PP.H3.abf PP.H4.abf 
 7.72e-16  5.28e-01  6.86e-16  4.69e-01  2.92e-03 
[1] "PP abf for shared variant: 0.292%"
PP.H0.abf PP.H1.abf PP.H2.abf PP.H3.abf PP.H4.abf 
 4.18e-10  5.23e-01  3.72e-10  4.65e-01  1.28e-02 
[1] "PP abf for shared variant: 1.28%"
PP.H0.abf PP.H1.abf PP.H2.abf PP.H3.abf PP.H4.abf 
 4.43e-14  1.61e-01  3.94e-14  1.43e-01  6.96e-01 
[1] "PP abf for shared variant: 69.6%"
PP.H0.abf PP.H1.abf PP.H2.abf PP.H3.abf PP.H4.abf 
 4.63e-21  5.16e-01  4.11e-21  4.58e-01  2.62e-02 
[1] "PP abf for shared variant: 2.62%"
iterative TERT 100 DBP haplotype 15 pairs
PP.H0.abf PP.H1.abf PP.H2.abf PP.H3.abf PP.H4.abf 
8.96e-280  1.03e-05 8.68e-275  9.98e-01  2.00e-03 
[1] "PP abf for shared variant: 0.2%"
PP.H0.abf PP.H1.abf PP.H2.abf PP.H3.abf PP.H4.abf 
 2.77e-42  1.03e-05  2.68e-37  1.00e+00  1.04e-06 
[1] "PP abf for shared variant: 0.000104%"
PP.H0.abf PP.H1.abf PP.H2.abf PP.H3.abf PP.H4.abf 
 6.43e-18  8.64e-06  6.23e-13  8.37e-01  1.63e-01 
[1] "PP abf for shared variant: 16.3%"
PP.H0.abf PP.H1.abf PP.H2.abf PP.H3.abf PP.H4.abf 
 9.64e-19  1.03e-05  9.34e-14  1.00e+00  1.37e-07 
[1] "PP abf for shared variant: 1.37e-05%"
PP.H0.abf PP.H1.abf PP.H2.abf PP.H3.abf PP.H4.abf 
 1.12e-54  1.03e-05  1.08e-49  1.00e+00  4.53e-08 
[1] "PP abf for shared variant: 4.53e-06%"
PP.H0.abf PP.H1.abf PP.H2.abf PP.H3.abf PP.H4.abf 
 3.79e-27  1.03e-05  3.67e-22  1.00e+00  2.32e-06 
[1] "PP abf for shared variant: 0.000232%"
PP.H0.abf PP.H1.abf PP.H2.abf PP.H3.abf PP.H4.abf 
7.56e-279  8.69e-05 8.69e-275  1.00e+00  5.34e-06 
[1] "PP abf for shared variant: 0.000534%"
PP.H0.abf PP.H1.abf PP.H2.abf PP.H3.abf PP.H4.abf 
 2.33e-41  8.69e-05  2.68e-37  1.00e+00  1.74e-07 
[1] "PP abf for shared variant: 1.74e-05%"
PP.H0.abf PP.H1.abf PP.H2.abf PP.H3.abf PP.H4.abf 
 6.46e-17  8.69e-05  7.44e-13  1.00e+00  4.52e-07 
[1] "PP abf for shared variant: 4.52e-05%"
PP.H0.abf PP.H1.abf PP.H2.abf PP.H3.abf PP.H4.abf 
 8.12e-18  8.69e-05  9.34e-14  1.00e+00  5.44e-07 
[1] "PP abf for shared variant: 5.44e-05%"
PP.H0.abf PP.H1.abf PP.H2.abf PP.H3.abf PP.H4.abf 
 9.41e-54  8.69e-05  1.08e-49  1.00e+00  4.59e-07 
[1] "PP abf for shared variant: 4.59e-05%"
PP.H0.abf PP.H1.abf PP.H2.abf PP.H3.abf PP.H4.abf 
 3.19e-26  8.69e-05  3.67e-22  1.00e+00  8.22e-07 
[1] "PP abf for shared variant: 8.22e-05%"
PP.H0.abf PP.H1.abf PP.H2.abf PP.H3.abf PP.H4.abf 
2.84e-276  3.27e-02 8.41e-275  9.67e-01  3.08e-04 
[1] "PP abf for shared variant: 0.0308%"
PP.H0.abf PP.H1.abf PP.H2.abf PP.H3.abf PP.H4.abf 
 8.76e-39  3.27e-02  2.59e-37  9.67e-01  4.77e-05 
[1] "PP abf for shared variant: 0.00477%"
PP.H0.abf PP.H1.abf PP.H2.abf PP.H3.abf PP.H4.abf 
 2.20e-14  2.95e-02  6.50e-13  8.74e-01  9.63e-02 
[1] "PP abf for shared variant: 9.63%"
PP.H0.abf PP.H1.abf PP.H2.abf PP.H3.abf PP.H4.abf 
 2.44e-15  2.61e-02  7.22e-14  7.73e-01  2.01e-01 
[1] "PP abf for shared variant: 20.1%"
PP.H0.abf PP.H1.abf PP.H2.abf PP.H3.abf PP.H4.abf 
 3.52e-51  3.25e-02  1.04e-49  9.63e-01  4.89e-03 
[1] "PP abf for shared variant: 0.489%"
PP.H0.abf PP.H1.abf PP.H2.abf PP.H3.abf PP.H4.abf 
 1.19e-23  3.25e-02  3.53e-22  9.62e-01  5.56e-03 
[1] "PP abf for shared variant: 0.556%"
PP.H0.abf PP.H1.abf PP.H2.abf PP.H3.abf PP.H4.abf 
3.48e-275  4.00e-01 5.21e-275  5.99e-01  7.75e-04 
[1] "PP abf for shared variant: 0.0775%"
PP.H0.abf PP.H1.abf PP.H2.abf PP.H3.abf PP.H4.abf 
 1.07e-37  4.00e-01  1.61e-37  6.00e-01  5.82e-04 
[1] "PP abf for shared variant: 0.0582%"
PP.H0.abf PP.H1.abf PP.H2.abf PP.H3.abf PP.H4.abf 
 1.83e-13  2.45e-01  2.74e-13  3.68e-01  3.87e-01 
[1] "PP abf for shared variant: 38.7%"
PP.H0.abf PP.H1.abf PP.H2.abf PP.H3.abf PP.H4.abf 
 1.50e-14  1.61e-01  2.25e-14  2.40e-01  5.99e-01 
[1] "PP abf for shared variant: 59.9%"
PP.H0.abf PP.H1.abf PP.H2.abf PP.H3.abf PP.H4.abf 
 4.10e-50  3.79e-01  6.15e-50  5.68e-01  5.35e-02 
[1] "PP abf for shared variant: 5.35%"
PP.H0.abf PP.H1.abf PP.H2.abf PP.H3.abf PP.H4.abf 
 1.46e-22  3.99e-01  2.20e-22  5.98e-01  2.79e-03 
[1] "PP abf for shared variant: 0.279%"
iterative TERT 100 DBP dosage 15 pairs
PP.H0.abf PP.H1.abf PP.H2.abf PP.H3.abf PP.H4.abf 
 0.00e+00  1.22e-58 8.70e-275  1.00e+00  6.13e-53 
[1] "PP abf for shared variant: 6.13e-51%"
PP.H0.abf PP.H1.abf PP.H2.abf PP.H3.abf PP.H4.abf 
1.35e-140  1.22e-58  1.11e-82  1.00e+00  5.21e-50 
[1] "PP abf for shared variant: 5.21e-48%"
PP.H0.abf PP.H1.abf PP.H2.abf PP.H3.abf PP.H4.abf 
 9.76e-83  1.22e-58  8.01e-25  1.00e+00  1.01e-25 
[1] "PP abf for shared variant: 1.01e-23%"
PP.H0.abf PP.H1.abf PP.H2.abf PP.H3.abf PP.H4.abf 
 2.03e-93  1.22e-58  1.67e-35  1.00e+00  2.29e-37 
[1] "PP abf for shared variant: 2.29e-35%"
PP.H0.abf PP.H1.abf PP.H2.abf PP.H3.abf PP.H4.abf 
 1.53e-79  1.22e-58  1.25e-21  1.00e+00  1.81e-23 
[1] "PP abf for shared variant: 1.81e-21%"
PP.H0.abf PP.H1.abf PP.H2.abf PP.H3.abf PP.H4.abf 
 1.43e-73  1.22e-58  1.18e-15  1.00e+00  1.30e-17 
[1] "PP abf for shared variant: 1.3e-15%"
PP.H0.abf PP.H1.abf PP.H2.abf PP.H3.abf PP.H4.abf 
4.14e-297  4.76e-23 8.70e-275  1.00e+00  6.39e-20 
[1] "PP abf for shared variant: 6.39e-18%"
PP.H0.abf PP.H1.abf PP.H2.abf PP.H3.abf PP.H4.abf 
5.29e-105  4.76e-23  1.11e-82  1.00e+00  3.01e-15 
[1] "PP abf for shared variant: 3.01e-13%"
PP.H0.abf PP.H1.abf PP.H2.abf PP.H3.abf PP.H4.abf 
 3.81e-47  4.76e-23  8.01e-25  1.00e+00  1.33e-21 
[1] "PP abf for shared variant: 1.33e-19%"
PP.H0.abf PP.H1.abf PP.H2.abf PP.H3.abf PP.H4.abf 
 7.93e-58  4.76e-23  1.67e-35  1.00e+00  8.59e-26 
[1] "PP abf for shared variant: 8.59e-24%"
PP.H0.abf PP.H1.abf PP.H2.abf PP.H3.abf PP.H4.abf 
 5.97e-44  4.76e-23  1.25e-21  1.00e+00  1.85e-17 
[1] "PP abf for shared variant: 1.85e-15%"
PP.H0.abf PP.H1.abf PP.H2.abf PP.H3.abf PP.H4.abf 
 5.60e-38  4.76e-23  1.18e-15  1.00e+00  4.12e-10 
[1] "PP abf for shared variant: 4.12e-08%"
PP.H0.abf PP.H1.abf PP.H2.abf PP.H3.abf PP.H4.abf 
7.63e-299  8.78e-25 8.70e-275  1.00e+00  2.89e-24 
[1] "PP abf for shared variant: 2.89e-22%"
PP.H0.abf PP.H1.abf PP.H2.abf PP.H3.abf PP.H4.abf 
9.75e-107  8.78e-25  1.11e-82  1.00e+00  1.23e-16 
[1] "PP abf for shared variant: 1.23e-14%"
PP.H0.abf PP.H1.abf PP.H2.abf PP.H3.abf PP.H4.abf 
 7.03e-49  8.78e-25  8.01e-25  1.00e+00  7.13e-24 
[1] "PP abf for shared variant: 7.13e-22%"
PP.H0.abf PP.H1.abf PP.H2.abf PP.H3.abf PP.H4.abf 
 1.46e-59  8.78e-25  1.67e-35  1.00e+00  1.35e-27 
[1] "PP abf for shared variant: 1.35e-25%"
PP.H0.abf PP.H1.abf PP.H2.abf PP.H3.abf PP.H4.abf 
 1.10e-45  8.78e-25  1.25e-21  1.00e+00  1.25e-18 
[1] "PP abf for shared variant: 1.25e-16%"
PP.H0.abf PP.H1.abf PP.H2.abf PP.H3.abf PP.H4.abf 
 1.03e-39  8.78e-25  1.18e-15  1.00e+00  2.67e-11 
[1] "PP abf for shared variant: 2.67e-09%"
PP.H0.abf PP.H1.abf PP.H2.abf PP.H3.abf PP.H4.abf 
4.71e-293  5.42e-19 8.70e-275  1.00e+00  2.27e-17 
[1] "PP abf for shared variant: 2.27e-15%"
PP.H0.abf PP.H1.abf PP.H2.abf PP.H3.abf PP.H4.abf 
6.01e-101  5.42e-19  1.11e-82  1.00e+00  6.66e-11 
[1] "PP abf for shared variant: 6.66e-09%"
PP.H0.abf PP.H1.abf PP.H2.abf PP.H3.abf PP.H4.abf 
 4.34e-43  5.42e-19  8.01e-25  1.00e+00  3.40e-19 
[1] "PP abf for shared variant: 3.4e-17%"
PP.H0.abf PP.H1.abf PP.H2.abf PP.H3.abf PP.H4.abf 
 9.02e-54  5.42e-19  1.67e-35  1.00e+00  8.56e-22 
[1] "PP abf for shared variant: 8.56e-20%"
PP.H0.abf PP.H1.abf PP.H2.abf PP.H3.abf PP.H4.abf 
 6.79e-40  5.42e-19  1.25e-21  1.00e+00  6.02e-13 
[1] "PP abf for shared variant: 6.02e-11%"
PP.H0.abf PP.H1.abf PP.H2.abf PP.H3.abf PP.H4.abf 
 6.37e-34  5.42e-19  1.18e-15  1.00e+00  1.34e-05 
[1] "PP abf for shared variant: 0.00134%"
PP.H0.abf PP.H1.abf PP.H2.abf PP.H3.abf PP.H4.abf 
8.43e-288  9.69e-14 8.70e-275  1.00e+00  3.16e-10 
[1] "PP abf for shared variant: 3.16e-08%"
PP.H0.abf PP.H1.abf PP.H2.abf PP.H3.abf PP.H4.abf 
 1.08e-95  9.69e-14  1.11e-82  1.00e+00  2.88e-05 
[1] "PP abf for shared variant: 0.00288%"
PP.H0.abf PP.H1.abf PP.H2.abf PP.H3.abf PP.H4.abf 
 7.76e-38  9.69e-14  8.01e-25  1.00e+00  3.11e-14 
[1] "PP abf for shared variant: 3.11e-12%"
PP.H0.abf PP.H1.abf PP.H2.abf PP.H3.abf PP.H4.abf 
 1.61e-48  9.69e-14  1.67e-35  1.00e+00  1.34e-16 
[1] "PP abf for shared variant: 1.34e-14%"
PP.H0.abf PP.H1.abf PP.H2.abf PP.H3.abf PP.H4.abf 
 1.21e-34  9.69e-14  1.25e-21  1.00e+00  7.52e-15 
[1] "PP abf for shared variant: 7.52e-13%"
PP.H0.abf PP.H1.abf PP.H2.abf PP.H3.abf PP.H4.abf 
 1.14e-28  9.69e-14  1.18e-15  1.00e+00  1.60e-09 
[1] "PP abf for shared variant: 1.6e-07%"
PP.H0.abf PP.H1.abf PP.H2.abf PP.H3.abf PP.H4.abf 
 0.00e+00 6.14e-241 8.70e-275  1.00e+00 9.04e-239 
[1] "PP abf for shared variant: 9.04e-237%"
    PP.H0.abf     PP.H1.abf     PP.H2.abf     PP.H3.abf     PP.H4.abf 
6.916919e-323 6.140000e-241  1.110000e-82  1.000000e+00  1.110000e-84 
[1] "PP abf for shared variant: 1.11e-82%"
PP.H0.abf PP.H1.abf PP.H2.abf PP.H3.abf PP.H4.abf 
4.92e-265 6.14e-241  8.01e-25  1.00e+00  1.07e-26 
[1] "PP abf for shared variant: 1.07e-24%"
PP.H0.abf PP.H1.abf PP.H2.abf PP.H3.abf PP.H4.abf 
1.02e-275 6.14e-241  1.67e-35  1.00e+00  1.17e-37 
[1] "PP abf for shared variant: 1.17e-35%"
PP.H0.abf PP.H1.abf PP.H2.abf PP.H3.abf PP.H4.abf 
7.69e-262 6.14e-241  1.25e-21  1.00e+00  9.33e-24 
[1] "PP abf for shared variant: 9.33e-22%"
PP.H0.abf PP.H1.abf PP.H2.abf PP.H3.abf PP.H4.abf 
7.23e-256 6.14e-241  1.18e-15  1.00e+00  8.18e-18 
[1] "PP abf for shared variant: 8.18e-16%"
iterative TERT 100 FG_HYPERTENSION haplotype 25 pairs
PP.H0.abf PP.H1.abf PP.H2.abf PP.H3.abf PP.H4.abf 
 0.00e+00  1.22e-58 8.70e-275  1.00e+00  6.13e-53 
[1] "PP abf for shared variant: 6.13e-51%"
PP.H0.abf PP.H1.abf PP.H2.abf PP.H3.abf PP.H4.abf 
5.83e-152  1.22e-58  4.78e-94  1.00e+00  5.21e-50 
[1] "PP abf for shared variant: 5.21e-48%"
PP.H0.abf PP.H1.abf PP.H2.abf PP.H3.abf PP.H4.abf 
 3.61e-97  1.22e-58  2.96e-39  1.00e+00  1.00e-36 
[1] "PP abf for shared variant: 1e-34%"
PP.H0.abf PP.H1.abf PP.H2.abf PP.H3.abf PP.H4.abf 
3.47e-100  1.22e-58  2.85e-42  1.00e+00  8.66e-43 
[1] "PP abf for shared variant: 8.66e-41%"
PP.H0.abf PP.H1.abf PP.H2.abf PP.H3.abf PP.H4.abf 
 2.06e-83  1.22e-58  1.69e-25  1.00e+00  1.24e-25 
[1] "PP abf for shared variant: 1.24e-23%"
PP.H0.abf PP.H1.abf PP.H2.abf PP.H3.abf PP.H4.abf 
 9.54e-82  1.22e-58  7.83e-24  1.00e+00  9.47e-25 
[1] "PP abf for shared variant: 9.47e-23%"
PP.H0.abf PP.H1.abf PP.H2.abf PP.H3.abf PP.H4.abf 
1.75e-296  2.01e-22 8.70e-275  1.00e+00  2.18e-21 
[1] "PP abf for shared variant: 2.18e-19%"
PP.H0.abf PP.H1.abf PP.H2.abf PP.H3.abf PP.H4.abf 
9.60e-116  2.01e-22  4.78e-94  1.00e+00  4.55e-15 
[1] "PP abf for shared variant: 4.55e-13%"
PP.H0.abf PP.H1.abf PP.H2.abf PP.H3.abf PP.H4.abf 
 5.95e-61  2.01e-22  2.96e-39  1.00e+00  1.36e-20 
[1] "PP abf for shared variant: 1.36e-18%"
PP.H0.abf PP.H1.abf PP.H2.abf PP.H3.abf PP.H4.abf 
 5.73e-64  2.01e-22  2.85e-42  1.00e+00  4.81e-25 
[1] "PP abf for shared variant: 4.81e-23%"
PP.H0.abf PP.H1.abf PP.H2.abf PP.H3.abf PP.H4.abf 
 3.39e-47  2.01e-22  1.69e-25  1.00e+00  8.69e-19 
[1] "PP abf for shared variant: 8.69e-17%"
PP.H0.abf PP.H1.abf PP.H2.abf PP.H3.abf PP.H4.abf 
 1.57e-45  2.01e-22  7.83e-24  1.00e+00  5.09e-14 
[1] "PP abf for shared variant: 5.09e-12%"
PP.H0.abf PP.H1.abf PP.H2.abf PP.H3.abf PP.H4.abf 
1.23e-298  1.41e-24 8.70e-275  1.00e+00  3.73e-25 
[1] "PP abf for shared variant: 3.73e-23%"
PP.H0.abf PP.H1.abf PP.H2.abf PP.H3.abf PP.H4.abf 
6.74e-118  1.41e-24  4.78e-94  1.00e+00  2.11e-19 
[1] "PP abf for shared variant: 2.11e-17%"
PP.H0.abf PP.H1.abf PP.H2.abf PP.H3.abf PP.H4.abf 
 4.18e-63  1.41e-24  2.96e-39  1.00e+00  5.01e-25 
[1] "PP abf for shared variant: 5.01e-23%"
PP.H0.abf PP.H1.abf PP.H2.abf PP.H3.abf PP.H4.abf 
 4.02e-66  1.41e-24  2.85e-42  1.00e+00  1.05e-26 
[1] "PP abf for shared variant: 1.05e-24%"
PP.H0.abf PP.H1.abf PP.H2.abf PP.H3.abf PP.H4.abf 
 2.38e-49  1.41e-24  1.69e-25  1.00e+00  1.11e-19 
[1] "PP abf for shared variant: 1.11e-17%"
PP.H0.abf PP.H1.abf PP.H2.abf PP.H3.abf PP.H4.abf 
 1.10e-47  1.41e-24  7.83e-24  1.00e+00  3.11e-15 
[1] "PP abf for shared variant: 3.11e-13%"
PP.H0.abf PP.H1.abf PP.H2.abf PP.H3.abf PP.H4.abf 
7.25e-293  8.34e-19 8.70e-275  1.00e+00  7.01e-19 
[1] "PP abf for shared variant: 7.01e-17%"
PP.H0.abf PP.H1.abf PP.H2.abf PP.H3.abf PP.H4.abf 
3.99e-112  8.34e-19  4.78e-94  1.00e+00  2.30e-11 
[1] "PP abf for shared variant: 2.3e-09%"
PP.H0.abf PP.H1.abf PP.H2.abf PP.H3.abf PP.H4.abf 
 2.47e-57  8.34e-19  2.96e-39  1.00e+00  4.91e-19 
[1] "PP abf for shared variant: 4.91e-17%"
PP.H0.abf PP.H1.abf PP.H2.abf PP.H3.abf PP.H4.abf 
 2.38e-60  8.34e-19  2.85e-42  1.00e+00  5.18e-19 
[1] "PP abf for shared variant: 5.18e-17%"
PP.H0.abf PP.H1.abf PP.H2.abf PP.H3.abf PP.H4.abf 
 1.41e-43  8.34e-19  1.69e-25  1.00e+00  2.15e-14 
[1] "PP abf for shared variant: 2.15e-12%"
PP.H0.abf PP.H1.abf PP.H2.abf PP.H3.abf PP.H4.abf 
 6.53e-42  8.34e-19  7.83e-24  1.00e+00  1.28e-09 
[1] "PP abf for shared variant: 1.28e-07%"
PP.H0.abf PP.H1.abf PP.H2.abf PP.H3.abf PP.H4.abf 
1.31e-295  1.50e-21 8.70e-275  1.00e+00  2.79e-20 
[1] "PP abf for shared variant: 2.79e-18%"
PP.H0.abf PP.H1.abf PP.H2.abf PP.H3.abf PP.H4.abf 
7.19e-115  1.50e-21  4.78e-94  1.00e+00  1.67e-13 
[1] "PP abf for shared variant: 1.67e-11%"
PP.H0.abf PP.H1.abf PP.H2.abf PP.H3.abf PP.H4.abf 
 4.45e-60  1.50e-21  2.96e-39  1.00e+00  1.43e-23 
[1] "PP abf for shared variant: 1.43e-21%"
PP.H0.abf PP.H1.abf PP.H2.abf PP.H3.abf PP.H4.abf 
 4.28e-63  1.50e-21  2.85e-42  1.00e+00  2.54e-22 
[1] "PP abf for shared variant: 2.54e-20%"
PP.H0.abf PP.H1.abf PP.H2.abf PP.H3.abf PP.H4.abf 
 2.54e-46  1.50e-21  1.69e-25  1.00e+00  9.06e-21 
[1] "PP abf for shared variant: 9.06e-19%"
PP.H0.abf PP.H1.abf PP.H2.abf PP.H3.abf PP.H4.abf 
 1.18e-44  1.50e-21  7.83e-24  1.00e+00  5.05e-14 
[1] "PP abf for shared variant: 5.05e-12%"
    PP.H0.abf     PP.H1.abf     PP.H2.abf     PP.H3.abf     PP.H4.abf 
 0.000000e+00 1.828043e-322 8.700000e-275  1.000000e+00 5.410000e-276 
[1] "PP abf for shared variant: 5.41e-274%"
    PP.H0.abf     PP.H1.abf     PP.H2.abf     PP.H3.abf     PP.H4.abf 
 0.000000e+00 1.828043e-322  4.780000e-94  1.000000e+00  6.210000e-96 
[1] "PP abf for shared variant: 6.21e-94%"
    PP.H0.abf     PP.H1.abf     PP.H2.abf     PP.H3.abf     PP.H4.abf 
 0.000000e+00 1.828043e-322  2.960000e-39  1.000000e+00  9.190000e-41 
[1] "PP abf for shared variant: 9.19e-39%"
    PP.H0.abf     PP.H1.abf     PP.H2.abf     PP.H3.abf     PP.H4.abf 
 0.000000e+00 1.828043e-322  2.850000e-42  1.000000e+00  2.050000e-44 
[1] "PP abf for shared variant: 2.05e-42%"
    PP.H0.abf     PP.H1.abf     PP.H2.abf     PP.H3.abf     PP.H4.abf 
 0.000000e+00 1.828043e-322  1.690000e-25  1.000000e+00  1.800000e-27 
[1] "PP abf for shared variant: 1.8e-25%"
    PP.H0.abf     PP.H1.abf     PP.H2.abf     PP.H3.abf     PP.H4.abf 
 0.000000e+00 1.828043e-322  7.830000e-24  1.000000e+00  1.930000e-25 
[1] "PP abf for shared variant: 1.93e-23%"
iterative TERT 100 FG_HYPERTENSION dosage 25 pairs
PP.H0.abf PP.H1.abf PP.H2.abf PP.H3.abf PP.H4.abf 
3.85e-287  4.42e-13 8.70e-275  1.00e+00  7.98e-06 
[1] "PP abf for shared variant: 0.000798%"
PP.H0.abf PP.H1.abf PP.H2.abf PP.H3.abf PP.H4.abf 
 1.39e-40  4.42e-13  3.14e-28  1.00e+00  1.76e-08 
[1] "PP abf for shared variant: 1.76e-06%"
PP.H0.abf PP.H1.abf PP.H2.abf PP.H3.abf PP.H4.abf 
 6.47e-28  4.42e-13  1.46e-15  1.00e+00  1.35e-11 
[1] "PP abf for shared variant: 1.35e-09%"
PP.H0.abf PP.H1.abf PP.H2.abf PP.H3.abf PP.H4.abf 
 3.54e-22  4.42e-13  8.00e-10  1.00e+00  6.32e-06 
[1] "PP abf for shared variant: 0.000632%"
PP.H0.abf PP.H1.abf PP.H2.abf PP.H3.abf PP.H4.abf 
 1.21e-25  4.42e-13  2.75e-13  1.00e+00  1.05e-09 
[1] "PP abf for shared variant: 1.05e-07%"
PP.H0.abf PP.H1.abf PP.H2.abf PP.H3.abf PP.H4.abf 
 3.97e-33  4.42e-13  8.97e-21  1.00e+00  3.03e-15 
[1] "PP abf for shared variant: 3.03e-13%"
PP.H0.abf PP.H1.abf PP.H2.abf PP.H3.abf PP.H4.abf 
5.36e-282  6.16e-08 8.70e-275  1.00e+00  8.06e-07 
[1] "PP abf for shared variant: 8.06e-05%"
PP.H0.abf PP.H1.abf PP.H2.abf PP.H3.abf PP.H4.abf 
 1.93e-35  6.16e-08  3.14e-28  1.00e+00  6.83e-08 
[1] "PP abf for shared variant: 6.83e-06%"
PP.H0.abf PP.H1.abf PP.H2.abf PP.H3.abf PP.H4.abf 
 9.01e-23  6.16e-08  1.46e-15  1.00e+00  1.62e-09 
[1] "PP abf for shared variant: 1.62e-07%"
PP.H0.abf PP.H1.abf PP.H2.abf PP.H3.abf PP.H4.abf 
 4.93e-17  6.16e-08  8.00e-10  1.00e+00  1.21e-05 
[1] "PP abf for shared variant: 0.00121%"
PP.H0.abf PP.H1.abf PP.H2.abf PP.H3.abf PP.H4.abf 
 1.69e-20  6.16e-08  2.75e-13  1.00e+00  2.61e-10 
[1] "PP abf for shared variant: 2.61e-08%"
PP.H0.abf PP.H1.abf PP.H2.abf PP.H3.abf PP.H4.abf 
 5.53e-28  6.16e-08  8.97e-21  1.00e+00  2.12e-10 
[1] "PP abf for shared variant: 2.12e-08%"
PP.H0.abf PP.H1.abf PP.H2.abf PP.H3.abf PP.H4.abf 
2.26e-277  2.60e-03 8.67e-275  9.97e-01  9.91e-05 
[1] "PP abf for shared variant: 0.00991%"
PP.H0.abf PP.H1.abf PP.H2.abf PP.H3.abf PP.H4.abf 
 8.14e-31  2.59e-03  3.13e-28  9.97e-01  6.98e-04 
[1] "PP abf for shared variant: 0.0698%"
PP.H0.abf PP.H1.abf PP.H2.abf PP.H3.abf PP.H4.abf 
 3.79e-18  2.60e-03  1.46e-15  9.97e-01  1.82e-04 
[1] "PP abf for shared variant: 0.0182%"
PP.H0.abf PP.H1.abf PP.H2.abf PP.H3.abf PP.H4.abf 
 2.08e-12  2.60e-03  7.98e-10  9.97e-01  6.52e-05 
[1] "PP abf for shared variant: 0.00652%"
PP.H0.abf PP.H1.abf PP.H2.abf PP.H3.abf PP.H4.abf 
 7.13e-16  2.60e-03  2.74e-13  9.97e-01  1.27e-05 
[1] "PP abf for shared variant: 0.00127%"
PP.H0.abf PP.H1.abf PP.H2.abf PP.H3.abf PP.H4.abf 
 2.33e-23  2.60e-03  8.95e-21  9.97e-01  1.18e-05 
[1] "PP abf for shared variant: 0.00118%"
PP.H0.abf PP.H1.abf PP.H2.abf PP.H3.abf PP.H4.abf 
2.58e-275  2.97e-01 6.06e-275  6.97e-01  5.95e-03 
[1] "PP abf for shared variant: 0.595%"
PP.H0.abf PP.H1.abf PP.H2.abf PP.H3.abf PP.H4.abf 
 8.96e-29  2.86e-01  2.10e-28  6.70e-01  4.41e-02 
[1] "PP abf for shared variant: 4.41%"
PP.H0.abf PP.H1.abf PP.H2.abf PP.H3.abf PP.H4.abf 
 4.32e-16  2.95e-01  1.01e-15  6.93e-01  1.21e-02 
[1] "PP abf for shared variant: 1.21%"
PP.H0.abf PP.H1.abf PP.H2.abf PP.H3.abf PP.H4.abf 
 2.39e-10  2.98e-01  5.60e-10  7.00e-01  1.81e-03 
[1] "PP abf for shared variant: 0.181%"
PP.H0.abf PP.H1.abf PP.H2.abf PP.H3.abf PP.H4.abf 
 8.19e-14  2.98e-01  1.92e-13  7.00e-01  1.80e-03 
[1] "PP abf for shared variant: 0.18%"
PP.H0.abf PP.H1.abf PP.H2.abf PP.H3.abf PP.H4.abf 
 2.68e-21  2.99e-01  6.28e-21  7.00e-01  1.00e-03 
[1] "PP abf for shared variant: 0.1%"
PP.H0.abf PP.H1.abf PP.H2.abf PP.H3.abf PP.H4.abf 
3.15e-275  3.62e-01 5.46e-275  6.28e-01  9.20e-03 
[1] "PP abf for shared variant: 0.92%"
PP.H0.abf PP.H1.abf PP.H2.abf PP.H3.abf PP.H4.abf 
 1.03e-28  3.29e-01  1.79e-28  5.70e-01  1.01e-01 
[1] "PP abf for shared variant: 10.1%"
PP.H0.abf PP.H1.abf PP.H2.abf PP.H3.abf PP.H4.abf 
 5.27e-16  3.61e-01  9.14e-16  6.25e-01  1.44e-02 
[1] "PP abf for shared variant: 1.44%"
PP.H0.abf PP.H1.abf PP.H2.abf PP.H3.abf PP.H4.abf 
 2.91e-10  3.64e-01  5.05e-10  6.32e-01  4.16e-03 
[1] "PP abf for shared variant: 0.416%"
PP.H0.abf PP.H1.abf PP.H2.abf PP.H3.abf PP.H4.abf 
 1.00e-13  3.65e-01  1.74e-13  6.33e-01  2.40e-03 
[1] "PP abf for shared variant: 0.24%"
PP.H0.abf PP.H1.abf PP.H2.abf PP.H3.abf PP.H4.abf 
 3.28e-21  3.65e-01  5.68e-21  6.33e-01  1.29e-03 
[1] "PP abf for shared variant: 0.129%"
iterative TERT 250 SBP haplotype 20 pairs
PP.H0.abf PP.H1.abf PP.H2.abf PP.H3.abf PP.H4.abf 
3.85e-287  4.42e-13 8.70e-275  1.00e+00  7.98e-06 
[1] "PP abf for shared variant: 0.000798%"
PP.H0.abf PP.H1.abf PP.H2.abf PP.H3.abf PP.H4.abf 
 1.19e-49  4.42e-13  2.68e-37  1.00e+00  1.76e-08 
[1] "PP abf for shared variant: 1.76e-06%"
PP.H0.abf PP.H1.abf PP.H2.abf PP.H3.abf PP.H4.abf 
 3.29e-25  4.42e-13  7.44e-13  1.00e+00  2.62e-06 
[1] "PP abf for shared variant: 0.000262%"
PP.H0.abf PP.H1.abf PP.H2.abf PP.H3.abf PP.H4.abf 
 4.13e-26  4.42e-13  9.34e-14  1.00e+00  2.22e-11 
[1] "PP abf for shared variant: 2.22e-09%"
PP.H0.abf PP.H1.abf PP.H2.abf PP.H3.abf PP.H4.abf 
 4.79e-62  4.42e-13  1.08e-49  1.00e+00  1.91e-15 
[1] "PP abf for shared variant: 1.91e-13%"
PP.H0.abf PP.H1.abf PP.H2.abf PP.H3.abf PP.H4.abf 
 1.62e-34  4.42e-13  3.67e-22  1.00e+00  4.48e-09 
[1] "PP abf for shared variant: 4.48e-07%"
PP.H0.abf PP.H1.abf PP.H2.abf PP.H3.abf PP.H4.abf 
2.93e-282  3.37e-08 8.70e-275  1.00e+00  5.08e-07 
[1] "PP abf for shared variant: 5.08e-05%"
PP.H0.abf PP.H1.abf PP.H2.abf PP.H3.abf PP.H4.abf 
 9.04e-45  3.37e-08  2.68e-37  1.00e+00  5.13e-08 
[1] "PP abf for shared variant: 5.13e-06%"
PP.H0.abf PP.H1.abf PP.H2.abf PP.H3.abf PP.H4.abf 
 2.51e-20  3.37e-08  7.44e-13  1.00e+00  1.35e-07 
[1] "PP abf for shared variant: 1.35e-05%"
PP.H0.abf PP.H1.abf PP.H2.abf PP.H3.abf PP.H4.abf 
 3.15e-21  3.37e-08  9.34e-14  1.00e+00  1.08e-08 
[1] "PP abf for shared variant: 1.08e-06%"
PP.H0.abf PP.H1.abf PP.H2.abf PP.H3.abf PP.H4.abf 
 3.65e-57  3.37e-08  1.08e-49  1.00e+00  1.07e-10 
[1] "PP abf for shared variant: 1.07e-08%"
PP.H0.abf PP.H1.abf PP.H2.abf PP.H3.abf PP.H4.abf 
 1.24e-29  3.37e-08  3.67e-22  1.00e+00  2.24e-06 
[1] "PP abf for shared variant: 0.000224%"
PP.H0.abf PP.H1.abf PP.H2.abf PP.H3.abf PP.H4.abf 
1.27e-276  1.47e-02 8.57e-275  9.85e-01  3.01e-04 
[1] "PP abf for shared variant: 0.0301%"
PP.H0.abf PP.H1.abf PP.H2.abf PP.H3.abf PP.H4.abf 
 3.91e-39  1.46e-02  2.63e-37  9.80e-01  5.34e-03 
[1] "PP abf for shared variant: 0.534%"
PP.H0.abf PP.H1.abf PP.H2.abf PP.H3.abf PP.H4.abf 
 1.09e-14  1.47e-02  7.32e-13  9.85e-01  7.35e-04 
[1] "PP abf for shared variant: 0.0735%"
PP.H0.abf PP.H1.abf PP.H2.abf PP.H3.abf PP.H4.abf 
 1.37e-15  1.47e-02  9.20e-14  9.85e-01  2.39e-04 
[1] "PP abf for shared variant: 0.0239%"
PP.H0.abf PP.H1.abf PP.H2.abf PP.H3.abf PP.H4.abf 
 1.59e-51  1.47e-02  1.07e-49  9.85e-01  4.76e-05 
[1] "PP abf for shared variant: 0.00476%"
PP.H0.abf PP.H1.abf PP.H2.abf PP.H3.abf PP.H4.abf 
 5.38e-24  1.47e-02  3.62e-22  9.85e-01  1.65e-04 
[1] "PP abf for shared variant: 0.0165%"
PP.H0.abf PP.H1.abf PP.H2.abf PP.H3.abf PP.H4.abf 
4.10e-275  4.72e-01 4.52e-275  5.20e-01  8.41e-03 
[1] "PP abf for shared variant: 0.841%"
PP.H0.abf PP.H1.abf PP.H2.abf PP.H3.abf PP.H4.abf 
 1.10e-37  4.12e-01  1.21e-37  4.53e-01  1.36e-01 
[1] "PP abf for shared variant: 13.6%"
PP.H0.abf PP.H1.abf PP.H2.abf PP.H3.abf PP.H4.abf 
 3.48e-13  4.67e-01  3.83e-13  5.14e-01  1.81e-02 
[1] "PP abf for shared variant: 1.81%"
PP.H0.abf PP.H1.abf PP.H2.abf PP.H3.abf PP.H4.abf 
 4.40e-14  4.71e-01  4.84e-14  5.18e-01  1.13e-02 
[1] "PP abf for shared variant: 1.13%"
PP.H0.abf PP.H1.abf PP.H2.abf PP.H3.abf PP.H4.abf 
 5.15e-50  4.75e-01  5.66e-50  5.23e-01  1.47e-03 
[1] "PP abf for shared variant: 0.147%"
PP.H0.abf PP.H1.abf PP.H2.abf PP.H3.abf PP.H4.abf 
 1.74e-22  4.75e-01  1.92e-22  5.23e-01  2.01e-03 
[1] "PP abf for shared variant: 0.201%"
PP.H0.abf PP.H1.abf PP.H2.abf PP.H3.abf PP.H4.abf 
5.64e-275  6.49e-01 2.92e-275  3.36e-01  1.53e-02 
[1] "PP abf for shared variant: 1.53%"
PP.H0.abf PP.H1.abf PP.H2.abf PP.H3.abf PP.H4.abf 
 1.02e-37  3.82e-01  5.30e-38  1.97e-01  4.21e-01 
[1] "PP abf for shared variant: 42.1%"
PP.H0.abf PP.H1.abf PP.H2.abf PP.H3.abf PP.H4.abf 
 4.74e-13  6.37e-01  2.45e-13  3.30e-01  3.27e-02 
[1] "PP abf for shared variant: 3.27%"
PP.H0.abf PP.H1.abf PP.H2.abf PP.H3.abf PP.H4.abf 
 6.05e-14  6.48e-01  3.13e-14  3.35e-01  1.71e-02 
[1] "PP abf for shared variant: 1.71%"
PP.H0.abf PP.H1.abf PP.H2.abf PP.H3.abf PP.H4.abf 
 7.12e-50  6.58e-01  3.69e-50  3.40e-01  2.01e-03 
[1] "PP abf for shared variant: 0.201%"
PP.H0.abf PP.H1.abf PP.H2.abf PP.H3.abf PP.H4.abf 
 2.40e-22  6.53e-01  1.24e-22  3.38e-01  8.57e-03 
[1] "PP abf for shared variant: 0.857%"
iterative TERT 250 SBP dosage 20 pairs
PP.H0.abf PP.H1.abf PP.H2.abf PP.H3.abf PP.H4.abf 
8.96e-280  1.03e-05 8.68e-275  9.98e-01  2.00e-03 
[1] "PP abf for shared variant: 0.2%"
PP.H0.abf PP.H1.abf PP.H2.abf PP.H3.abf PP.H4.abf 
 3.24e-33  1.03e-05  3.14e-28  1.00e+00  1.04e-06 
[1] "PP abf for shared variant: 0.000104%"
PP.H0.abf PP.H1.abf PP.H2.abf PP.H3.abf PP.H4.abf 
 1.51e-20  1.03e-05  1.46e-15  1.00e+00  1.06e-06 
[1] "PP abf for shared variant: 0.000106%"
PP.H0.abf PP.H1.abf PP.H2.abf PP.H3.abf PP.H4.abf 
 5.63e-15  7.04e-06  5.45e-10  6.82e-01  3.18e-01 
[1] "PP abf for shared variant: 31.8%"
PP.H0.abf PP.H1.abf PP.H2.abf PP.H3.abf PP.H4.abf 
 2.83e-18  1.03e-05  2.75e-13  1.00e+00  7.70e-05 
[1] "PP abf for shared variant: 0.0077%"
PP.H0.abf PP.H1.abf PP.H2.abf PP.H3.abf PP.H4.abf 
 9.26e-26  1.03e-05  8.97e-21  1.00e+00  4.54e-08 
[1] "PP abf for shared variant: 4.54e-06%"
PP.H0.abf PP.H1.abf PP.H2.abf PP.H3.abf PP.H4.abf 
1.48e-278  1.70e-04 8.69e-275  1.00e+00  9.75e-06 
[1] "PP abf for shared variant: 0.000975%"
PP.H0.abf PP.H1.abf PP.H2.abf PP.H3.abf PP.H4.abf 
 5.34e-32  1.70e-04  3.14e-28  1.00e+00  3.21e-07 
[1] "PP abf for shared variant: 3.21e-05%"
PP.H0.abf PP.H1.abf PP.H2.abf PP.H3.abf PP.H4.abf 
 2.49e-19  1.70e-04  1.46e-15  1.00e+00  9.32e-07 
[1] "PP abf for shared variant: 9.32e-05%"
PP.H0.abf PP.H1.abf PP.H2.abf PP.H3.abf PP.H4.abf 
 1.36e-13  1.70e-04  8.00e-10  1.00e+00  1.60e-06 
[1] "PP abf for shared variant: 0.00016%"
PP.H0.abf PP.H1.abf PP.H2.abf PP.H3.abf PP.H4.abf 
 4.67e-17  1.70e-04  2.75e-13  1.00e+00  8.33e-07 
[1] "PP abf for shared variant: 8.33e-05%"
PP.H0.abf PP.H1.abf PP.H2.abf PP.H3.abf PP.H4.abf 
 1.53e-24  1.70e-04  8.97e-21  1.00e+00  7.79e-07 
[1] "PP abf for shared variant: 7.79e-05%"
PP.H0.abf PP.H1.abf PP.H2.abf PP.H3.abf PP.H4.abf 
1.22e-277  1.40e-03 8.68e-275  9.99e-01  4.64e-05 
[1] "PP abf for shared variant: 0.00464%"
PP.H0.abf PP.H1.abf PP.H2.abf PP.H3.abf PP.H4.abf 
 4.40e-31  1.40e-03  3.13e-28  9.99e-01  2.27e-06 
[1] "PP abf for shared variant: 0.000227%"
PP.H0.abf PP.H1.abf PP.H2.abf PP.H3.abf PP.H4.abf 
 2.05e-18  1.40e-03  1.46e-15  9.99e-01  8.22e-06 
[1] "PP abf for shared variant: 0.000822%"
PP.H0.abf PP.H1.abf PP.H2.abf PP.H3.abf PP.H4.abf 
 1.12e-12  1.40e-03  7.99e-10  9.99e-01  4.20e-06 
[1] "PP abf for shared variant: 0.00042%"
PP.H0.abf PP.H1.abf PP.H2.abf PP.H3.abf PP.H4.abf 
 3.85e-16  1.40e-03  2.74e-13  9.99e-01  7.89e-06 
[1] "PP abf for shared variant: 0.000789%"
PP.H0.abf PP.H1.abf PP.H2.abf PP.H3.abf PP.H4.abf 
 1.26e-23  1.40e-03  8.96e-21  9.99e-01  6.40e-06 
[1] "PP abf for shared variant: 0.00064%"
PP.H0.abf PP.H1.abf PP.H2.abf PP.H3.abf PP.H4.abf 
2.61e-277  3.00e-03 8.67e-275  9.97e-01  3.20e-05 
[1] "PP abf for shared variant: 0.0032%"
PP.H0.abf PP.H1.abf PP.H2.abf PP.H3.abf PP.H4.abf 
 9.41e-31  3.00e-03  3.13e-28  9.97e-01  4.36e-06 
[1] "PP abf for shared variant: 0.000436%"
PP.H0.abf PP.H1.abf PP.H2.abf PP.H3.abf PP.H4.abf 
 4.38e-18  3.00e-03  1.46e-15  9.97e-01  1.68e-05 
[1] "PP abf for shared variant: 0.00168%"
PP.H0.abf PP.H1.abf PP.H2.abf PP.H3.abf PP.H4.abf 
 2.40e-12  3.00e-03  7.97e-10  9.97e-01  6.09e-05 
[1] "PP abf for shared variant: 0.00609%"
PP.H0.abf PP.H1.abf PP.H2.abf PP.H3.abf PP.H4.abf 
 8.20e-16  2.98e-03  2.73e-13  9.93e-01  4.50e-03 
[1] "PP abf for shared variant: 0.45%"
PP.H0.abf PP.H1.abf PP.H2.abf PP.H3.abf PP.H4.abf 
 2.69e-23  3.00e-03  8.94e-21  9.97e-01  9.37e-05 
[1] "PP abf for shared variant: 0.00937%"
PP.H0.abf PP.H1.abf PP.H2.abf PP.H3.abf PP.H4.abf 
1.11e-275  1.28e-01 7.57e-275  8.70e-01  1.86e-03 
[1] "PP abf for shared variant: 0.186%"
PP.H0.abf PP.H1.abf PP.H2.abf PP.H3.abf PP.H4.abf 
 4.02e-29  1.28e-01  2.73e-28  8.72e-01  1.98e-04 
[1] "PP abf for shared variant: 0.0198%"
PP.H0.abf PP.H1.abf PP.H2.abf PP.H3.abf PP.H4.abf 
 1.87e-16  1.28e-01  1.27e-15  8.71e-01  8.11e-04 
[1] "PP abf for shared variant: 0.0811%"
PP.H0.abf PP.H1.abf PP.H2.abf PP.H3.abf PP.H4.abf 
 1.02e-10  1.28e-01  6.94e-10  8.67e-01  5.03e-03 
[1] "PP abf for shared variant: 0.503%"
PP.H0.abf PP.H1.abf PP.H2.abf PP.H3.abf PP.H4.abf 
 3.47e-14  1.26e-01  2.36e-13  8.59e-01  1.49e-02 
[1] "PP abf for shared variant: 1.49%"
PP.H0.abf PP.H1.abf PP.H2.abf PP.H3.abf PP.H4.abf 
 1.15e-21  1.28e-01  7.81e-21  8.71e-01  1.28e-03 
[1] "PP abf for shared variant: 0.128%"
PP.H0.abf PP.H1.abf PP.H2.abf PP.H3.abf PP.H4.abf 
3.87e-275  4.45e-01 4.81e-275  5.53e-01  2.08e-03 
[1] "PP abf for shared variant: 0.208%"
PP.H0.abf PP.H1.abf PP.H2.abf PP.H3.abf PP.H4.abf 
 1.40e-28  4.45e-01  1.74e-28  5.54e-01  7.12e-04 
[1] "PP abf for shared variant: 0.0712%"
PP.H0.abf PP.H1.abf PP.H2.abf PP.H3.abf PP.H4.abf 
 6.49e-16  4.44e-01  8.08e-16  5.53e-01  3.10e-03 
[1] "PP abf for shared variant: 0.31%"
PP.H0.abf PP.H1.abf PP.H2.abf PP.H3.abf PP.H4.abf 
 3.55e-10  4.44e-01  4.42e-10  5.53e-01  2.36e-03 
[1] "PP abf for shared variant: 0.236%"
PP.H0.abf PP.H1.abf PP.H2.abf PP.H3.abf PP.H4.abf 
 1.15e-13  4.18e-01  1.43e-13  5.20e-01  6.14e-02 
[1] "PP abf for shared variant: 6.14%"
PP.H0.abf PP.H1.abf PP.H2.abf PP.H3.abf PP.H4.abf 
 3.97e-21  4.43e-01  4.94e-21  5.51e-01  6.50e-03 
[1] "PP abf for shared variant: 0.65%"
iterative TERT 250 DBP haplotype 25 pairs
PP.H0.abf PP.H1.abf PP.H2.abf PP.H3.abf PP.H4.abf 
8.96e-280  1.03e-05 8.68e-275  9.98e-01  2.00e-03 
[1] "PP abf for shared variant: 0.2%"
PP.H0.abf PP.H1.abf PP.H2.abf PP.H3.abf PP.H4.abf 
 2.77e-42  1.03e-05  2.68e-37  1.00e+00  1.04e-06 
[1] "PP abf for shared variant: 0.000104%"
PP.H0.abf PP.H1.abf PP.H2.abf PP.H3.abf PP.H4.abf 
 6.43e-18  8.64e-06  6.23e-13  8.37e-01  1.63e-01 
[1] "PP abf for shared variant: 16.3%"
PP.H0.abf PP.H1.abf PP.H2.abf PP.H3.abf PP.H4.abf 
 9.64e-19  1.03e-05  9.34e-14  1.00e+00  1.37e-07 
[1] "PP abf for shared variant: 1.37e-05%"
PP.H0.abf PP.H1.abf PP.H2.abf PP.H3.abf PP.H4.abf 
 1.12e-54  1.03e-05  1.08e-49  1.00e+00  4.53e-08 
[1] "PP abf for shared variant: 4.53e-06%"
PP.H0.abf PP.H1.abf PP.H2.abf PP.H3.abf PP.H4.abf 
 3.79e-27  1.03e-05  3.67e-22  1.00e+00  2.32e-06 
[1] "PP abf for shared variant: 0.000232%"
PP.H0.abf PP.H1.abf PP.H2.abf PP.H3.abf PP.H4.abf 
6.56e-279  7.54e-05 8.69e-275  1.00e+00  4.64e-06 
[1] "PP abf for shared variant: 0.000464%"
PP.H0.abf PP.H1.abf PP.H2.abf PP.H3.abf PP.H4.abf 
 2.02e-41  7.54e-05  2.68e-37  1.00e+00  1.51e-07 
[1] "PP abf for shared variant: 1.51e-05%"
PP.H0.abf PP.H1.abf PP.H2.abf PP.H3.abf PP.H4.abf 
 5.61e-17  7.54e-05  7.44e-13  1.00e+00  3.92e-07 
[1] "PP abf for shared variant: 3.92e-05%"
PP.H0.abf PP.H1.abf PP.H2.abf PP.H3.abf PP.H4.abf 
 7.05e-18  7.54e-05  9.34e-14  1.00e+00  4.72e-07 
[1] "PP abf for shared variant: 4.72e-05%"
PP.H0.abf PP.H1.abf PP.H2.abf PP.H3.abf PP.H4.abf 
 8.17e-54  7.54e-05  1.08e-49  1.00e+00  3.98e-07 
[1] "PP abf for shared variant: 3.98e-05%"
PP.H0.abf PP.H1.abf PP.H2.abf PP.H3.abf PP.H4.abf 
 2.77e-26  7.54e-05  3.67e-22  1.00e+00  7.14e-07 
[1] "PP abf for shared variant: 7.14e-05%"
PP.H0.abf PP.H1.abf PP.H2.abf PP.H3.abf PP.H4.abf 
2.56e-278  2.95e-04 8.69e-275  1.00e+00  2.78e-06 
[1] "PP abf for shared variant: 0.000278%"
PP.H0.abf PP.H1.abf PP.H2.abf PP.H3.abf PP.H4.abf 
 7.90e-41  2.95e-04  2.68e-37  1.00e+00  4.30e-07 
[1] "PP abf for shared variant: 4.3e-05%"
PP.H0.abf PP.H1.abf PP.H2.abf PP.H3.abf PP.H4.abf 
 2.19e-16  2.94e-04  7.43e-13  9.99e-01  9.60e-04 
[1] "PP abf for shared variant: 0.096%"
PP.H0.abf PP.H1.abf PP.H2.abf PP.H3.abf PP.H4.abf 
 2.75e-17  2.94e-04  9.32e-14  9.97e-01  2.27e-03 
[1] "PP abf for shared variant: 0.227%"
PP.H0.abf PP.H1.abf PP.H2.abf PP.H3.abf PP.H4.abf 
 3.19e-53  2.95e-04  1.08e-49  1.00e+00  4.43e-05 
[1] "PP abf for shared variant: 0.00443%"
PP.H0.abf PP.H1.abf PP.H2.abf PP.H3.abf PP.H4.abf 
 1.08e-25  2.95e-04  3.67e-22  1.00e+00  5.04e-05 
[1] "PP abf for shared variant: 0.00504%"
PP.H0.abf PP.H1.abf PP.H2.abf PP.H3.abf PP.H4.abf 
1.90e-276  2.19e-02 8.50e-275  9.78e-01  1.50e-04 
[1] "PP abf for shared variant: 0.015%"
PP.H0.abf PP.H1.abf PP.H2.abf PP.H3.abf PP.H4.abf 
 5.87e-39  2.19e-02  2.62e-37  9.78e-01  3.19e-05 
[1] "PP abf for shared variant: 0.00319%"
PP.H0.abf PP.H1.abf PP.H2.abf PP.H3.abf PP.H4.abf 
 1.59e-14  2.14e-02  7.11e-13  9.56e-01  2.22e-02 
[1] "PP abf for shared variant: 2.22%"
PP.H0.abf PP.H1.abf PP.H2.abf PP.H3.abf PP.H4.abf 
 1.94e-15  2.08e-02  8.67e-14  9.28e-01  5.09e-02 
[1] "PP abf for shared variant: 5.09%"
PP.H0.abf PP.H1.abf PP.H2.abf PP.H3.abf PP.H4.abf 
 2.36e-51  2.18e-02  1.05e-49  9.73e-01  5.30e-03 
[1] "PP abf for shared variant: 0.53%"
PP.H0.abf PP.H1.abf PP.H2.abf PP.H3.abf PP.H4.abf 
 8.04e-24  2.19e-02  3.59e-22  9.78e-01  3.49e-04 
[1] "PP abf for shared variant: 0.0349%"
PP.H0.abf PP.H1.abf PP.H2.abf PP.H3.abf PP.H4.abf 
1.95e-276  2.25e-02 8.50e-275  9.77e-01  2.16e-04 
[1] "PP abf for shared variant: 0.0216%"
PP.H0.abf PP.H1.abf PP.H2.abf PP.H3.abf PP.H4.abf 
 6.03e-39  2.25e-02  2.62e-37  9.77e-01  3.76e-05 
[1] "PP abf for shared variant: 0.00376%"
PP.H0.abf PP.H1.abf PP.H2.abf PP.H3.abf PP.H4.abf 
 1.67e-14  2.24e-02  7.26e-13  9.76e-01  1.30e-03 
[1] "PP abf for shared variant: 0.13%"
PP.H0.abf PP.H1.abf PP.H2.abf PP.H3.abf PP.H4.abf 
 2.09e-15  2.24e-02  9.11e-14  9.75e-01  2.59e-03 
[1] "PP abf for shared variant: 0.259%"
PP.H0.abf PP.H1.abf PP.H2.abf PP.H3.abf PP.H4.abf 
 2.43e-51  2.25e-02  1.06e-49  9.77e-01  8.52e-04 
[1] "PP abf for shared variant: 0.0852%"
PP.H0.abf PP.H1.abf PP.H2.abf PP.H3.abf PP.H4.abf 
 8.24e-24  2.24e-02  3.58e-22  9.76e-01  1.62e-03 
[1] "PP abf for shared variant: 0.162%"
PP.H0.abf PP.H1.abf PP.H2.abf PP.H3.abf PP.H4.abf 
1.73e-275  1.99e-01 6.96e-275  8.00e-01  3.89e-04 
[1] "PP abf for shared variant: 0.0389%"
PP.H0.abf PP.H1.abf PP.H2.abf PP.H3.abf PP.H4.abf 
 5.34e-38  1.99e-01  2.15e-37  8.01e-01  3.03e-04 
[1] "PP abf for shared variant: 0.0303%"
PP.H0.abf PP.H1.abf PP.H2.abf PP.H3.abf PP.H4.abf 
 1.47e-13  1.98e-01  5.92e-13  7.96e-01  6.51e-03 
[1] "PP abf for shared variant: 0.651%"
PP.H0.abf PP.H1.abf PP.H2.abf PP.H3.abf PP.H4.abf 
 1.84e-14  1.97e-01  7.39e-14  7.91e-01  1.23e-02 
[1] "PP abf for shared variant: 1.23%"
PP.H0.abf PP.H1.abf PP.H2.abf PP.H3.abf PP.H4.abf 
 2.14e-50  1.98e-01  8.61e-50  7.96e-01  6.46e-03 
[1] "PP abf for shared variant: 0.646%"
PP.H0.abf PP.H1.abf PP.H2.abf PP.H3.abf PP.H4.abf 
 7.31e-23  1.99e-01  2.94e-22  8.00e-01  8.69e-04 
[1] "PP abf for shared variant: 0.0869%"
iterative TERT 250 DBP dosage 25 pairs
PP.H0.abf PP.H1.abf PP.H2.abf PP.H3.abf PP.H4.abf 
 0.00e+00  0.00e+00 8.70e-275  1.00e+00 3.02e-277 
[1] "PP abf for shared variant: 3.02e-275%"
PP.H0.abf PP.H1.abf PP.H2.abf PP.H3.abf PP.H4.abf 
 0.00e+00  0.00e+00  1.11e-82  1.00e+00  4.91e-85 
[1] "PP abf for shared variant: 4.91e-83%"
PP.H0.abf PP.H1.abf PP.H2.abf PP.H3.abf PP.H4.abf 
 0.00e+00  0.00e+00  8.01e-25  1.00e+00  3.43e-27 
[1] "PP abf for shared variant: 3.43e-25%"
PP.H0.abf PP.H1.abf PP.H2.abf PP.H3.abf PP.H4.abf 
 0.00e+00  0.00e+00  1.67e-35  1.00e+00  3.07e-38 
[1] "PP abf for shared variant: 3.07e-36%"
PP.H0.abf PP.H1.abf PP.H2.abf PP.H3.abf PP.H4.abf 
 0.00e+00  0.00e+00  1.25e-21  1.00e+00  3.61e-24 
[1] "PP abf for shared variant: 3.61e-22%"
PP.H0.abf PP.H1.abf PP.H2.abf PP.H3.abf PP.H4.abf 
 0.00e+00  0.00e+00  7.58e-19  1.00e+00  2.39e-21 
[1] "PP abf for shared variant: 2.39e-19%"
PP.H0.abf PP.H1.abf PP.H2.abf PP.H3.abf PP.H4.abf 
 0.00e+00  0.00e+00 8.70e-275  1.00e+00 1.26e-277 
[1] "PP abf for shared variant: 1.26e-275%"
PP.H0.abf PP.H1.abf PP.H2.abf PP.H3.abf PP.H4.abf 
 0.00e+00  0.00e+00  1.11e-82  1.00e+00  1.83e-85 
[1] "PP abf for shared variant: 1.83e-83%"
PP.H0.abf PP.H1.abf PP.H2.abf PP.H3.abf PP.H4.abf 
 0.00e+00  0.00e+00  8.01e-25  1.00e+00  1.25e-27 
[1] "PP abf for shared variant: 1.25e-25%"
PP.H0.abf PP.H1.abf PP.H2.abf PP.H3.abf PP.H4.abf 
 0.00e+00  0.00e+00  1.67e-35  1.00e+00  2.30e-38 
[1] "PP abf for shared variant: 2.3e-36%"
PP.H0.abf PP.H1.abf PP.H2.abf PP.H3.abf PP.H4.abf 
 0.00e+00  0.00e+00  1.25e-21  1.00e+00  1.75e-24 
[1] "PP abf for shared variant: 1.75e-22%"
PP.H0.abf PP.H1.abf PP.H2.abf PP.H3.abf PP.H4.abf 
 0.00e+00  0.00e+00  7.58e-19  1.00e+00  1.41e-21 
[1] "PP abf for shared variant: 1.41e-19%"
PP.H0.abf PP.H1.abf PP.H2.abf PP.H3.abf PP.H4.abf 
 0.00e+00 9.30e-197 8.70e-275  1.00e+00 1.68e-188 
[1] "PP abf for shared variant: 1.68e-186%"
PP.H0.abf PP.H1.abf PP.H2.abf PP.H3.abf PP.H4.abf 
1.03e-278 9.30e-197  1.11e-82  1.00e+00  7.46e-83 
[1] "PP abf for shared variant: 7.46e-81%"
PP.H0.abf PP.H1.abf PP.H2.abf PP.H3.abf PP.H4.abf 
7.45e-221 9.30e-197  8.01e-25  1.00e+00  1.67e-25 
[1] "PP abf for shared variant: 1.67e-23%"
PP.H0.abf PP.H1.abf PP.H2.abf PP.H3.abf PP.H4.abf 
1.55e-231 9.30e-197  1.67e-35  1.00e+00  1.97e-36 
[1] "PP abf for shared variant: 1.97e-34%"
PP.H0.abf PP.H1.abf PP.H2.abf PP.H3.abf PP.H4.abf 
1.17e-217 9.30e-197  1.25e-21  1.00e+00  4.35e-23 
[1] "PP abf for shared variant: 4.35e-21%"
PP.H0.abf PP.H1.abf PP.H2.abf PP.H3.abf PP.H4.abf 
7.05e-215 9.30e-197  7.58e-19  1.00e+00  4.33e-20 
[1] "PP abf for shared variant: 4.33e-18%"
PP.H0.abf PP.H1.abf PP.H2.abf PP.H3.abf PP.H4.abf 
 0.00e+00  0.00e+00 8.70e-275  1.00e+00 3.56e-277 
[1] "PP abf for shared variant: 3.56e-275%"
PP.H0.abf PP.H1.abf PP.H2.abf PP.H3.abf PP.H4.abf 
 0.00e+00  0.00e+00  1.11e-82  1.00e+00  3.93e-84 
[1] "PP abf for shared variant: 3.93e-82%"
PP.H0.abf PP.H1.abf PP.H2.abf PP.H3.abf PP.H4.abf 
 0.00e+00  0.00e+00  8.01e-25  1.00e+00  1.47e-26 
[1] "PP abf for shared variant: 1.47e-24%"
PP.H0.abf PP.H1.abf PP.H2.abf PP.H3.abf PP.H4.abf 
 0.00e+00  0.00e+00  1.67e-35  1.00e+00  2.58e-37 
[1] "PP abf for shared variant: 2.58e-35%"
PP.H0.abf PP.H1.abf PP.H2.abf PP.H3.abf PP.H4.abf 
 0.00e+00  0.00e+00  1.25e-21  1.00e+00  1.03e-23 
[1] "PP abf for shared variant: 1.03e-21%"
PP.H0.abf PP.H1.abf PP.H2.abf PP.H3.abf PP.H4.abf 
 0.00e+00  0.00e+00  7.58e-19  1.00e+00  8.18e-21 
[1] "PP abf for shared variant: 8.18e-19%"
PP.H0.abf PP.H1.abf PP.H2.abf PP.H3.abf PP.H4.abf 
 0.00e+00 6.72e-221 8.70e-275  1.00e+00 2.29e-217 
[1] "PP abf for shared variant: 2.29e-215%"
PP.H0.abf PP.H1.abf PP.H2.abf PP.H3.abf PP.H4.abf 
7.46e-303 6.72e-221  1.11e-82  1.00e+00  2.72e-83 
[1] "PP abf for shared variant: 2.72e-81%"
PP.H0.abf PP.H1.abf PP.H2.abf PP.H3.abf PP.H4.abf 
5.38e-245 6.72e-221  8.01e-25  1.00e+00  1.00e-25 
[1] "PP abf for shared variant: 1e-23%"
PP.H0.abf PP.H1.abf PP.H2.abf PP.H3.abf PP.H4.abf 
1.12e-255 6.72e-221  1.67e-35  1.00e+00  1.03e-36 
[1] "PP abf for shared variant: 1.03e-34%"
PP.H0.abf PP.H1.abf PP.H2.abf PP.H3.abf PP.H4.abf 
8.42e-242 6.72e-221  1.25e-21  1.00e+00  3.62e-23 
[1] "PP abf for shared variant: 3.62e-21%"
PP.H0.abf PP.H1.abf PP.H2.abf PP.H3.abf PP.H4.abf 
5.09e-239 6.72e-221  7.58e-19  1.00e+00  2.79e-20 
[1] "PP abf for shared variant: 2.79e-18%"
PP.H0.abf PP.H1.abf PP.H2.abf PP.H3.abf PP.H4.abf 
 0.00e+00  1.02e-77 8.70e-275  1.00e+00  2.49e-75 
[1] "PP abf for shared variant: 2.49e-73%"
PP.H0.abf PP.H1.abf PP.H2.abf PP.H3.abf PP.H4.abf 
1.13e-159  1.02e-77  1.11e-82  1.00e+00  2.67e-74 
[1] "PP abf for shared variant: 2.67e-72%"
PP.H0.abf PP.H1.abf PP.H2.abf PP.H3.abf PP.H4.abf 
8.19e-102  1.02e-77  8.01e-25  1.00e+00  1.01e-25 
[1] "PP abf for shared variant: 1.01e-23%"
PP.H0.abf PP.H1.abf PP.H2.abf PP.H3.abf PP.H4.abf 
1.70e-112  1.02e-77  1.67e-35  1.00e+00  2.29e-37 
[1] "PP abf for shared variant: 2.29e-35%"
PP.H0.abf PP.H1.abf PP.H2.abf PP.H3.abf PP.H4.abf 
 1.28e-98  1.02e-77  1.25e-21  1.00e+00  1.81e-23 
[1] "PP abf for shared variant: 1.81e-21%"
PP.H0.abf PP.H1.abf PP.H2.abf PP.H3.abf PP.H4.abf 
 7.74e-96  1.02e-77  7.58e-19  1.00e+00  8.40e-21 
[1] "PP abf for shared variant: 8.4e-19%"
iterative TERT 250 FG_HYPERTENSION haplotype 25 pairs
PP.H0.abf PP.H1.abf PP.H2.abf PP.H3.abf PP.H4.abf 
 0.00e+00  0.00e+00 8.70e-275  1.00e+00 3.02e-277 
[1] "PP abf for shared variant: 3.02e-275%"
PP.H0.abf PP.H1.abf PP.H2.abf PP.H3.abf PP.H4.abf 
 0.00e+00  0.00e+00  4.78e-94  1.00e+00  1.73e-96 
[1] "PP abf for shared variant: 1.73e-94%"
PP.H0.abf PP.H1.abf PP.H2.abf PP.H3.abf PP.H4.abf 
 0.00e+00  0.00e+00  2.96e-39  1.00e+00  4.21e-41 
[1] "PP abf for shared variant: 4.21e-39%"
PP.H0.abf PP.H1.abf PP.H2.abf PP.H3.abf PP.H4.abf 
 0.00e+00  0.00e+00  2.85e-42  1.00e+00  4.47e-42 
[1] "PP abf for shared variant: 4.47e-40%"
PP.H0.abf PP.H1.abf PP.H2.abf PP.H3.abf PP.H4.abf 
 0.00e+00  0.00e+00  1.69e-25  1.00e+00  1.29e-26 
[1] "PP abf for shared variant: 1.29e-24%"
PP.H0.abf PP.H1.abf PP.H2.abf PP.H3.abf PP.H4.abf 
 0.00e+00  0.00e+00  7.83e-24  1.00e+00  7.24e-25 
[1] "PP abf for shared variant: 7.24e-23%"
PP.H0.abf PP.H1.abf PP.H2.abf PP.H3.abf PP.H4.abf 
 0.00e+00 3.42e-286 8.70e-275  1.00e+00 5.05e-248 
[1] "PP abf for shared variant: 5.05e-246%"
PP.H0.abf PP.H1.abf PP.H2.abf PP.H3.abf PP.H4.abf 
 0.00e+00 3.42e-286  4.78e-94  1.00e+00  2.57e-91 
[1] "PP abf for shared variant: 2.57e-89%"
PP.H0.abf PP.H1.abf PP.H2.abf PP.H3.abf PP.H4.abf 
 0.00e+00 3.42e-286  2.96e-39  1.00e+00  5.92e-36 
[1] "PP abf for shared variant: 5.92e-34%"
PP.H0.abf PP.H1.abf PP.H2.abf PP.H3.abf PP.H4.abf 
 0.00e+00 3.42e-286  2.85e-42  1.00e+00  1.40e-39 
[1] "PP abf for shared variant: 1.4e-37%"
PP.H0.abf PP.H1.abf PP.H2.abf PP.H3.abf PP.H4.abf 
5.78e-311 3.42e-286  1.69e-25  1.00e+00  2.03e-23 
[1] "PP abf for shared variant: 2.03e-21%"
PP.H0.abf PP.H1.abf PP.H2.abf PP.H3.abf PP.H4.abf 
2.68e-309 3.42e-286  7.83e-24  1.00e+00  1.96e-20 
[1] "PP abf for shared variant: 1.96e-18%"
PP.H0.abf PP.H1.abf PP.H2.abf PP.H3.abf PP.H4.abf 
 0.00e+00 3.76e-227 8.70e-275  1.00e+00 3.19e-207 
[1] "PP abf for shared variant: 3.19e-205%"
    PP.H0.abf     PP.H1.abf     PP.H2.abf     PP.H3.abf     PP.H4.abf 
1.799881e-320 3.760000e-227  4.780000e-94  1.000000e+00  3.220000e-91 
[1] "PP abf for shared variant: 3.22e-89%"
PP.H0.abf PP.H1.abf PP.H2.abf PP.H3.abf PP.H4.abf 
1.11e-265 3.76e-227  2.96e-39  1.00e+00  3.71e-35 
[1] "PP abf for shared variant: 3.71e-33%"
PP.H0.abf PP.H1.abf PP.H2.abf PP.H3.abf PP.H4.abf 
1.07e-268 3.76e-227  2.85e-42  1.00e+00  3.66e-38 
[1] "PP abf for shared variant: 3.66e-36%"
PP.H0.abf PP.H1.abf PP.H2.abf PP.H3.abf PP.H4.abf 
6.35e-252 3.76e-227  1.69e-25  1.00e+00  3.34e-21 
[1] "PP abf for shared variant: 3.34e-19%"
PP.H0.abf PP.H1.abf PP.H2.abf PP.H3.abf PP.H4.abf 
2.94e-250 3.76e-227  7.83e-24  1.00e+00  2.34e-18 
[1] "PP abf for shared variant: 2.34e-16%"
PP.H0.abf PP.H1.abf PP.H2.abf PP.H3.abf PP.H4.abf 
 0.00e+00  0.00e+00 8.70e-275  1.00e+00 5.01e-276 
[1] "PP abf for shared variant: 5.01e-274%"
PP.H0.abf PP.H1.abf PP.H2.abf PP.H3.abf PP.H4.abf 
 0.00e+00  0.00e+00  4.78e-94  1.00e+00  3.74e-96 
[1] "PP abf for shared variant: 3.74e-94%"
PP.H0.abf PP.H1.abf PP.H2.abf PP.H3.abf PP.H4.abf 
 0.00e+00  0.00e+00  2.96e-39  1.00e+00  7.81e-41 
[1] "PP abf for shared variant: 7.81e-39%"
PP.H0.abf PP.H1.abf PP.H2.abf PP.H3.abf PP.H4.abf 
 0.00e+00  0.00e+00  2.85e-42  1.00e+00  3.28e-44 
[1] "PP abf for shared variant: 3.28e-42%"
PP.H0.abf PP.H1.abf PP.H2.abf PP.H3.abf PP.H4.abf 
 0.00e+00  0.00e+00  1.69e-25  1.00e+00  9.85e-28 
[1] "PP abf for shared variant: 9.85e-26%"
PP.H0.abf PP.H1.abf PP.H2.abf PP.H3.abf PP.H4.abf 
 0.00e+00  0.00e+00  7.83e-24  1.00e+00  4.56e-26 
[1] "PP abf for shared variant: 4.56e-24%"
PP.H0.abf PP.H1.abf PP.H2.abf PP.H3.abf PP.H4.abf 
 0.00e+00 7.03e-218 8.70e-275  1.00e+00 1.02e-196 
[1] "PP abf for shared variant: 1.02e-194%"
PP.H0.abf PP.H1.abf PP.H2.abf PP.H3.abf PP.H4.abf 
3.36e-311 7.03e-218  4.78e-94  1.00e+00  6.63e-97 
[1] "PP abf for shared variant: 6.63e-95%"
PP.H0.abf PP.H1.abf PP.H2.abf PP.H3.abf PP.H4.abf 
2.08e-256 7.03e-218  2.96e-39  1.00e+00  5.16e-42 
[1] "PP abf for shared variant: 5.16e-40%"
PP.H0.abf PP.H1.abf PP.H2.abf PP.H3.abf PP.H4.abf 
2.00e-259 7.03e-218  2.85e-42  1.00e+00  3.96e-45 
[1] "PP abf for shared variant: 3.96e-43%"
PP.H0.abf PP.H1.abf PP.H2.abf PP.H3.abf PP.H4.abf 
1.19e-242 7.03e-218  1.69e-25  1.00e+00  2.65e-28 
[1] "PP abf for shared variant: 2.65e-26%"
PP.H0.abf PP.H1.abf PP.H2.abf PP.H3.abf PP.H4.abf 
5.50e-241 7.03e-218  7.83e-24  1.00e+00  1.09e-26 
[1] "PP abf for shared variant: 1.09e-24%"
PP.H0.abf PP.H1.abf PP.H2.abf PP.H3.abf PP.H4.abf 
 0.00e+00 2.08e-130 8.70e-275  1.00e+00  2.29e-98 
[1] "PP abf for shared variant: 2.29e-96%"
PP.H0.abf PP.H1.abf PP.H2.abf PP.H3.abf PP.H4.abf 
9.95e-224 2.08e-130  4.78e-94  1.00e+00  1.13e-88 
[1] "PP abf for shared variant: 1.13e-86%"
PP.H0.abf PP.H1.abf PP.H2.abf PP.H3.abf PP.H4.abf 
6.16e-169 2.08e-130  2.96e-39  1.00e+00  9.37e-39 
[1] "PP abf for shared variant: 9.37e-37%"
PP.H0.abf PP.H1.abf PP.H2.abf PP.H3.abf PP.H4.abf 
5.93e-172 2.08e-130  2.85e-42  1.00e+00  5.80e-45 
[1] "PP abf for shared variant: 5.8e-43%"
PP.H0.abf PP.H1.abf PP.H2.abf PP.H3.abf PP.H4.abf 
3.51e-155 2.08e-130  1.69e-25  1.00e+00  1.92e-28 
[1] "PP abf for shared variant: 1.92e-26%"
PP.H0.abf PP.H1.abf PP.H2.abf PP.H3.abf PP.H4.abf 
1.63e-153 2.08e-130  7.83e-24  1.00e+00  5.19e-26 
[1] "PP abf for shared variant: 5.19e-24%"
iterative TERT 250 FG_HYPERTENSION dosage 25 pairs
PP.H0.abf PP.H1.abf PP.H2.abf PP.H3.abf PP.H4.abf 
1.18e-216  1.32e-31 3.51e-187  3.84e-02  9.62e-01 
[1] "PP abf for shared variant: 96.2%"
PP.H0.abf PP.H1.abf PP.H2.abf PP.H3.abf PP.H4.abf 
 1.31e-33  3.36e-30  3.91e-04  1.00e+00  5.90e-07 
[1] "PP abf for shared variant: 5.9e-05%"
PP.H0.abf PP.H1.abf PP.H2.abf PP.H3.abf PP.H4.abf 
 5.86e-32  3.30e-30  1.75e-02  9.83e-01  2.63e-05 
[1] "PP abf for shared variant: 0.00263%"
PP.H0.abf PP.H1.abf PP.H2.abf PP.H3.abf PP.H4.abf 
8.36e-187  9.38e-02 8.08e-186  9.06e-01  1.82e-04 
[1] "PP abf for shared variant: 0.0182%"
PP.H0.abf PP.H1.abf PP.H2.abf PP.H3.abf PP.H4.abf 
 3.65e-05  9.32e-02  3.53e-04  9.01e-01  5.61e-03 
[1] "PP abf for shared variant: 0.561%"
PP.H0.abf PP.H1.abf PP.H2.abf PP.H3.abf PP.H4.abf 
  0.00163   0.09190   0.01580   0.88900   0.00206 
[1] "PP abf for shared variant: 0.206%"
allbutone TERC 100 SBP haplotype 6 pairs
PP.H0.abf PP.H1.abf PP.H2.abf PP.H3.abf PP.H4.abf 
4.53e-169  2.40e-31 4.17e-140  2.11e-02  9.79e-01 
[1] "PP abf for shared variant: 97.9%"
PP.H0.abf PP.H1.abf PP.H2.abf PP.H3.abf PP.H4.abf 
 6.18e-39  1.09e-29  5.69e-10  1.00e+00  5.16e-10 
[1] "PP abf for shared variant: 5.16e-08%"
PP.H0.abf PP.H1.abf PP.H2.abf PP.H3.abf PP.H4.abf 
 3.72e-31  1.05e-29  3.42e-02  9.66e-01  5.18e-05 
[1] "PP abf for shared variant: 0.00518%"
PP.H0.abf PP.H1.abf PP.H2.abf PP.H3.abf PP.H4.abf 
 2.36e-30  8.50e-30  2.17e-01  7.82e-01  3.29e-04 
[1] "PP abf for shared variant: 0.0329%"
PP.H0.abf PP.H1.abf PP.H2.abf PP.H3.abf PP.H4.abf 
3.79e-139  2.01e-01 1.51e-138  7.99e-01  3.90e-04 
[1] "PP abf for shared variant: 0.039%"
PP.H0.abf PP.H1.abf PP.H2.abf PP.H3.abf PP.H4.abf 
 1.10e-10  1.93e-01  4.37e-10  7.68e-01  3.96e-02 
[1] "PP abf for shared variant: 3.96%"
PP.H0.abf PP.H1.abf PP.H2.abf PP.H3.abf PP.H4.abf 
  0.00629   0.17800   0.02510   0.70700   0.08450 
[1] "PP abf for shared variant: 8.45%"
PP.H0.abf PP.H1.abf PP.H2.abf PP.H3.abf PP.H4.abf 
  0.04350   0.15700   0.17300   0.62300   0.00377 
[1] "PP abf for shared variant: 0.377%"
allbutone TERC 100 SBP dosage 8 pairs
PP.H0.abf PP.H1.abf PP.H2.abf PP.H3.abf PP.H4.abf 
6.42e-186  7.20e-01 9.26e-188  1.01e-02  2.70e-01 
[1] "PP abf for shared variant: 27%"
PP.H0.abf PP.H1.abf PP.H2.abf PP.H3.abf PP.H4.abf 
 3.74e-04  9.57e-01  5.40e-06  1.38e-02  2.92e-02 
[1] "PP abf for shared variant: 2.92%"
PP.H0.abf PP.H1.abf PP.H2.abf PP.H3.abf PP.H4.abf 
 0.017100  0.965000  0.000247  0.013900  0.004150 
[1] "PP abf for shared variant: 0.415%"
allbutone TERC 100 DBP haplotype 3 pairs
PP.H0.abf PP.H1.abf PP.H2.abf PP.H3.abf PP.H4.abf 
1.36e-138  7.20e-01 1.96e-140  1.01e-02  2.70e-01 
[1] "PP abf for shared variant: 27%"
PP.H0.abf PP.H1.abf PP.H2.abf PP.H3.abf PP.H4.abf 
 5.59e-10  9.84e-01  8.07e-12  1.42e-02  2.26e-03 
[1] "PP abf for shared variant: 0.226%"
PP.H0.abf PP.H1.abf PP.H2.abf PP.H3.abf PP.H4.abf 
 0.032800  0.925000  0.000473  0.013300  0.028500 
[1] "PP abf for shared variant: 2.85%"
PP.H0.abf PP.H1.abf PP.H2.abf PP.H3.abf PP.H4.abf 
  0.21400   0.76900   0.00308   0.01110   0.00366 
[1] "PP abf for shared variant: 0.366%"
allbutone TERC 100 DBP dosage 4 pairs
PP.H0.abf PP.H1.abf PP.H2.abf PP.H3.abf PP.H4.abf 
4.98e-163  6.56e-05 7.59e-159  9.99e-01  6.57e-04 
[1] "PP abf for shared variant: 0.0657%"
PP.H0.abf PP.H1.abf PP.H2.abf PP.H3.abf PP.H4.abf 
 1.73e-16  6.57e-05  2.64e-12  1.00e+00  9.87e-08 
[1] "PP abf for shared variant: 9.87e-06%"
PP.H0.abf PP.H1.abf PP.H2.abf PP.H3.abf PP.H4.abf 
 3.68e-16  6.57e-05  5.60e-12  1.00e+00  1.70e-07 
[1] "PP abf for shared variant: 1.7e-05%"
PP.H0.abf PP.H1.abf PP.H2.abf PP.H3.abf PP.H4.abf 
 4.14e-12  6.57e-05  6.30e-08  1.00e+00  7.85e-08 
[1] "PP abf for shared variant: 7.85e-06%"
PP.H0.abf PP.H1.abf PP.H2.abf PP.H3.abf PP.H4.abf 
 2.49e-07  6.54e-05  3.79e-03  9.96e-01  3.08e-05 
[1] "PP abf for shared variant: 0.00308%"
PP.H0.abf PP.H1.abf PP.H2.abf PP.H3.abf PP.H4.abf 
1.06e-160  1.40e-02 7.47e-159  9.85e-01  1.35e-03 
[1] "PP abf for shared variant: 0.135%"
PP.H0.abf PP.H1.abf PP.H2.abf PP.H3.abf PP.H4.abf 
 3.69e-14  1.40e-02  2.60e-12  9.86e-01  2.15e-05 
[1] "PP abf for shared variant: 0.00215%"
PP.H0.abf PP.H1.abf PP.H2.abf PP.H3.abf PP.H4.abf 
 7.84e-14  1.40e-02  5.52e-12  9.86e-01  3.83e-05 
[1] "PP abf for shared variant: 0.00383%"
PP.H0.abf PP.H1.abf PP.H2.abf PP.H3.abf PP.H4.abf 
 8.82e-10  1.40e-02  6.21e-08  9.86e-01  1.53e-05 
[1] "PP abf for shared variant: 0.00153%"
PP.H0.abf PP.H1.abf PP.H2.abf PP.H3.abf PP.H4.abf 
 5.29e-05  1.39e-02  3.73e-03  9.80e-01  1.83e-03 
[1] "PP abf for shared variant: 0.183%"
PP.H0.abf PP.H1.abf PP.H2.abf PP.H3.abf PP.H4.abf 
6.88e-160  9.07e-02 1.14e-159  1.49e-01  7.60e-01 
[1] "PP abf for shared variant: 76%"
PP.H0.abf PP.H1.abf PP.H2.abf PP.H3.abf PP.H4.abf 
 9.92e-13  3.76e-01  1.64e-12  6.23e-01  5.68e-04 
[1] "PP abf for shared variant: 0.0568%"
PP.H0.abf PP.H1.abf PP.H2.abf PP.H3.abf PP.H4.abf 
 2.11e-12  3.76e-01  3.49e-12  6.23e-01  9.84e-04 
[1] "PP abf for shared variant: 0.0984%"
PP.H0.abf PP.H1.abf PP.H2.abf PP.H3.abf PP.H4.abf 
 2.37e-08  3.76e-01  3.93e-08  6.23e-01  4.02e-04 
[1] "PP abf for shared variant: 0.0402%"
PP.H0.abf PP.H1.abf PP.H2.abf PP.H3.abf PP.H4.abf 
  0.00137   0.36000   0.00227   0.59700   0.03900 
[1] "PP abf for shared variant: 3.9%"
allbutone TERC 100 FG_HYPERTENSION haplotype 15 pairs
PP.H0.abf PP.H1.abf PP.H2.abf PP.H3.abf PP.H4.abf 
9.21e-137  8.26e-05 1.11e-132  9.97e-01  2.71e-03 
[1] "PP abf for shared variant: 0.271%"
PP.H0.abf PP.H1.abf PP.H2.abf PP.H3.abf PP.H4.abf 
 1.02e-11  8.28e-05  1.23e-07  1.00e+00  1.24e-07 
[1] "PP abf for shared variant: 1.24e-05%"
PP.H0.abf PP.H1.abf PP.H2.abf PP.H3.abf PP.H4.abf 
 4.27e-12  8.28e-05  5.16e-08  1.00e+00  1.29e-06 
[1] "PP abf for shared variant: 0.000129%"
PP.H0.abf PP.H1.abf PP.H2.abf PP.H3.abf PP.H4.abf 
 4.46e-13  8.28e-05  5.39e-09  1.00e+00  1.50e-07 
[1] "PP abf for shared variant: 1.5e-05%"
PP.H0.abf PP.H1.abf PP.H2.abf PP.H3.abf PP.H4.abf 
 1.20e-10  8.28e-05  1.45e-06  1.00e+00  1.08e-07 
[1] "PP abf for shared variant: 1.08e-05%"
PP.H0.abf PP.H1.abf PP.H2.abf PP.H3.abf PP.H4.abf 
1.50e-134  1.34e-02 1.09e-132  9.77e-01  9.48e-03 
[1] "PP abf for shared variant: 0.948%"
PP.H0.abf PP.H1.abf PP.H2.abf PP.H3.abf PP.H4.abf 
 1.67e-09  1.35e-02  1.22e-07  9.86e-01  2.10e-05 
[1] "PP abf for shared variant: 0.0021%"
PP.H0.abf PP.H1.abf PP.H2.abf PP.H3.abf PP.H4.abf 
 6.98e-10  1.35e-02  5.08e-08  9.86e-01  2.33e-04 
[1] "PP abf for shared variant: 0.0233%"
PP.H0.abf PP.H1.abf PP.H2.abf PP.H3.abf PP.H4.abf 
 7.30e-11  1.35e-02  5.32e-09  9.86e-01  3.74e-05 
[1] "PP abf for shared variant: 0.00374%"
PP.H0.abf PP.H1.abf PP.H2.abf PP.H3.abf PP.H4.abf 
 1.96e-08  1.35e-02  1.43e-06  9.86e-01  2.27e-05 
[1] "PP abf for shared variant: 0.00227%"
allbutone TERC 100 FG_HYPERTENSION dosage 10 pairs
PP.H0.abf PP.H1.abf PP.H2.abf PP.H3.abf PP.H4.abf 
5.67e-252  2.48e-32 2.94e-222  1.19e-02  9.88e-01 
[1] "PP abf for shared variant: 98.8%"
PP.H0.abf PP.H1.abf PP.H2.abf PP.H3.abf PP.H4.abf 
 2.44e-37  1.93e-30  1.27e-07  1.00e+00  1.92e-10 
[1] "PP abf for shared variant: 1.92e-08%"
PP.H0.abf PP.H1.abf PP.H2.abf PP.H3.abf PP.H4.abf 
 3.18e-34  1.93e-30  1.65e-04  1.00e+00  2.51e-07 
[1] "PP abf for shared variant: 2.51e-05%"
PP.H0.abf PP.H1.abf PP.H2.abf PP.H3.abf PP.H4.abf 
 4.46e-32  1.88e-30  2.31e-02  9.77e-01  3.52e-05 
[1] "PP abf for shared variant: 0.00352%"
PP.H0.abf PP.H1.abf PP.H2.abf PP.H3.abf PP.H4.abf 
 2.65e-31  1.66e-30  1.38e-01  8.62e-01  2.09e-04 
[1] "PP abf for shared variant: 0.0209%"
PP.H0.abf PP.H1.abf PP.H2.abf PP.H3.abf PP.H4.abf 
2.03e-222  8.89e-03 2.27e-220  9.91e-01  1.73e-05 
[1] "PP abf for shared variant: 0.00173%"
PP.H0.abf PP.H1.abf PP.H2.abf PP.H3.abf PP.H4.abf 
 1.12e-09  8.88e-03  1.25e-07  9.91e-01  3.20e-04 
[1] "PP abf for shared variant: 0.032%"
PP.H0.abf PP.H1.abf PP.H2.abf PP.H3.abf PP.H4.abf 
 1.47e-06  8.89e-03  1.64e-04  9.91e-01  1.85e-05 
[1] "PP abf for shared variant: 0.00185%"
PP.H0.abf PP.H1.abf PP.H2.abf PP.H3.abf PP.H4.abf 
 0.000206  0.008680  0.022900  0.968000  0.000163 
[1] "PP abf for shared variant: 0.0163%"
PP.H0.abf PP.H1.abf PP.H2.abf PP.H3.abf PP.H4.abf 
  0.00122   0.00766   0.13600   0.85400   0.00100 
[1] "PP abf for shared variant: 0.1%"
PP.H0.abf PP.H1.abf PP.H2.abf PP.H3.abf PP.H4.abf 
1.40e-220  6.13e-01 8.83e-221  3.86e-01  1.19e-03 
[1] "PP abf for shared variant: 0.119%"
PP.H0.abf PP.H1.abf PP.H2.abf PP.H3.abf PP.H4.abf 
 7.06e-08  5.58e-01  4.45e-08  3.52e-01  9.04e-02 
[1] "PP abf for shared variant: 9.04%"
PP.H0.abf PP.H1.abf PP.H2.abf PP.H3.abf PP.H4.abf 
 1.01e-04  6.13e-01  6.38e-05  3.86e-01  9.71e-04 
[1] "PP abf for shared variant: 0.0971%"
PP.H0.abf PP.H1.abf PP.H2.abf PP.H3.abf PP.H4.abf 
  0.01410   0.59600   0.00890   0.37600   0.00534 
[1] "PP abf for shared variant: 0.534%"
PP.H0.abf PP.H1.abf PP.H2.abf PP.H3.abf PP.H4.abf 
   0.0748    0.4690    0.0471    0.2950    0.1140 
[1] "PP abf for shared variant: 11.4%"
allbutone TERC 250 SBP haplotype 15 pairs
PP.H0.abf PP.H1.abf PP.H2.abf PP.H3.abf PP.H4.abf 
 0.00e+00  3.85e-32  0.00e+00  4.47e-03  9.96e-01 
[1] "PP abf for shared variant: 99.6%"
PP.H0.abf PP.H1.abf PP.H2.abf PP.H3.abf PP.H4.abf 
 6.09e-48  7.04e-30  8.65e-19  1.00e+00  2.02e-21 
[1] "PP abf for shared variant: 2.02e-19%"
PP.H0.abf PP.H1.abf PP.H2.abf PP.H3.abf PP.H4.abf 
 8.13e-40  7.04e-30  1.15e-10  1.00e+00  1.77e-13 
[1] "PP abf for shared variant: 1.77e-11%"
PP.H0.abf PP.H1.abf PP.H2.abf PP.H3.abf PP.H4.abf 
 4.61e-34  7.04e-30  6.54e-05  1.00e+00  1.00e-07 
[1] "PP abf for shared variant: 1e-05%"
PP.H0.abf PP.H1.abf PP.H2.abf PP.H3.abf PP.H4.abf 
 1.60e-31  6.88e-30  2.26e-02  9.77e-01  3.48e-05 
[1] "PP abf for shared variant: 0.00348%"
PP.H0.abf PP.H1.abf PP.H2.abf PP.H3.abf PP.H4.abf 
 0.00e+00  3.09e-03  0.00e+00  9.97e-01  6.01e-06 
[1] "PP abf for shared variant: 0.000601%"
PP.H0.abf PP.H1.abf PP.H2.abf PP.H3.abf PP.H4.abf 
 2.68e-21  3.09e-03  8.62e-19  9.97e-01  1.92e-05 
[1] "PP abf for shared variant: 0.00192%"
PP.H0.abf PP.H1.abf PP.H2.abf PP.H3.abf PP.H4.abf 
 3.57e-13  3.09e-03  1.15e-10  9.97e-01  2.87e-04 
[1] "PP abf for shared variant: 0.0287%"
PP.H0.abf PP.H1.abf PP.H2.abf PP.H3.abf PP.H4.abf 
 2.02e-07  3.09e-03  6.52e-05  9.97e-01  1.60e-04 
[1] "PP abf for shared variant: 0.016%"
PP.H0.abf PP.H1.abf PP.H2.abf PP.H3.abf PP.H4.abf 
 0.000070  0.003020  0.022600  0.974000  0.000164 
[1] "PP abf for shared variant: 0.0164%"
PP.H0.abf PP.H1.abf PP.H2.abf PP.H3.abf PP.H4.abf 
 0.000000  0.439000  0.000000  0.560000  0.000853 
[1] "PP abf for shared variant: 0.0853%"
PP.H0.abf PP.H1.abf PP.H2.abf PP.H3.abf PP.H4.abf 
 3.80e-19  4.39e-01  4.85e-19  5.60e-01  7.83e-04 
[1] "PP abf for shared variant: 0.0783%"
PP.H0.abf PP.H1.abf PP.H2.abf PP.H3.abf PP.H4.abf 
 4.52e-11  3.92e-01  5.77e-11  5.00e-01  1.09e-01 
[1] "PP abf for shared variant: 10.9%"
PP.H0.abf PP.H1.abf PP.H2.abf PP.H3.abf PP.H4.abf 
 2.28e-05  3.49e-01  2.91e-05  4.45e-01  2.06e-01 
[1] "PP abf for shared variant: 20.6%"
PP.H0.abf PP.H1.abf PP.H2.abf PP.H3.abf PP.H4.abf 
  0.00988   0.42700   0.01260   0.54400   0.00687 
[1] "PP abf for shared variant: 0.687%"
allbutone TERC 250 SBP dosage 15 pairs
PP.H0.abf PP.H1.abf PP.H2.abf PP.H3.abf PP.H4.abf 
3.22e-225  1.41e-05 2.29e-220  1.00e+00  5.28e-06 
[1] "PP abf for shared variant: 0.000528%"
PP.H0.abf PP.H1.abf PP.H2.abf PP.H3.abf PP.H4.abf 
 1.78e-12  1.41e-05  1.27e-07  1.00e+00  1.02e-07 
[1] "PP abf for shared variant: 1.02e-05%"
PP.H0.abf PP.H1.abf PP.H2.abf PP.H3.abf PP.H4.abf 
 2.32e-09  1.41e-05  1.65e-04  1.00e+00  2.74e-07 
[1] "PP abf for shared variant: 2.74e-05%"
PP.H0.abf PP.H1.abf PP.H2.abf PP.H3.abf PP.H4.abf 
 3.26e-07  1.38e-05  2.31e-02  9.77e-01  6.47e-05 
[1] "PP abf for shared variant: 0.00647%"
PP.H0.abf PP.H1.abf PP.H2.abf PP.H3.abf PP.H4.abf 
 1.94e-06  1.21e-05  1.38e-01  8.62e-01  2.64e-04 
[1] "PP abf for shared variant: 0.0264%"
allbutone TERC 250 DBP haplotype 5 pairs
PP.H0.abf PP.H1.abf PP.H2.abf PP.H3.abf PP.H4.abf 
 0.00e+00  1.41e-05  0.00e+00  1.00e+00  5.27e-06 
[1] "PP abf for shared variant: 0.000527%"
PP.H0.abf PP.H1.abf PP.H2.abf PP.H3.abf PP.H4.abf 
 1.22e-23  1.41e-05  8.65e-19  1.00e+00  3.98e-08 
[1] "PP abf for shared variant: 3.98e-06%"
PP.H0.abf PP.H1.abf PP.H2.abf PP.H3.abf PP.H4.abf 
 1.63e-15  1.41e-05  1.15e-10  1.00e+00  1.02e-07 
[1] "PP abf for shared variant: 1.02e-05%"
PP.H0.abf PP.H1.abf PP.H2.abf PP.H3.abf PP.H4.abf 
 9.20e-10  1.41e-05  6.54e-05  1.00e+00  2.05e-05 
[1] "PP abf for shared variant: 0.00205%"
PP.H0.abf PP.H1.abf PP.H2.abf PP.H3.abf PP.H4.abf 
 3.19e-07  1.38e-05  2.26e-02  9.77e-01  7.65e-05 
[1] "PP abf for shared variant: 0.00765%"
allbutone TERC 250 DBP dosage 5 pairs
PP.H0.abf PP.H1.abf PP.H2.abf PP.H3.abf PP.H4.abf 
1.85e-276  1.10e-28 1.69e-248  1.00e+00  1.74e-29 
[1] "PP abf for shared variant: 1.74e-27%"
PP.H0.abf PP.H1.abf PP.H2.abf PP.H3.abf PP.H4.abf 
 1.26e-42  1.10e-28  1.15e-14  1.00e+00  3.50e-16 
[1] "PP abf for shared variant: 3.5e-14%"
PP.H0.abf PP.H1.abf PP.H2.abf PP.H3.abf PP.H4.abf 
 1.21e-45  1.10e-28  1.10e-17  1.00e+00  4.41e-19 
[1] "PP abf for shared variant: 4.41e-17%"
PP.H0.abf PP.H1.abf PP.H2.abf PP.H3.abf PP.H4.abf 
 1.36e-35  1.10e-28  1.24e-07  1.00e+00  6.32e-09 
[1] "PP abf for shared variant: 6.32e-07%"
PP.H0.abf PP.H1.abf PP.H2.abf PP.H3.abf PP.H4.abf 
 2.66e-32  1.10e-28  2.42e-04  1.00e+00  6.33e-06 
[1] "PP abf for shared variant: 0.000633%"
PP.H0.abf PP.H1.abf PP.H2.abf PP.H3.abf PP.H4.abf 
2.64e-259  1.56e-11 1.69e-248  1.00e+00  5.56e-13 
[1] "PP abf for shared variant: 5.56e-11%"
PP.H0.abf PP.H1.abf PP.H2.abf PP.H3.abf PP.H4.abf 
 1.80e-25  1.56e-11  1.15e-14  1.00e+00  2.36e-14 
[1] "PP abf for shared variant: 2.36e-12%"
PP.H0.abf PP.H1.abf PP.H2.abf PP.H3.abf PP.H4.abf 
 1.73e-28  1.56e-11  1.10e-17  1.00e+00  3.41e-14 
[1] "PP abf for shared variant: 3.41e-12%"
PP.H0.abf PP.H1.abf PP.H2.abf PP.H3.abf PP.H4.abf 
 1.94e-18  1.56e-11  1.24e-07  1.00e+00  3.05e-09 
[1] "PP abf for shared variant: 3.05e-07%"
PP.H0.abf PP.H1.abf PP.H2.abf PP.H3.abf PP.H4.abf 
 3.79e-15  1.56e-11  2.42e-04  1.00e+00  1.55e-05 
[1] "PP abf for shared variant: 0.00155%"
PP.H0.abf PP.H1.abf PP.H2.abf PP.H3.abf PP.H4.abf 
7.34e-284  4.35e-36 1.69e-248  1.00e+00  3.57e-36 
[1] "PP abf for shared variant: 3.57e-34%"
PP.H0.abf PP.H1.abf PP.H2.abf PP.H3.abf PP.H4.abf 
 5.01e-50  4.35e-36  1.15e-14  1.00e+00  6.32e-17 
[1] "PP abf for shared variant: 6.32e-15%"
PP.H0.abf PP.H1.abf PP.H2.abf PP.H3.abf PP.H4.abf 
 4.80e-53  4.35e-36  1.10e-17  1.00e+00  5.47e-20 
[1] "PP abf for shared variant: 5.47e-18%"
PP.H0.abf PP.H1.abf PP.H2.abf PP.H3.abf PP.H4.abf 
 5.38e-43  4.35e-36  1.24e-07  1.00e+00  5.96e-10 
[1] "PP abf for shared variant: 5.96e-08%"
PP.H0.abf PP.H1.abf PP.H2.abf PP.H3.abf PP.H4.abf 
 1.05e-39  4.35e-36  2.42e-04  1.00e+00  1.46e-06 
[1] "PP abf for shared variant: 0.000146%"
PP.H0.abf PP.H1.abf PP.H2.abf PP.H3.abf PP.H4.abf 
1.92e-257  1.14e-09 1.69e-248  1.00e+00  9.02e-11 
[1] "PP abf for shared variant: 9.02e-09%"
PP.H0.abf PP.H1.abf PP.H2.abf PP.H3.abf PP.H4.abf 
 1.31e-23  1.14e-09  1.15e-14  1.00e+00  1.76e-12 
[1] "PP abf for shared variant: 1.76e-10%"
PP.H0.abf PP.H1.abf PP.H2.abf PP.H3.abf PP.H4.abf 
 1.26e-26  1.14e-09  1.10e-17  1.00e+00  2.26e-12 
[1] "PP abf for shared variant: 2.26e-10%"
PP.H0.abf PP.H1.abf PP.H2.abf PP.H3.abf PP.H4.abf 
 1.41e-16  1.14e-09  1.24e-07  1.00e+00  7.43e-09 
[1] "PP abf for shared variant: 7.43e-07%"
PP.H0.abf PP.H1.abf PP.H2.abf PP.H3.abf PP.H4.abf 
 2.76e-13  1.14e-09  2.42e-04  9.99e-01  4.23e-04 
[1] "PP abf for shared variant: 0.0423%"
PP.H0.abf PP.H1.abf PP.H2.abf PP.H3.abf PP.H4.abf 
3.77e-255  2.23e-07 1.69e-248  1.00e+00  4.84e-08 
[1] "PP abf for shared variant: 4.84e-06%"
PP.H0.abf PP.H1.abf PP.H2.abf PP.H3.abf PP.H4.abf 
 2.57e-21  2.23e-07  1.15e-14  1.00e+00  3.27e-10 
[1] "PP abf for shared variant: 3.27e-08%"
PP.H0.abf PP.H1.abf PP.H2.abf PP.H3.abf PP.H4.abf 
 2.47e-24  2.23e-07  1.10e-17  1.00e+00  5.02e-10 
[1] "PP abf for shared variant: 5.02e-08%"
PP.H0.abf PP.H1.abf PP.H2.abf PP.H3.abf PP.H4.abf 
 2.76e-14  2.23e-07  1.24e-07  1.00e+00  8.88e-09 
[1] "PP abf for shared variant: 8.88e-07%"
PP.H0.abf PP.H1.abf PP.H2.abf PP.H3.abf PP.H4.abf 
 5.41e-11  2.23e-07  2.42e-04  1.00e+00  6.06e-06 
[1] "PP abf for shared variant: 0.000606%"
allbutone TERC 250 FG_HYPERTENSION haplotype 25 pairs
PP.H0.abf PP.H1.abf PP.H2.abf PP.H3.abf PP.H4.abf 
2.82e-290  1.68e-28 1.67e-262  1.00e+00  6.67e-30 
[1] "PP abf for shared variant: 6.67e-28%"
PP.H0.abf PP.H1.abf PP.H2.abf PP.H3.abf PP.H4.abf 
 8.42e-49  1.68e-28  5.00e-21  1.00e+00  4.70e-23 
[1] "PP abf for shared variant: 4.7e-21%"
PP.H0.abf PP.H1.abf PP.H2.abf PP.H3.abf PP.H4.abf 
 8.24e-41  1.68e-28  4.89e-13  1.00e+00  3.86e-15 
[1] "PP abf for shared variant: 3.86e-13%"
PP.H0.abf PP.H1.abf PP.H2.abf PP.H3.abf PP.H4.abf 
 1.14e-36  1.68e-28  6.76e-09  1.00e+00  4.95e-11 
[1] "PP abf for shared variant: 4.95e-09%"
PP.H0.abf PP.H1.abf PP.H2.abf PP.H3.abf PP.H4.abf 
 2.20e-33  1.68e-28  1.31e-05  1.00e+00  1.10e-07 
[1] "PP abf for shared variant: 1.1e-05%"
PP.H0.abf PP.H1.abf PP.H2.abf PP.H3.abf PP.H4.abf 
4.76e-273  2.85e-11 1.67e-262  1.00e+00  1.78e-13 
[1] "PP abf for shared variant: 1.78e-11%"
PP.H0.abf PP.H1.abf PP.H2.abf PP.H3.abf PP.H4.abf 
 1.42e-31  2.85e-11  5.00e-21  1.00e+00  5.20e-14 
[1] "PP abf for shared variant: 5.2e-12%"
PP.H0.abf PP.H1.abf PP.H2.abf PP.H3.abf PP.H4.abf 
 1.39e-23  2.85e-11  4.89e-13  1.00e+00  1.48e-10 
[1] "PP abf for shared variant: 1.48e-08%"
PP.H0.abf PP.H1.abf PP.H2.abf PP.H3.abf PP.H4.abf 
 1.92e-19  2.85e-11  6.76e-09  1.00e+00  1.77e-06 
[1] "PP abf for shared variant: 0.000177%"
PP.H0.abf PP.H1.abf PP.H2.abf PP.H3.abf PP.H4.abf 
 3.72e-16  2.84e-11  1.31e-05  9.99e-01  6.77e-04 
[1] "PP abf for shared variant: 0.0677%"
PP.H0.abf PP.H1.abf PP.H2.abf PP.H3.abf PP.H4.abf 
1.78e-301  1.06e-39 1.67e-262  1.00e+00  1.91e-39 
[1] "PP abf for shared variant: 1.91e-37%"
PP.H0.abf PP.H1.abf PP.H2.abf PP.H3.abf PP.H4.abf 
 5.31e-60  1.06e-39  5.00e-21  1.00e+00  3.09e-23 
[1] "PP abf for shared variant: 3.09e-21%"
PP.H0.abf PP.H1.abf PP.H2.abf PP.H3.abf PP.H4.abf 
 5.19e-52  1.06e-39  4.89e-13  1.00e+00  2.53e-15 
[1] "PP abf for shared variant: 2.53e-13%"
PP.H0.abf PP.H1.abf PP.H2.abf PP.H3.abf PP.H4.abf 
 7.18e-48  1.06e-39  6.76e-09  1.00e+00  3.34e-11 
[1] "PP abf for shared variant: 3.34e-09%"
PP.H0.abf PP.H1.abf PP.H2.abf PP.H3.abf PP.H4.abf 
 1.39e-44  1.06e-39  1.31e-05  1.00e+00  6.68e-08 
[1] "PP abf for shared variant: 6.68e-06%"
PP.H0.abf PP.H1.abf PP.H2.abf PP.H3.abf PP.H4.abf 
3.11e-275  1.86e-13 1.67e-262  1.00e+00  3.94e-14 
[1] "PP abf for shared variant: 3.94e-12%"
PP.H0.abf PP.H1.abf PP.H2.abf PP.H3.abf PP.H4.abf 
 9.31e-34  1.86e-13  5.00e-21  1.00e+00  2.94e-16 
[1] "PP abf for shared variant: 2.94e-14%"
PP.H0.abf PP.H1.abf PP.H2.abf PP.H3.abf PP.H4.abf 
 9.11e-26  1.86e-13  4.89e-13  1.00e+00  4.08e-13 
[1] "PP abf for shared variant: 4.08e-11%"
PP.H0.abf PP.H1.abf PP.H2.abf PP.H3.abf PP.H4.abf 
 1.26e-21  1.86e-13  6.76e-09  1.00e+00  4.88e-09 
[1] "PP abf for shared variant: 4.88e-07%"
PP.H0.abf PP.H1.abf PP.H2.abf PP.H3.abf PP.H4.abf 
 2.44e-18  1.86e-13  1.31e-05  1.00e+00  1.95e-06 
[1] "PP abf for shared variant: 0.000195%"
PP.H0.abf PP.H1.abf PP.H2.abf PP.H3.abf PP.H4.abf 
1.39e-271  8.30e-10 1.67e-262  1.00e+00  6.98e-11 
[1] "PP abf for shared variant: 6.98e-09%"
PP.H0.abf PP.H1.abf PP.H2.abf PP.H3.abf PP.H4.abf 
 4.14e-30  8.30e-10  5.00e-21  1.00e+00  1.56e-12 
[1] "PP abf for shared variant: 1.56e-10%"
PP.H0.abf PP.H1.abf PP.H2.abf PP.H3.abf PP.H4.abf 
 4.06e-22  8.30e-10  4.89e-13  1.00e+00  1.14e-12 
[1] "PP abf for shared variant: 1.14e-10%"
PP.H0.abf PP.H1.abf PP.H2.abf PP.H3.abf PP.H4.abf 
 5.61e-18  8.30e-10  6.76e-09  1.00e+00  1.27e-06 
[1] "PP abf for shared variant: 0.000127%"
PP.H0.abf PP.H1.abf PP.H2.abf PP.H3.abf PP.H4.abf 
 1.08e-14  8.26e-10  1.30e-05  9.96e-01  4.47e-03 
[1] "PP abf for shared variant: 0.447%"
allbutone TERC 250 FG_HYPERTENSION dosage 25 pairs
PP.H0.abf PP.H1.abf PP.H2.abf PP.H3.abf PP.H4.abf 
2.81e-100  2.29e-11  1.23e-89  1.00e+00  9.17e-09 
[1] "PP abf for shared variant: 9.17e-07%"
PP.H0.abf PP.H1.abf PP.H2.abf PP.H3.abf PP.H4.abf 
 4.11e-28  2.29e-11  1.80e-17  1.00e+00  1.38e-13 
[1] "PP abf for shared variant: 1.38e-11%"
PP.H0.abf PP.H1.abf PP.H2.abf PP.H3.abf PP.H4.abf 
 1.02e-52  2.29e-11  4.45e-42  1.00e+00  1.38e-13 
[1] "PP abf for shared variant: 1.38e-11%"
PP.H0.abf PP.H1.abf PP.H2.abf PP.H3.abf PP.H4.abf 
 2.23e-33  2.29e-11  9.78e-23  1.00e+00  1.38e-13 
[1] "PP abf for shared variant: 1.38e-11%"
PP.H0.abf PP.H1.abf PP.H2.abf PP.H3.abf PP.H4.abf 
 6.28e-24  2.29e-11  2.75e-13  1.00e+00  1.65e-09 
[1] "PP abf for shared variant: 1.65e-07%"
PP.H0.abf PP.H1.abf PP.H2.abf PP.H3.abf PP.H4.abf 
 7.57e-97  6.16e-08  1.23e-89  1.00e+00  8.06e-07 
[1] "PP abf for shared variant: 8.06e-05%"
PP.H0.abf PP.H1.abf PP.H2.abf PP.H3.abf PP.H4.abf 
 1.11e-24  6.16e-08  1.80e-17  1.00e+00  2.12e-10 
[1] "PP abf for shared variant: 2.12e-08%"
PP.H0.abf PP.H1.abf PP.H2.abf PP.H3.abf PP.H4.abf 
 2.74e-49  6.16e-08  4.45e-42  1.00e+00  2.12e-10 
[1] "PP abf for shared variant: 2.12e-08%"
PP.H0.abf PP.H1.abf PP.H2.abf PP.H3.abf PP.H4.abf 
 6.03e-30  6.16e-08  9.78e-23  1.00e+00  2.13e-10 
[1] "PP abf for shared variant: 2.13e-08%"
PP.H0.abf PP.H1.abf PP.H2.abf PP.H3.abf PP.H4.abf 
 1.69e-20  6.16e-08  2.75e-13  1.00e+00  2.61e-10 
[1] "PP abf for shared variant: 2.61e-08%"
allbutone TERT 100 SBP haplotype 10 pairs
PP.H0.abf PP.H1.abf PP.H2.abf PP.H3.abf PP.H4.abf 
1.89e-191  3.83e-11 4.94e-181  1.00e+00  5.70e-09 
[1] "PP abf for shared variant: 5.7e-07%"
PP.H0.abf PP.H1.abf PP.H2.abf PP.H3.abf PP.H4.abf 
 7.77e-53  3.83e-11  2.03e-42  1.00e+00  7.43e-11 
[1] "PP abf for shared variant: 7.43e-09%"
PP.H0.abf PP.H1.abf PP.H2.abf PP.H3.abf PP.H4.abf 
 2.03e-32  3.83e-11  5.31e-22  1.00e+00  4.90e-06 
[1] "PP abf for shared variant: 0.00049%"
PP.H0.abf PP.H1.abf PP.H2.abf PP.H3.abf PP.H4.abf 
 2.38e-75  3.83e-11  6.21e-65  1.00e+00  1.56e-12 
[1] "PP abf for shared variant: 1.56e-10%"
PP.H0.abf PP.H1.abf PP.H2.abf PP.H3.abf PP.H4.abf 
 4.14e-60  3.83e-11  1.08e-49  1.00e+00  1.58e-13 
[1] "PP abf for shared variant: 1.58e-11%"
PP.H0.abf PP.H1.abf PP.H2.abf PP.H3.abf PP.H4.abf 
9.10e-189  1.84e-08 4.94e-181  1.00e+00  5.00e-07 
[1] "PP abf for shared variant: 5e-05%"
PP.H0.abf PP.H1.abf PP.H2.abf PP.H3.abf PP.H4.abf 
 3.74e-50  1.84e-08  2.03e-42  1.00e+00  4.17e-11 
[1] "PP abf for shared variant: 4.17e-09%"
PP.H0.abf PP.H1.abf PP.H2.abf PP.H3.abf PP.H4.abf 
 9.78e-30  1.84e-08  5.31e-22  1.00e+00  2.37e-05 
[1] "PP abf for shared variant: 0.00237%"
PP.H0.abf PP.H1.abf PP.H2.abf PP.H3.abf PP.H4.abf 
 1.14e-72  1.84e-08  6.21e-65  1.00e+00  1.01e-10 
[1] "PP abf for shared variant: 1.01e-08%"
PP.H0.abf PP.H1.abf PP.H2.abf PP.H3.abf PP.H4.abf 
 1.99e-57  1.84e-08  1.08e-49  1.00e+00  6.12e-11 
[1] "PP abf for shared variant: 6.12e-09%"
PP.H0.abf PP.H1.abf PP.H2.abf PP.H3.abf PP.H4.abf 
3.15e-181  6.38e-01 1.72e-181  3.49e-01  1.31e-02 
[1] "PP abf for shared variant: 1.31%"
PP.H0.abf PP.H1.abf PP.H2.abf PP.H3.abf PP.H4.abf 
 1.31e-42  6.46e-01  7.17e-43  3.53e-01  8.92e-04 
[1] "PP abf for shared variant: 0.0892%"
PP.H0.abf PP.H1.abf PP.H2.abf PP.H3.abf PP.H4.abf 
 3.41e-22  6.42e-01  1.86e-22  3.51e-01  6.88e-03 
[1] "PP abf for shared variant: 0.688%"
PP.H0.abf PP.H1.abf PP.H2.abf PP.H3.abf PP.H4.abf 
 3.98e-65  6.41e-01  2.18e-65  3.51e-01  8.12e-03 
[1] "PP abf for shared variant: 0.812%"
PP.H0.abf PP.H1.abf PP.H2.abf PP.H3.abf PP.H4.abf 
 6.98e-50  6.45e-01  3.82e-50  3.53e-01  2.09e-03 
[1] "PP abf for shared variant: 0.209%"
allbutone TERT 100 SBP dosage 15 pairs
PP.H0.abf PP.H1.abf PP.H2.abf PP.H3.abf PP.H4.abf 
 4.06e-96  3.30e-07  1.23e-89  1.00e+00  3.68e-06 
[1] "PP abf for shared variant: 0.000368%"
PP.H0.abf PP.H1.abf PP.H2.abf PP.H3.abf PP.H4.abf 
 5.94e-24  3.30e-07  1.80e-17  1.00e+00  4.91e-08 
[1] "PP abf for shared variant: 4.91e-06%"
PP.H0.abf PP.H1.abf PP.H2.abf PP.H3.abf PP.H4.abf 
 1.47e-48  3.30e-07  4.45e-42  1.00e+00  4.91e-08 
[1] "PP abf for shared variant: 4.91e-06%"
PP.H0.abf PP.H1.abf PP.H2.abf PP.H3.abf PP.H4.abf 
 3.23e-29  3.30e-07  9.78e-23  1.00e+00  4.91e-08 
[1] "PP abf for shared variant: 4.91e-06%"
PP.H0.abf PP.H1.abf PP.H2.abf PP.H3.abf PP.H4.abf 
 9.07e-20  3.30e-07  2.75e-13  1.00e+00  9.91e-05 
[1] "PP abf for shared variant: 0.00991%"
PP.H0.abf PP.H1.abf PP.H2.abf PP.H3.abf PP.H4.abf 
 4.10e-92  3.34e-03  1.22e-89  9.97e-01  4.22e-05 
[1] "PP abf for shared variant: 0.00422%"
PP.H0.abf PP.H1.abf PP.H2.abf PP.H3.abf PP.H4.abf 
 6.00e-20  3.34e-03  1.79e-17  9.97e-01  1.25e-05 
[1] "PP abf for shared variant: 0.00125%"
PP.H0.abf PP.H1.abf PP.H2.abf PP.H3.abf PP.H4.abf 
 1.49e-44  3.34e-03  4.43e-42  9.97e-01  1.25e-05 
[1] "PP abf for shared variant: 0.00125%"
PP.H0.abf PP.H1.abf PP.H2.abf PP.H3.abf PP.H4.abf 
 3.27e-25  3.34e-03  9.74e-23  9.97e-01  1.25e-05 
[1] "PP abf for shared variant: 0.00125%"
PP.H0.abf PP.H1.abf PP.H2.abf PP.H3.abf PP.H4.abf 
 9.17e-16  3.34e-03  2.74e-13  9.97e-01  1.50e-05 
[1] "PP abf for shared variant: 0.0015%"
PP.H0.abf PP.H1.abf PP.H2.abf PP.H3.abf PP.H4.abf 
 1.67e-90  1.36e-01  1.06e-89  8.61e-01  2.30e-03 
[1] "PP abf for shared variant: 0.23%"
PP.H0.abf PP.H1.abf PP.H2.abf PP.H3.abf PP.H4.abf 
 2.44e-18  1.36e-01  1.55e-17  8.60e-01  4.02e-03 
[1] "PP abf for shared variant: 0.402%"
PP.H0.abf PP.H1.abf PP.H2.abf PP.H3.abf PP.H4.abf 
 6.05e-43  1.36e-01  3.83e-42  8.60e-01  4.02e-03 
[1] "PP abf for shared variant: 0.402%"
PP.H0.abf PP.H1.abf PP.H2.abf PP.H3.abf PP.H4.abf 
 1.33e-23  1.36e-01  8.41e-23  8.60e-01  4.02e-03 
[1] "PP abf for shared variant: 0.402%"
PP.H0.abf PP.H1.abf PP.H2.abf PP.H3.abf PP.H4.abf 
 2.65e-14  9.64e-02  1.67e-13  6.09e-01  2.94e-01 
[1] "PP abf for shared variant: 29.4%"
allbutone TERT 100 DBP haplotype 15 pairs
PP.H0.abf PP.H1.abf PP.H2.abf PP.H3.abf PP.H4.abf 
3.21e-189  6.50e-09 4.94e-181  1.00e+00  9.92e-09 
[1] "PP abf for shared variant: 9.92e-07%"
PP.H0.abf PP.H1.abf PP.H2.abf PP.H3.abf PP.H4.abf 
 1.32e-50  6.50e-09  2.03e-42  1.00e+00  4.55e-11 
[1] "PP abf for shared variant: 4.55e-09%"
PP.H0.abf PP.H1.abf PP.H2.abf PP.H3.abf PP.H4.abf 
 3.44e-30  6.47e-09  5.29e-22  9.95e-01  4.53e-03 
[1] "PP abf for shared variant: 0.453%"
PP.H0.abf PP.H1.abf PP.H2.abf PP.H3.abf PP.H4.abf 
 4.03e-73  6.50e-09  6.21e-65  1.00e+00  4.22e-09 
[1] "PP abf for shared variant: 4.22e-07%"
PP.H0.abf PP.H1.abf PP.H2.abf PP.H3.abf PP.H4.abf 
 7.03e-58  6.50e-09  1.08e-49  1.00e+00  2.52e-09 
[1] "PP abf for shared variant: 2.52e-07%"
PP.H0.abf PP.H1.abf PP.H2.abf PP.H3.abf PP.H4.abf 
4.59e-185  9.30e-05 4.94e-181  1.00e+00  4.98e-07 
[1] "PP abf for shared variant: 4.98e-05%"
PP.H0.abf PP.H1.abf PP.H2.abf PP.H3.abf PP.H4.abf 
 1.89e-46  9.30e-05  2.03e-42  1.00e+00  1.92e-07 
[1] "PP abf for shared variant: 1.92e-05%"
PP.H0.abf PP.H1.abf PP.H2.abf PP.H3.abf PP.H4.abf 
 4.94e-26  9.30e-05  5.31e-22  1.00e+00  1.56e-07 
[1] "PP abf for shared variant: 1.56e-05%"
PP.H0.abf PP.H1.abf PP.H2.abf PP.H3.abf PP.H4.abf 
 5.77e-69  9.30e-05  6.21e-65  1.00e+00  6.67e-07 
[1] "PP abf for shared variant: 6.67e-05%"
PP.H0.abf PP.H1.abf PP.H2.abf PP.H3.abf PP.H4.abf 
 1.01e-53  9.30e-05  1.08e-49  1.00e+00  4.98e-07 
[1] "PP abf for shared variant: 4.98e-05%"
PP.H0.abf PP.H1.abf PP.H2.abf PP.H3.abf PP.H4.abf 
1.61e-182  3.27e-02 4.78e-181  9.67e-01  3.08e-04 
[1] "PP abf for shared variant: 0.0308%"
PP.H0.abf PP.H1.abf PP.H2.abf PP.H3.abf PP.H4.abf 
 6.63e-44  3.27e-02  1.96e-42  9.67e-01  1.20e-04 
[1] "PP abf for shared variant: 0.012%"
PP.H0.abf PP.H1.abf PP.H2.abf PP.H3.abf PP.H4.abf 
 1.73e-23  3.25e-02  5.11e-22  9.62e-01  5.26e-03 
[1] "PP abf for shared variant: 0.526%"
PP.H0.abf PP.H1.abf PP.H2.abf PP.H3.abf PP.H4.abf 
 1.60e-66  2.58e-02  4.75e-65  7.65e-01  2.10e-01 
[1] "PP abf for shared variant: 21%"
PP.H0.abf PP.H1.abf PP.H2.abf PP.H3.abf PP.H4.abf 
 3.52e-51  3.25e-02  1.04e-49  9.63e-01  4.89e-03 
[1] "PP abf for shared variant: 0.489%"
allbutone TERT 100 DBP dosage 15 pairs
PP.H0.abf PP.H1.abf PP.H2.abf PP.H3.abf PP.H4.abf 
 0.00e+00 5.80e-241 3.86e-134  1.00e+00 9.12e-135 
[1] "PP abf for shared variant: 9.12e-133%"
PP.H0.abf PP.H1.abf PP.H2.abf PP.H3.abf PP.H4.abf 
 0.00e+00 5.80e-241  4.96e-96  1.00e+00  3.46e-98 
[1] "PP abf for shared variant: 3.46e-96%"
PP.H0.abf PP.H1.abf PP.H2.abf PP.H3.abf PP.H4.abf 
1.32e-283 5.80e-241  2.28e-43  1.00e+00  3.77e-45 
[1] "PP abf for shared variant: 3.77e-43%"
PP.H0.abf PP.H1.abf PP.H2.abf PP.H3.abf PP.H4.abf 
5.42e-275 5.80e-241  9.34e-35  1.00e+00  6.57e-37 
[1] "PP abf for shared variant: 6.57e-35%"
PP.H0.abf PP.H1.abf PP.H2.abf PP.H3.abf PP.H4.abf 
7.26e-262 5.80e-241  1.25e-21  1.00e+00  9.33e-24 
[1] "PP abf for shared variant: 9.33e-22%"
PP.H0.abf PP.H1.abf PP.H2.abf PP.H3.abf PP.H4.abf 
 0.00e+00 1.79e-240 3.86e-134  1.00e+00 9.12e-135 
[1] "PP abf for shared variant: 9.12e-133%"
PP.H0.abf PP.H1.abf PP.H2.abf PP.H3.abf PP.H4.abf 
 0.00e+00 1.79e-240  4.96e-96  1.00e+00  3.46e-98 
[1] "PP abf for shared variant: 3.46e-96%"
PP.H0.abf PP.H1.abf PP.H2.abf PP.H3.abf PP.H4.abf 
4.08e-283 1.79e-240  2.28e-43  1.00e+00  3.77e-45 
[1] "PP abf for shared variant: 3.77e-43%"
PP.H0.abf PP.H1.abf PP.H2.abf PP.H3.abf PP.H4.abf 
1.67e-274 1.79e-240  9.34e-35  1.00e+00  6.57e-37 
[1] "PP abf for shared variant: 6.57e-35%"
PP.H0.abf PP.H1.abf PP.H2.abf PP.H3.abf PP.H4.abf 
2.24e-261 1.79e-240  1.25e-21  1.00e+00  9.33e-24 
[1] "PP abf for shared variant: 9.33e-22%"
PP.H0.abf PP.H1.abf PP.H2.abf PP.H3.abf PP.H4.abf 
 0.00e+00 5.60e-241 3.86e-134  1.00e+00 9.12e-135 
[1] "PP abf for shared variant: 9.12e-133%"
PP.H0.abf PP.H1.abf PP.H2.abf PP.H3.abf PP.H4.abf 
 0.00e+00 5.60e-241  4.96e-96  1.00e+00  3.46e-98 
[1] "PP abf for shared variant: 3.46e-96%"
PP.H0.abf PP.H1.abf PP.H2.abf PP.H3.abf PP.H4.abf 
1.28e-283 5.60e-241  2.28e-43  1.00e+00  3.77e-45 
[1] "PP abf for shared variant: 3.77e-43%"
PP.H0.abf PP.H1.abf PP.H2.abf PP.H3.abf PP.H4.abf 
5.23e-275 5.60e-241  9.34e-35  1.00e+00  6.57e-37 
[1] "PP abf for shared variant: 6.57e-35%"
PP.H0.abf PP.H1.abf PP.H2.abf PP.H3.abf PP.H4.abf 
7.01e-262 5.60e-241  1.25e-21  1.00e+00  9.33e-24 
[1] "PP abf for shared variant: 9.33e-22%"
PP.H0.abf PP.H1.abf PP.H2.abf PP.H3.abf PP.H4.abf 
1.73e-170  4.49e-37 3.86e-134  1.00e+00  5.17e-35 
[1] "PP abf for shared variant: 5.17e-33%"
PP.H0.abf PP.H1.abf PP.H2.abf PP.H3.abf PP.H4.abf 
2.23e-132  4.49e-37  4.96e-96  1.00e+00  6.70e-29 
[1] "PP abf for shared variant: 6.7e-27%"
PP.H0.abf PP.H1.abf PP.H2.abf PP.H3.abf PP.H4.abf 
 1.02e-79  4.49e-37  2.28e-43  1.00e+00  4.24e-37 
[1] "PP abf for shared variant: 4.24e-35%"
PP.H0.abf PP.H1.abf PP.H2.abf PP.H3.abf PP.H4.abf 
 4.19e-71  4.49e-37  9.34e-35  1.00e+00  2.81e-24 
[1] "PP abf for shared variant: 2.81e-22%"
PP.H0.abf PP.H1.abf PP.H2.abf PP.H3.abf PP.H4.abf 
 5.62e-58  4.49e-37  1.25e-21  1.00e+00  6.02e-13 
[1] "PP abf for shared variant: 6.02e-11%"
PP.H0.abf PP.H1.abf PP.H2.abf PP.H3.abf PP.H4.abf 
3.74e-147  9.69e-14 3.86e-134  1.00e+00  3.16e-10 
[1] "PP abf for shared variant: 3.16e-08%"
PP.H0.abf PP.H1.abf PP.H2.abf PP.H3.abf PP.H4.abf 
4.81e-109  9.69e-14  4.96e-96  1.00e+00  2.88e-05 
[1] "PP abf for shared variant: 0.00288%"
PP.H0.abf PP.H1.abf PP.H2.abf PP.H3.abf PP.H4.abf 
 2.21e-56  9.69e-14  2.28e-43  1.00e+00  5.05e-15 
[1] "PP abf for shared variant: 5.05e-13%"
PP.H0.abf PP.H1.abf PP.H2.abf PP.H3.abf PP.H4.abf 
 9.06e-48  9.69e-14  9.34e-35  1.00e+00  1.34e-16 
[1] "PP abf for shared variant: 1.34e-14%"
PP.H0.abf PP.H1.abf PP.H2.abf PP.H3.abf PP.H4.abf 
 1.21e-34  9.69e-14  1.25e-21  1.00e+00  7.52e-15 
[1] "PP abf for shared variant: 7.52e-13%"
allbutone TERT 100 FG_HYPERTENSION haplotype 25 pairs
    PP.H0.abf     PP.H1.abf     PP.H2.abf     PP.H3.abf     PP.H4.abf 
 0.000000e+00 8.399116e-323 1.050000e-146  1.000000e+00 6.300000e-144 
[1] "PP abf for shared variant: 6.3e-142%"
    PP.H0.abf     PP.H1.abf     PP.H2.abf     PP.H3.abf     PP.H4.abf 
 0.000000e+00 8.399116e-323 4.570000e-121  1.000000e+00 1.560000e-122 
[1] "PP abf for shared variant: 1.56e-120%"
    PP.H0.abf     PP.H1.abf     PP.H2.abf     PP.H3.abf     PP.H4.abf 
 0.000000e+00 8.399116e-323  5.090000e-69  1.000000e+00  4.490000e-71 
[1] "PP abf for shared variant: 4.49e-69%"
    PP.H0.abf     PP.H1.abf     PP.H2.abf     PP.H3.abf     PP.H4.abf 
 0.000000e+00 8.399116e-323  1.020000e-38  1.000000e+00  7.870000e-41 
[1] "PP abf for shared variant: 7.87e-39%"
    PP.H0.abf     PP.H1.abf     PP.H2.abf     PP.H3.abf     PP.H4.abf 
 0.000000e+00 8.399116e-323  1.690000e-25  1.000000e+00  1.800000e-27 
[1] "PP abf for shared variant: 1.8e-25%"
    PP.H0.abf     PP.H1.abf     PP.H2.abf     PP.H3.abf     PP.H4.abf 
 0.000000e+00 1.669942e-321 1.050000e-146  1.000000e+00 6.300000e-144 
[1] "PP abf for shared variant: 6.3e-142%"
    PP.H0.abf     PP.H1.abf     PP.H2.abf     PP.H3.abf     PP.H4.abf 
 0.000000e+00 1.669942e-321 4.570000e-121  1.000000e+00 1.560000e-122 
[1] "PP abf for shared variant: 1.56e-120%"
    PP.H0.abf     PP.H1.abf     PP.H2.abf     PP.H3.abf     PP.H4.abf 
 0.000000e+00 1.669942e-321  5.090000e-69  1.000000e+00  4.490000e-71 
[1] "PP abf for shared variant: 4.49e-69%"
    PP.H0.abf     PP.H1.abf     PP.H2.abf     PP.H3.abf     PP.H4.abf 
 0.000000e+00 1.669942e-321  1.020000e-38  1.000000e+00  7.870000e-41 
[1] "PP abf for shared variant: 7.87e-39%"
    PP.H0.abf     PP.H1.abf     PP.H2.abf     PP.H3.abf     PP.H4.abf 
 0.000000e+00 1.669942e-321  1.690000e-25  1.000000e+00  1.800000e-27 
[1] "PP abf for shared variant: 1.8e-25%"
    PP.H0.abf     PP.H1.abf     PP.H2.abf     PP.H3.abf     PP.H4.abf 
 0.000000e+00 1.235164e-322 1.050000e-146  1.000000e+00 6.300000e-144 
[1] "PP abf for shared variant: 6.3e-142%"
    PP.H0.abf     PP.H1.abf     PP.H2.abf     PP.H3.abf     PP.H4.abf 
 0.000000e+00 1.235164e-322 4.570000e-121  1.000000e+00 1.560000e-122 
[1] "PP abf for shared variant: 1.56e-120%"
    PP.H0.abf     PP.H1.abf     PP.H2.abf     PP.H3.abf     PP.H4.abf 
 0.000000e+00 1.235164e-322  5.090000e-69  1.000000e+00  4.490000e-71 
[1] "PP abf for shared variant: 4.49e-69%"
    PP.H0.abf     PP.H1.abf     PP.H2.abf     PP.H3.abf     PP.H4.abf 
 0.000000e+00 1.235164e-322  1.020000e-38  1.000000e+00  7.870000e-41 
[1] "PP abf for shared variant: 7.87e-39%"
    PP.H0.abf     PP.H1.abf     PP.H2.abf     PP.H3.abf     PP.H4.abf 
 0.000000e+00 1.235164e-322  1.690000e-25  1.000000e+00  1.800000e-27 
[1] "PP abf for shared variant: 1.8e-25%"
PP.H0.abf PP.H1.abf PP.H2.abf PP.H3.abf PP.H4.abf 
8.48e-191  8.09e-45 1.05e-146  1.00e+00  1.30e-44 
[1] "PP abf for shared variant: 1.3e-42%"
PP.H0.abf PP.H1.abf PP.H2.abf PP.H3.abf PP.H4.abf 
3.70e-165  8.09e-45 4.57e-121  1.00e+00  3.03e-37 
[1] "PP abf for shared variant: 3.03e-35%"
PP.H0.abf PP.H1.abf PP.H2.abf PP.H3.abf PP.H4.abf 
4.12e-113  8.09e-45  5.09e-69  1.00e+00  2.46e-45 
[1] "PP abf for shared variant: 2.46e-43%"
PP.H0.abf PP.H1.abf PP.H2.abf PP.H3.abf PP.H4.abf 
 8.22e-83  8.09e-45  1.02e-38  1.00e+00  2.10e-23 
[1] "PP abf for shared variant: 2.1e-21%"
PP.H0.abf PP.H1.abf PP.H2.abf PP.H3.abf PP.H4.abf 
 1.37e-69  8.09e-45  1.69e-25  1.00e+00  2.15e-14 
[1] "PP abf for shared variant: 2.15e-12%"
PP.H0.abf PP.H1.abf PP.H2.abf PP.H3.abf PP.H4.abf 
1.58e-167  1.50e-21 1.05e-146  1.00e+00  2.79e-20 
[1] "PP abf for shared variant: 2.79e-18%"
PP.H0.abf PP.H1.abf PP.H2.abf PP.H3.abf PP.H4.abf 
6.87e-142  1.50e-21 4.57e-121  1.00e+00  1.67e-13 
[1] "PP abf for shared variant: 1.67e-11%"
PP.H0.abf PP.H1.abf PP.H2.abf PP.H3.abf PP.H4.abf 
 7.65e-90  1.50e-21  5.09e-69  1.00e+00  1.43e-23 
[1] "PP abf for shared variant: 1.43e-21%"
PP.H0.abf PP.H1.abf PP.H2.abf PP.H3.abf PP.H4.abf 
 1.53e-59  1.50e-21  1.02e-38  1.00e+00  2.54e-22 
[1] "PP abf for shared variant: 2.54e-20%"
PP.H0.abf PP.H1.abf PP.H2.abf PP.H3.abf PP.H4.abf 
 2.54e-46  1.50e-21  1.69e-25  1.00e+00  9.06e-21 
[1] "PP abf for shared variant: 9.06e-19%"
allbutone TERT 100 FG_HYPERTENSION dosage 25 pairs
PP.H0.abf PP.H1.abf PP.H2.abf PP.H3.abf PP.H4.abf 
 1.89e-99  1.54e-10  1.23e-89  1.00e+00  2.10e-08 
[1] "PP abf for shared variant: 2.1e-06%"
PP.H0.abf PP.H1.abf PP.H2.abf PP.H3.abf PP.H4.abf 
 2.76e-27  1.54e-10  1.80e-17  1.00e+00  6.31e-13 
[1] "PP abf for shared variant: 6.31e-11%"
PP.H0.abf PP.H1.abf PP.H2.abf PP.H3.abf PP.H4.abf 
 6.84e-52  1.54e-10  4.45e-42  1.00e+00  6.30e-13 
[1] "PP abf for shared variant: 6.3e-11%"
PP.H0.abf PP.H1.abf PP.H2.abf PP.H3.abf PP.H4.abf 
 1.50e-32  1.54e-10  9.78e-23  1.00e+00  6.31e-13 
[1] "PP abf for shared variant: 6.31e-11%"
PP.H0.abf PP.H1.abf PP.H2.abf PP.H3.abf PP.H4.abf 
 4.22e-23  1.54e-10  2.75e-13  1.00e+00  2.58e-08 
[1] "PP abf for shared variant: 2.58e-06%"
PP.H0.abf PP.H1.abf PP.H2.abf PP.H3.abf PP.H4.abf 
 3.40e-95  2.77e-06  1.23e-89  1.00e+00  1.15e-05 
[1] "PP abf for shared variant: 0.00115%"
PP.H0.abf PP.H1.abf PP.H2.abf PP.H3.abf PP.H4.abf 
 4.97e-23  2.77e-06  1.80e-17  1.00e+00  8.56e-09 
[1] "PP abf for shared variant: 8.56e-07%"
PP.H0.abf PP.H1.abf PP.H2.abf PP.H3.abf PP.H4.abf 
 1.23e-47  2.77e-06  4.45e-42  1.00e+00  8.56e-09 
[1] "PP abf for shared variant: 8.56e-07%"
PP.H0.abf PP.H1.abf PP.H2.abf PP.H3.abf PP.H4.abf 
 2.71e-28  2.77e-06  9.78e-23  1.00e+00  8.57e-09 
[1] "PP abf for shared variant: 8.57e-07%"
PP.H0.abf PP.H1.abf PP.H2.abf PP.H3.abf PP.H4.abf 
 7.60e-19  2.77e-06  2.75e-13  1.00e+00  1.48e-08 
[1] "PP abf for shared variant: 1.48e-06%"
PP.H0.abf PP.H1.abf PP.H2.abf PP.H3.abf PP.H4.abf 
 8.29e-93  6.75e-04  1.23e-89  9.99e-01  3.39e-05 
[1] "PP abf for shared variant: 0.00339%"
PP.H0.abf PP.H1.abf PP.H2.abf PP.H3.abf PP.H4.abf 
 1.21e-20  6.75e-04  1.80e-17  9.99e-01  3.38e-06 
[1] "PP abf for shared variant: 0.000338%"
PP.H0.abf PP.H1.abf PP.H2.abf PP.H3.abf PP.H4.abf 
 3.00e-45  6.75e-04  4.45e-42  9.99e-01  3.38e-06 
[1] "PP abf for shared variant: 0.000338%"
PP.H0.abf PP.H1.abf PP.H2.abf PP.H3.abf PP.H4.abf 
 6.60e-26  6.75e-04  9.77e-23  9.99e-01  3.38e-06 
[1] "PP abf for shared variant: 0.000338%"
PP.H0.abf PP.H1.abf PP.H2.abf PP.H3.abf PP.H4.abf 
 1.85e-16  6.75e-04  2.74e-13  9.99e-01  3.48e-06 
[1] "PP abf for shared variant: 0.000348%"
PP.H0.abf PP.H1.abf PP.H2.abf PP.H3.abf PP.H4.abf 
 3.65e-90  2.97e-01  8.56e-90  6.97e-01  5.95e-03 
[1] "PP abf for shared variant: 0.595%"
PP.H0.abf PP.H1.abf PP.H2.abf PP.H3.abf PP.H4.abf 
 5.37e-18  2.99e-01  1.26e-17  7.00e-01  1.00e-03 
[1] "PP abf for shared variant: 0.1%"
PP.H0.abf PP.H1.abf PP.H2.abf PP.H3.abf PP.H4.abf 
 1.33e-42  2.99e-01  3.12e-42  7.00e-01  1.00e-03 
[1] "PP abf for shared variant: 0.1%"
PP.H0.abf PP.H1.abf PP.H2.abf PP.H3.abf PP.H4.abf 
 2.92e-23  2.99e-01  6.85e-23  7.00e-01  1.00e-03 
[1] "PP abf for shared variant: 0.1%"
PP.H0.abf PP.H1.abf PP.H2.abf PP.H3.abf PP.H4.abf 
 8.19e-14  2.98e-01  1.92e-13  7.00e-01  1.80e-03 
[1] "PP abf for shared variant: 0.18%"
allbutone TERT 250 SBP haplotype 20 pairs
PP.H0.abf PP.H1.abf PP.H2.abf PP.H3.abf PP.H4.abf 
1.30e-189  2.64e-09 4.94e-181  1.00e+00  1.44e-07 
[1] "PP abf for shared variant: 1.44e-05%"
PP.H0.abf PP.H1.abf PP.H2.abf PP.H3.abf PP.H4.abf 
 5.35e-51  2.64e-09  2.03e-42  1.00e+00  9.32e-10 
[1] "PP abf for shared variant: 9.32e-08%"
PP.H0.abf PP.H1.abf PP.H2.abf PP.H3.abf PP.H4.abf 
 1.40e-30  2.64e-09  5.31e-22  1.00e+00  1.31e-05 
[1] "PP abf for shared variant: 0.00131%"
PP.H0.abf PP.H1.abf PP.H2.abf PP.H3.abf PP.H4.abf 
 1.64e-73  2.64e-09  6.21e-65  1.00e+00  2.33e-10 
[1] "PP abf for shared variant: 2.33e-08%"
PP.H0.abf PP.H1.abf PP.H2.abf PP.H3.abf PP.H4.abf 
 2.85e-58  2.64e-09  1.08e-49  1.00e+00  8.27e-12 
[1] "PP abf for shared variant: 8.27e-10%"
PP.H0.abf PP.H1.abf PP.H2.abf PP.H3.abf PP.H4.abf 
2.16e-188  4.37e-08 4.94e-181  1.00e+00  8.01e-07 
[1] "PP abf for shared variant: 8.01e-05%"
PP.H0.abf PP.H1.abf PP.H2.abf PP.H3.abf PP.H4.abf 
 8.87e-50  4.37e-08  2.03e-42  1.00e+00  7.17e-11 
[1] "PP abf for shared variant: 7.17e-09%"
PP.H0.abf PP.H1.abf PP.H2.abf PP.H3.abf PP.H4.abf 
 2.32e-29  4.37e-08  5.31e-22  1.00e+00  3.69e-06 
[1] "PP abf for shared variant: 0.000369%"
PP.H0.abf PP.H1.abf PP.H2.abf PP.H3.abf PP.H4.abf 
 2.71e-72  4.37e-08  6.21e-65  1.00e+00  3.40e-10 
[1] "PP abf for shared variant: 3.4e-08%"
PP.H0.abf PP.H1.abf PP.H2.abf PP.H3.abf PP.H4.abf 
 4.73e-57  4.37e-08  1.08e-49  1.00e+00  1.34e-10 
[1] "PP abf for shared variant: 1.34e-08%"
PP.H0.abf PP.H1.abf PP.H2.abf PP.H3.abf PP.H4.abf 
7.41e-183  1.50e-02 4.86e-181  9.85e-01  4.10e-04 
[1] "PP abf for shared variant: 0.041%"
PP.H0.abf PP.H1.abf PP.H2.abf PP.H3.abf PP.H4.abf 
 3.05e-44  1.50e-02  2.00e-42  9.85e-01  2.65e-05 
[1] "PP abf for shared variant: 0.00265%"
PP.H0.abf PP.H1.abf PP.H2.abf PP.H3.abf PP.H4.abf 
 7.96e-24  1.50e-02  5.23e-22  9.84e-01  6.92e-04 
[1] "PP abf for shared variant: 0.0692%"
PP.H0.abf PP.H1.abf PP.H2.abf PP.H3.abf PP.H4.abf 
 9.31e-67  1.50e-02  6.11e-65  9.85e-01  1.99e-04 
[1] "PP abf for shared variant: 0.0199%"
PP.H0.abf PP.H1.abf PP.H2.abf PP.H3.abf PP.H4.abf 
 1.62e-51  1.50e-02  1.07e-49  9.85e-01  5.12e-05 
[1] "PP abf for shared variant: 0.00512%"
PP.H0.abf PP.H1.abf PP.H2.abf PP.H3.abf PP.H4.abf 
2.33e-181  4.72e-01 2.57e-181  5.20e-01  8.41e-03 
[1] "PP abf for shared variant: 0.841%"
PP.H0.abf PP.H1.abf PP.H2.abf PP.H3.abf PP.H4.abf 
 9.66e-43  4.76e-01  1.06e-42  5.24e-01  6.40e-04 
[1] "PP abf for shared variant: 0.064%"
PP.H0.abf PP.H1.abf PP.H2.abf PP.H3.abf PP.H4.abf 
 2.52e-22  4.75e-01  2.78e-22  5.23e-01  1.94e-03 
[1] "PP abf for shared variant: 0.194%"
PP.H0.abf PP.H1.abf PP.H2.abf PP.H3.abf PP.H4.abf 
 2.92e-65  4.71e-01  3.22e-65  5.18e-01  1.06e-02 
[1] "PP abf for shared variant: 1.06%"
PP.H0.abf PP.H1.abf PP.H2.abf PP.H3.abf PP.H4.abf 
 5.15e-50  4.75e-01  5.66e-50  5.23e-01  1.47e-03 
[1] "PP abf for shared variant: 0.147%"
allbutone TERT 250 SBP dosage 20 pairs
PP.H0.abf PP.H1.abf PP.H2.abf PP.H3.abf PP.H4.abf 
 3.45e-97  2.81e-08  1.23e-89  1.00e+00  4.24e-07 
[1] "PP abf for shared variant: 4.24e-05%"
PP.H0.abf PP.H1.abf PP.H2.abf PP.H3.abf PP.H4.abf 
 5.05e-25  2.81e-08  1.80e-17  1.00e+00  1.03e-09 
[1] "PP abf for shared variant: 1.03e-07%"
PP.H0.abf PP.H1.abf PP.H2.abf PP.H3.abf PP.H4.abf 
 1.25e-49  2.81e-08  4.45e-42  1.00e+00  1.03e-09 
[1] "PP abf for shared variant: 1.03e-07%"
PP.H0.abf PP.H1.abf PP.H2.abf PP.H3.abf PP.H4.abf 
 2.74e-30  2.81e-08  9.78e-23  1.00e+00  1.03e-09 
[1] "PP abf for shared variant: 1.03e-07%"
PP.H0.abf PP.H1.abf PP.H2.abf PP.H3.abf PP.H4.abf 
 7.71e-21  2.81e-08  2.75e-13  1.00e+00  4.51e-05 
[1] "PP abf for shared variant: 0.00451%"
PP.H0.abf PP.H1.abf PP.H2.abf PP.H3.abf PP.H4.abf 
 3.66e-94  2.98e-05  1.23e-89  1.00e+00  1.96e-07 
[1] "PP abf for shared variant: 1.96e-05%"
PP.H0.abf PP.H1.abf PP.H2.abf PP.H3.abf PP.H4.abf 
 5.36e-22  2.98e-05  1.80e-17  1.00e+00  4.53e-07 
[1] "PP abf for shared variant: 4.53e-05%"
PP.H0.abf PP.H1.abf PP.H2.abf PP.H3.abf PP.H4.abf 
 1.33e-46  2.98e-05  4.45e-42  1.00e+00  4.53e-07 
[1] "PP abf for shared variant: 4.53e-05%"
PP.H0.abf PP.H1.abf PP.H2.abf PP.H3.abf PP.H4.abf 
 2.92e-27  2.98e-05  9.78e-23  1.00e+00  4.53e-07 
[1] "PP abf for shared variant: 4.53e-05%"
PP.H0.abf PP.H1.abf PP.H2.abf PP.H3.abf PP.H4.abf 
 8.19e-18  2.98e-05  2.75e-13  1.00e+00  9.38e-06 
[1] "PP abf for shared variant: 0.000938%"
PP.H0.abf PP.H1.abf PP.H2.abf PP.H3.abf PP.H4.abf 
 1.09e-95  8.89e-07  1.23e-89  1.00e+00  1.09e-08 
[1] "PP abf for shared variant: 1.09e-06%"
PP.H0.abf PP.H1.abf PP.H2.abf PP.H3.abf PP.H4.abf 
 1.60e-23  8.89e-07  1.80e-17  1.00e+00  8.64e-09 
[1] "PP abf for shared variant: 8.64e-07%"
PP.H0.abf PP.H1.abf PP.H2.abf PP.H3.abf PP.H4.abf 
 3.95e-48  8.89e-07  4.45e-42  1.00e+00  8.64e-09 
[1] "PP abf for shared variant: 8.64e-07%"
PP.H0.abf PP.H1.abf PP.H2.abf PP.H3.abf PP.H4.abf 
 8.69e-29  8.89e-07  9.78e-23  1.00e+00  8.64e-09 
[1] "PP abf for shared variant: 8.64e-07%"
PP.H0.abf PP.H1.abf PP.H2.abf PP.H3.abf PP.H4.abf 
 2.44e-19  8.89e-07  2.75e-13  1.00e+00  2.06e-08 
[1] "PP abf for shared variant: 2.06e-06%"
PP.H0.abf PP.H1.abf PP.H2.abf PP.H3.abf PP.H4.abf 
 1.98e-92  1.61e-03  1.23e-89  9.98e-01  6.14e-06 
[1] "PP abf for shared variant: 0.000614%"
PP.H0.abf PP.H1.abf PP.H2.abf PP.H3.abf PP.H4.abf 
 2.89e-20  1.61e-03  1.79e-17  9.98e-01  8.58e-05 
[1] "PP abf for shared variant: 0.00858%"
PP.H0.abf PP.H1.abf PP.H2.abf PP.H3.abf PP.H4.abf 
 7.15e-45  1.61e-03  4.44e-42  9.98e-01  8.58e-05 
[1] "PP abf for shared variant: 0.00858%"
PP.H0.abf PP.H1.abf PP.H2.abf PP.H3.abf PP.H4.abf 
 1.57e-25  1.61e-03  9.76e-23  9.98e-01  8.58e-05 
[1] "PP abf for shared variant: 0.00858%"
PP.H0.abf PP.H1.abf PP.H2.abf PP.H3.abf PP.H4.abf 
 4.40e-16  1.60e-03  2.73e-13  9.95e-01  3.36e-03 
[1] "PP abf for shared variant: 0.336%"
PP.H0.abf PP.H1.abf PP.H2.abf PP.H3.abf PP.H4.abf 
 1.57e-90  1.28e-01  1.07e-89  8.70e-01  1.86e-03 
[1] "PP abf for shared variant: 0.186%"
PP.H0.abf PP.H1.abf PP.H2.abf PP.H3.abf PP.H4.abf 
 2.30e-18  1.28e-01  1.56e-17  8.71e-01  1.28e-03 
[1] "PP abf for shared variant: 0.128%"
PP.H0.abf PP.H1.abf PP.H2.abf PP.H3.abf PP.H4.abf 
 5.70e-43  1.28e-01  3.87e-42  8.71e-01  1.28e-03 
[1] "PP abf for shared variant: 0.128%"
PP.H0.abf PP.H1.abf PP.H2.abf PP.H3.abf PP.H4.abf 
 1.25e-23  1.28e-01  8.51e-23  8.71e-01  1.28e-03 
[1] "PP abf for shared variant: 0.128%"
PP.H0.abf PP.H1.abf PP.H2.abf PP.H3.abf PP.H4.abf 
 3.47e-14  1.26e-01  2.36e-13  8.59e-01  1.49e-02 
[1] "PP abf for shared variant: 1.49%"
allbutone TERT 250 DBP haplotype 25 pairs
PP.H0.abf PP.H1.abf PP.H2.abf PP.H3.abf PP.H4.abf 
2.50e-189  5.06e-09 4.94e-181  1.00e+00  8.41e-09 
[1] "PP abf for shared variant: 8.41e-07%"
PP.H0.abf PP.H1.abf PP.H2.abf PP.H3.abf PP.H4.abf 
 1.03e-50  5.06e-09  2.03e-42  1.00e+00  2.73e-11 
[1] "PP abf for shared variant: 2.73e-09%"
PP.H0.abf PP.H1.abf PP.H2.abf PP.H3.abf PP.H4.abf 
 2.68e-30  5.05e-09  5.31e-22  9.99e-01  8.96e-04 
[1] "PP abf for shared variant: 0.0896%"
PP.H0.abf PP.H1.abf PP.H2.abf PP.H3.abf PP.H4.abf 
 3.14e-73  5.06e-09  6.21e-65  1.00e+00  1.01e-10 
[1] "PP abf for shared variant: 1.01e-08%"
PP.H0.abf PP.H1.abf PP.H2.abf PP.H3.abf PP.H4.abf 
 5.48e-58  5.06e-09  1.08e-49  1.00e+00  3.59e-10 
[1] "PP abf for shared variant: 3.59e-08%"
PP.H0.abf PP.H1.abf PP.H2.abf PP.H3.abf PP.H4.abf 
1.28e-188  2.58e-08 4.94e-181  1.00e+00  1.65e-10 
[1] "PP abf for shared variant: 1.65e-08%"
PP.H0.abf PP.H1.abf PP.H2.abf PP.H3.abf PP.H4.abf 
 5.24e-50  2.58e-08  2.03e-42  1.00e+00  6.41e-11 
[1] "PP abf for shared variant: 6.41e-09%"
PP.H0.abf PP.H1.abf PP.H2.abf PP.H3.abf PP.H4.abf 
 1.37e-29  2.58e-08  5.31e-22  1.00e+00  3.47e-11 
[1] "PP abf for shared variant: 3.47e-09%"
PP.H0.abf PP.H1.abf PP.H2.abf PP.H3.abf PP.H4.abf 
 1.60e-72  2.58e-08  6.21e-65  1.00e+00  3.21e-09 
[1] "PP abf for shared variant: 3.21e-07%"
PP.H0.abf PP.H1.abf PP.H2.abf PP.H3.abf PP.H4.abf 
 2.80e-57  2.58e-08  1.08e-49  1.00e+00  5.26e-10 
[1] "PP abf for shared variant: 5.26e-08%"
PP.H0.abf PP.H1.abf PP.H2.abf PP.H3.abf PP.H4.abf 
3.76e-185  7.61e-05 4.94e-181  1.00e+00  1.65e-07 
[1] "PP abf for shared variant: 1.65e-05%"
PP.H0.abf PP.H1.abf PP.H2.abf PP.H3.abf PP.H4.abf 
 1.54e-46  7.61e-05  2.03e-42  1.00e+00  2.16e-07 
[1] "PP abf for shared variant: 2.16e-05%"
PP.H0.abf PP.H1.abf PP.H2.abf PP.H3.abf PP.H4.abf 
 4.04e-26  7.61e-05  5.31e-22  1.00e+00  1.70e-06 
[1] "PP abf for shared variant: 0.00017%"
PP.H0.abf PP.H1.abf PP.H2.abf PP.H3.abf PP.H4.abf 
 4.72e-69  7.61e-05  6.21e-65  1.00e+00  1.40e-05 
[1] "PP abf for shared variant: 0.0014%"
PP.H0.abf PP.H1.abf PP.H2.abf PP.H3.abf PP.H4.abf 
 8.24e-54  7.61e-05  1.08e-49  1.00e+00  1.94e-06 
[1] "PP abf for shared variant: 0.000194%"
PP.H0.abf PP.H1.abf PP.H2.abf PP.H3.abf PP.H4.abf 
2.62e-183  5.30e-03 4.91e-181  9.95e-01  9.35e-06 
[1] "PP abf for shared variant: 0.000935%"
PP.H0.abf PP.H1.abf PP.H2.abf PP.H3.abf PP.H4.abf 
 1.08e-44  5.30e-03  2.02e-42  9.95e-01  5.09e-05 
[1] "PP abf for shared variant: 0.00509%"
PP.H0.abf PP.H1.abf PP.H2.abf PP.H3.abf PP.H4.abf 
 2.81e-24  5.30e-03  5.28e-22  9.95e-01  1.10e-05 
[1] "PP abf for shared variant: 0.0011%"
PP.H0.abf PP.H1.abf PP.H2.abf PP.H3.abf PP.H4.abf 
 3.26e-67  5.26e-03  6.13e-65  9.87e-01  7.34e-03 
[1] "PP abf for shared variant: 0.734%"
PP.H0.abf PP.H1.abf PP.H2.abf PP.H3.abf PP.H4.abf 
 5.73e-52  5.29e-03  1.08e-49  9.94e-01  1.19e-03 
[1] "PP abf for shared variant: 0.119%"
PP.H0.abf PP.H1.abf PP.H2.abf PP.H3.abf PP.H4.abf 
1.11e-182  2.25e-02 4.83e-181  9.77e-01  2.16e-04 
[1] "PP abf for shared variant: 0.0216%"
PP.H0.abf PP.H1.abf PP.H2.abf PP.H3.abf PP.H4.abf 
 4.56e-44  2.25e-02  1.98e-42  9.77e-01  1.18e-04 
[1] "PP abf for shared variant: 0.0118%"
PP.H0.abf PP.H1.abf PP.H2.abf PP.H3.abf PP.H4.abf 
 1.19e-23  2.24e-02  5.18e-22  9.76e-01  1.54e-03 
[1] "PP abf for shared variant: 0.154%"
PP.H0.abf PP.H1.abf PP.H2.abf PP.H3.abf PP.H4.abf 
 1.39e-66  2.24e-02  6.05e-65  9.75e-01  2.71e-03 
[1] "PP abf for shared variant: 0.271%"
PP.H0.abf PP.H1.abf PP.H2.abf PP.H3.abf PP.H4.abf 
 2.43e-51  2.25e-02  1.06e-49  9.77e-01  8.52e-04 
[1] "PP abf for shared variant: 0.0852%"
allbutone TERT 250 DBP dosage 25 pairs
PP.H0.abf PP.H1.abf PP.H2.abf PP.H3.abf PP.H4.abf 
 0.00e+00  0.00e+00 3.86e-134  1.00e+00 6.14e-137 
[1] "PP abf for shared variant: 6.14e-135%"
PP.H0.abf PP.H1.abf PP.H2.abf PP.H3.abf PP.H4.abf 
 0.00e+00  0.00e+00  4.96e-96  1.00e+00  1.84e-98 
[1] "PP abf for shared variant: 1.84e-96%"
PP.H0.abf PP.H1.abf PP.H2.abf PP.H3.abf PP.H4.abf 
 0.00e+00  0.00e+00  2.28e-43  1.00e+00  3.42e-45 
[1] "PP abf for shared variant: 3.42e-43%"
PP.H0.abf PP.H1.abf PP.H2.abf PP.H3.abf PP.H4.abf 
 0.00e+00  0.00e+00  9.34e-35  1.00e+00  1.82e-37 
[1] "PP abf for shared variant: 1.82e-35%"
PP.H0.abf PP.H1.abf PP.H2.abf PP.H3.abf PP.H4.abf 
 0.00e+00  0.00e+00  1.25e-21  1.00e+00  3.61e-24 
[1] "PP abf for shared variant: 3.61e-22%"
PP.H0.abf PP.H1.abf PP.H2.abf PP.H3.abf PP.H4.abf 
 0.00e+00  0.00e+00 3.86e-134  1.00e+00 8.00e-137 
[1] "PP abf for shared variant: 8e-135%"
PP.H0.abf PP.H1.abf PP.H2.abf PP.H3.abf PP.H4.abf 
 0.00e+00  0.00e+00  4.96e-96  1.00e+00  7.17e-99 
[1] "PP abf for shared variant: 7.17e-97%"
PP.H0.abf PP.H1.abf PP.H2.abf PP.H3.abf PP.H4.abf 
 0.00e+00  0.00e+00  2.28e-43  1.00e+00  7.47e-46 
[1] "PP abf for shared variant: 7.47e-44%"
PP.H0.abf PP.H1.abf PP.H2.abf PP.H3.abf PP.H4.abf 
 0.00e+00  0.00e+00  9.34e-35  1.00e+00  1.52e-37 
[1] "PP abf for shared variant: 1.52e-35%"
PP.H0.abf PP.H1.abf PP.H2.abf PP.H3.abf PP.H4.abf 
 0.00e+00  0.00e+00  1.25e-21  1.00e+00  1.75e-24 
[1] "PP abf for shared variant: 1.75e-22%"
PP.H0.abf PP.H1.abf PP.H2.abf PP.H3.abf PP.H4.abf 
 0.00e+00  0.00e+00 3.86e-134  1.00e+00 2.21e-136 
[1] "PP abf for shared variant: 2.21e-134%"
PP.H0.abf PP.H1.abf PP.H2.abf PP.H3.abf PP.H4.abf 
 0.00e+00  0.00e+00  4.96e-96  1.00e+00  9.94e-97 
[1] "PP abf for shared variant: 9.94e-95%"
PP.H0.abf PP.H1.abf PP.H2.abf PP.H3.abf PP.H4.abf 
 0.00e+00  0.00e+00  2.28e-43  1.00e+00  2.82e-44 
[1] "PP abf for shared variant: 2.82e-42%"
PP.H0.abf PP.H1.abf PP.H2.abf PP.H3.abf PP.H4.abf 
 0.00e+00  0.00e+00  9.34e-35  1.00e+00  2.03e-35 
[1] "PP abf for shared variant: 2.03e-33%"
PP.H0.abf PP.H1.abf PP.H2.abf PP.H3.abf PP.H4.abf 
 0.00e+00  0.00e+00  1.25e-21  1.00e+00  4.35e-23 
[1] "PP abf for shared variant: 4.35e-21%"
PP.H0.abf PP.H1.abf PP.H2.abf PP.H3.abf PP.H4.abf 
 0.00e+00  0.00e+00 3.86e-134  1.00e+00 1.64e-136 
[1] "PP abf for shared variant: 1.64e-134%"
PP.H0.abf PP.H1.abf PP.H2.abf PP.H3.abf PP.H4.abf 
 0.00e+00  0.00e+00  4.96e-96  1.00e+00  1.05e-97 
[1] "PP abf for shared variant: 1.05e-95%"
PP.H0.abf PP.H1.abf PP.H2.abf PP.H3.abf PP.H4.abf 
 0.00e+00  0.00e+00  2.28e-43  1.00e+00  3.16e-45 
[1] "PP abf for shared variant: 3.16e-43%"
PP.H0.abf PP.H1.abf PP.H2.abf PP.H3.abf PP.H4.abf 
 0.00e+00  0.00e+00  9.34e-35  1.00e+00  2.07e-36 
[1] "PP abf for shared variant: 2.07e-34%"
PP.H0.abf PP.H1.abf PP.H2.abf PP.H3.abf PP.H4.abf 
 0.00e+00  0.00e+00  1.25e-21  1.00e+00  1.03e-23 
[1] "PP abf for shared variant: 1.03e-21%"
PP.H0.abf PP.H1.abf PP.H2.abf PP.H3.abf PP.H4.abf 
 0.00e+00 6.72e-221 3.86e-134  1.00e+00 6.48e-136 
[1] "PP abf for shared variant: 6.48e-134%"
PP.H0.abf PP.H1.abf PP.H2.abf PP.H3.abf PP.H4.abf 
3.34e-316 6.72e-221  4.96e-96  1.00e+00  3.84e-97 
[1] "PP abf for shared variant: 3.84e-95%"
PP.H0.abf PP.H1.abf PP.H2.abf PP.H3.abf PP.H4.abf 
1.53e-263 6.72e-221  2.28e-43  1.00e+00  2.06e-44 
[1] "PP abf for shared variant: 2.06e-42%"
PP.H0.abf PP.H1.abf PP.H2.abf PP.H3.abf PP.H4.abf 
6.28e-255 6.72e-221  9.34e-35  1.00e+00  7.74e-36 
[1] "PP abf for shared variant: 7.74e-34%"
PP.H0.abf PP.H1.abf PP.H2.abf PP.H3.abf PP.H4.abf 
8.42e-242 6.72e-221  1.25e-21  1.00e+00  3.62e-23 
[1] "PP abf for shared variant: 3.62e-21%"
allbutone TERT 250 FG_HYPERTENSION haplotype 25 pairs
PP.H0.abf PP.H1.abf PP.H2.abf PP.H3.abf PP.H4.abf 
 0.00e+00  0.00e+00 1.05e-146  1.00e+00 2.61e-148 
[1] "PP abf for shared variant: 2.61e-146%"
PP.H0.abf PP.H1.abf PP.H2.abf PP.H3.abf PP.H4.abf 
 0.00e+00  0.00e+00 4.57e-121  1.00e+00 2.95e-123 
[1] "PP abf for shared variant: 2.95e-121%"
PP.H0.abf PP.H1.abf PP.H2.abf PP.H3.abf PP.H4.abf 
 0.00e+00  0.00e+00  5.09e-69  1.00e+00  1.34e-71 
[1] "PP abf for shared variant: 1.34e-69%"
PP.H0.abf PP.H1.abf PP.H2.abf PP.H3.abf PP.H4.abf 
 0.00e+00  0.00e+00  1.02e-38  1.00e+00  1.82e-38 
[1] "PP abf for shared variant: 1.82e-36%"
PP.H0.abf PP.H1.abf PP.H2.abf PP.H3.abf PP.H4.abf 
 0.00e+00  0.00e+00  1.69e-25  1.00e+00  1.29e-26 
[1] "PP abf for shared variant: 1.29e-24%"
PP.H0.abf PP.H1.abf PP.H2.abf PP.H3.abf PP.H4.abf 
 0.00e+00  0.00e+00 1.05e-146  1.00e+00 1.11e-147 
[1] "PP abf for shared variant: 1.11e-145%"
PP.H0.abf PP.H1.abf PP.H2.abf PP.H3.abf PP.H4.abf 
 0.00e+00  0.00e+00 4.57e-121  1.00e+00 5.02e-118 
[1] "PP abf for shared variant: 5.02e-116%"
PP.H0.abf PP.H1.abf PP.H2.abf PP.H3.abf PP.H4.abf 
 0.00e+00  0.00e+00  5.09e-69  1.00e+00  4.93e-65 
[1] "PP abf for shared variant: 4.93e-63%"
PP.H0.abf PP.H1.abf PP.H2.abf PP.H3.abf PP.H4.abf 
 0.00e+00  0.00e+00  1.02e-38  1.00e+00  1.41e-34 
[1] "PP abf for shared variant: 1.41e-32%"
PP.H0.abf PP.H1.abf PP.H2.abf PP.H3.abf PP.H4.abf 
 0.00e+00  0.00e+00  1.69e-25  1.00e+00  2.03e-23 
[1] "PP abf for shared variant: 2.03e-21%"
PP.H0.abf PP.H1.abf PP.H2.abf PP.H3.abf PP.H4.abf 
 0.00e+00  0.00e+00 1.05e-146  1.00e+00 4.83e-147 
[1] "PP abf for shared variant: 4.83e-145%"
PP.H0.abf PP.H1.abf PP.H2.abf PP.H3.abf PP.H4.abf 
 0.00e+00  0.00e+00 4.57e-121  1.00e+00 3.92e-117 
[1] "PP abf for shared variant: 3.92e-115%"
PP.H0.abf PP.H1.abf PP.H2.abf PP.H3.abf PP.H4.abf 
 0.00e+00  0.00e+00  5.09e-69  1.00e+00  6.30e-64 
[1] "PP abf for shared variant: 6.3e-62%"
PP.H0.abf PP.H1.abf PP.H2.abf PP.H3.abf PP.H4.abf 
 0.00e+00  0.00e+00  1.02e-38  1.00e+00  2.26e-33 
[1] "PP abf for shared variant: 2.26e-31%"
PP.H0.abf PP.H1.abf PP.H2.abf PP.H3.abf PP.H4.abf 
 0.00e+00  0.00e+00  1.69e-25  1.00e+00  3.34e-21 
[1] "PP abf for shared variant: 3.34e-19%"
PP.H0.abf PP.H1.abf PP.H2.abf PP.H3.abf PP.H4.abf 
 0.00e+00 1.13e-255 1.05e-146  1.00e+00 8.58e-149 
[1] "PP abf for shared variant: 8.58e-147%"
PP.H0.abf PP.H1.abf PP.H2.abf PP.H3.abf PP.H4.abf 
 0.00e+00 1.13e-255 4.57e-121  1.00e+00 2.77e-123 
[1] "PP abf for shared variant: 2.77e-121%"
    PP.H0.abf     PP.H1.abf     PP.H2.abf     PP.H3.abf     PP.H4.abf 
4.940656e-324 1.130000e-255  5.090000e-69  1.000000e+00  6.040000e-71 
[1] "PP abf for shared variant: 6.04e-69%"
PP.H0.abf PP.H1.abf PP.H2.abf PP.H3.abf PP.H4.abf 
1.15e-293 1.13e-255  1.02e-38  1.00e+00  1.12e-40 
[1] "PP abf for shared variant: 1.12e-38%"
PP.H0.abf PP.H1.abf PP.H2.abf PP.H3.abf PP.H4.abf 
1.91e-280 1.13e-255  1.69e-25  1.00e+00  9.85e-28 
[1] "PP abf for shared variant: 9.85e-26%"
PP.H0.abf PP.H1.abf PP.H2.abf PP.H3.abf PP.H4.abf 
 0.00e+00 7.03e-218 1.05e-146  1.00e+00 1.57e-149 
[1] "PP abf for shared variant: 1.57e-147%"
PP.H0.abf PP.H1.abf PP.H2.abf PP.H3.abf PP.H4.abf 
 0.00e+00 7.03e-218 4.57e-121  1.00e+00 7.38e-124 
[1] "PP abf for shared variant: 7.38e-122%"
PP.H0.abf PP.H1.abf PP.H2.abf PP.H3.abf PP.H4.abf 
3.58e-286 7.03e-218  5.09e-69  1.00e+00  1.28e-71 
[1] "PP abf for shared variant: 1.28e-69%"
PP.H0.abf PP.H1.abf PP.H2.abf PP.H3.abf PP.H4.abf 
7.14e-256 7.03e-218  1.02e-38  1.00e+00  1.57e-41 
[1] "PP abf for shared variant: 1.57e-39%"
PP.H0.abf PP.H1.abf PP.H2.abf PP.H3.abf PP.H4.abf 
1.19e-242 7.03e-218  1.69e-25  1.00e+00  2.65e-28 
[1] "PP abf for shared variant: 2.65e-26%"
allbutone TERT 250 FG_HYPERTENSION dosage 25 pairs
         mode locus window_kb           trait        ld   hit1_rsid   hit2_rsid
1   iterative  TERC       100             SBP haplotype  rs12054436  rs12638862
2   iterative  TERC       100             SBP haplotype   rs2293607  rs12638862
3   iterative  TERC       100             SBP haplotype   rs1920117  rs12638862
4   iterative  TERC       100             SBP haplotype  rs12054436  rs76218649
5   iterative  TERC       100             SBP haplotype   rs2293607  rs76218649
6   iterative  TERC       100             SBP haplotype   rs1920117  rs76218649
7   iterative  TERC       100             SBP    dosage  rs12054436  rs12638862
8   iterative  TERC       100             SBP    dosage   rs2293607  rs12638862
9   iterative  TERC       100             SBP    dosage  rs28688695  rs12638862
10  iterative  TERC       100             SBP    dosage   rs1920117  rs12638862
11  iterative  TERC       100             SBP    dosage  rs12054436  rs76218649
12  iterative  TERC       100             SBP    dosage   rs2293607  rs76218649
13  iterative  TERC       100             SBP    dosage  rs28688695  rs76218649
14  iterative  TERC       100             SBP    dosage   rs1920117  rs76218649
15  iterative  TERC       100             DBP haplotype  rs12054436  rs10428127
16  iterative  TERC       100             DBP haplotype   rs2293607  rs10428127
17  iterative  TERC       100             DBP haplotype   rs1920117  rs10428127
18  iterative  TERC       100             DBP    dosage  rs12054436  rs10428127
19  iterative  TERC       100             DBP    dosage   rs2293607  rs10428127
20  iterative  TERC       100             DBP    dosage  rs28688695  rs10428127
21  iterative  TERC       100             DBP    dosage   rs1920117  rs10428127
22  iterative  TERC       100 FG_HYPERTENSION haplotype   rs2293607 rs138938163
23  iterative  TERC       100 FG_HYPERTENSION haplotype rs201157832 rs138938163
24  iterative  TERC       100 FG_HYPERTENSION haplotype rs146546514 rs138938163
25  iterative  TERC       100 FG_HYPERTENSION haplotype rs115475603 rs138938163
26  iterative  TERC       100 FG_HYPERTENSION haplotype   rs1920117 rs138938163
27  iterative  TERC       100 FG_HYPERTENSION haplotype   rs2293607 rs142512248
28  iterative  TERC       100 FG_HYPERTENSION haplotype rs201157832 rs142512248
29  iterative  TERC       100 FG_HYPERTENSION haplotype rs146546514 rs142512248
30  iterative  TERC       100 FG_HYPERTENSION haplotype rs115475603 rs142512248
31  iterative  TERC       100 FG_HYPERTENSION haplotype   rs1920117 rs142512248
32  iterative  TERC       100 FG_HYPERTENSION haplotype   rs2293607  rs78735755
33  iterative  TERC       100 FG_HYPERTENSION haplotype rs201157832  rs78735755
34  iterative  TERC       100 FG_HYPERTENSION haplotype rs146546514  rs78735755
35  iterative  TERC       100 FG_HYPERTENSION haplotype rs115475603  rs78735755
36  iterative  TERC       100 FG_HYPERTENSION haplotype   rs1920117  rs78735755
37  iterative  TERC       100 FG_HYPERTENSION    dosage   rs7610569 rs138938163
38  iterative  TERC       100 FG_HYPERTENSION    dosage   rs2293607 rs138938163
39  iterative  TERC       100 FG_HYPERTENSION    dosage rs146546514 rs138938163
40  iterative  TERC       100 FG_HYPERTENSION    dosage rs115475603 rs138938163
41  iterative  TERC       100 FG_HYPERTENSION    dosage   rs1920117 rs138938163
42  iterative  TERC       100 FG_HYPERTENSION    dosage   rs7610569  rs78735755
43  iterative  TERC       100 FG_HYPERTENSION    dosage   rs2293607  rs78735755
44  iterative  TERC       100 FG_HYPERTENSION    dosage rs146546514  rs78735755
45  iterative  TERC       100 FG_HYPERTENSION    dosage rs115475603  rs78735755
46  iterative  TERC       100 FG_HYPERTENSION    dosage   rs1920117  rs78735755
47  iterative  TERC       250             SBP haplotype   rs9835323   rs1345470
48  iterative  TERC       250             SBP haplotype   rs2293607   rs1345470
49  iterative  TERC       250             SBP haplotype   rs1920117   rs1345470
50  iterative  TERC       250             SBP haplotype  rs16854538   rs1345470
51  iterative  TERC       250             SBP haplotype   rs2111820   rs1345470
52  iterative  TERC       250             SBP haplotype   rs9835323  rs12638862
53  iterative  TERC       250             SBP haplotype   rs2293607  rs12638862
54  iterative  TERC       250             SBP haplotype   rs1920117  rs12638862
55  iterative  TERC       250             SBP haplotype  rs16854538  rs12638862
56  iterative  TERC       250             SBP haplotype   rs2111820  rs12638862
57  iterative  TERC       250             SBP haplotype   rs9835323  rs76218649
58  iterative  TERC       250             SBP haplotype   rs2293607  rs76218649
59  iterative  TERC       250             SBP haplotype   rs1920117  rs76218649
60  iterative  TERC       250             SBP haplotype  rs16854538  rs76218649
61  iterative  TERC       250             SBP haplotype   rs2111820  rs76218649
62  iterative  TERC       250             SBP    dosage  rs75041760   rs1833342
63  iterative  TERC       250             SBP    dosage rs143373116   rs1833342
64  iterative  TERC       250             SBP    dosage   rs9835323   rs1833342
65  iterative  TERC       250             SBP    dosage   rs2293607   rs1833342
66  iterative  TERC       250             SBP    dosage  rs16854538   rs1833342
67  iterative  TERC       250             SBP    dosage  rs75041760  rs12638862
68  iterative  TERC       250             SBP    dosage rs143373116  rs12638862
69  iterative  TERC       250             SBP    dosage   rs9835323  rs12638862
70  iterative  TERC       250             SBP    dosage   rs2293607  rs12638862
71  iterative  TERC       250             SBP    dosage  rs16854538  rs12638862
72  iterative  TERC       250             SBP    dosage  rs75041760  rs76218649
73  iterative  TERC       250             SBP    dosage rs143373116  rs76218649
74  iterative  TERC       250             SBP    dosage   rs9835323  rs76218649
75  iterative  TERC       250             SBP    dosage   rs2293607  rs76218649
76  iterative  TERC       250             SBP    dosage  rs16854538  rs76218649
77  iterative  TERC       250             DBP haplotype   rs9835323   rs6791154
78  iterative  TERC       250             DBP haplotype   rs2293607   rs6791154
79  iterative  TERC       250             DBP haplotype   rs1920117   rs6791154
80  iterative  TERC       250             DBP haplotype  rs16854538   rs6791154
81  iterative  TERC       250             DBP haplotype   rs2111820   rs6791154
82  iterative  TERC       250             DBP    dosage  rs75041760   rs6791154
83  iterative  TERC       250             DBP    dosage rs143373116   rs6791154
84  iterative  TERC       250             DBP    dosage   rs9835323   rs6791154
85  iterative  TERC       250             DBP    dosage   rs2293607   rs6791154
86  iterative  TERC       250             DBP    dosage  rs16854538   rs6791154
87  iterative  TERC       250 FG_HYPERTENSION haplotype   rs2293607 rs137892077
88  iterative  TERC       250 FG_HYPERTENSION haplotype rs146546514 rs137892077
89  iterative  TERC       250 FG_HYPERTENSION haplotype rs115475603 rs137892077
90  iterative  TERC       250 FG_HYPERTENSION haplotype rs117955747 rs137892077
91  iterative  TERC       250 FG_HYPERTENSION haplotype   rs2111820 rs137892077
92  iterative  TERC       250 FG_HYPERTENSION haplotype   rs2293607 rs115302902
93  iterative  TERC       250 FG_HYPERTENSION haplotype rs146546514 rs115302902
94  iterative  TERC       250 FG_HYPERTENSION haplotype rs115475603 rs115302902
95  iterative  TERC       250 FG_HYPERTENSION haplotype rs117955747 rs115302902
96  iterative  TERC       250 FG_HYPERTENSION haplotype   rs2111820 rs115302902
97  iterative  TERC       250 FG_HYPERTENSION haplotype   rs2293607  rs61420799
98  iterative  TERC       250 FG_HYPERTENSION haplotype rs146546514  rs61420799
99  iterative  TERC       250 FG_HYPERTENSION haplotype rs115475603  rs61420799
100 iterative  TERC       250 FG_HYPERTENSION haplotype rs117955747  rs61420799
101 iterative  TERC       250 FG_HYPERTENSION haplotype   rs2111820  rs61420799
102 iterative  TERC       250 FG_HYPERTENSION haplotype   rs2293607 rs150618879
103 iterative  TERC       250 FG_HYPERTENSION haplotype rs146546514 rs150618879
104 iterative  TERC       250 FG_HYPERTENSION haplotype rs115475603 rs150618879
105 iterative  TERC       250 FG_HYPERTENSION haplotype rs117955747 rs150618879
106 iterative  TERC       250 FG_HYPERTENSION haplotype   rs2111820 rs150618879
107 iterative  TERC       250 FG_HYPERTENSION haplotype   rs2293607 rs116198663
108 iterative  TERC       250 FG_HYPERTENSION haplotype rs146546514 rs116198663
109 iterative  TERC       250 FG_HYPERTENSION haplotype rs115475603 rs116198663
110 iterative  TERC       250 FG_HYPERTENSION haplotype rs117955747 rs116198663
111 iterative  TERC       250 FG_HYPERTENSION haplotype   rs2111820 rs116198663
112 iterative  TERC       250 FG_HYPERTENSION    dosage   rs9835323 rs137892077
113 iterative  TERC       250 FG_HYPERTENSION    dosage   rs2293607 rs137892077
114 iterative  TERC       250 FG_HYPERTENSION    dosage rs146546514 rs137892077
115 iterative  TERC       250 FG_HYPERTENSION    dosage rs115475603 rs137892077
116 iterative  TERC       250 FG_HYPERTENSION    dosage rs117955747 rs137892077
117 iterative  TERC       250 FG_HYPERTENSION    dosage   rs9835323 rs115302902
118 iterative  TERC       250 FG_HYPERTENSION    dosage   rs2293607 rs115302902
119 iterative  TERC       250 FG_HYPERTENSION    dosage rs146546514 rs115302902
120 iterative  TERC       250 FG_HYPERTENSION    dosage rs115475603 rs115302902
121 iterative  TERC       250 FG_HYPERTENSION    dosage rs117955747 rs115302902
122 iterative  TERC       250 FG_HYPERTENSION    dosage   rs9835323  rs61420799
123 iterative  TERC       250 FG_HYPERTENSION    dosage   rs2293607  rs61420799
124 iterative  TERC       250 FG_HYPERTENSION    dosage rs146546514  rs61420799
125 iterative  TERC       250 FG_HYPERTENSION    dosage rs115475603  rs61420799
126 iterative  TERC       250 FG_HYPERTENSION    dosage rs117955747  rs61420799
127 iterative  TERC       250 FG_HYPERTENSION    dosage   rs9835323 rs150618879
128 iterative  TERC       250 FG_HYPERTENSION    dosage   rs2293607 rs150618879
129 iterative  TERC       250 FG_HYPERTENSION    dosage rs146546514 rs150618879
130 iterative  TERC       250 FG_HYPERTENSION    dosage rs115475603 rs150618879
131 iterative  TERC       250 FG_HYPERTENSION    dosage rs117955747 rs150618879
132 iterative  TERC       250 FG_HYPERTENSION    dosage   rs9835323 rs116198663
133 iterative  TERC       250 FG_HYPERTENSION    dosage   rs2293607 rs116198663
134 iterative  TERC       250 FG_HYPERTENSION    dosage rs146546514 rs116198663
135 iterative  TERC       250 FG_HYPERTENSION    dosage rs115475603 rs116198663
136 iterative  TERC       250 FG_HYPERTENSION    dosage rs117955747 rs116198663
137 iterative  TERT       100             SBP haplotype  rs33961405  rs11742908
138 iterative  TERT       100             SBP haplotype   rs7705526  rs11742908
139 iterative  TERT       100             SBP haplotype   rs2736099  rs11742908
140 iterative  TERT       100             SBP haplotype  rs61748181  rs11742908
141 iterative  TERT       100             SBP haplotype  rs62329729  rs11742908
142 iterative  TERT       100             SBP haplotype  rs33961405   rs7449190
143 iterative  TERT       100             SBP haplotype   rs7705526   rs7449190
144 iterative  TERT       100             SBP haplotype   rs2736099   rs7449190
145 iterative  TERT       100             SBP haplotype  rs61748181   rs7449190
146 iterative  TERT       100             SBP haplotype  rs62329729   rs7449190
147 iterative  TERT       100             SBP    dosage   rs7705526   rs4975631
148 iterative  TERT       100             SBP    dosage   rs2736099   rs4975631
149 iterative  TERT       100             SBP    dosage   rs7710703   rs4975631
150 iterative  TERT       100             SBP    dosage  rs61748181   rs4975631
151 iterative  TERT       100             SBP    dosage  rs62329694   rs4975631
152 iterative  TERT       100             SBP    dosage   rs7705526  rs11742908
153 iterative  TERT       100             SBP    dosage   rs2736099  rs11742908
154 iterative  TERT       100             SBP    dosage   rs7710703  rs11742908
155 iterative  TERT       100             SBP    dosage  rs61748181  rs11742908
156 iterative  TERT       100             SBP    dosage  rs62329694  rs11742908
157 iterative  TERT       100             SBP    dosage   rs7705526   rs7449190
158 iterative  TERT       100             SBP    dosage   rs2736099   rs7449190
159 iterative  TERT       100             SBP    dosage   rs7710703   rs7449190
160 iterative  TERT       100             SBP    dosage  rs61748181   rs7449190
161 iterative  TERT       100             SBP    dosage  rs62329694   rs7449190
162 iterative  TERT       100             DBP haplotype  rs33961405 rs144265680
163 iterative  TERT       100             DBP haplotype   rs7705526 rs144265680
164 iterative  TERT       100             DBP haplotype   rs2736099 rs144265680
165 iterative  TERT       100             DBP haplotype  rs61748181 rs144265680
166 iterative  TERT       100             DBP haplotype  rs62329729 rs144265680
167 iterative  TERT       100             DBP haplotype  rs33961405  rs33948291
168 iterative  TERT       100             DBP haplotype   rs7705526  rs33948291
169 iterative  TERT       100             DBP haplotype   rs2736099  rs33948291
170 iterative  TERT       100             DBP haplotype  rs61748181  rs33948291
171 iterative  TERT       100             DBP haplotype  rs62329729  rs33948291
172 iterative  TERT       100             DBP haplotype  rs33961405   rs7449190
173 iterative  TERT       100             DBP haplotype   rs7705526   rs7449190
174 iterative  TERT       100             DBP haplotype   rs2736099   rs7449190
175 iterative  TERT       100             DBP haplotype  rs61748181   rs7449190
176 iterative  TERT       100             DBP haplotype  rs62329729   rs7449190
177 iterative  TERT       100             DBP    dosage   rs7705526 rs144265680
178 iterative  TERT       100             DBP    dosage   rs2736099 rs144265680
179 iterative  TERT       100             DBP    dosage   rs7710703 rs144265680
180 iterative  TERT       100             DBP    dosage  rs61748181 rs144265680
181 iterative  TERT       100             DBP    dosage  rs62329694 rs144265680
182 iterative  TERT       100             DBP    dosage   rs7705526  rs33948291
183 iterative  TERT       100             DBP    dosage   rs2736099  rs33948291
184 iterative  TERT       100             DBP    dosage   rs7710703  rs33948291
185 iterative  TERT       100             DBP    dosage  rs61748181  rs33948291
186 iterative  TERT       100             DBP    dosage  rs62329694  rs33948291
187 iterative  TERT       100             DBP    dosage   rs7705526   rs7449190
188 iterative  TERT       100             DBP    dosage   rs2736099   rs7449190
189 iterative  TERT       100             DBP    dosage   rs7710703   rs7449190
190 iterative  TERT       100             DBP    dosage  rs61748181   rs7449190
191 iterative  TERT       100             DBP    dosage  rs62329694   rs7449190
192 iterative  TERT       100 FG_HYPERTENSION haplotype rs149918068  rs76947254
193 iterative  TERT       100 FG_HYPERTENSION haplotype rs138895564  rs76947254
194 iterative  TERT       100 FG_HYPERTENSION haplotype  rs33961405  rs76947254
195 iterative  TERT       100 FG_HYPERTENSION haplotype   rs7705526  rs76947254
196 iterative  TERT       100 FG_HYPERTENSION haplotype rs115251750  rs76947254
197 iterative  TERT       100 FG_HYPERTENSION haplotype rs149918068 rs539179598
198 iterative  TERT       100 FG_HYPERTENSION haplotype rs138895564 rs539179598
199 iterative  TERT       100 FG_HYPERTENSION haplotype  rs33961405 rs539179598
200 iterative  TERT       100 FG_HYPERTENSION haplotype   rs7705526 rs539179598
201 iterative  TERT       100 FG_HYPERTENSION haplotype rs115251750 rs539179598
202 iterative  TERT       100 FG_HYPERTENSION haplotype rs149918068  rs79698601
203 iterative  TERT       100 FG_HYPERTENSION haplotype rs138895564  rs79698601
204 iterative  TERT       100 FG_HYPERTENSION haplotype  rs33961405  rs79698601
205 iterative  TERT       100 FG_HYPERTENSION haplotype   rs7705526  rs79698601
206 iterative  TERT       100 FG_HYPERTENSION haplotype rs115251750  rs79698601
207 iterative  TERT       100 FG_HYPERTENSION haplotype rs149918068 rs143051132
208 iterative  TERT       100 FG_HYPERTENSION haplotype rs138895564 rs143051132
209 iterative  TERT       100 FG_HYPERTENSION haplotype  rs33961405 rs143051132
210 iterative  TERT       100 FG_HYPERTENSION haplotype   rs7705526 rs143051132
211 iterative  TERT       100 FG_HYPERTENSION haplotype rs115251750 rs143051132
212 iterative  TERT       100 FG_HYPERTENSION haplotype rs149918068  rs73024276
213 iterative  TERT       100 FG_HYPERTENSION haplotype rs138895564  rs73024276
214 iterative  TERT       100 FG_HYPERTENSION haplotype  rs33961405  rs73024276
215 iterative  TERT       100 FG_HYPERTENSION haplotype   rs7705526  rs73024276
216 iterative  TERT       100 FG_HYPERTENSION haplotype rs115251750  rs73024276
217 iterative  TERT       100 FG_HYPERTENSION    dosage rs138895564  rs76947254
218 iterative  TERT       100 FG_HYPERTENSION    dosage  rs33961405  rs76947254
219 iterative  TERT       100 FG_HYPERTENSION    dosage   rs7705526  rs76947254
220 iterative  TERT       100 FG_HYPERTENSION    dosage  rs61748181  rs76947254
221 iterative  TERT       100 FG_HYPERTENSION    dosage rs115251750  rs76947254
222 iterative  TERT       100 FG_HYPERTENSION    dosage rs138895564 rs539179598
223 iterative  TERT       100 FG_HYPERTENSION    dosage  rs33961405 rs539179598
224 iterative  TERT       100 FG_HYPERTENSION    dosage   rs7705526 rs539179598
225 iterative  TERT       100 FG_HYPERTENSION    dosage  rs61748181 rs539179598
226 iterative  TERT       100 FG_HYPERTENSION    dosage rs115251750 rs539179598
227 iterative  TERT       100 FG_HYPERTENSION    dosage rs138895564  rs79698601
228 iterative  TERT       100 FG_HYPERTENSION    dosage  rs33961405  rs79698601
229 iterative  TERT       100 FG_HYPERTENSION    dosage   rs7705526  rs79698601
230 iterative  TERT       100 FG_HYPERTENSION    dosage  rs61748181  rs79698601
231 iterative  TERT       100 FG_HYPERTENSION    dosage rs115251750  rs79698601
232 iterative  TERT       100 FG_HYPERTENSION    dosage rs138895564 rs143051132
233 iterative  TERT       100 FG_HYPERTENSION    dosage  rs33961405 rs143051132
234 iterative  TERT       100 FG_HYPERTENSION    dosage   rs7705526 rs143051132
235 iterative  TERT       100 FG_HYPERTENSION    dosage  rs61748181 rs143051132
236 iterative  TERT       100 FG_HYPERTENSION    dosage rs115251750 rs143051132
237 iterative  TERT       100 FG_HYPERTENSION    dosage rs138895564  rs73024276
238 iterative  TERT       100 FG_HYPERTENSION    dosage  rs33961405  rs73024276
239 iterative  TERT       100 FG_HYPERTENSION    dosage   rs7705526  rs73024276
240 iterative  TERT       100 FG_HYPERTENSION    dosage  rs61748181  rs73024276
241 iterative  TERT       100 FG_HYPERTENSION    dosage rs115251750  rs73024276
242 iterative  TERT       250             SBP haplotype  rs33961405  rs76327392
243 iterative  TERT       250             SBP haplotype   rs7705526  rs76327392
244 iterative  TERT       250             SBP haplotype   rs2736099  rs76327392
245 iterative  TERT       250             SBP haplotype  rs61748181  rs76327392
246 iterative  TERT       250             SBP haplotype  rs62329729  rs76327392
247 iterative  TERT       250             SBP haplotype  rs33961405  rs11742908
248 iterative  TERT       250             SBP haplotype   rs7705526  rs11742908
249 iterative  TERT       250             SBP haplotype   rs2736099  rs11742908
250 iterative  TERT       250             SBP haplotype  rs61748181  rs11742908
251 iterative  TERT       250             SBP haplotype  rs62329729  rs11742908
252 iterative  TERT       250             SBP haplotype  rs33961405   rs7449190
253 iterative  TERT       250             SBP haplotype   rs7705526   rs7449190
254 iterative  TERT       250             SBP haplotype   rs2736099   rs7449190
255 iterative  TERT       250             SBP haplotype  rs61748181   rs7449190
256 iterative  TERT       250             SBP haplotype  rs62329729   rs7449190
257 iterative  TERT       250             SBP haplotype  rs33961405      rs6350
258 iterative  TERT       250             SBP haplotype   rs7705526      rs6350
259 iterative  TERT       250             SBP haplotype   rs2736099      rs6350
260 iterative  TERT       250             SBP haplotype  rs61748181      rs6350
261 iterative  TERT       250             SBP haplotype  rs62329729      rs6350
262 iterative  TERT       250             SBP    dosage   rs7705526   rs4975631
263 iterative  TERT       250             SBP    dosage   rs2736099   rs4975631
264 iterative  TERT       250             SBP    dosage   rs7710703   rs4975631
265 iterative  TERT       250             SBP    dosage  rs61748181   rs4975631
266 iterative  TERT       250             SBP    dosage  rs62329694   rs4975631
267 iterative  TERT       250             SBP    dosage   rs7705526  rs11742908
268 iterative  TERT       250             SBP    dosage   rs2736099  rs11742908
269 iterative  TERT       250             SBP    dosage   rs7710703  rs11742908
270 iterative  TERT       250             SBP    dosage  rs61748181  rs11742908
271 iterative  TERT       250             SBP    dosage  rs62329694  rs11742908
272 iterative  TERT       250             SBP    dosage   rs7705526   rs7449190
273 iterative  TERT       250             SBP    dosage   rs2736099   rs7449190
274 iterative  TERT       250             SBP    dosage   rs7710703   rs7449190
275 iterative  TERT       250             SBP    dosage  rs61748181   rs7449190
276 iterative  TERT       250             SBP    dosage  rs62329694   rs7449190
277 iterative  TERT       250             SBP    dosage   rs7705526      rs6350
278 iterative  TERT       250             SBP    dosage   rs2736099      rs6350
279 iterative  TERT       250             SBP    dosage   rs7710703      rs6350
280 iterative  TERT       250             SBP    dosage  rs61748181      rs6350
281 iterative  TERT       250             SBP    dosage  rs62329694      rs6350
282 iterative  TERT       250             DBP haplotype  rs33961405   rs4326188
283 iterative  TERT       250             DBP haplotype   rs7705526   rs4326188
284 iterative  TERT       250             DBP haplotype   rs2736099   rs4326188
285 iterative  TERT       250             DBP haplotype  rs61748181   rs4326188
286 iterative  TERT       250             DBP haplotype  rs62329729   rs4326188
287 iterative  TERT       250             DBP haplotype  rs33961405 rs144265680
288 iterative  TERT       250             DBP haplotype   rs7705526 rs144265680
289 iterative  TERT       250             DBP haplotype   rs2736099 rs144265680
290 iterative  TERT       250             DBP haplotype  rs61748181 rs144265680
291 iterative  TERT       250             DBP haplotype  rs62329729 rs144265680
292 iterative  TERT       250             DBP haplotype  rs33961405  rs33948291
293 iterative  TERT       250             DBP haplotype   rs7705526  rs33948291
294 iterative  TERT       250             DBP haplotype   rs2736099  rs33948291
295 iterative  TERT       250             DBP haplotype  rs61748181  rs33948291
296 iterative  TERT       250             DBP haplotype  rs62329729  rs33948291
297 iterative  TERT       250             DBP haplotype  rs33961405   rs7449190
298 iterative  TERT       250             DBP haplotype   rs7705526   rs7449190
299 iterative  TERT       250             DBP haplotype   rs2736099   rs7449190
300 iterative  TERT       250             DBP haplotype  rs61748181   rs7449190
301 iterative  TERT       250             DBP haplotype  rs62329729   rs7449190
302 iterative  TERT       250             DBP haplotype  rs33961405  rs11564750
303 iterative  TERT       250             DBP haplotype   rs7705526  rs11564750
304 iterative  TERT       250             DBP haplotype   rs2736099  rs11564750
305 iterative  TERT       250             DBP haplotype  rs61748181  rs11564750
306 iterative  TERT       250             DBP haplotype  rs62329729  rs11564750
307 iterative  TERT       250             DBP    dosage   rs7705526   rs4326188
308 iterative  TERT       250             DBP    dosage   rs2736099   rs4326188
309 iterative  TERT       250             DBP    dosage   rs7710703   rs4326188
310 iterative  TERT       250             DBP    dosage  rs61748181   rs4326188
311 iterative  TERT       250             DBP    dosage  rs62329694   rs4326188
312 iterative  TERT       250             DBP    dosage   rs7705526 rs144265680
313 iterative  TERT       250             DBP    dosage   rs2736099 rs144265680
314 iterative  TERT       250             DBP    dosage   rs7710703 rs144265680
315 iterative  TERT       250             DBP    dosage  rs61748181 rs144265680
316 iterative  TERT       250             DBP    dosage  rs62329694 rs144265680
317 iterative  TERT       250             DBP    dosage   rs7705526  rs33948291
318 iterative  TERT       250             DBP    dosage   rs2736099  rs33948291
319 iterative  TERT       250             DBP    dosage   rs7710703  rs33948291
320 iterative  TERT       250             DBP    dosage  rs61748181  rs33948291
321 iterative  TERT       250             DBP    dosage  rs62329694  rs33948291
322 iterative  TERT       250             DBP    dosage   rs7705526   rs7449190
323 iterative  TERT       250             DBP    dosage   rs2736099   rs7449190
324 iterative  TERT       250             DBP    dosage   rs7710703   rs7449190
325 iterative  TERT       250             DBP    dosage  rs61748181   rs7449190
326 iterative  TERT       250             DBP    dosage  rs62329694   rs7449190
327 iterative  TERT       250             DBP    dosage   rs7705526  rs11564750
328 iterative  TERT       250             DBP    dosage   rs2736099  rs11564750
329 iterative  TERT       250             DBP    dosage   rs7710703  rs11564750
330 iterative  TERT       250             DBP    dosage  rs61748181  rs11564750
331 iterative  TERT       250             DBP    dosage  rs62329694  rs11564750
332 iterative  TERT       250 FG_HYPERTENSION haplotype rs149918068  rs60241368
333 iterative  TERT       250 FG_HYPERTENSION haplotype rs138895564  rs60241368
334 iterative  TERT       250 FG_HYPERTENSION haplotype  rs33961405  rs60241368
335 iterative  TERT       250 FG_HYPERTENSION haplotype   rs7705526  rs60241368
336 iterative  TERT       250 FG_HYPERTENSION haplotype rs115251750  rs60241368
337 iterative  TERT       250 FG_HYPERTENSION haplotype rs149918068 rs200666082
338 iterative  TERT       250 FG_HYPERTENSION haplotype rs138895564 rs200666082
339 iterative  TERT       250 FG_HYPERTENSION haplotype  rs33961405 rs200666082
340 iterative  TERT       250 FG_HYPERTENSION haplotype   rs7705526 rs200666082
341 iterative  TERT       250 FG_HYPERTENSION haplotype rs115251750 rs200666082
342 iterative  TERT       250 FG_HYPERTENSION haplotype rs149918068 rs141839244
343 iterative  TERT       250 FG_HYPERTENSION haplotype rs138895564 rs141839244
344 iterative  TERT       250 FG_HYPERTENSION haplotype  rs33961405 rs141839244
345 iterative  TERT       250 FG_HYPERTENSION haplotype   rs7705526 rs141839244
346 iterative  TERT       250 FG_HYPERTENSION haplotype rs115251750 rs141839244
347 iterative  TERT       250 FG_HYPERTENSION haplotype rs149918068 rs549000232
348 iterative  TERT       250 FG_HYPERTENSION haplotype rs138895564 rs549000232
349 iterative  TERT       250 FG_HYPERTENSION haplotype  rs33961405 rs549000232
350 iterative  TERT       250 FG_HYPERTENSION haplotype   rs7705526 rs549000232
351 iterative  TERT       250 FG_HYPERTENSION haplotype rs115251750 rs549000232
352 iterative  TERT       250 FG_HYPERTENSION haplotype rs149918068  rs77064903
353 iterative  TERT       250 FG_HYPERTENSION haplotype rs138895564  rs77064903
354 iterative  TERT       250 FG_HYPERTENSION haplotype  rs33961405  rs77064903
355 iterative  TERT       250 FG_HYPERTENSION haplotype   rs7705526  rs77064903
356 iterative  TERT       250 FG_HYPERTENSION haplotype rs115251750  rs77064903
357 iterative  TERT       250 FG_HYPERTENSION    dosage rs138895564  rs60241368
358 iterative  TERT       250 FG_HYPERTENSION    dosage  rs33961405  rs60241368
359 iterative  TERT       250 FG_HYPERTENSION    dosage   rs7705526  rs60241368
360 iterative  TERT       250 FG_HYPERTENSION    dosage  rs61748181  rs60241368
361 iterative  TERT       250 FG_HYPERTENSION    dosage rs115251750  rs60241368
362 iterative  TERT       250 FG_HYPERTENSION    dosage rs138895564 rs200666082
363 iterative  TERT       250 FG_HYPERTENSION    dosage  rs33961405 rs200666082
364 iterative  TERT       250 FG_HYPERTENSION    dosage   rs7705526 rs200666082
365 iterative  TERT       250 FG_HYPERTENSION    dosage  rs61748181 rs200666082
366 iterative  TERT       250 FG_HYPERTENSION    dosage rs115251750 rs200666082
367 iterative  TERT       250 FG_HYPERTENSION    dosage rs138895564 rs141839244
368 iterative  TERT       250 FG_HYPERTENSION    dosage  rs33961405 rs141839244
369 iterative  TERT       250 FG_HYPERTENSION    dosage   rs7705526 rs141839244
370 iterative  TERT       250 FG_HYPERTENSION    dosage  rs61748181 rs141839244
371 iterative  TERT       250 FG_HYPERTENSION    dosage rs115251750 rs141839244
372 iterative  TERT       250 FG_HYPERTENSION    dosage rs138895564 rs549000232
373 iterative  TERT       250 FG_HYPERTENSION    dosage  rs33961405 rs549000232
374 iterative  TERT       250 FG_HYPERTENSION    dosage   rs7705526 rs549000232
375 iterative  TERT       250 FG_HYPERTENSION    dosage  rs61748181 rs549000232
376 iterative  TERT       250 FG_HYPERTENSION    dosage rs115251750 rs549000232
377 iterative  TERT       250 FG_HYPERTENSION    dosage rs138895564  rs77064903
378 iterative  TERT       250 FG_HYPERTENSION    dosage  rs33961405  rs77064903
379 iterative  TERT       250 FG_HYPERTENSION    dosage   rs7705526  rs77064903
380 iterative  TERT       250 FG_HYPERTENSION    dosage  rs61748181  rs77064903
381 iterative  TERT       250 FG_HYPERTENSION    dosage rs115251750  rs77064903
382 allbutone  TERC       100             SBP haplotype  rs12054436  rs12638862
383 allbutone  TERC       100             SBP haplotype   rs2293607  rs12638862
384 allbutone  TERC       100             SBP haplotype   rs1920117  rs12638862
385 allbutone  TERC       100             SBP haplotype  rs12054436  rs76218649
386 allbutone  TERC       100             SBP haplotype   rs2293607  rs76218649
387 allbutone  TERC       100             SBP haplotype   rs1920117  rs76218649
388 allbutone  TERC       100             SBP    dosage  rs12054436  rs12638862
389 allbutone  TERC       100             SBP    dosage   rs2293607  rs12638862
390 allbutone  TERC       100             SBP    dosage  rs28688695  rs12638862
391 allbutone  TERC       100             SBP    dosage   rs1920117  rs12638862
392 allbutone  TERC       100             SBP    dosage  rs12054436  rs76218649
393 allbutone  TERC       100             SBP    dosage   rs2293607  rs76218649
394 allbutone  TERC       100             SBP    dosage  rs28688695  rs76218649
395 allbutone  TERC       100             SBP    dosage   rs1920117  rs76218649
396 allbutone  TERC       100             DBP haplotype  rs12054436  rs10428127
397 allbutone  TERC       100             DBP haplotype   rs2293607  rs10428127
398 allbutone  TERC       100             DBP haplotype   rs1920117  rs10428127
399 allbutone  TERC       100             DBP    dosage  rs12054436  rs10428127
400 allbutone  TERC       100             DBP    dosage   rs2293607  rs10428127
401 allbutone  TERC       100             DBP    dosage  rs28688695  rs10428127
402 allbutone  TERC       100             DBP    dosage   rs1920117  rs10428127
403 allbutone  TERC       100 FG_HYPERTENSION haplotype   rs2293607 rs138938163
404 allbutone  TERC       100 FG_HYPERTENSION haplotype rs201157832 rs138938163
405 allbutone  TERC       100 FG_HYPERTENSION haplotype rs146546514 rs138938163
406 allbutone  TERC       100 FG_HYPERTENSION haplotype rs115475603 rs138938163
407 allbutone  TERC       100 FG_HYPERTENSION haplotype   rs1920117 rs138938163
408 allbutone  TERC       100 FG_HYPERTENSION haplotype   rs2293607 rs142512248
409 allbutone  TERC       100 FG_HYPERTENSION haplotype rs201157832 rs142512248
410 allbutone  TERC       100 FG_HYPERTENSION haplotype rs146546514 rs142512248
411 allbutone  TERC       100 FG_HYPERTENSION haplotype rs115475603 rs142512248
412 allbutone  TERC       100 FG_HYPERTENSION haplotype   rs1920117 rs142512248
413 allbutone  TERC       100 FG_HYPERTENSION haplotype   rs2293607  rs78735755
414 allbutone  TERC       100 FG_HYPERTENSION haplotype rs201157832  rs78735755
415 allbutone  TERC       100 FG_HYPERTENSION haplotype rs146546514  rs78735755
416 allbutone  TERC       100 FG_HYPERTENSION haplotype rs115475603  rs78735755
417 allbutone  TERC       100 FG_HYPERTENSION haplotype   rs1920117  rs78735755
418 allbutone  TERC       100 FG_HYPERTENSION    dosage   rs7610569 rs138938163
419 allbutone  TERC       100 FG_HYPERTENSION    dosage   rs2293607 rs138938163
420 allbutone  TERC       100 FG_HYPERTENSION    dosage rs146546514 rs138938163
421 allbutone  TERC       100 FG_HYPERTENSION    dosage rs115475603 rs138938163
422 allbutone  TERC       100 FG_HYPERTENSION    dosage   rs1920117 rs138938163
423 allbutone  TERC       100 FG_HYPERTENSION    dosage   rs7610569  rs78735755
424 allbutone  TERC       100 FG_HYPERTENSION    dosage   rs2293607  rs78735755
425 allbutone  TERC       100 FG_HYPERTENSION    dosage rs146546514  rs78735755
426 allbutone  TERC       100 FG_HYPERTENSION    dosage rs115475603  rs78735755
427 allbutone  TERC       100 FG_HYPERTENSION    dosage   rs1920117  rs78735755
428 allbutone  TERC       250             SBP haplotype   rs9835323   rs1345470
429 allbutone  TERC       250             SBP haplotype   rs2293607   rs1345470
430 allbutone  TERC       250             SBP haplotype   rs1920117   rs1345470
431 allbutone  TERC       250             SBP haplotype  rs16854538   rs1345470
432 allbutone  TERC       250             SBP haplotype   rs2111820   rs1345470
433 allbutone  TERC       250             SBP haplotype   rs9835323  rs12638862
434 allbutone  TERC       250             SBP haplotype   rs2293607  rs12638862
435 allbutone  TERC       250             SBP haplotype   rs1920117  rs12638862
436 allbutone  TERC       250             SBP haplotype  rs16854538  rs12638862
437 allbutone  TERC       250             SBP haplotype   rs2111820  rs12638862
438 allbutone  TERC       250             SBP haplotype   rs9835323  rs76218649
439 allbutone  TERC       250             SBP haplotype   rs2293607  rs76218649
440 allbutone  TERC       250             SBP haplotype   rs1920117  rs76218649
441 allbutone  TERC       250             SBP haplotype  rs16854538  rs76218649
442 allbutone  TERC       250             SBP haplotype   rs2111820  rs76218649
443 allbutone  TERC       250             SBP    dosage  rs75041760   rs1833342
444 allbutone  TERC       250             SBP    dosage rs143373116   rs1833342
445 allbutone  TERC       250             SBP    dosage   rs9835323   rs1833342
446 allbutone  TERC       250             SBP    dosage   rs2293607   rs1833342
447 allbutone  TERC       250             SBP    dosage  rs16854538   rs1833342
448 allbutone  TERC       250             SBP    dosage  rs75041760  rs12638862
449 allbutone  TERC       250             SBP    dosage rs143373116  rs12638862
450 allbutone  TERC       250             SBP    dosage   rs9835323  rs12638862
451 allbutone  TERC       250             SBP    dosage   rs2293607  rs12638862
452 allbutone  TERC       250             SBP    dosage  rs16854538  rs12638862
453 allbutone  TERC       250             SBP    dosage  rs75041760  rs76218649
454 allbutone  TERC       250             SBP    dosage rs143373116  rs76218649
455 allbutone  TERC       250             SBP    dosage   rs9835323  rs76218649
456 allbutone  TERC       250             SBP    dosage   rs2293607  rs76218649
457 allbutone  TERC       250             SBP    dosage  rs16854538  rs76218649
458 allbutone  TERC       250             DBP haplotype   rs9835323   rs6791154
459 allbutone  TERC       250             DBP haplotype   rs2293607   rs6791154
460 allbutone  TERC       250             DBP haplotype   rs1920117   rs6791154
461 allbutone  TERC       250             DBP haplotype  rs16854538   rs6791154
462 allbutone  TERC       250             DBP haplotype   rs2111820   rs6791154
463 allbutone  TERC       250             DBP    dosage  rs75041760   rs6791154
464 allbutone  TERC       250             DBP    dosage rs143373116   rs6791154
465 allbutone  TERC       250             DBP    dosage   rs9835323   rs6791154
466 allbutone  TERC       250             DBP    dosage   rs2293607   rs6791154
467 allbutone  TERC       250             DBP    dosage  rs16854538   rs6791154
468 allbutone  TERC       250 FG_HYPERTENSION haplotype   rs2293607 rs137892077
469 allbutone  TERC       250 FG_HYPERTENSION haplotype rs146546514 rs137892077
470 allbutone  TERC       250 FG_HYPERTENSION haplotype rs115475603 rs137892077
471 allbutone  TERC       250 FG_HYPERTENSION haplotype rs117955747 rs137892077
472 allbutone  TERC       250 FG_HYPERTENSION haplotype   rs2111820 rs137892077
473 allbutone  TERC       250 FG_HYPERTENSION haplotype   rs2293607 rs115302902
474 allbutone  TERC       250 FG_HYPERTENSION haplotype rs146546514 rs115302902
475 allbutone  TERC       250 FG_HYPERTENSION haplotype rs115475603 rs115302902
476 allbutone  TERC       250 FG_HYPERTENSION haplotype rs117955747 rs115302902
477 allbutone  TERC       250 FG_HYPERTENSION haplotype   rs2111820 rs115302902
478 allbutone  TERC       250 FG_HYPERTENSION haplotype   rs2293607  rs61420799
479 allbutone  TERC       250 FG_HYPERTENSION haplotype rs146546514  rs61420799
480 allbutone  TERC       250 FG_HYPERTENSION haplotype rs115475603  rs61420799
481 allbutone  TERC       250 FG_HYPERTENSION haplotype rs117955747  rs61420799
482 allbutone  TERC       250 FG_HYPERTENSION haplotype   rs2111820  rs61420799
483 allbutone  TERC       250 FG_HYPERTENSION haplotype   rs2293607 rs150618879
484 allbutone  TERC       250 FG_HYPERTENSION haplotype rs146546514 rs150618879
485 allbutone  TERC       250 FG_HYPERTENSION haplotype rs115475603 rs150618879
486 allbutone  TERC       250 FG_HYPERTENSION haplotype rs117955747 rs150618879
487 allbutone  TERC       250 FG_HYPERTENSION haplotype   rs2111820 rs150618879
488 allbutone  TERC       250 FG_HYPERTENSION haplotype   rs2293607 rs116198663
489 allbutone  TERC       250 FG_HYPERTENSION haplotype rs146546514 rs116198663
490 allbutone  TERC       250 FG_HYPERTENSION haplotype rs115475603 rs116198663
491 allbutone  TERC       250 FG_HYPERTENSION haplotype rs117955747 rs116198663
492 allbutone  TERC       250 FG_HYPERTENSION haplotype   rs2111820 rs116198663
493 allbutone  TERC       250 FG_HYPERTENSION    dosage   rs9835323 rs137892077
494 allbutone  TERC       250 FG_HYPERTENSION    dosage   rs2293607 rs137892077
495 allbutone  TERC       250 FG_HYPERTENSION    dosage rs146546514 rs137892077
496 allbutone  TERC       250 FG_HYPERTENSION    dosage rs115475603 rs137892077
497 allbutone  TERC       250 FG_HYPERTENSION    dosage rs117955747 rs137892077
498 allbutone  TERC       250 FG_HYPERTENSION    dosage   rs9835323 rs115302902
499 allbutone  TERC       250 FG_HYPERTENSION    dosage   rs2293607 rs115302902
500 allbutone  TERC       250 FG_HYPERTENSION    dosage rs146546514 rs115302902
501 allbutone  TERC       250 FG_HYPERTENSION    dosage rs115475603 rs115302902
502 allbutone  TERC       250 FG_HYPERTENSION    dosage rs117955747 rs115302902
503 allbutone  TERC       250 FG_HYPERTENSION    dosage   rs9835323  rs61420799
504 allbutone  TERC       250 FG_HYPERTENSION    dosage   rs2293607  rs61420799
505 allbutone  TERC       250 FG_HYPERTENSION    dosage rs146546514  rs61420799
506 allbutone  TERC       250 FG_HYPERTENSION    dosage rs115475603  rs61420799
507 allbutone  TERC       250 FG_HYPERTENSION    dosage rs117955747  rs61420799
508 allbutone  TERC       250 FG_HYPERTENSION    dosage   rs9835323 rs150618879
509 allbutone  TERC       250 FG_HYPERTENSION    dosage   rs2293607 rs150618879
510 allbutone  TERC       250 FG_HYPERTENSION    dosage rs146546514 rs150618879
511 allbutone  TERC       250 FG_HYPERTENSION    dosage rs115475603 rs150618879
512 allbutone  TERC       250 FG_HYPERTENSION    dosage rs117955747 rs150618879
513 allbutone  TERC       250 FG_HYPERTENSION    dosage   rs9835323 rs116198663
514 allbutone  TERC       250 FG_HYPERTENSION    dosage   rs2293607 rs116198663
515 allbutone  TERC       250 FG_HYPERTENSION    dosage rs146546514 rs116198663
516 allbutone  TERC       250 FG_HYPERTENSION    dosage rs115475603 rs116198663
517 allbutone  TERC       250 FG_HYPERTENSION    dosage rs117955747 rs116198663
518 allbutone  TERT       100             SBP haplotype  rs33961405  rs11742908
519 allbutone  TERT       100             SBP haplotype   rs7705526  rs11742908
520 allbutone  TERT       100             SBP haplotype   rs2736099  rs11742908
521 allbutone  TERT       100             SBP haplotype  rs61748181  rs11742908
522 allbutone  TERT       100             SBP haplotype  rs62329729  rs11742908
523 allbutone  TERT       100             SBP haplotype  rs33961405   rs7449190
524 allbutone  TERT       100             SBP haplotype   rs7705526   rs7449190
525 allbutone  TERT       100             SBP haplotype   rs2736099   rs7449190
526 allbutone  TERT       100             SBP haplotype  rs61748181   rs7449190
527 allbutone  TERT       100             SBP haplotype  rs62329729   rs7449190
528 allbutone  TERT       100             SBP    dosage   rs7705526   rs4975631
529 allbutone  TERT       100             SBP    dosage   rs2736099   rs4975631
530 allbutone  TERT       100             SBP    dosage   rs7710703   rs4975631
531 allbutone  TERT       100             SBP    dosage  rs61748181   rs4975631
532 allbutone  TERT       100             SBP    dosage  rs62329694   rs4975631
533 allbutone  TERT       100             SBP    dosage   rs7705526  rs11742908
534 allbutone  TERT       100             SBP    dosage   rs2736099  rs11742908
535 allbutone  TERT       100             SBP    dosage   rs7710703  rs11742908
536 allbutone  TERT       100             SBP    dosage  rs61748181  rs11742908
537 allbutone  TERT       100             SBP    dosage  rs62329694  rs11742908
538 allbutone  TERT       100             SBP    dosage   rs7705526   rs7449190
539 allbutone  TERT       100             SBP    dosage   rs2736099   rs7449190
540 allbutone  TERT       100             SBP    dosage   rs7710703   rs7449190
541 allbutone  TERT       100             SBP    dosage  rs61748181   rs7449190
542 allbutone  TERT       100             SBP    dosage  rs62329694   rs7449190
543 allbutone  TERT       100             DBP haplotype  rs33961405 rs144265680
544 allbutone  TERT       100             DBP haplotype   rs7705526 rs144265680
545 allbutone  TERT       100             DBP haplotype   rs2736099 rs144265680
546 allbutone  TERT       100             DBP haplotype  rs61748181 rs144265680
547 allbutone  TERT       100             DBP haplotype  rs62329729 rs144265680
548 allbutone  TERT       100             DBP haplotype  rs33961405  rs33948291
549 allbutone  TERT       100             DBP haplotype   rs7705526  rs33948291
550 allbutone  TERT       100             DBP haplotype   rs2736099  rs33948291
551 allbutone  TERT       100             DBP haplotype  rs61748181  rs33948291
552 allbutone  TERT       100             DBP haplotype  rs62329729  rs33948291
553 allbutone  TERT       100             DBP haplotype  rs33961405   rs7449190
554 allbutone  TERT       100             DBP haplotype   rs7705526   rs7449190
555 allbutone  TERT       100             DBP haplotype   rs2736099   rs7449190
556 allbutone  TERT       100             DBP haplotype  rs61748181   rs7449190
557 allbutone  TERT       100             DBP haplotype  rs62329729   rs7449190
558 allbutone  TERT       100             DBP    dosage   rs7705526 rs144265680
559 allbutone  TERT       100             DBP    dosage   rs2736099 rs144265680
560 allbutone  TERT       100             DBP    dosage   rs7710703 rs144265680
561 allbutone  TERT       100             DBP    dosage  rs61748181 rs144265680
562 allbutone  TERT       100             DBP    dosage  rs62329694 rs144265680
563 allbutone  TERT       100             DBP    dosage   rs7705526  rs33948291
564 allbutone  TERT       100             DBP    dosage   rs2736099  rs33948291
565 allbutone  TERT       100             DBP    dosage   rs7710703  rs33948291
566 allbutone  TERT       100             DBP    dosage  rs61748181  rs33948291
567 allbutone  TERT       100             DBP    dosage  rs62329694  rs33948291
568 allbutone  TERT       100             DBP    dosage   rs7705526   rs7449190
569 allbutone  TERT       100             DBP    dosage   rs2736099   rs7449190
570 allbutone  TERT       100             DBP    dosage   rs7710703   rs7449190
571 allbutone  TERT       100             DBP    dosage  rs61748181   rs7449190
572 allbutone  TERT       100             DBP    dosage  rs62329694   rs7449190
573 allbutone  TERT       100 FG_HYPERTENSION haplotype rs149918068  rs76947254
574 allbutone  TERT       100 FG_HYPERTENSION haplotype rs138895564  rs76947254
575 allbutone  TERT       100 FG_HYPERTENSION haplotype  rs33961405  rs76947254
576 allbutone  TERT       100 FG_HYPERTENSION haplotype   rs7705526  rs76947254
577 allbutone  TERT       100 FG_HYPERTENSION haplotype rs115251750  rs76947254
578 allbutone  TERT       100 FG_HYPERTENSION haplotype rs149918068 rs539179598
579 allbutone  TERT       100 FG_HYPERTENSION haplotype rs138895564 rs539179598
580 allbutone  TERT       100 FG_HYPERTENSION haplotype  rs33961405 rs539179598
581 allbutone  TERT       100 FG_HYPERTENSION haplotype   rs7705526 rs539179598
582 allbutone  TERT       100 FG_HYPERTENSION haplotype rs115251750 rs539179598
583 allbutone  TERT       100 FG_HYPERTENSION haplotype rs149918068  rs79698601
584 allbutone  TERT       100 FG_HYPERTENSION haplotype rs138895564  rs79698601
585 allbutone  TERT       100 FG_HYPERTENSION haplotype  rs33961405  rs79698601
586 allbutone  TERT       100 FG_HYPERTENSION haplotype   rs7705526  rs79698601
587 allbutone  TERT       100 FG_HYPERTENSION haplotype rs115251750  rs79698601
588 allbutone  TERT       100 FG_HYPERTENSION haplotype rs149918068 rs143051132
589 allbutone  TERT       100 FG_HYPERTENSION haplotype rs138895564 rs143051132
590 allbutone  TERT       100 FG_HYPERTENSION haplotype  rs33961405 rs143051132
591 allbutone  TERT       100 FG_HYPERTENSION haplotype   rs7705526 rs143051132
592 allbutone  TERT       100 FG_HYPERTENSION haplotype rs115251750 rs143051132
593 allbutone  TERT       100 FG_HYPERTENSION haplotype rs149918068  rs73024276
594 allbutone  TERT       100 FG_HYPERTENSION haplotype rs138895564  rs73024276
595 allbutone  TERT       100 FG_HYPERTENSION haplotype  rs33961405  rs73024276
596 allbutone  TERT       100 FG_HYPERTENSION haplotype   rs7705526  rs73024276
597 allbutone  TERT       100 FG_HYPERTENSION haplotype rs115251750  rs73024276
598 allbutone  TERT       100 FG_HYPERTENSION    dosage rs138895564  rs76947254
599 allbutone  TERT       100 FG_HYPERTENSION    dosage  rs33961405  rs76947254
600 allbutone  TERT       100 FG_HYPERTENSION    dosage   rs7705526  rs76947254
601 allbutone  TERT       100 FG_HYPERTENSION    dosage  rs61748181  rs76947254
602 allbutone  TERT       100 FG_HYPERTENSION    dosage rs115251750  rs76947254
603 allbutone  TERT       100 FG_HYPERTENSION    dosage rs138895564 rs539179598
604 allbutone  TERT       100 FG_HYPERTENSION    dosage  rs33961405 rs539179598
605 allbutone  TERT       100 FG_HYPERTENSION    dosage   rs7705526 rs539179598
606 allbutone  TERT       100 FG_HYPERTENSION    dosage  rs61748181 rs539179598
607 allbutone  TERT       100 FG_HYPERTENSION    dosage rs115251750 rs539179598
608 allbutone  TERT       100 FG_HYPERTENSION    dosage rs138895564  rs79698601
609 allbutone  TERT       100 FG_HYPERTENSION    dosage  rs33961405  rs79698601
610 allbutone  TERT       100 FG_HYPERTENSION    dosage   rs7705526  rs79698601
611 allbutone  TERT       100 FG_HYPERTENSION    dosage  rs61748181  rs79698601
612 allbutone  TERT       100 FG_HYPERTENSION    dosage rs115251750  rs79698601
613 allbutone  TERT       100 FG_HYPERTENSION    dosage rs138895564 rs143051132
614 allbutone  TERT       100 FG_HYPERTENSION    dosage  rs33961405 rs143051132
615 allbutone  TERT       100 FG_HYPERTENSION    dosage   rs7705526 rs143051132
616 allbutone  TERT       100 FG_HYPERTENSION    dosage  rs61748181 rs143051132
617 allbutone  TERT       100 FG_HYPERTENSION    dosage rs115251750 rs143051132
618 allbutone  TERT       100 FG_HYPERTENSION    dosage rs138895564  rs73024276
619 allbutone  TERT       100 FG_HYPERTENSION    dosage  rs33961405  rs73024276
620 allbutone  TERT       100 FG_HYPERTENSION    dosage   rs7705526  rs73024276
621 allbutone  TERT       100 FG_HYPERTENSION    dosage  rs61748181  rs73024276
622 allbutone  TERT       100 FG_HYPERTENSION    dosage rs115251750  rs73024276
623 allbutone  TERT       250             SBP haplotype  rs33961405  rs76327392
624 allbutone  TERT       250             SBP haplotype   rs7705526  rs76327392
625 allbutone  TERT       250             SBP haplotype   rs2736099  rs76327392
626 allbutone  TERT       250             SBP haplotype  rs61748181  rs76327392
627 allbutone  TERT       250             SBP haplotype  rs62329729  rs76327392
628 allbutone  TERT       250             SBP haplotype  rs33961405  rs11742908
629 allbutone  TERT       250             SBP haplotype   rs7705526  rs11742908
630 allbutone  TERT       250             SBP haplotype   rs2736099  rs11742908
631 allbutone  TERT       250             SBP haplotype  rs61748181  rs11742908
632 allbutone  TERT       250             SBP haplotype  rs62329729  rs11742908
633 allbutone  TERT       250             SBP haplotype  rs33961405   rs7449190
634 allbutone  TERT       250             SBP haplotype   rs7705526   rs7449190
635 allbutone  TERT       250             SBP haplotype   rs2736099   rs7449190
636 allbutone  TERT       250             SBP haplotype  rs61748181   rs7449190
637 allbutone  TERT       250             SBP haplotype  rs62329729   rs7449190
638 allbutone  TERT       250             SBP haplotype  rs33961405      rs6350
639 allbutone  TERT       250             SBP haplotype   rs7705526      rs6350
640 allbutone  TERT       250             SBP haplotype   rs2736099      rs6350
641 allbutone  TERT       250             SBP haplotype  rs61748181      rs6350
642 allbutone  TERT       250             SBP haplotype  rs62329729      rs6350
643 allbutone  TERT       250             SBP    dosage   rs7705526   rs4975631
644 allbutone  TERT       250             SBP    dosage   rs2736099   rs4975631
645 allbutone  TERT       250             SBP    dosage   rs7710703   rs4975631
646 allbutone  TERT       250             SBP    dosage  rs61748181   rs4975631
647 allbutone  TERT       250             SBP    dosage  rs62329694   rs4975631
648 allbutone  TERT       250             SBP    dosage   rs7705526  rs11742908
649 allbutone  TERT       250             SBP    dosage   rs2736099  rs11742908
650 allbutone  TERT       250             SBP    dosage   rs7710703  rs11742908
651 allbutone  TERT       250             SBP    dosage  rs61748181  rs11742908
652 allbutone  TERT       250             SBP    dosage  rs62329694  rs11742908
653 allbutone  TERT       250             SBP    dosage   rs7705526   rs7449190
654 allbutone  TERT       250             SBP    dosage   rs2736099   rs7449190
655 allbutone  TERT       250             SBP    dosage   rs7710703   rs7449190
656 allbutone  TERT       250             SBP    dosage  rs61748181   rs7449190
657 allbutone  TERT       250             SBP    dosage  rs62329694   rs7449190
658 allbutone  TERT       250             SBP    dosage   rs7705526      rs6350
659 allbutone  TERT       250             SBP    dosage   rs2736099      rs6350
660 allbutone  TERT       250             SBP    dosage   rs7710703      rs6350
661 allbutone  TERT       250             SBP    dosage  rs61748181      rs6350
662 allbutone  TERT       250             SBP    dosage  rs62329694      rs6350
663 allbutone  TERT       250             DBP haplotype  rs33961405   rs4326188
664 allbutone  TERT       250             DBP haplotype   rs7705526   rs4326188
665 allbutone  TERT       250             DBP haplotype   rs2736099   rs4326188
666 allbutone  TERT       250             DBP haplotype  rs61748181   rs4326188
667 allbutone  TERT       250             DBP haplotype  rs62329729   rs4326188
668 allbutone  TERT       250             DBP haplotype  rs33961405 rs144265680
669 allbutone  TERT       250             DBP haplotype   rs7705526 rs144265680
670 allbutone  TERT       250             DBP haplotype   rs2736099 rs144265680
671 allbutone  TERT       250             DBP haplotype  rs61748181 rs144265680
672 allbutone  TERT       250             DBP haplotype  rs62329729 rs144265680
673 allbutone  TERT       250             DBP haplotype  rs33961405  rs33948291
674 allbutone  TERT       250             DBP haplotype   rs7705526  rs33948291
675 allbutone  TERT       250             DBP haplotype   rs2736099  rs33948291
676 allbutone  TERT       250             DBP haplotype  rs61748181  rs33948291
677 allbutone  TERT       250             DBP haplotype  rs62329729  rs33948291
678 allbutone  TERT       250             DBP haplotype  rs33961405   rs7449190
679 allbutone  TERT       250             DBP haplotype   rs7705526   rs7449190
680 allbutone  TERT       250             DBP haplotype   rs2736099   rs7449190
681 allbutone  TERT       250             DBP haplotype  rs61748181   rs7449190
682 allbutone  TERT       250             DBP haplotype  rs62329729   rs7449190
683 allbutone  TERT       250             DBP haplotype  rs33961405  rs11564750
684 allbutone  TERT       250             DBP haplotype   rs7705526  rs11564750
685 allbutone  TERT       250             DBP haplotype   rs2736099  rs11564750
686 allbutone  TERT       250             DBP haplotype  rs61748181  rs11564750
687 allbutone  TERT       250             DBP haplotype  rs62329729  rs11564750
688 allbutone  TERT       250             DBP    dosage   rs7705526   rs4326188
689 allbutone  TERT       250             DBP    dosage   rs2736099   rs4326188
690 allbutone  TERT       250             DBP    dosage   rs7710703   rs4326188
691 allbutone  TERT       250             DBP    dosage  rs61748181   rs4326188
692 allbutone  TERT       250             DBP    dosage  rs62329694   rs4326188
693 allbutone  TERT       250             DBP    dosage   rs7705526 rs144265680
694 allbutone  TERT       250             DBP    dosage   rs2736099 rs144265680
695 allbutone  TERT       250             DBP    dosage   rs7710703 rs144265680
696 allbutone  TERT       250             DBP    dosage  rs61748181 rs144265680
697 allbutone  TERT       250             DBP    dosage  rs62329694 rs144265680
698 allbutone  TERT       250             DBP    dosage   rs7705526  rs33948291
699 allbutone  TERT       250             DBP    dosage   rs2736099  rs33948291
700 allbutone  TERT       250             DBP    dosage   rs7710703  rs33948291
701 allbutone  TERT       250             DBP    dosage  rs61748181  rs33948291
702 allbutone  TERT       250             DBP    dosage  rs62329694  rs33948291
703 allbutone  TERT       250             DBP    dosage   rs7705526   rs7449190
704 allbutone  TERT       250             DBP    dosage   rs2736099   rs7449190
705 allbutone  TERT       250             DBP    dosage   rs7710703   rs7449190
706 allbutone  TERT       250             DBP    dosage  rs61748181   rs7449190
707 allbutone  TERT       250             DBP    dosage  rs62329694   rs7449190
708 allbutone  TERT       250             DBP    dosage   rs7705526  rs11564750
709 allbutone  TERT       250             DBP    dosage   rs2736099  rs11564750
710 allbutone  TERT       250             DBP    dosage   rs7710703  rs11564750
711 allbutone  TERT       250             DBP    dosage  rs61748181  rs11564750
712 allbutone  TERT       250             DBP    dosage  rs62329694  rs11564750
713 allbutone  TERT       250 FG_HYPERTENSION haplotype rs149918068  rs60241368
714 allbutone  TERT       250 FG_HYPERTENSION haplotype rs138895564  rs60241368
715 allbutone  TERT       250 FG_HYPERTENSION haplotype  rs33961405  rs60241368
716 allbutone  TERT       250 FG_HYPERTENSION haplotype   rs7705526  rs60241368
717 allbutone  TERT       250 FG_HYPERTENSION haplotype rs115251750  rs60241368
718 allbutone  TERT       250 FG_HYPERTENSION haplotype rs149918068 rs200666082
719 allbutone  TERT       250 FG_HYPERTENSION haplotype rs138895564 rs200666082
720 allbutone  TERT       250 FG_HYPERTENSION haplotype  rs33961405 rs200666082
721 allbutone  TERT       250 FG_HYPERTENSION haplotype   rs7705526 rs200666082
722 allbutone  TERT       250 FG_HYPERTENSION haplotype rs115251750 rs200666082
723 allbutone  TERT       250 FG_HYPERTENSION haplotype rs149918068 rs141839244
724 allbutone  TERT       250 FG_HYPERTENSION haplotype rs138895564 rs141839244
725 allbutone  TERT       250 FG_HYPERTENSION haplotype  rs33961405 rs141839244
726 allbutone  TERT       250 FG_HYPERTENSION haplotype   rs7705526 rs141839244
727 allbutone  TERT       250 FG_HYPERTENSION haplotype rs115251750 rs141839244
728 allbutone  TERT       250 FG_HYPERTENSION haplotype rs149918068 rs549000232
729 allbutone  TERT       250 FG_HYPERTENSION haplotype rs138895564 rs549000232
730 allbutone  TERT       250 FG_HYPERTENSION haplotype  rs33961405 rs549000232
731 allbutone  TERT       250 FG_HYPERTENSION haplotype   rs7705526 rs549000232
732 allbutone  TERT       250 FG_HYPERTENSION haplotype rs115251750 rs549000232
733 allbutone  TERT       250 FG_HYPERTENSION haplotype rs149918068  rs77064903
734 allbutone  TERT       250 FG_HYPERTENSION haplotype rs138895564  rs77064903
735 allbutone  TERT       250 FG_HYPERTENSION haplotype  rs33961405  rs77064903
736 allbutone  TERT       250 FG_HYPERTENSION haplotype   rs7705526  rs77064903
737 allbutone  TERT       250 FG_HYPERTENSION haplotype rs115251750  rs77064903
738 allbutone  TERT       250 FG_HYPERTENSION    dosage rs138895564  rs60241368
739 allbutone  TERT       250 FG_HYPERTENSION    dosage  rs33961405  rs60241368
740 allbutone  TERT       250 FG_HYPERTENSION    dosage   rs7705526  rs60241368
741 allbutone  TERT       250 FG_HYPERTENSION    dosage  rs61748181  rs60241368
742 allbutone  TERT       250 FG_HYPERTENSION    dosage rs115251750  rs60241368
743 allbutone  TERT       250 FG_HYPERTENSION    dosage rs138895564 rs200666082
744 allbutone  TERT       250 FG_HYPERTENSION    dosage  rs33961405 rs200666082
745 allbutone  TERT       250 FG_HYPERTENSION    dosage   rs7705526 rs200666082
746 allbutone  TERT       250 FG_HYPERTENSION    dosage  rs61748181 rs200666082
747 allbutone  TERT       250 FG_HYPERTENSION    dosage rs115251750 rs200666082
748 allbutone  TERT       250 FG_HYPERTENSION    dosage rs138895564 rs141839244
749 allbutone  TERT       250 FG_HYPERTENSION    dosage  rs33961405 rs141839244
750 allbutone  TERT       250 FG_HYPERTENSION    dosage   rs7705526 rs141839244
751 allbutone  TERT       250 FG_HYPERTENSION    dosage  rs61748181 rs141839244
752 allbutone  TERT       250 FG_HYPERTENSION    dosage rs115251750 rs141839244
753 allbutone  TERT       250 FG_HYPERTENSION    dosage rs138895564 rs549000232
754 allbutone  TERT       250 FG_HYPERTENSION    dosage  rs33961405 rs549000232
755 allbutone  TERT       250 FG_HYPERTENSION    dosage   rs7705526 rs549000232
756 allbutone  TERT       250 FG_HYPERTENSION    dosage  rs61748181 rs549000232
757 allbutone  TERT       250 FG_HYPERTENSION    dosage rs115251750 rs549000232
758 allbutone  TERT       250 FG_HYPERTENSION    dosage rs138895564  rs77064903
759 allbutone  TERT       250 FG_HYPERTENSION    dosage  rs33961405  rs77064903
760 allbutone  TERT       250 FG_HYPERTENSION    dosage   rs7705526  rs77064903
761 allbutone  TERT       250 FG_HYPERTENSION    dosage  rs61748181  rs77064903
762 allbutone  TERT       250 FG_HYPERTENSION    dosage rs115251750  rs77064903
      PP.H3     PP.H4
1   0.98252  2.66e-05
2   0.01787  9.82e-01
3   0.99717  4.31e-06
4   0.88858  2.06e-03
5   0.90606  1.82e-04
6   0.89862  5.58e-03
7   0.99976  3.59e-07
8   0.01787  9.82e-01
9   0.78224  3.31e-04
10  0.99986  2.13e-07
11  0.77515  2.99e-02
12  0.79891  3.90e-04
13  0.62302  3.77e-03
14  0.79100  1.01e-02
15  0.01391  4.15e-03
16  0.01038  2.69e-01
17  0.01377  2.87e-02
18  0.01417  2.74e-03
19  0.01038  2.69e-01
20  0.01108  3.66e-03
21  0.01382  2.76e-02
22  0.99949  3.84e-04
23  0.99606  3.11e-05
24  0.99988  1.75e-07
25  0.99988  2.66e-07
26  0.99987  2.22e-07
27  0.14485  7.68e-01
28  0.59687  3.90e-02
29  0.62312  5.68e-04
30  0.62286  9.88e-04
31  0.62320  4.42e-04
32  0.96803  1.05e-02
33  0.97283  1.78e-03
34  0.97824  3.18e-05
35  0.97822  5.24e-05
36  0.97824  2.83e-05
37  0.99987  6.14e-07
38  0.99949  3.84e-04
39  0.99987  2.20e-07
40  0.99986  4.26e-07
41  0.99987  2.11e-07
42  0.98638  8.22e-05
43  0.97702  9.58e-03
44  0.98644  2.65e-05
45  0.98640  5.40e-05
46  0.98644  2.27e-05
47  0.99903  5.05e-06
48  0.99944  1.08e-06
49  0.86125  7.25e-04
50  0.99900  3.48e-05
51  0.98352  6.96e-05
52  0.99959  6.29e-07
53  0.01787  9.82e-01
54  0.86217  2.10e-04
55  0.99959  6.21e-07
56  0.98411  2.42e-05
57  0.38586  1.32e-03
58  0.38607  1.19e-03
59  0.29525  1.14e-01
60  0.34295  1.12e-01
61  0.36856  3.11e-02
62  0.97624  9.09e-05
63  0.99806  2.69e-05
64  0.99889  5.49e-05
65  0.99895  2.04e-06
66  0.99885  9.45e-05
67  0.97732  3.45e-05
68  0.99914  1.32e-06
69  1.00000  4.70e-10
70  0.01787  9.82e-01
71  1.00000  6.20e-15
72  0.54406  6.87e-03
73  0.44565  2.04e-01
74  0.52864  5.69e-02
75  0.56004  8.53e-04
76  0.49935  1.09e-01
77  0.99957  6.71e-07
78  0.99998  5.27e-06
79  0.86211  2.64e-04
80  0.99958  7.57e-07
81  0.98408  3.52e-05
82  0.97727  7.65e-05
83  0.99908  4.12e-05
84  0.99999  7.06e-08
85  0.99998  5.27e-06
86  0.99999  1.02e-07
87  1.00000  7.22e-12
88  1.00000  2.68e-14
89  1.00000  1.85e-10
90  1.00000  3.21e-11
91  0.99975  4.53e-06
92  1.00000  7.92e-10
93  1.00000  1.26e-12
94  1.00000  5.39e-11
95  1.00000  9.50e-12
96  0.99976  1.46e-06
97  1.00000  3.93e-10
98  1.00000  1.92e-12
99  1.00000  5.88e-11
100 1.00000  9.73e-12
101 0.99976  1.73e-06
102 1.00000  1.44e-12
103 1.00000  8.46e-15
104 1.00000  2.63e-10
105 1.00000  4.69e-11
106 0.99975  6.32e-06
107 1.00000  4.89e-08
108 1.00000  3.27e-10
109 1.00000  8.37e-10
110 1.00000  5.67e-10
111 0.99975  6.06e-06
112 1.00000  2.46e-14
113 1.00000  4.66e-12
114 1.00000  1.29e-10
115 0.99999  1.00e-07
116 1.00000  1.94e-13
117 1.00000  2.01e-13
118 1.00000  6.22e-10
119 1.00000  9.33e-11
120 0.99999  7.23e-08
121 1.00000  9.97e-13
122 1.00000  9.48e-14
123 1.00000  9.37e-11
124 1.00000  8.36e-07
125 0.99928  7.09e-04
126 1.00000  3.58e-12
127 1.00000  8.28e-16
128 1.00000  1.44e-12
129 1.00000  1.29e-10
130 0.99999  1.10e-07
131 1.00000  1.31e-13
132 1.00000  9.88e-13
133 1.00000  6.97e-11
134 0.99999  5.17e-06
135 0.99552  4.47e-03
136 1.00000  2.31e-11
137 0.99999  1.21e-05
138 1.00000  8.06e-07
139 1.00000  6.83e-08
140 1.00000  2.61e-10
141 1.00000  1.62e-09
142 0.99999  6.32e-06
143 0.99999  7.98e-06
144 1.00000  1.76e-08
145 1.00000  1.05e-09
146 1.00000  1.35e-11
147 0.34893  1.31e-02
148 0.28592  1.91e-01
149 0.34245  3.14e-02
150 0.34987  1.04e-02
151 0.35281  2.09e-03
152 1.00000  5.08e-07
153 1.00000  5.13e-08
154 1.00000  1.35e-07
155 1.00000  1.08e-08
156 1.00000  1.07e-10
157 0.99999  7.98e-06
158 1.00000  1.76e-08
159 1.00000  2.62e-06
160 1.00000  2.22e-11
161 1.00000  1.91e-15
162 0.84805  1.78e-02
163 0.86146  2.30e-03
164 0.86327  2.03e-04
165 0.60930  2.94e-01
166 0.86281  7.31e-04
167 0.99823  1.64e-05
168 0.99815  1.00e-04
169 0.99825  3.30e-06
170 0.99824  8.56e-06
171 0.99824  9.58e-06
172 0.68169  3.18e-01
173 0.99798  2.00e-03
174 0.99999  1.04e-06
175 0.99991  7.70e-05
176 0.99999  1.06e-06
177 0.96704  3.08e-04
178 0.96729  4.77e-05
179 0.87417  9.63e-02
180 0.77274  2.01e-01
181 0.96260  4.89e-03
182 0.99991  5.34e-06
183 0.99991  1.74e-07
184 0.99991  4.52e-07
185 0.99991  5.44e-07
186 0.99991  4.59e-07
187 0.99798  2.00e-03
188 0.99999  1.04e-06
189 0.83715  1.63e-01
190 0.99999  1.37e-07
191 0.99999  4.53e-08
192 1.00000  1.85e-17
193 1.00000  3.01e-15
194 1.00000  1.33e-21
195 1.00000  6.39e-20
196 1.00000  8.59e-26
197 1.00000  1.25e-18
198 1.00000  1.23e-16
199 1.00000  7.13e-24
200 1.00000  2.89e-24
201 1.00000  1.35e-27
202 1.00000  1.81e-23
203 1.00000  5.21e-50
204 1.00000  1.01e-25
205 1.00000  6.13e-53
206 1.00000  2.29e-37
207 1.00000  6.02e-13
208 1.00000  6.66e-11
209 1.00000  3.40e-19
210 1.00000  2.27e-17
211 1.00000  8.56e-22
212 1.00000  7.52e-15
213 0.99997  2.88e-05
214 1.00000  3.11e-14
215 1.00000  3.16e-10
216 1.00000  1.34e-16
217 1.00000  4.55e-15
218 1.00000  1.36e-20
219 1.00000  2.18e-21
220 1.00000  8.69e-19
221 1.00000  4.81e-25
222 1.00000  2.11e-19
223 1.00000  5.01e-25
224 1.00000  3.73e-25
225 1.00000  1.11e-19
226 1.00000  1.05e-26
227 1.00000  5.21e-50
228 1.00000  1.00e-36
229 1.00000  6.13e-53
230 1.00000  1.24e-25
231 1.00000  8.66e-43
232 1.00000  2.30e-11
233 1.00000  4.91e-19
234 1.00000  7.01e-19
235 1.00000  2.15e-14
236 1.00000  5.18e-19
237 1.00000  1.67e-13
238 1.00000  1.43e-23
239 1.00000  2.79e-20
240 1.00000  9.06e-21
241 1.00000  2.54e-22
242 0.69987  1.81e-03
243 0.69697  5.95e-03
244 0.67020  4.41e-02
245 0.69988  1.80e-03
246 0.69264  1.21e-02
247 0.99999  1.21e-05
248 1.00000  8.06e-07
249 1.00000  6.83e-08
250 1.00000  2.61e-10
251 1.00000  1.62e-09
252 0.99999  6.32e-06
253 0.99999  7.98e-06
254 1.00000  1.76e-08
255 1.00000  1.05e-09
256 1.00000  1.35e-11
257 0.99734  6.52e-05
258 0.99730  9.91e-05
259 0.99671  6.98e-04
260 0.99739  1.27e-05
261 0.99722  1.82e-04
262 0.51951  8.41e-03
263 0.45279  1.36e-01
264 0.51445  1.81e-02
265 0.51797  1.13e-02
266 0.52315  1.47e-03
267 1.00000  5.08e-07
268 1.00000  5.13e-08
269 1.00000  1.35e-07
270 1.00000  1.08e-08
271 1.00000  1.07e-10
272 0.99999  7.98e-06
273 1.00000  1.76e-08
274 1.00000  2.62e-06
275 1.00000  2.22e-11
276 1.00000  1.91e-15
277 0.98504  3.01e-04
278 0.98008  5.34e-03
279 0.98461  7.35e-04
280 0.98510  2.39e-04
281 0.98529  4.76e-05
282 0.99983  1.60e-06
283 0.99982  9.75e-06
284 0.99983  3.21e-07
285 0.99983  8.33e-07
286 0.99983  9.32e-07
287 0.86737  5.03e-03
288 0.87013  1.86e-03
289 0.87158  1.98e-04
290 0.85880  1.49e-02
291 0.87104  8.11e-04
292 0.99859  4.20e-06
293 0.99855  4.64e-05
294 0.99859  2.27e-06
295 0.99859  7.89e-06
296 0.99859  8.22e-06
297 0.68190  3.18e-01
298 0.99799  2.00e-03
299 0.99999  1.04e-06
300 0.99991  7.70e-05
301 0.99999  1.06e-06
302 0.99694  6.09e-05
303 0.99697  3.20e-05
304 0.99700  4.36e-06
305 0.99252  4.50e-03
306 0.99698  1.68e-05
307 0.99970  2.78e-06
308 0.99970  4.30e-07
309 0.99875  9.60e-04
310 0.99744  2.27e-03
311 0.99966  4.43e-05
312 0.97731  2.16e-04
313 0.97749  3.76e-05
314 0.97625  1.30e-03
315 0.97499  2.59e-03
316 0.97669  8.52e-04
317 0.99992  4.64e-06
318 0.99992  1.51e-07
319 0.99992  3.92e-07
320 0.99992  4.72e-07
321 0.99992  3.98e-07
322 0.99799  2.00e-03
323 0.99999  1.04e-06
324 0.83715  1.63e-01
325 0.99999  1.37e-07
326 0.99999  4.53e-08
327 0.97795  1.50e-04
328 0.97807  3.19e-05
329 0.95639  2.22e-02
330 0.92832  5.09e-02
331 0.97292  5.30e-03
332 1.00000  1.75e-24
333 1.00000  1.83e-85
334 1.00000  1.25e-27
335 1.00000 1.26e-277
336 1.00000  2.30e-38
337 1.00000  3.61e-24
338 1.00000  4.91e-85
339 1.00000  3.43e-27
340 1.00000 3.02e-277
341 1.00000  3.07e-38
342 1.00000  3.62e-23
343 1.00000  2.72e-83
344 1.00000  1.00e-25
345 1.00000 2.29e-217
346 1.00000  1.03e-36
347 1.00000  4.35e-23
348 1.00000  7.46e-83
349 1.00000  1.67e-25
350 1.00000 1.68e-188
351 1.00000  1.97e-36
352 1.00000  1.03e-23
353 1.00000  3.93e-84
354 1.00000  1.47e-26
355 1.00000 3.56e-277
356 1.00000  2.58e-37
357 1.00000  6.63e-97
358 1.00000  5.16e-42
359 1.00000 1.02e-196
360 1.00000  2.65e-28
361 1.00000  3.96e-45
362 1.00000  1.73e-96
363 1.00000  4.21e-41
364 1.00000 3.02e-277
365 1.00000  1.29e-26
366 1.00000  4.47e-42
367 1.00000  3.74e-96
368 1.00000  7.81e-41
369 1.00000 5.01e-276
370 1.00000  9.85e-28
371 1.00000  3.28e-44
372 1.00000  2.57e-91
373 1.00000  5.92e-36
374 1.00000 5.05e-248
375 1.00000  2.03e-23
376 1.00000  1.40e-39
377 1.00000  3.22e-91
378 1.00000  3.71e-35
379 1.00000 3.19e-207
380 1.00000  3.34e-21
381 1.00000  3.66e-38
382 0.98252  2.63e-05
383 0.03929  9.61e-01
384 0.99961  5.90e-07
385 0.88858  2.06e-03
386 0.90606  1.82e-04
387 0.90080  5.61e-03
388 1.00000  5.16e-10
389 0.02206  9.78e-01
390 0.78224  3.29e-04
391 0.96571  5.18e-05
392 0.76756  3.96e-02
393 0.79891  3.90e-04
394 0.62302  3.77e-03
395 0.70665  8.45e-02
396 0.01391  4.15e-03
397 0.01038  2.70e-01
398 0.01379  2.92e-02
399 0.01418  2.26e-03
400 0.01038  2.70e-01
401 0.01108  3.66e-03
402 0.01333  2.85e-02
403 0.99928  6.57e-04
404 0.99612  3.08e-05
405 0.99993  9.87e-08
406 0.99993  1.70e-07
407 0.99993  7.85e-08
408 0.15001  7.59e-01
409 0.59687  3.90e-02
410 0.62312  5.68e-04
411 0.62286  9.84e-04
412 0.62322  4.02e-04
413 0.98468  1.35e-03
414 0.98047  1.83e-03
415 0.98598  2.15e-05
416 0.98597  3.83e-05
417 0.98599  1.53e-05
418 0.99992  1.29e-06
419 0.99721  2.71e-03
420 0.99992  1.24e-07
421 0.99992  1.50e-07
422 0.99992  1.08e-07
423 0.98624  2.33e-04
424 0.97711  9.48e-03
425 0.98645  2.10e-05
426 0.98643  3.74e-05
427 0.98644  2.27e-05
428 0.99093  1.85e-05
429 0.99110  1.73e-05
430 0.85383  1.00e-03
431 0.99080  3.20e-04
432 0.96802  1.63e-04
433 0.99983  2.51e-07
434 0.01284  9.87e-01
435 0.86217  2.09e-04
436 1.00000  1.92e-10
437 0.97683  3.52e-05
438 0.38609  9.71e-04
439 0.38607  1.19e-03
440 0.29525  1.14e-01
441 0.35161  9.04e-02
442 0.37557  5.34e-03
443 0.97417  1.64e-04
444 0.99668  1.60e-04
445 0.99689  1.92e-05
446 0.99690  6.01e-06
447 0.99662  2.87e-04
448 0.97732  3.48e-05
449 0.99993  1.00e-07
450 1.00000  2.02e-21
451 0.00546  9.95e-01
452 1.00000  1.77e-13
453 0.54406  6.87e-03
454 0.44516  2.06e-01
455 0.56008  7.83e-04
456 0.56004  8.53e-04
457 0.49968  1.09e-01
458 0.99982  2.74e-07
459 0.99998  5.28e-06
460 0.86211  2.64e-04
461 0.99999  1.02e-07
462 0.97679  6.47e-05
463 0.97727  7.65e-05
464 0.99990  2.05e-05
465 0.99999  3.98e-08
466 0.99998  5.27e-06
467 0.99999  1.02e-07
468 1.00000  5.56e-13
469 1.00000  2.36e-14
470 1.00000  3.05e-09
471 1.00000  3.41e-14
472 0.99974  1.55e-05
473 1.00000  3.57e-36
474 1.00000  6.32e-17
475 1.00000  5.96e-10
476 1.00000  5.47e-20
477 0.99976  1.46e-06
478 1.00000  9.02e-11
479 1.00000  1.76e-12
480 1.00000  7.43e-09
481 1.00000  2.26e-12
482 0.99933  4.23e-04
483 1.00000  1.74e-29
484 1.00000  3.50e-16
485 1.00000  6.32e-09
486 1.00000  4.41e-19
487 0.99975  6.33e-06
488 1.00000  4.84e-08
489 1.00000  3.27e-10
490 1.00000  8.88e-09
491 1.00000  5.02e-10
492 0.99975  6.06e-06
493 1.00000  1.48e-10
494 1.00000  1.78e-13
495 1.00000  1.77e-06
496 0.99931  6.77e-04
497 1.00000  5.20e-14
498 1.00000  2.53e-15
499 1.00000  1.91e-39
500 1.00000  3.34e-11
501 0.99999  6.68e-08
502 1.00000  3.09e-23
503 1.00000  4.08e-13
504 1.00000  3.94e-14
505 1.00000  4.88e-09
506 0.99998  1.95e-06
507 1.00000  2.94e-16
508 1.00000  3.86e-15
509 1.00000  6.67e-30
510 1.00000  4.95e-11
511 0.99999  1.10e-07
512 1.00000  4.70e-23
513 1.00000  1.14e-12
514 1.00000  6.98e-11
515 1.00000  1.27e-06
516 0.99552  4.47e-03
517 1.00000  1.56e-12
518 1.00000  2.13e-10
519 1.00000  8.06e-07
520 1.00000  2.12e-10
521 1.00000  2.61e-10
522 1.00000  2.12e-10
523 1.00000  1.38e-13
524 1.00000  9.17e-09
525 1.00000  1.38e-13
526 1.00000  1.65e-09
527 1.00000  1.38e-13
528 0.34893  1.31e-02
529 0.35324  8.92e-04
530 0.35112  6.88e-03
531 0.35068  8.12e-03
532 0.35281  2.09e-03
533 1.00000  5.00e-07
534 1.00000  4.17e-11
535 0.99998  2.37e-05
536 1.00000  1.01e-10
537 1.00000  6.12e-11
538 1.00000  5.70e-09
539 1.00000  7.43e-11
540 1.00000  4.90e-06
541 1.00000  1.56e-12
542 1.00000  1.58e-13
543 0.85997  4.02e-03
544 0.86146  2.30e-03
545 0.85997  4.02e-03
546 0.60930  2.94e-01
547 0.85997  4.02e-03
548 0.99665  1.25e-05
549 0.99662  4.22e-05
550 0.99665  1.25e-05
551 0.99664  1.50e-05
552 0.99665  1.25e-05
553 1.00000  4.91e-08
554 1.00000  3.68e-06
555 1.00000  4.91e-08
556 0.99990  9.91e-05
557 1.00000  4.91e-08
558 0.96704  3.08e-04
559 0.96722  1.20e-04
560 0.96224  5.26e-03
561 0.76470  2.09e-01
562 0.96260  4.89e-03
563 0.99991  4.98e-07
564 0.99991  1.92e-07
565 0.99991  1.56e-07
566 0.99991  6.67e-07
567 0.99991  4.98e-07
568 1.00000  9.92e-09
569 1.00000  4.55e-11
570 0.99547  4.53e-03
571 1.00000  4.22e-09
572 1.00000  2.52e-09
573 1.00000  9.33e-24
574 1.00000  3.46e-98
575 1.00000  3.77e-45
576 1.00000 9.12e-135
577 1.00000  6.57e-37
578 1.00000  9.33e-24
579 1.00000  3.46e-98
580 1.00000  3.77e-45
581 1.00000 9.12e-135
582 1.00000  6.57e-37
583 1.00000  9.33e-24
584 1.00000  3.46e-98
585 1.00000  3.77e-45
586 1.00000 9.12e-135
587 1.00000  6.57e-37
588 1.00000  6.02e-13
589 1.00000  6.70e-29
590 1.00000  4.24e-37
591 1.00000  5.17e-35
592 1.00000  2.81e-24
593 1.00000  7.52e-15
594 0.99997  2.88e-05
595 1.00000  5.05e-15
596 1.00000  3.16e-10
597 1.00000  1.34e-16
598 1.00000 1.56e-122
599 1.00000  4.49e-71
600 1.00000 6.30e-144
601 1.00000  1.80e-27
602 1.00000  7.87e-41
603 1.00000 1.56e-122
604 1.00000  4.49e-71
605 1.00000 6.30e-144
606 1.00000  1.80e-27
607 1.00000  7.87e-41
608 1.00000 1.56e-122
609 1.00000  4.49e-71
610 1.00000 6.30e-144
611 1.00000  1.80e-27
612 1.00000  7.87e-41
613 1.00000  3.03e-37
614 1.00000  2.46e-45
615 1.00000  1.30e-44
616 1.00000  2.15e-14
617 1.00000  2.10e-23
618 1.00000  1.67e-13
619 1.00000  1.43e-23
620 1.00000  2.79e-20
621 1.00000  9.06e-21
622 1.00000  2.54e-22
623 0.70044  1.00e-03
624 0.69697  5.95e-03
625 0.70044  1.00e-03
626 0.69988  1.80e-03
627 0.70044  1.00e-03
628 1.00000  8.57e-09
629 0.99999  1.15e-05
630 1.00000  8.56e-09
631 1.00000  1.48e-08
632 1.00000  8.56e-09
633 1.00000  6.31e-13
634 1.00000  2.10e-08
635 1.00000  6.31e-13
636 1.00000  2.58e-08
637 1.00000  6.30e-13
638 0.99932  3.38e-06
639 0.99929  3.39e-05
640 0.99932  3.38e-06
641 0.99932  3.48e-06
642 0.99932  3.38e-06
643 0.51951  8.41e-03
644 0.52358  6.40e-04
645 0.52290  1.94e-03
646 0.51839  1.06e-02
647 0.52315  1.47e-03
648 1.00000  8.01e-07
649 1.00000  7.17e-11
650 1.00000  3.69e-06
651 1.00000  3.40e-10
652 1.00000  1.34e-10
653 1.00000  1.44e-07
654 1.00000  9.32e-10
655 0.99999  1.31e-05
656 1.00000  2.33e-10
657 1.00000  8.27e-12
658 0.98459  4.10e-04
659 0.98497  2.65e-05
660 0.98431  6.92e-04
661 0.98480  1.99e-04
662 0.98494  5.12e-05
663 0.99997  4.53e-07
664 0.99997  1.96e-07
665 0.99997  4.53e-07
666 0.99996  9.38e-06
667 0.99997  4.53e-07
668 0.87064  1.28e-03
669 0.87013  1.86e-03
670 0.87064  1.28e-03
671 0.85880  1.49e-02
672 0.87064  1.28e-03
673 1.00000  8.64e-09
674 1.00000  1.09e-08
675 1.00000  8.64e-09
676 1.00000  2.06e-08
677 1.00000  8.64e-09
678 1.00000  1.03e-09
679 1.00000  4.24e-07
680 1.00000  1.03e-09
681 0.99995  4.51e-05
682 1.00000  1.03e-09
683 0.99831  8.58e-05
684 0.99839  6.14e-06
685 0.99831  8.58e-05
686 0.99504  3.36e-03
687 0.99831  8.58e-05
688 0.99992  1.65e-07
689 0.99992  2.16e-07
690 0.99992  1.70e-06
691 0.99991  1.40e-05
692 0.99992  1.94e-06
693 0.97731  2.16e-04
694 0.97741  1.18e-04
695 0.97602  1.54e-03
696 0.97487  2.71e-03
697 0.97669  8.52e-04
698 1.00000  1.65e-10
699 1.00000  6.41e-11
700 1.00000  3.47e-11
701 1.00000  3.21e-09
702 1.00000  5.26e-10
703 1.00000  8.41e-09
704 1.00000  2.73e-11
705 0.99910  8.96e-04
706 1.00000  1.01e-10
707 1.00000  3.59e-10
708 0.99469  9.35e-06
709 0.99465  5.09e-05
710 0.99469  1.10e-05
711 0.98740  7.34e-03
712 0.99352  1.19e-03
713 1.00000  1.75e-24
714 1.00000  7.17e-99
715 1.00000  7.47e-46
716 1.00000 8.00e-137
717 1.00000  1.52e-37
718 1.00000  3.61e-24
719 1.00000  1.84e-98
720 1.00000  3.42e-45
721 1.00000 6.14e-137
722 1.00000  1.82e-37
723 1.00000  3.62e-23
724 1.00000  3.84e-97
725 1.00000  2.06e-44
726 1.00000 6.48e-136
727 1.00000  7.74e-36
728 1.00000  4.35e-23
729 1.00000  9.94e-97
730 1.00000  2.82e-44
731 1.00000 2.21e-136
732 1.00000  2.03e-35
733 1.00000  1.03e-23
734 1.00000  1.05e-97
735 1.00000  3.16e-45
736 1.00000 1.64e-136
737 1.00000  2.07e-36
738 1.00000 7.38e-124
739 1.00000  1.28e-71
740 1.00000 1.57e-149
741 1.00000  2.65e-28
742 1.00000  1.57e-41
743 1.00000 2.95e-123
744 1.00000  1.34e-71
745 1.00000 2.61e-148
746 1.00000  1.29e-26
747 1.00000  1.82e-38
748 1.00000 2.77e-123
749 1.00000  6.04e-71
750 1.00000 8.58e-149
751 1.00000  9.85e-28
752 1.00000  1.12e-40
753 1.00000 5.02e-118
754 1.00000  4.93e-65
755 1.00000 1.11e-147
756 1.00000  2.03e-23
757 1.00000  1.41e-34
758 1.00000 3.92e-117
759 1.00000  6.30e-64
760 1.00000 4.83e-147
761 1.00000  3.34e-21
762 1.00000  2.26e-33
