varId,lead_for,S_mvp_b,S_mvp_p,S_mvp_n,D_mvp_b,D_mvp_p,D_mvp_n,H_mvp_b,H_mvp_p,H_mvp_n,L_codd_b,L_codd_p,L_codd_n,H_fg_b,H_fg_p,H_fg_n,L_nkSA_b,L_nkSA_p,L_nkSA_n,S_gh_b,S_gh_p,S_gh_n,D_gh_b,D_gh_p,D_gh_n
12:50537815:A:G,SBP/DBP,-0.022730,8.784e-19,425740,-0.019960,1.619e-15,425743,-0.033435,8.044e-12,318398,-0.0043388,0.03700,472174,-0.045100,0.001176,52313,-0.0021470,0.8865,11277,-0.021593,0.06909,18536,-0.023011,0.05272,18536
4:81182554:T:C,SBP/DBP/HYPERTENSION,0.037810,1.308e-41,425740,0.046280,1.729e-64,425743,0.10015,2.848e-80,318398,0.0013083,0.5500,472174,0.11940,3.456e-16,52313,0.015139,0.2979,11271,0.030588,0.005575,18536,0.027855,0.01160,18536
1:10796866:T:C,SBP/DBP,0.042160,3.915e-58,425740,0.035220,3.963e-43,425743,0.053928,1.294e-27,318398,-0.0016834,0.4300,472174,0.083900,9.563e-10,52313,0.0054980,0.6850,11277,0.035997,0.0002915,18536,0.037233,0.0001789,18536
2:26923568:T:C,SBP,-0.052750,2.149e-92,425740,-0.044430,2.118e-69,425743,-0.055435,1.320e-29,318398,0.00068045,0.7400,472174,-0.081700,1.760e-9,52313,0.0028100,0.8282,11277,-0.023997,0.02337,18536,-0.028616,0.006855,18536
5:32829975:C:G,SBP,0.036100,1.072e-44,425740,0.021960,2.200e-18,425743,0.060175,1.736e-33,318398,0.0031161,0.1300,472174,0.075700,3.177e-8,52313,-0.0074090,0.5745,11277,0.028930,0.004187,18536,0.032735,0.001194,18536
11:100610546:T:C,SBP/DBP,0.036130,5.573e-35,425740,0.024630,6.444e-18,425743,0.060600,7.115e-26,318398,0.00090123,0.6900,472174,0.060300,0.00008764,52313,0.022502,0.08606,11277,0.014116,0.1682,18536,0.019447,0.05763,18536
10:104901491:T:C,SBP,-0.067870,9.231e-53,425740,-0.014910,0.0005729,425743,-0.094401,2.800e-28,318398,0.0083512,0.02300,472174,-0.11350,0.000003684,52313,-0.0076010,0.6249,11277,-0.0074607,0.5493,18536,-0.0067027,0.5906,18536
7:106414069:T:G,SBP,0.069240,2.227e-110,425740,-0.035550,7.001e-32,425743,0.047721,4.469e-15,318398,0.0043686,0.08100,472174,0.038800,0.008542,52313,0.0011690,0.9314,11277,0.0020044,0.8529,18536,-0.010376,0.3373,18536
12:90062376:G:A,SBP,-0.071390,2.271e-99,425740,-0.037690,2.254e-30,425743,-0.069526,1.971e-28,318398,-0.0037561,0.1500,472174,-0.15550,1.404e-9,52313,0.018237,0.1762,11277,-0.054770,1.453e-7,18536,-0.053896,2.287e-7,18536
1:11892615:G:C,SBP,-0.058890,1.224e-65,425740,-0.048890,4.582e-48,425743,-0.085260,1.078e-37,318398,-0.0054320,0.04400,472174,-0.14050,2.842e-13,52313,-0.016618,0.3154,11277,-0.014080,0.2367,18536,-0.011708,0.3251,18536
10:18727959:C:G,SBP/HYPERTENSION,-0.032690,9.012e-29,425740,-0.023230,5.098e-16,425743,-0.044017,3.773e-15,318398,-0.0017537,0.4200,472174,-0.065700,0.00006399,52313,-0.0023380,0.8730,11277,-0.037128,0.004086,18536,-0.026922,0.03733,18536
7:27243238:G:A,SBP,0.068250,1.827e-46,425740,0.046390,1.976e-23,425743,0.080885,1.705e-20,318398,0.012582,0.0009900,472174,0.13020,1.600e-8,52313,0.0029760,0.9029,11277,0.049684,0.001447,18536,0.037207,0.01707,18536
19:7257990:C:G,SBP/DBP/HYPERTENSION,-0.042460,1.430e-26,425740,-0.049020,1.475e-36,425743,-0.094401,1.161e-34,318398,0.0016270,0.5900,472174,,,,0.022925,0.3384,11277,-0.045943,0.03795,18536,-0.021684,0.3273,18536
10:104952499:C:T,SBP/DBP,-0.019740,0.0007308,425740,0.017410,0.002256,425743,-0.026642,0.02328,318398,0.0084735,0.02100,472174,-0.11250,0.000004622,52313,-0.0068720,0.6597,11277,-0.0072608,0.5694,18536,-0.0084971,0.5055,18536
2:164954174:T:A,SBP,0.038930,5.899e-40,425740,0.021550,6.026e-14,425743,0.048350,5.618e-17,318398,0.00054164,0.8200,472174,,,,0.017981,0.2004,11277,0.015364,0.1630,18536,0.0029627,0.7879,18536
19:11526765:G:T,SBP/DBP,,,,,,,,,,0.0017683,0.3800,472174,-0.060500,0.00001061,52313,-0.0086040,0.5193,11273,,,,,,
16:24788645:T:A,SBP,-0.029970,3.027e-21,425740,-0.011370,0.0002323,425743,-0.033435,7.576e-8,318398,0.0079661,0.001600,472174,-0.035800,0.06888,52313,0.017449,0.3194,11276,-0.0055137,0.7000,18536,-0.0061356,0.6681,18536
15:91418394:C:T,SBP,0.036590,1.875e-35,425740,0.021680,4.356e-14,425743,0.058477,7.367e-25,318398,0.0019847,0.3600,472174,0.086900,1.366e-8,52313,0.010487,0.4914,11275,0.033382,0.008339,18536,0.034381,0.006588,18536
11:1888614:C:T,SBP,0.035760,1.497e-41,425740,0.020240,4.654e-15,425743,0.052557,5.685e-26,318398,0.0021854,0.3000,472174,0.046400,0.0007234,52313,-0.0041460,0.7775,11277,0.029613,0.004202,18536,0.023244,0.02465,18536
6:127177475:T:C,SBP,0.030200,7.671e-33,425740,0.033720,1.636e-42,425743,0.037287,3.243e-16,318398,-0.00081273,0.6900,472174,0.047400,0.0004599,52313,0.0089750,0.4852,11277,0.011266,0.2844,18536,0.0051213,0.6266,18536
13:32179694:TC:T,SBP/DBP,0.047510,2.383e-76,425740,0.034010,5.780e-42,425743,0.033453,1.192e-11,318398,,,,0.021400,0.1214,52313,-0.013483,0.4806,11277,,,,,,
3:27562988:C:T,SBP,0.031130,1.353e-32,425740,0.014060,3.665e-8,425743,0.046672,1.883e-20,318398,-0.0020168,0.3200,472174,0.063500,0.000004051,52313,-0.0055320,0.6819,11276,0.010641,0.3142,18536,0.0023472,0.8243,18536
4:103188709:C:T,SBP/DBP,-0.056430,1.463e-35,425740,-0.092870,6.287e-98,425743,-0.027615,0.0002940,318398,-0.000060390,0.9900,472174,-0.020900,0.7253,52313,-0.040935,0.7183,11277,-0.14704,0.1966,18536,-0.076592,0.5012,18536
10:96039597:G:C,SBP/DBP,-0.027420,8.574e-28,425740,-0.022260,9.416e-20,425743,-0.035367,2.973e-13,318398,0.0043328,0.03100,472174,,,,0.018326,0.1545,11277,-0.016901,0.08750,18536,-0.019560,0.04798,18536
11:47676170:A:G,SBP/DBP,0.025670,1.426e-24,425740,0.017960,2.148e-13,425743,0.023883,6.767e-7,318398,-0.0092191,0.000003800,472174,0.028300,0.04499,52313,0.0013310,0.9166,11277,0.013729,0.1698,18536,0.014293,0.1529,18536
12:111884608:T:C,SBP,-0.0089570,0.0003262,425740,-0.030430,6.122e-36,425743,-0.052592,2.580e-27,318398,0.015648,1.400e-14,472174,-0.073900,7.410e-8,52313,0.061052,0.003522,11277,-0.019533,0.2765,18536,-0.021751,0.2256,18536
20:57768743:C:T,SBP,0.012890,0.00004811,425740,0.014880,0.000001500,425743,0.028502,8.892e-7,318398,0.0011904,0.6400,472174,0.074800,0.000001426,52313,0.0049370,0.7620,11277,-0.0077358,0.5668,18536,-0.0050377,0.7091,18536
2:43625184:T:A,SBP,-0.023280,1.970e-16,425740,-0.011620,0.00002568,425743,-0.025668,0.000003824,318398,0.0023732,0.2900,472174,-0.039700,0.009108,52313,-0.00088000,0.9472,11277,-0.022233,0.03848,18536,-0.025509,0.01756,18536
15:75077367:C:A,SBP,-0.016420,4.937e-10,425740,-0.023740,2.946e-20,425743,-0.040182,1.510e-14,318398,-0.0048380,0.02500,472174,-0.033700,0.01333,52313,-0.00033300,0.9831,11277,-0.012219,0.3123,18536,0.00060073,0.9604,18536
17:45013271:T:C,SBP,0.034900,2.087e-21,425740,-0.015590,0.00001355,425743,0.057311,3.854e-16,318398,0.0019848,0.4900,472174,0.077500,0.00001278,52313,0.028096,0.3812,11277,0.045636,0.2018,18536,0.042768,0.2317,18536
10:115805056:G:C,SBP,0.016640,1.914e-8,425740,0.028040,2.763e-22,425743,0.039261,5.066e-13,318398,0.0011711,0.6100,472174,,,,0.0067680,0.6603,11277,,,,,,
17:43131480:A:T,SBP,-0.018650,5.503e-13,425740,-0.0057440,0.02276,425743,-0.023717,0.00003363,318398,0.0033123,0.1100,472174,-0.030500,0.02528,52313,0.010592,0.4198,11277,-0.019017,0.05938,18536,-0.017314,0.08606,18536
1:113044328:G:T,SBP/DBP,0.052850,3.414e-27,425740,0.050040,1.012e-25,425743,0.057735,3.739e-10,318398,0.0066954,0.08000,472174,0.11300,2.382e-10,52313,0.00064900,0.9779,11277,0.044231,0.02065,18536,0.032314,0.09088,18536
7:45987430:G:C,SBP,-0.042890,5.872e-62,425740,0.022470,4.557e-19,425743,-0.016857,0.0003857,318398,-0.0038417,0.05700,472174,,,,,,,,,,,,
10:63511306:G:A,SBP/DBP,-0.012410,0.0006420,425740,-0.032250,9.595e-20,425743,-0.057325,6.961e-17,318398,0.0032987,0.2500,472174,-0.067200,0.002730,52313,0.054443,0.1229,11277,-0.015622,0.5872,18536,-0.041027,0.1539,18536
11:130273230:A:T,SBP,0.039750,2.014e-48,425740,-0.044030,6.112e-62,425743,0.0070246,0.3287,318398,0.0011182,0.5900,472174,-0.021300,0.1369,52313,-0.011831,0.4013,11277,0.020688,0.08625,18536,0.012081,0.3164,18536
20:10965998:G:A,SBP,0.021560,6.073e-18,425740,0.035770,8.263e-49,425743,0.047931,5.714e-23,318398,-0.0029256,0.1400,472174,0.031900,0.01897,52313,-0.015026,0.2388,11277,0.033521,0.0005448,18536,0.021036,0.03002,18536
5:157818018:A:G,SBP,-0.019560,1.366e-13,425740,-0.011790,0.000004780,425743,-0.028587,1.845e-8,318398,-0.00096162,0.6400,472174,-0.029700,0.03610,52313,-0.010875,0.3990,11277,-0.032520,0.001220,18536,-0.021827,0.02996,18536
10:95899933:C:T,SBP/DBP,-0.019220,8.698e-14,425740,-0.013960,2.796e-8,425743,-0.025668,3.020e-7,318398,0.00043665,0.8300,472174,-0.058600,0.00002113,52313,0.0060440,0.6389,11277,-0.022805,0.02896,18536,-0.0094010,0.3679,18536
12:115555867:A:G,SBP,-0.031950,4.453e-34,425740,-0.025430,2.995e-23,425743,-0.043059,1.730e-17,318398,0.0014101,0.4900,472174,-0.071700,3.181e-7,52313,0.0060220,0.6455,11277,-0.032849,0.001226,18536,-0.024923,0.01418,18536
11:10157776:A:G,SBP,0.026920,1.229e-16,425740,0.027760,2.041e-18,425743,0.043325,5.706e-12,318398,0.000012720,1.000,472174,0.048300,0.001502,52313,-0.0097530,0.5434,11277,0.024844,0.06436,18536,0.010388,0.4393,18536
16:75419373:G:A,SBP,0.027120,4.399e-26,425740,-0.0024580,0.3262,425743,0.031800,2.462e-11,318398,0.0081174,0.00006600,472174,0.023800,0.07882,52313,0.025507,0.04572,11277,0.022799,0.05705,18536,-0.010480,0.3817,18536
12:20368269:T:C,SBP,-0.026340,1.117e-20,425740,-0.029150,3.754e-26,425743,-0.043059,7.152e-15,318398,-0.0014120,0.5100,472174,,,,0.0039280,0.8023,11277,-0.012350,0.3339,18536,-0.023660,0.06413,18536
4:86719165:T:C,SBP/HYPERTENSION,0.039940,6.285e-27,425740,0.0078330,0.03075,425743,0.039157,2.266e-8,318398,-0.0020476,0.4700,472174,0.070000,0.0001726,52313,0.019865,0.2439,11277,,,,,,
12:54441498:C:T,SBP/DBP/HYPERTENSION,-0.034800,8.692e-31,425740,-0.020450,3.598e-12,425743,-0.042101,3.294e-12,318398,0.0040155,0.06700,472174,-0.069300,6.795e-7,52313,-0.010174,0.4958,11277,-0.0073565,0.5791,18536,-0.015241,0.2504,18536
17:59485393:C:T,SBP/HYPERTENSION,0.037850,9.370e-39,425740,0.027210,8.346e-22,425743,0.039781,7.311e-13,318398,-0.0018737,0.4100,472174,0.049500,0.0009669,52313,-0.015668,0.2283,11277,0.027348,0.006202,18536,0.015652,0.1173,18536
7:151415041:A:G,SBP,0.032870,3.979e-33,425740,0.020290,3.265e-14,425743,0.041135,1.427e-14,318398,-0.0058395,0.008300,472174,0.045900,0.004047,52313,-0.013234,0.5235,11270,-0.029722,0.1178,18536,-0.010119,0.5944,18536
6:150997440:C:T,SBP,-0.035470,3.236e-12,425740,-0.033560,1.406e-11,425743,-0.070458,5.254e-14,318398,0.0018046,0.6300,472174,-0.085100,0.0001170,52313,0.026384,0.1105,11276,-0.063161,0.000001046,18536,-0.044991,0.0005051,18536
1:230851536:C:T,SBP/DBP,0.025880,5.968e-24,425740,0.024950,1.899e-23,425743,0.048875,4.729e-23,318398,0.0020857,0.3100,472174,0.049300,0.0003035,52313,0.010859,0.4071,11277,0.032152,0.001511,18536,0.026770,0.008251,18536
11:16352545:T:C,SBP,0.027080,2.492e-16,425740,0.021070,6.185e-11,425743,0.037910,1.781e-9,318398,0.00042378,0.8600,472174,0.040100,0.03573,52313,-0.0047970,0.7608,11277,0.038466,0.01010,18536,0.017966,0.2296,18536
8:120456197:A:T,SBP,0.043860,3.475e-47,425740,-0.042470,1.582e-46,425743,0.017451,0.0008652,318398,0.00050735,0.8300,472174,,,,,,,,,,,,
15:81028965:C:G,SBP,0.028670,1.834e-29,425740,0.015010,1.455e-9,425743,0.039157,2.805e-15,318398,-0.0048435,0.01700,472174,0.058000,0.00002461,52313,0.015508,0.3369,11277,0.033645,0.01120,18536,0.034827,0.008651,18536
19:2177625:T:G,SBP,0.070780,2.845e-40,425740,-0.018400,0.0003991,425743,0.049821,0.000007540,318398,0.0075403,0.06300,472174,0.0045000,0.8261,52313,0.010001,0.5379,11276,0.038312,0.001805,18536,0.020948,0.08797,18536
7:19049388:G:A,SBP/HYPERTENSION,0.048790,7.138e-44,425740,-0.036380,2.420e-26,425743,0.027885,0.00001645,318398,-0.0030227,0.2700,472174,-0.0056000,0.7423,52313,-0.035854,0.01088,11277,0.019122,0.1006,18536,-0.012551,0.2812,18536
3:169092995:C:T,SBP,0.020130,5.151e-15,425740,0.030040,5.065e-33,425743,0.024498,8.199e-7,318398,0.0024147,0.2300,472174,0.048100,0.0004741,52313,-0.0044690,0.7286,11277,0.019577,0.05308,18536,0.016636,0.1002,18536
6:26091179:C:G,SBP,0.020710,4.144e-9,425740,0.036510,2.204e-26,425743,0.050767,4.145e-14,318398,0.0099776,0.0004300,472174,0.10350,0.000001756,52313,0.022910,0.3264,11276,0.036112,0.05964,18536,0.037693,0.04931,18536
5:127843208:C:T,SBP,0.033240,3.800e-38,425740,0.025640,1.710e-24,425743,0.044997,2.010e-18,318398,0.0026195,0.2000,472174,0.064100,0.000005956,52313,0.018220,0.1686,11277,0.0080753,0.4234,18536,-0.0017773,0.8601,18536
6:43349795:G:A,SBP,0.039750,2.998e-48,425740,0.017340,6.620e-11,425743,0.047511,4.406e-20,318398,-0.0029027,0.1700,472174,0.028500,0.05189,52313,0.0050550,0.6969,11277,0.029269,0.003890,18536,0.022272,0.02803,18536
10:102553647:G:T,SBP,0.0074610,0.05929,425740,0.013230,0.0006061,425743,0.0046106,0.6626,318398,0.0034541,0.2800,472174,-0.022100,0.4253,52313,-0.024738,0.4972,11277,0.00098915,0.9762,18536,0.022152,0.5046,18536
16:70096679:C:A,SBP,0.069240,6.346e-32,425740,-0.031970,2.594e-8,425743,0.036457,0.0004196,318398,-0.010557,0.01600,472174,0.013200,0.6511,52313,,,,,,,,,
20:10669188:C:A,SBP,-0.022990,9.693e-18,425740,0.022950,1.631e-18,425743,-0.020783,0.00006731,318398,-0.0021477,0.2900,472174,-0.026400,0.05361,52313,-0.0083210,0.5194,11277,-0.017688,0.08655,18536,-0.012940,0.2099,18536
6:32050067:T:C,SBP,0.015010,1.202e-7,425740,0.0018070,0.5136,425743,0.016841,0.0008142,318398,0.0063273,0.001700,472174,0.021800,0.1183,52313,0.017089,0.2389,11277,0.015462,0.1393,18536,0.0021524,0.8370,18536
10:18451836:A:G,SBP,0.020200,3.095e-15,425740,0.019830,2.085e-15,425743,0.036871,2.084e-14,318398,-0.0017272,0.4000,472174,0.053300,0.00007981,52313,0.023969,0.06239,11277,0.018668,0.06044,18536,0.025372,0.01072,18536
4:156397273:T:C,SBP,-0.025830,5.653e-24,425740,-0.0030430,0.2225,425743,-0.024693,0.000004578,318398,-0.0032690,0.1000,472174,,,,0.0043050,0.7460,11277,0.0099535,0.3858,18536,0.017368,0.1302,18536
17:7185092:G:A,SBP,0.030590,4.134e-29,425740,0.022390,4.299e-17,425743,0.029326,2.438e-8,318398,-0.0033910,0.09400,472174,0.036100,0.009032,52313,-0.026883,0.03768,11277,0.025510,0.01264,18536,0.028692,0.005036,18536
4:106910958:C:T,SBP/HYPERTENSION,0.027220,4.108e-20,425740,0.024440,2.795e-17,425743,0.031800,1.001e-9,318398,0.0012912,0.5800,472174,0.056700,0.001590,52313,0.014573,0.3067,11277,0.038346,0.0003810,18536,0.022570,0.03651,18536
11:65405600:G:T,SBP/DBP/HYPERTENSION,-0.029870,1.616e-21,425740,-0.023330,2.377e-14,425743,-0.054488,1.637e-18,318398,0.0024645,0.3200,472174,-0.028500,0.1215,52313,0.0074840,0.6180,11277,-0.0014722,0.8965,18536,0.00076516,0.9461,18536
11:107096777:A:G,SBP,0.017140,1.905e-11,425740,0.0027710,0.2657,425743,0.025318,4.157e-7,318398,0.00076737,0.7000,472174,0.029100,0.03230,52313,0.018285,0.1728,11277,-0.022740,0.03286,18536,-0.0034698,0.7447,18536
10:75422314:C:T,SBP,0.038200,1.236e-26,425740,0.0083580,0.01658,425743,0.022859,0.0003094,318398,-0.000047030,0.9900,472174,0.014400,0.4514,52313,,,,0.0072348,0.5543,18536,0.0086745,0.4783,18536
5:158267473:G:A,SBP,0.030550,3.815e-31,425740,0.0057000,0.02641,425743,0.028194,1.595e-7,318398,-0.00048020,0.8100,472174,0.0066000,0.6471,52313,-0.0053060,0.6883,11276,0.023933,0.02020,18536,0.021316,0.03859,18536
20:42801971:T:C,SBP,0.046020,1.914e-35,425740,0.025890,7.748e-13,425743,0.048665,7.023e-12,318398,-0.00040144,0.8900,472174,0.058300,0.004220,52313,0.022788,0.2028,11277,0.030054,0.03757,18536,0.046247,0.001374,18536
8:10637552:G:A,SBP,-0.015290,0.000004470,425740,-0.0059360,0.06788,425743,-0.020783,0.001072,318398,0.00030301,0.8800,472174,-0.013200,0.3294,52313,0.025769,0.04181,11277,,,,,,
8:76660225:G:A,SBP,-0.032640,9.084e-37,425740,0.0088250,0.0004456,425743,-0.021761,0.000002549,318398,0.00047902,0.8100,472174,,,,,,,,,,,,
8:25900405:G:T,SBP/DBP/HYPERTENSION,-0.012860,0.00001692,425740,-0.0084980,0.003563,425743,-0.030529,3.075e-8,318398,0.0013472,0.5700,472174,-0.041600,0.004941,52313,0.0083360,0.5908,11276,-0.0024826,0.8323,18536,-0.00037175,0.9747,18536
1:113230758:A:G,SBP/DBP,0.030770,1.967e-19,425740,0.033770,3.608e-24,425743,0.037910,1.929e-8,318398,-0.00049166,0.8500,472174,0.061500,0.0006450,52313,0.017674,0.4426,11277,0.015829,0.3909,18536,0.0039205,0.8317,18536
11:17389850:G:A,SBP,-0.014560,4.465e-8,425740,0.0065610,0.01150,425743,-0.019803,0.00003228,318398,-0.00024636,0.9100,472174,-0.034000,0.01219,52313,-0.0051860,0.6926,11277,-0.0069751,0.5017,18536,-0.011647,0.2619,18536
17:1958609:T:C,SBP,-0.021650,1.282e-15,425740,0.0029650,0.2614,425743,-0.019803,0.0005729,318398,-0.0081543,0.0001000,472174,-0.0068000,0.6283,52313,0.015126,0.2533,11277,0.0064796,0.5459,18536,0.0030231,0.7781,18536
13:115042155:A:G,SBP,0.030290,3.939e-24,425740,0.017770,1.093e-9,425743,0.027885,6.938e-7,318398,-0.0027939,0.2300,472174,0.046100,0.003693,52313,-0.012974,0.3432,11276,0.0085309,0.4601,18536,0.00030180,0.9792,18536
7:92237426:G:A,SBP/HYPERTENSION,-0.027750,4.164e-23,425740,0.023690,4.509e-18,425743,-0.025668,9.071e-7,318398,0.0050692,0.02700,472174,-0.038100,0.01289,52313,0.011098,0.5734,11276,-0.017477,0.2644,18536,-0.011603,0.4587,18536
7:27324369:G:A,SBP,0.049990,1.054e-33,425740,0.036020,3.939e-19,425743,0.066460,3.665e-16,318398,-0.0011567,0.7300,472174,0.050700,0.009713,52313,0.016822,0.5812,11276,-0.0054910,0.8220,18536,-0.0078364,0.7482,18536
2:65287896:A:G,SBP,-0.024810,1.324e-21,425740,0.0090440,0.0003594,425743,-0.044017,1.866e-16,318398,0.000075530,0.9700,472174,-0.044500,0.001913,52313,0.024429,0.05295,11276,-0.020351,0.04242,18536,-0.0012946,0.8973,18536
18:42086982:A:G,SBP,-0.025980,2.285e-21,425740,0.0027820,0.2975,425743,-0.017840,0.0003029,318398,-0.0035572,0.09500,472174,-0.032800,0.02728,52313,-0.040955,0.004436,11277,-0.016934,0.1313,18536,-0.0057919,0.6058,18536
11:13293905:C:T,SBP/DBP,0.0026750,0.3273,425740,0.012650,0.000002051,425743,0.037598,2.111e-12,318398,-0.0050096,0.02100,472174,0.012000,0.4161,52313,-0.017537,0.1835,11277,0.0080310,0.4561,18536,0.022966,0.03305,18536
5:122472768:A:G,SBP,-0.021990,4.209e-17,425740,-0.00080000,0.7539,425743,-0.019803,0.0001711,318398,-0.0012536,0.5500,472174,-0.032900,0.02123,52313,-0.0088260,0.5726,11277,-0.037990,0.001890,18536,-0.029902,0.01447,18536
1:42375473:G:T,SBP,-0.021200,1.750e-16,425740,-0.0050190,0.04559,425743,-0.023717,2.701e-7,318398,-0.0044884,0.02800,472174,-0.013100,0.3406,52313,-0.049742,0.0003348,11276,-0.015281,0.1776,18536,-0.010673,0.3464,18536
3:11418508:C:T,SBP,0.019910,8.914e-14,425740,0.013650,1.599e-7,425743,0.038637,1.884e-14,318398,-0.0017419,0.3900,472174,0.043600,0.001322,52313,0.0095040,0.4623,11277,0.0082075,0.4948,18536,0.00023485,0.9844,18536
2:43166683:G:A,SBP/DBP,-0.029750,1.819e-10,425740,-0.028910,2.114e-10,425743,-0.049742,2.634e-8,318398,-0.00032399,0.9300,472174,-0.099500,0.00007198,52313,0.013947,0.7037,11277,-0.016589,0.6083,18536,-0.022032,0.4961,18536
1:9439983:T:G,SBP,0.031970,4.884e-33,425740,-0.016460,2.622e-10,425743,0.018164,0.0002573,318398,-0.0033290,0.1000,472174,0.0097000,0.4757,52313,-0.012649,0.3295,11272,,,,,,
11:55123720:C:T,SBP,-0.036620,5.077e-22,425740,-0.021310,8.641e-9,425743,-0.042101,1.674e-8,318398,0.0072229,0.01600,472174,-0.016600,0.4199,52313,0.020680,0.2467,11277,,,,,,
5:140115303:G:A,SBP,0.012270,0.000001023,425740,-0.0010710,0.6619,425743,0.010657,0.1086,318398,-0.0010717,0.5900,472174,0.0081000,0.5470,52313,-0.00056600,0.9646,11277,0.0031424,0.7476,18536,-0.0028834,0.7678,18536
3:121648168:G:A,SBP,0.0086730,0.0005258,425740,0.0031250,0.2003,425743,0.011263,0.01833,318398,-0.0010108,0.6100,472174,0.0071000,0.6034,52313,0.0075500,0.5856,11277,0.014851,0.1542,18536,0.0018679,0.8578,18536
1:59673900:A:G,SBP,-0.026180,2.479e-20,425740,0.020650,7.940e-14,425743,0.0029042,0.6973,318398,0.0033406,0.1300,472174,-0.022700,0.1264,52313,0.0036360,0.8365,11277,-0.018702,0.1718,18536,-0.0026725,0.8452,18536
14:35871217:G:A,SBP,0.024760,6.915e-22,425740,0.0048570,0.05312,425743,0.011364,0.01445,318398,-0.0011210,0.5900,472174,0.019200,0.1643,52313,0.011027,0.3893,11277,0.0011846,0.9033,18536,-0.0032654,0.7378,18536
3:133985901:G:A,SBP,0.019510,1.422e-13,425740,0.017950,3.106e-12,425743,0.029223,4.938e-10,318398,0.0026767,0.1900,472174,0.024600,0.06889,52313,-0.00017900,0.9895,11277,-0.0022052,0.8544,18536,0.0088534,0.4612,18536
6:97034715:G:A,SBP,0.030730,3.246e-19,425740,0.014270,0.00001996,425743,0.036249,8.612e-9,318398,-0.0081960,0.001400,472174,0.020700,0.3027,52313,-0.0023760,0.8886,11277,-0.011800,0.3737,18536,-0.0018850,0.8870,18536
6:12903957:A:G,SBP,-0.032310,5.776e-37,425740,-0.00073570,0.7668,425743,-0.0069756,0.3328,318398,0.0010662,0.6000,472174,-0.013000,0.3379,52313,-0.00020200,0.9872,11277,-0.0099065,0.3057,18536,0.0062008,0.5214,18536
7:150704843:G:A,SBP,-0.014160,9.460e-7,425740,-0.021680,1.425e-14,425743,-0.053541,3.725e-21,318398,0.00038958,0.8600,472174,-0.068100,6.189e-7,52313,-0.0087240,0.5197,11277,0.00093258,0.9325,18536,-0.014158,0.1987,18536
5:157478630:G:A,SBP/HYPERTENSION,0.018620,7.323e-11,425740,0.010530,0.0001600,425743,0.025626,0.000001936,318398,-0.0019126,0.4000,472174,0.047700,0.003292,52313,0.0078080,0.6094,11277,0.0032815,0.8377,18536,0.029354,0.06684,18536
15:86124946:T:C,SBP,0.016570,2.027e-10,425740,0.0049960,0.04933,425743,0.018470,0.0005354,318398,-0.00057468,0.7800,472174,-0.0094000,0.4899,52313,0.0033700,0.7895,11277,0.0037367,0.7031,18536,0.0089050,0.3637,18536
4:156641047:G:A,SBP,-0.017200,4.886e-11,425740,-0.021600,2.622e-17,425743,-0.040182,3.474e-15,318398,0.0015964,0.4400,472174,-0.083600,6.125e-9,52313,0.012897,0.3427,11277,-0.031332,0.002382,18536,-0.028055,0.006524,18536
7:130973495:C:T,SBP,0.020960,1.761e-15,425740,0.0066480,0.009669,425743,0.024600,3.481e-7,318398,-0.00041257,0.8400,472174,0.013800,0.3188,52313,0.010075,0.4416,11277,0.0086162,0.3884,18536,0.010841,0.2778,18536
11:1874221:C:T,SBP/HYPERTENSION,0.018900,1.042e-12,425740,0.016680,1.136e-10,425743,0.022246,0.000007204,318398,0.0023201,0.2600,472174,0.021600,0.1217,52313,-0.0052790,0.7188,11277,0.029406,0.01127,18536,0.028720,0.01332,18536
12:115359424:G:A,SBP/DBP/HYPERTENSION,-0.020710,9.731e-14,425740,-0.016110,2.878e-9,425743,-0.027615,0.000001172,318398,0.00016318,0.9400,472174,-0.0083000,0.6050,52313,0.0061200,0.6496,11276,-0.0078837,0.4481,18536,-0.0093504,0.3683,18536
2:216300482:T:A,SBP,-0.024300,5.454e-15,425740,0.0094260,0.001883,425743,-0.015873,0.003059,318398,-0.0075209,0.0009700,472174,-0.017800,0.2811,52313,0.0077140,0.5595,11277,-0.019062,0.09034,18536,-0.0073079,0.5162,18536
1:56614762:C:T,SBP,0.021730,9.038e-17,425740,0.00087950,0.7300,425743,0.023166,0.000003333,318398,-0.0012795,0.5300,472174,0.0035000,0.8133,52313,0.0027810,0.8312,11277,0.0040980,0.6831,18536,0.0071095,0.4788,18536
3:14926351:T:C,SBP,-0.017300,1.450e-10,425740,0.0010330,0.6949,425743,-0.038259,3.761e-13,318398,0.000064530,0.9700,472174,-0.021200,0.1203,52313,-0.020139,0.1215,11277,-0.018705,0.07030,18536,-0.0055532,0.5910,18536
12:20000315:A:C,SBP,-0.027730,2.632e-16,425740,-0.00098690,0.7651,425743,-0.038259,3.428e-9,318398,-0.0016545,0.5200,472174,-0.036300,0.07896,52313,0.023420,0.1294,11276,-0.011483,0.3220,18536,-0.0024630,0.8318,18536
3:53558012:G:A,SBP/HYPERTENSION,0.020240,1.738e-12,425740,0.017930,1.500e-10,425743,0.032627,4.539e-10,318398,-0.0039531,0.07000,472174,0.038700,0.007297,52313,0.00022200,0.9874,11277,0.013599,0.2292,18536,-0.0046978,0.6779,18536
1:89295765:C:A,SBP,-0.020750,3.615e-15,425740,-0.0049450,0.05452,425743,-0.035367,9.030e-11,318398,0.00076425,0.7100,472174,-0.035100,0.01919,52313,0.032678,0.04648,11277,-0.00067909,0.9600,18536,0.0049708,0.7139,18536
1:1687482:G:T,SBP,-0.013200,0.000001413,425740,-0.0099970,0.0001793,425743,-0.021761,0.00001435,318398,-0.00012083,0.9500,472174,-0.0094000,0.4877,52313,0.012866,0.3389,11276,0.011279,0.3397,18536,0.0092216,0.4351,18536
11:58407740:C:G,SBP,-0.024980,1.444e-15,425740,-0.00051350,0.8664,425743,-0.033435,1.907e-8,318398,0.0017487,0.4600,472174,-0.023900,0.1220,52313,-0.0031000,0.8354,11277,-0.0047658,0.6633,18536,-0.0057523,0.5992,18536
13:30137828:T:C,SBP/DBP,-0.020880,2.441e-12,425740,-0.016890,6.196e-9,425743,-0.025668,0.000002538,318398,0.0012986,0.5800,472174,-0.035300,0.01191,52313,0.0092670,0.4857,11277,-0.025218,0.02323,18536,-0.016752,0.1316,18536
3:48108442:T:C,SBP,0.015700,2.359e-7,425740,0.015230,2.733e-7,425743,0.037910,1.569e-10,318398,0.0033782,0.1500,472174,0.051000,0.002470,52313,,,,0.029633,0.01576,18536,0.021647,0.07778,18536
17:7455536:C:T,SBP,-0.020260,1.192e-13,425740,-0.017580,4.169e-11,425743,-0.016857,0.001171,318398,-0.0044064,0.03600,472174,-0.0068000,0.6310,52313,0.0052730,0.7036,11277,0.0065651,0.5334,18536,-0.0039547,0.7075,18536
1:249191706:G:A,SBP/DBP/HYPERTENSION,0.042350,5.122e-23,425740,0.030050,6.618e-13,425743,0.031284,0.0004779,318398,-0.0042300,0.09400,472174,0.062500,0.0001239,52313,-0.014970,0.3881,11277,-0.034938,0.05316,18536,-0.039129,0.03035,18536
17:75316880:A:G,SBP/DBP/HYPERTENSION,-0.022430,2.450e-17,425740,-0.016860,6.725e-11,425743,-0.028587,9.250e-8,318398,-0.0024947,0.2300,472174,-0.053000,0.0001735,52313,0.016258,0.2172,11277,-0.0066963,0.5205,18536,0.0029303,0.7786,18536
16:4918326:G:T,SBP/HYPERTENSION,-0.017450,4.496e-9,425740,-0.018090,4.548e-10,425743,-0.032467,1.673e-8,318398,0.0063025,0.007500,472174,-0.042100,0.01371,52313,-0.0082920,0.5573,11277,-0.026492,0.02353,18536,-0.012130,0.2998,18536
3:169477506:A:G,SBP,-0.033070,4.470e-31,425740,-0.0083770,0.002604,425743,-0.029559,5.078e-8,318398,-0.086123,1.400e-312,472174,-0.0065000,0.6664,52313,-0.088588,3.393e-10,11277,-0.0011376,0.9140,18536,-0.010913,0.3001,18536
15:41410705:G:A,SBP,0.014560,1.279e-8,425740,0.013550,5.776e-8,425743,0.035627,1.803e-11,318398,0.00079878,0.6900,472174,0.025300,0.07130,52313,-0.015924,0.2046,11277,0.0037303,0.7205,18536,0.0028452,0.7850,18536
1:16042766:T:C,SBP,-0.014810,1.808e-7,425740,0.0042910,0.1210,425743,-0.018822,0.0007967,318398,0.0049642,0.03200,472174,-0.032700,0.02769,52313,-0.025709,0.08860,11277,-0.00067276,0.9576,18536,0.0024433,0.8467,18536
5:32679090:G:A,SBP/DBP,-0.031450,1.745e-15,425740,-0.015320,0.00007055,425743,-0.040182,8.732e-7,318398,0.0024468,0.4300,472174,-0.0013000,0.9469,52313,-0.014930,0.5389,11277,-0.029784,0.2069,18536,-0.027222,0.2487,18536
1:43856410:A:C,SBP,0.018910,7.443e-13,425740,0.010960,0.00002025,425743,0.016434,0.0005446,318398,0.0030396,0.1400,472174,0.012000,0.4009,52313,0.014406,0.4284,11277,0.034082,0.02604,18536,0.018586,0.2249,18536
1:11903241:T:C,SBP/DBP,-0.024930,2.363e-16,425740,-0.018110,1.008e-9,425743,-0.032467,1.581e-7,318398,0.0021553,0.3700,472174,0.014200,0.3922,52313,0.0056710,0.6993,11277,0.013886,0.2655,18536,-0.0093991,0.4510,18536
20:62446351:G:A,SBP,-0.018330,2.208e-9,425740,0.0016280,0.5859,425743,-0.036332,3.342e-9,318398,0.0067949,0.004200,472174,-0.034100,0.03924,52313,-0.056400,0.005636,11277,-0.012549,0.4389,18536,-0.025732,0.1125,18536
18:43097750:C:A,SBP,0.028500,5.620e-18,425740,-0.024980,8.183e-15,425743,0.014200,0.03594,318398,-0.0010094,0.6900,472174,-0.00010000,0.9928,52313,-0.018361,0.1987,11276,0.016292,0.1278,18536,-0.0026065,0.8075,18536
15:48792623:GA:G,SBP,-0.047320,2.090e-29,425740,0.046900,2.611e-30,425743,-0.020783,0.05993,318398,,,,-0.023600,0.3932,52313,0.045572,0.06392,11277,,,,,,
2:19735548:C:A,SBP,0.018020,2.193e-12,425740,-0.021790,3.147e-18,425743,0.012680,0.008280,318398,0.0027809,0.1700,472174,,,,,,,0.021341,0.03726,18536,0.0065491,0.5227,18536
13:113636156:C:T,SBP/HYPERTENSION,0.025270,1.156e-16,425740,0.0058740,0.04826,425743,0.032007,2.579e-8,318398,-0.0025206,0.2900,472174,0.029200,0.05657,52313,0.0035980,0.8022,11277,0.0026793,0.8402,18536,-0.0093315,0.4825,18536
8:143992864:C:A,SBP/DBP,-0.015820,3.804e-10,425740,-0.016660,1.360e-11,425743,-0.010940,0.01681,318398,-0.0030971,0.1200,472174,-0.015700,0.2477,52313,-0.018939,0.1484,11277,-0.012145,0.2184,18536,-0.017140,0.08238,18536
5:148361622:A:C,SBP,-0.018160,1.166e-7,425740,-0.021720,8.227e-11,425743,-0.048790,2.396e-13,318398,0.0011388,0.6600,472174,-0.032500,0.02868,52313,0.031303,0.04410,11277,0.0073190,0.5369,18536,0.014150,0.2325,18536
3:168840179:A:G,SBP,-0.022060,0.00001101,425740,-0.015620,0.001416,425743,-0.051643,2.011e-7,318398,-0.0011834,0.7600,472174,-0.079100,0.004821,52313,-0.033655,0.06874,11277,-0.024680,0.08012,18536,-0.013078,0.3538,18536
9:113153647:T:C,SBP/DBP,0.022170,7.088e-9,425740,0.013490,0.0003049,425743,0.045835,6.739e-9,318398,-0.0016166,0.5800,472174,0.042100,0.06396,52313,0.026233,0.1206,11277,0.010156,0.4329,18536,-0.019669,0.1288,18536
9:136522274:C:T,SBP/HYPERTENSION,-0.032920,1.044e-11,425740,-0.039840,3.277e-17,425743,-0.065788,3.927e-12,318398,-0.0012267,0.7500,472174,-0.058300,0.03452,52313,0.032287,0.6400,11277,,,,,,
19:17219105:G:A,SBP/DBP,0.023210,7.973e-16,425740,0.012120,0.00001604,425743,0.039053,3.150e-12,318398,-0.0013630,0.5500,472174,0.040600,0.01500,52313,-0.00020500,0.9878,11277,0.0091202,0.4036,18536,0.0063623,0.5602,18536
14:98580466:G:A,SBP,0.024210,2.531e-20,425740,0.010070,0.00008200,425743,0.019489,0.00005534,318398,0.0037129,0.07200,472174,0.0091000,0.5150,52313,-0.0065410,0.6290,11277,0.022344,0.04960,18536,0.024651,0.03030,18536
17:46349432:T:C,SBP,-0.036040,2.714e-17,425740,-0.00078890,0.8494,425743,-0.024693,0.001447,318398,0.0020778,0.5400,472174,-0.030100,0.1393,52313,-0.0039070,0.8530,11277,0.021923,0.1850,18536,-0.00042453,0.9795,18536
1:3329384:C:T,SBP,0.014710,0.00005180,425740,0.020650,5.683e-9,425743,0.031800,0.000001204,318398,-0.0035400,0.2200,472174,0.044100,0.04576,52313,-0.011444,0.6564,11277,0.028705,0.1713,18536,0.034775,0.09748,18536
11:30760335:T:C,SBP/DBP/HYPERTENSION,-0.021440,1.333e-17,425740,-0.015320,3.883e-10,425743,-0.034401,1.050e-12,318398,0.0020821,0.3000,472174,-0.012000,0.3738,52313,0.019300,0.1740,11277,0.0042958,0.6871,18536,0.0037408,0.7258,18536
4:111337478:G:A,SBP,-0.024190,5.212e-18,425740,-0.018710,6.886e-12,425743,-0.039221,6.950e-12,318398,0.0030796,0.1300,472174,-0.044700,0.001026,52313,-0.017831,0.2172,11277,-0.014015,0.2651,18536,-0.015187,0.2272,18536
19:31867132:A:T,SBP,0.018300,1.541e-12,425740,0.016200,1.368e-10,425743,0.012174,0.007009,318398,0.00067699,0.7400,472174,0.0055000,0.6847,52313,-0.0088550,0.5101,11277,0.0082756,0.4455,18536,0.0071136,0.5119,18536
14:63953522:C:T,SBP,-0.0084760,0.005372,425740,-0.0074710,0.01188,425743,-0.012916,0.1120,318398,0.00016581,0.9500,472174,-0.019500,0.2159,52313,0.0015650,0.9212,11277,0.015161,0.2236,18536,0.0071295,0.5671,18536
18:42599920:A:G,SBP,0.018240,1.125e-10,425740,0.0046570,0.09146,425743,0.014099,0.01991,318398,-0.0030841,0.1600,472174,0.0093000,0.5082,52313,0.0052900,0.6996,11277,-0.017622,0.07754,18536,-0.023541,0.01838,18536
19:7230675:G:T,SBP,-0.025700,5.726e-21,425740,-0.00036850,0.8902,425743,-0.019803,0.00006119,318398,0.0033175,0.1200,472174,-0.0079000,0.5780,52313,-0.0088080,0.5053,11276,0.0036810,0.7179,18536,0.012779,0.2098,18536
7:40427000:G:A,SBP,-0.035500,1.896e-16,425740,0.021110,5.245e-7,425743,-0.020783,0.06374,318398,-0.0032077,0.3200,472174,-0.026700,0.1590,52313,-0.027881,0.1115,11277,-0.012371,0.3391,18536,0.012619,0.3295,18536
10:69879709:C:T,SBP,0.0044700,0.08695,425740,0.0038110,0.1345,425743,0.019999,0.0001233,318398,0.00094603,0.6500,472174,-0.0095000,0.4848,52313,0.0031620,0.8077,11277,0.0032715,0.7887,18536,-0.0035746,0.7697,18536
2:218683154:A:G,SBP,-0.0070920,0.007477,425740,-0.0097110,0.0001734,425743,-0.013903,0.001897,318398,-0.0021615,0.2900,472174,-0.013800,0.3118,52313,0.0043630,0.7305,11277,-0.019460,0.1723,18536,0.0029925,0.8337,18536
2:182996188:A:G,SBP,-0.024280,7.186e-14,425740,-0.0031880,0.3137,425743,-0.016857,0.002996,318398,-0.00027585,0.9100,472174,-0.031900,0.08201,52313,0.0020400,0.8907,11276,-0.021444,0.04956,18536,-0.015912,0.1451,18536
10:64564934:C:G,SBP,-0.0097210,0.0002036,425740,-0.020670,5.663e-16,425743,-0.024693,0.000002597,318398,-0.0061482,0.002500,472174,-0.029400,0.03490,52313,-0.016403,0.2090,11277,0.0068805,0.5051,18536,0.0091756,0.3741,18536
14:53418233:C:A,SBP,0.023600,1.853e-15,425740,0.0064360,0.02622,425743,0.012275,0.04638,318398,-0.0012665,0.5600,472174,0.033100,0.03131,52313,-0.0069210,0.6069,11277,0.021983,0.04719,18536,0.020585,0.06311,18536
12:12888438:T:A,SBP,-0.024400,8.666e-19,425740,-0.016250,1.484e-9,425743,-0.022739,0.000003090,318398,-0.0080427,0.00007100,472174,-0.028400,0.04192,52313,-0.0058850,0.6609,11277,-0.023544,0.02079,18536,-0.023681,0.02006,18536
17:7740170:T:C,SBP,-0.037480,6.481e-15,425740,0.016330,0.0004972,425743,-0.031499,0.001023,318398,-0.0056622,0.1300,472174,-0.023700,0.4440,52313,0.0082630,0.9075,11277,-0.040672,0.6307,18536,-0.0023372,0.9780,18536
9:128490151:C:T,SBP,-0.021530,7.558e-17,425740,-0.0073150,0.003682,425743,-0.020783,0.00005345,318398,-0.0031501,0.1200,472174,-0.015800,0.2416,52313,0.0074910,0.5744,11276,-0.011522,0.2556,18536,-0.0072951,0.4717,18536
12:115921518:T:C,SBP/HYPERTENSION,0.013700,1.473e-7,425740,0.015500,1.065e-9,425743,0.028091,2.588e-8,318398,0.0040439,0.05000,472174,0.055900,0.0001405,52313,-0.0094180,0.4665,11276,-0.010532,0.2871,18536,-0.0042340,0.6687,18536
6:79739010:G:A,SBP,0.020560,7.979e-16,425740,0.018280,2.142e-13,425743,0.038533,3.606e-14,318398,-0.0015757,0.4300,472174,0.039500,0.003506,52313,0.0092490,0.4925,11277,0.047862,0.001213,18536,0.027302,0.06493,18536
4:38385479:G:A,SBP,-0.014860,9.696e-9,425740,-0.0061420,0.01509,425743,-0.031499,5.176e-9,318398,0.0010642,0.6000,472174,-0.027600,0.04289,52313,0.021764,0.09646,11277,0.0031584,0.7879,18536,0.0072048,0.5394,18536
17:62381714:T:C,SBP/HYPERTENSION,0.0072990,0.006096,425740,0.00011120,0.9658,425743,0.034281,1.270e-10,318398,-0.0024643,0.2300,472174,0.023300,0.08721,52313,0.014639,0.2794,11263,0.019510,0.07370,18536,0.0088505,0.4172,18536
3:41816673:G:C,SBP,-0.032810,1.363e-22,425740,0.071240,4.000e-105,425743,0.0013008,0.8825,318398,0.0042810,0.1100,472174,0.038500,0.02113,52313,0.023251,0.1627,11274,,,,,,
8:51937392:C:T,SBP,0.021450,4.284e-10,425740,0.013650,0.00004601,425743,0.034902,4.573e-8,318398,-0.0021491,0.4100,472174,0.034700,0.05683,52313,-0.0057640,0.6744,11277,0.022032,0.03600,18536,0.016021,0.1273,18536
14:103959289:G:T,SBP,-0.037730,3.686e-25,425740,-0.029460,1.089e-16,425743,-0.043059,1.099e-9,318398,-0.00067052,0.8200,472174,-0.0019000,0.9239,52313,-0.0067230,0.6742,11277,-0.024144,0.06268,18536,-0.035057,0.006876,18536
11:61272565:T:C,SBP,-0.024380,4.991e-10,425740,-0.032080,4.824e-17,425743,-0.056380,2.960e-14,318398,-0.00011175,0.9700,472174,-0.060100,0.0008121,52313,0.0093910,0.5031,11277,-0.020365,0.1298,18536,-0.0043311,0.7473,18536
4:138441530:A:G,SBP,0.020420,1.232e-14,425740,0.020070,7.823e-15,425743,0.031800,3.310e-9,318398,-0.0032633,0.1100,472174,0.025200,0.06214,52313,0.0098430,0.4461,11277,0.023174,0.04048,18536,0.025727,0.02293,18536
3:56753662:C:T,SBP/DBP/HYPERTENSION,-0.022280,5.061e-16,425740,-0.017580,5.351e-11,425743,-0.025668,0.000001058,318398,0.0030842,0.1500,472174,-0.0072000,0.6326,52313,0.011671,0.4067,11277,-0.019562,0.07970,18536,-0.035622,0.001418,18536
15:42032383:C:G,SBP,-0.0081890,0.001639,425740,0.020140,2.013e-15,425743,0.0099493,0.02780,318398,0.022266,4.400e-26,472174,-0.013500,0.3277,52313,0.026211,0.05740,11277,-0.0013451,0.9018,18536,0.00042922,0.9686,18536
5:55854153:C:T,SBP,0.020300,2.106e-8,425740,0.0028400,0.4216,425743,0.036249,4.557e-7,318398,0.00028433,0.9200,472174,-0.0037000,0.8536,52313,-0.017402,0.3560,11277,0.014175,0.3538,18536,0.018011,0.2387,18536
8:105966258:G:A,SBP/DBP/HYPERTENSION,-0.035160,3.152e-14,425740,-0.016650,0.0002281,425743,-0.055435,5.703e-10,318398,0.0017885,0.6000,472174,-0.048200,0.009285,52313,0.0065990,0.8687,11277,-0.081966,0.04175,18536,-0.077529,0.05413,18536
16:53825905:G:A,SBP,0.026720,2.432e-25,425740,-0.013990,2.322e-8,425743,0.076125,6.592e-54,318398,-0.0040292,0.05100,472174,0.064700,0.000002695,52313,-0.0089180,0.5136,11276,0.048874,0.000003254,18536,0.035146,0.0008175,18536
3:124613271:C:A,SBP,-0.014740,1.154e-8,425740,-0.00024220,0.9234,425743,-0.011929,0.01023,318398,0.0012634,0.5300,472174,-0.030000,0.02771,52313,-0.010424,0.4325,11277,-0.021268,0.03804,18536,-0.0087763,0.3920,18536
2:208402750:T:C,SBP/DBP,0.015690,2.298e-9,425740,0.012090,0.000002376,425743,0.021632,0.000009043,318398,0.0033297,0.09800,472174,0.011200,0.4075,52313,-0.015735,0.2283,11277,0.023633,0.02698,18536,0.011190,0.2950,18536
8:142367087:C:T,SBP/DBP/HYPERTENSION,0.043910,9.735e-13,425740,0.038090,2.233e-10,425743,0.064752,2.307e-8,318398,-0.0024605,0.6000,472174,0.11080,0.00008221,52313,-0.020172,0.7228,11277,-0.014033,0.7969,18536,-0.060298,0.2688,18536
5:114393181:G:T,SBP,0.018120,6.692e-13,425740,0.015300,5.009e-10,425743,0.033040,2.050e-13,318398,-0.00061109,0.7600,472174,0.039100,0.003804,52313,0.033128,0.01032,11277,0.0072334,0.4833,18536,0.0048854,0.6359,18536
1:8448404:A:G,SBP,-0.022940,4.765e-17,425740,-0.016360,8.612e-10,425743,-0.018822,0.0002669,318398,0.0036249,0.08800,472174,-0.015200,0.2777,52313,-0.0030690,0.8434,11277,,,,,,
22:19960198:G:C,SBP/HYPERTENSION,0.023190,2.871e-16,425740,-0.0033570,0.2247,425743,0.020713,0.0001690,318398,-0.0065590,0.003400,472174,0.027000,0.05345,52313,-0.010391,0.4441,11277,0.010126,0.3447,18536,0.0066251,0.5365,18536
2:191623236:G:A,SBP,-0.019430,9.783e-11,425740,-0.011590,0.00007605,425743,-0.021761,0.0001154,318398,-0.0085048,0.0001600,472174,-0.014700,0.4132,52313,-0.015987,0.3465,11277,-0.013464,0.3232,18536,-0.032174,0.01824,18536
8:126507389:C:A,SBP,-0.0099300,0.0002514,425740,0.0030290,0.2522,425743,-0.021761,0.00001190,318398,0.0030086,0.1700,472174,-0.00030000,0.9852,52313,0.011065,0.4621,11277,0.027419,0.01833,18536,0.026541,0.02241,18536
18:777282:T:A,SBP,-0.014080,0.00006539,425740,-0.012690,0.0002247,425743,-0.013903,0.008422,318398,0.0066090,0.01000,472174,-0.045000,0.02416,52313,0.00012400,0.9930,11277,0.0064079,0.6032,18536,-0.0029861,0.8086,18536
12:53449321:G:A,SBP,0.029530,4.221e-10,425740,0.0058570,0.2041,425743,0.027988,0.002051,318398,-0.0073584,0.04000,472174,0.086100,0.0002294,52313,0.013999,0.4405,11277,0.026003,0.05618,18536,0.013202,0.3323,18536
4:54799245:T:C,SBP,-0.045960,1.025e-25,425740,0.029970,2.389e-12,425743,-0.030529,0.0006409,318398,0.0024823,0.4400,472174,-0.022100,0.3425,52313,-0.00094500,0.9441,11277,-0.012040,0.2439,18536,0.011705,0.2573,18536
2:25259953:A:G,SBP,0.014140,0.000002253,425740,0.013090,0.000007187,425743,0.018470,0.003447,318398,0.00015919,0.9500,472174,0.036900,0.01752,52313,-0.012253,0.3571,11277,0.0062885,0.5505,18536,0.0052176,0.6204,18536
20:31222769:A:G,SBP,0.030200,1.094e-17,425740,0.014030,0.00004528,425743,0.034902,1.225e-7,318398,-0.0031222,0.2600,472174,0.070200,0.00002334,52313,-0.013562,0.3683,11277,0.024894,0.07687,18536,0.0033762,0.8104,18536
13:22318314:C:A,SBP,-0.014510,4.470e-8,425740,-0.010250,0.00007390,425743,-0.024693,0.000002573,318398,-0.00046232,0.8300,472174,-0.062300,0.000006960,52313,0.033557,0.08666,11277,-0.00031530,0.9852,18536,-0.0091074,0.5923,18536
19:49605705:G:A,SBP/DBP,-0.019100,0.000001366,425740,0.0029380,0.4462,425743,-0.034401,0.000001158,318398,-0.0024341,0.3800,472174,-0.034700,0.1119,52313,-0.023958,0.4509,11277,0.048056,0.1934,18536,0.030373,0.4111,18536
4:17944840:G:A,SBP,0.0079290,0.01784,425740,0.0028560,0.3816,425743,0.017146,0.02427,318398,-0.010299,0.0001300,472174,0.047100,0.04255,52313,-0.0099170,0.4871,11276,-0.0036396,0.7370,18536,0.00093265,0.9314,18536
19:5066330:G:A,SBP,-0.018420,5.739e-13,425740,-0.0035530,0.1542,425743,-0.029559,2.131e-9,318398,-0.00078775,0.6900,472174,-0.031400,0.02006,52313,,,,-0.0063779,0.5660,18536,-0.0074623,0.5019,18536
11:89224477:G:A,SBP,-0.035390,2.398e-21,425740,0.027230,7.319e-14,425743,-0.0029955,0.7443,318398,0.000027020,0.9900,472174,0.0033000,0.8589,52313,0.0069130,0.6878,11277,-0.0085312,0.5400,18536,0.014776,0.2885,18536
17:6531648:A:G,SBP,0.018870,1.436e-13,425740,-0.010500,0.00002459,425743,0.0098483,0.04594,318398,-0.0024151,0.2300,472174,,,,-0.014791,0.2675,11277,0.0077849,0.4611,18536,0.0057362,0.5871,18536
20:62694319:G:T,SBP/DBP,0.015760,3.865e-7,425740,0.0055830,0.06524,425743,0.038325,4.276e-11,318398,-0.0075367,0.001300,472174,0.048400,0.001712,52313,0.00058800,0.9669,11277,-0.0015221,0.8949,18536,0.00028817,0.9800,18536
8:38095662:C:T,SBP,0.013890,0.000002117,425740,0.010350,0.0002918,425743,0.025113,0.000002860,318398,0.0016866,0.4700,472174,0.038800,0.02357,52313,0.014781,0.4551,11277,0.026733,0.06893,18536,0.034850,0.01773,18536
19:10332988:C:T,SBP/DBP,-0.0072180,0.008000,425740,-0.0090030,0.0006943,425743,-0.026642,5.667e-7,318398,0.0021755,0.2900,472174,-0.011500,0.3976,52313,-0.00037600,0.9775,11277,-0.0063982,0.6111,18536,-0.0038523,0.7595,18536
5:77874854:C:G,SBP,-0.020470,1.891e-15,425740,-0.012090,0.000001484,425743,-0.019803,0.00001310,318398,-0.0019257,0.3400,472174,-0.024500,0.07063,52313,-0.0087160,0.5230,11277,,,,,,
17:1337960:C:T,SBP,0.016910,7.253e-11,425740,-0.0035780,0.1574,425743,0.021121,0.00002757,318398,-0.0025070,0.2200,472174,0.028800,0.04082,52313,-0.011534,0.3682,11277,0.0089179,0.4194,18536,0.016845,0.1272,18536
5:53283630:T:A,SBP,0.012860,8.693e-7,425740,0.0045480,0.07452,425743,0.026652,9.324e-8,318398,-0.00043464,0.8300,472174,,,,,,,0.0028802,0.7968,18536,0.0064707,0.5630,18536
11:14852490:G:A,SBP,0.0041680,0.1021,425740,0.0046390,0.06211,425743,0.0049120,0.4650,318398,-0.0040115,0.04500,472174,-0.015500,0.2505,52313,-0.010970,0.3959,11277,,,,,,
5:1280028:G:A,SBP,0.028320,2.314e-16,425740,0.021590,1.428e-10,425743,0.026549,0.00005628,318398,0.039035,1.200e-52,472174,0.014100,0.3823,52313,0.086677,3.500e-7,11277,0.015021,0.2560,18536,0.017948,0.1747,18536
17:76772288:C:T,SBP,-0.017470,7.109e-12,425740,-0.0010340,0.6774,425743,-0.014889,0.0003882,318398,-0.0038891,0.05200,472174,-0.0077000,0.5754,52313,0.011301,0.3925,11277,-0.024667,0.01309,18536,-0.013552,0.1728,18536
4:77396854:G:C,SBP,-0.025410,4.944e-23,425740,-0.019850,2.483e-15,425743,-0.017840,0.001140,318398,0.0032056,0.1100,472174,-0.029100,0.03054,52313,0.0015860,0.9058,11277,,,,,,
2:227099180:C:T,SBP,0.011550,0.000009020,425740,-0.0029610,0.2432,425743,0.034799,9.542e-12,318398,0.00026199,0.9000,472174,0.013900,0.3222,52313,-0.0036510,0.8013,11277,0.0031562,0.7851,18536,-0.0030161,0.7944,18536
20:47418686:G:A,SBP,-0.0098450,0.006832,425740,-0.010690,0.002606,425743,-0.036332,9.297e-7,318398,0.00053925,0.8500,472174,-0.063900,0.006619,52313,,,,-0.0099404,0.4750,18536,0.00063030,0.9639,18536
15:63359564:A:C,SBP,-0.013440,2.046e-7,425740,0.0045700,0.07006,425743,-0.0099503,0.01990,318398,-0.0014400,0.4800,472174,-0.017200,0.2106,52313,-0.010584,0.4094,11277,-0.015490,0.1182,18536,-0.010066,0.3100,18536
16:20392332:G:A,SBP,-0.0022730,0.4922,425740,-0.016280,4.581e-7,425743,-0.023717,0.0001537,318398,0.0018494,0.4700,472174,-0.049800,0.002393,52313,0.0075710,0.6313,11277,-0.023751,0.05477,18536,-0.044617,0.0003085,18536
6:22392260:A:G,SBP/DBP/HYPERTENSION,-0.018760,9.342e-11,425740,-0.00014860,0.9580,425743,-0.032467,2.000e-8,318398,0.00097862,0.6600,472174,-0.040100,0.007840,52313,-0.0057650,0.7143,11276,-0.011167,0.3889,18536,0.0012884,0.9208,18536
11:10660067:T:G,SBP,0.022660,3.086e-14,425740,0.024980,9.173e-18,425743,0.014302,0.008681,318398,0.0012310,0.5800,472174,0.0022000,0.8851,52313,-0.0098480,0.6091,11277,0.0046682,0.7646,18536,-0.0052142,0.7381,18536
2:204085635:C:T,SBP,0.017020,5.862e-11,425740,-0.0024220,0.3393,425743,0.013592,0.003137,318398,0.0040944,0.04500,472174,0.014200,0.2911,52313,0.0048140,0.7243,11277,0.015544,0.1660,18536,0.014701,0.1902,18536
4:26799390:A:G,SBP,0.016450,2.616e-10,425740,0.010980,0.00001532,425743,0.022757,0.000002313,318398,0.00064485,0.7500,472174,0.054500,0.00006102,52313,0.011822,0.3571,11277,0.0068650,0.5063,18536,0.011192,0.2785,18536
11:48810512:A:G,SBP,-0.053510,1.110e-17,425740,-0.033860,2.780e-8,425743,-0.065788,1.114e-7,318398,0.0021366,0.5400,472174,,,,,,,,,,,,
7:2524359:A:G,SBP,-0.011050,0.00006663,425740,-0.016370,1.388e-9,425743,-0.012916,0.08226,318398,-0.0015872,0.4600,472174,-0.020600,0.1835,52313,0.016894,0.2524,11277,-0.015410,0.2044,18536,-0.020884,0.08545,18536
21:44759440:C:G,SBP/HYPERTENSION,0.010540,0.0004589,425740,0.0050410,0.08586,425743,0.040405,3.531e-11,318398,-0.00090365,0.6900,472174,0.049700,0.0006005,52313,0.0099730,0.4924,11277,0.020212,0.1110,18536,0.020654,0.1034,18536
16:2080653:A:T,SBP,0.019150,9.345e-13,425740,0.016230,5.422e-10,425743,0.026960,0.000001282,318398,-0.0054477,0.01000,472174,,,,0.018979,0.3119,11276,,,,,,
19:7295991:A:G,SBP,-0.020270,1.607e-10,425740,-0.015950,2.486e-7,425743,-0.048790,2.192e-14,318398,-0.0013156,0.6000,472174,,,,-0.0013550,0.9224,11277,-0.027476,0.01602,18536,-0.025574,0.02498,18536
17:60769803:A:G,SBP,0.019720,1.425e-14,425740,-0.023890,1.178e-21,425743,0.018368,0.0004859,318398,0.0024869,0.2200,472174,0.026700,0.05346,52313,-0.0084810,0.5153,11277,0.030782,0.001716,18536,0.032581,0.0009044,18536
21:16576783:G:A,SBP/HYPERTENSION,0.021060,2.601e-13,425740,0.017310,7.173e-10,425743,0.039677,1.156e-12,318398,0.0014675,0.4900,472174,0.023900,0.08636,52313,0.0018240,0.8946,11277,0.0064047,0.5225,18536,-0.00085109,0.9323,18536
17:61550729:C:A,SBP/HYPERTENSION,-0.015490,3.974e-7,425740,-0.0063640,0.03276,425743,-0.046884,3.699e-15,318398,-0.0012638,0.5400,472174,-0.034100,0.01348,52313,-0.034551,0.01090,11277,-0.012212,0.2600,18536,-0.011215,0.3010,18536
16:65265028:C:T,SBP,0.020320,3.222e-15,425740,-0.0096100,0.0001321,425743,0.012376,0.07156,318398,0.0014190,0.4800,472174,0.028500,0.03621,52313,-0.013922,0.2925,11277,,,,,,
2:40527128:T:G,SBP,-0.022240,3.865e-16,425740,-0.018400,4.959e-12,425743,-0.027615,3.179e-7,318398,0.00083192,0.7100,472174,-0.028900,0.04292,52313,-0.013058,0.3267,11276,-0.0067776,0.5615,18536,-0.019787,0.09003,18536
10:76059068:A:G,SBP,-0.021590,3.702e-16,425740,0.0065790,0.01092,425743,-0.023717,7.016e-7,318398,-0.0014942,0.4700,472174,,,,0.00034400,0.9822,11268,-0.0015272,0.9207,18536,0.00070007,0.9636,18536
10:96145246:T:C,SBP,-0.020970,2.171e-15,425740,-0.016050,4.820e-10,425743,-0.024693,3.347e-7,318398,-0.0099407,8.100e-7,472174,-0.0082000,0.5544,52313,-0.018547,0.1549,11277,-0.0049541,0.6501,18536,0.00083406,0.9391,18536
16:73127723:C:T,SBP/DBP,0.032590,5.484e-14,425740,0.0085970,0.04195,425743,0.020815,0.009044,318398,-0.0062478,0.04400,472174,0.030100,0.2185,52313,0.024683,0.3415,11277,0.017703,0.5370,18536,-0.0092494,0.7471,18536
20:50108980:G:A,SBP/DBP,0.019720,4.028e-15,425740,0.017680,5.279e-13,425743,0.023269,6.922e-7,318398,-0.0024938,0.2200,472174,0.023300,0.08899,52313,-0.0037050,0.7738,11277,-0.00070454,0.9431,18536,0.0052403,0.5953,18536
15:50909802:C:G,SBP,-0.015770,4.767e-10,425740,0.0051550,0.03695,425743,-0.0099503,0.1351,318398,0.0064626,0.001200,472174,-0.019300,0.1538,52313,-0.0024280,0.8483,11277,-0.0092632,0.4562,18536,0.018179,0.1436,18536
4:144052417:C:T,SBP,-0.017620,2.016e-11,425740,-0.012750,6.568e-7,425743,-0.029559,8.836e-9,318398,-0.0012331,0.5500,472174,-0.046100,0.001068,52313,0.021369,0.09585,11270,0.0098098,0.3337,18536,-0.000059474,0.9953,18536
15:40317792:T:G,SBP/HYPERTENSION,0.010500,0.00003543,425740,0.0093970,0.0001481,425743,0.015418,0.0003936,318398,-0.0012326,0.5400,472174,0.023700,0.07951,52313,-0.0063490,0.6254,11277,0.019608,0.05438,18536,0.019388,0.05714,18536
11:117003528:G:C,SBP/DBP,-0.028900,5.345e-18,425740,-0.0099890,0.002189,425743,-0.035367,1.450e-7,318398,-0.0094252,0.0003300,472174,-0.019100,0.2438,52313,0.011135,0.3957,11277,,,,,,
4:89753225:A:G,SBP,-0.017790,4.445e-9,425740,0.0030930,0.2958,425743,-0.018822,0.0007384,318398,0.0011593,0.6300,472174,-0.011600,0.4188,52313,0.0044760,0.7281,11277,-0.0053712,0.5907,18536,0.0039071,0.6956,18536
3:183498922:A:C,SBP,-0.019640,1.309e-14,425740,-0.012640,3.669e-7,425743,-0.019803,0.0002346,318398,0.000019210,0.9900,472174,,,,0.00037500,0.9768,11277,-0.0043688,0.6667,18536,0.014750,0.1459,18536
12:48202941:C:T,SBP,-0.020750,4.458e-12,425740,-0.024880,1.748e-17,425743,-0.020783,0.0002849,318398,-0.00017346,0.9400,472174,-0.014300,0.3599,52313,-0.021934,0.2393,11277,-0.026665,0.1464,18536,-0.0056221,0.7595,18536
11:9957324:A:C,SBP,0.018770,4.011e-12,425740,0.011820,0.000007515,425743,0.029944,7.595e-9,318398,-0.0021883,0.3000,472174,0.037600,0.01022,52313,0.034273,0.008099,11277,,,,,,
20:40258709:A:G,SBP,-0.019470,6.933e-13,425740,-0.023520,5.957e-19,425743,-0.033435,2.491e-10,318398,-0.0010565,0.6200,472174,-0.037300,0.006874,52313,0.0081380,0.5409,11277,0.016768,0.09761,18536,0.0044988,0.6567,18536
4:2668217:C:A,SBP,-0.014610,1.035e-7,425740,-0.0028720,0.2835,425743,-0.022739,0.0002175,318398,0.0019969,0.3600,472174,0.012600,0.4138,52313,0.016257,0.2701,11277,-0.0020338,0.8695,18536,0.020566,0.09668,18536
12:66376091:T:C,SBP,0.012530,0.000001049,425740,-0.010430,0.00003054,425743,0.019999,0.0001307,318398,-0.0018662,0.3600,472174,0.0054000,0.6883,52313,-0.0012900,0.9323,11277,-0.0037558,0.7538,18536,0.0036177,0.7626,18536
2:28635740:T:C,SBP,-0.021920,2.565e-17,425740,0.00037660,0.8815,425743,-0.021761,0.000005272,318398,0.00044745,0.8200,472174,-0.038600,0.004415,52313,0.016129,0.2252,11277,-0.0011510,0.9101,18536,0.00010630,0.9917,18536
6:55986975:C:T,SBP,0.030920,1.035e-17,425740,-0.032210,5.553e-20,425743,0.018164,0.05803,318398,0.0042766,0.1400,472174,0.0054000,0.7732,52313,-0.0044170,0.8054,11277,0.018374,0.2325,18536,0.016929,0.2713,18536
18:54578482:C:T,SBP/DBP,-0.014370,0.000001884,425740,-0.0047980,0.1028,425743,-0.033435,9.930e-9,318398,-0.00098540,0.6400,472174,-0.045300,0.002082,52313,0.018316,0.1502,11277,-0.016975,0.2575,18536,-0.0012138,0.9355,18536
10:134413500:G:T,SBP,0.023640,9.860e-13,425740,0.017630,4.932e-8,425743,0.032213,1.664e-7,318398,-0.00083400,0.7500,472174,0.021100,0.2830,52313,0.0069580,0.6719,11277,-0.0016344,0.9031,18536,-0.010226,0.4460,18536
7:139404666:A:C,SBP/DBP,-0.019230,2.295e-9,425740,-0.0099580,0.001512,425743,-0.027615,0.00001114,318398,-0.00010596,0.9700,472174,-0.065900,0.00005952,52313,0.0012290,0.9486,11277,-0.043014,0.004777,18536,-0.035507,0.01985,18536
6:152404528:A:G,SBP,0.029050,3.183e-12,425740,-0.040660,1.531e-23,425743,0.022859,0.004303,318398,-0.0063854,0.04200,472174,-0.0042000,0.8078,52313,0.0084390,0.5944,11276,,,,,,
2:145796251:G:A,SBP,-0.022030,5.391e-18,425740,-0.022500,1.393e-19,425743,-0.028587,3.195e-9,318398,-0.00033127,0.8700,472174,-0.017700,0.2029,52313,-0.018444,0.1480,11277,-0.0013635,0.8931,18536,-0.0027700,0.7849,18536
12:56470625:C:T,SBP,0.0054930,0.03012,425740,0.011180,0.000006008,425743,0.019285,0.00008152,318398,-0.0011197,0.5800,472174,-0.0088000,0.5213,52313,0.013170,0.3441,11276,-0.015802,0.1429,18536,-0.011705,0.2778,18536
16:80861676:G:A,SBP,-0.029900,9.816e-10,425740,-0.0028000,0.5574,425743,-0.021761,0.03677,318398,-0.0017907,0.6400,472174,0.0075000,0.8060,52313,0.051526,0.05671,11277,0.00082261,0.9719,18536,-0.025463,0.2758,18536
10:122968964:G:A,SBP,0.0077850,0.004886,425740,0.0010020,0.7104,425743,0.020305,0.0001173,318398,-0.0011944,0.5800,472174,0.025500,0.08423,52313,0.026480,0.04863,11277,0.013798,0.1805,18536,0.015080,0.1433,18536
3:41108513:TGTGGAGAAAAGGGA:T,SBP,-0.037360,5.971e-22,425740,-0.0098820,0.009017,425743,-0.036332,0.000001425,318398,,,,-0.013000,0.6292,52313,-0.012282,0.5055,11277,,,,,,
2:37559355:C:A,SBP,0.0014430,0.6319,425740,-0.0063640,0.03025,425743,-0.010940,0.03876,318398,0.000038580,0.9900,472174,-0.0089000,0.5931,52313,-0.0092280,0.4740,11277,-0.0089061,0.3790,18536,-0.0086145,0.3948,18536
16:83043712:G:C,SBP,0.023010,3.363e-19,425740,-0.017390,3.942e-12,425743,0.020509,0.00003093,318398,0.0016756,0.4000,472174,-0.016300,0.2330,52313,0.024582,0.05974,11258,,,,,,
19:11296855:A:G,SBP,0.026100,3.163e-8,425740,0.00070070,0.8790,425743,0.033040,0.0008899,318398,-0.0034892,0.3500,472174,0.071800,0.01713,52313,0.021452,0.5136,11272,,,,,,
5:96174186:A:G,SBP,0.017280,7.392e-8,425740,0.0089380,0.004325,425743,0.023576,0.0001036,318398,-0.0024942,0.3100,472174,0.077900,0.000006484,52313,0.0039650,0.7777,11277,0.015517,0.1526,18536,0.0071530,0.5096,18536
3:53734443:T:C,SBP,0.019790,2.876e-12,425740,0.017840,1.102e-10,425743,0.026447,7.193e-7,318398,0.0012469,0.5600,472174,0.0013000,0.9286,52313,0.0075390,0.6084,11277,0.0072923,0.5515,18536,0.011303,0.3560,18536
5:122742602:T:G,SBP,-0.015130,1.698e-7,425740,-0.012290,0.00001331,425743,-0.019803,0.001370,318398,0.0015952,0.4800,472174,0.0026000,0.8611,52313,0.024221,0.1272,11276,-0.014550,0.2616,18536,-0.00031489,0.9806,18536
17:59241469:T:C,SBP/DBP,-0.031990,8.599e-19,425740,-0.025230,8.139e-13,425743,-0.040182,2.224e-9,318398,0.0041222,0.1000,472174,,,,,,,,,,,,
2:175529967:C:G,SBP,0.022420,9.892e-13,425740,-0.0057620,0.06023,425743,0.027371,0.00001510,318398,0.00061649,0.8100,472174,0.045300,0.01118,52313,0.015737,0.4528,11277,0.026494,0.1839,18536,-0.032268,0.1056,18536
12:12628219:T:C,SBP,-0.018010,3.441e-11,425740,-0.0027800,0.2942,425743,-0.027615,1.808e-7,318398,-0.00066511,0.7500,472174,,,,,,,-0.0049526,0.6793,18536,-0.013711,0.2524,18536
15:95312071:T:C,SBP/DBP,0.012130,0.00001322,425740,0.013550,6.048e-7,425743,0.026036,0.000003542,318398,0.0079555,0.0002400,472174,,,,0.016992,0.2898,11277,0.0078347,0.5143,18536,0.012545,0.2964,18536
6:159717362:G:C,SBP,-0.019550,3.090e-7,425740,0.024440,5.391e-11,425743,-0.020783,0.01776,318398,0.00034678,0.9000,472174,0.00030000,0.9869,52313,0.0025510,0.8874,11277,-0.030465,0.04731,18536,-0.010896,0.4781,18536
8:135661278:G:A,SBP,0.016720,9.143e-10,425740,0.0063130,0.01774,425743,0.024088,0.000008803,318398,-0.0030561,0.1500,472174,0.046900,0.001048,52313,0.015158,0.2373,11276,-0.0070652,0.4780,18536,-0.0058615,0.5561,18536
4:146821725:T:C,SBP,-0.015320,3.301e-8,425740,0.0043080,0.1112,425743,-0.013903,0.004203,318398,0.00083070,0.6800,472174,0.0082000,0.5502,52313,-0.0081920,0.5528,11277,-0.017160,0.1058,18536,-0.0052950,0.6177,18536
2:86456836:G:A,SBP,-0.013670,3.472e-7,425740,-0.0091770,0.0004519,425743,-0.013903,0.004792,318398,0.00085522,0.6800,472174,0.010700,0.4502,52313,-0.012230,0.3374,11273,-0.0057722,0.5617,18536,-0.0034550,0.7283,18536
1:38446986:G:A,SBP,0.016510,2.037e-10,425740,-0.014270,1.743e-8,425743,0.013491,0.006329,318398,-0.0011454,0.5700,472174,-0.010000,0.4597,52313,-0.014431,0.3001,11277,0.010694,0.3916,18536,0.0035048,0.7789,18536
3:85683600:A:G,SBP,-0.013930,7.127e-8,425740,-0.0096870,0.0001219,425743,-0.015873,0.001801,318398,0.0038516,0.06000,472174,,,,0.035971,0.004916,11276,-0.0050406,0.6202,18536,0.0052671,0.6046,18536
12:48686871:A:G,SBP,0.013680,0.00001010,425740,-0.0091840,0.002382,425743,0.028399,0.000007833,318398,0.0033971,0.1600,472174,0.046500,0.02046,52313,0.0097130,0.6496,11277,-0.010920,0.5127,18536,0.016494,0.3227,18536
3:154700729:G:A,SBP,-0.031050,2.505e-12,425740,-0.022980,1.069e-7,425743,-0.033435,0.00006457,318398,-0.0025396,0.4400,472174,-0.051900,0.02993,52313,0.017382,0.4788,11277,-0.048146,0.05000,18536,-0.037211,0.1298,18536
5:33100969:G:A,SBP,0.017140,4.573e-11,425740,0.0092900,0.0002544,425743,0.025113,8.222e-7,318398,-0.00069057,0.7300,472174,0.022800,0.09103,52313,0.0022130,0.8673,11277,,,,,,
3:37572489:G:A,SBP,-0.013710,9.583e-8,425740,-0.0052950,0.03470,425743,-0.012916,0.006620,318398,0.00053944,0.7900,472174,-0.00070000,0.9572,52313,0.0058430,0.6577,11276,,,,,,
12:90301665:C:T,SBP,-0.019730,5.673e-14,425740,-0.023370,7.175e-20,425743,-0.029559,1.028e-8,318398,-0.00050372,0.8000,472174,-0.044000,0.001302,52313,0.031166,0.01916,11277,-0.0079181,0.4387,18536,-0.0075371,0.4610,18536
2:85489391:C:CT,SBP,-0.021050,1.085e-16,425740,0.011740,0.000002096,425743,-0.019803,0.0001030,318398,-0.00048197,0.8100,472174,0.0071000,0.6070,52313,-0.0024090,0.8612,11277,,,,,,
14:100225958:G:A,SBP,-0.020890,3.012e-14,425740,0.0047540,0.07634,425743,-0.014889,0.009923,318398,0.0045499,0.03700,472174,-0.012700,0.3714,52313,-0.010337,0.5632,11277,-0.0021239,0.8713,18536,0.0037475,0.7750,18536
12:20215558:G:A,SBP,0.019540,8.484e-11,425740,0.018620,2.274e-10,425743,0.026241,0.00002253,318398,-0.00038066,0.8600,472174,0.0092000,0.5264,52313,0.0081490,0.6257,11277,0.023968,0.1086,18536,0.024931,0.09514,18536
17:18185510:G:A,SBP,0.015770,6.260e-10,425740,0.018330,1.693e-13,425743,0.028399,6.568e-8,318398,-0.00041957,0.8400,472174,0.045200,0.0008307,52313,0.024180,0.06061,11277,-0.011503,0.2413,18536,-0.0048905,0.6184,18536
14:100133250:C:T,SBP,0.021020,3.117e-16,425740,-0.014440,8.653e-9,425743,0.025318,0.000001341,318398,-0.0012801,0.5300,472174,0.017800,0.1901,52313,-0.00045200,0.9721,11277,0.012755,0.1893,18536,0.0027029,0.7809,18536
1:169098363:C:T,SBP,-0.019890,5.424e-14,425740,0.010050,0.00009694,425743,-0.023717,0.00001188,318398,-0.0018709,0.3600,472174,-0.0032000,0.8166,52313,-0.046158,0.002730,11277,-0.0039856,0.7536,18536,-0.0014974,0.9061,18536
22:29453193:G:C,SBP/DBP,-0.010610,0.00004401,425740,-0.013970,3.547e-8,425743,-0.017840,0.0004559,318398,0.0060460,0.002700,472174,-0.025800,0.06049,52313,0.0094230,0.4599,11277,0.0061938,0.5392,18536,-0.0059009,0.5586,18536
6:31323012:G:A,SBP,0.015130,0.000008833,425740,0.0068710,0.03854,425743,0.013187,0.1453,318398,0.0099502,0.00003500,472174,,,,,,,,,,,,
17:47448346:G:A,SBP,0.011910,0.000006419,425740,0.022700,1.169e-18,425743,0.041135,1.064e-15,318398,0.00014498,0.9500,472174,0.037400,0.006158,52313,-0.00083000,0.9635,11277,0.0000078093,0.9995,18536,0.030967,0.02505,18536
11:69257221:A:G,SBP,-0.021610,4.206e-17,425740,-0.012170,0.000001215,425743,-0.026642,4.626e-8,318398,-0.00076063,0.7100,472174,-0.043800,0.001190,52313,0.016933,0.2049,11277,0.00075696,0.9458,18536,-0.017380,0.1187,18536
14:75084829:G:A,SBP,0.022120,2.499e-18,425740,-0.000065810,0.9788,425743,0.015825,0.002140,318398,0.0014031,0.4800,472174,0.0081000,0.5505,52313,0.010359,0.4466,11277,-0.0035379,0.7409,18536,0.0031117,0.7711,18536
12:79951566:G:A,SBP,-0.018910,2.132e-11,425740,0.0058930,0.03235,425743,-0.023717,0.00001761,318398,0.0046192,0.03400,472174,0.0088000,0.5714,52313,0.017005,0.1769,11276,-0.00067318,0.9549,18536,-0.0015417,0.8970,18536
7:1966831:A:G,SBP,0.019090,2.922e-13,425740,0.011910,0.000003053,425743,0.041135,1.503e-14,318398,-0.00041698,0.8400,472174,0.010200,0.4619,52313,0.020935,0.1351,11277,-0.0042661,0.6902,18536,-0.0025920,0.8086,18536
11:45255926:C:T,SBP,0.028580,5.344e-23,425740,-0.0069400,0.01394,425743,0.023166,0.00007005,318398,0.00063927,0.7800,472174,0.026200,0.08410,52313,0.0034690,0.7975,11277,-0.0039769,0.7110,18536,-0.0039602,0.7122,18536
5:68043243:T:C,SBP/DBP/HYPERTENSION,0.016710,6.731e-9,425740,0.010730,0.0001347,425743,0.029532,1.713e-7,318398,0.0033850,0.1300,472174,0.030800,0.03525,52313,0.0065580,0.6493,11277,0.0084616,0.4539,18536,0.0080883,0.4741,18536
6:169567460:G:GCA,SBP,-0.031710,6.261e-20,425740,0.030520,1.879e-19,425743,-0.015873,0.01737,318398,,,,0.016500,0.3377,52313,-0.0011130,0.9616,11277,,,,,,
3:169295764:A:C,SBP/DBP,0.011360,0.00009568,425740,0.017600,5.643e-10,425743,0.019387,0.0009063,318398,-0.0063458,0.004300,472174,0.017000,0.2880,52313,-0.0097740,0.4911,11276,-0.0038868,0.7337,18536,-0.0068826,0.5470,18536
4:157678511:T:G,SBP,-0.021260,5.695e-9,425740,-0.013110,0.0002304,425743,-0.057325,7.858e-15,318398,-0.0016718,0.5500,472174,-0.023600,0.2161,52313,-0.013804,0.3752,11277,-0.018800,0.1427,18536,-0.013283,0.3003,18536
8:101676675:A:C,SBP/DBP,-0.012130,0.000002132,425740,-0.0077410,0.001924,425743,-0.022739,0.000008843,318398,-0.0025318,0.2100,472174,-0.040300,0.003096,52313,-0.013192,0.3063,11276,-0.0018696,0.8518,18536,-0.017815,0.07512,18536
1:228121548:C:T,SBP,0.00015080,0.9527,425740,-0.011060,0.000008262,425743,-0.015873,0.002284,318398,-0.00053810,0.7900,472174,-0.037400,0.006027,52313,-0.020131,0.1198,11277,-0.0043717,0.6723,18536,0.0052696,0.6101,18536
9:116696625:C:T,SBP,-0.014080,8.753e-8,425740,-0.0034710,0.1762,425743,-0.0099503,0.1556,318398,0.0020078,0.3200,472174,-0.0050000,0.7082,52313,0.000076000,0.9954,11277,-0.0010906,0.9198,18536,0.00076625,0.9436,18536
8:95260225:A:G,SBP,0.022990,3.620e-9,425740,-0.0019390,0.6099,425743,0.019897,0.005424,318398,0.0018292,0.5500,472174,0.030500,0.2027,52313,0.039858,0.05222,11277,0.038761,0.01933,18536,0.017206,0.2991,18536
20:6327810:G:A,SBP,0.016790,1.313e-10,425740,0.015440,1.366e-9,425743,0.012478,0.07224,318398,0.000062820,0.9800,472174,0.020900,0.1349,52313,0.015355,0.2489,11277,0.0034337,0.7791,18536,0.0036453,0.7658,18536
6:26688177:A:T,SBP,-0.022930,2.057e-17,425740,-0.020460,7.947e-15,425743,-0.018822,0.0007377,318398,0.0053707,0.009500,472174,,,,,,,,,,,,
1:209950760:C:G,SBP,0.0062050,0.04214,425740,-0.0017760,0.5509,425743,0.020203,0.004670,318398,-0.0062109,0.01200,472174,0.034900,0.02437,52313,0.0038900,0.8029,11277,0.016007,0.1861,18536,-0.0020193,0.8675,18536
6:152171147:G:T,SBP,-0.036360,1.572e-15,425740,-0.000091570,0.9836,425743,-0.030529,0.001758,318398,-0.0018290,0.6200,472174,,,,,,,,,,,,
9:9361571:T:A,SBP,0.019850,2.184e-7,425740,0.0093260,0.01255,425743,0.0016013,0.8761,318398,0.000048200,0.9900,472174,0.042500,0.02304,52313,0.017167,0.2817,11277,0.033202,0.006205,18536,0.014213,0.2414,18536
14:23861811:A:G,SBP,-0.013850,7.925e-8,425740,0.025290,9.225e-24,425743,-0.0069756,0.3025,318398,0.0013268,0.5200,472174,,,,-0.0099440,0.4647,11260,-0.0047739,0.6589,18536,-0.0022361,0.8362,18536
19:18455657:T:C,SBP,-0.018870,1.008e-10,425740,-0.0080900,0.004481,425743,-0.041142,1.396e-12,318398,-0.000050750,0.9800,472174,-0.023100,0.1540,52313,0.0010480,0.9358,11277,-0.014071,0.1559,18536,-0.0019585,0.8434,18536
2:177016728:T:C,SBP,0.0099540,0.0002103,425740,0.0054840,0.03632,425743,0.0022024,0.7616,318398,-0.0017289,0.4200,472174,0.010000,0.5089,52313,0.0083440,0.6073,11277,0.016018,0.2262,18536,0.0070304,0.5953,18536
19:45412079:C:T,SBP/HYPERTENSION,-0.030220,9.988e-11,425740,0.020580,0.000006320,425743,-0.060154,5.828e-12,318398,-0.019073,2.200e-7,472174,-0.032400,0.2921,52313,-0.015882,0.6101,11277,-0.046995,0.05949,18536,-0.012218,0.6242,18536
4:138379682:G:C,SBP/DBP,-0.010710,0.00003829,425740,-0.0084600,0.0008582,425743,-0.012916,0.01934,318398,0.0044597,0.02600,472174,0.0032000,0.8153,52313,0.033399,0.008317,11277,-0.014104,0.1756,18536,-0.010188,0.3279,18536
2:20878820:T:C,SBP,0.024340,1.567e-21,425740,-0.0064240,0.009920,425743,0.014708,0.002609,318398,-0.0018647,0.3500,472174,0.0015000,0.9134,52313,-0.0068990,0.5984,11276,0.0058580,0.5677,18536,-0.0071964,0.4827,18536
20:33942261:G:A,SBP,-0.021290,2.307e-16,425740,0.0073100,0.003876,425743,-0.0039920,0.6111,318398,-0.0061300,0.003100,472174,0.016500,0.2248,52313,-0.026230,0.04085,11277,0.00026580,0.9786,18536,0.010927,0.2706,18536
10:18334521:A:G,SBP,-0.013370,0.000001559,425740,-0.0016900,0.5337,425743,-0.012916,0.03477,318398,0.00052661,0.8100,472174,-0.029500,0.06741,52313,0.0010440,0.9358,11275,0.0024792,0.8076,18536,0.0043695,0.6678,18536
6:50683009:T:C,SBP/DBP,0.022570,5.368e-7,425740,0.016940,0.0001147,425743,0.0043093,0.7216,318398,0.0059396,0.09800,472174,0.012100,0.5003,52313,0.030157,0.1860,11276,-0.046501,0.1059,18536,-0.031143,0.2789,18536
2:18893327:C:T,SBP,0.011740,0.000003886,425740,-0.000060630,0.9805,425743,0.0098483,0.1456,318398,0.0021063,0.2900,472174,0.0052000,0.7056,52313,-0.0063850,0.6547,11276,0.0076731,0.5257,18536,0.0066255,0.5837,18536
2:43386568:G:A,SBP/DBP,-0.012910,0.000002079,425740,-0.020370,1.608e-14,425743,-0.027615,0.000001689,318398,-0.0028361,0.1700,472174,-0.065800,0.000002445,52313,0.019699,0.1905,11277,0.0062147,0.6731,18536,0.00067412,0.9635,18536
18:48277401:A:C,SBP,-0.021100,6.880e-9,425740,0.0043220,0.2237,425743,-0.012916,0.1908,318398,0.0034454,0.2300,472174,-0.0087000,0.6621,52313,0.00087900,0.9605,11277,-0.035070,0.02593,18536,-0.039919,0.01124,18536
12:26471958:G:A,SBP/DBP,-0.013710,8.867e-7,425740,-0.0018200,0.5033,425743,-0.029559,3.257e-8,318398,0.0027267,0.2000,472174,-0.040300,0.005509,52313,0.0018620,0.8929,11276,-0.0074865,0.5288,18536,-0.014151,0.2338,18536
17:46824674:G:A,SBP,0.012590,0.0001338,425740,0.0028880,0.3691,425743,0.026857,0.00005229,318398,0.00070826,0.7900,472174,0.030600,0.06912,52313,-0.071639,0.002434,11277,-0.0098659,0.7141,18536,-0.0031173,0.9079,18536
5:179411477:G:A,SBP,-0.033750,1.846e-14,425740,-0.0063740,0.1380,425743,-0.024693,0.002767,318398,-0.0015485,0.6300,472174,-0.024800,0.2117,52313,0.037604,0.4530,11277,0.035866,0.4805,18536,0.0035214,0.9448,18536
2:632591:T:C,SBP,0.024950,2.557e-13,425740,-0.00026280,0.9370,425743,0.058371,1.260e-18,318398,-0.0024013,0.3700,472174,0.013800,0.4514,52313,-0.012967,0.4792,11277,,,,,,
9:127089775:A:G,SBP/DBP,-0.015610,4.343e-9,425740,-0.0026370,0.3092,425743,-0.021761,0.00001348,318398,-0.0070674,0.0006600,472174,,,,-0.013966,0.2982,11277,0.029002,0.005202,18536,0.019565,0.05943,18536
10:124235059:G:A,SBP,0.027640,3.019e-11,425740,0.0060150,0.1382,425743,0.021530,0.05161,318398,-0.0021178,0.5000,472174,0.037400,0.1256,52313,0.023207,0.2911,11277,-0.0021225,0.8954,18536,0.0095582,0.5537,18536
11:69825414:A:G,SBP,-0.022410,0.000001494,425740,-0.0041080,0.3658,425743,0.0038072,0.7609,318398,-0.00037136,0.9200,472174,-0.050000,0.001716,52313,0.011302,0.6033,11276,0.0012515,0.9445,18536,0.00034406,0.9847,18536
6:126155234:AT:A,SBP,0.024310,4.536e-19,425740,0.0029130,0.2731,425743,0.022143,0.00002873,318398,,,,0.041500,0.002644,52313,0.014559,0.2758,11277,,,,,,
11:117256384:C:G,SBP,-0.022590,1.201e-17,425740,0.019970,9.046e-15,425743,-0.012916,0.05667,318398,-0.0029644,0.1500,472174,-0.024300,0.08240,52313,-0.0037430,0.7699,11277,-0.00052822,0.9574,18536,0.0077899,0.4313,18536
10:114765747:C:A,SBP,0.016890,6.878e-10,425740,-0.032350,8.978e-34,425743,0.029429,2.725e-8,318398,0.00094009,0.6600,472174,0.031800,0.05449,52313,-0.0094920,0.5065,11276,-0.013838,0.2048,18536,-0.016459,0.1315,18536
5:61944322:A:G,SBP,0.015110,0.002680,425740,0.022820,0.000003341,425743,0.031181,0.0007840,318398,0.0018252,0.6500,472174,0.035200,0.06443,52313,-0.034799,0.3394,11275,0.028865,0.2566,18536,0.011833,0.6419,18536
10:9134567:TG:T,SBP,0.023630,8.036e-19,425740,0.0083530,0.001324,425743,0.013085,0.06511,318398,,,,-0.016100,0.2479,52313,-0.0011180,0.9337,11277,,,,,,
7:130434500:T:C,SBP,-0.0075070,0.003074,425740,0.0024160,0.3286,425743,-0.027615,4.756e-8,318398,0.0028112,0.1600,472174,-0.035800,0.008131,52313,0.0021400,0.8696,11276,-0.0069573,0.4941,18536,0.0086633,0.3945,18536
19:46289503:C:T,SBP,-0.018750,7.931e-13,425740,-0.0035440,0.1651,425743,0.014911,0.004986,318398,-0.0022674,0.2800,472174,-0.0070000,0.6345,52313,-0.045712,0.001195,11277,-0.0013836,0.9017,18536,-0.010126,0.3662,18536
3:70920485:A:T,SBP,0.026210,9.849e-21,425740,0.013390,0.000001003,425743,0.015520,0.002981,318398,0.0015388,0.4800,472174,0.024100,0.1056,52313,0.013685,0.3402,11277,0.014581,0.1805,18536,0.019445,0.07408,18536
2:112744260:C:T,SBP,-0.021540,1.423e-14,425740,-0.0096290,0.0004221,425743,-0.030529,1.813e-8,318398,-0.0011016,0.6200,472174,-0.015300,0.2613,52313,0.011087,0.4025,11277,0.0086485,0.4139,18536,-0.0063975,0.5456,18536
10:30307224:TC:T,SBP,-0.023290,7.217e-19,425740,0.026060,2.481e-24,425743,-0.013903,0.05315,318398,,,,,,,,,,,,,,,
10:28233469:T:A,SBP,0.0083870,0.0009101,425740,0.0063460,0.01008,425743,0.0023026,0.7351,318398,0.00093970,0.6400,472174,-0.0020000,0.8858,52313,-0.0092440,0.4694,11277,0.0019940,0.8597,18536,0.0046287,0.6816,18536
8:42324765:T:C,SBP,0.020320,1.178e-12,425740,-0.0051870,0.06287,425743,0.017960,0.0006977,318398,-0.00071497,0.7200,472174,0.014600,0.2984,52313,-0.018166,0.1709,11277,0.024194,0.04564,18536,0.023690,0.05034,18536
8:110095633:C:T,SBP,-0.013310,8.609e-7,425740,-0.0014510,0.5822,425743,-0.016857,0.001768,318398,-0.0010823,0.6000,472174,-0.034800,0.01197,52313,0.0026000,0.8570,11277,-0.013125,0.2825,18536,0.0018023,0.8827,18536
1:217737629:C:T,SBP/HYPERTENSION,0.018960,2.716e-10,425740,0.012320,0.00002623,425743,0.033350,1.013e-9,318398,-0.00034164,0.8900,472174,0.061500,0.0001127,52313,-0.031087,0.03847,11277,0.029505,0.01116,18536,0.027610,0.01757,18536
17:45957049:A:G,SBP,-0.019740,1.893e-9,425740,-0.0042920,0.1806,425743,-0.023717,0.0002837,318398,0.0040320,0.1200,472174,-0.0024000,0.8903,52313,0.016021,0.3574,11277,0.018498,0.1818,18536,0.037329,0.007047,18536
15:66941084:G:A,SBP/HYPERTENSION,0.012330,0.00001088,425740,0.0071790,0.008652,425743,0.018571,0.0005234,318398,0.0027186,0.2200,472174,0.029000,0.04371,52313,-0.0064990,0.6167,11277,-0.0024361,0.8092,18536,0.014347,0.1550,18536
3:53158831:T:A,SBP,-0.020850,1.540e-14,425740,0.00046620,0.8601,425743,-0.018822,0.0005112,318398,-0.0011069,0.6200,472174,-0.035500,0.01516,52313,-0.010151,0.5010,11277,,,,,,
5:87389608:C:T,SBP,-0.0096220,0.001781,425740,-0.011270,0.0001754,425743,-0.011929,0.02019,318398,0.0019707,0.4300,472174,-0.028000,0.1509,52313,0.0050670,0.7026,11277,0.023546,0.06890,18536,0.026447,0.04103,18536
2:55872538:T:C,SBP,-0.025300,0.000003408,425740,0.0042820,0.4203,425743,-0.016857,0.2482,318398,-0.0031138,0.4600,472174,-0.026200,0.4712,52313,-0.028360,0.2374,11277,-0.029660,0.1124,18536,-0.022927,0.2198,18536
10:82194689:A:G,SBP,-0.014280,2.915e-8,425740,-0.0012640,0.6148,425743,-0.013903,0.007793,318398,-0.0018551,0.3600,472174,-0.024700,0.07941,52313,-0.023559,0.06712,11277,-0.00058231,0.9544,18536,0.010440,0.3058,18536
5:173340496:T:G,SBP,-0.0058420,0.03363,425740,-0.022230,1.146e-16,425743,-0.036332,4.754e-11,318398,0.0020003,0.3600,472174,-0.018400,0.1798,52313,0.023969,0.2186,11277,-0.011409,0.4891,18536,-0.028465,0.08442,18536
2:45878760:G:T,SBP/DBP,0.013200,0.00001249,425740,0.014110,0.000001683,425743,0.046358,1.396e-14,318398,-0.00040641,0.8600,472174,0.0068000,0.7123,52313,-0.018285,0.3608,11277,0.0012693,0.9387,18536,0.0037919,0.8182,18536
6:117522156:C:G,SBP,0.010250,0.00004777,425740,0.0084070,0.0006244,425743,0.011769,0.02102,318398,-0.0044751,0.02700,472174,0.022100,0.1062,52313,0.011468,0.3952,11277,0.017092,0.1263,18536,0.030748,0.005957,18536
3:153884517:T:A,SBP/DBP,-0.020760,1.240e-12,425740,-0.013890,0.000001102,425743,-0.019803,0.0006439,318398,-0.0035660,0.1200,472174,-0.0045000,0.7710,52313,-0.0027800,0.8591,11277,0.0035664,0.7870,18536,0.022273,0.09157,18536
8:106327086:T:C,SBP,0.017570,0.000001156,425740,0.0015840,0.6530,425743,0.023985,0.0008236,318398,0.0039702,0.1500,472174,-0.0067000,0.7535,52313,-0.0065460,0.7265,11277,0.021418,0.1362,18536,0.020944,0.1451,18536
5:121194226:C:T,SBP,0.013760,5.379e-7,425740,0.0014230,0.5950,425743,0.014200,0.006902,318398,-0.00049178,0.8100,472174,0.027900,0.04741,52313,-0.013976,0.3156,11277,,,,,,
8:77662796:A:G,SBP,-0.013560,0.00009032,425740,0.0069560,0.03955,425743,-0.012916,0.04597,318398,-0.0060152,0.02900,472174,0.036200,0.03472,52313,-0.0058760,0.7409,11277,-0.0077690,0.5391,18536,-0.0057246,0.6509,18536
20:57607645:G:C,SBP,-0.012420,0.00005672,425740,-0.017290,9.211e-9,425743,-0.020783,0.0002498,318398,-0.0028621,0.2300,472174,-0.044700,0.001964,52313,-0.0080470,0.6351,11277,-0.024005,0.08728,18536,-0.040819,0.003643,18536
12:110456704:G:A,SBP,-0.024080,9.926e-7,425740,-0.0055060,0.2513,425743,-0.024693,0.006566,318398,0.00054705,0.8800,472174,-0.13360,0.000002067,52313,0.0085010,0.6484,11277,0.014148,0.3178,18536,0.0036591,0.7961,18536
11:28512458:G:A,SBP,0.016680,7.802e-10,425740,0.0085420,0.001248,425743,0.026652,4.196e-7,318398,0.0039752,0.05900,472174,0.033000,0.01521,52313,-0.0060680,0.6418,11277,0.016118,0.1102,18536,0.0075587,0.4538,18536
9:123593159:C:T,SBP,-0.017500,9.484e-12,425740,0.0023620,0.3457,425743,-0.018822,0.00009389,318398,-0.0014110,0.4900,472174,,,,,,,-0.0025273,0.8348,18536,-0.0044786,0.7116,18536
11:22515533:G:A,SBP/DBP,0.027290,5.104e-7,425740,0.017630,0.0008809,425743,0.041551,0.00003826,318398,0.0046105,0.2500,472174,0.050900,0.01976,52313,0.0043810,0.8126,11277,0.010675,0.4399,18536,0.0074479,0.5900,18536
4:48808989:C:T,SBP,0.012760,5.859e-7,425740,0.0036350,0.1446,425743,0.011364,0.09322,318398,0.012485,4.900e-10,472174,0.043100,0.001355,52313,0.026545,0.04376,11277,-0.0025086,0.8098,18536,-0.00073705,0.9436,18536
6:22130601:C:T,SBP,0.0061350,0.01668,425740,0.010260,0.00004051,425743,0.027885,7.829e-8,318398,-0.0017356,0.3900,472174,0.0033000,0.8105,52313,-0.00074000,0.9562,11277,0.024750,0.01762,18536,0.017824,0.08740,18536
19:45744552:T:C,SBP,0.013690,0.000003647,425740,0.013720,0.000001963,425743,0.034281,9.036e-9,318398,0.0038477,0.09500,472174,0.024700,0.09678,52313,-0.013071,0.3634,11274,,,,,,
16:4020732:C:T,SBP/HYPERTENSION,-0.026670,7.274e-16,425740,-0.020090,4.681e-10,425743,-0.048790,2.708e-14,318398,0.0043372,0.08800,472174,-0.029300,0.06645,52313,0.024066,0.2073,11277,-0.031428,0.02168,18536,-0.030703,0.02491,18536
1:67008495:G:A,SBP,0.016480,3.031e-10,425740,0.0075300,0.003177,425743,0.014708,0.002284,318398,-0.0043586,0.03500,472174,0.025800,0.06539,52313,0.019128,0.1565,11277,0.025043,0.01726,18536,0.023937,0.02284,18536
6:166180947:C:G,SBP,-0.025740,4.450e-7,425740,-0.036710,1.555e-13,425743,-0.043059,0.000005713,318398,0.0072214,0.05900,472174,-0.062800,0.02059,52313,-0.0048740,0.7619,11277,-0.024268,0.1375,18536,-0.029756,0.06862,18536
6:118572486:T:A,SBP/DBP,0.028850,1.834e-9,425740,0.030170,1.152e-10,425743,0.043012,0.000004168,318398,-0.0026156,0.4800,472174,,,,,,,0.052845,0.005305,18536,0.045801,0.01568,18536
14:51158479:A:G,SBP,-0.020800,2.148e-8,425740,-0.010330,0.004373,425743,-0.033435,0.000008867,318398,0.0061316,0.03700,472174,-0.014500,0.4006,52313,0.0063580,0.6932,11277,-0.0061685,0.6448,18536,0.0085933,0.5207,18536
17:56732304:G:A,SBP,0.015150,1.300e-8,425740,0.012490,0.000001540,425743,0.022041,0.00001135,318398,0.0028027,0.1900,472174,0.034800,0.01897,52313,0.0028790,0.8651,11273,-0.010102,0.5574,18536,0.018707,0.2772,18536
11:63739439:C:T,SBP,-0.012580,0.000003124,425740,-0.0025740,0.3281,425743,-0.022739,0.00001808,318398,-0.0064704,0.001300,472174,-0.017000,0.2074,52313,-0.0077260,0.5578,11277,-0.012805,0.2476,18536,-0.00020411,0.9853,18536
5:108200981:A:T,SBP,-0.021030,2.640e-11,425740,0.012440,0.00005251,425743,-0.011929,0.01436,318398,-0.00042284,0.8600,472174,0.0080000,0.6477,52313,-0.015807,0.3639,11277,,,,,,
2:180715706:T:A,SBP,-0.016740,3.262e-9,425740,-0.00055860,0.8396,425743,-0.021761,0.0001852,318398,0.0040745,0.06600,472174,-0.038300,0.008159,52313,-0.0014830,0.9275,11277,-0.017328,0.1847,18536,-0.0097811,0.4540,18536
6:117893104:A:G,SBP,-0.012730,6.184e-7,425740,-0.00042410,0.8648,425743,-0.021761,0.00003471,318398,0.0048038,0.01700,472174,0.0047000,0.7358,52313,-0.011922,0.3673,11277,-0.0065472,0.5180,18536,-0.000063258,0.9950,18536
13:47199611:T:C,SBP,0.019680,4.873e-11,425740,-0.0067160,0.02145,425743,0.020101,0.001528,318398,-0.00092244,0.6900,472174,0.037000,0.01902,52313,0.0096380,0.5414,11277,0.0047425,0.7005,18536,0.014321,0.2453,18536
20:19470418:C:A,SBP,0.023520,8.391e-16,425740,-0.022160,7.529e-15,425743,0.0092426,0.2342,318398,-0.0038761,0.08800,472174,-0.012700,0.4423,52313,-0.029940,0.02881,11276,-0.0097719,0.3697,18536,-0.0030388,0.7803,18536
12:20579392:G:C,SBP/HYPERTENSION,-0.013860,0.00001391,425740,0.0032030,0.3031,425743,-0.024693,0.00003003,318398,0.0041809,0.09800,472174,-0.024600,0.1114,52313,0.014712,0.5348,11277,0.026107,0.1921,18536,0.033547,0.09372,18536
8:64501744:A:C,SBP,-0.0081840,0.001985,425740,-0.012320,0.000001812,425743,-0.010940,0.1292,318398,-0.00035630,0.8700,472174,-0.022700,0.1486,52313,-0.0064290,0.6880,11277,0.0033680,0.7992,18536,-0.015658,0.2370,18536
16:81510742:C:T,SBP,-0.012050,0.00003179,425740,-0.0084230,0.002857,425743,-0.036332,7.896e-11,318398,0.0033054,0.1400,472174,-0.048800,0.001682,52313,-0.0050600,0.7563,11277,0.0052504,0.6833,18536,-0.000014645,0.9991,18536
17:73840243:G:A,SBP/DBP,-0.013910,0.000001742,425740,-0.0079600,0.005036,425743,-0.035367,3.536e-11,318398,0.010592,0.000004700,472174,-0.026400,0.1337,52313,-0.0055490,0.7148,11277,-0.021007,0.1217,18536,-0.030950,0.02261,18536
21:45042419:C:T,SBP,0.0078640,0.002688,425740,0.0065340,0.01056,425743,0.035316,1.892e-12,318398,-0.00025420,0.9000,472174,0.049100,0.0007446,52313,-0.0036730,0.7935,11277,0.0085832,0.4387,18536,0.012170,0.2721,18536
3:150066540:T:A,SBP/HYPERTENSION,0.025170,0.00003690,425740,0.0092270,0.1210,425743,0.060069,0.000004969,318398,-0.0061562,0.1600,472174,0.078500,0.01737,52313,-0.027444,0.7069,11276,-0.27439,0.05455,18536,-0.14843,0.2984,18536
6:43758873:G:A,SBP/DBP/HYPERTENSION,0.013480,9.198e-8,425740,0.0097650,0.00007251,425743,0.024908,4.981e-7,318398,0.0042224,0.03700,472174,0.046200,0.0007290,52313,0.029402,0.07041,11277,0.0064242,0.5885,18536,0.0087273,0.4624,18536
8:81404008:G:C,SBP,-0.016500,3.813e-8,425740,-0.0050340,0.08537,425743,-0.037296,4.838e-11,318398,-0.0089939,0.0001200,472174,-0.054000,0.001572,52313,-0.0085660,0.5334,11277,0.00048687,0.9659,18536,0.0040408,0.7228,18536
14:72464810:G:A,SBP,0.016840,5.417e-9,425740,0.017600,4.072e-10,425743,0.028297,7.210e-8,318398,-0.00040523,0.8600,472174,-0.0042000,0.7911,52313,-0.0080850,0.5969,11277,0.022567,0.05525,18536,0.033406,0.004545,18536
8:82777716:G:A,SBP,-0.011620,0.0001451,425740,-0.0065820,0.02741,425743,-0.025668,0.00006627,318398,0.0020508,0.3800,472174,-0.028200,0.06189,52313,0.019658,0.2457,11277,0.0090277,0.4699,18536,0.016609,0.1837,18536
18:48133241:C:T,SBP,-0.010210,0.001524,425740,-0.0053750,0.08715,425743,-0.019803,0.002000,318398,-0.00022008,0.9300,472174,-0.036300,0.01525,52313,-0.011720,0.4132,11276,-0.0016087,0.8824,18536,-0.010885,0.3168,18536
17:47476235:G:A,SBP/DBP,-0.0076760,0.003576,425740,-0.0098760,0.0001214,425743,-0.033435,4.616e-10,318398,0.000093560,0.9600,472174,-0.034500,0.01144,52313,0.0085250,0.5189,11275,-0.024336,0.02271,18536,-0.023086,0.03067,18536
16:60687108:G:A,SBP,-0.014020,5.566e-7,425740,-0.0047690,0.08095,425743,-0.016857,0.0002800,318398,-0.0024123,0.2700,472174,-0.0011000,0.9403,52313,-0.026217,0.05135,11277,-0.017878,0.09815,18536,-0.0069196,0.5221,18536
21:33814378:C:A,SBP,0.025840,1.192e-19,425740,0.0089020,0.001360,425743,0.014302,0.05911,318398,0.0024830,0.2700,472174,0.014500,0.3325,52313,-0.0020930,0.8804,11277,0.014687,0.1771,18536,-0.0021427,0.8439,18536
11:112882179:T:G,SBP,-0.013890,1.034e-7,425740,-0.0076440,0.002692,425743,-0.011929,0.02999,318398,-0.0036529,0.07500,472174,0.014500,0.3027,52313,-0.0056600,0.6617,11277,,,,,,
12:58003922:G:A,SBP/DBP,-0.018040,0.00002873,425740,-0.0067270,0.1098,425743,-0.022739,0.01138,318398,-0.0024111,0.4800,472174,-0.00070000,0.9759,52313,0.0057160,0.7888,11277,0.034643,0.09496,18536,0.035821,0.08424,18536
3:141137035:G:A,SBP/DBP,0.024800,0.000004112,425740,0.030050,1.057e-8,425743,0.022348,0.1174,318398,-0.0074678,0.06900,472174,0.11300,0.0003273,52313,-0.000085000,0.9974,11277,-0.037991,0.04447,18536,-0.0075118,0.6911,18536
1:208018074:T:C,SBP,-0.021980,1.247e-15,425740,0.0036730,0.1705,425743,-0.021761,0.0001122,318398,0.0076052,0.0004200,472174,-0.022500,0.1084,52313,0.015549,0.2991,11277,-0.019175,0.1069,18536,-0.0098664,0.4067,18536
6:1679715:G:A,SBP,0.021070,4.816e-15,425740,0.0017620,0.5020,425743,0.012984,0.06888,318398,-0.0016337,0.4400,472174,0.032600,0.02786,52313,-0.0036180,0.7779,11277,-0.0013532,0.8940,18536,-0.0027048,0.7900,18536
2:218770783:A:G,SBP/DBP,0.012260,0.000002799,425740,0.010080,0.00007785,425743,0.021326,0.00009840,318398,0.0014867,0.4700,472174,0.029300,0.04198,52313,0.013821,0.2914,11277,0.020086,0.09888,18536,0.0044373,0.7154,18536
3:160173831:G:T,SBP,-0.022430,1.135e-14,425740,-0.011050,0.00009576,425743,-0.033435,4.953e-9,318398,-0.014152,5.500e-10,472174,,,,,,,,,,,,
1:6645867:G:A,SBP,-0.015690,1.554e-8,425740,-0.0044900,0.09702,425743,-0.034401,1.245e-10,318398,-0.0062055,0.003500,472174,-0.041600,0.005693,52313,0.012479,0.3377,11277,-0.018632,0.09656,18536,-0.022924,0.04090,18536
17:47037194:G:T,SBP,-0.017400,3.799e-11,425740,-0.011140,0.00001410,425743,-0.054488,5.097e-26,318398,-0.0010199,0.6200,472174,,,,,,,,,,,,
4:109067898:G:T,SBP,-0.020820,3.234e-15,425740,-0.016770,7.707e-11,425743,-0.019803,0.00002487,318398,-0.0030107,0.1500,472174,-0.016400,0.2282,52313,0.0010090,0.9369,11277,-0.011815,0.2361,18536,-0.014529,0.1451,18536
6:20686996:C:A,SBP,0.012880,0.000004728,425740,-0.0097810,0.0003645,425743,0.036871,4.911e-11,318398,-0.0032984,0.1500,472174,0.032300,0.02435,52313,0.0047820,0.7429,11277,0.013521,0.2090,18536,0.0050155,0.6412,18536
11:76125330:C:A,SBP,0.011950,0.00002574,425740,0.0060200,0.02980,425743,0.0081330,0.2787,318398,-0.0012412,0.5600,472174,-0.0059000,0.6691,52313,-0.016722,0.2662,11277,0.0013793,0.9115,18536,0.0013665,0.9123,18536
12:89870540:C:T,SBP,-0.020330,1.216e-13,425740,-0.0093840,0.0004512,425743,-0.020783,0.00005443,318398,-0.00065900,0.8200,472174,-0.066200,0.2479,52313,,,,,,,,,
9:125845307:A:G,SBP,0.028650,2.899e-13,425740,-0.0085820,0.02498,425743,0.040510,6.329e-8,318398,-0.0035227,0.2500,472174,0.023500,0.2049,52313,-0.028146,0.1725,11277,0.020327,0.2156,18536,0.017908,0.2753,18536
2:211540507:C:A,SBP/DBP,-0.0070240,0.02737,425740,-0.0069480,0.02525,425743,-0.013903,0.09608,318398,-0.0054672,0.01100,472174,-0.034000,0.01885,52313,-0.00087800,0.9493,11277,-0.0042808,0.6937,18536,0.0031547,0.7717,18536
12:121916308:T:G,SBP/DBP,0.022970,2.777e-19,425740,0.020150,6.840e-16,425743,0.021019,0.00005036,318398,0.0013941,0.4900,472174,-0.0013000,0.9232,52313,-0.011990,0.3718,11273,0.0065317,0.5382,18536,-0.0031265,0.7683,18536
4:169688000:C:A,SBP,-0.0098900,0.0001499,425740,0.017810,2.564e-12,425743,-0.012916,0.05449,318398,-0.0023350,0.2500,472174,-0.0091000,0.5060,52313,-0.016212,0.2257,11277,-0.0045011,0.6810,18536,0.021422,0.05044,18536
20:11192291:A:G,SBP,0.023210,1.039e-17,425740,0.0088440,0.0008141,425743,0.016028,0.006849,318398,0.0015541,0.4700,472174,,,,,,,,,,,,
1:28734372:A:G,SBP,0.026280,1.269e-7,425740,0.0052780,0.2767,425743,0.022655,0.01797,318398,-0.0075332,0.05600,472174,0.037800,0.1923,52313,0.012242,0.6250,11276,0.020485,0.2875,18536,0.031188,0.1053,18536
8:141117789:G:A,SBP,-0.012270,0.00001025,425740,-0.0011910,0.6606,425743,-0.018822,0.0001392,318398,-0.00039408,0.8500,472174,0.0087000,0.5580,52313,-0.011459,0.4067,11277,-0.00052668,0.9627,18536,-0.012785,0.2564,18536
15:96774759:A:G,SBP,0.012810,0.00004403,425740,0.012360,0.00005316,425743,0.013693,0.1012,318398,-0.0084342,0.3800,472174,,,,,,,,,,,,
7:134215259:A:T,SBP/DBP,-0.010590,0.00005271,425740,-0.0083790,0.001036,425743,-0.021761,0.000004837,318398,-0.0022271,0.2700,472174,-0.032400,0.02000,52313,0.0063310,0.6340,11277,-0.012757,0.2024,18536,-0.015935,0.1113,18536
16:3538873:G:C,SBP,-0.0073740,0.01273,425740,-0.013690,0.000002116,425743,-0.013903,0.08740,318398,-0.0023178,0.3000,472174,-0.0068000,0.6606,52313,-0.0016030,0.9018,11277,-0.010556,0.3954,18536,-0.011544,0.3527,18536
6:169720906:G:A,SBP,0.019110,5.596e-14,425740,-0.0054020,0.02936,425743,0.011162,0.01430,318398,-0.0019507,0.3400,472174,-0.0022000,0.8728,52313,-0.0038740,0.7892,11275,-0.0048540,0.6530,18536,0.0040823,0.7054,18536
18:73040376:G:A,SBP,-0.010560,0.00003388,425740,-0.0059340,0.01698,425743,-0.0079682,0.04176,318398,0.0013621,0.5000,472174,0.0015000,0.9103,52313,0.0038200,0.7758,11276,,,,,,
16:49768046:C:A,SBP,-0.017330,6.639e-11,425740,-0.0032710,0.2066,425743,-0.022739,0.000001544,318398,-0.0062551,0.002100,472174,-0.022500,0.1080,52313,0.0027650,0.8331,11277,-0.015980,0.1079,18536,-0.0074078,0.4561,18536
4:148410414:A:G,SBP,0.012070,0.00001532,425740,-0.0050770,0.06225,425743,0.032523,2.853e-9,318398,-0.0017482,0.4300,472174,0.023500,0.1419,52313,-0.0037350,0.7756,11277,-0.014685,0.1581,18536,-0.0030799,0.7672,18536
1:184585182:C:T,SBP,0.013710,1.335e-7,425740,0.011180,0.00001026,425743,0.020611,0.00003466,318398,-0.0028272,0.1600,472174,0.012900,0.3393,52313,-0.014168,0.2849,11277,-0.00082696,0.9351,18536,-0.0046522,0.6469,18536
2:60010463:C:T,SBP,-0.021130,5.063e-15,425740,-0.012100,0.000004337,425743,-0.026642,0.000001409,318398,0.0035225,0.08800,472174,0.0054000,0.6955,52313,-0.00011200,0.9936,11277,-0.014628,0.1545,18536,-0.022933,0.02559,18536
3:20113989:C:A,SBP,-0.019940,4.766e-14,425740,-0.0094030,0.0002689,425743,-0.034401,2.051e-11,318398,-0.0018091,0.3800,472174,-0.039600,0.004130,52313,-0.0045990,0.7234,11277,-0.014360,0.1446,18536,-0.013043,0.1852,18536
11:2120298:A:G,SBP/DBP,0.014490,0.002232,425740,0.016050,0.0005152,425743,0.038949,0.00004207,318398,-0.00051030,0.8900,472174,0.058000,0.007910,52313,-0.014331,0.6409,11276,0.022368,0.5025,18536,0.019456,0.5597,18536
7:131308497:A:G,SBP,0.037420,1.266e-7,425740,0.019950,0.003870,425743,0.059644,0.000003915,318398,0.0050670,0.2800,472174,0.044800,0.07016,52313,-0.038325,0.06153,11276,,,,,,
7:25887278:G:A,SBP,0.011620,0.00007403,425740,0.00054910,0.8478,425743,0.0058169,0.4555,318398,0.0021547,0.3600,472174,0.0024000,0.8825,52313,-0.016978,0.4111,11277,-0.0042814,0.7910,18536,-0.016853,0.2969,18536
12:49255964:G:A,SBP/HYPERTENSION,0.043320,5.605e-14,425740,0.0081080,0.1492,425743,0.062833,1.295e-7,318398,0.0078879,0.06500,472174,0.011500,0.7543,52313,0.056710,0.1259,11277,0.032155,0.4383,18536,-0.035970,0.3859,18536
8:23403424:T:C,SBP,0.010790,0.0002404,425740,0.020990,2.382e-13,425743,0.031078,1.494e-7,318398,0.0026660,0.2500,472174,0.018500,0.2256,52313,-0.013739,0.2911,11276,0.00097467,0.9211,18536,0.0023860,0.8084,18536
8:95965743:G:A,SBP,0.016070,8.382e-10,425740,0.0034750,0.1737,425743,0.030872,7.581e-11,318398,0.0013948,0.5000,472174,0.052200,0.0001371,52313,-0.012644,0.3543,11276,0.021394,0.04260,18536,0.014501,0.1694,18536
1:16308447:T:C,SBP/DBP,0.0030430,0.2349,425740,0.0041620,0.09577,425743,0.031594,3.822e-10,318398,-0.000033710,0.9900,472174,0.026800,0.04629,52313,-0.0038810,0.7618,11277,0.0065358,0.5283,18536,-0.0021751,0.8338,18536
3:30422563:C:T,SBP/DBP,0.016110,3.756e-8,425740,0.0078190,0.006172,425743,0.017655,0.002535,318398,0.0010669,0.6200,472174,0.023600,0.09098,52313,0.013191,0.3505,11277,-0.0047198,0.6767,18536,-0.010728,0.3432,18536
10:60311724:T:G,SBP,0.016430,8.104e-10,425740,-0.0018190,0.4856,425743,0.017655,0.001621,318398,-0.0045631,0.02300,472174,-0.0036000,0.8636,52313,,,,,,,,,
21:16339172:G:C,SBP/HYPERTENSION,0.020050,7.398e-7,425740,0.0065380,0.09794,425743,0.036145,0.00002926,318398,-0.015518,0.000003300,472174,0.048600,0.02586,52313,-0.0060140,0.8010,11277,-0.011157,0.6588,18536,-0.037836,0.1342,18536
16:21088130:T:C,SBP/DBP,-0.0065310,0.009372,425740,-0.0064780,0.008237,425743,-0.019803,0.00009857,318398,-0.00048688,0.8100,472174,-0.016900,0.2240,52313,-0.016189,0.2082,11277,-0.028106,0.006919,18536,-0.030813,0.003068,18536
7:28196222:A:G,SBP,-0.015580,5.213e-10,425740,0.0050050,0.04070,425743,-0.026642,1.340e-8,318398,0.0022405,0.2600,472174,-0.010700,0.4274,52313,-0.015367,0.2658,11277,-0.0044179,0.6883,18536,0.019754,0.07282,18536
16:15906130:A:G,SBP,-0.016920,6.685e-10,425740,0.011110,0.00003205,425743,-0.019803,0.0002807,318398,-0.0027437,0.2000,472174,-0.047600,0.0008551,52313,0.022904,0.1057,11277,-0.033606,0.002560,18536,-0.012890,0.2473,18536
1:1354515:C:G,SBP,-0.015970,0.0006257,425740,0.014960,0.001019,425743,-0.0079682,0.5079,318398,-0.0052504,0.1500,472174,-0.025700,0.1769,52313,0.00069500,0.9679,11277,-0.023932,0.1343,18536,-0.017124,0.2840,18536
16:50550137:G:A,SBP,-0.013100,0.0001774,425740,-0.0080690,0.01785,425743,-0.017840,0.05598,318398,0.0028054,0.3200,472174,-0.031700,0.1365,52313,0.0022190,0.9029,11277,-0.018640,0.2146,18536,-0.014838,0.3233,18536
19:49208865:G:A,SBP,-0.0027620,0.2689,425740,0.0046470,0.05646,425743,0.011364,0.08588,318398,-0.00089758,0.6600,472174,0.0067000,0.6258,52313,,,,,,,,,
11:57401400:C:T,SBP,-0.014330,7.970e-7,425740,0.012990,0.000004476,425743,0.012680,0.09921,318398,-0.0035061,0.1300,472174,-0.0077000,0.6094,52313,-0.028568,0.06643,11277,-0.023047,0.06064,18536,-0.0013221,0.9143,18536
18:48790842:A:C,SBP/DBP,0.021130,1.984e-14,425740,0.018850,2.556e-12,425743,0.015317,0.004951,318398,0.00024855,0.9100,472174,0.014000,0.3482,52313,-0.00053900,0.9704,11277,0.029075,0.01440,18536,0.0016135,0.8920,18536
17:58021268:C:T,SBP,0.024330,8.140e-18,425740,0.0038640,0.1615,425743,0.022552,0.00003218,318398,0.0052245,0.01500,472174,,,,,,,,,,,,
4:56482750:G:A,SBP,0.017190,5.084e-9,425740,0.0026090,0.3632,425743,0.022450,0.00006891,318398,0.0029211,0.2000,472174,0.027100,0.06190,52313,-0.014067,0.3427,11277,0.021807,0.05392,18536,0.021098,0.06221,18536
17:44083948:T:C,SBP,-0.0065530,0.01498,425740,-0.011840,0.000006623,425743,0.0064206,0.3686,318398,0.0013441,0.5200,472174,0.0088000,0.5719,52313,-0.011130,0.4475,11268,-0.0025188,0.8360,18536,-0.013565,0.2650,18536
1:210381030:G:C,SBP/HYPERTENSION,0.014110,4.179e-8,425740,0.0063480,0.01142,425743,0.020815,0.00003489,318398,-0.0013067,0.5200,472174,,,,,,,0.0053477,0.5875,18536,0.0055355,0.5744,18536
8:26063734:T:C,SBP,0.016530,0.0002237,425740,0.027160,5.077e-10,425743,0.026549,0.001824,318398,-0.0033357,0.3100,472174,0.0012000,0.9608,52313,-0.010602,0.8151,11277,0.0093401,0.8266,18536,0.0033905,0.9366,18536
2:219186462:T:C,SBP,-0.016420,2.299e-10,425740,-0.0025490,0.3129,425743,-0.014889,0.002917,318398,0.0013089,0.5300,472174,0.0076000,0.6201,52313,0.0096970,0.4785,11256,-0.021678,0.04410,18536,-0.0083467,0.4383,18536
9:139520789:A:G,SBP,-0.0088440,0.0009018,425740,-0.011250,0.00001506,425743,-0.013903,0.004366,318398,-0.0056996,0.005500,472174,-0.028900,0.03656,52313,0.019050,0.1582,11277,,,,,,
16:29958522:A:G,SBP,-0.023030,6.128e-13,425740,-0.010970,0.0004365,425743,-0.019803,0.001851,318398,0.0018686,0.4100,472174,-0.0068000,0.6471,52313,-0.0037060,0.8593,11214,-0.023632,0.3842,18536,-0.038209,0.1594,18536
3:138104635:G:A,SBP,0.015950,0.000003724,425740,0.012740,0.0001506,425743,0.022041,0.0006849,318398,-0.0066433,0.01600,472174,0.041400,0.05953,52313,0.046558,0.02810,11277,-0.013031,0.4453,18536,-0.014142,0.4075,18536
2:230632268:G:A,SBP,-0.015430,0.00003925,425740,-0.0093120,0.01096,425743,-0.035367,0.000001877,318398,-0.0022572,0.4300,472174,,,,-0.025746,0.2300,11276,0.0062930,0.7078,18536,0.0061462,0.7143,18536
6:143150223:T:C,SBP,-0.0079270,0.002795,425740,-0.014700,1.307e-8,425743,-0.021761,0.000008695,318398,0.0057280,0.004800,472174,-0.0028000,0.8368,52313,0.021329,0.1013,11277,-0.016387,0.09883,18536,-0.0051576,0.6034,18536
10:4143935:C:T,SBP,-0.013890,0.004371,425740,-0.016960,0.0003578,425743,-0.022739,0.008413,318398,0.00027087,0.9400,472174,-0.097000,0.001626,52313,-0.037340,0.1061,11277,-0.013512,0.4793,18536,-0.037333,0.05066,18536
6:51334331:GA:G,SBP,-0.023040,6.524e-16,425740,-0.022960,1.556e-16,425743,-0.030529,4.930e-8,318398,,,,-0.025000,0.1036,52313,0.0011400,0.9394,11277,,,,,,
1:197153767:T:C,SBP,0.020780,2.742e-9,425740,0.0041420,0.2243,425743,0.015418,0.02433,318398,0.0027275,0.3200,472174,-0.0018000,0.9078,52313,-0.0061310,0.6621,11277,-0.011863,0.3355,18536,-0.023407,0.05740,18536
2:56193418:A:G,SBP,-0.010110,0.00008676,425740,0.0062710,0.01258,425743,-0.025668,0.000001357,318398,-0.0034929,0.08500,472174,-0.0012000,0.9306,52313,-0.020935,0.1018,11276,-0.00044563,0.9637,18536,0.0034818,0.7220,18536
2:27920064:C:T,SBP,-0.015320,2.191e-9,425740,-0.0060000,0.01625,425743,-0.011929,0.004175,318398,-0.0070452,0.0004900,472174,0.00010000,0.9967,52313,0.011892,0.3494,11277,-0.011060,0.2670,18536,-0.0012099,0.9034,18536
13:27844693:A:G,SBP,-0.015290,2.058e-8,425740,-0.0078950,0.002999,425743,0.0068232,0.3455,318398,-0.000042780,0.9800,472174,0.00090000,0.9483,52313,0.0099340,0.4681,11275,-0.0051559,0.6583,18536,0.0037764,0.7460,18536
1:115824515:C:T,SBP,0.010770,0.00005085,425740,0.0054250,0.03635,425743,0.013187,0.02059,318398,0.0037985,0.06800,472174,0.0067000,0.6422,52313,0.034205,0.007818,11277,-0.00089563,0.9282,18536,-0.0091868,0.3552,18536
12:116204658:T:A,SBP,-0.020270,0.000002368,425740,-0.019130,0.000004952,425743,-0.031499,0.0001603,318398,-0.0052799,0.1000,472174,-0.0018000,0.9411,52313,0.0034430,0.8001,11277,-0.014557,0.1604,18536,-0.0082564,0.4259,18536
10:114831434:A:T,SBP,0.019260,5.375e-11,425740,-0.0042600,0.1369,425743,0.013896,0.07466,318398,0.00045046,0.8400,472174,0.018900,0.2192,52313,-0.0047590,0.7499,11277,0.0017150,0.9185,18536,-0.0038728,0.8172,18536
12:48156626:C:A,SBP/DBP,0.020000,4.256e-9,425740,0.0041430,0.2123,425743,0.016231,0.01063,318398,0.0028907,0.2900,472174,0.070900,0.001330,52313,0.028426,0.2051,11277,0.00056729,0.9745,18536,-0.0045570,0.7972,18536
9:35906471:C:T,SBP/DBP/HYPERTENSION,-0.0080070,0.009644,425740,-0.013470,0.000007989,425743,-0.032467,1.510e-7,318398,0.0023770,0.3600,472174,-0.041200,0.02091,52313,0.051165,0.06134,11277,-0.028196,0.2526,18536,0.0011757,0.9620,18536
22:40729614:A:G,SBP,0.014170,0.00001270,425740,-0.017740,2.101e-8,425743,0.0048116,0.5768,318398,0.000099530,0.9700,472174,0.014200,0.3866,52313,-0.018426,0.2757,11277,-0.014977,0.3083,18536,-0.030833,0.03594,18536
2:176289319:G:A,SBP,0.013420,0.00008270,425740,0.018040,5.726e-8,425743,0.025831,0.0002126,318398,-0.0011826,0.6700,472174,0.013300,0.4613,52313,0.018713,0.2066,11277,0.022923,0.03781,18536,0.021112,0.05577,18536
22:30218270:T:C,SBP,0.030360,1.920e-7,425740,-0.0064130,0.2595,425743,0.025215,0.1041,318398,-0.0098133,0.03900,472174,0.019100,0.4814,52313,-0.033236,0.1223,11277,0.012901,0.4582,18536,-0.0027498,0.8744,18536
13:41849731:T:C,SBP/HYPERTENSION,-0.036560,2.991e-11,425740,-0.021280,0.00007281,425743,-0.040182,0.0001348,318398,0.0015540,0.7000,472174,-0.047200,0.1689,52313,-0.021043,0.7107,11274,-0.012941,0.7815,18536,-0.066193,0.1559,18536
7:155744252:C:G,SBP/DBP,-0.013630,7.226e-7,425740,-0.0091870,0.0006140,425743,-0.018822,0.0004120,318398,-0.0049952,0.02200,472174,-0.027200,0.06533,52313,0.017600,0.2970,11277,0.012548,0.3446,18536,0.0033181,0.8026,18536
11:27303438:T:C,SBP,-0.013220,0.000002144,425740,-0.018060,3.212e-11,425743,-0.018822,0.0005551,318398,0.00067481,0.7500,472174,-0.019100,0.2112,52313,0.0018860,0.9113,11276,-0.013919,0.3159,18536,-0.028657,0.03892,18536
20:4101290:T:A,SBP,0.010960,0.0006133,425740,0.011570,0.0002101,425743,0.019693,0.0009460,318398,-0.0055823,0.02700,472174,,,,,,,0.028390,0.06460,18536,0.032570,0.03399,18536
15:93222897:C:T,SBP,-0.011820,0.000006493,425740,-0.0012140,0.6347,425743,-0.015873,0.004526,318398,-0.00033199,0.8700,472174,0.00070000,0.9597,52313,-0.022068,0.09121,11277,-0.014868,0.1368,18536,-0.0066407,0.5063,18536
16:4746392:T:C,SBP,0.0096410,0.0002360,425740,0.0094350,0.0002250,425743,0.020509,0.0001319,318398,-0.0052755,0.008700,472174,0.022300,0.1000,52313,-0.016069,0.2082,11277,,,,,,
5:50880788:T:C,SBP,-0.0087030,0.0008862,425740,-0.0057880,0.02341,425743,-0.010940,0.01532,318398,0.0069783,0.0007800,472174,-0.0089000,0.5254,52313,0.0074530,0.5679,11276,-0.0056728,0.6050,18536,-0.0036068,0.7423,18536
12:427575:A:G,SBP,0.016410,7.441e-9,425740,0.0060070,0.02999,425743,0.010859,0.1509,318398,-0.00017376,0.9400,472174,,,,0.017262,0.1897,11277,0.019507,0.06300,18536,0.020124,0.05511,18536
8:141807467:A:G,SBP,0.010040,0.0001293,425740,-0.00077260,0.7626,425743,0.018266,0.0003365,318398,-0.00018975,0.9300,472174,0.021300,0.1148,52313,-0.0097380,0.4510,11277,0.016768,0.1644,18536,0.016946,0.1599,18536
3:158206114:C:T,SBP,0.013100,0.000005552,425740,0.0055550,0.04831,425743,0.013592,0.07616,318398,-0.000096510,0.9700,472174,0.034200,0.03069,52313,0.017667,0.2125,11277,0.019801,0.08111,18536,0.00033080,0.9768,18536
12:49943122:A:G,SBP,-0.018560,1.619e-7,425740,0.00079770,0.8175,425743,-0.037296,4.890e-7,318398,0.0029394,0.2600,472174,-0.0021000,0.8995,52313,0.045932,0.004611,11277,0.018684,0.2071,18536,0.0082788,0.5761,18536
19:30100319:T:A,SBP,0.010050,0.001259,425740,0.0020970,0.4901,425743,0.024703,0.0002960,318398,0.0011176,0.6400,472174,0.014200,0.3684,52313,-0.0012240,0.9303,11277,0.0085801,0.4756,18536,0.00024183,0.9840,18536
1:25351581:G:A,SBP/DBP,0.0076500,0.004687,425740,0.011030,0.00002934,425743,0.016434,0.002661,318398,-0.0018589,0.3700,472174,0.061600,0.000009663,52313,-0.0047200,0.7191,11277,0.0051558,0.6227,18536,0.0042619,0.6842,18536
7:24613353:G:A,SBP,-0.018890,3.714e-8,425740,0.00072200,0.8292,425743,-0.020783,0.002292,318398,0.0022268,0.3900,472174,,,,0.023151,0.2025,11272,,,,,,
12:69922738:A:G,SBP,0.016800,1.116e-9,425740,0.021820,4.956e-16,425743,0.012174,0.02176,318398,0.00087107,0.6800,472174,0.00060000,0.9645,52313,0.0044380,0.7529,11277,0.013673,0.2457,18536,-0.00084174,0.9430,18536
4:83888726:T:G,SBP,-0.019770,1.217e-11,425740,-0.0025500,0.3700,425743,-0.023717,0.00006135,318398,0.0054855,0.01600,472174,-0.062100,0.0001780,52313,-0.0090330,0.5145,11277,,,,,,
8:129474006:A:G,SBP,0.015720,3.054e-9,425740,0.0074100,0.004164,425743,0.020917,0.00007063,318398,0.00054941,0.7900,472174,0.0044000,0.7650,52313,-0.018698,0.1736,11277,-0.00030608,0.9758,18536,-0.0054902,0.5862,18536
6:85305601:G:T,SBP,-0.025290,4.547e-9,425740,-0.0036950,0.3799,425743,-0.017840,0.01702,318398,-0.0028608,0.4000,472174,,,,,,,-0.014440,0.5446,18536,0.0053439,0.8226,18536
14:73418095:G:A,SBP,0.022670,4.716e-8,425740,-0.0011590,0.7746,425743,0.011162,0.3103,318398,0.045720,4.700e-43,472174,0.0032000,0.9066,52313,0.026464,0.3537,11277,0.030545,0.1450,18536,0.0012756,0.9515,18536
11:30516496:A:G,SBP,0.016250,5.100e-9,425740,0.0076680,0.004705,425743,0.023269,0.00003776,318398,0.00061701,0.7800,472174,-0.018500,0.2141,52313,-0.020993,0.1051,11277,0.019600,0.04755,18536,0.020939,0.03429,18536
7:1286217:G:A,SBP/DBP,0.022760,2.037e-10,425740,0.013350,0.0001323,425743,0.017859,0.01565,318398,-0.0027359,0.3400,472174,0.011800,0.5969,52313,-0.013055,0.6608,11275,0.024638,0.4311,18536,0.030504,0.3297,18536
6:7723962:C:G,SBP,0.015240,1.731e-9,425740,-0.0019080,0.4396,425743,0.011769,0.08115,318398,-0.0012841,0.5200,472174,-0.014100,0.3010,52313,-0.026045,0.04557,11277,-0.0012046,0.9024,18536,-0.011544,0.2399,18536
1:56980222:A:C,SBP,-0.027390,1.217e-9,425740,0.011670,0.007921,425743,-0.045929,1.853e-8,318398,0.0052086,0.1300,472174,-0.024100,0.2602,52313,-0.026856,0.2591,11276,-0.026924,0.1642,18536,-0.025270,0.1917,18536
16:4140231:G:C,SBP/DBP,-0.014460,0.001114,425740,-0.015330,0.0003945,425743,-0.036332,0.00001189,318398,-0.0013773,0.6800,472174,0.012100,0.6276,52313,-0.0098900,0.7081,11277,-0.015106,0.4808,18536,-0.035895,0.09386,18536
15:81289391:C:A,SBP,0.024320,2.737e-11,425740,-0.00028970,0.9352,425743,0.017655,0.06999,318398,-0.0043296,0.1200,472174,,,,,,,,,,,,
1:2049508:G:T,SBP,0.012990,8.806e-7,425740,0.0083680,0.001164,425743,0.017146,0.0007691,318398,-0.0019917,0.3300,472174,,,,,,,0.0046615,0.6626,18536,0.0033587,0.7532,18536
3:52411772:C:CGT,SBP,0.019860,9.371e-15,425740,0.00033610,0.8931,425743,0.018775,0.0002581,318398,-0.0061958,0.002100,472174,0.0058000,0.6679,52313,-0.0078640,0.5440,11277,,,,,,
7:30910788:A:G,SBP,0.026430,1.438e-14,425740,0.018040,7.325e-8,425743,0.025420,0.0001576,318398,0.0036723,0.1800,472174,0.016100,0.3534,52313,-0.0074880,0.5675,11277,-0.0075565,0.4532,18536,-0.0019790,0.8443,18536
13:73839550:G:T,SBP,0.038890,6.008e-11,425740,0.029880,2.549e-7,425743,0.064539,1.554e-9,318398,0.0034273,0.4500,472174,0.074500,0.02162,52313,0.015504,0.7680,11277,-0.015093,0.7264,18536,-0.052171,0.2264,18536
9:136155000:C:T,SBP,,,,,,,,,,-0.0040337,0.1200,472174,0.0019000,0.9112,52313,-0.0035910,0.8427,11277,0.016951,0.2157,18536,-0.0043844,0.7488,18536
19:22290846:T:C,SBP,0.032130,1.353e-14,425740,0.017010,0.00002906,425743,0.021326,0.05504,318398,0.031289,1.700e-24,472174,,,,,,,,,,,,
10:133767455:A:C,SBP,-0.0098520,0.0003370,425740,-0.0038420,0.1517,425743,-0.018822,0.001147,318398,-0.0010669,0.6100,472174,-0.014400,0.2967,52313,-0.035140,0.007504,11277,0.00019960,0.9850,18536,-0.0054486,0.6075,18536
2:242445336:A:G,SBP,0.019270,3.020e-13,425740,0.0029820,0.2472,425743,0.013389,0.05650,318398,0.0013725,0.4900,472174,0.0051000,0.7092,52313,-0.0055850,0.6828,11277,-0.0049139,0.6510,18536,0.0050762,0.6403,18536
8:1716616:T:A,SBP,0.016550,6.462e-9,425740,0.011640,0.00002833,425743,0.024190,0.000008979,318398,-0.0036523,0.1100,472174,0.010500,0.4973,52313,0.0087190,0.5750,11277,0.022149,0.08369,18536,0.0037994,0.7667,18536
10:45379759:T:C,SBP,-0.014710,1.873e-7,425740,-0.016510,2.014e-9,425743,-0.026642,0.000009204,318398,0.0022865,0.3100,472174,-0.031300,0.02617,52313,-0.0029340,0.8311,11277,,,,,,
2:37980859:G:C,SBP,0.019450,1.069e-10,425740,0.014300,0.000001136,425743,0.022552,0.00008084,318398,-0.0011984,0.6000,472174,0.0014000,0.9272,52313,,,,-0.014706,0.3318,18536,-0.017279,0.2541,18536
11:32447347:C:G,SBP,0.010600,0.00006236,425740,0.00013770,0.9575,425743,0.015825,0.002230,318398,-0.00091303,0.6600,472174,0.037600,0.009389,52313,-0.0095260,0.4763,11277,0.0021902,0.8364,18536,-0.0032523,0.7591,18536
3:66362386:A:G,SBP,-0.018920,1.166e-10,425740,-0.0020280,0.4787,425743,-0.015873,0.01257,318398,0.0023376,0.3100,472174,0.0010000,0.9487,52313,0.011712,0.3839,11277,0.0041453,0.7120,18536,-0.013374,0.2336,18536
8:156504:G:A,SBP/DBP,-0.025600,9.677e-15,425740,-0.018300,1.382e-8,425743,-0.023717,0.0001323,318398,-0.010147,0.00001300,472174,-0.030500,0.05134,52313,,,,-0.018128,0.1429,18536,-0.0094544,0.4448,18536
6:131311909:C:T,SBP,0.010890,0.0001896,425740,-0.0018740,0.5100,425743,0.015114,0.05142,318398,-0.0040684,0.07400,472174,0.016300,0.3784,52313,0.012735,0.4089,11277,-0.0034980,0.7917,18536,0.00026246,0.9842,18536
17:44632463:G:C,SBP,,,,,,,,,,0.0073229,0.01100,472174,,,,,,,,,,,,
1:25044111:C:T,SBP,0.011460,0.00005930,425740,0.015800,1.389e-8,425743,0.023678,0.000003590,318398,0.0021153,0.3500,472174,0.039700,0.007834,52313,0.0096480,0.4474,11277,0.011897,0.2154,18536,0.010250,0.2858,18536
19:7508769:G:A,SBP,-0.010510,0.0004456,425740,-0.015400,1.346e-7,425743,-0.020783,0.001426,318398,0.00015705,0.9500,472174,-0.054400,0.001330,52313,0.00088300,0.9587,11275,0.0080517,0.5450,18536,-0.0062095,0.6407,18536
20:62516236:G:T,SBP,0.020330,0.00001864,425740,0.013240,0.004252,425743,0.047511,2.239e-7,318398,0.0085413,0.02200,472174,-0.0022000,0.8968,52313,-0.045351,0.1811,11277,0.016844,0.5939,18536,-0.0047147,0.8814,18536
8:145992315:TA:T,SBP,-0.019800,9.073e-15,425740,-0.0082710,0.0008986,425743,-0.015873,0.003089,318398,,,,-0.0072000,0.5979,52313,0.019358,0.1331,11277,,,,,,
7:77512098:G:C,SBP,-0.017940,6.428e-11,425740,-0.0082530,0.002065,425743,-0.025668,0.000005184,318398,-0.00076931,0.7100,472174,0.0019000,0.8999,52313,-0.018849,0.1434,11277,0.0034527,0.7344,18536,-0.0010720,0.9161,18536
17:8076741:A:G,SBP/HYPERTENSION,-0.014790,6.293e-7,425740,-0.015220,1.458e-7,425743,-0.023717,0.0001229,318398,-0.019955,5.500e-17,472174,,,,0.013505,0.4760,11277,,,,,,
1:150518611:AT:A,SBP,0.024430,8.411e-15,425740,0.00064150,0.8345,425743,0.0071253,0.3931,318398,,,,0.013300,0.4020,52313,-0.013475,0.5239,11277,,,,,,
16:1362187:C:T,SBP,-0.0091480,0.0005416,425740,0.0074830,0.003716,425743,-0.011929,0.01453,318398,-0.00023786,0.9100,472174,-0.015700,0.2746,52313,-0.0013060,0.9229,11277,0.0015627,0.8937,18536,0.0022273,0.8489,18536
17:79370257:C:G,SBP,-0.013840,1.842e-7,425740,-0.0094800,0.0002509,425743,-0.0099503,0.02808,318398,0.0015923,0.4500,472174,0.012000,0.3950,52313,-0.0046870,0.7428,11276,,,,,,
16:51757242:A:G,SBP,0.0072560,0.006981,425740,0.0057310,0.02892,425743,0.0093435,0.02758,318398,-0.00035475,0.8600,472174,0.020600,0.1424,52313,0.0041670,0.7631,11277,0.0027309,0.8178,18536,0.0036238,0.7598,18536
19:6745138:G:A,SBP,0.018220,7.121e-13,425740,0.0027230,0.2715,425743,0.014403,0.0007963,318398,0.0020448,0.3100,472174,,,,0.013157,0.3163,11184,,,,,,
4:3446754:G:A,SBP,0.023270,0.000005099,425740,-0.0056820,0.2536,425743,0.028914,0.002286,318398,0.0028330,0.4300,472174,-0.00080000,0.9763,52313,0.0052940,0.7691,11277,0.0050809,0.7226,18536,0.0076242,0.5942,18536
11:122609879:A:T,SBP,0.012750,5.475e-7,425740,0.0041780,0.09256,425743,0.018368,0.0001010,318398,-0.0013874,0.4900,472174,0.021100,0.1233,52313,0.020375,0.1242,11277,-0.0090865,0.3838,18536,-0.0054005,0.6047,18536
5:147884668:C:T,SBP/DBP,0.024440,7.566e-21,425740,0.021570,2.408e-17,425743,0.020407,0.00004184,318398,-0.0022732,0.2600,472174,0.033800,0.01450,52313,-0.010958,0.4296,11277,0.018570,0.07890,18536,0.016952,0.1087,18536
2:114082175:A:G,SBP/DBP,-0.020260,7.596e-11,425740,-0.011810,0.00009997,425743,-0.015873,0.005418,318398,-0.0016070,0.5100,472174,-0.020200,0.2251,52313,,,,-0.018853,0.1741,18536,-0.0086137,0.5346,18536
6:12295987:C:T,SBP,-0.014950,4.328e-9,425740,0.0010780,0.6641,425743,-0.011929,0.01378,318398,-0.00029944,0.8800,472174,-0.022400,0.1014,52313,0.022883,0.08710,11277,-0.012857,0.2335,18536,-0.0034725,0.7476,18536
3:115056225:C:T,SBP,-0.018780,8.363e-13,425740,-0.0083590,0.001093,425743,-0.014889,0.001706,318398,-0.0063838,0.001800,472174,-0.0050000,0.7158,52313,0.0023670,0.8784,11277,0.0026262,0.8518,18536,-0.0067171,0.6329,18536
15:100158444:T:C,SBP,-0.013330,0.00006434,425740,-0.0069290,0.03319,425743,-0.027615,0.00001931,318398,-0.00017829,0.9500,472174,-0.025300,0.1715,52313,0.018718,0.2901,11277,,,,,,
11:100748503:T:C,SBP,-0.012870,0.000002821,425740,-0.010510,0.00008920,425743,-0.0079682,0.3027,318398,0.00066616,0.7500,472174,0.0041000,0.7879,52313,-0.0085570,0.5851,11277,-0.000060794,0.9967,18536,-0.0084456,0.5715,18536
12:8831954:T:A,SBP/DBP,-0.011360,0.00002895,425740,-0.016460,5.122e-10,425743,-0.028587,6.218e-8,318398,-0.0067617,0.001800,472174,-0.038800,0.008712,52313,0.0093400,0.6396,11276,0.0089595,0.6143,18536,-0.013102,0.4612,18536
20:30198480:T:C,SBP,-0.013420,0.00007155,425740,-0.022060,2.179e-11,425743,-0.019803,0.0005539,318398,0.00045717,0.8700,472174,-0.016400,0.3236,52313,-0.024322,0.3913,11277,-0.061836,0.01331,18536,-0.051389,0.03966,18536
10:32245936:T:A,SBP,-0.022400,4.198e-13,425740,-0.00021790,0.9423,425743,-0.013903,0.02090,318398,0.0082981,0.0003300,472174,,,,,,,,,,,,
20:19007099:C:T,SBP,-0.020650,0.00009342,425740,0.0089080,0.08394,425743,-0.018822,0.03684,318398,0.00015605,0.9600,472174,-0.031000,0.1544,52313,-0.0028650,0.9309,11277,0.018156,0.4529,18536,0.032754,0.1757,18536
6:73660419:GA:G,SBP,0.024210,1.719e-14,425740,-0.011700,0.0001442,425743,0.020203,0.001234,318398,,,,0.0079000,0.6044,52313,-0.0074790,0.6519,11277,,,,,,
17:7790048:C:A,SBP,0.022760,0.000004603,425740,0.053250,4.250e-28,425743,0.054562,2.646e-8,318398,0.011702,0.002400,472174,0.043600,0.04579,52313,-0.0023560,0.8989,11277,0.030422,0.05695,18536,0.049369,0.002006,18536
12:133086888:C:T,SBP,0.026490,2.126e-11,425740,0.014600,0.0001540,425743,0.025420,0.0007686,318398,-0.0068568,0.03600,472174,0.062700,0.009652,52313,,,,0.00033082,0.9844,18536,-0.0010707,0.9494,18536
6:31847636:G:A,SBP,0.016840,0.002545,425740,0.021330,0.00008909,425743,-0.0019980,0.8918,318398,0.0030641,0.5100,472174,0.0056000,0.8334,52313,0.031923,0.2763,11277,-0.014367,0.3969,18536,-0.0046036,0.7861,18536
1:48109225:T:C,SBP/DBP,-0.025100,4.497e-8,425740,-0.014620,0.001087,425743,-0.029559,0.0005086,318398,-0.0014575,0.6700,472174,-0.066100,0.01450,52313,-0.012010,0.4861,11277,-0.0040592,0.7675,18536,0.0048299,0.7250,18536
2:187819603:T:C,SBP/DBP,-0.017260,2.595e-9,425740,-0.0050530,0.07387,425743,-0.027615,0.000001047,318398,0.0016576,0.4600,472174,,,,,,,-0.017447,0.1491,18536,-0.0083144,0.4918,18536
6:158846567:AAT:A,SBP,0.019970,2.064e-14,425740,0.0056240,0.02723,425743,0.018470,0.0008882,318398,,,,,,,,,,,,,,,
19:4067314:C:T,SBP,-0.022190,4.348e-11,425740,0.0027330,0.4052,425743,-0.014889,0.02283,318398,0.0012348,0.6300,472174,-0.031800,0.08026,52313,0.012190,0.5708,11261,,,,,,
1:156079628:C:T,SBP,-0.019550,5.962e-12,425740,-0.011930,0.00001678,425743,-0.014889,0.05487,318398,0.00024152,0.9100,472174,,,,,,,,,,,,
1:180852364:G:A,SBP,-0.0076510,0.004828,425740,-0.0065190,0.01382,425743,-0.011929,0.01504,318398,0.00061067,0.7700,472174,0.0075000,0.5840,52313,0.035493,0.009426,11219,0.0028350,0.8479,18536,-0.0096594,0.5135,18536
18:42880242:A:G,SBP,-0.015360,1.035e-8,425740,0.00069780,0.7897,425743,-0.015873,0.001346,318398,-0.00083869,0.6900,472174,0.0068000,0.6434,52313,-0.00032600,0.9808,11277,0.027540,0.01491,18536,0.011754,0.2988,18536
2:242411190:A:G,SBP,0.018420,1.044e-12,425740,0.0025610,0.3099,425743,0.016536,0.002369,318398,-0.00018897,0.9300,472174,0.011200,0.4310,52313,-0.0096880,0.5186,11277,0.0011260,0.9224,18536,-0.011004,0.3412,18536
10:10839968:A:G,SBP,0.025410,4.772e-14,425740,-0.00084570,0.7970,425743,0.00060018,0.9507,318398,0.00087622,0.7200,472174,0.0035000,0.8580,52313,0.034608,0.08754,11277,0.036930,0.06605,18536,0.012932,0.5198,18536
3:185348351:T:C,SBP,0.0075770,0.004318,425740,0.013670,1.298e-7,425743,0.013085,0.01598,318398,0.0070642,0.0006000,472174,-0.0035000,0.8032,52313,-0.0069700,0.5968,11277,0.0026789,0.7964,18536,-0.0023619,0.8201,18536
8:32413240:T:C,SBP,0.020270,2.378e-15,425740,0.0010700,0.6682,425743,0.016333,0.0005972,318398,-0.0011120,0.5800,472174,0.010200,0.4552,52313,-0.028692,0.02600,11276,0.0054702,0.5901,18536,0.00076168,0.9402,18536
5:127420700:T:C,SBP,0.021080,1.506e-11,425740,0.0021470,0.4811,425743,0.014708,0.07757,318398,0.00098540,0.6800,472174,0.019300,0.2380,52313,-0.0040170,0.8004,11277,0.019070,0.09287,18536,0.011787,0.2990,18536
20:6655348:T:C,SBP,0.015190,2.104e-9,425740,-0.0086330,0.0004842,425743,0.0097474,0.1491,318398,-0.0039515,0.05100,472174,0.0053000,0.6968,52313,0.013683,0.3909,11274,-0.014266,0.2333,18536,-0.020123,0.09274,18536
5:141758336:A:C,SBP,-0.014740,0.000002043,425740,-0.011180,0.0002226,425743,-0.015873,0.007154,318398,0.0033491,0.1500,472174,-0.0096000,0.5484,52313,0.033404,0.04511,11277,-0.024767,0.1006,18536,0.0024378,0.8716,18536
9:130303640:A:G,SBP,-0.015320,1.759e-8,425740,-0.012120,0.000004871,425743,-0.0039920,0.5765,318398,-0.0024122,0.2500,472174,-0.029500,0.03529,52313,-0.00040000,0.9758,11277,0.0088171,0.3693,18536,0.018546,0.05900,18536
7:22770149:G:A,SBP,-0.011290,0.000008913,425740,0.017470,1.872e-12,425743,-0.013903,0.003305,318398,0.0032252,0.1100,472174,-0.021700,0.1096,52313,-0.014257,0.3508,11277,0.013211,0.2846,18536,0.010064,0.4150,18536
17:30809455:G:A,SBP,-0.012480,0.000002001,425740,-0.0031430,0.2199,425743,-0.0089597,0.2213,318398,-0.00089385,0.6600,472174,0.0025000,0.8594,52313,-0.014076,0.2714,11277,0.0028426,0.7837,18536,0.015918,0.1243,18536
2:69005923:C:T,SBP,0.017580,7.549e-12,425740,0.012640,4.436e-7,425743,0.024908,3.036e-7,318398,0.0026389,0.1900,472174,0.013300,0.3425,52313,0.020424,0.1242,11277,0.012719,0.2036,18536,0.020894,0.03677,18536
4:95942505:G:A,SBP,-0.0091410,0.0005635,425740,-0.0044500,0.08522,425743,-0.022739,0.00005692,318398,-0.00031931,0.8800,472174,-0.026700,0.05796,52313,-0.0072510,0.5723,11277,-0.0011679,0.9059,18536,-0.0079207,0.4228,18536
16:81603235:T:C,SBP,0.011500,0.000005591,425740,0.017380,1.987e-12,425743,0.029429,5.471e-9,318398,-0.0039014,0.05400,472174,0.067200,9.923e-7,52313,-0.040807,0.001652,11277,-0.0037399,0.7245,18536,0.0045719,0.6666,18536
17:26694861:G:A,SBP/DBP,-0.018740,5.887e-14,425740,-0.0099370,0.00004456,425743,-0.022739,0.000003528,318398,0.0016022,0.4200,472174,0.0014000,0.9203,52313,0.019165,0.1288,11277,-0.0044882,0.7243,18536,-0.011900,0.3497,18536
6:108988184:G:A,SBP,-0.0075110,0.005990,425740,-0.0034240,0.1989,425743,0.014403,0.007897,318398,-0.0023115,0.2900,472174,0.032700,0.01959,52313,-0.018177,0.1511,11276,0.0038128,0.7019,18536,0.0095251,0.3390,18536
13:73136378:T:C,SBP,0.013340,0.000002764,425740,0.0097200,0.0004600,425743,0.023269,0.000004663,318398,-0.00045974,0.8300,472174,0.017100,0.2142,52313,0.022999,0.1092,11277,0.0080569,0.4466,18536,0.0030963,0.7699,18536
19:19379549:C:T,SBP,0.022850,0.000001315,425740,0.028090,1.077e-9,425743,0.035316,0.0003550,318398,-0.0018306,0.6300,472174,0.029800,0.2813,52313,-0.023903,0.2624,11277,0.0094023,0.5692,18536,0.0066117,0.6890,18536
2:64410700:C:T,SBP,0.017510,4.013e-7,425740,0.0072160,0.03220,425743,0.015317,0.03321,318398,0.0026601,0.3200,472174,0.010600,0.5072,52313,-0.020663,0.2223,11277,0.023629,0.1142,18536,0.0088469,0.5543,18536
2:174953295:C:T,SBP,0.0086380,0.001988,425740,0.0053090,0.05136,425743,0.011870,0.1102,318398,-0.00062055,0.7600,472174,0.023500,0.08350,52313,0.011760,0.4173,11277,0.0079048,0.4704,18536,0.0083343,0.4466,18536
5:137406475:C:T,SBP,-0.027740,7.896e-16,425740,-0.0055540,0.09821,425743,-0.010940,0.2383,318398,-0.0033497,0.2200,472174,0.017300,0.3050,52313,,,,,,,,,
20:8616588:A:G,SBP/DBP/HYPERTENSION,0.0053050,0.04560,425740,-0.0026350,0.3086,425743,-0.028587,2.387e-8,318398,0.0015349,0.4600,472174,-0.033800,0.01660,52313,0.010927,0.4057,11277,-0.010109,0.3021,18536,-0.0012736,0.8966,18536
9:34223553:C:T,SBP,-0.011040,0.000009837,425740,0.0035590,0.1440,425743,-0.016857,0.0007939,318398,-0.0025471,0.2000,472174,-0.023700,0.07880,52313,-0.0011210,0.9304,11277,-0.015914,0.1607,18536,-0.012787,0.2597,18536
2:242411071:T:G,SBP,0.018600,1.037e-12,425740,0.0027710,0.2764,425743,0.016129,0.003392,318398,-0.00030440,0.8800,472174,0.018000,0.1936,52313,-0.0071340,0.6316,11272,,,,,,
2:242411069:T:C,SBP,0.018600,1.035e-12,425740,0.0027710,0.2763,425743,0.016129,0.003391,318398,-0.00028382,0.8900,472174,0.018000,0.1936,52313,-0.0068880,0.6434,11272,,,,,,
2:185036013:T:G,SBP,-0.013260,0.000002381,425740,-0.0053420,0.05138,425743,-0.029559,2.413e-7,318398,0.0015292,0.4900,472174,0.0070000,0.6335,52313,0.012649,0.3434,11277,0.0036358,0.7580,18536,-0.0085762,0.4674,18536
22:50727792:T:C,SBP/HYPERTENSION,-0.015040,6.085e-9,425740,-0.0035150,0.1634,425743,-0.020783,0.0001707,318398,0.0014648,0.4800,472174,-0.034700,0.01327,52313,-0.010496,0.4926,11277,0.0083957,0.4675,18536,0.010322,0.3717,18536
16:4515334:C:G,SBP,-0.013990,0.001571,425740,0.0016670,0.6993,425743,-0.024693,0.003621,318398,-0.00020317,0.9500,472174,-0.012600,0.5637,52313,-0.00091700,0.9604,11277,-0.030231,0.09057,18536,-0.012855,0.4717,18536
1:61877445:C:A,SBP,0.024790,1.778e-21,425740,0.011950,0.000002552,425743,0.013085,0.05907,318398,-0.0012986,0.5400,472174,0.0073000,0.6338,52313,0.0012000,0.9402,11277,-0.0078952,0.5614,18536,0.0028536,0.8338,18536
4:156385248:C:A,SBP,0.011750,0.00001225,425740,-0.00038520,0.8831,425743,0.026549,2.849e-7,318398,0.0010287,0.6100,472174,0.019700,0.1453,52313,-0.0030890,0.8190,11276,0.012177,0.2422,18536,0.017384,0.09501,18536
5:57095011:G:T,SBP,0.016540,3.819e-10,425740,0.013550,1.453e-7,425743,0.028914,1.688e-7,318398,0.00022295,0.9100,472174,0.030500,0.02946,52313,-0.023738,0.08303,11277,-0.0063451,0.5531,18536,0.0059672,0.5770,18536
17:75398498:C:T,SBP,-0.0095630,0.01388,425740,0.0055170,0.1456,425743,-0.017840,0.01360,318398,-0.0017436,0.5900,472174,-0.025000,0.3533,52313,0.010697,0.6661,11277,-0.018159,0.3901,18536,-0.014116,0.5041,18536
3:123065490:G:C,SBP,-0.018830,3.563e-13,425740,-0.00083110,0.7421,425743,-0.015873,0.004495,318398,-0.00043807,0.8300,472174,,,,,,,,,,,,
9:95201540:T:A,SBP,-0.012780,0.000001362,425740,-0.00038060,0.8827,425743,-0.014889,0.003102,318398,0.0025142,0.2300,472174,-0.013800,0.3472,52313,0.0061950,0.6496,11275,-0.0065673,0.5461,18536,-0.017756,0.1027,18536
13:27118023:C:T,SBP,-0.012440,0.00001626,425740,-0.0068490,0.01499,425743,-0.017840,0.0007014,318398,0.0012412,0.5800,472174,-0.015300,0.3300,52313,0.0038980,0.8011,11277,0.0017904,0.8977,18536,0.0020721,0.8818,18536
16:51568425:G:T,SBP,0.022730,4.797e-7,425740,0.017890,0.00004847,425743,0.015520,0.03937,318398,0.0015465,0.6500,472174,-0.030500,0.1864,52313,0.051533,0.2871,11277,-0.029511,0.5152,18536,-0.015515,0.7323,18536
17:19239432:C:T,SBP,0.013110,0.00005807,425740,0.015450,0.000001170,425743,0.0062193,0.4724,318398,-0.00016539,0.9500,472174,0.0021000,0.8980,52313,-0.0051440,0.7034,11277,0.0051089,0.6694,18536,0.00037611,0.9749,18536
8:92149429:T:C,SBP,0.013430,0.000001061,425740,-0.014740,3.942e-8,425743,0.00090041,0.9044,318398,-0.00021822,0.9200,472174,-0.0060000,0.6717,52313,-0.010412,0.4685,11276,-0.0063571,0.5783,18536,-0.011067,0.3332,18536
13:51489186:G:A,SBP/DBP,-0.014560,2.666e-7,425740,-0.011740,0.00002117,425743,-0.0099503,0.04663,318398,-0.0031858,0.1400,472174,-0.022400,0.1206,52313,-0.015769,0.3635,11277,-0.0077518,0.5418,18536,-0.0071147,0.5755,18536
1:221304856:A:G,SBP,-0.011240,0.00005605,425740,-0.0079070,0.003658,425743,-0.020783,0.00008501,318398,0.0025244,0.2500,472174,-0.026100,0.07150,52313,0.0039620,0.7613,11276,-0.0099984,0.3364,18536,-0.0015438,0.8820,18536
1:94619077:C:G,SBP,0.017950,3.635e-10,425740,0.0059710,0.03254,425743,0.034384,1.966e-9,318398,0.0019108,0.4000,472174,0.028500,0.06680,52313,0.022822,0.1669,11277,-0.0039676,0.7731,18536,0.0035999,0.7936,18536
12:27216561:T:G,SBP,0.0044230,0.08390,425740,0.0082760,0.0009138,425743,0.020611,0.0001529,318398,0.00089667,0.6600,472174,,,,,,,0.0034294,0.7800,18536,-0.017440,0.1555,18536
10:65234512:A:G,SBP,0.0037420,0.1679,425740,0.010060,0.0001451,425743,0.021121,0.00009716,318398,-0.00039431,0.8500,472174,0.019900,0.1608,52313,-0.0051360,0.7417,11277,0.025839,0.03432,18536,0.022525,0.06506,18536
11:111664401:C:T,SBP,0.0084030,0.003280,425740,0.0074740,0.007330,425743,0.028708,5.799e-7,318398,0.0028102,0.2100,472174,0.027300,0.08407,52313,-0.014693,0.3166,11273,,,,,,
4:7891420:T:G,SBP,0.012560,0.000001692,425740,-0.0016060,0.5302,425743,0.010252,0.1417,318398,0.0048008,0.02000,472174,,,,,,,,,,,,
3:49083566:G:A,SBP,-0.019060,0.000001723,425740,-0.0096820,0.01273,425743,-0.044017,8.218e-8,318398,0.0040593,0.1900,472174,-0.049300,0.006877,52313,-0.023841,0.1631,11277,-0.020813,0.2183,18536,-0.027342,0.1059,18536
6:56065640:T:C,SBP,-0.015860,2.252e-9,425740,0.013960,6.811e-8,425743,-0.0099503,0.1521,318398,0.0011247,0.5900,472174,0.0021000,0.8769,52313,0.0056180,0.6900,11277,,,,,,
2:205093360:G:T,SBP,-0.0083060,0.001349,425740,-0.0085380,0.0007296,425743,-0.014889,0.007212,318398,-0.00055610,0.7900,472174,-0.027700,0.04689,52313,0.0036050,0.8007,11277,-0.016930,0.1164,18536,-0.022013,0.04122,18536
17:30025992:A:C,SBP,0.021530,3.438e-13,425740,0.010980,0.0001418,425743,0.027063,0.000002716,318398,0.0029676,0.2100,472174,0.024000,0.1202,52313,-0.0017900,0.9159,11277,0.029521,0.04634,18536,0.035745,0.01585,18536
5:66322600:T:C,SBP,-0.014800,2.643e-7,425740,-0.011180,0.00006642,425743,-0.024693,0.000003114,318398,-0.0030015,0.1900,472174,-0.020700,0.2005,52313,0.023932,0.1969,11277,-0.00097198,0.9648,18536,-0.0043887,0.8423,18536
7:75123519:G:T,SBP,-0.013440,0.000002521,425740,-0.0056600,0.04214,425743,-0.043059,4.946e-14,318398,-0.00073282,0.7200,472174,,,,,,,,,,,,
13:32015395:A:G,SBP,-0.017870,6.208e-11,425740,-0.012820,0.000001519,425743,-0.016857,0.0007189,318398,0.0014519,0.5000,472174,-0.010100,0.4791,52313,0.0025990,0.8479,11277,-0.020260,0.2440,18536,0.0039376,0.8209,18536
9:101778265:G:T,SBP,0.011380,0.005066,425740,-0.0093090,0.01874,425743,0.00050013,0.9666,318398,-0.0032529,0.3200,472174,-0.0051000,0.7822,52313,-0.12128,0.0001253,11276,0.029382,0.3019,18536,0.0010408,0.9708,18536
11:16534415:A:C,SBP/HYPERTENSION,-0.012510,8.851e-7,425740,0.00062400,0.8016,425743,-0.021761,0.000006230,318398,-0.00031198,0.8800,472174,-0.0055000,0.6874,52313,-0.0038880,0.7722,11277,-0.0033905,0.7562,18536,-0.0034258,0.7538,18536
6:134209837:T:C,SBP,-0.017650,1.618e-10,425740,-0.014190,1.345e-7,425743,-0.032467,8.020e-11,318398,-0.0014019,0.5200,472174,-0.030100,0.05465,52313,0.0011940,0.9263,11276,-0.021367,0.02973,18536,-0.0057807,0.5565,18536
11:9763094:A:C,SBP,0.0094000,0.001182,425740,0.010490,0.0002064,425743,0.015825,0.001186,318398,-0.0034414,0.1300,472174,0.023100,0.1175,52313,-0.015907,0.2316,11277,0.019914,0.07430,18536,0.026301,0.01842,18536
12:1043834:T:C,SBP,0.018200,7.126e-8,425740,0.0072050,0.02876,425743,0.014200,0.03940,318398,0.010862,0.00002000,472174,-0.010300,0.5219,52313,-0.0092100,0.5445,11277,0.0017905,0.8907,18536,0.023749,0.06848,18536
2:201086663:T:G,SBP,-0.00085850,0.7434,425740,-0.012190,0.000001864,425743,0.00090041,0.8923,318398,0.00064381,0.7500,472174,0.0060000,0.6632,52313,-0.021862,0.09552,11277,0.0087047,0.3773,18536,0.0030203,0.7594,18536
6:98328654:A:G,SBP,-0.0098550,0.0001167,425740,-0.0063730,0.01063,425743,-0.014889,0.003882,318398,0.00067827,0.7400,472174,,,,,,,,,,,,
13:21546513:C:G,SBP,0.016000,0.00007837,425740,0.0060220,0.1275,425743,0.0085363,0.4305,318398,0.0034109,0.2800,472174,0.039800,0.02765,52313,0.026336,0.1227,11269,,,,,,
17:19918626:G:T,SBP,0.014120,4.539e-7,425740,0.012080,0.000009687,425743,0.010960,0.01827,318398,-0.00018054,0.9300,472174,,,,,,,,,,,,
11:16872440:G:A,SBP,0.011700,0.00005896,425740,0.0032730,0.2494,425743,0.024293,0.000004479,318398,-0.00068255,0.7500,472174,-0.0086000,0.5709,52313,0.0090410,0.5487,11277,0.013844,0.3178,18536,0.0026182,0.8501,18536
2:68355640:G:C,SBP,0.0077590,0.003903,425740,0.0047060,0.07272,425743,0.010556,0.04019,318398,0.0064975,0.002100,472174,-0.0067000,0.6486,52313,-0.011940,0.4505,11277,0.028682,0.01216,18536,0.025417,0.02629,18536
2:165620305:A:G,SBP,-0.017780,0.001419,425740,-0.0054050,0.3200,425743,-0.057325,2.703e-8,318398,-0.013094,0.001900,472174,-0.041500,0.1510,52313,0.0063510,0.8416,11277,-0.028921,0.2168,18536,-0.050249,0.03187,18536
8:106632940:A:G,SBP,-0.017270,3.176e-8,425740,-0.011960,0.00008610,425743,-0.012916,0.02632,318398,-0.0025572,0.2900,472174,0.011100,0.4631,52313,-0.0080700,0.5919,11277,,,,,,
6:35388758:C:T,SBP,-0.0096850,0.003005,425740,0.0042260,0.1843,425743,-0.010940,0.2151,318398,0.0012209,0.6300,472174,0.0028000,0.9085,52313,-0.016798,0.3020,11277,0.0047968,0.7014,18536,0.013403,0.2840,18536
2:71648425:G:T,SBP,0.015290,1.560e-7,425740,-0.0028280,0.3198,425743,0.012275,0.04689,318398,0.0035935,0.1100,472174,-0.0010000,0.9478,52313,0.0024640,0.8638,11277,-0.0072957,0.5300,18536,0.0065281,0.5742,18536
14:69259662:C:A,SBP/HYPERTENSION,0.0064080,0.03561,425740,0.0038070,0.2006,425743,0.021734,0.0003953,318398,-0.0019713,0.4200,472174,0.042200,0.01471,52313,0.0028570,0.8579,11277,-0.018423,0.1600,18536,-0.0058043,0.6580,18536
7:47562249:G:A,SBP,0.013950,0.000004656,425740,0.0016440,0.5801,425743,0.025420,0.00002707,318398,0.0020949,0.3700,472174,0.0090000,0.5660,52313,0.041636,0.004498,11277,0.00098064,0.9315,18536,-0.0028456,0.8031,18536
7:28650761:T:C,SBP,0.013270,9.860e-7,425740,-0.012620,0.000001830,425743,0.013795,0.005105,318398,-0.00062004,0.7700,472174,-0.010700,0.4349,52313,-0.038956,0.07773,11277,0.017368,0.2813,18536,0.0077250,0.6318,18536
6:25338512:G:T,SBP,0.015860,1.890e-9,425740,0.0057940,0.02443,425743,0.024600,0.000002500,318398,-0.0030176,0.1400,472174,-0.0044000,0.7482,52313,0.023514,0.06694,11277,0.0029468,0.7703,18536,-0.0062919,0.5330,18536
4:95586726:TG:T,SBP,-0.019530,2.420e-13,425740,0.0044140,0.08975,425743,-0.010940,0.04249,318398,,,,-0.0024000,0.8609,52313,,,,,,,,,
11:130468096:C:T,SBP,0.012410,0.000003298,425740,-0.012370,0.000001996,425743,0.0087381,0.2200,318398,-0.0022325,0.2900,472174,0.023600,0.08938,52313,-0.0067650,0.6032,11277,0.0052524,0.6084,18536,-0.011141,0.2772,18536
1:115976048:A:G,SBP/DBP/HYPERTENSION,0.032010,1.026e-8,425740,0.020580,0.0001603,425743,0.054984,0.000002324,318398,-0.0019817,0.6500,472174,0.028300,0.1984,52313,-0.0046020,0.8598,11277,0.044756,0.01934,18536,0.049213,0.01011,18536
19:1817943:G:C,SBP,-0.011810,0.0001335,425740,-0.0081570,0.006819,425743,-0.022739,0.00006702,318398,-0.0051520,0.03400,472174,-0.017600,0.2757,52313,-0.0028530,0.8480,11277,,,,,,
19:32457846:A:C,SBP,-0.010950,0.00004154,425740,-0.013160,4.391e-7,425743,-0.010940,0.01052,318398,0.0013056,0.5300,472174,0.0084000,0.5380,52313,-0.0038000,0.7731,11277,-0.013186,0.1766,18536,-0.019437,0.04639,18536
7:100451732:C:T,SBP,0.017140,1.175e-9,425740,0.0075910,0.005724,425743,0.013187,0.01379,318398,0.0037499,0.09300,472174,0.025200,0.1062,52313,0.0062520,0.6658,11277,-0.0031904,0.7727,18536,0.000025699,0.9981,18536
14:54122401:C:T,SBP,-0.018490,1.788e-12,425740,0.0036750,0.1509,425743,-0.013903,0.003067,318398,0.0049688,0.01400,472174,-0.013100,0.3306,52313,-0.021126,0.1155,11277,-0.025100,0.01279,18536,-0.017057,0.09068,18536
5:32900000:A:G,SBP,0.015920,0.00007488,425740,0.010050,0.01039,425743,0.019489,0.01118,318398,-0.00066779,0.8200,472174,0.031500,0.1513,52313,-0.019036,0.4146,11277,0.024665,0.3915,18536,0.036546,0.2042,18536
19:32590871:A:T,SBP,-0.0070450,0.01190,425740,-0.017170,3.276e-10,425743,-0.026642,7.405e-7,318398,-0.00095468,0.6700,472174,-0.0083000,0.5642,52313,-0.032385,0.04242,11277,-0.035670,0.005318,18536,-0.026033,0.04194,18536
4:151295085:T:C,SBP,0.012700,0.00001297,425740,0.0050120,0.07773,425743,0.022552,0.0002761,318398,0.0011034,0.6200,472174,0.014500,0.3255,52313,-0.024951,0.1920,11277,-0.011977,0.4255,18536,0.017065,0.2562,18536
14:70456664:G:T,SBP,0.012690,0.000001099,425740,0.0075730,0.002876,425743,0.016434,0.001920,318398,-0.00093992,0.6400,472174,0.022500,0.1056,52313,-0.0063180,0.6486,11277,,,,,,
18:42123799:C:T,SBP,0.0088780,0.0005666,425740,0.013460,8.453e-8,425743,0.0077298,0.2613,318398,0.010521,2.600e-7,472174,0.015000,0.2659,52313,0.029086,0.03564,11270,,,,,,
2:242410948:A:G,SBP,0.018020,4.688e-12,425740,0.0025130,0.3228,425743,0.016129,0.003923,318398,-0.00057051,0.7800,472174,,,,,,,,,,,,
5:3706050:A:C,SBP,0.0094460,0.001207,425740,0.015450,5.651e-8,425743,0.030975,5.128e-8,318398,0.0043192,0.05800,472174,0.026700,0.07292,52313,-0.010670,0.4658,11277,0.0056722,0.6149,18536,-0.0076029,0.5001,18536
20:51788718:T:G,SBP,0.013150,0.000002856,425740,0.0067610,0.01361,425743,0.014403,0.006119,318398,-0.0064609,0.002700,472174,-0.023400,0.1120,52313,0.021171,0.1233,11276,-0.0067374,0.5857,18536,0.0019570,0.8742,18536
20:10995855:C:G,SBP/DBP/HYPERTENSION,-0.0088950,0.006116,425740,-0.016420,2.111e-7,425743,-0.020783,0.001141,318398,0.0000081140,1.000,472174,-0.025700,0.1664,52313,-0.0061860,0.6947,11277,0.0061175,0.6418,18536,-0.0023904,0.8558,18536
2:122000745:T:C,SBP,-0.016190,0.000004950,425740,-0.011910,0.0005699,425743,-0.034401,5.696e-8,318398,0.00076251,0.7900,472174,-0.00070000,0.9798,52313,-0.00037400,0.9889,11277,-0.049318,0.02558,18536,-0.030903,0.1618,18536
21:43472148:G:A,SBP/HYPERTENSION,0.020560,3.147e-15,425740,0.018100,1.091e-12,425743,0.024908,2.205e-7,318398,0.0018554,0.3600,472174,0.028600,0.04354,52313,0.021882,0.1382,11277,0.0022041,0.8485,18536,0.0067901,0.5563,18536
12:102819599:T:C,SBP,0.010130,0.001111,425740,-0.0019750,0.5147,425743,0.020305,0.0002085,318398,-0.0010971,0.6400,472174,0.024200,0.1312,52313,-0.0065210,0.6448,11277,-0.0097608,0.3684,18536,-0.010448,0.3357,18536
9:4334791:G:C,SBP,-0.020110,4.977e-9,425740,-0.0067610,0.04388,425743,-0.016857,0.01324,318398,-0.0014793,0.5900,472174,-0.0050000,0.8071,52313,-0.011165,0.4991,11276,,,,,,
2:66772962:C:T,SBP,0.0093670,0.0003024,425740,-0.0011660,0.6447,425743,0.022757,0.000008141,318398,0.0013602,0.5100,472174,0.033600,0.01427,52313,0.025824,0.1006,11277,0.023460,0.07508,18536,0.020558,0.1188,18536
17:36915890:C:T,SBP,0.028860,4.971e-7,425740,0.0043550,0.4368,425743,0.034591,0.001570,318398,0.0011338,0.7900,472174,0.0062000,0.8344,52313,-0.0036640,0.8326,11277,0.015013,0.2587,18536,0.013340,0.3155,18536
7:128576086:T:C,SBP,-0.012910,2.878e-7,425740,-0.0078720,0.001338,425743,-0.022739,0.000002561,318398,-0.020273,8.200e-24,472174,-0.0068000,0.6165,52313,-0.025333,0.05192,11277,-0.025210,0.01299,18536,-0.024540,0.01561,18536
22:29305061:G:T,SBP,0.017560,1.974e-7,425740,0.014490,0.00001071,425743,0.025831,0.00005254,318398,0.0062186,0.01400,472174,0.017000,0.2509,52313,0.0083620,0.5326,11276,,,,,,
11:871030:G:A,SBP,-0.029450,2.156e-11,425740,0.00098780,0.8179,425743,-0.018822,0.03754,318398,0.0051998,0.1300,472174,,,,0.0074910,0.6259,11201,0.0093536,0.5123,18536,-0.0025582,0.8578,18536
2:242437375:T:C,SBP,0.018330,1.646e-11,425740,0.0029400,0.2679,425743,0.015114,0.008827,318398,0.00046397,0.8200,472174,,,,,,,,,,,,
12:20606325:G:A,SBP,0.023970,9.192e-13,425740,0.0050360,0.1240,425743,0.023985,0.0006569,318398,-0.0029458,0.2500,472174,-0.0099000,0.5820,52313,-0.0013980,0.9416,11277,0.015404,0.2534,18536,0.012528,0.3530,18536
7:131343205:A:G,SBP,0.016300,1.029e-7,425740,0.016130,6.703e-8,425743,0.020611,0.0004797,318398,0.0026755,0.2000,472174,0.00070000,0.9600,52313,-0.0051280,0.7141,11277,0.029638,0.01108,18536,0.032231,0.005737,18536
22:38158521:A:G,SBP,-0.016580,4.427e-7,425740,-0.0049470,0.1223,425743,-0.0099503,0.2735,318398,-0.0019800,0.4300,472174,-0.0097000,0.5396,52313,-0.020075,0.2521,11276,0.012505,0.4481,18536,-0.0080334,0.6260,18536
15:74225518:C:T,SBP,0.014520,0.00004224,425740,-0.0044990,0.1933,425743,0.017757,0.01350,318398,-0.0065955,0.01500,472174,0.027300,0.1287,52313,0.021755,0.1429,11277,-0.019973,0.07929,18536,-0.0064204,0.5727,18536
15:64715307:G:C,SBP,-0.022550,0.0001398,425740,0.0076950,0.1828,425743,-0.0099503,0.5200,318398,0.0048446,0.2600,472174,-0.039100,0.2555,52313,-0.0025520,0.8474,11277,0.0028807,0.7944,18536,0.0068282,0.5367,18536
17:29247715:G:A,SBP,-0.010230,0.00006710,425740,-0.015080,1.700e-9,425743,-0.012916,0.05957,318398,-0.0081501,0.00007600,472174,-0.034200,0.01389,52313,0.017044,0.1888,11277,0.0019274,0.8464,18536,0.0040157,0.6865,18536
17:62580234:A:G,SBP,-0.015430,8.687e-7,425740,0.0097540,0.001432,425743,-0.014889,0.06508,318398,-0.0019058,0.3700,472174,-0.023500,0.08780,52313,0.0016950,0.9072,11277,-0.049594,0.001330,18536,-0.031579,0.04100,18536
1:182964850:CT:C,SBP,-0.028850,5.009e-13,425740,-0.019570,5.021e-7,425743,-0.012916,0.2161,318398,,,,0.015700,0.4759,52313,0.0051290,0.7507,11277,,,,,,
12:22005003:T:G,SBP,0.015470,2.157e-9,425740,-0.0065110,0.009800,425743,0.00060018,0.9272,318398,-0.000041740,0.9800,472174,0.0090000,0.5187,52313,0.010306,0.4296,11277,0.0080413,0.4062,18536,-0.0024218,0.8025,18536
2:219699999:G:A,SBP/DBP/HYPERTENSION,0.035910,0.000001017,425740,0.041320,8.044e-9,425743,0.062620,0.000002841,318398,0.0049660,0.3400,472174,0.080300,0.001280,52313,0.044822,0.2162,11277,0.017280,0.4306,18536,0.037016,0.09135,18536
7:27170159:C:T,SBP,0.023670,9.526e-8,425740,0.017550,0.00004961,425743,0.027988,0.001087,318398,-0.00096739,0.7800,472174,,,,-0.0014380,0.9572,11276,,,,,,
7:127681555:C:T,SBP,-0.015640,6.348e-8,425740,-0.0035230,0.2116,425743,0.0038072,0.6246,318398,0.0066020,0.003300,472174,-0.016400,0.3565,52313,-0.0011210,0.9585,11277,-0.024055,0.1543,18536,-0.025314,0.1339,18536
12:94877428:A:G,SBP,-0.029730,4.633e-10,425740,0.038600,1.090e-16,425743,-0.026642,0.004489,318398,0.0035570,0.3200,472174,,,,-0.017977,0.5659,11277,,,,,,
2:162278233:G:T,SBP,-0.0085130,0.05579,425740,-0.010340,0.01727,425743,-0.026642,0.001287,318398,-0.00060092,0.8600,472174,-0.042100,0.03831,52313,-0.024716,0.3162,11277,,,,,,
14:31381351:T:C,SBP,0.014390,9.617e-9,425740,0.013500,3.482e-8,425743,0.0096464,0.02681,318398,0.0026121,0.1900,472174,-0.0014000,0.9193,52313,0.0071800,0.6021,11275,-0.0092201,0.5903,18536,0.016384,0.3388,18536
8:68919463:C:A,SBP,0.0074980,0.007438,425740,0.0047190,0.08415,425743,0.013693,0.01898,318398,0.00097438,0.6600,472174,-0.0061000,0.6842,52313,0.016009,0.2275,11277,0.019715,0.06552,18536,0.011857,0.2680,18536
1:10732274:G:C,SBP,-0.017630,1.593e-11,425740,-0.0054730,0.03197,425743,-0.018822,0.00008596,318398,-0.0013172,0.5100,472174,,,,,,,,,,,,
10:118523933:A:G,SBP/DBP,0.017210,8.966e-10,425740,0.015860,7.042e-9,425743,0.015215,0.005645,318398,-0.0016491,0.4500,472174,0.027900,0.07096,52313,0.0097640,0.4632,11277,-0.0021745,0.8334,18536,-0.016644,0.1075,18536
11:116097136:T:A,SBP/DBP,0.0037890,0.1661,425740,-0.00085040,0.7500,425743,0.010454,0.03718,318398,-0.0018497,0.4000,472174,0.014300,0.3260,52313,0.013694,0.3051,11277,-0.0061902,0.5687,18536,-0.0010628,0.9221,18536
11:1861760:T:C,SBP,0.015330,0.00005155,425740,0.011450,0.001929,425743,0.019183,0.005256,318398,0.0025858,0.3800,472174,,,,0.011249,0.5576,11277,0.015800,0.3185,18536,0.0037598,0.8124,18536
1:113435012:C:A,SBP/DBP,0.0080730,0.002746,425740,0.0055480,0.03486,425743,0.019693,0.0005025,318398,0.0010613,0.6000,472174,0.024200,0.07590,52313,0.0063500,0.6233,11276,-0.011835,0.2391,18536,-0.0033697,0.7375,18536
7:46437154:G:T,SBP,0.032040,6.785e-12,425740,0.0049420,0.2778,425743,0.011971,0.3348,318398,-0.0019940,0.5800,472174,0.024600,0.3939,52313,-0.028842,0.1412,11277,0.015706,0.2952,18536,0.0077756,0.6043,18536
8:143326237:A:G,SBP,-0.013810,5.871e-8,425740,-0.011960,0.000001460,425743,-0.012916,0.009287,318398,0.0027176,0.1800,472174,-0.0042000,0.7548,52313,0.015522,0.2562,11277,0.0069216,0.4958,18536,-0.0033648,0.7405,18536
1:218546170:A:C,SBP,0.015090,2.977e-8,425740,0.026830,5.065e-24,425743,0.022246,0.00004346,318398,0.00047302,0.8200,472174,0.046800,0.0007132,52313,-0.0038070,0.7740,11277,-0.0081965,0.4288,18536,-0.0065315,0.5283,18536
11:120302729:C:T,SBP,-0.021020,5.499e-8,425740,-0.0019360,0.6079,425743,-0.028587,0.0001027,318398,0.0054879,0.05600,472174,-0.043300,0.06829,52313,-0.011117,0.4631,11277,-0.017698,0.2820,18536,-0.0030404,0.8534,18536
10:62390726:T:C,SBP,-0.010510,0.00003889,425740,-0.0029520,0.2362,425743,-0.0089597,0.03114,318398,-0.0010378,0.6000,472174,-0.019100,0.1550,52313,0.013480,0.2940,11277,-0.023111,0.01977,18536,-0.022437,0.02366,18536
3:135949737:T:G,SBP,0.0082660,0.0009995,425740,-0.00082980,0.7348,425743,0.021224,0.00002098,318398,0.0032854,0.1000,472174,,,,,,,0.0091712,0.3893,18536,0.017050,0.1095,18536
14:50858612:C:T,SBP,-0.010070,0.0008377,425740,-0.0057710,0.04973,425743,-0.013903,0.02015,318398,-0.00099406,0.6800,472174,-0.018600,0.2499,52313,0.0029290,0.8669,11277,-0.0027182,0.8462,18536,-0.0076943,0.5830,18536
15:90027296:G:A,SBP/DBP,-0.015610,0.00002365,425740,-0.010390,0.003904,425743,-0.015873,0.01759,318398,0.0013821,0.6300,472174,,,,,,,-0.025557,0.1354,18536,-0.019465,0.2555,18536
17:7295071:T:C,SBP,0.014480,0.00004168,425740,0.011800,0.0006187,425743,0.012883,0.1704,318398,0.00081768,0.7700,472174,-0.0056000,0.7610,52313,-0.015242,0.2632,11277,,,,,,
4:157031395:G:T,SBP/DBP,0.012160,0.00001154,425740,0.012130,0.000007332,425743,0.010758,0.1453,318398,-0.0025441,0.2400,472174,0.020900,0.1540,52313,0.017314,0.2632,11277,0.0042645,0.7120,18536,0.0035928,0.7558,18536
8:74230167:A:C,SBP,-0.025760,9.927e-13,425740,-0.0096410,0.006202,425743,-0.014889,0.03269,318398,-0.011562,0.4500,472174,,,,,,,,,,,,
4:111686614:TG:T,SBP,-0.028420,1.086e-12,425740,0.00013240,0.9729,425743,0.017451,0.09993,318398,,,,0.044700,0.01858,52313,0.020870,0.3002,11277,,,,,,
21:33671140:T:C,SBP/DBP/HYPERTENSION,-0.024660,0.0009006,425740,-0.016180,0.02551,425743,-0.038259,0.006474,318398,-0.0017725,0.6600,472174,-0.037000,0.1664,52313,-0.0044310,0.8405,11277,,,,,,
7:150068620:C:T,SBP,-0.017630,2.710e-10,425740,-0.0095000,0.0004846,425743,-0.020783,0.0006934,318398,0.0098266,0.00001300,472174,-0.034900,0.01426,52313,0.0046740,0.7262,11277,0.0096528,0.3653,18536,0.017431,0.1021,18536
17:43798360:A:G,SBP/DBP,,,,,,,,,,0.0030802,0.2100,472174,,,,,,,0.0033713,0.8720,18536,0.015364,0.4627,18536
5:158013856:T:C,SBP,0.015400,5.885e-7,425740,0.00011070,0.9706,425743,0.030047,9.889e-7,318398,0.00055299,0.8200,472174,0.040500,0.04592,52313,0.0069480,0.6155,11277,0.016561,0.1026,18536,0.012101,0.2330,18536
4:120917346:T:G,SBP,0.013620,5.548e-7,425740,-0.0033390,0.2083,425743,0.014505,0.001973,318398,-0.0043042,0.04700,472174,0.0077000,0.5989,52313,-0.027243,0.08642,11277,0.0061007,0.6315,18536,0.0054912,0.6660,18536
1:41865293:A:G,SBP,0.0080990,0.002606,425740,0.010050,0.0001278,425743,0.012174,0.02061,318398,-0.0020210,0.3300,472174,0.022900,0.09771,52313,-0.016871,0.1973,11277,-0.0061059,0.5404,18536,-0.0084381,0.3976,18536
2:242410257:CAGG:C,SBP,0.018420,1.354e-12,425740,0.0025420,0.3159,425743,0.016739,0.002149,318398,,,,0.011200,0.4310,52313,-0.0084770,0.5723,11275,,,,,,
10:18572142:C:G,SBP/DBP,-0.0088670,0.0007440,425740,-0.0089030,0.0005163,425743,-0.010940,0.04869,318398,-0.000027050,0.9900,472174,-0.00090000,0.9472,52313,0.0062210,0.6470,11277,,,,,,
16:87993677:A:G,SBP,-0.0094810,0.0009744,425740,-0.0033450,0.2329,425743,-0.0089597,0.04023,318398,0.0078614,0.0002200,472174,-0.015600,0.2510,52313,0.0022880,0.8666,11277,-0.031667,0.004528,18536,-0.020543,0.06554,18536
7:150500520:C:T,SBP,0.0096140,0.0009410,425740,0.0094990,0.0008066,425743,0.020917,0.00006023,318398,-0.0018301,0.4000,472174,0.016100,0.2459,52313,0.021229,0.1372,11277,-0.0065664,0.5856,18536,0.0069422,0.5644,18536
6:140383733:T:G,SBP,0.013520,7.605e-7,425740,-0.0060010,0.02447,425743,0.015520,0.004188,318398,0.0013360,0.5400,472174,0.020100,0.1670,52313,0.021634,0.1464,11277,-0.0048904,0.6759,18536,-0.024074,0.03957,18536
12:53453456:C:T,SBP,-0.029490,0.000003460,425740,-0.031110,5.165e-7,425743,-0.028587,0.01365,318398,-0.0033255,0.4500,472174,-0.093800,0.0003751,52313,-0.00046900,0.9914,11277,0.028320,0.3280,18536,0.025156,0.3849,18536
7:156312739:G:A,SBP,0.023700,1.006e-18,425740,0.022340,1.327e-17,425743,0.021734,0.000008196,318398,-0.0013924,0.5100,472174,0.034200,0.01185,52313,,,,,,,,,
14:94466910:G:T,SBP,-0.010060,0.0001944,425740,0.0047760,0.06964,425743,0.0017014,0.8118,318398,-0.0011964,0.5600,472174,-0.0068000,0.6340,52313,-0.0074440,0.5702,11277,-0.00086813,0.9316,18536,0.0035913,0.7225,18536
10:115697178:A:G,SBP,0.015340,1.366e-9,425740,0.010370,0.00002673,425743,0.017350,0.0002701,318398,-0.0027810,0.1700,472174,0.0078000,0.5676,52313,-0.024518,0.07100,11276,0.012642,0.3339,18536,0.0033212,0.7996,18536
9:131940019:G:A,SBP,-0.014300,0.000001347,425740,-0.0067390,0.01952,425743,-0.020783,0.0002347,318398,0.0014910,0.4900,472174,,,,0.0037300,0.8049,11277,,,,,,
16:11945778:C:A,SBP,-0.010380,0.00007249,425740,-0.011810,0.000003719,425743,-0.014889,0.002397,318398,-0.0089333,0.00001600,472174,-0.0080000,0.5561,52313,-0.016279,0.2072,11277,0.0090251,0.3697,18536,0.016646,0.09802,18536
6:147576580:G:A,SBP,0.010140,0.00006741,425740,0.0033000,0.1837,425743,0.010151,0.1349,318398,0.0012585,0.5400,472174,-0.0021000,0.8738,52313,0.020955,0.1069,11277,0.015101,0.1584,18536,0.021618,0.04347,18536
7:150272635:A:C,SBP,0.0081810,0.001662,425740,0.0084640,0.0008506,425743,0.026652,4.170e-7,318398,-0.0046844,0.02300,472174,-0.0072000,0.6007,52313,0.0077450,0.5414,11277,0.018450,0.06774,18536,0.016641,0.09943,18536
8:76767584:A:G,SBP,-0.015240,1.995e-8,425740,0.0024710,0.3508,425743,-0.015873,0.001584,318398,0.0034109,0.1100,472174,-0.011500,0.4134,52313,0.0047520,0.7363,11277,-0.026751,0.04796,18536,-0.013468,0.3194,18536
14:39860189:C:T,SBP,0.0090710,0.0004245,425740,0.0068160,0.006629,425743,0.0032051,0.6372,318398,0.00097601,0.6400,472174,0.024100,0.08196,52313,-0.0020080,0.8896,11277,0.025114,0.03200,18536,0.014835,0.2053,18536
6:151991200:G:C,SBP,0.016200,8.153e-9,425740,0.0052100,0.05739,425743,0.011263,0.1314,318398,0.0016040,0.4600,472174,0.0022000,0.8731,52313,-0.00097500,0.9418,11277,0.021592,0.03391,18536,0.016264,0.1101,18536
3:197070959:G:A,SBP,0.011460,0.00004178,425740,0.0080100,0.003335,425743,0.023166,0.00009791,318398,-0.0022162,0.3200,472174,0.0036000,0.8021,52313,0.011899,0.3704,11277,-0.0035348,0.7385,18536,0.0063798,0.5469,18536
8:26382839:C:T,SBP/DBP,0.017650,1.809e-7,425740,0.017200,1.857e-7,425743,0.014911,0.03788,318398,0.0017825,0.5000,472174,0.0091000,0.5721,52313,0.032735,0.04918,11275,0.017317,0.1889,18536,0.024397,0.06419,18536
11:44041968:A:G,SBP,-0.017550,2.003e-10,425740,0.0027210,0.3118,425743,-0.013903,0.06071,318398,0.000012330,1.000,472174,-0.0071000,0.6645,52313,0.027297,0.04165,11276,-0.010539,0.3234,18536,-0.022113,0.03826,18536
2:169757541:G:A,SBP,0.014100,2.574e-7,425740,-0.013660,3.094e-7,425743,-0.0069756,0.3373,318398,-0.00085784,0.6900,472174,-0.0046000,0.7535,52313,0.011868,0.4950,11277,-0.0010251,0.9371,18536,0.0027505,0.8324,18536
2:55715227:G:A,SBP,-0.016690,0.000001206,425740,-0.010680,0.001441,425743,-0.020783,0.001438,318398,0.0026707,0.3000,472174,-0.010400,0.5548,52313,0.0022580,0.8729,11276,-0.010531,0.3657,18536,-0.0037153,0.7496,18536
2:60608759:T:C,SBP,0.0044920,0.07824,425740,-0.00024450,0.9217,425743,0.012174,0.07170,318398,-0.0040737,0.04800,472174,-0.013300,0.3346,52313,-0.011849,0.4859,11277,0.023819,0.07183,18536,0.015193,0.2509,18536
6:122153737:A:G,SBP/DBP,-0.024280,1.024e-8,425740,0.046020,9.219e-29,425743,0.0049120,0.6646,318398,-0.0030546,0.3500,472174,,,,,,,-0.041717,0.008090,18536,0.021197,0.1784,18536
12:19889546:G:A,SBP,0.018930,7.612e-8,425740,0.0058520,0.08837,425743,0.013592,0.04691,318398,-0.00020321,0.9400,472174,0.022400,0.2245,52313,-0.0030580,0.8446,11277,-0.0026055,0.8184,18536,-0.012906,0.2554,18536
2:161359264:G:A,SBP,0.021620,0.000001047,425740,0.0016220,0.7072,425743,0.021837,0.02896,318398,0.00060571,0.8500,472174,0.0089000,0.6563,52313,-0.016701,0.4157,11277,-0.032967,0.03117,18536,-0.0026808,0.8609,18536
2:138386595:G:A,SBP,0.0085440,0.002557,425740,0.00013750,0.9603,425743,0.016434,0.002028,318398,-0.0033053,0.1400,472174,0.020300,0.1617,52313,0.016884,0.2081,11277,-0.011213,0.2807,18536,-0.0071202,0.4934,18536
10:48411796:G:T,SBP/DBP/HYPERTENSION,,,,,,,,,,-0.0014357,0.6500,472174,,,,,,,0.018437,0.3476,18536,-0.012599,0.5209,18536
20:17563138:G:C,SBP/DBP,0.021500,7.155e-7,425740,0.0087620,0.03828,425743,0.025523,0.003293,318398,-0.0030648,0.3700,472174,0.032300,0.1736,52313,-0.011802,0.7452,11277,0.019750,0.5440,18536,-0.010875,0.7383,18536
2:239864510:C:T,SBP,0.016020,3.187e-10,425740,0.0055230,0.02624,425743,0.016434,0.0009186,318398,0.000060460,0.9800,472174,0.010600,0.4433,52313,0.0084900,0.5421,11277,0.0011533,0.9169,18536,0.0066149,0.5496,18536
2:242255378:G:A,SBP,0.018770,2.847e-13,425740,0.00059520,0.8124,425743,0.016943,0.0007813,318398,-0.0010276,0.6100,472174,0.016500,0.2262,52313,-0.0072010,0.6116,11277,-0.00042594,0.9740,18536,-0.0089914,0.4915,18536
2:242410081:T:C,SBP,0.018390,1.134e-12,425740,0.0025220,0.3172,425743,0.016536,0.002359,318398,-0.00023548,0.9100,472174,,,,,,,0.00061901,0.9572,18536,-0.010967,0.3414,18536
2:242404661:T:C,SBP,0.018430,1.012e-12,425740,0.0025530,0.3115,425743,0.016638,0.002318,318398,-0.00023236,0.9100,472174,0.011200,0.4310,52313,-0.0093180,0.5339,11276,-0.000033147,0.9977,18536,-0.011222,0.3327,18536
5:214413:C:T,SBP,-0.0094460,0.0001973,425740,-0.0078730,0.001468,425743,-0.027615,4.818e-8,318398,-0.0039303,0.05000,472174,-0.023600,0.08083,52313,,,,-0.026146,0.01313,18536,-0.022060,0.03638,18536
2:164454604:C:T,SBP,0.0094790,0.02242,425740,0.015860,0.00009027,425743,0.016333,0.01270,318398,0.0021284,0.5300,472174,0.043000,0.01388,52313,0.0045430,0.8533,11277,0.032727,0.04417,18536,0.017480,0.2824,18536
10:89617157:A:G,SBP,0.013630,0.00002639,425740,-0.0082870,0.008795,425743,0.017859,0.003838,318398,0.0030012,0.2200,472174,0.011400,0.5260,52313,0.024175,0.1329,11265,-0.0012792,0.9138,18536,0.0012287,0.9172,18536
15:69563173:CA:C,SBP,-0.018980,3.211e-12,425740,-0.016940,1.784e-10,425743,-0.022739,0.00001239,318398,,,,-0.010200,0.4686,52313,0.0063220,0.6245,11277,,,,,,
18:3457606:C:T,SBP,-0.024350,1.248e-7,425740,-0.0085420,0.05729,425743,-0.033435,0.0001268,318398,0.000093080,0.9800,472174,-0.038800,0.04881,52313,0.00073900,0.9860,11277,,,,,,
4:55102559:T:A,SBP,0.011020,0.0004927,425740,-0.0098350,0.001433,425743,0.0032051,0.7047,318398,0.0036382,0.1300,472174,0.00090000,0.9548,52313,0.035599,0.01763,11277,-0.00048637,0.9663,18536,-0.0024224,0.8333,18536
12:2436797:A:G,SBP,0.010550,0.00004517,425740,0.0013700,0.5870,425743,0.013085,0.009688,318398,-0.00084815,0.6800,472174,0.018800,0.1656,52313,-0.0020520,0.8736,11277,-0.0019792,0.8454,18536,-0.015181,0.1347,18536
2:242401002:T:C,SBP,0.018510,8.373e-13,425740,0.0025610,0.3102,425743,0.016739,0.002124,318398,-0.00024574,0.9100,472174,0.011300,0.4252,52313,-0.0091560,0.5420,11277,0.00039405,0.9729,18536,-0.010587,0.3619,18536
2:242399927:G:A,SBP,0.018380,1.230e-12,425740,0.0024480,0.3321,425743,0.016536,0.002491,318398,-0.00034594,0.8700,472174,0.011200,0.4299,52313,-0.0088870,0.5541,11276,0.00089087,0.9389,18536,-0.010501,0.3660,18536
2:73403040:T:C,SBP,0.0082270,0.001255,425740,0.010200,0.00004139,425743,0.023576,0.000002253,318398,-0.0026703,0.1800,472174,0.018100,0.1827,52313,-0.014044,0.2900,11267,0.021090,0.04511,18536,0.017483,0.09671,18536
8:77220973:G:C,SBP,0.014250,3.994e-8,425740,0.0056840,0.02470,425743,0.015926,0.0002992,318398,-0.0032461,0.1100,472174,0.0087000,0.5223,52313,,,,,,,,,
21:37692507:C:T,SBP/DBP,0.020950,0.000001712,425740,0.015890,0.0001979,425743,0.021428,0.007951,318398,0.00015248,0.9600,472174,0.033400,0.06903,52313,0.064973,0.02867,11277,0.0031214,0.9121,18536,0.052328,0.06434,18536
6:143627597:G:T,SBP,-0.016630,1.663e-10,425740,0.011770,0.000003527,425743,-0.0029955,0.6907,318398,-0.0037143,0.07500,472174,0.0011000,0.9351,52313,0.011668,0.5312,11277,,,,,,
2:242411836:G:A,SBP,0.018440,1.304e-12,425740,0.0025920,0.3067,425743,0.016638,0.002405,318398,-0.00019109,0.9300,472174,0.011200,0.4310,52313,-0.0092000,0.5399,11272,,,,,,
18:722868:A:G,SBP,0.017050,6.637e-9,425740,0.010560,0.0002302,425743,0.013085,0.02804,318398,0.0042891,0.04200,472174,0.014600,0.3103,52313,0.0014660,0.9173,11277,-0.0040376,0.8106,18536,-0.015485,0.3580,18536
11:8662649:A:G,SBP,-0.0052500,0.2862,425740,-0.015890,0.0009373,425743,0.0032051,0.8077,318398,-0.0014446,0.7100,472174,0.012000,0.6105,52313,-0.025951,0.2938,11277,-0.016732,0.4245,18536,0.00067224,0.9744,18536
2:242443091:G:A,SBP,0.016940,5.443e-10,425740,0.0032810,0.2178,425743,0.014809,0.01137,318398,-0.00071726,0.7300,472174,,,,,,,0.0030994,0.7934,18536,-0.0055465,0.6393,18536
2:242411407:A:G,SBP,0.018420,1.040e-12,425740,0.0025610,0.3099,425743,0.016536,0.002372,318398,-0.00018752,0.9300,472174,,,,-0.010302,0.4925,11259,,,,,,
2:242410784:G:A,SBP,0.018410,1.077e-12,425740,0.0025550,0.3111,425743,0.016536,0.002370,318398,-0.00018307,0.9300,472174,0.011700,0.4119,52313,-0.0099760,0.5063,11265,0.0012929,0.9108,18536,-0.011359,0.3253,18536
2:242416009:C:T,SBP,0.018420,1.144e-12,425740,0.0025700,0.3089,425743,0.016536,0.002417,318398,-0.00018367,0.9300,472174,0.011200,0.4310,52313,-0.010013,0.5047,11274,0.00050519,0.9645,18536,-0.011453,0.3130,18536
2:242424110:T:C,SBP,0.018380,2.492e-12,425740,0.0026780,0.2953,425743,0.016434,0.002920,318398,-0.00014540,0.9400,472174,0.011400,0.4224,52313,-0.0089600,0.5519,11276,0.00045507,0.9680,18536,-0.011571,0.3073,18536
10:61566323:T:C,SBP,-0.010780,0.00003871,425740,0.00057600,0.8216,425743,-0.014889,0.002081,318398,-0.00018439,0.9300,472174,0.0065000,0.6363,52313,0.021796,0.08766,11277,-0.022288,0.02488,18536,-0.014839,0.1353,18536
2:242396804:T:C,SBP,0.018640,2.608e-11,425740,0.0057880,0.03385,425743,0.023064,0.00002043,318398,0.00042517,0.8500,472174,,,,,,,,,,,,
2:242404135:G:T,SBP,0.018130,2.687e-12,425740,0.0025680,0.3098,425743,0.016129,0.003557,318398,-0.00054011,0.8000,472174,0.016700,0.2485,52313,-0.011541,0.5097,11276,-0.011781,0.3869,18536,-0.020559,0.1311,18536
2:242413908:A:C,SBP,0.018400,9.310e-13,425740,0.0025430,0.3115,425743,0.016536,0.002370,318398,-0.00023294,0.9100,472174,0.011200,0.4310,52313,-0.0095610,0.5185,11273,0.00060171,0.9577,18536,-0.011425,0.3142,18536
2:242415617:A:G,SBP,0.018440,1.437e-12,425740,0.0025940,0.3070,425743,0.016638,0.002460,318398,-0.00019432,0.9300,472174,,,,,,,-0.00074695,0.9481,18536,-0.011856,0.3016,18536
9:119359745:G:A,SBP,-0.010050,0.0002197,425740,-0.010960,0.00003602,425743,-0.014889,0.005981,318398,0.0053013,0.01100,472174,-0.00070000,0.9626,52313,-0.011687,0.3804,11276,-0.029138,0.01197,18536,-0.018831,0.1043,18536
1:49052423:T:C,SBP,-0.015560,0.00001563,425740,-0.0075260,0.03220,425743,-0.014889,0.02261,318398,0.0026223,0.3500,472174,-0.0020000,0.9096,52313,0.016382,0.4663,11276,-0.0036561,0.8332,18536,0.014568,0.4015,18536
6:170702502:A:G,SBP,0.025730,6.601e-13,425740,0.013480,0.0001134,425743,0.038949,1.650e-8,318398,-0.00040130,0.8900,472174,0.024800,0.3360,52313,-0.0039020,0.8196,11276,0.00076657,0.9537,18536,0.0049077,0.7103,18536
2:242409895:A:G,SBP,0.018390,1.146e-12,425740,0.0025220,0.3172,425743,0.016536,0.002346,318398,-0.00021304,0.9200,472174,,,,-0.0078730,0.6004,11224,0.00061901,0.9572,18536,-0.010967,0.3414,18536
7:123296605:T:A,SBP,-0.014500,1.409e-7,425740,-0.0066130,0.01387,425743,-0.027615,4.288e-7,318398,-0.011344,1.700e-7,472174,-0.035700,0.03826,52313,0.0030010,0.8565,11277,-0.018020,0.1819,18536,-0.026624,0.04859,18536
2:242396033:A:G,SBP,0.018220,2.323e-12,425740,0.0023540,0.3529,425743,0.016536,0.002592,318398,-0.0011399,0.5800,472174,0.016900,0.2437,52313,-0.010833,0.5315,11277,-0.013152,0.3326,18536,-0.021677,0.1103,18536
10:78237181:T:C,SBP,0.020880,1.641e-10,425740,0.010520,0.0009586,425743,0.010353,0.04068,318398,0.0015010,0.5500,472174,0.012200,0.4610,52313,0.011126,0.3883,11276,,,,,,
10:12277992:C:T,SBP,-0.00052100,0.8351,425740,0.0063030,0.009812,425743,-0.015873,0.002526,318398,-0.0014785,0.4600,472174,-0.030500,0.02364,52313,-0.010943,0.3843,11277,-0.0059612,0.5350,18536,-0.0075644,0.4311,18536
1:219741820:G:A,SBP,-0.014970,8.568e-8,425740,0.013710,4.929e-7,425743,-0.023717,0.000002289,318398,0.00076352,0.7300,472174,-0.039300,0.007687,52313,0.042327,0.005603,11277,0.0042610,0.7050,18536,0.025534,0.02331,18536
2:242409933:A:G,SBP,0.018390,1.148e-12,425740,0.0025220,0.3172,425743,0.016536,0.002347,318398,-0.00021695,0.9200,472174,0.011100,0.4360,52313,-0.0091900,0.5404,11268,0.00061901,0.9572,18536,-0.010967,0.3414,18536
1:151084090:T:C,SBP,-0.022480,6.574e-12,425740,-0.0055930,0.07984,425743,-0.021761,0.003222,318398,-0.0033269,0.1900,472174,-0.028600,0.08446,52313,-0.021463,0.2223,11276,,,,,,
2:242428809:G:T,SBP,0.018240,5.368e-12,425740,0.0027730,0.2824,425743,0.016231,0.003547,318398,-0.00015625,0.9400,472174,0.013600,0.3408,52313,-0.0079480,0.5994,11277,0.00046139,0.9675,18536,-0.011555,0.3079,18536
2:242418808:G:T,SBP,0.018380,1.297e-12,425740,0.0025680,0.3094,425743,0.016536,0.002515,318398,-0.00017814,0.9300,472174,0.011200,0.4310,52313,-0.0089740,0.5513,11277,0.00052467,0.9631,18536,-0.011459,0.3127,18536
1:236337059:T:C,SBP,-0.017120,0.000001219,425740,-0.014840,0.00001616,425743,-0.017840,0.01106,318398,-0.00026024,0.9300,472174,-0.014700,0.3819,52313,0.015413,0.3514,11276,-0.042887,0.004747,18536,-0.011052,0.4668,18536
8:129170126:C:G,SBP,-0.012730,0.000004584,425740,-0.0010730,0.6923,425743,-0.017840,0.0007715,318398,-0.0022435,0.2900,472174,-0.014300,0.3262,52313,0.020074,0.1312,11277,-0.0098553,0.3503,18536,-0.0026950,0.7984,18536
2:242425585:T:G,SBP,0.018380,2.496e-12,425740,0.0026780,0.2953,425743,0.016434,0.002918,318398,-0.00017329,0.9300,472174,0.011300,0.4250,52313,,,,0.00049683,0.9650,18536,-0.011538,0.3089,18536
6:16324322:A:G,SBP,0.010930,0.00003028,425740,-0.0032930,0.1976,425743,0.017350,0.001479,318398,-0.0035789,0.08300,472174,0.013100,0.3646,52313,0.0094710,0.5236,11277,0.0024541,0.8438,18536,0.0052592,0.6729,18536
2:177572192:G:A,SBP/DBP,0.013180,3.016e-7,425740,0.0083540,0.0008688,425743,0.019387,0.0002837,318398,-0.0032415,0.1100,472174,0.012100,0.3718,52313,-0.018444,0.1549,11277,-0.011280,0.3179,18536,-0.0055307,0.6243,18536
4:2176454:G:A,SBP,0.012360,0.001949,425740,0.019000,0.000001053,425743,0.028502,0.0006380,318398,-0.024446,8.900e-14,472174,0.021900,0.3400,52313,-0.021628,0.2054,11277,0.0038297,0.7581,18536,-0.0016828,0.8924,18536
18:60845884:T:C,SBP,-0.010290,0.00008829,425740,-0.0033240,0.1942,425743,-0.019803,0.0006785,318398,0.0019465,0.3500,472174,-0.0020000,0.8827,52313,0.0023240,0.8565,11277,-0.011780,0.2320,18536,-0.0085500,0.3857,18536
9:38095909:C:T,SBP,-0.015210,1.092e-8,425740,-0.00086880,0.7378,425743,-0.0069756,0.3245,318398,-0.0019819,0.3300,472174,0.0032000,0.8116,52313,-0.0086530,0.5124,11277,0.0013425,0.8932,18536,0.0011061,0.9119,18536
1:94051350:A:C,SBP,-0.014530,0.000001600,425740,-0.0049630,0.09290,425743,-0.019803,0.001422,318398,-0.00082434,0.7300,472174,-0.015700,0.3441,52313,0.013836,0.5837,11277,0.012198,0.5348,18536,0.0087326,0.6568,18536
2:242400597:A:G,SBP,0.017850,6.116e-12,425740,0.0022960,0.3647,425743,0.016028,0.003783,318398,-0.00083222,0.6900,472174,0.016700,0.2492,52313,-0.012537,0.4741,11277,-0.011686,0.3811,18536,-0.020028,0.1333,18536
6:137726614:C:G,SBP,0.011260,0.00005755,425740,0.0055680,0.04138,425743,0.018571,0.0005068,318398,-0.0031906,0.1300,472174,0.013700,0.3146,52313,0.0015590,0.9152,11277,0.012180,0.2693,18536,0.0028221,0.7980,18536
7:73898586:G:T,SBP,-0.012400,0.000003351,425740,-0.0090890,0.0004762,425743,-0.020783,0.00004582,318398,0.0027683,0.1900,472174,-0.0026000,0.8605,52313,0.0094610,0.4572,11277,0.0040979,0.6971,18536,-0.0074722,0.4778,18536
9:136906752:G:A,SBP,-0.018270,3.604e-9,425740,-0.0084840,0.004965,425743,-0.014889,0.005782,318398,-0.000064690,0.9800,472174,-0.020100,0.1696,52313,-0.015269,0.3696,11277,-0.023008,0.1601,18536,-0.013762,0.4008,18536
11:72006086:C:T,SBP,0.022530,0.000004981,425740,0.021440,0.000008384,425743,0.0082338,0.5315,318398,0.0088399,0.01800,472174,0.0097000,0.6578,52313,0.015160,0.5129,11277,0.034966,0.04665,18536,0.050997,0.003714,18536
11:68097049:G:A,SBP,-0.010560,0.00005546,425740,-0.0037070,0.1470,425743,-0.016857,0.002903,318398,-0.0019726,0.3300,472174,-0.022600,0.1106,52313,0.0012320,0.9412,11277,0.021441,0.1031,18536,0.018396,0.1619,18536
3:14988585:A:G,SBP,-0.016690,0.000001589,425740,-0.0037300,0.2715,425743,-0.030529,0.00004544,318398,0.0010118,0.6900,472174,-0.00090000,0.9550,52313,-0.0058170,0.7686,11277,-0.0035381,0.8547,18536,0.0021703,0.9106,18536
18:38593162:C:T,SBP,0.0031780,0.2188,425740,0.0043780,0.08238,425743,0.012781,0.06285,318398,-0.0021011,0.3100,472174,0.0036000,0.7921,52313,0.00062500,0.9638,11276,-0.0060789,0.5734,18536,-0.000058186,0.9957,18536
11:120067082:G:A,SBP,-0.014980,5.104e-8,425740,-0.0082150,0.002189,425743,-0.021761,0.00003883,318398,-0.0011373,0.5800,472174,0.0045000,0.7428,52313,-0.019151,0.1771,11277,-0.021017,0.05123,18536,-0.026351,0.01452,18536
15:85569533:T:C,SBP,-0.012020,0.0009007,425740,-0.0023570,0.5045,425743,-0.019803,0.003803,318398,0.00030465,0.9100,472174,-0.032100,0.06295,52313,-0.018574,0.1932,11277,-0.012372,0.2575,18536,-0.0077865,0.4760,18536
12:20094371:T:C,SBP,-0.028030,1.506e-7,425740,0.0091850,0.07770,425743,-0.0039920,0.8006,318398,0.0032741,0.3400,472174,-0.018100,0.4386,52313,0.015147,0.6376,11276,,,,,,
3:70266538:T:C,SBP,-0.012710,0.00001734,425740,-0.00032570,0.9101,425743,-0.014889,0.02213,318398,-0.0018077,0.4400,472174,0.0053000,0.7387,52313,0.023511,0.2566,11277,-0.017818,0.2926,18536,0.0018915,0.9110,18536
2:242428910:G:A,SBP,0.018100,7.949e-12,425740,0.0025500,0.3233,425743,0.016129,0.003657,318398,-0.00046729,0.8200,472174,0.013500,0.3435,52313,-0.0085020,0.5744,11277,0.00033571,0.9764,18536,-0.011689,0.3029,18536
4:45143666:AATTATGATTTT:A,SBP,0.017400,8.439e-12,425740,0.00061360,0.8049,425743,0.026241,8.634e-7,318398,,,,0.021600,0.1143,52313,,,,,,,,,
1:27520865:C:T,SBP,0.010390,0.00009696,425740,0.0048960,0.05972,425743,0.017248,0.0003999,318398,0.0034599,0.09700,472174,-0.00030000,0.9814,52313,0.0051470,0.7063,11277,0.024744,0.01742,18536,0.0085353,0.4121,18536
13:73237088:TG:T,SBP,-0.022230,8.416e-12,425740,-0.022290,2.167e-12,425743,-0.031499,0.000002843,318398,,,,-0.018500,0.3507,52313,-0.027873,0.09773,11277,,,,,,
5:71571858:G:C,SBP,0.014740,1.830e-7,425740,-0.012900,0.000002848,425743,0.0051130,0.4933,318398,0.00021355,0.9200,472174,,,,,,,,,,,,
9:133682031:G:GAC,SBP,-0.023860,7.646e-12,425740,0.0018380,0.5888,425743,-0.015873,0.09452,318398,,,,-0.0066000,0.7258,52313,0.0080930,0.6764,11277,,,,,,
1:27229369:G:A,SBP,0.014790,0.001683,425740,0.033040,6.381e-13,425743,0.034902,0.00004713,318398,0.0070068,0.06100,472174,0.063300,0.01131,52313,0.045515,0.1621,11277,0.058458,0.04844,18536,0.049694,0.09343,18536
8:142239318:C:A,SBP,-0.014080,1.273e-7,425740,0.0012390,0.6335,425743,-0.012916,0.02949,318398,-0.00053185,0.8000,472174,0.0014000,0.9171,52313,0.00061900,0.9695,11277,-0.015653,0.1975,18536,-0.017185,0.1571,18536
14:23475953:C:T,SBP,0.0099930,0.0001172,425740,0.013220,1.741e-7,425743,0.018164,0.0002849,318398,0.0010081,0.6200,472174,0.026800,0.05040,52313,-0.0066790,0.6109,11277,0.010380,0.3521,18536,0.0074503,0.5042,18536
9:22942770:T:C,SBP,-0.011140,0.0001265,425740,-0.0092140,0.001157,425743,-0.0019980,0.8079,318398,0.0010736,0.6400,472174,-0.011000,0.4532,52313,-0.047284,0.0003543,11277,-0.011775,0.2845,18536,-0.0013557,0.9019,18536
7:150819169:C:T,SBP,0.0095760,0.0009245,425740,0.015070,9.098e-8,425743,-0.00099950,0.8853,318398,-0.0037406,0.08800,472174,0.015000,0.2991,52313,0.013654,0.3581,11277,-0.024311,0.04044,18536,-0.021352,0.07190,18536
2:26830665:G:A,SBP,-0.015790,0.000001562,425740,-0.0031940,0.3191,425743,-0.011929,0.04637,318398,0.00093036,0.7200,472174,-0.034700,0.05466,52313,-0.00065300,0.9659,11277,0.012367,0.3898,18536,-0.000016569,0.9991,18536
16:30737905:G:A,SBP,0.017480,4.132e-8,425740,-0.011790,0.0001493,425743,0.016028,0.05825,318398,-0.0017780,0.4600,472174,0.00010000,0.9950,52313,-0.021163,0.3460,11274,-0.034411,0.2693,18536,-0.040891,0.1893,18536
7:135311167:G:A,SBP,0.017030,0.000001073,425740,0.018530,5.277e-8,425743,0.0030045,0.7449,318398,0.0010982,0.6800,472174,-0.013900,0.4328,52313,-0.037541,0.03068,11277,0.0040512,0.7639,18536,0.0026636,0.8435,18536
2:178482594:G:T,SBP,-0.013010,0.00001336,425740,-0.011200,0.0001219,425743,-0.0099503,0.2140,318398,-0.0037104,0.1200,472174,0.022600,0.2842,52313,-0.021744,0.4766,11277,,,,,,
10:102075479:G:A,SBP/DBP/HYPERTENSION,-0.00045470,0.8970,425740,0.016740,0.000001016,425743,0.033971,0.000001151,318398,-0.0028588,0.2700,472174,0.026900,0.2006,52313,0.015104,0.2361,11277,0.010104,0.3037,18536,0.0095772,0.3295,18536
2:144165610:C:G,SBP,0.012320,0.0006833,425740,0.012990,0.0002415,425743,0.015520,0.03905,318398,-0.00030369,0.9200,472174,,,,,,,,,,,,
10:21764469:C:A,SBP,0.0079800,0.004066,425740,-0.0059310,0.02857,425743,0.020203,0.0004741,318398,-0.00061075,0.7700,472174,0.034500,0.01150,52313,0.0027900,0.8347,11277,-0.0044661,0.7590,18536,0.0091044,0.5317,18536
2:242345534:T:C,SBP/HYPERTENSION,0.022620,1.246e-13,425740,0.0061300,0.03945,425743,0.028605,0.000001384,318398,0.0022689,0.3300,472174,0.0042000,0.8020,52313,-0.0090720,0.6389,11273,-0.014832,0.3697,18536,-0.014620,0.3766,18536
18:24447936:C:G,SBP,0.014940,3.827e-8,425740,0.0096760,0.0002620,425743,0.0047111,0.5115,318398,0.00049396,0.8100,472174,0.013800,0.3265,52313,0.0019580,0.8956,11276,0.011224,0.3215,18536,0.0068898,0.5428,18536
2:231270165:G:A,SBP,0.0071510,0.005498,425740,-0.0022910,0.3618,425743,0.016434,0.002134,318398,-0.00099453,0.6300,472174,0.022800,0.09618,52313,0.0077590,0.5498,11277,0.026097,0.01178,18536,0.020341,0.04963,18536
7:155527704:C:T,SBP,0.018960,6.025e-8,425740,0.0049110,0.1502,425743,0.014099,0.1292,318398,-0.0065204,0.01800,472174,0.051300,0.007955,52313,-0.017157,0.3231,11277,0.0028529,0.8257,18536,-0.0075203,0.5617,18536
18:1862817:AC:A,SBP,0.025050,1.167e-11,425740,0.010920,0.002428,425743,0.049190,9.488e-12,318398,,,,0.024700,0.1513,52313,0.020014,0.3735,11276,,,,,,
14:71421057:T:G,SBP,0.0096050,0.0003627,425740,0.0033420,0.2034,425743,0.023064,0.00003039,318398,0.0030019,0.1600,472174,0.017400,0.2261,52313,0.0041010,0.7807,11277,0.0074398,0.5150,18536,-0.0087348,0.4446,18536
4:14884329:T:C,SBP,0.0098990,0.0001008,425740,0.012180,9.272e-7,425743,0.017146,0.0006598,318398,0.0000069920,1.000,472174,0.022000,0.1088,52313,0.0087200,0.5066,11277,-0.0026343,0.7918,18536,0.0032597,0.7440,18536
1:22577197:T:C,SBP,-0.0086810,0.001064,425740,-0.0066960,0.009644,425743,-0.015873,0.0005893,318398,0.0030061,0.1500,472174,-0.022100,0.1297,52313,-0.029167,0.02632,11277,-0.0070128,0.4970,18536,-0.0020891,0.8396,18536
5:158527393:G:A,SBP,-0.020420,0.00002665,425740,-0.0061090,0.1975,425743,-0.023717,0.06836,318398,-0.000062340,0.9900,472174,-0.011300,0.6479,52313,0.028495,0.1910,11277,-0.024665,0.1204,18536,-0.024531,0.1225,18536
13:94408506:A:G,SBP,0.0044900,0.07566,425740,-0.013730,2.529e-8,425743,0.010050,0.1365,318398,-0.00083247,0.6800,472174,0.0080000,0.5697,52313,-0.0016510,0.9020,11277,0.0091840,0.3769,18536,0.0063579,0.5407,18536
20:17877073:A:G,SBP,0.0056300,0.03138,425740,0.0046160,0.07046,425743,0.013998,0.001630,318398,-0.00046212,0.8200,472174,0.026500,0.05050,52313,0.0024000,0.8588,11277,-0.0050760,0.6340,18536,0.0089757,0.3999,18536
9:112757346:A:G,SBP/DBP/HYPERTENSION,-0.0091680,0.007105,425740,-0.017670,1.046e-7,425743,-0.016857,0.003939,318398,-0.0033118,0.1900,472174,-0.071300,0.00002448,52313,-0.017735,0.2945,11277,-0.0046361,0.7370,18536,-0.020210,0.1433,18536
15:93612781:C:A,SBP,0.015460,3.123e-9,425740,0.0021080,0.4073,425743,0.012478,0.04188,318398,0.00025546,0.9000,472174,-0.0088000,0.5212,52313,,,,0.0046543,0.7877,18536,-0.0015233,0.9298,18536
13:111375132:C:T,SBP,-0.015350,0.000001652,425740,-0.00098330,0.7529,425743,-0.016857,0.01587,318398,-0.00020881,0.9400,472174,-0.032700,0.02918,52313,0.022330,0.3172,11277,-0.051661,0.004492,18536,-0.037285,0.04030,18536
3:41212753:T:C,SBP,0.0039200,0.1175,425740,0.0046500,0.05695,425743,-0.0019980,0.7550,318398,0.0018610,0.3500,472174,-0.0032000,0.8115,52313,0.011261,0.3876,11277,-0.0058329,0.5753,18536,-0.0080764,0.4379,18536
16:6889675:T:G,SBP,0.014870,1.694e-7,425740,0.0075250,0.006645,425743,0.021326,0.00002278,318398,-0.0036386,0.09700,472174,0.028100,0.05138,52313,-0.0054200,0.6954,11277,-0.013458,0.3427,18536,-0.0048855,0.7305,18536
1:193271526:T:C,SBP,0.011030,0.0001020,425740,0.0060330,0.02931,425743,0.020305,0.0001719,318398,0.0032059,0.1500,472174,0.052200,0.0002401,52313,0.018605,0.2221,11276,0.0082813,0.4907,18536,0.0099671,0.4068,18536
5:72654319:C:T,SBP,0.024270,0.000008640,425740,0.016260,0.002248,425743,0.027885,0.05483,318398,0.0036486,0.3900,472174,0.065300,0.01418,52313,0.034908,0.4027,11277,0.054606,0.1525,18536,0.069089,0.07027,18536
3:12626516:G:A,SBP,-0.010670,0.00004073,425740,-0.0061160,0.01593,425743,-0.012916,0.01146,318398,-0.00063587,0.7600,472174,-0.059500,0.00001860,52313,-0.014394,0.3565,11277,0.014056,0.2605,18536,0.00062949,0.9598,18536
13:110374305:T:C,SBP,0.0081630,0.001875,425740,0.00057610,0.8220,425743,0.017146,0.0004982,318398,0.0010853,0.6000,472174,-0.014200,0.3233,52313,-0.0080920,0.5479,11277,-0.0017525,0.8704,18536,0.0097838,0.3624,18536
2:147081666:T:C,SBP,0.010660,0.00005753,425740,0.011310,0.00001205,425743,0.022348,0.00001082,318398,0.0014947,0.4800,472174,0.0014000,0.9193,52313,0.0038450,0.7862,11276,-0.0021032,0.8548,18536,0.0033500,0.7707,18536
17:56152198:C:G,SBP,-0.021050,2.560e-10,425740,-0.0048520,0.1351,425743,-0.016857,0.008267,318398,-0.00051574,0.8400,472174,0.019300,0.2905,52313,,,,,,,,,
2:242396087:A:T,SBP,0.018460,1.760e-12,425740,0.0029410,0.2493,425743,0.018775,0.0004297,318398,-0.00085131,0.6800,472174,0.012200,0.3917,52313,-0.0059240,0.6936,11277,0.00054937,0.9628,18536,-0.010418,0.3769,18536
6:152797677:T:C,SBP,0.016480,8.457e-8,425740,0.013120,0.00001224,425743,0.022041,0.0001551,318398,0.0023963,0.3300,472174,-0.017600,0.3211,52313,-0.019837,0.1570,11277,-0.0016795,0.8774,18536,0.0081472,0.4541,18536
9:127595789:A:G,SBP,-0.027250,0.000004871,425740,0.0091710,0.1148,425743,-0.041142,0.0004750,318398,-0.010058,0.02700,472174,-0.044900,0.03625,52313,-0.0017080,0.9333,11277,0.015357,0.3321,18536,0.0080211,0.6124,18536
4:146660884:A:G,SBP,-0.014300,0.0001938,425740,0.0051100,0.1720,425743,-0.011929,0.2277,318398,-0.0064529,0.02600,472174,-0.045000,0.01152,52313,0.011637,0.5450,11277,-0.0079645,0.5726,18536,0.0082850,0.5573,18536
13:80707408:A:C,SBP/DBP,0.0098600,0.001490,425740,0.0072360,0.01685,425743,0.013998,0.01320,318398,-0.0047929,0.04700,472174,-0.0071000,0.6921,52313,-0.019834,0.1932,11277,0.013682,0.3544,18536,0.019178,0.1943,18536
19:11512373:A:G,SBP/DBP,0.017920,0.0004327,425740,0.017500,0.0004245,425743,0.025420,0.004826,318398,0.0022573,0.5600,472174,0.049000,0.01778,52313,0.0093670,0.6960,11276,0.052600,0.002582,18536,0.038718,0.02654,18536
7:106457975:C:G,SBP/DBP,0.036600,1.902e-9,425740,-0.042650,7.248e-13,425743,0.031387,0.05239,318398,0.0031548,0.4900,472174,0.022300,0.4937,52313,-0.046545,0.1400,11277,-0.011734,0.7780,18536,-0.033271,0.4242,18536
6:34190104:G:A,SBP,0.021080,0.0002373,425740,0.0070380,0.2084,425743,0.039365,0.0006123,318398,-0.0048178,0.2500,472174,0.073500,0.05055,52313,0.013194,0.6854,11277,0.031161,0.2268,18536,0.0090629,0.7252,18536
2:242442847:C:G,SBP,0.016930,5.615e-10,425740,0.0032930,0.2163,425743,0.014606,0.01272,318398,-0.00039170,0.8500,472174,-0.00090000,0.9471,52313,,,,0.0019320,0.8693,18536,-0.0070770,0.5467,18536
2:53025757:A:G,SBP,-0.0064440,0.01555,425740,-0.0031990,0.2181,425743,-0.015873,0.001083,318398,-0.00034002,0.8700,472174,-0.012300,0.3664,52313,-0.022178,0.1067,11276,0.0049395,0.6360,18536,0.0055943,0.5919,18536
2:114438772:T:C,SBP,-0.0092580,0.004350,425740,-0.0057870,0.06762,425743,-0.013903,0.01772,318398,0.0035329,0.1700,472174,-0.00090000,0.9551,52313,0.034083,0.06419,11277,0.0015588,0.9439,18536,-0.0020512,0.9263,18536
2:146171033:A:G,SBP,-0.012240,0.000003569,425740,-0.016320,2.311e-10,425743,-0.019803,0.0001219,318398,-0.0015579,0.4400,472174,,,,0.00017700,0.9901,11277,-0.0015879,0.8857,18536,0.0033824,0.7595,18536
16:86170044:T:C,SBP,-0.013270,1.856e-7,425740,-0.011740,0.000002263,425743,-0.011929,0.008918,318398,-0.00067804,0.7400,472174,-0.020100,0.1599,52313,0.0086660,0.5051,11277,-0.00085316,0.9333,18536,-0.026682,0.008845,18536
3:196228360:C:A,SBP,-0.0063410,0.01791,425740,-0.0071200,0.006423,425743,0.0064206,0.3707,318398,0.0010331,0.6200,472174,0.0083000,0.5662,52313,-0.0022570,0.8652,11277,0.019194,0.07975,18536,0.022376,0.04109,18536
7:22154454:G:A,SBP,0.0042610,0.1217,425740,0.010480,0.00009444,425743,0.021939,0.00007965,318398,-0.0017914,0.4200,472174,0.011300,0.4280,52313,-0.014753,0.5160,11277,-0.011929,0.4807,18536,-0.021695,0.1997,18536
2:159429379:A:C,SBP,-0.014830,9.741e-8,425740,-0.0089810,0.0009335,425743,-0.011929,0.01434,318398,-0.0051909,0.02200,472174,-0.043200,0.003488,52313,-0.031316,0.1352,11277,-0.0067657,0.6704,18536,-0.029622,0.06244,18536
6:7247344:C:A,SBP,-0.021040,1.799e-10,425740,0.0033750,0.2942,425743,-0.021761,0.0002828,318398,-0.0021282,0.4100,472174,,,,0.0081960,0.7512,11277,-0.011924,0.5927,18536,0.0060836,0.7849,18536
5:55804552:A:C,SBP,0.0083890,0.005804,425740,-0.0027270,0.3579,425743,0.029017,0.00001569,318398,-0.0014245,0.5500,472174,0.034000,0.02197,52313,0.020491,0.1469,11277,0.025621,0.01852,18536,0.014706,0.1765,18536
2:181882742:A:G,SBP,0.011760,0.00001202,425740,0.0016340,0.5330,425743,0.011263,0.03981,318398,-0.0034071,0.09900,472174,0.015500,0.2549,52313,0.026540,0.04246,11276,0.0099422,0.3549,18536,0.0072865,0.4978,18536
1:46021630:C:T,SBP,0.011850,0.000007308,425740,-0.0040170,0.1190,425743,0.018979,0.0004189,318398,0.0033103,0.1100,472174,0.032200,0.01786,52313,0.0029620,0.8163,11277,-0.0039655,0.6992,18536,-0.012331,0.2295,18536
7:4669949:A:G,SBP,0.016220,0.000001826,425740,0.016010,0.000001369,425743,0.015215,0.01600,318398,0.0018427,0.4700,472174,0.033600,0.02320,52313,-0.021292,0.1688,11277,0.028310,0.02847,18536,-0.0016364,0.8992,18536
12:116414606:C:T,SBP,0.012480,0.00003020,425740,-0.0064250,0.02768,425743,0.013896,0.01979,318398,0.00018034,0.9400,472174,-0.010000,0.5033,52313,-0.018320,0.2117,11277,-0.0034775,0.7955,18536,-0.0013252,0.9213,18536
9:110506031:T:C,SBP,0.018130,1.622e-12,425740,-0.0015800,0.5278,425743,0.0059175,0.3875,318398,0.00073631,0.7200,472174,-0.00090000,0.9475,52313,0.0023310,0.8715,11275,-0.021796,0.06438,18536,-0.0070005,0.5525,18536
7:16717613:G:A,SBP/DBP,0.013800,0.00002379,425740,0.014440,0.000005750,425743,0.015317,0.07863,318398,0.0011394,0.6600,472174,0.049600,0.005361,52313,0.0012780,0.9306,11277,-0.0010542,0.9248,18536,0.0025727,0.8177,18536
2:213188795:T:C,SBP,0.0092800,0.001157,425740,0.0034390,0.2170,425743,0.0047111,0.5348,318398,0.0017315,0.4400,472174,,,,,,,0.0042346,0.6810,18536,0.0020449,0.8427,18536
21:40624171:G:A,SBP,0.023570,2.927e-10,425740,0.010740,0.003230,425743,0.017655,0.07550,318398,0.0041644,0.1600,472174,,,,,,,,,,,,
1:87932732:G:A,SBP,0.015870,0.0005301,425740,0.0024670,0.5807,425743,0.018062,0.1378,318398,-0.000037210,0.9900,472174,0.024200,0.3597,52313,0.018129,0.6112,11277,0.024284,0.4001,18536,0.036437,0.2067,18536
1:204156016:C:A,SBP,-0.024320,1.407e-10,425740,-0.021290,8.533e-9,425743,-0.023717,0.002208,318398,-0.0027389,0.3500,472174,-0.0078000,0.6813,52313,-0.031675,0.1514,11277,0.0070550,0.6985,18536,0.021707,0.2334,18536
2:242403921:T:A,SBP,0.017710,3.326e-12,425740,0.0062180,0.01219,425743,0.016943,0.0006583,318398,0.0000090750,1.000,472174,,,,-0.0096040,0.4861,11215,0.0027352,0.8143,18536,-0.010497,0.3675,18536
2:242445040:T:A,SBP,0.017080,3.358e-10,425740,0.0035370,0.1824,425743,0.014403,0.01394,318398,-0.00026955,0.9000,472174,0.0010000,0.9446,52313,-0.0053190,0.7254,11277,0.0026671,0.8206,18536,-0.0055810,0.6350,18536
2:64909691:A:G,SBP,0.026200,2.804e-16,425740,0.017490,2.145e-8,425743,0.014911,0.01386,318398,0.0036309,0.1400,472174,,,,,,,-0.0067745,0.6496,18536,-0.011750,0.4307,18536
5:92047795:A:G,SBP,0.0090200,0.0005215,425740,0.00054260,0.8306,425743,0.0040080,0.5583,318398,-0.0023007,0.2500,472174,0.019900,0.1418,52313,-0.020170,0.1278,11277,0.0032683,0.7426,18536,-0.00011060,0.9911,18536
10:21037294:C:T,SBP,0.013690,1.255e-7,425740,-0.014260,1.644e-8,425743,0.0042088,0.5388,318398,0.0011876,0.5600,472174,-0.0015000,0.9144,52313,-0.0031970,0.8096,11277,-0.0026524,0.7983,18536,-0.019566,0.05946,18536
6:25001951:A:G,SBP,-0.016260,2.537e-9,425740,-0.0050380,0.05827,425743,-0.016857,0.003179,318398,0.0049535,0.01700,472174,,,,,,,,,,,,
10:104486304:G:C,SBP,-0.014270,0.000002779,425740,-0.0027240,0.3590,425743,-0.021761,0.0001013,318398,0.00017828,0.9400,472174,0.024600,0.1856,52313,-0.025423,0.1272,11277,0.0095969,0.4559,18536,0.015895,0.2169,18536
18:51866974:C:T,SBP,-0.0085180,0.04288,425740,-0.021540,1.527e-7,425743,0.0054146,0.6306,318398,-0.0094614,0.004700,472174,-0.054300,0.007989,52313,-0.0053640,0.8216,11277,-0.0079654,0.6733,18536,-0.016491,0.3828,18536
11:55273137:C:G,SBP,0.014880,0.0002480,425740,-0.00022870,0.9539,425743,0.020713,0.004041,318398,-0.0082615,0.008700,472174,0.067500,0.01430,52313,0.0090350,0.5084,11277,,,,,,
11:31834516:C:G,SBP,0.010920,0.002238,425740,0.017890,2.829e-7,425743,0.012984,0.04751,318398,0.0037010,0.1800,472174,0.019700,0.2933,52313,-0.024612,0.1578,11277,-0.0076938,0.5522,18536,0.0014018,0.9137,18536
2:242412109:T:C,SBP,0.017430,5.417e-12,425740,0.0060220,0.01457,425743,0.016841,0.0007552,318398,0.00011631,0.9500,472174,0.0049000,0.7219,52313,-0.011138,0.4181,11263,0.0041863,0.7189,18536,-0.0097923,0.3999,18536
20:30917159:T:C,SBP,0.025570,3.292e-11,425740,0.017030,0.000005880,425743,0.038637,0.000001236,318398,,,,,,,,,,,,,,,
13:25257917:C:T,SBP,0.0045190,0.2346,425740,0.011370,0.002175,425743,0.017859,0.07807,318398,-0.0027344,0.3700,472174,0.048600,0.02484,52313,0.0092640,0.6118,11277,0.028239,0.03529,18536,0.016023,0.2323,18536
18:53264343:A:G,SBP,-0.018610,7.180e-7,425740,-0.0086270,0.01850,425743,-0.019803,0.008177,318398,0.00076511,0.7900,472174,-0.028500,0.1582,52313,-0.039604,0.03335,11277,-0.0052725,0.7375,18536,0.0036351,0.8173,18536
8:57137439:G:A,SBP,0.018470,6.827e-7,425740,0.00077170,0.8316,425743,0.017960,0.03615,318398,0.00085102,0.7700,472174,0.010900,0.6038,52313,-0.039778,0.03537,11277,0.020274,0.1656,18536,0.023929,0.1018,18536
14:101175967:G:A,SBP/DBP,-0.016310,5.288e-7,425740,-0.018640,4.126e-9,425743,-0.012916,0.03148,318398,-0.00053036,0.8400,472174,-0.017200,0.2527,52313,0.0038670,0.8208,11277,-0.015434,0.2187,18536,-0.0092390,0.4616,18536
3:78755473:G:A,SBP/DBP,-0.021250,6.918e-13,425740,-0.015620,6.286e-8,425743,-0.026642,0.000007635,318398,-0.0022937,0.3200,472174,-0.018600,0.2429,52313,-0.018356,0.2547,11277,,,,,,
2:242440663:G:A,SBP,0.017780,3.587e-11,425740,0.0028250,0.2808,425743,0.015723,0.005771,318398,-0.000077660,0.9700,472174,0.011200,0.4315,52313,-0.0074620,0.6241,11277,0.0028089,0.8112,18536,-0.0067241,0.5674,18536
6:39181776:T:C,SBP,-0.0088310,0.003848,425740,-0.0082770,0.005476,425743,-0.011929,0.04899,318398,-0.0025940,0.2600,472174,-0.0050000,0.7691,52313,-0.0014300,0.9186,11277,0.0041952,0.7412,18536,-0.016592,0.1916,18536
1:172189889:T:G,SBP,0.0067200,0.02998,425740,0.0026180,0.3860,425743,0.012579,0.02131,318398,-0.0016430,0.5000,472174,0.012100,0.4656,52313,0.017931,0.2601,11277,0.00015100,0.9897,18536,-0.0064067,0.5847,18536
2:242444758:C:T,SBP,0.016870,5.594e-10,425740,0.0034470,0.1937,425743,0.014099,0.01519,318398,-0.00043646,0.8300,472174,0.0024000,0.8655,52313,-0.0065630,0.6651,11276,0.0028687,0.8072,18536,-0.0054231,0.6445,18536
3:134084041:TG:T,SBP,0.018670,4.097e-11,425740,0.0070190,0.01095,425743,0.014403,0.05476,318398,,,,-0.0090000,0.5560,52313,-0.0044700,0.8189,11277,,,,,,
7:27527099:T:C,SBP,-0.0033100,0.2360,425740,0.000089980,0.9736,425743,0.00050013,0.9446,318398,-0.00045411,0.8400,472174,-0.033800,0.02423,52313,0.0084820,0.5610,11277,-0.010140,0.4180,18536,-0.018050,0.1494,18536
15:42239779:C:T,SBP,-0.0053440,0.04418,425740,-0.00044670,0.8631,425743,-0.0099503,0.1546,318398,-0.0024671,0.2300,472174,0.018900,0.1617,52313,-0.018175,0.2348,11277,-0.0060537,0.6042,18536,-0.0021896,0.8513,18536
2:242432704:G:C,SBP,0.017610,3.783e-11,425740,0.0023720,0.3611,425743,0.015723,0.004855,318398,-0.00049239,0.8100,472174,0.012600,0.3765,52313,-0.0066470,0.6617,11277,0.00085448,0.9399,18536,-0.010849,0.3386,18536
1:169142857:A:G,HYPERTENSION,-0.013380,2.419e-7,425740,0.0075180,0.002933,425743,-0.025668,0.000008305,318398,-0.00079478,0.7000,472174,,,,,,,-0.011672,0.2795,18536,0.0035314,0.7435,18536
1:25344265:C:T,HYPERTENSION,-0.0029890,0.3556,425740,-0.0022340,0.4790,425743,-0.022739,0.00008545,318398,0.0042919,0.08300,472174,-0.066900,0.0001350,52313,0.0049840,0.7102,11277,-0.00040291,0.9677,18536,-0.0093915,0.3459,18536
8:55478939:A:T,HYPERTENSION,0.0037510,0.2205,425740,0.0021310,0.4755,425743,0.027268,0.00002465,318398,0.0044234,0.06200,472174,0.018100,0.2260,52313,0.0087260,0.6228,11277,0.00018672,0.9895,18536,-0.0019246,0.8916,18536
6:120309995:G:C,HYPERTENSION,0.0072560,0.006354,425740,0.00038130,0.8831,425743,0.023781,0.00001949,318398,-0.00029295,0.8900,472174,0.014800,0.2814,52313,0.027762,0.04302,11277,0.0073595,0.5347,18536,-0.0028060,0.8129,18536
15:86299707:C:T,HYPERTENSION,0.015970,0.0001397,425740,-0.0022890,0.5758,425743,0.026549,0.0003179,318398,0.000053860,0.9900,472174,0.031500,0.1146,52313,-0.0052800,0.8648,11277,0.0087145,0.7777,18536,0.022918,0.4579,18536
7:150502016:C:G,HYPERTENSION,0.021200,0.00003343,425740,0.020870,0.00002805,425743,0.044788,0.000003254,318398,0.0054757,0.1600,472174,0.016400,0.4133,52313,0.0032250,0.8696,11277,-0.0086317,0.5803,18536,-0.0048287,0.7571,18536
10:127729754:A:G,HYPERTENSION,-0.0071180,0.01238,425740,-0.0082450,0.002973,425743,-0.025668,5.171e-7,318398,-0.00063749,0.7700,472174,0.011100,0.4674,52313,-0.024412,0.07453,11277,0.014109,0.1694,18536,0.013232,0.1975,18536
7:150496528:C:T,HYPERTENSION,-0.0084870,0.01352,425740,-0.0017280,0.6061,425743,-0.014889,0.007205,318398,-0.00036130,0.8900,472174,-0.039500,0.03733,52313,0.0025540,0.8868,11277,-0.0088041,0.5094,18536,-0.014631,0.2729,18536
4:99941138:A:G,HYPERTENSION,-0.037730,0.00002404,425740,-0.034790,0.00006522,425743,-0.057325,0.0002104,318398,0.0091623,0.2500,472174,-0.012600,0.9043,52313,-0.012718,0.8841,11276,0.042247,0.7106,18536,0.041841,0.7133,18536
13:50513535:T:A,HYPERTENSION,0.0084240,0.02513,425740,0.029540,8.157e-16,425743,0.029326,0.00007653,318398,0.0081115,0.006000,472174,0.027600,0.1135,52313,0.033276,0.07474,11277,0.028107,0.07192,18536,0.0097238,0.5336,18536
2:242442856:G:A,SBP,0.016940,5.599e-10,425740,0.0032740,0.2190,425743,0.014606,0.01307,318398,-0.00044985,0.8300,472174,-0.00090000,0.9471,52313,-0.0051790,0.7327,11257,0.0019351,0.8692,18536,-0.0073506,0.5315,18536
3:27281146:C:T,SBP,0.033090,1.479e-8,425740,0.017190,0.002554,425743,0.036768,0.002448,318398,0.0081310,0.05700,472174,0.080000,0.001005,52313,-0.00095600,0.9728,11277,0.015494,0.4962,18536,0.025205,0.2684,18536
15:90641809:C:T,SBP,0.022590,0.000001383,425740,-0.013950,0.002247,425743,0.026139,0.008406,318398,0.0016307,0.6600,472174,,,,,,,0.021691,0.1433,18536,0.019035,0.1990,18536
3:16363689:T:A,SBP,-0.0095480,0.0002331,425740,-0.0012910,0.6100,425743,-0.021761,0.00001660,318398,-0.0029778,0.1400,472174,-0.014100,0.2993,52313,-0.018085,0.1749,11276,-0.016269,0.1426,18536,-0.011329,0.3073,18536
2:242439071:G:A,SBP,0.017540,5.924e-11,425740,0.0027150,0.2987,425743,0.015520,0.006299,318398,-0.00010494,0.9600,472174,0.011200,0.4319,52313,-0.0059170,0.6973,11277,-0.00035536,0.9760,18536,-0.0084926,0.4723,18536
7:114391406:TGTGATCCA:T,SBP,-0.017790,4.334e-11,425740,-0.010320,0.00008836,425743,-0.020783,0.00001996,318398,,,,-0.026500,0.05934,52313,0.00022000,0.9872,11277,,,,,,
2:242530571:C:T,SBP,0.025960,2.128e-12,425740,0.021860,1.330e-9,425743,0.026549,0.0008243,318398,0.00096791,0.7000,472174,,,,,,,,,,,,
5:142518675:G:A,SBP/DBP,0.0073150,0.004187,425740,0.012460,5.700e-7,425743,0.013288,0.05025,318398,0.00095107,0.6400,472174,0.028100,0.03795,52313,0.012279,0.3769,11277,0.031597,0.006841,18536,0.036049,0.002032,18536
2:20724694:G:T,SBP,-0.013010,3.997e-7,425740,-0.010590,0.00002355,425743,-0.014889,0.003410,318398,-0.0033914,0.09600,472174,-0.026000,0.05609,52313,-0.0056890,0.6692,11277,0.0037513,0.7462,18536,0.0024729,0.8311,18536
12:115108136:T:C,SBP,-0.016980,1.591e-9,425740,-0.00017450,0.9493,425743,-0.012916,0.001581,318398,-0.0031630,0.1700,472174,-0.0019000,0.9113,52313,0.0049390,0.7497,11276,-0.030919,0.01725,18536,-0.035459,0.006316,18536
10:89807339:C:T,SBP,0.016140,2.406e-8,425740,-0.0031040,0.2714,425743,0.017655,0.0007118,318398,-0.0016585,0.4700,472174,0.014400,0.3093,52313,-0.010647,0.4321,11276,-0.0050595,0.6356,18536,-0.0059977,0.5743,18536
9:89874291:G:A,SBP,-0.011920,0.0001617,425740,-0.0065990,0.03231,425743,-0.0059821,0.4596,318398,0.0017786,0.4500,472174,0.0095000,0.5625,52313,-0.019266,0.3048,11277,0.012073,0.4146,18536,0.030680,0.03814,18536
18:77164443:A:G,HYPERTENSION,-0.011740,0.00009584,425740,-0.0077280,0.008469,425743,-0.019803,0.001859,318398,0.0015505,0.5100,472174,-0.036300,0.02434,52313,0.013435,0.5547,11277,-0.048374,0.06268,18536,-0.061073,0.01877,18536
4:120928143:C:A,HYPERTENSION,0.010380,0.0001641,425740,-0.0068990,0.01021,425743,0.018673,0.0001624,318398,-0.0061054,0.005400,472174,0.019600,0.1984,52313,-0.011304,0.4824,11277,0.0054700,0.6742,18536,0.010878,0.4031,18536
12:132536057:G:T,HYPERTENSION,0.017330,0.00002128,425740,0.00021720,0.9564,425743,0.039261,0.00001016,318398,0.0029072,0.3600,472174,0.034000,0.05205,52313,-0.051632,0.0009957,11277,0.0050391,0.6816,18536,0.014195,0.2478,18536
5:122835138:A:G,HYPERTENSION,-0.021920,4.587e-16,425740,-0.0038930,0.1392,425743,-0.031499,2.977e-9,318398,0.00082060,0.7000,472174,0.012000,0.4057,52313,0.010067,0.5126,11277,-0.012234,0.3015,18536,-0.0056245,0.6348,18536
13:54247827:G:A,HYPERTENSION,-0.016210,2.819e-7,425740,-0.012550,0.00004571,425743,-0.021761,0.0001399,318398,0.0016634,0.5000,472174,-0.031500,0.04979,52313,0.012455,0.4686,11277,-0.023593,0.07979,18536,-0.0043582,0.7462,18536
18:77161324:G:A,HYPERTENSION,-0.014370,0.02007,425740,-0.025080,0.00003168,425743,-0.037296,0.004095,318398,-0.0020811,0.7100,472174,-0.094800,0.01930,52313,0.0046550,0.9190,11277,,,,,,
12:49963534:A:T,HYPERTENSION,-0.014080,0.001772,425740,0.0093340,0.03365,425743,-0.026642,0.008893,318398,0.0023361,0.5000,472174,,,,,,,,,,,,
19:6742311:G:T,HYPERTENSION,-0.010910,0.0001044,425740,-0.010900,0.00007122,425743,-0.026642,8.911e-7,318398,-0.0039108,0.07300,472174,-0.017900,0.2099,52313,0.026139,0.1146,11273,0.019139,0.2294,18536,0.012109,0.4470,18536
17:16238376:G:A,HYPERTENSION,-0.0045320,0.07660,425740,-0.015360,7.561e-10,425743,-0.014889,0.004149,318398,-0.00056156,0.7800,472174,-0.034500,0.01066,52313,-0.015599,0.2662,11276,-0.011796,0.2927,18536,0.0011307,0.9197,18536
6:107318707:G:A,HYPERTENSION,-0.012660,0.02380,425740,-0.010900,0.04610,425743,-0.048790,0.000006484,318398,0.0044930,0.3000,472174,-0.091500,0.02338,52313,0.048632,0.4732,11277,,,,,,
2:170436157:A:G,SBP,-0.0080370,0.001723,425740,-0.0033270,0.1835,425743,-0.010940,0.1249,318398,0.00090282,0.6500,472174,-0.024500,0.07628,52313,0.016416,0.1975,11276,0.0080374,0.4520,18536,0.011812,0.2690,18536
19:33889593:A:G,SBP,-0.0082990,0.002362,425740,0.0032610,0.2205,425743,-0.015873,0.0007420,318398,-0.0064205,0.003000,472174,-0.017400,0.2242,52313,-0.013770,0.2826,11277,-0.0042911,0.6671,18536,0.0052825,0.5964,18536
3:186207562:A:T,SBP,0.0054450,0.09367,425740,0.0086370,0.006402,425743,0.018368,0.001904,318398,0.0014645,0.5600,472174,0.020900,0.1850,52313,-0.0055580,0.7414,11277,0.011330,0.3833,18536,0.015997,0.2183,18536
14:53357111:G:A,SBP,-0.015230,0.000004121,425740,-0.0081940,0.01106,425743,-0.015873,0.01426,318398,0.0029990,0.2500,472174,,,,,,,-0.0080963,0.6694,18536,-0.010964,0.5631,18536
7:90297177:C:G,SBP,-0.0088330,0.001178,425740,-0.0025190,0.3428,425743,-0.0069756,0.3427,318398,-0.0014503,0.5000,472174,-0.0016000,0.9148,52313,-0.013786,0.4377,11277,0.012496,0.3759,18536,-0.0016316,0.9080,18536
12:109873214:G:T,SBP,0.022330,0.000001678,425740,0.0059420,0.1915,425743,0.034591,0.00006074,318398,-0.0053946,0.1500,472174,0.0062000,0.8222,52313,-0.00045800,0.9892,11277,0.065863,0.02486,18536,0.048449,0.09887,18536
1:10524467:T:C,SBP,0.015740,2.023e-7,425740,0.0020100,0.4961,425743,-0.010940,0.1657,318398,-0.0023342,0.3200,472174,0.017400,0.3471,52313,0.0068050,0.7497,11276,0.012293,0.5296,18536,0.017092,0.3821,18536
7:1169636:C:T,SBP,0.012320,0.0003811,425740,0.0076760,0.02324,425743,-0.0099503,0.2757,318398,0.0026755,0.3200,472174,-0.025600,0.1929,52313,0.0072310,0.6648,11277,0.015536,0.3313,18536,0.024255,0.1294,18536
9:112529695:A:G,SBP,0.012610,0.00008908,425740,0.0085630,0.006371,425743,0.014809,0.008358,318398,-0.00043485,0.8600,472174,0.025600,0.1392,52313,0.020257,0.3053,11277,-0.023019,0.1345,18536,-0.019376,0.2078,18536
3:185826740:T:G,HYPERTENSION,0.013180,0.0001292,425740,-0.00064750,0.8471,425743,0.035524,4.309e-7,318398,0.0021319,0.4100,472174,0.030200,0.1004,52313,-0.015305,0.3476,11277,0.039753,0.001886,18536,0.038494,0.002619,18536
20:61052835:C:T,HYPERTENSION,-0.00045170,0.9024,425740,0.013580,0.0001565,425743,0.018368,0.004773,318398,0.0038944,0.1700,472174,0.030300,0.05748,52313,-0.017266,0.3596,11277,0.0046458,0.7449,18536,-0.0015526,0.9134,18536
1:27712608:G:A,HYPERTENSION,-0.011540,0.01291,425740,-0.0052530,0.2459,425743,-0.019803,0.01530,318398,-0.0062841,0.08500,472174,-0.051500,0.02182,52313,-0.0063250,0.8414,11276,-0.0017630,0.9589,18536,-0.037922,0.2682,18536
10:89819111:G:A,HYPERTENSION,0.019620,8.628e-7,425740,0.0063900,0.1004,425743,0.035834,0.000001158,318398,0.0027288,0.3800,472174,0.028400,0.09984,52313,-0.031734,0.09653,11277,0.0076661,0.6755,18536,-0.014058,0.4426,18536
12:6736843:T:C,HYPERTENSION,0.010760,0.001135,425740,0.0024920,0.4395,425743,0.030665,0.00001012,318398,-0.00059220,0.8000,472174,0.019900,0.2195,52313,-0.0043410,0.7804,11276,0.016816,0.1616,18536,0.0053120,0.6584,18536
5:106778662:A:T,HYPERTENSION,-0.0038150,0.2112,425740,-0.0025280,0.3956,425743,-0.032467,1.478e-7,318398,-0.0024441,0.3000,472174,,,,0.0020350,0.8858,11271,0.012065,0.2775,18536,0.011934,0.2828,18536
19:2152185:G:A,HYPERTENSION,0.067370,4.650e-31,425740,-0.0086040,0.1291,425743,0.047092,0.00002954,318398,0.0042113,0.3100,472174,-0.0070000,0.7593,52313,0.037449,0.1297,11277,0.045222,0.02637,18536,0.028971,0.1548,18536
12:67796882:G:A,HYPERTENSION,-0.0062610,0.01942,425740,-0.0022780,0.3832,425743,-0.025668,4.122e-7,318398,0.0018462,0.3800,472174,0.0034000,0.8010,52313,0.015444,0.2357,11277,0.000045520,0.9963,18536,0.017413,0.08008,18536
22:32343613:G:GCTCT,HYPERTENSION,-0.010800,0.00003658,425740,-0.0085370,0.0008207,425743,-0.025668,3.398e-7,318398,,,,-0.035900,0.01026,52313,-0.014447,0.2754,11277,,,,,,
12:89582344:T:C,HYPERTENSION,0.015230,0.0006747,425740,0.014970,0.0006119,425743,0.025215,0.002933,318398,-0.0042417,0.2300,472174,0.032500,0.1460,52313,-0.038975,0.4656,11277,-0.095465,0.2907,18536,-0.091785,0.3097,18536
19:3113903:G:T,SBP,-0.0065700,0.01115,425740,-0.0053580,0.03384,425743,-0.012916,0.01958,318398,-0.0039537,0.05000,472174,-0.019100,0.1577,52313,-0.011107,0.3861,11277,,,,,,
9:13899209:C:T,SBP,-0.015780,0.000001588,425740,-0.010990,0.0006072,425743,-0.011929,0.1660,318398,0.00082118,0.7400,472174,-0.010500,0.5969,52313,0.0017980,0.9142,11277,-0.0022490,0.8709,18536,-0.023063,0.09565,18536
12:9082581:A:G,SBP/DBP,0.018770,0.000004960,425740,0.0052550,0.1899,425743,0.031078,0.00008789,318398,-0.0030154,0.3600,472174,-0.0078000,0.7123,52313,0.0095170,0.5297,11277,0.023741,0.08744,18536,0.0066890,0.6301,18536
17:64277240:C:A,SBP,0.015460,0.00004880,425740,0.0043420,0.2421,425743,0.012579,0.2144,318398,-0.0046000,0.1000,472174,0.020600,0.2869,52313,-0.0090020,0.5321,11277,0.010225,0.3637,18536,0.0087323,0.4379,18536
9:77244453:G:A,SBP/DBP,-0.0087740,0.005640,425740,-0.0093880,0.002391,425743,-0.0059821,0.4575,318398,-0.000016470,0.9900,472174,0.0044000,0.7914,52313,0.0012270,0.9416,11276,0.013078,0.3489,18536,0.017156,0.2191,18536
7:18543250:A:G,SBP,0.0086440,0.001235,425740,0.0092370,0.0004004,425743,0.015520,0.001728,318398,0.0016437,0.4400,472174,0.017600,0.2068,52313,0.011086,0.4083,11277,-0.0026957,0.7928,18536,-0.0060766,0.5537,18536
2:45985859:A:G,SBP,0.017850,2.717e-8,425740,0.014600,0.000003143,425743,0.025523,0.00003576,318398,0.0022370,0.3600,472174,-0.016100,0.3871,52313,0.0059640,0.6830,11277,-0.019476,0.06949,18536,0.0020312,0.8498,18536
13:55077856:G:T,SBP,-0.0073050,0.006548,425740,-0.0036930,0.1588,425743,-0.0069756,0.3630,318398,0.0010543,0.6100,472174,-0.00020000,0.9907,52313,-0.0079720,0.5692,11277,-0.011707,0.3033,18536,-0.0072126,0.5260,18536
14:23549785:T:C,SBP,0.013340,1.343e-7,425740,0.0044710,0.06990,425743,0.014403,0.002657,318398,-0.00010738,0.9600,472174,0.015300,0.2762,52313,0.016509,0.1891,11277,0.013206,0.2107,18536,0.014330,0.1744,18536
6:73471683:T:C,SBP,0.016270,0.000001886,425740,-0.0050730,0.1277,425743,0.015723,0.008755,318398,-0.0047253,0.07200,472174,-0.018000,0.3372,52313,-0.0048880,0.7480,11277,0.0020064,0.8751,18536,-0.00033791,0.9789,18536
15:98338524:C:T,SBP,0.0066680,0.01117,425740,0.0051540,0.04433,425743,0.017757,0.001270,318398,-0.0014154,0.5100,472174,-0.010400,0.4462,52313,-0.016875,0.2344,11200,0.0089513,0.4295,18536,0.011334,0.3172,18536
8:30288272:T:C,SBP,-0.0051020,0.06526,425740,-0.0047360,0.07935,425743,-0.0069756,0.3202,318398,-0.0020580,0.3100,472174,-0.011500,0.3948,52313,0.022502,0.09093,11277,-0.0043559,0.6902,18536,0.0023536,0.8295,18536
10:104800044:T:C,HYPERTENSION,0.0038200,0.2846,425740,0.024040,5.070e-12,425743,0.029841,0.00003891,318398,-0.0053716,0.06500,472174,0.048000,0.009872,52313,0.045531,0.1920,11272,-0.0050730,0.8438,18536,0.016122,0.5312,18536
16:88572647:T:C,HYPERTENSION,0.00064530,0.8813,425740,-0.0020110,0.6332,425743,0.048980,3.658e-8,318398,-0.0053674,0.1000,472174,,,,,,,,,,,,
4:56220496:C:T,HYPERTENSION,0.014420,0.000005803,425740,0.0081870,0.008320,425743,0.022757,0.0004277,318398,0.0017466,0.4800,472174,0.024000,0.1085,52313,-0.021082,0.1691,11277,0.016099,0.2537,18536,-0.0029135,0.8363,18536
5:67712993:C:T,HYPERTENSION,0.0027840,0.3976,425740,0.0048730,0.1290,425743,0.025215,0.0001124,318398,-0.0045299,0.08700,472174,0.014900,0.3744,52313,0.023056,0.3113,11277,-0.0012433,0.9517,18536,0.020392,0.3205,18536
20:30228157:G:A,HYPERTENSION,-0.010400,0.001240,425740,-0.022720,4.707e-13,425743,-0.014889,0.008526,318398,0.00051962,0.8400,472174,-0.032800,0.03171,52313,-0.030478,0.2529,11277,-0.032095,0.1180,18536,-0.030448,0.1381,18536
4:15043739:G:A,HYPERTENSION,-0.0096270,0.0002829,425740,-0.010670,0.00003717,425743,-0.018822,0.0002694,318398,0.00081815,0.7000,472174,-0.019800,0.1907,52313,-0.017199,0.2047,11277,0.0040326,0.7272,18536,0.0083959,0.4677,18536
2:185195472:A:G,HYPERTENSION,-0.015180,1.192e-7,425740,-0.0064750,0.02060,425743,-0.034401,1.870e-9,318398,0.0013565,0.5400,472174,0.0034000,0.8163,52313,0.016547,0.2207,11277,0.00046135,0.9792,18536,-0.0068893,0.6972,18536
18:19638933:G:A,HYPERTENSION,-0.0015440,0.6781,425740,0.0034470,0.3422,425743,0.020917,0.006076,318398,0.00026490,0.9300,472174,0.049800,0.008557,52313,-0.0045950,0.7615,11277,-0.0030466,0.8049,18536,-0.0083755,0.4972,18536
7:27217359:G:A,HYPERTENSION,0.021510,1.193e-17,425740,0.014400,4.303e-9,425743,0.019489,0.00006297,318398,0.0028589,0.1600,472174,0.043600,0.001379,52313,0.0044160,0.7296,11277,-0.0036854,0.7586,18536,0.0067980,0.5708,18536
8:110106809:T:C,HYPERTENSION,-0.012910,0.000001793,425740,-0.0014190,0.5904,425743,-0.017840,0.001206,318398,-0.00074840,0.7200,472174,-0.034200,0.01377,52313,0.0012220,0.9326,11277,-0.012301,0.3008,18536,0.0010755,0.9279,18536
1:29300144:A:T,SBP,0.0087970,0.001595,425740,0.00063590,0.8150,425743,0.014809,0.01265,318398,-0.00094378,0.6700,472174,0.026300,0.07353,52313,0.017067,0.1796,11277,-0.010598,0.2994,18536,-0.0098220,0.3362,18536
7:116186241:A:G,SBP,-0.013910,3.931e-8,425740,0.0080630,0.001093,425743,-0.00099950,0.9123,318398,0.00079335,0.7000,472174,-0.0087000,0.5249,52313,0.0045440,0.7261,11277,0.00083936,0.9332,18536,-0.0062497,0.5329,18536
10:103880118:G:T,SBP,0.0072100,0.03281,425740,0.011350,0.0005681,425743,0.020101,0.01278,318398,0.00013732,0.9600,472174,0.011000,0.5225,52313,0.027762,0.2694,11277,-0.0047804,0.8582,18536,-0.023612,0.3776,18536
18:55881150:G:A,SBP,0.011510,0.00002564,425740,0.0074290,0.005365,425743,0.023576,0.000003974,318398,-0.00088686,0.6800,472174,0.037800,0.01202,52313,0.0065200,0.6289,11277,0.0028909,0.7823,18536,-0.00033340,0.9746,18536
20:47308798:G:A,SBP/DBP,-0.0026840,0.2986,425740,-0.016250,1.096e-10,425743,-0.0099503,0.03582,318398,0.00012698,0.9500,472174,-0.027200,0.04992,52313,-0.0021650,0.8717,11277,-0.013054,0.2317,18536,-0.011505,0.2919,18536
1:16508375:A:G,SBP,0.011340,0.00001450,425740,0.010970,0.00001698,425743,0.019693,0.0002405,318398,-0.0025081,0.2300,472174,0.028000,0.06320,52313,-0.0044200,0.7283,11277,0.0059676,0.5446,18536,0.0092542,0.3474,18536
3:157576791:A:T,SBP,0.012080,0.00005925,425740,-0.0031700,0.2798,425743,0.011567,0.1500,318398,-0.0057225,0.01400,472174,0.041000,0.02791,52313,0.00090700,0.9517,11277,0.0094304,0.4177,18536,0.0079885,0.4924,18536
7:69150849:C:G,SBP,-0.010740,0.00008343,425740,-0.010940,0.00004020,425743,-0.011929,0.007536,318398,0.0022513,0.2900,472174,-0.029200,0.03728,52313,0.018755,0.1598,11277,-0.0073891,0.5099,18536,-0.030945,0.005781,18536
6:26406053:C:T,SBP/HYPERTENSION,0.026250,1.977e-7,425740,0.018380,0.0001886,425743,0.055936,1.677e-8,318398,-0.0021607,0.6000,472174,0.025900,0.4675,52313,0.022596,0.3757,11277,0.021736,0.2852,18536,0.0077756,0.7022,18536
7:71497009:G:A,SBP,-0.014300,0.00002907,425740,-0.0025490,0.4450,425743,-0.014889,0.09293,318398,0.0011170,0.6900,472174,-0.0034000,0.8348,52313,-0.0050270,0.7666,11265,-0.027456,0.07780,18536,-0.012197,0.4334,18536
5:64088366:T:C,SBP,0.0094990,0.0003187,425740,-0.0036070,0.1610,425743,0.0030045,0.6731,318398,0.0016899,0.4000,472174,0.023700,0.08795,52313,0.023401,0.1189,11277,0.012618,0.2859,18536,-0.0013932,0.9062,18536
2:24014300:T:G,SBP,-0.0056710,0.06137,425740,0.0044970,0.1283,425743,0.0088389,0.2714,318398,0.0038439,0.09400,472174,0.0080000,0.5866,52313,0.015145,0.3671,11277,0.0041381,0.7647,18536,0.0053871,0.6968,18536
1:117021122:G:A,HYPERTENSION,-0.020420,1.492e-10,425740,-0.016170,1.977e-7,425743,-0.027615,0.000005117,318398,-0.0016660,0.5000,472174,-0.017300,0.2789,52313,-0.020977,0.1751,11277,-0.0029575,0.8058,18536,0.0074710,0.5345,18536
17:12000584:A:G,HYPERTENSION,0.0013820,0.5805,425740,0.0033400,0.1709,425743,0.018368,0.0003164,318398,-0.000042110,0.9800,472174,0.025400,0.06394,52313,0.0025570,0.8472,11277,,,,,,
2:107617723:C:CA,HYPERTENSION,0.0064510,0.01276,425740,0.00094680,0.7078,425743,0.025933,8.902e-7,318398,-0.0025580,0.2000,472174,0.042300,0.001862,52313,0.011231,0.3836,11277,,,,,,
12:20132962:T:G,HYPERTENSION,0.034160,5.696e-7,425740,0.025590,0.0001224,425743,0.055724,0.00008250,318398,-0.0029021,0.5400,472174,,,,,,,,,,,,
7:104667334:G:A,HYPERTENSION,0.0033400,0.3258,425740,0.013790,0.00003200,425743,0.032420,0.000001336,318398,0.0039802,0.1500,472174,0.030700,0.09927,52313,0.046329,0.06683,11277,,,,,,
18:50338593:T:C,HYPERTENSION,-0.0030290,0.3367,425740,-0.0022460,0.4650,425743,-0.037296,3.986e-9,318398,-0.0022186,0.3600,472174,-0.056400,0.002568,52313,-0.013493,0.4469,11277,0.017891,0.2029,18536,0.020567,0.1432,18536
16:72074318:C:T,HYPERTENSION,0.0018480,0.5322,425740,0.0015780,0.5844,425743,0.022859,0.00002358,318398,0.0010964,0.6300,472174,0.028700,0.09730,52313,0.014159,0.3037,11275,0.0028491,0.8169,18536,0.0024005,0.8453,18536
2:169291012:G:T,HYPERTENSION,0.00036880,0.8856,425740,-0.00077520,0.7564,425743,0.017146,0.001658,318398,0.0026599,0.1800,472174,0.031900,0.02171,52313,0.0078420,0.5400,11277,0.00088108,0.9306,18536,-0.0073565,0.4670,18536
8:23528230:T:C,HYPERTENSION,-0.015560,0.0001689,425740,-0.015830,0.00008723,425743,-0.025668,0.0003426,318398,0.000055270,0.9900,472174,-0.041400,0.1531,52313,-0.013565,0.6598,11276,-0.0083666,0.7962,18536,-0.045259,0.1624,18536
7:27544053:C:T,HYPERTENSION,0.010350,0.03962,425740,-0.0097240,0.04755,425743,0.031387,0.003757,318398,-0.0011550,0.7700,472174,0.079300,0.005668,52313,-0.013776,0.5666,11277,,,,,,
17:43088812:A:G,SBP,-0.0096400,0.0009842,425740,0.0029200,0.3061,425743,-0.012916,0.01908,318398,-0.0011971,0.5800,472174,,,,,,,0.014010,0.2646,18536,0.014815,0.2381,18536
12:79637453:T:C,SBP,-0.0091400,0.0007247,425740,-0.0033010,0.2107,425743,-0.0049875,0.5299,318398,0.000080990,0.9700,472174,-0.026800,0.04982,52313,0.017607,0.1849,11275,-0.0078871,0.4773,18536,-0.0053617,0.6290,18536
12:122416254:C:G,SBP,0.0083990,0.002053,425740,0.0075550,0.004474,425743,0.012174,0.09236,318398,0.0029256,0.1700,472174,,,,,,,,,,,,
19:21921709:T:C,SBP,0.015750,1.181e-7,425740,0.016710,8.353e-9,425743,0.025933,0.00002488,318398,0.0030324,0.1900,472174,0.024100,0.1230,52313,-0.0066380,0.6083,11276,0.0061368,0.5456,18536,-0.0048591,0.6323,18536
5:147829177:C:G,SBP,-0.010890,0.0001657,425740,0.00028900,0.9184,425743,-0.022739,0.0001036,318398,0.0041108,0.06500,472174,-0.0032000,0.8410,52313,0.040951,0.003639,11277,-0.024308,0.03481,18536,-0.028286,0.01405,18536
4:145722862:A:T,SBP,0.0091620,0.001433,425740,0.0066890,0.01701,425743,0.025318,0.0001396,318398,-0.0016822,0.4200,472174,,,,-0.011422,0.4244,11277,,,,,,
19:12554633:G:A,SBP,-0.011750,0.000003522,425740,-0.013370,6.165e-8,425743,-0.025668,1.939e-7,318398,-0.00016772,0.9300,472174,-0.017400,0.1985,52313,,,,-0.0014501,0.9120,18536,-0.0098134,0.4544,18536
16:66896644:A:T,SBP,0.0091570,0.09258,425740,0.025200,0.000002086,425743,0.056676,6.251e-8,318398,0.0080021,0.06600,472174,0.085300,0.002157,52313,0.043727,0.4001,11277,0.090143,0.03459,18536,0.054710,0.1997,18536
7:149472854:A:G,SBP,0.014580,0.01262,425740,-0.0051400,0.3674,425743,0.017655,0.2581,318398,-0.0068638,0.08900,472174,0.029100,0.3652,52313,0.012962,0.7922,11272,0.087736,0.04910,18536,0.014261,0.7491,18536
17:64494105:G:T,HYPERTENSION,-0.011680,0.0002774,425740,-0.0048820,0.1194,425743,-0.034401,2.702e-8,318398,-0.0025314,0.3200,472174,0.0098000,0.5303,52313,0.010426,0.5660,11277,0.010795,0.4108,18536,0.00039776,0.9758,18536
13:73995877:G:C,HYPERTENSION,0.0070370,0.1571,425740,0.011660,0.01628,425743,0.058265,1.081e-8,318398,0.0011740,0.7500,472174,-0.013600,0.5891,52313,-0.014645,0.7269,11277,,,,,,
9:94281671:G:A,HYPERTENSION,0.0037960,0.1612,425740,-0.00046130,0.8614,425743,0.026857,3.197e-7,318398,-0.0019440,0.3500,472174,0.035200,0.01184,52313,-0.013434,0.3080,11277,0.019082,0.05526,18536,0.026594,0.007553,18536
1:12026355:A:C,HYPERTENSION,0.016610,0.0007159,425740,0.0088880,0.06348,425743,0.038117,0.00008451,318398,0.0054998,0.1300,472174,,,,-0.059495,0.02978,11271,,,,,,
11:1714688:T:C,HYPERTENSION,0.0068390,0.006983,425740,0.0038580,0.1187,425743,0.015825,0.0004345,318398,-0.0015450,0.4400,472174,-0.011900,0.3830,52313,-0.0067870,0.6000,11277,0.0063691,0.5225,18536,0.0085550,0.3903,18536
19:8402132:G:A,HYPERTENSION,-0.0084720,0.001187,425740,-0.011470,0.000006850,425743,-0.025668,0.000001031,318398,-0.0016529,0.4200,472174,,,,-0.0080720,0.5452,11275,-0.021660,0.07887,18536,-0.0055300,0.6537,18536
11:134443468:C:T,HYPERTENSION,-0.0058550,0.04369,425740,-0.0062550,0.02714,425743,-0.033435,1.416e-8,318398,-0.00024315,0.9100,472174,-0.033800,0.02552,52313,-0.021009,0.2139,11277,,,,,,
11:69280564:G:A,HYPERTENSION,0.013050,0.0002392,425740,0.010890,0.001670,425743,0.026960,0.00002085,318398,-0.0027033,0.3000,472174,0.047100,0.03375,52313,-0.040175,0.09320,11277,0.0091906,0.6585,18536,0.017419,0.4022,18536
9:4147764:A:G,HYPERTENSION,0.010580,0.0002375,425740,0.0096400,0.0005955,425743,0.030356,0.000001115,318398,0.0017462,0.4400,472174,0.036900,0.01381,52313,0.015794,0.3120,11275,0.0082289,0.4766,18536,-0.0054097,0.6398,18536
8:26127884:C:T,HYPERTENSION,0.0045970,0.5317,425740,0.0051880,0.4693,425743,0.020611,0.2928,318398,0.0035824,0.5300,472174,-0.011700,0.8561,52313,0.0041740,0.9525,11276,,,,,,
9:116937864:C:G,SBP,0.011460,0.00001897,425740,-0.0065670,0.01195,425743,0.0072260,0.3078,318398,0.0011256,0.6000,472174,0.039900,0.005805,52313,-0.0081370,0.6088,11277,0.0070070,0.5720,18536,-0.010030,0.4186,18536
10:98558501:T:A,SBP,-0.019930,0.000001218,425740,-0.0069800,0.08137,425743,-0.010940,0.2973,318398,-0.00017868,0.9500,472174,0.019100,0.3512,52313,-0.033334,0.02253,11275,,,,,,
2:242436238:C:T,SBP,0.017170,1.863e-10,425740,0.0025190,0.3379,425743,0.014911,0.008328,318398,-0.0010943,0.6000,472174,0.016900,0.2442,52313,-0.010180,0.5642,11277,-0.0096088,0.4943,18536,-0.017009,0.2263,18536
6:12536342:G:A,SBP,-0.015740,8.504e-8,425740,0.0023970,0.4028,425743,-0.018822,0.0006856,318398,0.00058793,0.8000,472174,-0.0052000,0.7702,52313,0.014920,0.2809,11277,-0.0085184,0.4374,18536,0.0071906,0.5121,18536
18:24546741:T:G,SBP,0.0056130,0.03318,425740,0.0079270,0.002045,425743,0.010657,0.1282,318398,-0.0011669,0.5700,472174,0.012600,0.3532,52313,,,,0.011946,0.2451,18536,0.0029412,0.7747,18536
7:116437606:G:A,SBP,-0.011650,0.00001576,425740,0.0028200,0.2840,425743,-0.023717,0.000005613,318398,0.0049069,0.02200,472174,-0.032200,0.02237,52313,0.020151,0.2185,11277,-0.020706,0.1147,18536,-0.032698,0.01274,18536
7:140240355:G:A,SBP/DBP,0.0057660,0.03020,425740,0.0034390,0.1850,425743,-0.0029955,0.7146,318398,-0.0020065,0.3200,472174,0.016000,0.2363,52313,-0.019881,0.1622,11277,-0.0062920,0.6946,18536,0.0090530,0.5722,18536
2:121347612:G:C,SBP/HYPERTENSION,-0.016450,0.000003808,425740,0.00077430,0.8235,425743,-0.037296,5.560e-8,318398,-0.0010374,0.6600,472174,-0.022600,0.1550,52313,-0.010988,0.5231,11277,0.0081856,0.6863,18536,0.0063038,0.7558,18536
16:86356582:G:A,SBP,0.027160,1.568e-7,425740,0.027170,7.537e-8,425743,0.042177,0.00001758,318398,0.00076631,0.8300,472174,0.022700,0.3416,52313,0.0015230,0.9549,11277,0.0098930,0.8097,18536,0.019386,0.6370,18536
4:63768897:T:G,SBP,-0.0084660,0.001453,425740,0.0036040,0.1647,425743,-0.022739,0.00005766,318398,0.0031075,0.1400,472174,-0.0038000,0.7910,52313,0.0048240,0.7359,11277,,,,,,
1:232570430:C:A,SBP,0.019640,3.199e-10,425740,0.0016570,0.5865,425743,0.0084355,0.3116,318398,0.0054685,0.02000,472174,0.0094000,0.5494,52313,0.0030710,0.8283,11277,0.0024540,0.8359,18536,0.012415,0.2946,18536
15:81624929:G:T,HYPERTENSION,-0.013720,0.1058,425740,0.036960,0.000007966,425743,0.042490,0.05999,318398,-0.0058306,0.4000,472174,,,,-0.13157,0.2759,11277,,,,,,
10:28827984:G:T,HYPERTENSION,0.0097730,0.0006270,425740,0.0064840,0.02001,425743,0.018470,0.0005758,318398,-0.0023259,0.3000,472174,,,,0.016042,0.2999,11277,0.0033406,0.7870,18536,0.0090519,0.4641,18536
19:7454507:C:T,HYPERTENSION,-0.022530,0.006380,425740,-0.028610,0.0003840,425743,-0.036332,0.02378,318398,0.0020902,0.7000,472174,-0.064300,0.02648,52313,-0.040382,0.2609,11276,,,,,,
11:113670751:G:A,HYPERTENSION,0.019430,0.000001027,425740,0.020090,2.221e-7,425743,0.047616,4.837e-9,318398,-0.00040630,0.9000,472174,,,,-0.020468,0.4029,11276,0.052234,0.009813,18536,0.028552,0.1581,18536
2:112008835:C:A,HYPERTENSION,0.012870,0.000001788,425740,0.017880,1.020e-11,425743,0.025728,1.375e-7,318398,-0.0033007,0.1100,472174,0.036800,0.007934,52313,-0.0070750,0.5783,11276,-0.0042359,0.6798,18536,-0.0087236,0.3953,18536
12:58012111:G:A,HYPERTENSION,0.014260,7.047e-8,425740,0.0065880,0.01070,425743,0.019081,0.00002516,318398,0.00075331,0.7200,472174,-0.0021000,0.8774,52313,0.0023010,0.8572,11277,-0.0010315,0.9212,18536,-0.0022780,0.8270,18536
20:11045176:G:T,HYPERTENSION,0.10270,2.337e-8,425740,0.077850,0.00001429,425743,0.14168,0.00002832,318398,-0.0030546,0.7400,472174,,,,,,,,,,,,
16:4439131:C:T,HYPERTENSION,-0.012420,0.00006158,425740,-0.0024840,0.4114,425743,-0.026642,0.000007236,318398,0.00063979,0.7800,472174,-0.047400,0.001932,52313,-0.0027210,0.8355,11277,-0.0064083,0.5671,18536,-0.0057810,0.6056,18536
3:171774601:G:C,HYPERTENSION,-0.0019410,0.4630,425740,0.012300,0.000001868,425743,0.029738,6.038e-8,318398,0.0014149,0.4900,472174,0.022100,0.1095,52313,-0.0025020,0.8648,11276,-0.0057793,0.6325,18536,-0.0029933,0.8044,18536
2:113695120:T:C,HYPERTENSION,-0.0075810,0.01306,425740,-0.0068490,0.02149,425743,-0.014889,0.06777,318398,-0.00065022,0.7900,472174,-0.011300,0.4887,52313,-0.013027,0.4261,11277,0.013495,0.3386,18536,-0.014150,0.3157,18536
3:189303711:T:G,SBP,0.010750,0.00003317,425740,0.0052920,0.03611,425743,-0.0039920,0.5670,318398,0.00026711,0.8900,472174,-0.016300,0.2424,52313,-0.0056940,0.6660,11277,0.0088675,0.3848,18536,0.022792,0.02550,18536
1:166023209:T:C,SBP,-0.0067870,0.008037,425740,-0.0015840,0.5260,425743,-0.0079682,0.2679,318398,-0.0010492,0.6000,472174,,,,0.010239,0.4308,11258,,,,,,
5:166666643:G:A,SBP,-0.017100,1.652e-7,425740,-0.0060450,0.05774,425743,-0.013903,0.1158,318398,0.0012863,0.5900,472174,0.021100,0.1779,52313,-0.032041,0.03770,11277,-0.0034484,0.7393,18536,0.0020376,0.8441,18536
5:119786253:A:G,SBP,0.0082210,0.002081,425740,-0.0045540,0.08041,425743,0.011668,0.09924,318398,-0.0032522,0.1100,472174,-0.0052000,0.7120,52313,0.0073110,0.5775,11276,-0.010628,0.3302,18536,-0.00071627,0.9477,18536
4:62037108:A:G,SBP,-0.017680,9.234e-12,425740,0.00080950,0.7490,425743,0.0044097,0.5187,318398,0.00043738,0.8300,472174,0.0033000,0.8082,52313,,,,,,,,,
15:60552791:CCT:C,SBP,-0.022650,1.455e-10,425740,-0.016840,0.000001036,425743,-0.017840,0.01028,318398,,,,0.0012000,0.9523,52313,-0.0043220,0.8569,11275,,,,,,
3:171992009:T:C,SBP,0.012240,0.0005795,425740,-0.0095660,0.005816,425743,0.018266,0.004890,318398,0.00012427,0.9600,472174,-0.0042000,0.8066,52313,-0.019034,0.2341,11277,0.012290,0.3186,18536,-0.0018486,0.8807,18536
3:132772289:G:A,SBP,-0.011460,0.000006147,425740,-0.0084670,0.0006157,425743,-0.021761,0.000007642,318398,0.0025302,0.2100,472174,-0.013000,0.3316,52313,0.0017480,0.8944,11277,0.00020857,0.9839,18536,-0.0036342,0.7258,18536
2:190445194:G:C,SBP,0.017530,1.324e-8,425740,0.0056550,0.06021,425743,0.0072260,0.3778,318398,0.0023530,0.3300,472174,-0.0085000,0.5895,52313,0.0056740,0.7616,11277,0.031864,0.03264,18536,0.016416,0.2711,18536
2:36599779:A:G,SBP,-0.022610,0.000004720,425740,-0.0013780,0.7750,425743,-0.045929,9.965e-7,318398,0.0047202,0.2200,472174,0.0072000,0.8308,52313,-0.013560,0.6700,11277,-0.0085902,0.7821,18536,0.017579,0.5714,18536
1:234097293:C:G,HYPERTENSION,0.0089900,0.003672,425740,0.0033270,0.2704,425743,0.016028,0.008027,318398,-0.0015123,0.5300,472174,0.042800,0.006847,52313,-0.010039,0.5060,11277,-0.014167,0.2114,18536,-0.0085998,0.4480,18536
2:19344757:T:C,HYPERTENSION,0.019160,2.769e-10,425740,0.016620,1.972e-8,425743,0.025933,0.00001774,318398,0.0010986,0.6500,472174,0.034600,0.03492,52313,-0.015516,0.2788,11277,0.014433,0.2050,18536,0.013965,0.2201,18536
1:107962328:G:A,HYPERTENSION,-0.0079390,0.008207,425740,-0.0021180,0.4698,425743,-0.023717,0.00006232,318398,-0.00069701,0.7500,472174,,,,-0.016389,0.2669,11276,-0.0044811,0.6830,18536,-0.0082019,0.4548,18536
17:26143000:G:A,HYPERTENSION,0.013390,0.0001384,425740,-0.0029470,0.3898,425743,0.027371,0.000005730,318398,-0.0024191,0.3900,472174,0.018100,0.2844,52313,0.018874,0.3188,11277,0.016071,0.3982,18536,0.0041756,0.8263,18536
4:89877367:C:T,HYPERTENSION,0.0083840,0.002049,425740,0.0043530,0.1008,425743,0.019183,0.0001981,318398,-0.0022151,0.2900,472174,-0.0020000,0.8884,52313,-0.013597,0.3196,11277,0.0059266,0.5728,18536,0.0021808,0.8356,18536
14:68663437:A:G,HYPERTENSION,0.0078870,0.02778,425740,0.0063770,0.06813,425743,0.022859,0.0009905,318398,-0.00061063,0.8300,472174,0.061100,0.003108,52313,-0.023286,0.1882,11277,0.022265,0.1047,18536,0.022614,0.09939,18536
2:121998898:C:T,HYPERTENSION,-0.016610,0.000004188,425740,-0.012520,0.0003759,425743,-0.035367,4.332e-8,318398,0.00045202,0.8800,472174,-0.0012000,0.9632,52313,-0.0013560,0.9609,11277,-0.050114,0.02515,18536,-0.031523,0.1590,18536
9:102119090:G:A,HYPERTENSION,-0.0062630,0.03025,425740,-0.0020630,0.4643,425743,-0.021761,0.00001757,318398,0.00021762,0.9200,472174,-0.013500,0.3576,52313,0.029849,0.03575,11277,0.0035950,0.7700,18536,0.0097320,0.4286,18536
19:12569854:C:A,HYPERTENSION,-0.011580,0.000005039,425740,-0.013130,1.136e-7,425743,-0.025668,1.962e-7,318398,0.00013349,0.9500,472174,,,,,,,,,,,,
20:41249184:T:C,HYPERTENSION,0.012920,0.00003955,425740,0.0043240,0.1585,425743,0.033040,7.191e-7,318398,-0.0047097,0.04800,472174,0.043100,0.006398,52313,,,,,,,,,
5:67708390:G:T,SBP/DBP,0.0029370,0.3027,425740,0.0046150,0.09679,425743,0.021121,0.0001812,318398,-0.00068361,0.7600,472174,0.035600,0.02087,52313,0.029823,0.03890,11277,0.011487,0.3064,18536,0.011368,0.3114,18536
19:1424888:A:G,SBP,-0.0079790,0.01194,425740,0.00029730,0.9235,425743,-0.013903,0.03770,318398,0.0048376,0.01800,472174,0.0023000,0.8634,52313,-0.0037450,0.7879,11277,-0.012007,0.4218,18536,-0.0029413,0.8440,18536
1:203109801:C:T,SBP,-0.029170,0.000006745,425740,-0.029700,0.000002612,425743,-0.025668,0.04163,318398,0.0032199,0.4400,472174,-0.028400,0.4430,52313,-0.020259,0.2133,11277,-0.019144,0.1413,18536,-0.016511,0.2046,18536
15:76304503:A:G,SBP,0.019010,6.718e-10,425740,0.012880,0.00001811,425743,0.011263,0.1684,318398,-0.0071382,0.002300,472174,0.036300,0.05666,52313,-0.026041,0.1512,11277,-0.016655,0.2314,18536,0.0010123,0.9420,18536
10:25046556:A:T,SBP,-0.015780,4.125e-9,425740,-0.0086420,0.0009625,425743,-0.023717,0.000005734,318398,0.0025762,0.2100,472174,,,,,,,,,,,,
3:7494417:A:T,SBP,0.0024920,0.3231,425740,0.0080510,0.001065,425743,0.00090041,0.8874,318398,0.0012471,0.5400,472174,-0.013500,0.3324,52313,0.00053500,0.9780,11277,-0.016524,0.3610,18536,-0.0092055,0.6108,18536
18:7127525:C:T,SBP/DBP,-0.012530,0.000007900,425740,-0.0090200,0.0009719,425743,-0.0099503,0.03966,318398,-0.0024222,0.2300,472174,-0.013200,0.3272,52313,-0.011711,0.3966,11277,0.0000073045,0.9996,18536,0.0012120,0.9402,18536
3:16846967:A:C,HYPERTENSION,0.014090,2.576e-8,425740,0.0088410,0.0003419,425743,0.029738,9.101e-9,318398,0.00099247,0.6300,472174,0.0099000,0.4800,52313,-0.0083070,0.5334,11277,-0.0022266,0.8313,18536,-0.0032544,0.7555,18536
20:10688744:C:A,HYPERTENSION,-0.010590,0.0001236,425740,0.0065940,0.01422,425743,-0.014889,0.005189,318398,-0.0018099,0.3800,472174,-0.036200,0.01583,52313,0.014913,0.2764,11277,-0.023763,0.02397,18536,-0.012787,0.2245,18536
7:131546516:A:G,HYPERTENSION,0.011840,0.00002399,425740,0.0096640,0.0004069,425743,0.020101,0.0001663,318398,-0.0000091480,1.000,472174,0.046400,0.001797,52313,0.018718,0.1698,11277,-0.0070709,0.4847,18536,-0.0045421,0.6535,18536
11:102948779:G:T,HYPERTENSION,-0.0080230,0.007078,425740,-0.00063530,0.8269,425743,-0.017840,0.0002739,318398,0.000080330,0.9700,472174,-0.032600,0.03962,52313,-0.011146,0.4400,11277,-0.011374,0.3811,18536,0.0010229,0.9372,18536
11:38490580:A:T,HYPERTENSION,-0.014900,0.004855,425740,-0.0012860,0.8031,425743,-0.061095,1.462e-8,318398,0.0022437,0.5200,472174,,,,,,,,,,,,
2:219231012:A:G,HYPERTENSION,0.012820,0.0002128,425740,-0.0026720,0.4287,425743,0.039053,7.049e-9,318398,-0.0036514,0.1500,472174,,,,-0.0036640,0.9092,11267,0.033873,0.2531,18536,0.018523,0.5320,18536
16:28510393:C:T,HYPERTENSION,0.0079250,0.001642,425740,0.0029800,0.2248,425743,0.018775,0.0002088,318398,0.0090026,0.000007400,472174,0.042900,0.001489,52313,-0.0037290,0.7883,11277,0.0024108,0.8314,18536,0.0039025,0.7303,18536
16:3529779:G:A,HYPERTENSION,0.0062710,0.09335,425740,0.014170,0.0001015,425743,0.016028,0.1055,318398,0.0050875,0.08300,472174,,,,,,,0.00017613,0.9956,18536,-0.015996,0.6171,18536
9:131941309:A:C,HYPERTENSION,0.015400,1.471e-7,425740,0.0081640,0.004271,425743,0.022655,0.00004026,318398,-0.00049781,0.8200,472174,0.050100,0.001470,52313,0.0088900,0.5169,11276,0.020433,0.07146,18536,0.016469,0.1463,18536
2:146876922:C:T,HYPERTENSION,-0.0023270,0.3641,425740,-0.0093960,0.0001719,425743,-0.024693,8.308e-7,318398,0.00035372,0.8700,472174,-0.013300,0.3374,52313,-0.00075200,0.9566,11276,,,,,,
12:120039534:A:T,SBP,0.011150,0.00003273,425740,0.0054520,0.03728,425743,0.023985,0.000003826,318398,-0.0032327,0.1200,472174,0.016600,0.2528,52313,-0.0048710,0.7389,11276,-0.021020,0.07164,18536,-0.018529,0.1123,18536
7:50098470:G:C,SBP,-0.020660,9.509e-9,425740,-0.0023590,0.5016,425743,-0.021761,0.0008703,318398,0.0042482,0.1300,472174,-0.020500,0.2389,52313,0.0069120,0.6362,11277,-0.0053940,0.6812,18536,0.011386,0.3859,18536
7:156990554:C:T,SBP,-0.011010,0.0001880,425740,-0.0024950,0.3856,425743,-0.012916,0.02817,318398,-0.0055960,0.01700,472174,-0.025500,0.1213,52313,-0.00091500,0.9500,11277,0.0038466,0.7282,18536,0.0038655,0.7270,18536
1:88673815:C:T,SBP,-0.0096170,0.003600,425740,0.0031140,0.3338,425743,-0.015873,0.03749,318398,0.00030360,0.9100,472174,0.0064000,0.7251,52313,-0.00076000,0.9594,11277,-0.016577,0.1445,18536,-0.0090500,0.4257,18536
18:26353724:A:G,SBP,0.010050,0.00009347,425740,-0.0062270,0.01308,425743,0.013491,0.006164,318398,-0.0014522,0.4700,472174,0.024600,0.06727,52313,-0.030036,0.02239,11277,-0.020518,0.07573,18536,-0.0080043,0.4884,18536
10:94429467:C:T,SBP,0.0074230,0.004225,425740,0.018430,3.244e-13,425743,0.011668,0.09183,318398,-0.0098516,0.000001100,472174,0.018300,0.1778,52313,,,,-0.022019,0.03722,18536,0.0057063,0.5893,18536
5:122998500:T:C,SBP,-0.020100,0.000008906,425740,0.0058540,0.1848,425743,-0.021761,0.03977,318398,-0.0038364,0.2800,472174,0.012100,0.6086,52313,0.014708,0.4519,11277,0.0021420,0.9084,18536,-0.00085720,0.9633,18536
6:30991674:T:C,SBP,0.017730,0.0008641,425740,0.017310,0.0008540,425743,0.0054146,0.7010,318398,-0.0076903,0.07300,472174,0.011000,0.7515,52313,0.022051,0.2885,11276,0.014248,0.4310,18536,0.015951,0.3780,18536
18:22676071:T:A,SBP,-0.0082420,0.005452,425740,-0.0038340,0.1850,425743,-0.0069756,0.3917,318398,0.0018465,0.4200,472174,-0.018000,0.2811,52313,-0.014326,0.3874,11277,0.00071141,0.9586,18536,-0.0059559,0.6636,18536
5:132404163:A:T,SBP,-0.0059890,0.04322,425740,-0.012720,0.00001068,425743,-0.031499,4.667e-7,318398,-0.0093311,0.00004200,472174,-0.014400,0.3374,52313,0.0049840,0.7343,11276,-0.013607,0.3000,18536,-0.014078,0.2836,18536
8:38110215:T:C,HYPERTENSION,0.013990,0.000002196,425740,0.010490,0.0002736,425743,0.025626,0.000002366,318398,0.0012807,0.5900,472174,,,,0.015604,0.4346,11276,0.026762,0.06860,18536,0.034900,0.01756,18536
13:23170374:C:T,HYPERTENSION,0.015650,0.000002636,425740,0.0072630,0.02545,425743,0.015317,0.08501,318398,-0.0018054,0.4900,472174,0.030000,0.07322,52313,-0.027265,0.1377,11277,0.0081374,0.5603,18536,-0.0048708,0.7274,18536
12:897564:G:C,HYPERTENSION,0.013930,0.000007436,425740,0.0087000,0.004116,425743,0.024293,0.00002444,318398,-0.00017028,0.9400,472174,0.017500,0.2684,52313,-0.029123,0.03762,11277,0.0021453,0.8555,18536,0.013791,0.2416,18536
3:25442051:A:C,HYPERTENSION,0.0072710,0.006903,425740,0.0069290,0.008306,425743,0.022655,0.00001009,318398,0.00057481,0.7800,472174,0.020400,0.1394,52313,0.015319,0.2663,11277,0.011622,0.3097,18536,0.0047816,0.6760,18536
17:75261986:C:T,HYPERTENSION,-0.020290,1.036e-12,425740,-0.014600,1.468e-7,425743,-0.027615,0.000002673,318398,-0.00094774,0.6800,472174,-0.035800,0.03142,52313,-0.0050220,0.7543,11277,-0.0035508,0.8199,18536,0.00065718,0.9664,18536
3:27258563:G:T,HYPERTENSION,0.018170,0.0002335,425740,0.020580,0.00001925,425743,0.030769,0.001898,318398,0.0047890,0.1900,472174,0.071400,0.005319,52313,0.0081290,0.7655,11277,-0.0011743,0.9597,18536,0.0098741,0.6708,18536
12:56394954:A:G,HYPERTENSION,-0.0069200,0.007801,425740,-0.011600,0.000004812,425743,-0.019803,0.0001719,318398,0.00086287,0.6700,472174,,,,,,,0.017774,0.1348,18536,0.013970,0.2399,18536
19:33891013:A:T,HYPERTENSION,0.0093700,0.001393,425740,-0.0035790,0.2108,425743,0.017350,0.0006646,318398,0.0057892,0.009400,472174,0.012400,0.4045,52313,0.0080200,0.5393,11276,0.010995,0.3651,18536,0.0054310,0.6546,18536
9:14765030:T:C,HYPERTENSION,0.0095200,0.0008458,425740,0.0070750,0.01100,425743,0.030769,2.890e-8,318398,-0.0023901,0.2800,472174,0.013700,0.3687,52313,-0.0017790,0.9006,11277,-0.0034430,0.7791,18536,0.0050841,0.6787,18536
13:20616557:A:C,HYPERTENSION,0.0078720,0.1036,425740,-0.0056800,0.2285,425743,0.041135,0.00002462,318398,-0.0041374,0.1800,472174,0.069400,0.002728,52313,-0.015773,0.4519,11276,0.0056850,0.8522,18536,-0.034396,0.2597,18536
14:100829602:CA:C,SBP,-0.019440,1.730e-10,425740,-0.013680,0.000004096,425743,-0.022739,0.00003736,318398,,,,-0.039600,0.02286,52313,,,,,,,,,
7:28751787:G:A,SBP,-0.010600,0.00006797,425740,-0.0063410,0.01456,425743,-0.010940,0.1067,318398,-0.0019693,0.3400,472174,-0.018400,0.1837,52313,-0.013114,0.3038,11277,0.014279,0.1459,18536,0.020042,0.04127,18536
13:33713419:A:G,SBP,-0.0079080,0.006719,425740,-0.0042060,0.1394,425743,-0.013903,0.03302,318398,-0.0022999,0.3300,472174,-0.0013000,0.9373,52313,0.013465,0.3998,11277,-0.0043312,0.7305,18536,0.0088214,0.4830,18536
1:48002447:G:A,SBP,0.021830,6.042e-9,425740,0.013510,0.0002242,425743,0.022450,0.001361,318398,0.0049520,0.08900,472174,0.020600,0.3241,52313,-0.072545,0.01499,11277,-0.0066024,0.7943,18536,-0.0046554,0.8541,18536
10:18275883:A:G,SBP,-0.014480,1.915e-8,425740,-0.0031160,0.2151,425743,-0.0049875,0.4268,318398,-0.00079134,0.7000,472174,0.0031000,0.8210,52313,0.019069,0.1502,11277,0.0079632,0.4537,18536,-0.0050257,0.6363,18536
6:169633335:T:C,SBP/DBP,-0.018070,2.484e-11,425740,0.020150,2.307e-14,425743,-0.0059821,0.3927,318398,0.0024093,0.2300,472174,0.0083000,0.5416,52313,0.020636,0.1288,11277,-0.010850,0.2914,18536,0.0020905,0.8389,18536
5:148313422:T:C,SBP,-0.0068000,0.009924,425740,0.00040640,0.8745,425743,-0.0089597,0.1879,318398,-0.00064642,0.7500,472174,-0.015100,0.2757,52313,-0.015298,0.2478,11277,-0.013011,0.2530,18536,-0.0020791,0.8550,18536
11:78128797:C:T,SBP,-0.021700,1.147e-10,425740,-0.0094000,0.004200,425743,-0.017840,0.008218,318398,0.0052852,0.04900,472174,,,,-0.010141,0.4697,11267,,,,,,
19:50379053:A:G,SBP,-0.0078060,0.003128,425740,-0.0099340,0.0001154,425743,-0.022739,0.000002177,318398,0.0032327,0.1100,472174,-0.033300,0.01521,52313,0.019579,0.1336,11277,-0.0055542,0.5786,18536,-0.011474,0.2512,18536
2:69639911:G:A,SBP,-0.0085360,0.0008515,425740,-0.0057000,0.02239,425743,-0.016857,0.0001252,318398,0.0016521,0.4200,472174,0.0017000,0.9022,52313,0.0060160,0.6507,11254,-0.0070984,0.4904,18536,-0.020696,0.04437,18536
9:754238:G:A,SBP,0.013890,0.00005026,425740,0.0094200,0.004799,425743,0.013693,0.04854,318398,0.0026029,0.3300,472174,-0.011600,0.5646,52313,0.0068410,0.7693,11277,-0.015356,0.4311,18536,-0.0020062,0.9181,18536
6:161089307:C:T,HYPERTENSION,-0.021880,1.254e-9,425740,-0.0097660,0.005455,425743,0.040718,4.270e-9,318398,-0.00041129,0.8800,472174,0.023000,0.1878,52313,-0.00028500,0.9866,11277,-0.031476,0.02360,18536,-0.012817,0.3566,18536
13:20230525:A:G,HYPERTENSION,-0.025460,1.628e-10,425740,-0.011360,0.003445,425743,-0.036332,0.00003880,318398,-0.0017911,0.5500,472174,0.056000,0.1141,52313,-0.028521,0.2247,11277,-0.022257,0.2686,18536,-0.037940,0.05932,18536
8:95278307:G:C,HYPERTENSION,0.023800,2.296e-10,425740,-0.0051270,0.1615,425743,0.023269,0.0004688,318398,0.0036916,0.2200,472174,0.046200,0.03126,52313,0.037380,0.03558,11277,0.024956,0.09299,18536,0.0061970,0.6766,18536
19:50384882:A:G,HYPERTENSION,-0.0092140,0.0004249,425740,-0.010950,0.00001752,425743,-0.023717,9.558e-7,318398,0.0033237,0.1000,472174,-0.039600,0.004090,52313,0.017252,0.1882,11277,-0.0050176,0.6425,18536,-0.013232,0.2209,18536
6:9541091:A:G,HYPERTENSION,-0.016430,4.339e-10,425740,-0.0078230,0.002309,425743,-0.025668,0.000003605,318398,0.0040682,0.04800,472174,-0.030500,0.02383,52313,-0.031002,0.02174,11277,-0.022490,0.02587,18536,-0.016751,0.09701,18536
5:32862969:G:C,HYPERTENSION,-0.044510,5.888e-8,425740,-0.036950,0.000003931,425743,-0.053541,0.001422,318398,0.0081191,0.1800,472174,-0.022900,0.7592,52313,-0.048895,0.2535,11277,-0.022319,0.6509,18536,-0.0069662,0.8877,18536
19:50976882:G:A,HYPERTENSION,-0.029490,0.00001561,425740,-0.021200,0.001450,425743,-0.032467,0.007948,318398,-0.00039543,0.9400,472174,-0.094900,0.01318,52313,0.011199,0.6588,11276,0.0055720,0.7826,18536,0.0036120,0.8580,18536
1:2061969:T:C,HYPERTENSION,0.012270,0.000003122,425740,0.0085070,0.0009153,425743,0.018266,0.0002164,318398,-0.0017883,0.3800,472174,0.017000,0.2213,52313,0.017702,0.1850,11277,0.0037766,0.7218,18536,0.0031676,0.7653,18536
10:134323564:G:A,HYPERTENSION,0.0080330,0.002803,425740,0.013630,1.998e-7,425743,0.018979,0.00007936,318398,0.00048993,0.8100,472174,0.021800,0.1065,52313,0.00043900,0.9732,11277,0.010552,0.3773,18536,0.0036494,0.7601,18536
14:60491133:G:A,HYPERTENSION,-0.0063330,0.06933,425740,-0.014780,0.00001384,425743,-0.020783,0.002137,318398,0.0032405,0.2400,472174,-0.057900,0.007676,52313,-0.025619,0.3261,11277,-0.0017917,0.9476,18536,-0.024645,0.3662,18536
12:105871610:G:A,SBP,-0.014330,0.000001430,425740,-0.0071840,0.01324,425743,-0.018822,0.0005263,318398,0.0033971,0.1400,472174,-0.021000,0.2166,52313,0.031297,0.03730,11277,-0.012313,0.2956,18536,-0.011174,0.3425,18536
3:129049536:T:C,HYPERTENSION,-0.0055730,0.03876,425740,0.0022600,0.3902,425743,-0.027615,1.400e-7,318398,0.0021722,0.3100,472174,,,,,,,,,,,,
16:2066342:G:A,HYPERTENSION,0.022970,0.000007163,425740,0.021040,0.00002487,425743,0.046253,0.00002997,318398,-0.0057691,0.1500,472174,0.017600,0.4577,52313,0.034261,0.5597,11277,0.017845,0.8292,18536,0.031475,0.7036,18536
17:21279289:C:T,HYPERTENSION,-0.0089640,0.002006,425740,0.0070790,0.01237,425743,-0.018822,0.0006252,318398,-0.0012923,0.5500,472174,-0.018000,0.1996,52313,0.0098080,0.5579,11277,-0.0045828,0.7681,18536,-0.020025,0.1976,18536
7:26421607:T:C,HYPERTENSION,0.0086610,0.001797,425740,0.0010540,0.6968,425743,0.019591,0.001295,318398,-0.0073980,0.0004500,472174,0.028200,0.04320,52313,0.000079000,0.9956,11277,-0.0016535,0.8878,18536,-0.0053489,0.6482,18536
6:22941834:C:T,HYPERTENSION,-0.0078180,0.03256,425740,0.0033390,0.3493,425743,-0.026642,0.0001068,318398,0.00098075,0.7400,472174,-0.072600,0.0002555,52313,-0.0081700,0.6641,11277,-0.020186,0.1838,18536,-0.0088762,0.5589,18536
15:95322411:T:A,HYPERTENSION,0.015550,0.00001948,425740,0.013960,0.00008472,425743,0.030356,0.00003176,318398,0.010315,0.0003700,472174,0.030200,0.1742,52313,0.0040900,0.8488,11277,-0.012230,0.4747,18536,-0.0055372,0.7462,18536
12:2450595:G:A,HYPERTENSION,0.0095050,0.0007071,425740,0.0030810,0.2604,425743,0.019897,0.0001738,318398,0.00025311,0.9100,472174,0.015500,0.2679,52313,-0.014064,0.2896,11277,-0.0020663,0.8458,18536,-0.0093378,0.3794,18536
2:69592114:G:A,HYPERTENSION,-0.0090760,0.0004179,425740,-0.0063880,0.01089,425743,-0.016857,0.0001426,318398,0.0020729,0.3100,472174,,,,,,,0.0059129,0.5991,18536,-0.011364,0.3124,18536
16:15817195:G:C,HYPERTENSION,0.010700,0.0003397,425740,0.0086160,0.003093,425743,0.038325,4.830e-10,318398,-0.0061640,0.007400,472174,0.020100,0.1891,52313,-0.0011950,0.9296,11277,0.014336,0.2274,18536,0.0040086,0.7357,18536
5:33405025:G:A,HYPERTENSION,-0.020180,6.948e-12,425740,-0.013420,0.000002934,425743,-0.032467,4.253e-8,318398,-0.0010875,0.6400,472174,-0.043600,0.008703,52313,0.0078200,0.7423,11277,-0.019496,0.3032,18536,-0.0078009,0.6804,18536
6:2070411:A:C,SBP,0.017570,1.950e-11,425740,0.0014780,0.5629,425743,0.017248,0.0002574,318398,-0.0029483,0.1500,472174,0.028700,0.03506,52313,0.020287,0.1214,11268,,,,,,
16:89693761:A:C,SBP,-0.0021320,0.4128,425740,-0.018670,1.929e-13,425743,-0.028587,1.855e-7,318398,-0.0035925,0.07900,472174,-0.0084000,0.5424,52313,-0.026005,0.07512,11261,-0.030043,0.01566,18536,-0.040925,0.0009944,18536
16:343980:T:G,SBP,-0.015730,0.000003937,425740,-0.0057780,0.08214,425743,-0.019803,0.002491,318398,0.0057287,0.03300,472174,-0.015400,0.4464,52313,-0.030636,0.04622,11260,-0.017191,0.2506,18536,-0.010205,0.4953,18536
6:25337431:G:C,HYPERTENSION,0.012190,0.000002468,425740,0.0099180,0.00008477,425743,0.027166,1.336e-7,318398,-0.0021300,0.2900,472174,0.0020000,0.8813,52313,0.011454,0.3891,11277,0.0046754,0.6494,18536,-0.0036388,0.7235,18536
5:100811770:G:C,HYPERTENSION,-0.0083200,0.01728,425740,-0.0039010,0.2525,425743,-0.021761,0.0006874,318398,-0.00092412,0.7000,472174,-0.013800,0.4391,52313,-0.030703,0.1914,11277,0.014445,0.5949,18536,-0.045255,0.09568,18536
2:177518748:T:C,HYPERTENSION,0.0082370,0.001799,425740,0.0081970,0.001449,425743,0.016739,0.0004169,318398,0.00079411,0.7000,472174,0.0051000,0.7106,52313,0.0096900,0.4584,11277,0.013825,0.1934,18536,0.0055611,0.6008,18536
5:106345341:T:C,HYPERTENSION,-0.0042130,0.1014,425740,0.0053220,0.03386,425743,-0.026642,9.784e-8,318398,-0.0045939,0.02500,472174,,,,0.0018380,0.8888,11277,-0.017117,0.1720,18536,-0.014072,0.2615,18536
5:117880113:T:G,HYPERTENSION,0.011670,0.0002172,425740,0.0022120,0.4724,425743,0.036768,8.956e-9,318398,0.0024511,0.3400,472174,,,,,,,,,,,,
5:63883738:G:A,HYPERTENSION,-0.00082410,0.7647,425740,-0.00055030,0.8376,425743,0.022962,0.00001397,318398,0.00024653,0.9100,472174,0.041800,0.002761,52313,0.018040,0.1692,11277,0.040320,0.0002854,18536,0.025937,0.01960,18536
2:100594818:AG:A,HYPERTENSION,-0.015780,0.00002124,425740,-0.013750,0.0001454,425743,-0.042101,3.591e-8,318398,,,,-0.042000,0.01205,52313,0.021594,0.1722,11277,,,,,,
15:64832036:A:G,HYPERTENSION,-0.0048870,0.3519,425740,0.00088900,0.8622,425743,-0.061095,1.381e-8,318398,0.0087467,0.02800,472174,-0.060700,0.004327,52313,-0.033175,0.09399,11276,-0.014350,0.3630,18536,0.0099828,0.5269,18536
18:57735675:C:G,HYPERTENSION,0.0087390,0.003113,425740,-0.00071170,0.8050,425743,0.013896,0.002745,318398,-0.0015570,0.4900,472174,0.025100,0.1367,52313,-0.00055500,0.9672,11276,0.017941,0.09066,18536,0.011224,0.2898,18536
4:83886805:A:G,HYPERTENSION,-0.019640,2.446e-11,425740,-0.0024170,0.3995,425743,-0.024693,0.00003519,318398,0.0053210,0.01900,472174,-0.062200,0.0001730,52313,-0.011200,0.4195,11277,,,,,,
6:109134462:G:T,SBP,0.0076760,0.003291,425740,-0.0029600,0.2452,425743,0.012376,0.07576,318398,0.0016970,0.4100,472174,-0.012200,0.3910,52313,0.011552,0.4071,11277,,,,,,
16:69752464:C:G,SBP,0.020280,1.446e-7,425740,0.013020,0.0005359,425743,0.014606,0.02819,318398,0.0024205,0.4200,472174,,,,0.020815,0.2185,11277,-0.00067794,0.9577,18536,0.0043337,0.7344,18536
2:50436306:C:T,SBP,-0.016540,1.247e-8,425740,-0.0080500,0.004493,425743,-0.011929,0.02632,318398,0.00087776,0.6900,472174,-0.021100,0.2100,52313,-0.016915,0.2123,11277,0.018186,0.08085,18536,0.0085967,0.4092,18536
4:124809291:G:A,SBP,-0.010640,0.001703,425740,0.0025450,0.4418,425743,-0.016857,0.05752,318398,-0.0011549,0.6500,472174,-0.034400,0.05741,52313,0.026092,0.1284,11277,0.015189,0.2877,18536,0.0073608,0.6064,18536
19:41072890:C:A,SBP,0.011790,0.000008434,425740,-0.013780,9.391e-8,425743,0.0065212,0.3527,318398,0.0025533,0.2200,472174,,,,,,,,,,,,
11:43800474:A:G,SBP/DBP,-0.0084730,0.0008878,425740,-0.00066480,0.7892,425743,-0.025668,6.118e-8,318398,0.0012991,0.5200,472174,-0.012300,0.3631,52313,0.00059400,0.9634,11277,-0.0050060,0.6137,18536,0.0061872,0.5326,18536
13:56418447:C:A,SBP,-0.0062180,0.04859,425740,-0.0056070,0.06823,425743,-0.0059821,0.4648,318398,0.0020097,0.4200,472174,0.010200,0.5059,52313,0.0097430,0.4774,11277,0.011617,0.2992,18536,-0.0010264,0.9269,18536
8:65499192:T:G,SBP,0.0063690,0.02827,425740,-0.0072810,0.01015,425743,0.012680,0.02422,318398,-0.0012227,0.5900,472174,0.018400,0.1932,52313,0.0019190,0.8843,11277,-0.0059249,0.5719,18536,-0.00077092,0.9414,18536
2:242396817:G:A,SBP,-0.024730,2.829e-10,425740,-0.011340,0.003021,425743,-0.014889,0.03427,318398,,,,,,,,,,,,,,,
12:51355243:G:A,SBP/DBP,-0.019810,0.0003402,425740,-0.022230,0.00003746,425743,-0.043059,0.000006233,318398,0.0025568,0.5600,472174,-0.033700,0.1799,52313,-0.030051,0.6271,11277,0.054944,0.5706,18536,0.016114,0.8679,18536
2:144965236:G:C,SBP,-0.0045590,0.09626,425740,-0.0019770,0.4595,425743,-0.013903,0.05084,318398,-0.0034158,0.09200,472174,-0.032000,0.01801,52313,0.021305,0.1202,11277,,,,,,
2:105210762:T:C,SBP,-0.011590,0.00001465,425740,-0.0031680,0.2243,425743,-0.013903,0.01776,318398,0.0010610,0.6000,472174,-0.0083000,0.5362,52313,-0.011482,0.3839,11277,-0.0049183,0.6366,18536,-0.012508,0.2296,18536
1:41740122:A:G,SBP,-0.021200,0.0006748,425740,-0.026950,0.000009414,425743,-0.031499,0.01896,318398,-0.0015087,0.7600,472174,-0.037600,0.3688,52313,0.043286,0.4287,11277,0.015473,0.7860,18536,0.038688,0.4972,18536
6:31846798:G:A,HYPERTENSION,-0.026860,0.006440,425740,-0.019130,0.04668,425743,-0.068593,0.0002745,318398,-0.022863,0.006700,472174,0.011800,0.8328,52313,,,,-0.14072,0.4760,18536,0.0034096,0.9862,18536
11:69818700:G:A,HYPERTENSION,-0.0036400,0.5384,425740,-0.013950,0.01562,425743,-0.044017,0.00003176,318398,-0.00093432,0.8400,472174,-0.042800,0.2491,52313,-0.031570,0.4904,11277,-0.010328,0.7525,18536,0.020793,0.5256,18536
2:200044448:G:A,HYPERTENSION,-0.0054580,0.03112,425740,-0.0077300,0.001746,425743,-0.013903,0.001927,318398,-0.0010786,0.5900,472174,,,,-0.0066470,0.6014,11272,0.0063422,0.5250,18536,-0.0028196,0.7775,18536
1:201870221:A:G,HYPERTENSION,-0.0041330,0.1225,425740,0.017580,1.621e-11,425743,0.011769,0.009708,318398,-0.0044885,0.03400,472174,0.017100,0.2457,52313,-0.0071780,0.6159,11277,-0.0018452,0.8731,18536,0.0035961,0.7555,18536
16:69362779:C:A,HYPERTENSION,-0.011740,0.01893,425740,-0.0065360,0.1804,425743,-0.041142,0.00001665,318398,0.0075826,0.06000,472174,,,,0.021384,0.2300,11277,-0.011300,0.4276,18536,-0.017140,0.2289,18536
11:91914752:T:C,HYPERTENSION,-0.0048200,0.06655,425740,-0.0080800,0.001613,425743,-0.025668,0.000002623,318398,0.0019578,0.3300,472174,-0.023300,0.08562,52313,0.017964,0.1928,11277,-0.017651,0.2549,18536,0.0013168,0.9323,18536
10:13574474:A:G,HYPERTENSION,0.0061030,0.02517,425740,0.0077140,0.003719,425743,0.023269,0.00001900,318398,0.0036686,0.06800,472174,0.020400,0.1472,52313,0.0034430,0.7944,11277,0.00081213,0.9379,18536,-0.0036774,0.7241,18536
2:17443270:C:G,HYPERTENSION,0.0076070,0.01054,425740,0.0045780,0.1146,425743,0.031387,2.009e-8,318398,-0.00050325,0.8300,472174,0.031700,0.06314,52313,-0.0037850,0.7754,11277,0.0031715,0.7592,18536,-0.0041331,0.6896,18536
17:46614250:A:T,HYPERTENSION,-0.036790,1.986e-12,425740,-0.0072850,0.1532,425743,-0.035367,0.0001763,318398,-0.0032400,0.4100,472174,-0.086800,0.006465,52313,-0.038696,0.4804,11277,0.058288,0.4596,18536,0.10633,0.1774,18536
7:2563672:G:A,HYPERTENSION,-0.0072690,0.006460,425740,-0.016660,1.548e-10,425743,-0.013903,0.05196,318398,-0.0045999,0.03600,472174,-0.053800,0.0005047,52313,-0.018481,0.1887,11277,-0.012572,0.3209,18536,-0.0058643,0.6434,18536
17:2552056:A:T,SBP/DBP,-0.015200,1.022e-7,425740,-0.013030,0.000002918,425743,-0.0079682,0.2846,318398,-0.0063065,0.003000,472174,,,,,,,-0.048240,0.006452,18536,-0.024050,0.1745,18536
3:74704649:A:T,SBP/DBP,-0.0064190,0.01319,425740,-0.0024880,0.3247,425743,-0.0049875,0.4827,318398,0.0031830,0.1200,472174,-0.025600,0.05836,52313,0.024425,0.09360,11277,-0.0031515,0.7947,18536,0.00023881,0.9843,18536
15:59429160:G:A,SBP,-0.010960,0.00005575,425740,0.0070260,0.008079,425743,-0.015873,0.003768,318398,0.0016411,0.4200,472174,0.010500,0.4876,52313,-0.011055,0.4328,11277,0.0098023,0.5366,18536,0.0031849,0.8409,18536
1:207233621:C:A,SBP,-0.0066530,0.01054,425740,-0.0076440,0.002585,425743,-0.015873,0.0009685,318398,0.0030895,0.1300,472174,-0.045400,0.0009087,52313,0.027113,0.05737,11277,0.0024922,0.8289,18536,-0.0074343,0.5192,18536
10:53638096:C:T,SBP,-0.0098940,0.007148,425740,-0.012320,0.0005927,425743,-0.027615,0.0001733,318398,-0.0038725,0.1500,472174,-0.010400,0.5511,52313,-0.0070140,0.6814,11277,-0.010814,0.4787,18536,-0.0057619,0.7058,18536
12:133813738:G:T,HYPERTENSION,0.0074250,0.01166,425740,-0.0011450,0.6901,425743,0.022348,0.00005705,318398,0.0041060,0.04600,472174,0.019400,0.1577,52313,-0.0047380,0.7312,11277,-0.018234,0.2532,18536,-0.012801,0.4224,18536
17:57979002:A:G,HYPERTENSION,0.025280,3.108e-14,425740,0.0016410,0.6133,425743,0.042594,8.755e-11,318398,0.0059087,0.02000,472174,,,,,,,,,,,,
10:76958658:T:C,HYPERTENSION,0.0051900,0.07578,425740,-0.00095780,0.7369,425743,0.030047,2.869e-7,318398,0.0054829,0.01600,472174,0.027100,0.06211,52313,0.018101,0.1866,11277,0.026759,0.01866,18536,0.011960,0.2931,18536
5:167589015:C:G,HYPERTENSION,-0.0067690,0.009990,425740,-0.0071630,0.005194,425743,-0.028587,1.828e-8,318398,0.0028935,0.1600,472174,-0.021100,0.1279,52313,0.0065130,0.6171,11277,-0.0076180,0.5077,18536,-0.012304,0.2846,18536
19:21879577:A:G,HYPERTENSION,-0.0069020,0.009347,425740,-0.010380,0.00006104,425743,-0.016857,0.001123,318398,-0.0020690,0.3100,472174,-0.0080000,0.5602,52313,0.0043670,0.7387,11277,-0.021226,0.04031,18536,-0.0026447,0.7983,18536
7:133581473:C:G,HYPERTENSION,-0.010470,0.009088,425740,-0.0022080,0.5728,425743,-0.019803,0.009454,318398,0.00037386,0.9000,472174,,,,0.0057760,0.8031,11276,,,,,,
3:25114032:C:G,HYPERTENSION,-0.0056480,0.1517,425740,0.00049410,0.8977,425743,-0.029559,0.00001967,318398,-0.0016058,0.5900,472174,-0.018000,0.4352,52313,0.010357,0.5441,11277,-0.0077026,0.5436,18536,0.0079509,0.5307,18536
1:2934735:C:T,HYPERTENSION,-0.0021280,0.6287,425740,-0.021220,7.729e-7,425743,-0.035367,0.00002169,318398,0.0030769,0.3500,472174,-0.0050000,0.8870,52313,-0.029965,0.6189,11277,-0.17712,0.04718,18536,-0.17113,0.05517,18536
2:193829469:A:G,HYPERTENSION,0.011150,0.000009810,425740,0.0039410,0.1090,425743,0.018673,0.0003266,318398,-0.0020881,0.3000,472174,,,,0.0010630,0.9359,11268,0.010631,0.3123,18536,0.0027891,0.7909,18536
11:113451229:C:G,HYPERTENSION,-0.0089550,0.0006175,425740,-0.0098670,0.0001097,425743,-0.025668,5.102e-7,318398,0.0037164,0.06800,472174,-0.030900,0.03634,52313,0.0076460,0.5680,11277,-0.00055463,0.9559,18536,-0.0027121,0.7870,18536
16:85318295:G:A,SBP,-0.0091010,0.001005,425740,-0.0074150,0.006003,425743,-0.013903,0.05290,318398,0.00023186,0.9100,472174,0.0087000,0.5483,52313,0.0011110,0.9440,11275,-0.010739,0.5578,18536,0.0037927,0.8360,18536
10:102643219:C:G,SBP,0.0062600,0.1394,425740,0.0091770,0.02630,425743,0.022552,0.03664,318398,0.0025698,0.4200,472174,0.037400,0.08087,52313,-0.0045540,0.7898,11277,0.0098395,0.4970,18536,0.021113,0.1450,18536
14:68018247:C:G,SBP,-0.0087660,0.01000,425740,-0.0061520,0.06384,425743,-0.018822,0.01019,318398,0.0012219,0.6400,472174,-0.017000,0.3311,52313,0.039015,0.01355,11277,0.0014803,0.9079,18536,0.012158,0.3420,18536
10:24669877:C:G,SBP,0.0059820,0.03673,425740,-0.0030910,0.2685,425743,0.0025031,0.7427,318398,-0.000059890,0.9800,472174,-0.016800,0.2978,52313,0.013600,0.4212,11277,0.0012581,0.9417,18536,-0.010634,0.5365,18536
5:15698919:A:T,SBP,-0.0090290,0.001411,425740,0.0024990,0.3649,425743,-0.010940,0.1306,318398,0.000026760,0.9900,472174,-0.010900,0.4456,52313,-0.024190,0.09218,11277,-0.011339,0.2955,18536,-0.011453,0.2907,18536
13:20239638:AGCCTGTCCTGG:A,SBP,0.024530,2.990e-10,425740,0.010630,0.005128,425743,0.032420,0.0001478,318398,,,,-0.054000,0.09404,52313,0.024864,0.2849,11277,,,,,,
17:40388430:G:A,SBP,0.021740,0.000006886,425740,-0.020640,0.00001200,425743,-0.00099950,0.9570,318398,-0.0052965,0.1700,472174,-0.010600,0.6118,52313,0.051231,0.3026,11276,0.0078401,0.8553,18536,0.00066726,0.9876,18536
2:179680971:T:C,SBP,0.0047160,0.1283,425740,0.017610,5.785e-9,425743,0.021326,0.0005523,318398,0.000089800,0.9700,472174,0.033500,0.03480,52313,0.0060640,0.6662,11277,-0.013675,0.2294,18536,-0.011744,0.3020,18536
21:35292742:A:G,SBP,-0.020720,0.0003554,425740,-0.014450,0.01068,425743,-0.0089597,0.5753,318398,-0.00075612,0.8700,472174,-0.058900,0.2330,52313,-0.070510,0.3240,11275,-0.087563,0.1663,18536,-0.068183,0.2812,18536
6:51761100:C:T,SBP,0.012530,0.000006164,425740,0.0029800,0.2704,425743,0.013693,0.01224,318398,0.00043225,0.8400,472174,0.0059000,0.6686,52313,,,,,,,,,
15:68080886:A:T,HYPERTENSION,-0.0098220,0.0001841,425740,-0.015020,4.491e-9,425743,-0.026642,2.921e-8,318398,0.0030514,0.1400,472174,-0.023000,0.1052,52313,-0.0066580,0.5986,11277,-0.019622,0.05072,18536,-0.015629,0.1197,18536
7:74034475:G:A,HYPERTENSION,0.0045120,0.3681,425740,0.029280,2.112e-9,425743,0.045835,0.000003833,318398,0.0039463,0.2500,472174,,,,,,,0.0098931,0.7559,18536,0.029706,0.3505,18536
7:155744303:C:G,HYPERTENSION,-0.012200,0.000003321,425740,-0.0055370,0.03053,425743,-0.017840,0.0003097,318398,-0.0038115,0.06000,472174,-0.0078000,0.5679,52313,0.013610,0.3045,11277,0.0067135,0.5237,18536,0.013653,0.1947,18536
7:69286887:G:C,HYPERTENSION,0.020960,0.0002122,425740,0.017060,0.001993,425743,0.053190,0.000005212,318398,0.0018178,0.6800,472174,,,,,,,0.024687,0.2323,18536,0.018567,0.3690,18536
19:1224999:A:G,HYPERTENSION,-0.014970,0.000004865,425740,-0.020080,3.241e-10,425743,-0.027615,0.00001367,318398,-0.0016283,0.4700,472174,-0.029600,0.05305,52313,-0.015938,0.2408,11275,0.0030592,0.7966,18536,0.0021583,0.8557,18536
21:44829595:C:T,HYPERTENSION,-0.0090230,0.4751,425740,-0.041040,0.0008667,425743,-0.10885,0.00001090,318398,0.014752,0.08600,472174,,,,,,,-0.064282,0.1854,18536,-0.084877,0.08034,18536
7:150072500:G:C,HYPERTENSION,-0.020110,4.477e-13,425740,-0.012510,0.000003884,425743,-0.021761,0.0001532,318398,0.0094936,0.00001500,472174,-0.020000,0.1557,52313,0.0059470,0.6467,11277,,,,,,
15:60978246:C:G,HYPERTENSION,-0.016460,3.124e-7,425740,-0.013960,0.000008720,425743,-0.027615,0.00004270,318398,0.0015135,0.5300,472174,-0.017200,0.3067,52313,-0.020345,0.3713,11277,,,,,,
12:84356791:T:C,HYPERTENSION,0.0091600,0.0004514,425740,0.0087050,0.0006304,425743,0.033660,1.472e-10,318398,-0.0053367,0.008100,472174,0.0031000,0.8196,52313,-0.014875,0.2900,11277,0.017465,0.1142,18536,0.017763,0.1081,18536
15:100096384:T:C,HYPERTENSION,-0.012240,0.001251,425740,-0.0072290,0.05062,425743,-0.031499,0.00001880,318398,-0.00046064,0.8600,472174,-0.012100,0.4932,52313,0.0081760,0.6659,11277,-0.021572,0.1469,18536,-0.0021299,0.8861,18536
13:54329813:C:G,SBP,-0.020310,6.897e-9,425740,-0.015130,0.000009656,425743,-0.013903,0.02501,318398,0.00057453,0.8400,472174,,,,,,,-0.010328,0.5008,18536,-0.000042733,0.9978,18536
2:235788162:A:T,SBP,-0.011090,0.01331,425740,-0.0077170,0.07744,425743,-0.017840,0.1331,318398,-0.0027827,0.4100,472174,-0.046400,0.04704,52313,0.0012230,0.9720,11277,0.023768,0.3451,18536,0.019612,0.4360,18536
6:144303140:T:C,SBP/DBP,0.021500,2.136e-9,425740,0.017800,3.732e-7,425743,0.024600,0.0002449,318398,0.00086438,0.7400,472174,0.034000,0.03227,52313,0.00019500,0.9896,11277,0.015395,0.1673,18536,0.021893,0.04957,18536
6:23181158:G:A,SBP,0.0064970,0.01298,425740,0.0067850,0.007812,425743,0.012073,0.008238,318398,-0.0020289,0.3300,472174,0.0084000,0.5330,52313,0.014125,0.2916,11277,0.0071615,0.4743,18536,0.0080295,0.4224,18536
12:24195048:T:A,SBP,-0.0075160,0.003751,425740,-0.0026810,0.2891,425743,-0.012916,0.05365,318398,-0.00066655,0.7400,472174,0.0032000,0.8165,52313,0.0020150,0.8810,11277,-0.023985,0.02126,18536,-0.020653,0.04733,18536
1:32386504:C:T,SBP,-0.019730,0.0004407,425740,0.0027670,0.6133,425743,-0.033435,0.0007713,318398,-0.0071160,0.09700,472174,-0.074100,0.04070,52313,-0.011033,0.7500,11277,0.027434,0.6247,18536,0.00061757,0.9912,18536
10:17158290:C:G,SBP,-0.010560,0.00005296,425740,-0.010200,0.00006305,425743,-0.0089597,0.1957,318398,0.00091449,0.6500,472174,-0.044200,0.001043,52313,-0.000081000,0.9950,11277,0.0076145,0.4553,18536,-0.0043267,0.6714,18536
16:14398176:T:C,SBP,-0.014990,2.857e-8,425740,-0.0057620,0.02870,425743,-0.0079682,0.2438,318398,-0.0043762,0.03400,472174,-0.0022000,0.8739,52313,-0.018074,0.1933,11274,-0.011263,0.2661,18536,-0.0016589,0.8699,18536
14:30093013:T:C,HYPERTENSION,0.0086590,0.001100,425740,-0.0011970,0.6437,425743,0.028194,1.027e-7,318398,0.0020893,0.3100,472174,0.0083000,0.5456,52313,0.00036500,0.9777,11277,0.0067831,0.4936,18536,0.0022971,0.8167,18536
2:181567556:T:A,HYPERTENSION,0.014640,4.218e-8,425740,0.000010300,0.9968,425743,0.022143,0.00003593,318398,-0.0020327,0.3300,472174,0.033100,0.01863,52313,0.0034460,0.8013,11277,0.022097,0.03958,18536,0.031989,0.002887,18536
2:208882584:C:T,HYPERTENSION,-0.024100,1.208e-10,425740,-0.022370,8.977e-10,425743,-0.019803,0.005543,318398,-0.0042765,0.1600,472174,-0.034000,0.09394,52313,0.0025780,0.9339,11277,-0.0036147,0.9109,18536,0.048090,0.1366,18536
18:3603182:T:A,HYPERTENSION,-0.012790,0.00001685,425740,-0.0073480,0.01127,425743,-0.027615,0.000001253,318398,0.0015002,0.5100,472174,-0.024200,0.1522,52313,0.019644,0.1897,11277,-0.016795,0.3135,18536,-0.021009,0.2074,18536
7:48757295:G:A,HYPERTENSION,0.0088050,0.0004595,425740,0.0068990,0.004886,425743,0.021121,0.00001072,318398,-0.00070834,0.7200,472174,0.017700,0.1897,52313,-0.0012470,0.9222,11277,-0.000087117,0.9934,18536,0.0030102,0.7761,18536
2:191567541:G:C,HYPERTENSION,-0.018480,9.518e-11,425740,-0.011500,0.00003585,425743,-0.020783,0.0001196,318398,-0.0087962,0.00008900,472174,-0.027800,0.1384,52313,-0.019806,0.2345,11277,-0.0067971,0.6030,18536,-0.028632,0.02846,18536
2:165620175:A:G,HYPERTENSION,-0.017780,0.001419,425740,-0.0054050,0.3200,425743,-0.057325,2.703e-8,318398,-0.013035,0.002000,472174,-0.041900,0.1473,52313,0.0063500,0.8416,11277,-0.029044,0.2174,18536,-0.050499,0.03200,18536
8:26404416:C:T,HYPERTENSION,-0.010210,0.007134,425740,-0.014210,0.0001238,425743,-0.029559,0.00007547,318398,-0.00047133,0.8800,472174,,,,,,,,,,,,
10:82273079:T:C,HYPERTENSION,-0.015790,5.228e-7,425740,-0.0033570,0.2740,425743,-0.031499,0.000001552,318398,-0.0014740,0.5500,472174,-0.00080000,0.9583,52313,-0.011266,0.5611,11277,-0.0016649,0.9117,18536,-0.014590,0.3314,18536
6:119113317:T:C,HYPERTENSION,-0.014910,4.685e-7,425740,-0.018290,2.362e-10,425743,-0.025668,0.000003247,318398,0.0020200,0.3800,472174,-0.019800,0.2364,52313,-0.0093170,0.5646,11277,0.0024846,0.8383,18536,-0.011046,0.3642,18536
9:135782221:T:C,SBP,0.0038980,0.2653,425740,0.0057900,0.08983,425743,0.0022024,0.8156,318398,0.0025129,0.3700,472174,0.0015000,0.9411,52313,0.032549,0.1080,11276,0.0053065,0.7255,18536,-0.018827,0.2129,18536
5:155937650:G:A,SBP,-0.011500,0.0003329,425740,0.0070910,0.02335,425743,-0.0089597,0.2993,318398,-0.0012450,0.6200,472174,0.0032000,0.8517,52313,0.0046340,0.7928,11277,-0.0017578,0.8952,18536,0.010356,0.4379,18536
15:40789202:T:C,SBP,-0.014810,2.767e-8,425740,-0.0038980,0.1339,425743,-0.016857,0.001180,318398,0.0013375,0.5200,472174,-0.026600,0.04907,52313,0.0028880,0.8205,11276,-0.013437,0.1996,18536,-0.025482,0.01499,18536
1:15480494:C:A,SBP,-0.014450,0.000001459,425740,-0.0063490,0.03004,425743,-0.011929,0.04296,318398,-0.0018409,0.4400,472174,-0.0066000,0.6770,52313,-0.016122,0.3117,11277,,,,,,
3:128125692:T:C,SBP,-0.011410,0.006166,425740,0.0033500,0.4096,425743,-0.040182,9.863e-7,318398,-0.0010833,0.7400,472174,,,,,,,,,,,,
1:889238:G:A,SBP,-0.015930,0.005655,425740,-0.011840,0.03490,425743,-0.027615,0.07308,318398,0.0085962,0.05300,472174,,,,-0.0023750,0.9206,11277,-0.023139,0.1995,18536,-0.024385,0.1763,18536
1:164747619:A:G,SBP,-0.0071550,0.01468,425740,-0.0071730,0.01213,425743,0.00080032,0.9192,318398,0.0013497,0.5500,472174,-0.014400,0.3135,52313,-0.0054530,0.6952,11277,-0.015112,0.1615,18536,-0.017390,0.1072,18536
2:158508271:T:C,SBP,0.016020,0.00001631,425740,0.016720,0.000003999,425743,0.035213,1.657e-7,318398,0.0087697,0.002300,472174,0.066100,0.002101,52313,-0.023535,0.2789,11277,,,,,,
2:125429006:G:A,SBP,0.014160,4.243e-8,425740,0.010480,0.00003212,425743,0.014200,0.007066,318398,-0.0015966,0.4300,472174,-0.0039000,0.7776,52313,-0.0096800,0.4613,11277,0.0057453,0.6165,18536,-0.0017975,0.8755,18536
1:227225356:A:G,SBP,0.0073410,0.01088,425740,0.015120,7.488e-8,425743,0.011465,0.1345,318398,0.0014231,0.5300,472174,0.0077000,0.6145,52313,0.013070,0.4898,11277,0.026740,0.1426,18536,0.014678,0.4209,18536
7:56121304:G:A,SBP,-0.0041830,0.1310,425740,0.0043110,0.1105,425743,-0.0079682,0.2886,318398,-0.0017916,0.4100,472174,-0.012900,0.4114,52313,0.020033,0.1222,11277,-0.015749,0.1332,18536,0.00054778,0.9583,18536
5:147871966:G:A,HYPERTENSION,0.024500,3.819e-21,425740,0.021670,1.153e-17,425743,0.021019,0.00002128,318398,-0.0025365,0.2100,472174,0.032900,0.01716,52313,-0.0041820,0.7683,11277,0.016467,0.1356,18536,0.012731,0.2486,18536
8:77284322:T:C,HYPERTENSION,0.0096900,0.0003441,425740,0.0062880,0.01724,425743,0.016231,0.0003388,318398,-0.0021686,0.2900,472174,,,,-0.024873,0.05944,11263,0.011626,0.3310,18536,0.0038934,0.7448,18536
5:319151:G:A,HYPERTENSION,-0.010310,0.00005624,425740,-0.0079220,0.001500,425743,-0.027615,5.045e-8,318398,-0.0035727,0.07500,472174,-0.022800,0.09259,52313,0.0028250,0.8250,11277,-0.024759,0.01852,18536,-0.023439,0.02578,18536
2:54797113:C:A,HYPERTENSION,0.0094810,0.003175,425740,0.0084230,0.007202,425743,0.020917,0.0004701,318398,0.0029831,0.2400,472174,,,,,,,-0.0056460,0.6785,18536,-0.016513,0.2254,18536
9:28413461:C:A,HYPERTENSION,0.011560,0.00003256,425740,-0.0020550,0.4489,425743,0.023166,0.00002427,318398,-0.0026143,0.2200,472174,0.031900,0.02275,52313,0.0027940,0.8540,11277,0.012149,0.3250,18536,0.033495,0.006660,18536
17:1357160:C:G,HYPERTENSION,0.015470,1.388e-9,425740,-0.00086350,0.7289,425743,0.021734,0.00001900,318398,-0.0039294,0.05000,472174,0.020000,0.1454,52313,-0.0039390,0.7572,11277,0.012337,0.2744,18536,0.022709,0.04424,18536
3:128127643:G:A,HYPERTENSION,0.0084930,0.003591,425740,0.0063260,0.02616,425743,0.030356,8.154e-8,318398,-0.0022985,0.3000,472174,0.021700,0.1888,52313,0.0078640,0.5584,11277,0.0083454,0.4414,18536,0.0060015,0.5799,18536
4:25342606:A:G,HYPERTENSION,-0.012980,0.00008291,425740,-0.010610,0.0009723,425743,-0.023717,0.0001165,318398,0.0059736,0.01500,472174,-0.026100,0.09282,52313,0.015097,0.5623,11275,-0.062311,0.06572,18536,-0.019787,0.5590,18536
9:127900996:T:C,HYPERTENSION,0.023970,4.709e-10,425740,-0.017950,0.000001737,425743,0.033971,0.000006806,318398,0.0033282,0.2700,472174,0.044500,0.03899,52313,-0.016312,0.3960,11276,0.048267,0.03155,18536,0.018898,0.3999,18536
19:13043451:G:A,HYPERTENSION,0.012160,0.009215,425740,0.015530,0.0006488,425743,0.049190,9.867e-8,318398,-0.0020722,0.5400,472174,0.032500,0.08501,52313,-0.041117,0.4413,11277,-0.029216,0.5739,18536,-0.040105,0.4401,18536
12:32658637:C:T,SBP,0.0076550,0.003450,425740,0.0053970,0.03452,425743,0.011971,0.03399,318398,0.00048888,0.8100,472174,0.023800,0.09771,52313,0.0038770,0.7655,11277,0.00021410,0.9839,18536,0.014519,0.1714,18536
15:53085666:TG:T,SBP,0.022420,4.790e-10,425740,0.013330,0.0001471,425743,0.047406,4.038e-11,318398,,,,0.027100,0.2097,52313,0.022452,0.2160,11277,,,,,,
17:76164925:G:A,SBP,-0.022060,1.036e-9,425740,-0.012990,0.0002287,425743,-0.028587,0.00005625,318398,-0.0041331,0.1700,472174,-0.061700,0.007631,52313,-0.029962,0.1306,11277,,,,,,
11:69334307:A:G,SBP,-0.0078550,0.003643,425740,-0.0063380,0.01617,425743,-0.011929,0.02650,318398,0.0013831,0.5200,472174,-0.023800,0.07910,52313,0.0040770,0.7627,11277,0.0098982,0.3391,18536,0.00066457,0.9488,18536
12:95512031:G:A,SBP,-0.012210,0.0001792,425740,0.017670,2.678e-8,425743,-0.025668,0.0001034,318398,0.00051694,0.8400,472174,0.0092000,0.6420,52313,-0.022285,0.1174,11276,-0.0092850,0.4332,18536,0.0062329,0.5988,18536
16:83445288:G:A,SBP,-0.015280,9.700e-8,425740,-0.00052230,0.8518,425743,-0.020783,0.001048,318398,-0.00079574,0.7300,472174,-0.029400,0.04202,52313,0.0023840,0.8860,11277,-0.0046155,0.7443,18536,-0.011864,0.4017,18536
22:50321808:A:G,SBP,-0.011000,0.01322,425740,-0.00020940,0.9614,425743,-0.033435,0.00006749,318398,-0.0017364,0.6100,472174,-0.021100,0.4969,52313,-0.0068740,0.6524,11268,0.030709,0.04404,18536,0.015212,0.3185,18536
16:86082389:A:G,SBP,0.013440,0.00001029,425740,0.011610,0.00009305,425743,0.018673,0.001763,318398,-0.0026646,0.2700,472174,0.034300,0.03306,52313,-0.0069840,0.5863,11277,0.0063744,0.5109,18536,0.0040796,0.6740,18536
1:22283671:C:T,SBP,0.012270,0.000003252,425740,0.012230,0.000001958,425743,0.0086372,0.02874,318398,-0.00014724,0.9400,472174,0.012900,0.3385,52313,0.0017110,0.8972,11277,-0.011476,0.2877,18536,-0.0065418,0.5445,18536
6:21107228:C:G,SBP,0.0079390,0.003180,425740,0.0012370,0.6376,425743,0.013491,0.01294,318398,-0.0020020,0.3400,472174,0.021200,0.1423,52313,0.010030,0.5487,11276,0.014355,0.2983,18536,0.0044639,0.7464,18536
2:180720513:C:G,HYPERTENSION,-0.017210,1.469e-9,425740,0.0014970,0.5895,425743,-0.024693,0.00001053,318398,0.0037511,0.08600,472174,-0.035100,0.01219,52313,-0.010774,0.4581,11277,-0.012630,0.2658,18536,-0.0000066854,0.9995,18536
17:28900915:C:G,HYPERTENSION,-0.00033440,0.9012,425740,-0.0049350,0.06041,425743,0.016536,0.003125,318398,0.0051586,0.01100,472174,0.029600,0.02868,52313,,,,0.0091935,0.4996,18536,0.010672,0.4332,18536
10:107406014:G:A,HYPERTENSION,0.0068690,0.007337,425740,0.0080660,0.001248,425743,0.015418,0.0005421,318398,-0.0032103,0.1100,472174,0.041400,0.002202,52313,0.0022620,0.8657,11277,-0.0043323,0.6891,18536,-0.011814,0.2753,18536
3:184005785:A:G,HYPERTENSION,-0.00064170,0.9400,425740,0.034850,0.00002781,425743,0.028811,0.2013,318398,0.0069167,0.3000,472174,-0.016400,0.6734,52313,0.067675,0.6164,11272,-0.23868,0.02014,18536,-0.041695,0.6848,18536
8:134229535:A:G,HYPERTENSION,0.011910,0.000003546,425740,0.011670,0.000003186,425743,0.021224,0.00001740,318398,-0.0010329,0.6100,472174,0.011000,0.4266,52313,0.011819,0.3619,11277,0.010547,0.3082,18536,0.030441,0.003272,18536
12:121414915:G:A,HYPERTENSION,0.013420,3.832e-7,425740,0.0075140,0.003557,425743,0.023576,0.000005118,318398,0.0039079,0.06200,472174,0.029400,0.03347,52313,0.0021350,0.8667,11277,0.0046094,0.6412,18536,-0.0079397,0.4222,18536
20:6365645:G:A,HYPERTENSION,0.018710,1.139e-12,425740,0.015750,8.430e-10,425743,0.011162,0.02730,318398,-0.00093876,0.6400,472174,0.018700,0.1817,52313,0.0096190,0.4856,11277,0.0072127,0.5124,18536,0.0014029,0.8986,18536
15:74329193:T:C,HYPERTENSION,0.0032180,0.1964,425740,0.00030240,0.9010,425743,0.023269,0.000003586,318398,-0.0077074,0.0001100,472174,0.043800,0.001262,52313,0.0019990,0.8750,11277,0.012108,0.2595,18536,0.020035,0.06206,18536
6:117901048:T:C,HYPERTENSION,-0.020710,6.782e-13,425740,-0.015520,3.381e-8,425743,-0.031499,2.592e-8,318398,0.0041691,0.06200,472174,-0.015100,0.2887,52313,0.0010040,0.9389,11277,-0.012412,0.2297,18536,-0.010891,0.2919,18536
12:133065832:A:G,HYPERTENSION,0.020590,6.968e-9,425740,0.012570,0.0002895,425743,0.022041,0.001167,318398,-0.0085743,0.003100,472174,0.053700,0.008330,52313,-0.017060,0.3896,11275,0.0034103,0.8244,18536,0.0015387,0.9202,18536
8:1214372:C:G,SBP,-0.010850,0.0004767,425740,-0.0054730,0.07090,425743,-0.013903,0.02164,318398,0.0047157,0.05600,472174,-0.012600,0.5151,52313,0.032095,0.06034,11277,-0.0012567,0.9252,18536,0.016183,0.2266,18536
2:217681961:G:A,SBP,-0.020790,8.713e-12,425740,0.011860,0.00006533,425743,-0.017840,0.0008283,318398,0.0044791,0.05100,472174,0.0024000,0.8857,52313,0.025766,0.09773,11277,0.012512,0.3518,18536,0.017459,0.1938,18536
1:168692515:G:C,SBP,-0.018440,1.528e-10,425740,-0.0063930,0.02282,425743,-0.014889,0.05838,318398,-0.0040337,0.06900,472174,-0.030200,0.03223,52313,0.038607,0.003759,11277,-0.0057020,0.5669,18536,-0.0048232,0.6281,18536
6:164133001:C:T,SBP,-0.015340,0.0001346,425740,-0.0047690,0.2235,425743,-0.028587,0.0002081,318398,-0.0021732,0.4700,472174,-0.045600,0.06487,52313,-0.022629,0.2952,11277,-0.011918,0.4999,18536,-0.022546,0.2019,18536
12:122511116:A:G,SBP,0.0018230,0.6389,425740,0.0051260,0.1761,425743,-0.0099503,0.3201,318398,0.0019031,0.5300,472174,-0.010700,0.5990,52313,-0.031408,0.1613,11275,-0.016268,0.4240,18536,-0.00045044,0.9823,18536
7:36251062:T:A,SBP,0.017680,0.000002403,425740,0.0027670,0.4491,425743,0.012781,0.04412,318398,-0.0054321,0.05200,472174,-0.015700,0.3378,52313,-0.0024890,0.8844,11277,-0.014387,0.2948,18536,-0.0074032,0.5899,18536
22:22178487:T:A,SBP,0.013440,3.161e-7,425740,-0.0050440,0.04920,425743,-0.0019980,0.7639,318398,-0.0022550,0.2600,472174,,,,,,,,,,,,
1:27790889:G:T,SBP,-0.011780,0.007087,425740,-0.0042010,0.3248,425743,-0.021761,0.005707,318398,-0.0057682,0.09300,472174,,,,-0.0087740,0.5667,11277,,,,,,
7:25935030:T:C,SBP,-0.0061000,0.03013,425740,-0.0087490,0.001429,425743,-0.011929,0.09893,318398,-0.0025998,0.2200,472174,-0.026100,0.07713,52313,0.012867,0.3716,11277,-0.019420,0.06968,18536,-0.020582,0.05454,18536
6:108177761:T:C,SBP,0.016860,9.476e-10,425740,0.0049110,0.06774,425743,0.012579,0.08641,318398,-0.00025036,0.9100,472174,-0.0070000,0.6211,52313,,,,,,,,,
2:172582111:T:TG,SBP,-0.010380,0.0002386,425740,-0.012960,0.000002541,425743,-0.012916,0.01730,318398,0.0040307,0.07600,472174,,,,,,,,,,,,
10:4109601:C:G,HYPERTENSION,-0.012510,0.01538,425740,-0.017910,0.0003776,425743,-0.043059,0.000007338,318398,0.0010489,0.8000,472174,-0.10840,0.0009571,52313,-0.043261,0.1003,11277,-0.022537,0.3142,18536,-0.054604,0.01474,18536
17:27210253:T:C,HYPERTENSION,-0.016950,3.566e-10,425740,0.0024760,0.3476,425743,-0.027615,1.526e-8,318398,0.0021724,0.3100,472174,-0.032900,0.02192,52313,-0.027157,0.05612,11276,-0.0061331,0.5981,18536,0.00054132,0.9629,18536
20:42777226:C:T,HYPERTENSION,0.017930,0.000005749,425740,0.015380,0.00006595,425743,0.028811,0.0001187,318398,-0.00090598,0.7600,472174,0.042200,0.06509,52313,0.0056540,0.8221,11277,0.011508,0.5298,18536,0.014339,0.4337,18536
6:39151425:G:T,HYPERTENSION,-0.00076620,0.8023,425740,-0.012150,0.00004713,425743,-0.013903,0.02196,318398,0.0018125,0.4600,472174,-0.015900,0.3095,52313,-0.0076030,0.6666,11277,-0.0050930,0.7074,18536,-0.0085314,0.5295,18536
1:231105480:C:A,HYPERTENSION,0.012510,0.00004454,425740,0.0074150,0.01310,425743,0.032937,2.297e-8,318398,-0.0016336,0.5000,472174,0.023000,0.1592,52313,-0.010540,0.4299,11277,-0.016740,0.09820,18536,0.0058231,0.5651,18536
3:169311841:A:G,HYPERTENSION,0.010670,0.0001652,425740,0.018360,3.068e-11,425743,0.017350,0.001746,318398,-0.0024128,0.2700,472174,0.021000,0.1890,52313,0.0010600,0.9467,11267,,,,,,
12:117577899:A:T,HYPERTENSION,0.011890,0.0001720,425740,0.0050300,0.1032,425743,0.036249,1.065e-9,318398,0.0024384,0.3400,472174,,,,,,,,,,,,
7:12284378:G:A,HYPERTENSION,0.010430,0.00006160,425740,0.0013730,0.5886,425743,0.027474,2.383e-8,318398,0.0017026,0.4000,472174,0.039900,0.005381,52313,-0.012183,0.3525,11277,0.0016790,0.8723,18536,-0.010095,0.3338,18536
22:29503191:C:T,HYPERTENSION,0.0073670,0.007772,425740,0.0091070,0.0007411,425743,0.017655,0.0007841,318398,-0.00022534,0.9200,472174,,,,,,,-0.0024620,0.8362,18536,-0.0092828,0.4357,18536
7:123420442:C:A,HYPERTENSION,0.013320,5.130e-7,425740,0.0053100,0.04019,425743,0.029120,4.022e-8,318398,0.012948,2.800e-10,472174,0.029600,0.04246,52313,-0.0044120,0.7735,11276,0.0092671,0.4403,18536,0.019348,0.1071,18536
2:242388550:T:C,SBP,0.011260,0.0001928,425740,-0.00030710,0.9169,425743,0.015520,0.05380,318398,-0.000017650,0.9900,472174,-0.010500,0.5042,52313,-0.0085300,0.5339,11277,-0.0022264,0.8430,18536,0.0084986,0.4495,18536
2:112014525:TG:T,SBP,0.020830,6.049e-10,425740,0.017330,1.291e-7,425743,0.035213,3.825e-8,318398,,,,,,,,,,,,,,,
2:190684782:A:G,SBP,0.011030,0.0004215,425740,0.0043040,0.1583,425743,0.0084355,0.3087,318398,0.00088803,0.7200,472174,-0.0022000,0.8942,52313,0.0066160,0.6820,11277,-0.027563,0.05121,18536,-0.034881,0.01361,18536
20:42896424:T:C,SBP,-0.011420,0.00005601,425740,0.0021170,0.4440,425743,-0.017840,0.001079,318398,0.0016277,0.4400,472174,-0.012200,0.4105,52313,-0.013411,0.3699,11277,0.0088414,0.5235,18536,0.0081277,0.5576,18536
12:67783108:T:C,SBP/DBP,-0.0040510,0.1834,425740,-0.0043550,0.1426,425743,-0.016857,0.003880,318398,-0.00042665,0.8500,472174,0.021800,0.1653,52313,0.0028180,0.8401,11277,-0.014204,0.2164,18536,0.0087383,0.4470,18536
5:57750350:C:G,SBP,0.0046180,0.08379,425740,0.0092320,0.0003936,425743,-0.0049875,0.4929,318398,0.0014763,0.4800,472174,0.026500,0.07177,52313,0.017709,0.1635,11277,0.0081182,0.4149,18536,0.012689,0.2026,18536
7:12736199:A:C,SBP,0.0084740,0.008509,425740,-0.0063970,0.04170,425743,0.0098483,0.2524,318398,0.00021067,0.9300,472174,0.022100,0.2516,52313,-0.010341,0.5394,11275,0.0017923,0.8934,18536,-0.0061948,0.6433,18536
7:44231216:T:G,SBP,-0.0087860,0.0007747,425740,0.011100,0.00001342,425743,-0.011929,0.01838,318398,0.0050851,0.01100,472174,-0.018900,0.1654,52313,-0.010229,0.4151,11276,-0.018011,0.06156,18536,-0.0032295,0.7375,18536
8:103854031:T:A,SBP,-0.016840,1.316e-10,425740,-0.0047680,0.06208,425743,-0.010940,0.02483,318398,-0.0013588,0.5100,472174,,,,,,,,,,,,
2:40783301:G:C,SBP,0.010900,0.0002044,425740,0.0024850,0.3855,425743,-0.00099950,0.9228,318398,-0.00069582,0.7400,472174,-0.0031000,0.8226,52313,0.016282,0.2159,11277,-0.028876,0.03424,18536,-0.018393,0.1774,18536
19:10437764:T:C,HYPERTENSION,-0.010440,0.001222,425740,-0.0068570,0.02939,425743,-0.027615,0.00003156,318398,-0.00031922,0.9000,472174,-0.040200,0.03896,52313,-0.00091800,0.9551,11277,-0.015897,0.2107,18536,-0.018376,0.1479,18536
12:48186563:T:A,HYPERTENSION,-0.020860,5.417e-12,425740,-0.021860,1.302e-13,425743,-0.020783,0.0001522,318398,-0.0011988,0.6100,472174,-0.012700,0.4027,52313,-0.030739,0.09783,11277,-0.017275,0.2963,18536,0.00066364,0.9680,18536
5:68755613:C:T,HYPERTENSION,0.024230,0.04208,425740,0.015350,0.1867,425743,-0.033435,0.2908,318398,0.010982,0.1000,472174,-0.065600,0.2303,52313,-0.20680,0.006995,11276,-0.056218,0.6346,18536,-0.027736,0.8146,18536
18:48167237:G:T,HYPERTENSION,-0.0096960,0.0006759,425740,-0.0068930,0.01322,425743,-0.014889,0.008969,318398,-0.00019171,0.9300,472174,-0.036800,0.007768,52313,0.011312,0.4086,11277,0.0084302,0.4221,18536,-0.00024767,0.9812,18536
20:4426532:G:A,HYPERTENSION,-0.0032930,0.5850,425740,-0.016560,0.004874,425743,-0.033435,0.007221,318398,-0.0067827,0.1300,472174,-0.043800,0.3339,52313,0.016456,0.6380,11277,-0.032411,0.4043,18536,-0.019420,0.6173,18536
19:45744842:A:G,HYPERTENSION,0.013680,0.000003748,425740,0.013720,0.000001955,425743,0.034281,9.044e-9,318398,0.0037557,0.1000,472174,0.024700,0.09643,52313,-0.013011,0.3656,11276,0.014630,0.2049,18536,0.0070433,0.5416,18536
12:109901330:C:T,HYPERTENSION,0.019140,0.0003912,425740,0.0028770,0.5848,425743,0.043116,0.00001571,318398,-0.0089053,0.03700,472174,0.038600,0.2482,52313,-0.071349,0.1271,11277,0.063634,0.1381,18536,0.043407,0.3118,18536
7:150408956:A:C,HYPERTENSION,0.010000,0.0002441,425740,0.0090560,0.0006594,425743,0.032317,8.592e-10,318398,-0.0013144,0.5500,472174,,,,,,,,,,,,
22:43187900:G:A,HYPERTENSION,0.010780,0.00004231,425740,0.0091970,0.0003431,425743,0.025933,1.219e-7,318398,0.0028427,0.1600,472174,0.026100,0.05482,52313,-0.018221,0.1666,11277,0.0029503,0.7847,18536,0.0091767,0.3955,18536
19:7227871:T:G,HYPERTENSION,-0.025650,6.511e-21,425740,-0.00035410,0.8944,425743,-0.019803,0.00007571,318398,0.0031328,0.1400,472174,-0.0074000,0.5983,52313,-0.010482,0.4268,11277,0.0034632,0.7291,18536,0.011942,0.2325,18536
2:242388790:G:T,SBP,0.011260,0.0002019,425740,-0.00030990,0.9165,425743,0.015520,0.05445,318398,-0.000056770,0.9800,472174,-0.010600,0.5039,52313,-0.0086220,0.5317,11277,-0.0022400,0.8419,18536,0.0083348,0.4580,18536
22:33350940:C:T,SBP,0.014460,6.889e-8,425740,0.0076130,0.003591,425743,0.010758,0.1312,318398,-0.0021356,0.3000,472174,,,,,,,,,,,,
2:240221482:C:T,SBP,0.020090,0.00002374,425740,0.012860,0.005547,425743,0.033143,0.0005583,318398,-0.0031968,0.3800,472174,0.018100,0.4728,52313,-0.010036,0.4814,11277,0.0063348,0.5541,18536,0.0022870,0.8309,18536
16:4964076:G:T,SBP,0.0085310,0.001180,425740,0.0094260,0.0002383,425743,0.012984,0.02484,318398,0.0012637,0.5500,472174,-0.016700,0.2616,52313,-0.0058770,0.6429,11277,0.0096280,0.3740,18536,-0.0020223,0.8519,18536
2:126039243:A:G,SBP,0.0096870,0.0001254,425740,0.0039220,0.1113,425743,0.0000,0.9711,318398,0.00038191,0.8500,472174,0.020400,0.1312,52313,0.025934,0.08831,11277,-0.0010365,0.9340,18536,-0.0041829,0.7381,18536
5:32987589:C:T,SBP,-0.0099040,0.009274,425740,-0.0030890,0.4054,425743,-0.019803,0.008104,318398,0.0027874,0.3600,472174,0.0032000,0.8924,52313,-0.0033610,0.8819,11276,-0.027429,0.2014,18536,0.012266,0.5678,18536
2:124881966:G:A,SBP,0.0085110,0.006286,425740,0.0049440,0.1037,425743,0.011567,0.1608,318398,0.0065193,0.004800,472174,0.0011000,0.9455,52313,0.0026260,0.8618,11277,0.012185,0.2796,18536,0.011545,0.3057,18536
2:236336891:CA:C,SBP,0.018880,6.608e-10,425740,0.013690,0.000004434,425743,0.024088,0.0001587,318398,,,,0.016400,0.2976,52313,-0.039876,0.02772,11277,,,,,,
10:97229139:C:G,SBP,-0.0080650,0.002252,425740,-0.0043400,0.09189,425743,-0.020783,0.00002938,318398,0.0025976,0.2000,472174,-0.019700,0.1470,52313,-0.0042520,0.7652,11277,0.0063623,0.5618,18536,0.0096511,0.3788,18536
8:107039958:C:T,SBP,0.013680,1.629e-7,425740,0.0088180,0.0005360,425743,0.0097474,0.01766,318398,-0.0011890,0.5600,472174,0.0070000,0.6074,52313,0.0036410,0.7853,11277,,,,,,
11:8250811:C:A,HYPERTENSION,-0.0084450,0.001227,425740,-0.0070440,0.005702,425743,-0.020783,0.00004411,318398,0.0038046,0.05900,472174,0.0011000,0.9345,52313,0.0091960,0.5259,11277,-0.00085724,0.9404,18536,0.0083103,0.4684,18536
5:131818554:G:A,HYPERTENSION,0.0049650,0.06751,425740,0.013980,1.307e-7,425743,0.018571,0.001499,318398,-0.00092023,0.6600,472174,,,,0.0052110,0.6909,11241,-0.011518,0.2541,18536,-0.017794,0.07807,18536
15:92701203:C:T,HYPERTENSION,-0.00099680,0.7423,425740,0.0076810,0.009387,425743,0.016231,0.001151,318398,0.0040484,0.07300,472174,0.039900,0.006078,52313,0.022165,0.1015,11277,-0.0048485,0.6425,18536,0.0086858,0.4057,18536
9:129954223:G:A,HYPERTENSION,0.013340,1.988e-7,425740,0.0081050,0.001201,425743,0.024190,0.000001517,318398,0.00067123,0.7400,472174,0.044100,0.001609,52313,-0.0099320,0.4854,11277,-0.0012360,0.9277,18536,-0.0064616,0.6352,18536
6:170625014:G:A,HYPERTENSION,-0.027860,6.935e-15,425740,-0.015950,0.000004877,425743,-0.045929,4.121e-11,318398,0.0018301,0.5200,472174,,,,,,,,,,,,
11:65564786:G:A,HYPERTENSION,-0.011330,0.00004053,425740,-0.0098860,0.0002400,425743,-0.027615,4.990e-8,318398,0.0047783,0.02500,472174,-0.054600,0.0003645,52313,0.028445,0.02488,11277,0.019274,0.05158,18536,0.0090341,0.3615,18536
7:77474961:C:G,HYPERTENSION,-0.019250,2.438e-11,425740,-0.0086850,0.002008,425743,-0.027615,0.000001568,318398,-0.0015943,0.4800,472174,,,,,,,0.0068257,0.5579,18536,-0.0032116,0.7828,18536
2:56200399:G:T,HYPERTENSION,-0.0060260,0.02021,425740,0.0010810,0.6694,425743,-0.032467,1.701e-10,318398,-0.00011144,0.9600,472174,-0.020800,0.1241,52313,0.017356,0.2585,11277,0.027593,0.01920,18536,0.024569,0.03708,18536
5:112364080:T:G,HYPERTENSION,-0.010130,0.00005894,425740,-0.0091670,0.0001938,425743,-0.026642,3.559e-7,318398,0.00099354,0.6200,472174,,,,,,,,,,,,
17:2086200:G:A,HYPERTENSION,-0.0012210,0.6679,425740,0.0080090,0.003891,425743,0.024190,0.00002214,318398,0.0038662,0.08100,472174,,,,-0.0052500,0.7027,11277,,,,,,
2:242384581:C:A,SBP,0.011240,0.0002165,425740,-0.00049190,0.8681,425743,0.015520,0.05419,318398,0.00013682,0.9500,472174,-0.010600,0.5031,52313,,,,,,,,,
7:7286198:C:T,SBP,0.013800,5.401e-7,425740,0.014190,1.261e-7,425743,0.025420,0.000003411,318398,-0.0013433,0.5200,472174,0.044000,0.001659,52313,0.014101,0.2985,11277,0.0093673,0.3660,18536,0.0085386,0.4099,18536
1:117019080:GA:G,SBP,-0.019270,7.001e-10,425740,-0.015940,1.695e-7,425743,-0.025668,0.00002310,318398,,,,-0.018600,0.2396,52313,-0.022351,0.1397,11277,,,,,,
20:32613114:TC:T,SBP,0.016790,7.572e-10,425740,-0.0043280,0.1040,425743,0.019897,0.0005074,318398,,,,,,,,,,,,,,,
12:121472167:G:A,SBP,-0.0087250,0.01454,425740,-0.012740,0.0002537,425743,-0.00099950,0.9568,318398,0.0018292,0.5100,472174,0.0051000,0.8006,52313,-0.014087,0.4352,11277,0.0073042,0.6184,18536,0.0095982,0.5127,18536
11:122524741:G:A,SBP/DBP,-0.00038220,0.9222,425740,0.0029980,0.4323,425743,0.041656,3.365e-8,318398,0.0052470,0.09200,472174,0.060900,0.001300,52313,0.028583,0.1810,11277,0.016806,0.3132,18536,0.020077,0.2283,18536
1:78549646:T:C,SBP,0.0083540,0.005141,425740,0.0013340,0.6468,425743,0.010454,0.01873,318398,-0.000074260,0.9700,472174,0.014500,0.3939,52313,-0.0095040,0.6650,11277,,,,,,
2:242377996:G:T,SBP,0.011260,0.0002038,425740,-0.00031920,0.9140,425743,0.015621,0.05227,318398,0.000098170,0.9700,472174,-0.010200,0.5179,52313,-0.0079520,0.5642,11276,-0.0022444,0.8416,18536,0.0083187,0.4589,18536
11:99998431:C:T,SBP,-0.0039590,0.2500,425740,-0.0059160,0.07799,425743,-0.013903,0.1245,318398,-0.0017192,0.5000,472174,,,,,,,-0.013513,0.2840,18536,-0.026628,0.03474,18536
16:52634163:G:A,SBP,0.013550,1.790e-7,425740,0.0031620,0.2117,425743,0.010151,0.1429,318398,0.0036643,0.07000,472174,0.0034000,0.8069,52313,-0.0066210,0.6109,11277,-0.0012063,0.9028,18536,-0.0046080,0.6407,18536
4:3443931:A:G,HYPERTENSION,-0.017700,6.508e-11,425740,-0.00035240,0.8940,425743,-0.027615,0.000001332,318398,-0.00071073,0.7300,472174,-0.018000,0.2145,52313,0.0031890,0.8075,11276,-0.016503,0.1135,18536,-0.0098576,0.3444,18536
3:158214203:G:A,HYPERTENSION,0.0052560,0.04076,425740,0.0062170,0.01309,425743,0.013795,0.01624,318398,-0.0012419,0.5400,472174,0.041200,0.002943,52313,0.012357,0.3311,11276,0.0072032,0.4689,18536,0.0024696,0.8039,18536
19:11285457:G:A,HYPERTENSION,0.022940,0.000001907,425740,0.0010520,0.8228,425743,0.034695,0.0004898,318398,-0.0038895,0.2800,472174,0.074800,0.01324,52313,0.034453,0.3028,11277,0.050074,0.07328,18536,0.029090,0.2981,18536
2:69014347:C:G,HYPERTENSION,-0.014720,1.046e-8,425740,-0.011040,0.00001076,425743,-0.020783,0.00002062,318398,-0.0022854,0.2600,472174,-0.023700,0.08043,52313,-0.0051680,0.6944,11277,-0.012715,0.2204,18536,-0.010689,0.3029,18536
12:50263148:G:A,HYPERTENSION,0.0084990,0.0009133,425740,0.0082510,0.0009652,425743,0.029017,7.750e-9,318398,0.0056717,0.006100,472174,0.029900,0.03200,52313,0.020041,0.1206,11276,0.017699,0.07453,18536,0.020661,0.03737,18536
2:37984970:T:A,HYPERTENSION,0.015840,1.785e-8,425740,0.011270,0.00004011,425743,0.027782,2.561e-7,318398,-0.000094710,0.9700,472174,0.018700,0.2062,52313,,,,-0.013888,0.2796,18536,-0.023683,0.06520,18536
14:100843343:A:G,HYPERTENSION,-0.020150,8.725e-11,425740,-0.014250,0.000002534,425743,-0.024693,0.00001545,318398,-0.0013032,0.5900,472174,-0.039800,0.02222,52313,0.019912,0.2530,11277,-0.032495,0.01558,18536,-0.026905,0.04523,18536
7:150580651:G:A,HYPERTENSION,-0.018270,0.0005963,425740,-0.016710,0.001280,425743,-0.057325,2.020e-8,318398,0.0033172,0.4000,472174,-0.071500,0.01004,52313,-0.012294,0.7486,11277,0.035478,0.2863,18536,0.020746,0.5330,18536
3:183538425:T:C,HYPERTENSION,-0.014670,1.984e-8,425740,-0.013300,1.812e-7,425743,-0.024693,0.000002099,318398,-0.00066092,0.7400,472174,,,,0.010241,0.4347,11277,-0.0011402,0.9129,18536,0.010118,0.3320,18536
3:49009570:C:G,HYPERTENSION,-0.018130,0.000005315,425740,-0.0084300,0.02995,425743,-0.044017,6.263e-8,318398,0.0038993,0.2000,472174,-0.047800,0.008926,52313,-0.022485,0.1895,11277,-0.021105,0.2067,18536,-0.027392,0.1013,18536
2:242377699:A:G,SBP,0.011260,0.0002053,425740,-0.00030470,0.9179,425743,0.015723,0.05158,318398,0.000094820,0.9700,472174,-0.010500,0.5049,52313,-0.0073710,0.5931,11274,-0.0020552,0.8559,18536,0.0090292,0.4250,18536
2:242173916:G:A,SBP,0.017400,7.796e-12,425740,0.00031140,0.9000,425743,0.015723,0.001911,318398,-0.00069489,0.7300,472174,0.020500,0.1327,52313,-0.022004,0.1382,11277,-0.0080237,0.5477,18536,-0.0066148,0.6202,18536
16:58602589:T:A,SBP,-0.014170,9.669e-7,425740,0.010930,0.0001067,425743,-0.011929,0.1079,318398,0.0016780,0.4700,472174,-0.016500,0.2646,52313,0.0018490,0.8923,11277,-0.0076147,0.4754,18536,-0.012917,0.2261,18536
15:53940307:A:C,SBP,-0.0070940,0.02149,425740,-0.010060,0.0008279,425743,-0.015873,0.05671,318398,-0.00030287,0.9000,472174,-0.020800,0.1719,52313,0.0072360,0.6248,11277,-0.0082777,0.4538,18536,-0.012288,0.2662,18536
14:30122409:C:T,SBP,0.0076620,0.003665,425740,-0.00088280,0.7314,425743,0.026139,5.414e-7,318398,0.0040061,0.05100,472174,-0.0027000,0.8448,52313,-0.0055780,0.6700,11277,-0.0022025,0.8297,18536,-0.0014344,0.8886,18536
4:3465788:C:A,SBP,0.037990,8.259e-10,425740,-0.028170,0.000003053,425743,0.027680,0.03485,318398,,,,0.0048000,0.9407,52313,0.0031040,0.9269,11260,0.051104,0.1071,18536,0.029138,0.3583,18536
1:36168074:C:A,SBP,0.025540,3.579e-9,425740,0.0044540,0.2913,425743,0.026755,0.001407,318398,0.00078199,0.8100,472174,,,,,,,,,,,,
3:71164421:C:T,SBP,0.013180,0.000005650,425740,0.015690,3.016e-8,425743,0.021632,0.0004520,318398,0.00099406,0.6500,472174,0.0054000,0.7254,52313,0.0013730,0.9143,11277,0.0075236,0.5366,18536,-0.0020039,0.8693,18536
17:76445231:G:C,SBP/DBP,-0.023870,5.076e-8,425740,-0.019930,0.000003089,425743,-0.028587,0.0006639,318398,0.00072905,0.8200,472174,0.0091000,0.7490,52313,0.038748,0.04176,11277,,,,,,
5:112553563:C:A,SBP,-0.027320,0.00001487,425740,-0.0043910,0.4755,425743,-0.032467,0.05653,318398,-0.00081955,0.8600,472174,-0.0017000,0.9503,52313,0.034104,0.7043,11277,,,,,,
18:55872469:C:T,HYPERTENSION,-0.010300,0.0001280,425740,-0.0076780,0.003417,425743,-0.025668,3.843e-7,318398,0.0012567,0.5500,472174,-0.031300,0.03674,52313,0.0027640,0.8344,11277,-0.0044110,0.6925,18536,-0.0010391,0.9258,18536
3:154623332:G:T,HYPERTENSION,-0.028700,7.058e-12,425740,-0.020320,6.435e-7,425743,-0.034401,0.00002082,318398,-0.0030767,0.3600,472174,-0.052500,0.02792,52313,0.014489,0.5495,11277,-0.047787,0.04602,18536,-0.047079,0.04934,18536
13:30146201:C:T,HYPERTENSION,-0.020850,2.028e-12,425740,-0.017000,4.132e-9,425743,-0.025668,0.000001805,318398,0.0011151,0.6400,472174,-0.035400,0.01168,52313,0.0086220,0.5357,11277,-0.030839,0.007037,18536,-0.021878,0.05588,18536
8:23414147:A:G,HYPERTENSION,0.0089210,0.004607,425740,0.018300,2.548e-9,425743,0.033764,3.568e-8,318398,0.0033811,0.1700,472174,,,,,,,,,,,,
14:98635483:T:C,HYPERTENSION,0.021130,6.241e-12,425740,0.0091110,0.002373,425743,0.024395,0.00002553,318398,-0.00058884,0.8100,472174,,,,-0.030021,0.1010,11254,0.015886,0.2449,18536,0.013411,0.3263,18536
12:70406027:T:C,HYPERTENSION,0.013860,0.0001147,425740,0.015120,0.00001593,425743,0.042490,9.930e-9,318398,0.0024718,0.3900,472174,0.054900,0.01431,52313,-0.039997,0.1887,11274,0.026486,0.3094,18536,0.0045991,0.8599,18536
14:72468149:G:A,HYPERTENSION,0.015930,7.689e-9,425740,0.016190,1.749e-9,425743,0.029429,2.224e-9,318398,-0.00099521,0.6500,472174,-0.00040000,0.9779,52313,0.0062170,0.6562,11272,,,,,,
12:48181374:A:G,HYPERTENSION,0.021890,5.328e-9,425740,0.0094510,0.009770,425743,0.018979,0.05762,318398,0.0037253,0.2000,472174,0.080700,0.00009432,52313,0.036408,0.04483,11277,0.0041689,0.7631,18536,-0.0019226,0.8895,18536
20:62550780:C:T,HYPERTENSION,0.014660,0.0001718,425740,0.0062110,0.1026,425743,0.036560,2.114e-7,318398,0.0033456,0.2800,472174,,,,,,,,,,,,
1:11912452:G:A,HYPERTENSION,-0.011210,0.002382,425740,-0.012430,0.0005557,425743,-0.030529,0.00001734,318398,-0.00037879,0.9000,472174,-0.0056000,0.7921,52313,-0.013255,0.4853,11276,0.010471,0.4937,18536,0.0052224,0.7329,18536
2:242368070:G:A,SBP,0.011210,0.0002192,425740,-0.00043610,0.8828,425743,0.015621,0.05280,318398,0.00015830,0.9500,472174,-0.011000,0.4863,52313,-0.0086110,0.5321,11277,-0.0023754,0.8339,18536,0.0087186,0.4415,18536
2:242364295:T:C,SBP,0.011220,0.0002143,425740,-0.00040940,0.8899,425743,0.015723,0.05095,318398,0.00017164,0.9400,472174,-0.011200,0.4797,52313,-0.0083180,0.5463,11277,-0.0020117,0.8590,18536,0.0091116,0.4209,18536
22:31563555:A:C,SBP,0.010970,0.00001958,425740,0.0036840,0.1416,425743,0.013795,0.0009626,318398,0.0059982,0.003000,472174,0.040500,0.002703,52313,0.024713,0.05172,11277,0.012383,0.1961,18536,0.011270,0.2394,18536
2:242363564:A:C,SBP,0.011220,0.0002143,425740,-0.00040940,0.8899,425743,0.015723,0.05095,318398,0.00017769,0.9400,472174,-0.011200,0.4792,52313,-0.0086790,0.5288,11277,-0.0020713,0.8548,18536,0.0089211,0.4307,18536
2:242392230:T:C,SBP,0.011070,0.0002658,425740,-0.00039420,0.8941,425743,0.015520,0.05410,318398,0.000046270,0.9800,472174,-0.010500,0.5077,52313,-0.0094620,0.4939,11277,-0.0021333,0.8496,18536,0.0082241,0.4649,18536
2:208886206:G:A,SBP,-0.024100,1.137e-10,425740,-0.022360,8.560e-10,425743,-0.019803,0.005752,318398,-0.0043626,0.1500,472174,-0.034100,0.09266,52313,0.0078250,0.8000,11277,-0.0049493,0.8769,18536,0.046661,0.1442,18536
14:89883137:A:T,SBP,-0.011010,0.00008225,425740,-0.0038440,0.1586,425743,-0.017840,0.0008189,318398,0.0017001,0.4300,472174,-0.030200,0.06924,52313,-0.025296,0.05416,11277,-0.0041640,0.6936,18536,-0.0028248,0.7893,18536
2:106111278:G:A,SBP,-0.013910,0.001709,425740,0.013650,0.001606,425743,0.016129,0.1704,318398,-0.0036020,0.2900,472174,-0.065100,0.06858,52313,-0.0074310,0.6273,11277,0.0074890,0.5309,18536,0.0070536,0.5550,18536
2:242361615:A:G,SBP,0.011250,0.0002107,425740,-0.00041110,0.8896,425743,0.015520,0.05371,318398,0.00018437,0.9400,472174,-0.010600,0.5023,52313,-0.0080270,0.5605,11276,-0.0018681,0.8692,18536,0.0089313,0.4311,18536
5:87986314:C:A,HYPERTENSION,0.010850,0.003619,425740,0.010230,0.004906,425743,0.030047,0.00001183,318398,0.00026256,0.9300,472174,0.038100,0.06631,52313,0.0029430,0.8612,11276,-0.010763,0.4324,18536,-0.011335,0.4084,18536
8:141773101:G:A,HYPERTENSION,0.012320,0.00002876,425740,0.0012580,0.6615,425743,0.026755,0.00001207,318398,0.0011490,0.6100,472174,0.036500,0.01311,52313,0.0037790,0.8010,11277,0.0049931,0.7304,18536,0.0062227,0.6676,18536
16:82874522:C:T,HYPERTENSION,0.010570,0.0001387,425740,0.0030640,0.2576,425743,0.037806,1.025e-11,318398,-0.0031623,0.1400,472174,0.022600,0.1079,52313,-0.012174,0.3656,11277,0.012557,0.2344,18536,-0.0030027,0.7762,18536
5:32689718:C:G,HYPERTENSION,0.017760,1.110e-8,425740,0.0080180,0.008190,425743,0.027782,9.844e-7,318398,-0.0046261,0.04700,472174,0.0068000,0.6461,52313,-0.0032990,0.8375,11277,0.0052731,0.7302,18536,0.0082267,0.5905,18536
19:18829770:A:G,HYPERTENSION,-0.010390,0.0001051,425740,-0.0045330,0.08267,425743,-0.027615,2.010e-8,318398,0.0034669,0.1000,472174,-0.011200,0.4105,52313,-0.0035600,0.7855,11277,0.010079,0.3184,18536,0.011764,0.2441,18536
1:72752073:G:A,HYPERTENSION,-0.0087950,0.01017,425740,0.0067340,0.04366,425743,-0.026642,0.0002972,318398,0.0037876,0.1400,472174,-0.046800,0.01651,52313,0.027859,0.2807,11277,0.011714,0.5897,18536,-0.0061846,0.7759,18536
10:88433895:A:G,HYPERTENSION,-0.011480,0.000006641,425740,0.00036020,0.8848,425743,-0.019803,0.00004465,318398,0.0012170,0.5400,472174,-0.031100,0.02154,52313,0.0052140,0.6878,11277,-0.0030037,0.7804,18536,-0.0086409,0.4225,18536
1:93315893:A:C,HYPERTENSION,-0.0040390,0.3447,425740,-0.0098950,0.01762,425743,-0.034401,0.00006289,318398,-0.010725,0.001800,472174,,,,,,,0.014693,0.6371,18536,-0.015216,0.6251,18536
11:63680045:C:A,HYPERTENSION,-0.014000,3.807e-8,425740,-0.0010190,0.6814,425743,-0.027615,1.411e-7,318398,-0.0055164,0.006300,472174,,,,-0.010863,0.4003,11277,-0.015792,0.1461,18536,-0.0046727,0.6672,18536
2:58951187:A:G,HYPERTENSION,0.011450,0.00001185,425740,0.0011730,0.6454,425743,0.024908,4.025e-7,318398,0.0084225,0.00003500,472174,0.025600,0.05802,52313,0.021114,0.1138,11277,-0.0010373,0.9200,18536,-0.016907,0.1015,18536
14:33926191:T:G,SBP,0.013040,0.00001014,425740,0.0087000,0.002534,425743,0.0070246,0.3690,318398,-0.00082622,0.7200,472174,0.014500,0.3538,52313,-0.020221,0.1731,11277,-0.00049166,0.9708,18536,-0.0072383,0.5900,18536
5:112366678:A:G,SBP,-0.010660,0.00001895,425740,-0.0092750,0.0001353,425743,-0.025668,8.119e-7,318398,0.0010784,0.5900,472174,-0.0027000,0.8393,52313,0.0024080,0.8539,11277,-0.0063208,0.5166,18536,-0.016715,0.08630,18536
8:114520361:AT:A,SBP,0.017270,9.727e-10,425740,0.0084490,0.002165,425743,0.014099,0.06084,318398,,,,,,,,,,,,,,,
1:22179244:C:T,SBP,0.0082820,0.1181,425740,0.017510,0.0007025,425743,0.017757,0.2083,318398,-0.0029931,0.4700,472174,0.066300,0.03879,52313,-0.014976,0.4547,11270,0.012782,0.4466,18536,-0.0042839,0.7987,18536
18:42775774:G:C,SBP,-0.0081100,0.001340,425740,-0.0059620,0.01562,425743,-0.0089597,0.03813,318398,0.0016795,0.4000,472174,0.010100,0.4606,52313,-0.0099390,0.4366,11277,-0.028499,0.007664,18536,-0.012698,0.2348,18536
9:94251654:T:C,SBP,0.0061220,0.03388,425740,-0.0036610,0.1934,425743,0.026139,0.000003255,318398,-0.0029866,0.1700,472174,0.038400,0.007509,52313,-0.014307,0.2834,11277,0.017654,0.08860,18536,0.025356,0.01446,18536
5:40829779:G:A,SBP,0.017640,2.158e-8,425740,0.012400,0.00005469,425743,0.018571,0.004150,318398,0.0029374,0.2000,472174,,,,,,,,,,,,
20:2781441:C:T,SBP,-0.012150,0.000003768,425740,0.0075920,0.003055,425743,-0.0039920,0.5917,318398,-0.0015583,0.4500,472174,0.018100,0.1843,52313,-0.00094200,0.9428,11277,-0.0043919,0.6754,18536,-0.0016426,0.8755,18536
2:191284783:CAA:C,SBP,-0.015790,9.649e-10,425740,-0.00088250,0.7260,425743,-0.010940,0.01823,318398,,,,0.015100,0.2636,52313,0.0057370,0.6634,11277,,,,,,
11:128564996:T:C,SBP,-0.010830,0.0001445,425740,-0.0045480,0.1017,425743,-0.017840,0.002888,318398,0.0066534,0.002300,472174,0.0078000,0.5819,52313,-0.0057530,0.6825,11277,0.00041020,0.9697,18536,-0.0078437,0.4683,18536
11:19221518:G:A,SBP,-0.010730,0.0003459,425740,0.00062920,0.8296,425743,-0.013903,0.04682,318398,-0.0082093,0.0005800,472174,-0.034900,0.02100,52313,-0.0088160,0.5300,11277,-0.010008,0.3688,18536,-0.017656,0.1129,18536
6:163029715:T:C,HYPERTENSION,-0.0097770,0.01019,425740,-0.0058590,0.1144,425743,-0.037296,7.954e-7,318398,0.0031480,0.2800,472174,-0.043000,0.06600,52313,-0.036587,0.05529,11277,-0.0098173,0.5360,18536,0.0021496,0.8922,18536
7:114337652:C:T,HYPERTENSION,0.014510,4.173e-8,425740,0.0092780,0.0003246,425743,0.022552,0.000004244,318398,-0.0000019730,1.000,472174,0.032600,0.01583,52313,0.019831,0.1299,11277,0.025587,0.01295,18536,0.029291,0.004444,18536
4:148396280:G:A,HYPERTENSION,0.011930,0.00003866,425740,-0.0057770,0.04108,425743,0.035627,9.620e-10,318398,-0.0023829,0.2900,472174,,,,,,,,,,,,
2:161529181:A:G,HYPERTENSION,-0.015350,0.000001364,425740,-0.0088540,0.004295,425743,-0.029559,0.000008520,318398,-0.0029924,0.2300,472174,-0.041100,0.01190,52313,0.015082,0.4359,11276,0.023765,0.1077,18536,0.022427,0.1290,18536
6:126216403:C:G,HYPERTENSION,0.019580,6.333e-12,425740,-0.00095660,0.7307,425743,0.022655,0.00003441,318398,0.0010877,0.5900,472174,0.038600,0.004311,52313,0.018762,0.1620,11276,0.018153,0.09901,18536,0.021195,0.05409,18536
1:94680185:A:G,HYPERTENSION,-0.017950,9.026e-10,425740,-0.0056050,0.04987,425743,-0.036332,2.665e-10,318398,-0.0018496,0.4200,472174,-0.028600,0.06558,52313,-0.025396,0.1263,11277,0.0042794,0.7637,18536,-0.0049215,0.7295,18536
14:71445413:A:G,HYPERTENSION,-0.0097350,0.0002895,425740,-0.0035400,0.1766,425743,-0.022739,0.00002572,318398,-0.0028809,0.1700,472174,,,,-0.0029070,0.8424,11277,,,,,,
5:1296072:A:G,HYPERTENSION,-0.032620,3.824e-19,425740,-0.024500,5.707e-12,425743,-0.026642,0.00005887,318398,-0.032207,1.600e-28,472174,-0.028000,0.1346,52313,-0.087079,0.0001223,11277,-0.017181,0.3279,18536,-0.0028794,0.8698,18536
3:138122477:C:T,HYPERTENSION,0.015820,0.000004943,425740,0.013140,0.0001000,425743,0.023064,0.0004059,318398,-0.0058124,0.03600,472174,0.042500,0.05491,52313,0.045307,0.03312,11277,-0.012107,0.4810,18536,-0.012749,0.4581,18536
11:4695206:G:T,HYPERTENSION,-0.011860,0.00002692,425740,-0.0058040,0.03516,425743,-0.029559,1.179e-7,318398,-0.0053883,0.01200,472174,-0.030000,0.03004,52313,0.0017430,0.8935,11277,-0.010682,0.3057,18536,-0.010399,0.3187,18536
4:3804074:T:C,SBP,-0.0097790,0.0001632,425740,-0.012260,0.000001257,425743,-0.0099503,0.1699,318398,0.0014876,0.4700,472174,-0.030400,0.02672,52313,-0.0079320,0.5543,11277,0.0016685,0.8811,18536,0.0069718,0.5319,18536
2:242223762:TG:T,SBP,-0.019820,1.067e-9,425740,-0.0085060,0.007287,425743,-0.011929,0.04820,318398,,,,-0.024300,0.1159,52313,-0.00087900,0.9519,11277,,,,,,
2:34668611:G:A,SBP,-0.013470,4.296e-7,425740,-0.0099900,0.0001213,425743,-0.013903,0.01031,318398,-0.0025849,0.2200,472174,,,,,,,0.016376,0.2381,18536,0.013256,0.3396,18536
19:32178927:C:T,SBP,-0.011600,0.0002102,425740,-0.012900,0.00002378,425743,-0.0089597,0.2632,318398,0.0012009,0.6000,472174,-0.026100,0.1386,52313,0.032244,0.02845,11277,-0.0060527,0.6527,18536,0.00061809,0.9633,18536
7:156731300:C:T,SBP,-0.011850,0.000006104,425740,-0.011660,0.000004972,425743,-0.013903,0.002836,318398,-0.0041555,0.03900,472174,-0.025300,0.06737,52313,-0.0064540,0.6187,11277,-0.016192,0.1101,18536,-0.011198,0.2692,18536
3:13352608:T:G,SBP,0.014020,4.396e-8,425740,0.0077030,0.002043,425743,0.014505,0.007816,318398,0.0033345,0.09600,472174,,,,0.015854,0.2384,11272,,,,,,
18:12648905:A:G,SBP,-0.019580,0.000001296,425740,0.0058500,0.1381,425743,-0.033435,0.00001237,318398,-0.00051323,0.8800,472174,,,,,,,,,,,,
2:242336856:C:T,SBP,0.011070,0.0002669,425740,-0.00058930,0.8422,425743,0.015621,0.05241,318398,0.00019484,0.9300,472174,-0.011400,0.4699,52313,-0.0079880,0.5625,11277,-0.0022644,0.8412,18536,0.0099197,0.3802,18536
13:79812797:G:T,SBP,-0.0094720,0.0002775,425740,-0.0022330,0.3796,425743,-0.014889,0.001248,318398,0.0037953,0.06500,472174,-0.022200,0.1086,52313,0.010568,0.4251,11277,,,,,,
19:34717269:CAT:C,SBP,0.016660,9.930e-10,425740,0.00023780,0.9288,425743,0.0062193,0.3894,318398,,,,,,,,,,,,,,,
12:69792102:C:A,HYPERTENSION,-0.016840,4.064e-9,425740,-0.019220,5.823e-12,425743,-0.026642,0.000001390,318398,-0.0062677,0.003900,472174,-0.0083000,0.5553,52313,-0.025563,0.07662,11277,,,,,,
10:114750380:G:A,HYPERTENSION,0.012170,0.00007293,425740,-0.030320,4.056e-24,425743,0.034074,5.164e-9,318398,-0.00095922,0.6900,472174,0.045600,0.01694,52313,-0.0040040,0.7991,11261,-0.025361,0.03633,18536,-0.027553,0.02296,18536
5:61951416:C:T,HYPERTENSION,0.010850,0.001317,425740,0.023960,3.598e-13,425743,0.024088,0.0007345,318398,0.0072060,0.006900,472174,0.031800,0.05190,52313,-0.0068840,0.6653,11277,0.0042920,0.7263,18536,0.0013839,0.9101,18536
5:66185151:T:C,HYPERTENSION,-0.012940,0.000006032,425740,-0.0060710,0.02943,425743,-0.030529,3.682e-8,318398,0.0028218,0.2000,472174,-0.037000,0.01157,52313,-0.011130,0.4161,11277,0.0095268,0.4236,18536,-0.00015314,0.9897,18536
11:1482488:T:C,HYPERTENSION,-0.0064460,0.04457,425740,-0.0081900,0.008877,425743,-0.031499,8.024e-7,318398,-0.0011677,0.6500,472174,-0.012700,0.5084,52313,0.027839,0.05790,11275,-0.020759,0.08671,18536,-0.017430,0.1504,18536
1:218537310:T:C,HYPERTENSION,0.012580,0.000004654,425740,0.027920,2.041e-25,425743,0.020815,0.0001238,318398,-0.0011090,0.6000,472174,0.054500,0.0001322,52313,-0.0033730,0.7994,11277,-0.0078502,0.4451,18536,-0.0048773,0.6352,18536
8:144060955:G:A,HYPERTENSION,-0.016330,1.075e-10,425740,-0.017130,3.731e-12,425743,-0.011929,0.01090,318398,-0.0028659,0.1500,472174,-0.023000,0.09164,52313,-0.017502,0.1870,11277,-0.0084334,0.3877,18536,-0.010876,0.2653,18536
1:190256588:A:G,HYPERTENSION,-0.010020,0.00009809,425740,-0.0013300,0.5959,425743,-0.029559,1.271e-9,318398,0.00090235,0.6500,472174,,,,,,,0.0024920,0.8268,18536,-0.0097011,0.3942,18536
8:1711918:G:C,HYPERTENSION,0.016320,4.937e-9,425740,0.010630,0.00009389,425743,0.026960,4.381e-7,318398,-0.0035690,0.1100,472174,,,,0.010552,0.4948,11268,,,,,,
14:70490799:G:A,HYPERTENSION,0.0048400,0.06689,425740,0.0047220,0.06680,425743,0.025523,3.043e-7,318398,0.00065166,0.7500,472174,0.033200,0.01387,52313,-0.0091170,0.5136,11276,,,,,,
2:242360245:T:G,SBP,0.011210,0.0002240,425740,-0.00043590,0.8830,425743,0.015723,0.05186,318398,0.00015542,0.9500,472174,-0.010800,0.4929,52313,-0.0076190,0.5811,11277,-0.0017550,0.8771,18536,0.0094150,0.4068,18536
6:169591890:C:T,SBP,0.027330,1.882e-12,425740,-0.017760,0.000002714,425743,0.0088389,0.3892,318398,0.0029841,0.3300,472174,,,,,,,,,,,,
14:62229682:C:A,SBP,-0.017640,0.00004323,425740,-0.017220,0.00004245,425743,-0.021761,0.008988,318398,0.00036664,0.9000,472174,-0.0036000,0.8542,52313,,,,-0.0077105,0.6623,18536,-0.0083398,0.6367,18536
9:2493751:T:G,SBP,-0.012880,0.00006060,425740,-0.014340,0.000004690,425743,-0.016857,0.006419,318398,0.0050421,0.04900,472174,-0.015200,0.3877,52313,-0.014247,0.3920,11276,-0.010794,0.3805,18536,0.0022099,0.8575,18536
14:66278992:T:A,SBP,-0.0084490,0.0009387,425740,-0.011020,0.000009598,425743,-0.0029955,0.6882,318398,0.000046470,0.9800,472174,0.017600,0.1960,52313,0.022352,0.09027,11276,-0.012624,0.2461,18536,-0.0065332,0.5483,18536
7:80335866:T:C,SBP,-0.015070,0.0004550,425740,-0.013680,0.001102,425743,-0.015873,0.1714,318398,-0.0077798,0.01500,472174,-0.020100,0.4100,52313,-0.012421,0.4267,11277,-0.0012230,0.9228,18536,-0.00076924,0.9514,18536
8:17612694:C:G,SBP/DBP,-0.0080990,0.07133,425740,-0.0078500,0.07312,425743,-0.0029955,0.8068,318398,-0.0081591,0.03700,472174,,,,-0.011479,0.8027,11277,-0.073260,0.1652,18536,-0.083757,0.1126,18536
7:26420092:C:T,SBP,0.0085980,0.001518,425740,0.00079260,0.7644,425743,0.013288,0.02829,318398,-0.0053149,0.01100,472174,0.037300,0.006111,52313,-0.0054990,0.6830,11277,-0.0065614,0.5366,18536,-0.0099486,0.3487,18536
3:71664374:T:G,SBP,-0.015080,3.096e-9,425740,-0.0024680,0.3200,425743,-0.018822,0.00008850,318398,-0.00027916,0.8900,472174,,,,0.025473,0.05527,11204,,,,,,
11:28483787:G:A,HYPERTENSION,0.016810,5.861e-10,425740,0.0086020,0.001158,425743,0.026652,4.061e-7,318398,0.0039087,0.06300,472174,0.033600,0.01355,52313,-0.0019080,0.8823,11277,0.014743,0.1393,18536,0.010038,0.3141,18536
1:25330954:T:C,HYPERTENSION,0.0028990,0.3374,425740,0.0085660,0.003665,425743,0.015825,0.01043,318398,0.0016019,0.5000,472174,0.044800,0.003314,52313,0.0018860,0.8948,11277,0.0092543,0.3939,18536,0.013456,0.2152,18536
19:10324244:C:T,HYPERTENSION,0.0067660,0.01168,425740,0.0054540,0.03719,425743,0.023576,0.000005759,318398,-0.00086250,0.6800,472174,0.0046000,0.7327,52313,-0.0047150,0.7488,11262,0.0071505,0.5409,18536,0.0055478,0.6352,18536
3:185518910:G:A,HYPERTENSION,0.0055280,0.04189,425740,-0.017200,8.527e-11,425743,0.026344,0.000001413,318398,-0.0016663,0.4400,472174,0.022700,0.1204,52313,-0.0054460,0.6794,11276,0.0041216,0.6807,18536,0.0057618,0.5652,18536
10:71094504:T:C,HYPERTENSION,-0.013550,0.001679,425740,-0.00043710,0.9172,425743,-0.038259,0.000004878,318398,0.0031935,0.3300,472174,-0.067700,0.02047,52313,-0.046424,0.1875,11275,-0.047437,0.2033,18536,-0.026135,0.4834,18536
14:79890456:G:A,HYPERTENSION,0.015530,0.000001040,425740,-0.0058470,0.05944,425743,0.030562,4.385e-7,318398,0.00051978,0.8300,472174,0.053400,0.0007057,52313,-0.050649,0.02284,11277,0.012390,0.4897,18536,0.031987,0.07455,18536
12:53440779:C:T,HYPERTENSION,0.030990,6.915e-11,425740,0.0063430,0.1710,425743,0.027166,0.002466,318398,-0.0063688,0.07600,472174,0.081200,0.0003757,52313,0.0064670,0.7144,11277,0.024455,0.05977,18536,0.012045,0.3538,18536
11:22533052:A:G,HYPERTENSION,0.030350,8.269e-8,425740,0.019560,0.0003968,425743,0.053506,8.350e-7,318398,0.0035084,0.3700,472174,0.052100,0.01977,52313,0.0015630,0.9349,11277,0.016561,0.2943,18536,0.011719,0.4580,18536
4:111341866:A:G,HYPERTENSION,0.080820,3.446e-14,425740,0.041200,0.00007436,425743,0.084578,0.00005701,318398,-0.011296,0.2300,472174,0.23300,0.0005839,52313,,,,,,,,,
16:51761084:A:C,HYPERTENSION,0.0081020,0.002091,425740,0.0074090,0.003917,425743,0.015317,0.001099,318398,-0.00042319,0.8400,472174,0.019800,0.1513,52313,0.0015230,0.9101,11275,0.0031580,0.7859,18536,0.0014972,0.8975,18536
1:59772434:A:G,SBP,-0.010700,0.00006127,425740,0.0067390,0.009653,425743,-0.0099503,0.1444,318398,-0.0035778,0.08700,472174,-0.012300,0.3691,52313,0.014013,0.2797,11276,-0.014820,0.1419,18536,0.0029544,0.7697,18536
1:949654:A:G,SBP,0.028890,0.000005252,425740,0.011020,0.07477,425743,0.041030,0.0003369,318398,-0.0039753,0.3900,472174,-0.0080000,0.8020,52313,-0.044270,0.1351,11277,,,,,,
6:113424007:C:CATT,SBP,-0.020340,1.219e-9,425740,-0.012490,0.0001302,425743,-0.019803,0.001135,318398,,,,-0.041000,0.005843,52313,,,,,,,,,
5:70815119:AC:A,SBP,0.016070,1.198e-9,425740,0.0034520,0.1805,425743,0.013592,0.01546,318398,,,,0.018900,0.2029,52313,-0.000056000,0.9969,11277,,,,,,
11:34068626:C:T,SBP,0.012190,0.0001850,425740,0.0086970,0.006245,425743,0.028708,0.000002745,318398,-0.00071786,0.7800,472174,0.0076000,0.6400,52313,-0.024186,0.2709,11276,0.017365,0.3888,18536,0.032172,0.1103,18536
19:37488499:T:C,SBP,-0.00028440,0.9100,425740,0.0081620,0.0008846,425743,0.0090407,0.1756,318398,0.0032483,0.1100,472174,-0.018000,0.1802,52313,0.00044800,0.9717,11275,0.0035925,0.7306,18536,0.00074472,0.9431,18536
10:92759784:A:G,SBP,0.012680,0.0003865,425740,-0.0039070,0.2621,425743,0.020407,0.003715,318398,-0.0018195,0.5200,472174,-0.010800,0.6185,52313,-0.0091290,0.8085,11277,0.0090266,0.7852,18536,-0.020985,0.5263,18536
18:38018996:A:G,SBP,-0.010040,0.0001203,425740,-0.0011130,0.6621,425743,0.0086372,0.2136,318398,0.00045996,0.8200,472174,0.013800,0.3105,52313,0.0099430,0.4617,11277,,,,,,
11:123067655:G:T,SBP,0.0071220,0.01217,425740,-0.0059240,0.03251,425743,0.00020002,0.9830,318398,-0.00061315,0.7600,472174,0.010400,0.4642,52313,-0.011447,0.4001,11277,0.027923,0.06035,18536,0.0085151,0.5668,18536
8:15058641:T:C,SBP,0.020950,0.00004788,425740,0.00065930,0.8956,425743,-0.012916,0.3451,318398,0.0032158,0.4400,472174,0.022800,0.5397,52313,-0.036710,0.1705,11277,0.024611,0.3304,18536,0.015729,0.5339,18536
3:10527471:T:G,HYPERTENSION,0.0069370,0.05612,425740,0.0095060,0.007285,425743,0.019387,0.004169,318398,-0.0023829,0.3800,472174,0.037800,0.04492,52313,-0.00092200,0.9616,11276,0.016592,0.4450,18536,0.0021847,0.9199,18536
19:32607260:T:A,HYPERTENSION,-0.0048350,0.08719,425740,-0.016270,3.627e-9,425743,-0.026642,4.608e-7,318398,-0.0013357,0.5500,472174,,,,-0.028693,0.08491,11245,-0.037062,0.005303,18536,-0.025408,0.05596,18536
20:10752610:C:T,HYPERTENSION,0.00065770,0.8183,425740,-0.025590,4.965e-20,425743,-0.021761,0.0003758,318398,0.0014264,0.5300,472174,-0.027300,0.05698,52313,0.018286,0.2185,11277,-0.028972,0.01027,18536,-0.027288,0.01563,18536
2:158496502:A:C,HYPERTENSION,0.016420,0.000006011,425740,0.016750,0.000002213,425743,0.037494,9.411e-9,318398,0.0085704,0.002400,472174,0.057100,0.008104,52313,-0.026456,0.2039,11277,,,,,,
21:37707892:G:T,HYPERTENSION,0.021510,5.886e-7,425740,0.015780,0.0001717,425743,0.020917,0.007538,318398,0.00025687,0.9300,472174,0.031800,0.07143,52313,0.058667,0.04272,11277,-0.0085588,0.6958,18536,0.031264,0.1532,18536
9:125780932:A:C,HYPERTENSION,0.028870,3.844e-13,425740,-0.0087250,0.02444,425743,0.043847,1.768e-8,318398,-0.0042224,0.1600,472174,0.023800,0.1987,52313,-0.032029,0.1202,11276,0.024284,0.1140,18536,0.024204,0.1152,18536
7:99720994:A:C,HYPERTENSION,0.0042110,0.1376,425740,0.017610,1.934e-10,425743,0.027782,0.000004405,318398,0.0033480,0.1300,472174,,,,,,,0.0071283,0.5261,18536,0.013579,0.2272,18536
5:136991751:G:A,HYPERTENSION,-0.0051440,0.09068,425740,-0.000024290,0.9935,425743,-0.033435,1.667e-8,318398,0.0029806,0.2100,472174,,,,0.0025120,0.8774,11276,-0.0092777,0.4634,18536,-0.0083529,0.5092,18536
12:12627409:C:A,HYPERTENSION,-0.020750,3.595e-12,425740,-0.0019410,0.5049,425743,-0.035367,6.437e-9,318398,-0.00056584,0.8100,472174,-0.040500,0.004343,52313,-0.0042550,0.7997,11277,-0.0023778,0.8579,18536,-0.010014,0.4508,18536
16:66985389:G:A,HYPERTENSION,0.0059970,0.2783,425740,0.024510,0.000005527,425743,0.041551,0.00002371,318398,0.0023792,0.6000,472174,0.062800,0.01671,52313,0.048346,0.3766,11277,0.10126,0.02676,18536,0.055583,0.2240,18536
21:35133091:C:T,SBP,0.0049300,0.07172,425740,0.0069330,0.009416,425743,0.0091417,0.04694,318398,-0.0010090,0.6300,472174,-0.010500,0.4962,52313,-0.012487,0.3497,11277,0.0053931,0.6666,18536,0.0073108,0.5592,18536
2:37605748:C:T,SBP,-0.017730,0.000002419,425740,-0.014340,0.00009237,425743,-0.014889,0.01006,318398,-0.0012197,0.6500,472174,-0.053100,0.004428,52313,-0.0053740,0.7158,11277,0.011460,0.3589,18536,0.0034719,0.7811,18536
5:55692939:T:C,SBP/DBP,0.0020250,0.4372,425740,0.0068900,0.006731,425743,0.0070246,0.3095,318398,-0.0017430,0.4100,472174,0.016100,0.2492,52313,-0.0051220,0.6962,11277,-0.017575,0.2189,18536,-0.0038158,0.7895,18536
1:1547566:A:G,SBP,0.033730,0.000001046,425740,-0.029600,0.00001117,425743,0.032213,0.07998,318398,0.0083652,0.06800,472174,-0.0055000,0.8756,52313,0.0040220,0.8103,11277,-0.020599,0.2317,18536,-0.024864,0.1488,18536
11:22360431:G:A,SBP,-0.0062100,0.01606,425740,-0.0044870,0.07446,425743,-0.014889,0.005388,318398,-0.0011928,0.5500,472174,-0.0037000,0.7859,52313,-0.0082720,0.5305,11269,-0.0097960,0.3609,18536,0.0034724,0.7460,18536
20:50931078:T:C,SBP,0.018110,3.470e-11,425740,0.010500,0.00008160,425743,0.033867,6.488e-10,318398,-0.0020183,0.3300,472174,,,,,,,,,,,,
6:161712035:T:G,SBP,-0.0096800,0.0006489,425740,-0.0087260,0.001622,425743,-0.023717,0.00004244,318398,-0.0055505,0.009900,472174,0.0083000,0.5784,52313,-0.010728,0.5265,11275,0.014586,0.3136,18536,0.012077,0.4041,18536
21:46931109:G:A,SBP,-0.017980,0.00003248,425740,-0.017290,0.00004182,425743,-0.031499,0.0004983,318398,-0.0011347,0.7500,472174,-0.029200,0.3089,52313,0.0056950,0.8475,11277,-0.016134,0.5089,18536,-0.0028558,0.9069,18536
11:67874072:T:C,SBP/HYPERTENSION,-0.019420,0.0002759,425740,-0.020260,0.00009950,425743,-0.035367,0.0008272,318398,0.00045374,0.9200,472174,-0.047800,0.05501,52313,0.0048300,0.9179,11276,-0.044160,0.3590,18536,-0.0083069,0.8630,18536
19:53590507:G:A,SBP/HYPERTENSION,-0.013440,0.00001414,425740,-0.012090,0.00006207,425743,-0.013903,0.01510,318398,0.00095998,0.6300,472174,-0.042500,0.003055,52313,-0.0016440,0.9013,11277,-0.014273,0.3527,18536,0.0027235,0.8592,18536
2:55188727:G:A,SBP,0.015320,0.0002822,425740,0.0055250,0.1794,425743,0.017859,0.1109,318398,-0.0020037,0.5300,472174,0.016700,0.3680,52313,-0.0068380,0.6854,11277,0.024108,0.06798,18536,0.026353,0.04603,18536
18:54512510:G:A,HYPERTENSION,-0.014060,0.000005569,425740,-0.0030170,0.3176,425743,-0.026642,0.000007749,318398,0.00013777,0.9500,472174,-0.049300,0.001048,52313,0.0098390,0.4860,11277,-0.011740,0.3802,18536,-0.0031516,0.8138,18536
3:41105947:G:T,HYPERTENSION,-0.037170,3.592e-23,425740,-0.010590,0.003771,425743,-0.041142,1.760e-8,318398,-0.00016681,0.9600,472174,,,,-0.0084330,0.6471,11276,,,,,,
1:43764165:C:G,HYPERTENSION,-0.018790,5.949e-11,425740,-0.0098440,0.0004377,425743,-0.019803,0.0001524,318398,-0.0021041,0.3100,472174,-0.012000,0.3970,52313,-0.0093960,0.5934,11277,-0.019006,0.1896,18536,-0.0081185,0.5752,18536
16:51560612:C:T,HYPERTENSION,0.062000,2.233e-7,425740,0.034980,0.002738,425743,0.060069,0.008507,318398,-0.016129,0.05700,472174,0.055700,0.2949,52313,0.18753,0.1938,11277,,,,,,
17:26911529:C:A,HYPERTENSION,-0.025160,2.170e-8,425740,0.0015230,0.7282,425743,-0.036332,0.000007626,318398,0.0058695,0.07100,472174,,,,0.034134,0.07002,11277,-0.0069017,0.7451,18536,0.013482,0.5253,18536
3:128097496:A:C,HYPERTENSION,-0.011460,0.01123,425740,0.0038930,0.3771,425743,-0.044017,0.000001902,318398,0.0019772,0.5800,472174,-0.0034000,0.8726,52313,0.0035020,0.8419,11277,-0.013276,0.3254,18536,0.011961,0.3756,18536
11:69079707:C:T,HYPERTENSION,-0.023870,2.072e-7,425740,-0.034240,2.234e-14,425743,-0.031499,0.00005697,318398,-0.00095926,0.7900,472174,-0.057700,0.02453,52313,-0.062120,0.001950,11277,-0.038719,0.03465,18536,-0.013851,0.4499,18536
7:116438511:G:T,HYPERTENSION,-0.011650,0.00001577,425740,0.0028200,0.2839,425743,-0.023717,0.000005620,318398,0.0049011,0.02200,472174,-0.032300,0.02203,52313,0.020050,0.2210,11277,-0.020687,0.1150,18536,-0.032663,0.01283,18536
10:122975746:G:A,HYPERTENSION,-0.0080620,0.003211,425740,-0.0010700,0.6884,425743,-0.023717,0.00001800,318398,0.0015634,0.4600,472174,-0.029500,0.04164,52313,-0.018306,0.1719,11277,-0.013438,0.1879,18536,-0.015171,0.1372,18536
2:145807415:G:A,HYPERTENSION,0.021750,2.238e-17,425740,0.024290,2.662e-22,425743,0.029017,5.331e-9,318398,-0.00019252,0.9200,472174,0.026100,0.06432,52313,-0.0041410,0.7447,11277,0.0083207,0.4136,18536,0.0064925,0.5235,18536
11:120435024:A:C,SBP,-0.0088470,0.0004633,425740,-0.0081950,0.0008841,425743,-0.0089597,0.03220,318398,-0.0017585,0.3800,472174,0.0032000,0.8128,52313,-0.0060840,0.6579,11277,0.019685,0.07069,18536,0.023114,0.03381,18536
2:134544430:A:G,SBP,0.014280,3.221e-7,425740,0.010140,0.0001988,425743,0.013998,0.005564,318398,0.0011459,0.5800,472174,,,,,,,,,,,,
10:116758079:G:T,SBP,0.013460,0.000001672,425740,0.0092620,0.0007271,425743,0.010859,0.03684,318398,-0.0018529,0.3900,472174,,,,,,,,,,,,
20:57485611:T:C,SBP,-0.0045250,0.08062,425740,-0.0065960,0.009026,425743,-0.011929,0.006920,318398,0.00034579,0.8600,472174,-0.026700,0.05125,52313,0.0039490,0.7626,11277,-0.0079227,0.4517,18536,-0.013884,0.1872,18536
9:3726443:G:A,SBP,-0.0080880,0.001612,425740,-0.0084560,0.0007229,425743,-0.015873,0.001252,318398,0.00062339,0.7600,472174,-0.0036000,0.7941,52313,0.010800,0.4170,11277,-0.0066366,0.5448,18536,0.0033805,0.7577,18536
15:96026973:A:G,SBP,-0.0096600,0.0002405,425740,0.0018830,0.4630,425743,-0.011929,0.03324,318398,0.0050270,0.01400,472174,-0.0056000,0.6830,52313,-0.0031480,0.8090,11277,-0.0027779,0.7872,18536,0.0068783,0.5039,18536
1:116294049:G:T,SBP,-0.017440,7.232e-12,425740,0.010910,0.00001095,425743,-0.012916,0.06003,318398,-0.0011720,0.5600,472174,-0.0051000,0.7094,52313,,,,,,,,,
22:18468105:A:G,SBP,0.010720,0.0002805,425740,0.018860,5.714e-11,425743,0.011870,0.1311,318398,0.0031175,0.1700,472174,0.019800,0.2195,52313,0.013330,0.4299,11275,0.0042451,0.7523,18536,0.015083,0.2621,18536
8:22257012:G:A,SBP,-0.0054990,0.03029,425740,-0.0074810,0.002512,425743,-0.021761,0.00001505,318398,0.0024026,0.2400,472174,-0.0070000,0.6065,52313,-0.026994,0.03426,11277,-0.0053683,0.5949,18536,-0.0060200,0.5510,18536
11:100138833:T:C,SBP,-0.010340,0.003067,425740,-0.0084540,0.01302,425743,-0.012916,0.1660,318398,0.0038732,0.1700,472174,-0.015800,0.4552,52313,-0.040250,0.1413,11277,0.035250,0.1680,18536,-0.021290,0.4050,18536
11:126277216:C:T,SBP,-0.0089430,0.001289,425740,0.0011670,0.6668,425743,-0.021761,0.00006555,318398,-0.00095818,0.6600,472174,0.013900,0.3823,52313,-0.017347,0.2600,11277,0.0091978,0.4225,18536,0.00019679,0.9863,18536
13:50969114:A:G,SBP,0.012930,0.0006014,425740,-0.0038020,0.3011,425743,0.0039076,0.6974,318398,-0.00047464,0.8700,472174,0.0046000,0.8384,52313,0.00066300,0.9672,11277,0.013627,0.2692,18536,0.0025442,0.8366,18536
10:121699856:T:C,SBP,0.0053930,0.08793,425740,0.0043190,0.1612,425743,0.015621,0.01598,318398,0.00047690,0.8500,472174,0.014200,0.3725,52313,-0.00050700,0.9803,11275,-0.012625,0.4710,18536,-0.0092339,0.5981,18536
12:13860990:G:A,SBP,-0.011490,0.006195,425740,-0.0014500,0.7233,425743,-0.0049875,0.6486,318398,0.0053920,0.09900,472174,-0.068500,0.02253,52313,-0.0052210,0.9122,11277,0.037288,0.3928,18536,0.068624,0.1158,18536
8:64765141:A:G,SBP,0.0091310,0.008570,425740,0.0096250,0.004494,425743,-0.011929,0.1857,318398,0.0039378,0.1400,472174,0.026800,0.1042,52313,-0.0041450,0.7791,11277,-0.0032846,0.7768,18536,0.0010085,0.9307,18536
15:91655120:T:C,SBP,-0.015990,6.104e-9,425740,-0.012600,0.000002667,425743,-0.012916,0.04913,318398,0.0010271,0.6200,472174,-0.014400,0.3174,52313,-0.011166,0.3975,11276,-0.030256,0.009083,18536,-0.023776,0.04034,18536
2:107558907:T:C,SBP,-0.0093200,0.0002673,425740,-0.0061860,0.01312,425743,-0.020783,0.0001073,318398,0.0019657,0.3300,472174,-0.025000,0.06913,52313,-0.0089960,0.4896,11277,0.013626,0.1921,18536,0.0080949,0.4384,18536
13:28618314:G:A,SBP,-0.010690,0.001894,425740,-0.012260,0.0002585,425743,0.0000,0.9835,318398,-0.00022074,0.9300,472174,0.036800,0.02279,52313,-0.032683,0.1137,11270,0.019391,0.1997,18536,0.019312,0.2015,18536
1:40836794:G:A,HYPERTENSION,0.0080570,0.002750,425740,0.0072910,0.005467,425743,0.028914,3.304e-8,318398,-0.00070018,0.7300,472174,0.022500,0.1173,52313,-0.0044000,0.7571,11277,-0.0040879,0.7438,18536,-0.012959,0.3001,18536
3:143722233:A:G,HYPERTENSION,0.0093740,0.003469,425740,0.0058010,0.06368,425743,0.037079,2.031e-8,318398,-0.0030214,0.2000,472174,,,,,,,,,,,,
5:107475979:T:C,HYPERTENSION,-0.020970,6.128e-10,425740,-0.0064530,0.05100,425743,-0.038259,2.475e-9,318398,-0.00031391,0.9000,472174,,,,0.00030900,0.9825,11277,-0.0057362,0.5930,18536,-0.00076463,0.9432,18536
12:51502156:G:T,HYPERTENSION,-0.015150,0.05774,425740,-0.021330,0.006153,425743,-0.036332,0.01389,318398,0.0010559,0.8600,472174,-0.059300,0.06262,52313,-0.077356,0.3867,11277,0.16469,0.2048,18536,0.18932,0.1449,18536
2:40525932:C:T,HYPERTENSION,-0.021160,3.359e-15,425740,-0.018170,4.116e-12,425743,-0.032467,4.183e-10,318398,0.0014193,0.5000,472174,-0.032500,0.01682,52313,-0.0092810,0.4783,11276,,,,,,
16:29993108:C:G,HYPERTENSION,0.018810,2.617e-13,425740,0.0034800,0.1655,425743,0.019183,0.0002018,318398,0.0010664,0.5900,472174,,,,-0.018919,0.1328,11277,0.0088155,0.3877,18536,-0.00040427,0.9684,18536
22:29258140:T:A,HYPERTENSION,0.024500,2.251e-11,425740,0.014460,0.00005151,425743,0.029120,0.00005472,318398,0.013898,8.700e-7,472174,,,,,,,0.022430,0.05295,18536,0.018952,0.1020,18536
1:42378683:A:G,HYPERTENSION,-0.016930,4.589e-11,425740,-0.0016800,0.5032,425743,-0.014889,0.0008176,318398,-0.0021314,0.2900,472174,-0.017600,0.1923,52313,-0.0090640,0.4829,11277,-0.010622,0.3182,18536,-0.014198,0.1821,18536
8:25987666:G:T,HYPERTENSION,-0.013360,0.00003413,425740,-0.016420,1.753e-7,425743,-0.037296,3.162e-9,318398,0.0041425,0.1100,472174,-0.025900,0.1583,52313,-0.020514,0.2018,11276,-0.044306,0.001067,18536,-0.037789,0.005254,18536
6:166162335:T:C,HYPERTENSION,-0.0035560,0.1778,425740,-0.014490,1.778e-8,425743,-0.021761,0.00003536,318398,-0.0013358,0.5200,472174,-0.025300,0.07437,52313,-0.0021840,0.8773,11277,0.0061761,0.5561,18536,0.00081844,0.9378,18536
5:65662133:C:T,SBP,-0.011230,0.00001425,425740,-0.011050,0.00001195,425743,-0.016857,0.006175,318398,-0.0011878,0.5500,472174,-0.023100,0.09173,52313,0.0072100,0.6123,11277,-0.0089684,0.4213,18536,-0.0096657,0.3861,18536
6:119112591:T:G,SBP,-0.015260,9.542e-8,425740,-0.015890,1.234e-8,425743,-0.020783,0.0001755,318398,0.00038457,0.8600,472174,-0.015200,0.2673,52313,0.00052600,0.9675,11277,0.014674,0.1393,18536,-0.0029211,0.7685,18536
2:37276651:A:C,HYPERTENSION,0.0090960,0.0007279,425740,0.011100,0.00002376,425743,0.029429,8.996e-8,318398,0.0011098,0.6000,472174,0.021100,0.1333,52313,-0.020304,0.1349,11277,0.00074858,0.9514,18536,-0.0027433,0.8232,18536
3:169486508:G:A,HYPERTENSION,-0.033040,9.219e-30,425740,-0.0092640,0.001123,425743,-0.029559,1.670e-7,318398,-0.094003,4.941e-324,472174,,,,-0.096257,1.023e-11,11276,-0.0047633,0.6608,18536,-0.014271,0.1886,18536
17:7474539:C:T,HYPERTENSION,0.014480,3.453e-8,425740,0.018480,5.204e-13,425743,0.021632,0.00003252,318398,0.0011053,0.5900,472174,-0.0038000,0.7843,52313,-0.023199,0.1059,11277,-0.0047555,0.6797,18536,-0.0011361,0.9214,18536
8:126510338:A:G,HYPERTENSION,0.014040,9.108e-7,425740,0.0025970,0.3516,425743,0.035006,7.706e-11,318398,-0.00068032,0.7600,472174,,,,0.037051,0.005443,11277,-0.024125,0.02490,18536,-0.0060565,0.5734,18536
8:101674751:A:C,HYPERTENSION,-0.012790,8.024e-7,425740,-0.0064500,0.01072,425743,-0.023717,0.00001068,318398,-0.0012314,0.5400,472174,-0.038500,0.004818,52313,-0.0094890,0.4600,11277,-0.0049931,0.6256,18536,-0.019322,0.05904,18536
20:30817782:C:T,HYPERTENSION,0.023870,8.200e-12,425740,0.015110,0.000009156,425743,0.033557,0.000001552,318398,-0.0034732,0.2100,472174,0.056200,0.004413,52313,0.028172,0.2512,11277,0.046420,0.01076,18536,0.018061,0.3211,18536
2:66771863:T:C,HYPERTENSION,0.0089020,0.0005801,425740,-0.0012280,0.6265,425743,0.022757,0.000006741,318398,0.0014157,0.4900,472174,0.036500,0.007149,52313,0.025688,0.1021,11277,0.020817,0.1031,18536,0.017904,0.1609,18536
6:15503696:G:C,HYPERTENSION,0.013570,1.135e-7,425740,0.0043820,0.07911,425743,0.027577,7.384e-9,318398,-0.00091097,0.6500,472174,0.0079000,0.5687,52313,-0.0033790,0.8054,11277,0.013429,0.2081,18536,0.00097002,0.9275,18536
3:78745866:G:A,HYPERTENSION,-0.020880,1.777e-12,425740,-0.015400,9.775e-8,425743,-0.027615,0.000005866,318398,-0.0019300,0.4000,472174,,,,,,,,,,,,
7:2522782:A:G,HYPERTENSION,-0.014910,0.000005397,425740,-0.018750,4.457e-9,425743,-0.028587,0.00001921,318398,-0.0023491,0.3300,472174,-0.045800,0.003310,52313,0.0038400,0.8069,11277,-0.018191,0.2140,18536,-0.015943,0.2762,18536
12:20045887:G:A,SBP,-0.016870,0.003315,425740,-0.0087000,0.1205,425743,-0.016857,0.2655,318398,-0.0022277,0.6100,472174,-0.036800,0.2726,52313,-0.0045670,0.7876,11277,-0.035794,0.006468,18536,-0.036055,0.006090,18536
17:17882020:T:G,SBP,0.00032880,0.9106,425740,-0.0084010,0.003267,425743,0.017553,0.005421,318398,0.0036155,0.1200,472174,0.0080000,0.5849,52313,0.0048370,0.7258,11277,0.013693,0.2294,18536,-0.0044203,0.6980,18536
13:110873556:G:C,SBP/HYPERTENSION,-0.011810,0.00002165,425740,-0.011140,0.00003974,425743,-0.027615,4.040e-8,318398,-0.0023974,0.2800,472174,0.0034000,0.8380,52313,-0.019940,0.1966,11277,-0.0025668,0.8522,18536,-0.011522,0.4030,18536
13:107227182:T:G,SBP,-0.012850,0.000009026,425740,-0.010530,0.0001918,425743,-0.010940,0.1443,318398,-0.0039607,0.06800,472174,-0.031500,0.02663,52313,-0.014677,0.2661,11277,0.0072473,0.4853,18536,-0.00028524,0.9781,18536
8:108291878:C:G,SBP,0.016280,3.040e-8,425740,0.0036700,0.2004,425743,0.014200,0.07019,318398,-0.00040932,0.8600,472174,-0.013200,0.4067,52313,0.00094200,0.9444,11277,,,,,,
15:61517218:T:C,SBP,-0.0046130,0.08127,425740,0.0034160,0.1857,425743,-0.014889,0.01142,318398,0.0010476,0.6100,472174,0.0033000,0.8121,52313,-0.0055500,0.6792,11276,-0.0069004,0.5283,18536,-0.0031441,0.7738,18536
5:157546890:A:C,SBP,0.011340,0.0004502,425740,0.0015080,0.6323,425743,0.014505,0.009166,318398,0.0011276,0.6500,472174,0.0079000,0.6284,52313,0.0059330,0.7253,11277,0.0067422,0.6025,18536,0.019344,0.1351,18536
14:51717506:G:A,SBP,-0.012090,0.0001930,425740,-0.012110,0.0001285,425743,-0.00099950,0.9332,318398,0.0023828,0.3500,472174,-0.0016000,0.9298,52313,0.011317,0.6516,11277,-0.0048488,0.8271,18536,0.019984,0.3680,18536
7:96463812:C:T,SBP,0.0071700,0.005005,425740,0.019830,1.726e-15,425743,0.011870,0.07994,318398,-0.00044420,0.8300,472174,0.023400,0.08559,52313,0.0040260,0.7576,11277,-0.0071435,0.5070,18536,0.0048472,0.6526,18536
4:77404635:G:A,HYPERTENSION,-0.019420,4.961e-13,425740,-0.015300,5.308e-9,425743,-0.019803,0.0002398,318398,0.0038284,0.06900,472174,-0.016100,0.2375,52313,0.011777,0.3606,11277,-0.0077132,0.4324,18536,0.0045917,0.6402,18536
7:6438217:A:G,HYPERTENSION,0.033650,0.00004943,425740,0.020040,0.01323,425743,0.073862,0.000007228,318398,-0.0011218,0.8300,472174,0.038700,0.2375,52313,0.017289,0.7104,11277,,,,,,
16:81573842:A:G,HYPERTENSION,-0.011350,0.0004304,425740,-0.011270,0.0003392,425743,-0.020783,0.0006592,318398,0.0038339,0.1200,472174,-0.014500,0.3946,52313,0.015506,0.2766,11277,-0.027102,0.01219,18536,-0.0096090,0.3742,18536
12:26452656:C:G,HYPERTENSION,-0.012880,0.000001850,425740,-0.0016100,0.5411,425743,-0.028587,4.068e-8,318398,0.0028216,0.1800,472174,-0.041600,0.004204,52313,0.00021700,0.9874,11277,-0.0065989,0.5935,18536,-0.014256,0.2488,18536
16:339082:C:T,HYPERTENSION,-0.0092700,0.0003742,425740,-0.0017530,0.4904,425743,-0.019803,0.00002304,318398,0.0035347,0.1700,472174,,,,,,,,,,,,
2:162566045:T:G,HYPERTENSION,-0.0073680,0.09412,425740,-0.0096980,0.02386,425743,-0.029559,0.0004028,318398,-0.00071639,0.8400,472174,-0.033600,0.1027,52313,-0.019762,0.3752,11277,-0.011464,0.5293,18536,-0.020796,0.2538,18536
6:26168903:A:G,HYPERTENSION,-0.013390,0.000005073,425740,-0.0065630,0.02183,425743,-0.028587,0.000001016,318398,0.00016730,0.9400,472174,-0.029300,0.06477,52313,0.021031,0.3012,11277,-0.010196,0.5332,18536,-0.014869,0.3635,18536
6:34592090:A:G,HYPERTENSION,-0.0050990,0.1874,425740,0.012830,0.0006729,425743,0.030047,0.00007524,318398,-0.0039259,0.2200,472174,0.066700,0.0001284,52313,0.0051770,0.8286,11277,-0.011098,0.5887,18536,-0.026101,0.2035,18536
10:76411807:TC:T,HYPERTENSION,0.015110,5.263e-7,425740,0.00091770,0.7547,425743,0.043116,2.062e-13,318398,,,,,,,,,,,,,,,
17:47046899:A:C,HYPERTENSION,0.013590,0.00001411,425740,0.0088260,0.003824,425743,0.041864,5.957e-12,318398,0.0012376,0.6000,472174,,,,,,,,,,,,
2:128859082:A:G,SBP,-0.0059220,0.05994,425740,-0.0029510,0.3365,425743,-0.0059821,0.4782,318398,-0.0053863,0.02900,472174,-0.022800,0.1531,52313,-0.00081200,0.9525,11277,-0.011106,0.3224,18536,-0.014830,0.1864,18536
12:27955296:C:T,SBP,0.021130,1.109e-13,425740,-0.0065480,0.01827,425743,0.017146,0.004176,318398,0.00023539,0.9100,472174,0.0048000,0.7408,52313,-0.019483,0.1457,11277,0.0093279,0.3853,18536,0.00057841,0.9571,18536
5:67596088:G:A,SBP,0.017440,3.871e-12,425740,0.0031160,0.2036,425743,0.013592,0.004939,318398,0.0020984,0.3000,472174,-0.0032000,0.8113,52313,-0.015619,0.2188,11277,0.0058503,0.5477,18536,0.0084003,0.3880,18536
12:120819225:C:G,SBP/DBP,0.025760,0.000008623,425740,0.029810,1.301e-7,425743,0.039781,0.001208,318398,0.018384,0.000008900,472174,0.027400,0.3298,52313,-0.023431,0.2282,11277,0.012606,0.4227,18536,0.022282,0.1565,18536
12:202877:C:T,SBP,0.0080040,0.002032,425740,0.0099580,0.00008294,425743,0.016231,0.002489,318398,-0.0049434,0.01400,472174,0.0023000,0.8633,52313,-0.0026650,0.8467,11277,-0.0025037,0.8204,18536,-0.019237,0.08108,18536
8:72507296:G:T,SBP,0.0068670,0.02645,425740,0.0026590,0.3782,425743,0.013187,0.03680,318398,-0.00053830,0.8200,472174,0.0093000,0.5920,52313,-0.0075880,0.5588,11277,0.0041319,0.6791,18536,-0.0028914,0.7722,18536
10:28945338:G:A,SBP,0.014160,6.350e-7,425740,0.0054480,0.04945,425743,0.013795,0.005620,318398,-0.0022475,0.3000,472174,0.0083000,0.5489,52313,0.014584,0.3034,11277,-0.010346,0.3851,18536,-0.0051503,0.6655,18536
13:58399235:C:T,SBP,0.0073330,0.01261,425740,0.010610,0.0002153,425743,-0.018822,0.001520,318398,-0.0012928,0.5700,472174,-0.021700,0.1509,52313,0.0041300,0.7484,11277,-0.030928,0.003624,18536,-0.022982,0.03064,18536
3:99921885:T:C,SBP,-0.010830,0.0003313,425740,0.0047410,0.1071,425743,-0.0049875,0.5325,318398,-0.00080216,0.7300,472174,0.0050000,0.7506,52313,0.016423,0.2287,11276,-0.011508,0.3179,18536,-0.024847,0.03105,18536
19:4952314:C:G,SBP,0.020550,0.0002623,425740,0.013100,0.01703,425743,0.023781,0.1128,318398,0.0064666,0.1400,472174,0.012500,0.5332,52313,-0.014507,0.4546,11272,0.016947,0.3309,18536,0.010496,0.5470,18536
2:175170792:G:A,HYPERTENSION,-0.0095140,0.0005591,425740,-0.0060640,0.02412,425743,-0.022739,0.00001715,318398,0.0012658,0.5400,472174,,,,,,,0.0037263,0.7494,18536,0.0081133,0.4868,18536
7:1195692:A:G,HYPERTENSION,-0.027770,0.01323,425740,-0.050940,0.000003167,425743,-0.086178,0.00006477,318398,-0.0016879,0.7700,472174,-0.052300,0.03017,52313,-0.026649,0.8165,11277,,,,,,
2:183305099:C:T,HYPERTENSION,0.0058500,0.02966,425740,0.015650,2.463e-9,425743,0.030047,3.331e-8,318398,-0.0014597,0.4700,472174,0.042600,0.002185,52313,0.013322,0.3068,11277,0.0060982,0.5486,18536,0.0071499,0.4819,18536
6:22136172:C:G,HYPERTENSION,0.0081130,0.001953,425740,0.0086080,0.0007536,425743,0.029017,6.181e-8,318398,-0.0031946,0.1200,472174,0.0051000,0.7069,52313,0.00013500,0.9920,11277,0.026472,0.007584,18536,0.025174,0.01111,18536
2:145240715:A:G,HYPERTENSION,0.0097930,0.04606,425740,0.0050480,0.2918,425743,0.066460,4.705e-12,318398,0.0017814,0.7200,472174,,,,,,,,,,,,
20:50131816:A:C,HYPERTENSION,-0.020480,2.361e-15,425740,-0.014900,3.407e-9,425743,-0.024693,1.433e-7,318398,0.0012501,0.5400,472174,-0.047700,0.0004047,52313,-0.0017870,0.8918,11277,0.010429,0.3014,18536,-0.0031240,0.7569,18536
4:17978892:A:T,HYPERTENSION,0.015800,9.067e-8,425740,-0.00019260,0.9467,425743,0.036975,8.752e-10,318398,-0.0011789,0.6000,472174,0.0041000,0.7744,52313,-0.015532,0.3781,11277,0.0045554,0.7327,18536,-0.0078368,0.5568,18536
2:28629367:G:C,HYPERTENSION,-0.019720,1.768e-14,425740,0.0018200,0.4680,425743,-0.019803,0.00002459,318398,0.0012127,0.5500,472174,-0.035500,0.009342,52313,0.022043,0.08929,11277,0.00050537,0.9607,18536,-0.00060815,0.9527,18536
8:82719822:A:G,HYPERTENSION,0.014370,7.317e-8,425740,0.0069610,0.007501,425743,0.030665,3.164e-7,318398,-0.00093685,0.6500,472174,0.023400,0.1108,52313,0.0030230,0.8258,11261,0.0058095,0.5918,18536,-0.0039019,0.7187,18536
2:144183002:G:A,HYPERTENSION,-0.0095070,0.0002005,425740,-0.016180,8.626e-11,425743,-0.025668,2.557e-8,318398,0.0011297,0.5700,472174,-0.0058000,0.6651,52313,0.00049800,0.9687,11276,-0.0042412,0.6868,18536,-0.0052731,0.6162,18536
2:54484326:C:G,SBP,0.018800,5.598e-7,425740,0.0097330,0.007890,425743,0.025933,0.002392,318398,0.041521,4.100e-49,472174,0.018000,0.3600,52313,0.018750,0.3132,11276,0.022425,0.1333,18536,0.0096536,0.5181,18536
1:116863416:A:G,SBP,-0.015120,6.663e-7,425740,-0.0092850,0.001749,425743,-0.021761,0.0006223,318398,0.00078248,0.7300,472174,0.0041000,0.7848,52313,-0.0092670,0.5544,11277,-0.041898,0.009852,18536,-0.0019749,0.9032,18536
16:2308204:G:A,SBP,-0.012660,0.000005115,425740,-0.00079290,0.7697,425743,-0.013903,0.06259,318398,0.0027509,0.1800,472174,-0.012000,0.3844,52313,0.0026390,0.8409,11277,0.0092231,0.4486,18536,0.0081414,0.5036,18536
21:30123533:A:G,SBP,0.021220,3.827e-9,425740,-0.022540,1.389e-10,425743,0.0080322,0.4039,318398,0.0022351,0.4300,472174,-0.0023000,0.9274,52313,,,,,,,,,
10:22699511:AG:A,SBP,-0.027590,2.043e-9,425740,-0.011360,0.01136,425743,-0.041142,0.000004521,318398,,,,0.0052000,0.8957,52313,0.068444,0.2354,11276,,,,,,
1:47974381:C:T,SBP,-0.0075380,0.003603,425740,-0.0089650,0.0003859,425743,-0.0059821,0.3721,318398,-0.000051180,0.9800,472174,-0.046300,0.001066,52313,0.0014580,0.9176,11277,-0.010433,0.3684,18536,-0.0092613,0.4246,18536
4:46595623:T:G,SBP,0.0043330,0.2053,425740,0.00094910,0.7761,425743,0.019387,0.01136,318398,0.00010754,0.9700,472174,0.010900,0.5411,52313,0.0065990,0.6215,11277,-0.0089589,0.3915,18536,-0.0077180,0.4604,18536
3:169305704:A:G,SBP,0.019860,0.0002034,425740,0.023850,0.000004790,425743,0.024088,0.02366,318398,0.012221,0.004400,472174,0.012900,0.5152,52313,0.022369,0.4291,11276,-0.0086477,0.7183,18536,0.013802,0.5648,18536
7:83668381:T:C,SBP,-0.0088550,0.009490,425740,-0.0065820,0.04808,425743,-0.020783,0.001132,318398,0.0055712,0.03800,472174,0.0086000,0.6642,52313,-0.015358,0.3060,11277,-0.00043561,0.9696,18536,-0.010113,0.3757,18536
1:90128389:T:A,SBP,-0.013080,0.001064,425740,-0.0063510,0.1032,425743,-0.0069756,0.5144,318398,0.0029801,0.3200,472174,0.0040000,0.8199,52313,-0.0050160,0.7434,11277,-0.0086336,0.5111,18536,0.000033832,0.9979,18536
5:57179504:T:C,HYPERTENSION,0.015010,2.813e-8,425740,0.013280,4.713e-7,425743,0.027680,3.495e-7,318398,-0.0011098,0.6000,472174,0.030500,0.03290,52313,-0.013202,0.3550,11277,-0.012223,0.2436,18536,-0.0027124,0.7958,18536
10:45385828:A:C,HYPERTENSION,-0.015940,1.146e-8,425740,-0.016980,4.569e-10,425743,-0.027615,0.000001704,318398,0.0021916,0.3300,472174,-0.026500,0.05674,52313,-0.0098130,0.4796,11276,-0.014698,0.1804,18536,-0.018714,0.08813,18536
17:59240473:C:T,HYPERTENSION,-0.027170,5.258e-16,425740,-0.021130,1.026e-10,425743,-0.033435,5.087e-8,318398,0.0039633,0.1200,472174,-0.068300,0.0001098,52313,0.043718,0.03732,11277,-0.013400,0.3939,18536,-0.012976,0.4091,18536
1:1680219:G:A,HYPERTENSION,-0.015520,2.291e-8,425740,-0.012040,0.000008822,425743,-0.023717,0.000003815,318398,-0.00022336,0.9100,472174,-0.020600,0.1321,52313,,,,0.012337,0.2188,18536,0.010504,0.2951,18536
10:115710997:C:T,HYPERTENSION,0.016840,0.005114,425740,0.018820,0.001333,425743,0.054562,0.000005260,318398,-0.0014232,0.7700,472174,0.056900,0.1221,52313,0.096332,0.01506,11277,-0.055223,0.09847,18536,-0.039529,0.2369,18536
1:112343100:C:A,HYPERTENSION,0.011470,0.0004156,425740,0.012410,0.00009044,425743,0.041447,4.562e-11,318398,0.0020779,0.4200,472174,,,,,,,,,,,,
4:18049216:T:C,HYPERTENSION,0.019340,3.523e-9,425740,0.0083550,0.008890,425743,0.028297,0.00001659,318398,-0.0035537,0.1500,472174,0.033100,0.05048,52313,0.013557,0.4262,11276,-0.016109,0.2963,18536,-0.015289,0.3216,18536
9:136141870:C:T,HYPERTENSION,,,,,,,,,,-0.0036560,0.1600,472174,,,,-0.0054960,0.7628,11277,0.014669,0.2934,18536,-0.0022297,0.8731,18536
8:129418074:T:A,HYPERTENSION,-0.015850,2.736e-9,425740,-0.0088940,0.0006206,425743,-0.022739,0.00002033,318398,0.0018647,0.3800,472174,-0.0035000,0.8137,52313,0.025087,0.05514,11277,-0.0031793,0.7526,18536,0.0091459,0.3644,18536
8:30854033:A:G,HYPERTENSION,-0.0086830,0.002294,425740,-0.0048340,0.08178,425743,-0.028587,4.004e-7,318398,0.0067227,0.002200,472174,-0.043700,0.004582,52313,0.0059050,0.6603,11277,0.0041074,0.7116,18536,0.0064323,0.5626,18536
4:158355507:A:T,SBP,0.011540,0.00001138,425740,0.0041280,0.1074,425743,0.016739,0.002850,318398,-0.0021276,0.2900,472174,,,,0.0020600,0.8757,11277,,,,,,
2:213799651:A:G,SBP,-0.0067970,0.009065,425740,-0.0040570,0.1103,425743,-0.011929,0.08539,318398,0.00031960,0.8700,472174,0.00060000,0.9652,52313,0.022532,0.08354,11277,-0.015745,0.1227,18536,-0.0086932,0.3940,18536
11:63549188:A:T,SBP,-0.0090190,0.01230,425740,-0.0068100,0.05259,425743,0.0034058,0.7232,318398,-0.0020878,0.4400,472174,,,,,,,0.0056648,0.6901,18536,0.0077588,0.5851,18536
10:19934374:G:A,SBP,-0.015960,2.040e-9,425740,0.0091040,0.0004551,425743,-0.018822,0.0001178,318398,-0.00034092,0.8700,472174,-0.00020000,0.9856,52313,-0.0040640,0.7548,11277,,,,,,
4:102498208:G:A,SBP,0.013350,2.442e-7,425740,0.014030,2.654e-8,425743,0.0092426,0.03858,318398,0.0012063,0.5500,472174,0.011400,0.3996,52313,0.0044110,0.7372,11277,,,,,,
9:116356529:C:G,SBP,0.0091930,0.001354,425740,0.0026360,0.3462,425743,0.012680,0.008550,318398,-0.0013959,0.5400,472174,-0.0014000,0.9260,52313,-0.028164,0.09547,11277,-0.014590,0.3225,18536,-0.0032338,0.8264,18536
9:4114493:C:T,SBP,0.010990,0.0003617,425740,0.011520,0.0001263,425743,0.025420,0.0002514,318398,0.00037180,0.8800,472174,0.021000,0.2050,52313,0.020553,0.1871,11277,0.0043522,0.7277,18536,-0.0047378,0.7047,18536
3:156798775:T:C,SBP,-0.0090270,0.002930,425740,-0.015060,3.574e-7,425743,-0.012916,0.1143,318398,-0.0063636,0.001800,472174,0.012700,0.3806,52313,-0.0060440,0.6704,11277,-0.019028,0.08985,18536,-0.029867,0.007757,18536
5:39445120:C:T,SBP,-0.016610,1.171e-9,425740,-0.013020,0.000001019,425743,-0.010940,0.04387,318398,0.00059648,0.7800,472174,,,,,,,,,,,,
2:70217677:A:G,SBP,-0.018320,0.000004569,425740,-0.0049170,0.2072,425743,-0.017840,0.008728,318398,0.0057906,0.05800,472174,-0.011100,0.6128,52313,0.014913,0.5417,11275,-0.024894,0.3035,18536,-0.0069760,0.7731,18536
2:242259614:G:A,SBP,0.012910,0.00001567,425740,-0.00067470,0.8170,425743,0.013389,0.02940,318398,0.000026980,0.9900,472174,-0.018900,0.2110,52313,-0.010994,0.4291,11277,0.00065260,0.9546,18536,0.012785,0.2643,18536
8:51871975:T:A,HYPERTENSION,0.020820,7.450e-10,425740,0.013750,0.00003066,425743,0.034799,5.964e-8,318398,-0.0017390,0.5000,472174,,,,-0.0038200,0.7781,11271,,,,,,
19:11521204:T:A,HYPERTENSION,0.012610,0.002254,425740,0.014930,0.0002093,425743,0.041447,0.000001125,318398,0.0029451,0.3000,472174,0.053000,0.004090,52313,0.0069290,0.6526,11273,0.0015103,0.9036,18536,-0.013728,0.2707,18536
6:118612943:G:A,HYPERTENSION,0.028600,5.782e-10,425740,0.030670,9.502e-12,425743,0.041760,0.000004358,318398,-0.0039099,0.2900,472174,0.048200,0.04867,52313,0.010492,0.6090,11277,0.049821,0.002179,18536,0.033815,0.03752,18536
20:4102954:G:A,HYPERTENSION,0.014610,3.504e-8,425740,0.0087180,0.0007444,425743,0.023576,0.000002229,318398,-0.0036589,0.08000,472174,,,,,,,,,,,,
17:76726515:G:A,HYPERTENSION,-0.016930,5.311e-11,425740,-0.00093100,0.7114,425743,-0.014889,0.0003334,318398,-0.0039679,0.04800,472174,,,,0.013479,0.3055,11274,-0.025231,0.01704,18536,-0.016196,0.1257,18536
6:51449442:G:A,HYPERTENSION,-0.013980,4.857e-8,425740,-0.017980,6.130e-13,425743,-0.029559,4.402e-9,318398,0.000058440,0.9800,472174,-0.029100,0.03294,52313,0.0081660,0.5347,11277,-0.010705,0.2918,18536,-0.0056623,0.5771,18536
10:60364363:G:A,HYPERTENSION,0.016330,2.048e-10,425740,-0.0020390,0.4155,425743,0.022757,0.000006310,318398,-0.0037101,0.06600,472174,,,,-0.019270,0.1481,11277,0.027900,0.08901,18536,0.021191,0.1965,18536
17:79381917:G:C,HYPERTENSION,-0.040870,3.833e-11,425740,-0.019650,0.001124,425743,-0.046884,0.00003003,318398,0.0027758,0.5300,472174,-0.020900,0.5252,52313,0.025054,0.6004,11277,,,,,,
10:134413583:T:A,HYPERTENSION,0.023610,1.044e-12,425740,0.017610,5.053e-8,425743,0.032110,1.708e-7,318398,-0.00084196,0.7500,472174,0.021100,0.2830,52313,0.0070040,0.6699,11277,-0.0015659,0.9070,18536,-0.010222,0.4457,18536
2:188100639:C:T,HYPERTENSION,-0.013600,2.065e-7,425740,0.0012880,0.6141,425743,-0.022739,8.813e-7,318398,0.0012802,0.5400,472174,-0.035800,0.009736,52313,0.023259,0.07889,11277,-0.018073,0.07483,18536,-0.014113,0.1642,18536
2:242379248:G:C,SBP,0.016750,0.00003963,425740,0.0058370,0.1419,425743,0.015012,0.1655,318398,-0.0040624,0.1900,472174,-0.0012000,0.9577,52313,-0.016810,0.3835,11277,0.0049705,0.7906,18536,0.012283,0.5116,18536
8:49456942:G:T,SBP,-0.0096480,0.005210,425740,-0.0072850,0.03055,425743,-0.0069756,0.4527,318398,-0.0066517,0.01400,472174,-0.00010000,0.9954,52313,-0.0028120,0.8481,11277,-0.0082101,0.5291,18536,-0.012879,0.3235,18536
6:25759066:G:T,SBP,-0.0091880,0.0003853,425740,-0.0059890,0.01768,425743,-0.020783,0.00002806,318398,0.0076096,0.0002100,472174,,,,-0.022214,0.08530,11277,0.0028404,0.7796,18536,0.0044084,0.6640,18536
3:38778540:T:C,SBP,-0.013380,1.911e-7,425740,0.011640,0.000003386,425743,0.0069239,0.3123,318398,-0.00030375,0.8800,472174,,,,,,,,,,,,
8:98241670:G:C,SBP,-0.0089260,0.001749,425740,-0.0067600,0.01509,425743,-0.023717,0.00005702,318398,0.0043390,0.05400,472174,-0.021000,0.1551,52313,-0.026967,0.1027,11277,0.0045854,0.7479,18536,-0.0043864,0.7585,18536
11:8243798:A:G,SBP,-0.0052710,0.05070,425740,-0.0079800,0.002422,425743,-0.015873,0.004184,318398,0.00065409,0.7500,472174,-0.00040000,0.9785,52313,0.015592,0.2269,11277,-0.00054249,0.9568,18536,-0.0077192,0.4403,18536
1:35267838:T:C,SBP,-0.014010,0.00008194,425740,-0.0085600,0.01359,425743,0.012680,0.1790,318398,-0.0081730,0.02600,472174,,,,,,,,,,,,
7:41627933:A:T,SBP,0.018390,3.996e-11,425740,-0.0020170,0.4576,425743,0.010556,0.1539,318398,0.0015875,0.4500,472174,,,,0.011572,0.4031,11192,-0.012828,0.2234,18536,0.0034719,0.7417,18536
11:32036466:CACACACACACACACACACACACAA:C,SBP,0.025330,2.880e-9,425740,0.013780,0.0009279,425743,-0.0029955,0.7708,318398,,,,,,,,,,,,,,,
19:49639399:C:G,HYPERTENSION,-0.013850,0.0001155,425740,-0.00088230,0.8011,425743,-0.027615,0.000006318,318398,-0.0010327,0.7100,472174,-0.028500,0.2334,52313,-0.036566,0.1801,11277,0.022545,0.3303,18536,0.013283,0.5662,18536
5:53300835:T:C,HYPERTENSION,0.014780,3.119e-7,425740,0.00087620,0.7558,425743,0.034799,1.239e-10,318398,-0.0024198,0.2900,472174,,,,,,,-0.0080235,0.4456,18536,0.0028356,0.7875,18536
3:35659344:T:G,HYPERTENSION,0.016050,9.490e-10,425740,0.0065160,0.01086,425743,0.030872,1.903e-8,318398,-0.0049373,0.01800,472174,0.027800,0.05484,52313,-0.013070,0.3374,11277,0.017392,0.1020,18536,0.017245,0.1049,18536
10:121426312:G:A,HYPERTENSION,0.0047850,0.09398,425740,-0.021310,2.046e-14,425743,-0.034401,2.402e-9,318398,-0.0047448,0.03500,472174,-0.017100,0.2651,52313,0.0037320,0.8114,11277,-0.028785,0.04183,18536,-0.034612,0.01440,18536
17:56794607:A:G,HYPERTENSION,0.019730,0.000003423,425740,0.014660,0.0004047,425743,0.042803,1.058e-7,318398,0.0074514,0.02000,472174,0.078400,0.0008841,52313,0.0028840,0.9573,11277,-0.012949,0.7922,18536,-0.0077466,0.8748,18536
6:25668700:T:C,HYPERTENSION,0.0048910,0.2226,425740,0.028530,3.010e-13,425743,0.034488,0.000008188,318398,0.0048854,0.1000,472174,0.016800,0.3990,52313,-0.040493,0.1200,11277,-0.015055,0.4982,18536,-0.0057703,0.7952,18536
17:18244770:C:T,HYPERTENSION,0.015750,7.183e-10,425740,0.018230,2.672e-13,425743,0.027063,2.803e-7,318398,-0.00076756,0.7000,472174,0.046800,0.0005378,52313,0.028592,0.02681,11275,-0.011459,0.2634,18536,-0.0066834,0.5142,18536
1:56627805:A:C,HYPERTENSION,0.021400,4.787e-16,425740,0.0025060,0.3298,425743,0.027371,4.538e-8,318398,-0.0011481,0.5800,472174,0.0095000,0.5214,52313,0.0010200,0.9420,11277,0.0069917,0.5186,18536,0.0052639,0.6270,18536
5:157927984:G:A,HYPERTENSION,0.015660,0.00003818,425740,0.0097470,0.008576,425743,0.029326,0.0001374,318398,0.0049033,0.09500,472174,0.037500,0.06974,52313,0.023190,0.2844,11277,-0.018388,0.2804,18536,-0.015541,0.3616,18536
7:7258503:C:T,HYPERTENSION,0.013280,8.215e-7,425740,0.014150,7.094e-8,425743,0.025523,0.000002003,318398,-0.00096327,0.6400,472174,0.053100,0.0001231,52313,0.026570,0.04417,11275,0.0050055,0.6266,18536,0.0063209,0.5389,18536
1:242025245:A:T,SBP,0.013970,5.461e-8,425740,0.010070,0.00005951,425743,0.0097474,0.1531,318398,-0.000046210,0.9800,472174,-0.0086000,0.5314,52313,,,,,,,,,
9:6181890:TC:T,SBP,0.031190,3.280e-9,425740,0.021920,0.00002016,425743,0.023781,0.004421,318398,,,,0.016900,0.6114,52313,-0.017953,0.6670,11277,,,,,,
15:57486458:TG:T,SBP,-0.015810,3.198e-9,425740,-0.0021270,0.4139,425743,-0.0049875,0.4405,318398,,,,-0.018000,0.1865,52313,0.0055110,0.6694,11277,,,,,,
6:57742152:A:ATG,SBP,,,,,,,,,,-0.0021504,0.2900,472174,0.0091000,0.4986,52313,,,,,,,,,
5:90262475:T:C,SBP,0.0065530,0.01216,425740,0.0030020,0.2388,425743,0.011668,0.09220,318398,-0.0020695,0.3200,472174,0.021900,0.1074,52313,-0.017961,0.1617,11277,0.0042432,0.6665,18536,-0.012821,0.1928,18536
16:15863759:C:A,SBP,0.0097150,0.005854,425740,0.0082720,0.01613,425743,0.022450,0.0007668,318398,-0.0063364,0.02300,472174,-0.0061000,0.7871,52313,-0.029364,0.03232,11276,0.014119,0.2000,18536,-0.0065583,0.5517,18536
8:74850459:A:G,SBP,0.014560,0.000004063,425740,0.0050590,0.1007,425743,-0.014889,0.07778,318398,0.0023945,0.3100,472174,0.0048000,0.7715,52313,-0.0060180,0.6878,11276,0.0018047,0.8744,18536,0.0033912,0.7665,18536
17:26849673:C:T,SBP,0.015940,4.294e-9,425740,0.0066590,0.01189,425743,0.022655,0.000009186,318398,-0.00069163,0.7400,472174,,,,,,,-0.00098718,0.9219,18536,-0.0068214,0.4981,18536
7:14379559:T:C,SBP,-0.0088820,0.002162,425740,-0.0028330,0.3158,425743,-0.0099503,0.2051,318398,-0.0011939,0.5800,472174,-0.018300,0.2119,52313,-0.026853,0.05015,11276,-0.018874,0.2254,18536,-0.026809,0.08507,18536
15:79851655:A:G,SBP,-0.021460,2.978e-9,425740,-0.013920,0.00008020,425743,-0.014889,0.02296,318398,-0.00020361,0.9400,472174,0.0076000,0.7787,52313,,,,0.00093001,0.9419,18536,0.0022493,0.8601,18536
3:45643648:G:C,SBP,-0.013610,3.207e-7,425740,-0.0038240,0.1409,425743,-0.014889,0.003226,318398,-0.00096369,0.6400,472174,-0.022200,0.1079,52313,-0.0041100,0.7787,11277,-0.0047020,0.6959,18536,0.010659,0.3756,18536
13:114995733:T:C,HYPERTENSION,0.036580,2.203e-24,425740,0.021120,1.626e-9,425743,0.043952,2.773e-10,318398,-0.0056278,0.04400,472174,0.054000,0.003765,52313,0.0020720,0.9133,11277,-0.0076235,0.6322,18536,-0.031191,0.05019,18536
6:143203591:T:A,HYPERTENSION,-0.0047490,0.06402,425740,-0.013160,1.415e-7,425743,-0.022739,8.896e-7,318398,0.0060577,0.002700,472174,-0.025200,0.06222,52313,0.023362,0.07258,11277,-0.011325,0.2700,18536,0.0020244,0.8437,18536
4:96087101:A:G,HYPERTENSION,-0.0078070,0.002518,425740,-0.0025700,0.3079,425743,-0.023717,0.000005101,318398,0.0024382,0.2300,472174,-0.043800,0.001461,52313,0.0049630,0.7062,11277,-0.018874,0.06799,18536,-0.018505,0.07355,18536
16:4147630:C:T,HYPERTENSION,-0.015630,0.0002474,425740,-0.015680,0.0001637,425743,-0.031499,0.00009711,318398,-0.0013081,0.6900,472174,,,,,,,,,,,,
18:42777478:C:T,HYPERTENSION,-0.016560,5.682e-7,425740,-0.0074270,0.02148,425743,-0.036332,2.331e-9,318398,0.00026750,0.9200,472174,-0.0085000,0.6394,52313,-0.0048610,0.7680,11277,-0.037127,0.006314,18536,-0.013652,0.3153,18536
16:2210407:G:A,HYPERTENSION,0.022510,0.00006598,425740,0.032450,3.695e-9,425743,0.046672,0.000008185,318398,0.0025933,0.5500,472174,0.025500,0.2099,52313,0.010172,0.7674,11275,-0.018157,0.6815,18536,-0.036928,0.4039,18536
3:53850209:C:T,HYPERTENSION,0.010680,0.00003327,425740,0.0058480,0.01982,425743,0.010657,0.03086,318398,-0.00048835,0.8100,472174,,,,,,,,,,,,
5:87765658:T:A,HYPERTENSION,-0.010960,0.007208,425740,-0.015830,0.00006934,425743,-0.026642,0.001139,318398,0.0058215,0.07000,472174,,,,,,,,,,,,
11:9780892:G:A,HYPERTENSION,-0.016890,0.00001894,425740,-0.024320,2.679e-10,425743,-0.039221,3.700e-7,318398,-0.0029052,0.3300,472174,-0.020700,0.3726,52313,-0.022738,0.1183,11277,-0.032253,0.001752,18536,-0.025394,0.01375,18536
13:32124747:A:G,HYPERTENSION,-0.048110,3.593e-69,425740,-0.033510,3.842e-36,425743,-0.037296,8.402e-13,318398,-0.0020924,0.3100,472174,,,,-0.0018680,0.8977,11277,-0.017984,0.1222,18536,-0.016392,0.1589,18536
14:35110857:C:T,SBP/DBP,-0.010020,0.0001183,425740,-0.0037430,0.1403,425743,-0.014889,0.006654,318398,-0.000075170,0.9700,472174,-0.0068000,0.6326,52313,0.013075,0.3136,11277,0.0045672,0.6682,18536,-0.00097521,0.9271,18536
1:81683934:T:C,SBP,0.015470,2.959e-9,425740,0.0079430,0.001791,425743,0.0065212,0.3500,318398,0.0024477,0.2300,472174,0.0054000,0.6989,52313,-0.0080850,0.5443,11277,0.0082602,0.4447,18536,-0.0034661,0.7485,18536
7:101525302:T:A,SBP,-0.020690,1.391e-13,425740,-0.0046840,0.08598,425743,-0.014889,0.006058,318398,0.0012035,0.7100,472174,,,,,,,,,,,,
7:40909353:G:T,SBP,0.019830,3.346e-7,425740,0.0041410,0.2746,425743,0.019591,0.002988,318398,-0.00040723,0.9000,472174,-0.0025000,0.9239,52313,-0.017445,0.4259,11277,-0.032611,0.08468,18536,-0.019608,0.2999,18536
9:20751955:C:T,SBP,0.014770,0.00001913,425740,0.0044930,0.1824,425743,0.022246,0.0005480,318398,0.00095517,0.7200,472174,0.0039000,0.7998,52313,,,,,,,,,
2:242389865:G:T,SBP,0.010430,0.0005152,425740,0.00038010,0.8967,425743,0.015621,0.05031,318398,-0.00024846,0.9200,472174,-0.010900,0.4874,52313,-0.0066170,0.6292,11276,-0.0030960,0.7838,18536,0.0082135,0.4666,18536
18:31161426:T:G,SBP/HYPERTENSION,0.027370,4.135e-9,425740,0.033460,1.723e-13,425743,0.044161,0.000002046,318398,-0.00033537,0.9300,472174,0.038700,0.1814,52313,0.019368,0.4948,11275,0.031644,0.1900,18536,0.033920,0.1600,18536
2:242214896:AG:A,SBP,0.020540,3.489e-9,425740,0.0046380,0.1714,425743,0.020305,0.003102,318398,,,,0.020200,0.3079,52313,-0.012460,0.5401,11277,,,,,,
10:99955350:AC:A,SBP,0.015690,3.395e-9,425740,-0.0068290,0.008348,425743,0.018673,0.0004734,318398,,,,,,,,,,,,,,,
14:36126651:C:T,SBP,-0.0092960,0.02591,425740,-0.021170,1.968e-7,425743,-0.014889,0.1705,318398,0.0030572,0.3400,472174,-0.0020000,0.9344,52313,0.041525,0.2476,11277,,,,,,
11:116648917:G:C,HYPERTENSION,-0.014160,0.00007882,425740,-0.0084010,0.01634,425743,-0.047837,6.655e-12,318398,-0.012970,0.000007700,472174,-0.086100,0.000007047,52313,-0.020962,0.1656,11277,0.020955,0.06727,18536,0.0023162,0.8397,18536
15:53091553:C:T,HYPERTENSION,0.020960,5.524e-8,425740,0.0096090,0.01066,425743,0.054139,1.167e-12,318398,0.0052762,0.07000,472174,0.048800,0.03959,52313,0.030808,0.06068,11276,-0.0078451,0.5064,18536,-0.0018416,0.8761,18536
12:48697423:T:A,HYPERTENSION,0.013330,0.00001765,425740,-0.0098080,0.001206,425743,0.027988,0.000009397,318398,0.0036111,0.1400,472174,0.045100,0.02658,52313,0.010667,0.6188,11277,-0.011262,0.5071,18536,0.017445,0.3042,18536
2:208501509:A:T,HYPERTENSION,0.015690,8.501e-10,425740,0.010320,0.00003494,425743,0.023883,0.000001076,318398,0.0031629,0.1100,472174,,,,,,,0.019765,0.04575,18536,0.0056424,0.5685,18536
7:131010429:C:T,HYPERTENSION,0.021070,4.697e-15,425740,0.010080,0.0001204,425743,0.026960,7.756e-8,318398,-0.0014377,0.4900,472174,-0.0022000,0.8764,52313,0.0087380,0.5022,11277,0.010899,0.3200,18536,0.0088141,0.4213,18536
3:160182911:C:G,HYPERTENSION,-0.022880,5.856e-15,425740,-0.011480,0.00005934,425743,-0.034401,4.200e-9,318398,-0.013740,1.700e-9,472174,-0.053100,0.001021,52313,-0.0069010,0.6395,11275,0.0016558,0.8869,18536,0.0041710,0.7201,18536
7:130439058:C:G,HYPERTENSION,0.0071920,0.01124,425740,-0.000064920,0.9813,425743,0.031697,2.415e-8,318398,-0.0010175,0.6500,472174,0.025500,0.08875,52313,0.0096120,0.4788,11276,,,,,,
11:2152755:G:A,HYPERTENSION,0.018510,0.00005108,425740,0.014930,0.0008113,425743,0.050872,2.912e-8,318398,-0.0050734,0.1600,472174,,,,,,,0.021471,0.5163,18536,0.033585,0.3100,18536
6:20675792:C:A,HYPERTENSION,0.013050,0.000004097,425740,-0.0096800,0.0004576,425743,0.037702,2.946e-11,318398,-0.0034923,0.1200,472174,0.033100,0.02109,52313,0.0022050,0.8807,11277,0.013240,0.2166,18536,0.0028100,0.7931,18536
19:1842884:G:A,HYPERTENSION,-0.012240,0.0001956,425740,-0.0084410,0.008439,425743,-0.024693,0.00009816,318398,-0.0050609,0.04000,472174,-0.029000,0.08045,52313,-0.0021840,0.8852,11277,-0.012497,0.3718,18536,-0.018642,0.1828,18536
2:227910171:A:G,SBP,-0.010620,0.00006719,425740,-0.0097910,0.0001654,425743,-0.0099503,0.1406,318398,-0.0016466,0.4200,472174,0.0010000,0.9427,52313,0.00065200,0.9593,11274,-0.0069936,0.4843,18536,-0.014318,0.1521,18536
2:242371468:T:C,SBP,0.011640,0.0001683,425740,-0.0010230,0.7344,425743,0.015114,0.06563,318398,-0.00058712,0.8100,472174,-0.0067000,0.6965,52313,-0.0088810,0.5249,11277,-0.0034959,0.7615,18536,0.0077857,0.4990,18536
9:139852224:T:C,SBP,-0.0091910,0.0006498,425740,-0.0081200,0.002009,425743,-0.0079682,0.2406,318398,0.00051895,0.8100,472174,-0.014400,0.3124,52313,0.0050640,0.7099,11277,-0.010624,0.3462,18536,0.0048193,0.6692,18536
8:74245445:A:G,SBP,-0.016470,3.642e-9,425740,-0.0064920,0.01709,425743,-0.013903,0.01034,318398,-0.0033993,0.1100,472174,-0.023500,0.08523,52313,0.0079670,0.5900,11277,-0.025593,0.03810,18536,-0.018157,0.1412,18536
2:242388463:T:G,SBP,0.011710,0.0001524,425740,-0.00090120,0.7650,425743,0.015012,0.06834,318398,-0.00058604,0.8100,472174,-0.0066000,0.7012,52313,-0.0090910,0.5128,11277,-0.0037866,0.7402,18536,0.0070417,0.5375,18536
20:62778921:C:T,SBP,-0.016110,0.000005859,425740,-0.0035590,0.3046,425743,-0.017840,0.05451,318398,-0.011214,0.000001500,472174,,,,,,,,,,,,
5:138992703:A:G,SBP,-0.0067850,0.03252,425740,-0.0040890,0.1865,425743,-0.0099503,0.2190,318398,-0.0049807,0.03800,472174,-0.014800,0.3927,52313,-0.010702,0.4436,11277,-0.030144,0.004162,18536,-0.018361,0.08090,18536
11:134845390:C:G,SBP,0.016440,0.000004422,425740,0.010280,0.003253,425743,0.015418,0.1054,318398,-0.0036614,0.1900,472174,,,,,,,,,,,,
2:135605014:A:G,SBP,-0.00027340,0.9376,425740,-0.0056160,0.09931,425743,-0.015873,0.04511,318398,0.0032724,0.2300,472174,,,,,,,,,,,,
5:158421240:A:C,SBP,-0.0052620,0.06278,425740,-0.0055020,0.04606,425743,-0.031499,1.575e-8,318398,0.0036629,0.1000,472174,-0.011700,0.4168,52313,0.017583,0.2522,11277,-0.016713,0.1843,18536,-0.0076667,0.5425,18536
2:175558804:G:A,HYPERTENSION,0.020550,1.284e-11,425740,-0.0011140,0.7067,425743,0.028091,0.000001507,318398,-0.00018056,0.9400,472174,0.037300,0.02431,52313,0.0047500,0.7628,11277,0.0080952,0.4739,18536,-0.010683,0.3446,18536
20:31225752:G:A,HYPERTENSION,0.029780,3.341e-17,425740,0.013840,0.00005821,425743,0.034695,1.509e-7,318398,-0.0029396,0.2900,472174,,,,,,,,,,,,
16:69575238:G:A,HYPERTENSION,0.024520,8.181e-14,425740,0.0012750,0.6907,425743,0.033660,1.531e-7,318398,-0.011486,0.000001800,472174,0.027300,0.09761,52313,0.0078150,0.6330,11277,0.027398,0.05823,18536,0.021297,0.1410,18536
7:156322655:A:T,HYPERTENSION,0.021280,1.515e-14,425740,0.019650,3.400e-13,425743,0.027577,9.536e-8,318398,-0.0016283,0.4500,472174,0.030800,0.02470,52313,0.0012600,0.9361,11277,0.014005,0.2307,18536,0.017079,0.1438,18536
5:77882880:C:T,HYPERTENSION,-0.020360,3.065e-15,425740,-0.011770,0.000002905,425743,-0.019803,0.000008406,318398,-0.0014727,0.4600,472174,-0.028200,0.03802,52313,-0.0088840,0.5156,11277,0.0050284,0.6402,18536,0.010168,0.3447,18536
17:7134129:A:G,HYPERTENSION,0.019930,3.429e-15,425740,0.014370,5.885e-9,425743,0.018571,0.00005022,318398,-0.0043520,0.03100,472174,0.044100,0.001387,52313,-0.0050950,0.6988,11277,0.030383,0.003706,18536,0.035821,0.0006224,18536
1:153948705:C:T,HYPERTENSION,-0.0062770,0.02192,425740,-0.014370,7.430e-8,425743,-0.030529,1.363e-8,318398,0.0070235,0.001500,472174,-0.023600,0.09905,52313,-0.0069520,0.6109,11276,-0.0023520,0.8268,18536,0.0024629,0.8187,18536
18:48788464:T:C,HYPERTENSION,-0.023160,3.821e-14,425740,-0.020830,2.956e-12,425743,-0.022739,0.0003695,318398,-0.00040450,0.8700,472174,-0.023800,0.1444,52313,-0.0022010,0.8835,11277,-0.027794,0.01332,18536,-0.0049038,0.6624,18536
5:122457125:A:G,HYPERTENSION,0.014790,0.00006265,425740,0.015860,0.00001082,425743,0.042177,3.223e-9,318398,0.00018311,0.9500,472174,0.065900,0.00004861,52313,0.0075150,0.6043,11277,0.022736,0.03653,18536,0.012033,0.2684,18536
7:134216444:C:G,HYPERTENSION,-0.0098710,0.0001664,425740,-0.0072200,0.004745,425743,-0.022739,0.000001715,318398,-0.0023328,0.2500,472174,-0.032400,0.01853,52313,0.0020850,0.8725,11277,-0.0011440,0.9086,18536,-0.0033198,0.7391,18536
3:46861939:A:G,SBP,0.012710,0.003377,425740,0.020860,8.128e-7,425743,0.033971,0.00002790,318398,-0.00046669,0.8900,472174,0.066400,0.006467,52313,-0.0036770,0.8179,11260,-0.0042722,0.7195,18536,0.0046442,0.6962,18536
16:86780349:G:A,SBP,0.016180,7.124e-10,425740,0.0040090,0.1174,425743,0.0097474,0.1643,318398,0.00048819,0.8100,472174,,,,,,,,,,,,
15:85660184:T:C,SBP,0.026290,0.000002740,425740,0.0091140,0.09561,425743,0.044161,0.00004404,318398,-0.0041630,0.3400,472174,0.10190,0.01479,52313,-0.0075690,0.8705,11277,0.028475,0.5235,18536,0.081671,0.06727,18536
17:79412885:T:A,SBP,-0.013600,3.257e-7,425740,-0.00038100,0.8834,425743,-0.010940,0.03769,318398,-0.0012864,0.5400,472174,-0.00040000,0.9782,52313,0.025067,0.07183,11277,-0.0043092,0.7343,18536,-0.0014782,0.9073,18536
11:67351774:C:T,SBP,0.018560,1.247e-12,425740,0.0071010,0.005353,425743,0.016638,0.0006159,318398,0.0011587,0.5700,472174,-0.0034000,0.8116,52313,-0.0024740,0.8579,11277,-0.0046761,0.6728,18536,-0.015535,0.1606,18536
14:55327537:G:A,SBP,0.010080,0.0002217,425740,-0.0024210,0.3632,425743,0.012680,0.08046,318398,-0.0011483,0.5900,472174,0.0041000,0.7646,52313,0.024521,0.1489,11277,-0.011169,0.4481,18536,0.0091613,0.5338,18536
10:130823467:T:C,SBP,0.011250,0.00003692,425740,0.0014510,0.5853,425743,0.010151,0.1594,318398,0.00060139,0.7800,472174,-0.0023000,0.8690,52313,-0.017408,0.1915,11277,-0.0027746,0.7884,18536,-0.0043584,0.6734,18536
16:82755068:G:A,SBP,-0.015810,0.002340,425740,-0.0086660,0.08721,425743,-0.023717,0.007452,318398,-0.0033869,0.3600,472174,-0.0086000,0.7284,52313,0.0071620,0.9032,11277,,,,,,
2:181494336:G:GA,SBP,0.014460,5.016e-8,425740,0.00071870,0.7812,425743,0.013491,0.01112,318398,-0.0051654,0.01000,472174,0.049200,0.0002605,52313,0.0078550,0.5684,11277,,,,,,
5:88109590:C:A,SBP,0.0069050,0.1080,425740,0.0041420,0.3229,425743,0.014302,0.2089,318398,0.0018457,0.5900,472174,0.035900,0.06704,52313,-0.017033,0.4927,11277,-0.012432,0.5682,18536,-0.011568,0.5954,18536
11:43749199:A:G,HYPERTENSION,-0.0094580,0.0002968,425740,-0.00010110,0.9684,425743,-0.023717,3.698e-7,318398,0.0010876,0.5900,472174,-0.021700,0.1118,52313,0.0027250,0.8360,11277,-0.0059626,0.5587,18536,0.0040622,0.6904,18536
5:96115721:C:T,HYPERTENSION,0.020440,1.014e-8,425740,0.0083590,0.01630,425743,0.028605,0.00003960,318398,-0.0052840,0.05700,472174,0.060600,0.0004389,52313,-0.010029,0.5244,11277,0.014095,0.2445,18536,0.012244,0.3120,18536
9:22124744:C:G,HYPERTENSION,-0.0079580,0.001787,425740,-0.032500,4.363e-39,425743,0.034074,4.029e-12,318398,0.00052491,0.7900,472174,0.042100,0.001987,52313,-0.0098000,0.4578,11277,0.020063,0.04758,18536,0.024199,0.01687,18536
10:21873295:G:T,HYPERTENSION,0.0074980,0.005894,425740,0.0038390,0.1483,425743,0.030562,5.431e-8,318398,0.0032255,0.1400,472174,0.044900,0.002081,52313,0.0023860,0.8767,11270,0.0076931,0.5472,18536,0.015585,0.2226,18536
5:173392398:A:T,HYPERTENSION,-0.0065840,0.02164,425740,-0.024080,7.107e-18,425743,-0.034401,1.615e-9,318398,0.0024364,0.2700,472174,,,,,,,-0.00033190,0.9835,18536,-0.0083290,0.6035,18536
18:42053616:C:T,HYPERTENSION,-0.027160,5.358e-23,425740,0.0023030,0.3906,425743,-0.021761,0.00003942,318398,-0.0011402,0.6000,472174,-0.037600,0.01239,52313,-0.036843,0.02209,11276,-0.0093400,0.4722,18536,0.0054204,0.6765,18536
12:8832203:A:G,HYPERTENSION,-0.010200,0.0001353,425740,-0.016190,5.212e-10,425743,-0.026642,1.726e-7,318398,-0.0064812,0.002500,472174,-0.033200,0.02412,52313,0.015623,0.4147,11277,0.0018951,0.9021,18536,-0.012276,0.4256,18536
15:69682916:A:G,HYPERTENSION,-0.070140,4.556e-7,425740,-0.090620,2.352e-11,425743,-0.15700,2.473e-9,318398,0.0082598,0.2100,472174,-0.10870,0.04834,52313,0.14447,0.1776,11277,,,,,,
19:11501240:A:G,HYPERTENSION,0.012450,0.00003646,425740,0.022050,6.572e-14,425743,0.030562,1.716e-7,318398,0.0016481,0.4400,472174,0.030800,0.03017,52313,-0.0064720,0.6529,11277,0.038377,0.003588,18536,0.015877,0.2283,18536
5:3704181:C:T,HYPERTENSION,0.0096160,0.001063,425740,0.015160,1.210e-7,425743,0.031594,4.023e-8,318398,0.0050789,0.02700,472174,0.026400,0.07629,52313,-0.012915,0.3818,11277,0.0046494,0.6970,18536,-0.010332,0.3870,18536
1:114423544:AC:A,SBP,0.015530,3.149e-8,425740,0.0075250,0.005976,425743,0.0075283,0.3116,318398,,,,-0.021400,0.1598,52313,0.0092960,0.5098,11277,,,,,,
11:47035573:A:G,SBP,0.019180,2.140e-12,425740,0.0041290,0.1210,425743,0.012174,0.09210,318398,-0.00086602,0.6800,472174,0.0073000,0.6174,52313,-0.027536,0.03949,11277,0.0037147,0.7254,18536,-0.010327,0.3288,18536
4:153007480:G:A,SBP,-0.0063790,0.02679,425740,-0.0033530,0.2328,425743,-0.020783,0.001875,318398,0.0016524,0.4600,472174,-0.027100,0.04997,52313,-0.0079220,0.5533,11277,-0.0092297,0.3745,18536,-0.011828,0.2551,18536
5:97953719:G:T,SBP,0.0048900,0.08331,425740,0.0013810,0.6162,425743,0.018062,0.001046,318398,-0.0041362,0.05600,472174,0.0091000,0.5047,52313,0.017054,0.2504,11277,0.021671,0.05955,18536,0.017170,0.1355,18536
12:2668472:T:C,SBP,-0.0093490,0.009603,425740,-0.0083750,0.01737,425743,-0.017840,0.06833,318398,0.0029990,0.2700,472174,0.013000,0.4570,52313,0.0053100,0.7736,11277,-0.0068166,0.6441,18536,-0.0077824,0.5979,18536
4:147167298:T:C,SBP,0.010670,0.01762,425740,-0.010280,0.01906,425743,0.032833,0.0003657,318398,0.0052105,0.1400,472174,0.056200,0.002136,52313,0.012098,0.5541,11277,-0.028820,0.1204,18536,-0.016242,0.3814,18536
5:141310649:T:C,SBP,0.013390,4.418e-7,425740,0.0044310,0.08664,425743,0.011668,0.03360,318398,0.00018153,0.9300,472174,-0.019500,0.1766,52313,-0.010291,0.5236,11277,0.014928,0.2757,18536,0.019300,0.1588,18536
1:176833826:CAAG:C,SBP,-0.028060,4.497e-9,425740,0.0055730,0.2324,425743,-0.019803,0.03079,318398,,,,-0.020900,0.3962,52313,,,,,,,,,
16:24824248:G:A,HYPERTENSION,-0.030970,1.027e-21,425740,-0.011980,0.0001457,425743,-0.035367,2.286e-8,318398,0.0079741,0.001600,472174,,,,,,,-0.0014430,0.9234,18536,-0.0012710,0.9325,18536
1:16348729:G:A,HYPERTENSION,0.0055880,0.02860,425740,0.0068680,0.005808,425743,0.033867,8.748e-11,318398,0.0017186,0.3900,472174,0.042600,0.001855,52313,-0.0086130,0.4960,11277,0.0053263,0.5916,18536,0.00083668,0.9328,18536
11:30429438:A:G,HYPERTENSION,-0.010470,0.00006883,425740,-0.00030230,0.9062,425743,-0.035367,3.552e-12,318398,0.00058825,0.7800,472174,,,,,,,,,,,,
4:157694651:C:T,HYPERTENSION,-0.021310,3.842e-9,425740,-0.013380,0.0001497,425743,-0.058269,2.996e-15,318398,-0.0019483,0.4900,472174,-0.020100,0.2938,52313,-0.011919,0.4443,11277,-0.016555,0.1696,18536,-0.011301,0.3484,18536
2:112689281:A:G,HYPERTENSION,-0.022390,1.410e-13,425740,-0.0096250,0.001119,425743,-0.037296,5.364e-10,318398,-0.00025116,0.9200,472174,,,,,,,,,,,,
1:27234682:G:A,HYPERTENSION,0.015020,0.00003480,425740,0.019040,7.497e-8,425743,0.032110,0.00001038,318398,0.0023187,0.4100,472174,0.056400,0.004602,52313,0.031096,0.1451,11272,,,,,,
1:243410208:A:G,HYPERTENSION,0.00064000,0.8075,425740,0.033350,1.000e-38,425743,0.028399,3.595e-8,318398,-0.0020548,0.3300,472174,,,,,,,,,,,,
2:45880122:G:C,HYPERTENSION,0.010210,0.0001804,425740,0.011800,0.000009131,425743,0.036042,6.320e-11,318398,0.00018705,0.9300,472174,0.013800,0.3996,52313,-0.00096100,0.9525,11277,,,,,,
16:49771659:A:G,HYPERTENSION,-0.015490,5.975e-9,425740,-0.0063030,0.01522,425743,-0.029559,2.942e-9,318398,-0.0055348,0.009700,472174,-0.012500,0.4329,52313,-0.0031640,0.8188,11277,-0.010628,0.3226,18536,-0.012108,0.2598,18536
11:122527212:G:C,HYPERTENSION,-0.00045180,0.9072,425740,0.0028070,0.4577,425743,0.041968,2.692e-8,318398,0.0051800,0.09200,472174,0.061700,0.001120,52313,0.029412,0.1651,11277,0.011900,0.4501,18536,0.016009,0.3096,18536
2:242212033:G:C,SBP,0.021200,2.342e-9,425740,0.0042860,0.2157,425743,0.021224,0.002600,318398,0.0024320,0.3800,472174,,,,-0.013511,0.5237,11272,,,,,,
8:103489300:C:T,SBP,-0.010500,0.001127,425740,-0.0022420,0.4759,425743,-0.0089597,0.2786,318398,0.0023100,0.3500,472174,-0.032900,0.02447,52313,0.0096240,0.5572,11271,,,,,,
15:69039636:G:A,SBP,-0.012710,8.137e-7,425740,-0.0034700,0.1674,425743,-0.022739,0.00005173,318398,-0.0020951,0.3000,472174,,,,,,,,,,,,
18:69132926:C:T,SBP,0.017130,6.493e-8,425740,0.0098890,0.001380,425743,0.0097474,0.2467,318398,-0.0010699,0.6600,472174,0.0057000,0.7093,52313,0.0053380,0.7299,11203,0.0027713,0.8296,18536,0.0025180,0.8449,18536
4:120276692:C:A,SBP,-0.0082700,0.1016,425740,-0.0077870,0.1140,425743,-0.018822,0.04767,318398,0.0037254,0.3500,472174,-0.014000,0.5591,52313,,,,,,,,,
13:25831888:T:C,SBP,-0.016030,0.000002182,425740,-0.011630,0.0004275,425743,-0.0029955,0.7188,318398,-0.0063704,0.01700,472174,-0.00040000,0.9829,52313,-0.0086910,0.4964,11277,0.0036465,0.7186,18536,0.014458,0.1531,18536
2:242342984:T:C,SBP,0.011500,0.0002027,425740,-0.0011140,0.7121,425743,0.015114,0.06655,318398,-0.00053706,0.8300,472174,-0.0073000,0.6710,52313,-0.0088660,0.5259,11277,-0.0036293,0.7530,18536,0.0087366,0.4488,18536
17:40801187:G:A,SBP,0.014670,0.008738,425740,-0.010610,0.05178,425743,0.024395,0.1014,318398,-0.00063850,0.8900,472174,0.055700,0.01409,52313,0.0044160,0.8953,11277,0.0088312,0.7595,18536,0.0035015,0.9034,18536
11:70257340:G:A,SBP,0.014710,0.000001975,425740,0.0051190,0.08979,425743,0.0049120,0.5519,318398,0.0020297,0.4100,472174,,,,,,,,,,,,
2:42966784:G:A,SBP,-0.00042470,0.8686,425740,-0.000049190,0.9843,425743,-0.0089597,0.1682,318398,0.0039163,0.05100,472174,-0.020300,0.1353,52313,-0.0063580,0.6327,11277,0.011613,0.2798,18536,0.013150,0.2210,18536
6:166085142:A:G,SBP,-0.013540,0.0004493,425740,-0.015250,0.00005084,425743,-0.016857,0.03022,318398,0.00055860,0.8400,472174,-0.014700,0.5303,52313,0.00068200,0.9625,11277,-0.0032835,0.7709,18536,0.0037247,0.7411,18536
1:25054223:C:G,HYPERTENSION,0.011970,0.00003078,425740,0.016150,8.130e-9,425743,0.025831,5.680e-7,318398,0.0024473,0.2800,472174,0.037400,0.01216,52313,0.0088480,0.5040,11277,0.012584,0.2144,18536,0.011457,0.2583,18536
1:3327032:C:T,HYPERTENSION,0.014540,0.00004165,425740,0.021640,4.057e-10,425743,0.031800,5.531e-7,318398,-0.0028614,0.3300,472174,0.050600,0.02085,52313,-0.011167,0.6582,11277,0.029113,0.1525,18536,0.034444,0.09053,18536
1:6676485:T:G,HYPERTENSION,0.011850,0.000005281,425740,-0.0043810,0.08440,425743,0.024805,0.000001173,318398,0.0070119,0.0008300,472174,0.057000,0.00006208,52313,-0.013587,0.3218,11277,0.010777,0.3194,18536,0.011766,0.2770,18536
7:139438467:G:C,HYPERTENSION,-0.017310,5.242e-7,425740,-0.0096790,0.004026,425743,-0.031499,0.000005373,318398,-0.0012385,0.6500,472174,-0.069100,0.0001212,52313,-0.012434,0.5995,11277,-0.030590,0.1152,18536,-0.025595,0.1875,18536
10:96231169:G:A,HYPERTENSION,-0.032450,1.903e-15,425740,-0.024960,3.625e-10,425743,-0.048790,4.071e-10,318398,0.0024280,0.4200,472174,-0.037100,0.1357,52313,-0.0062980,0.7897,11277,-0.025122,0.2097,18536,-0.025493,0.2030,18536
12:20007597:C:A,HYPERTENSION,-0.027890,9.175e-17,425740,-0.0012190,0.7094,425743,-0.040182,2.360e-10,318398,-0.0016642,0.5200,472174,,,,,,,-0.011253,0.3486,18536,-0.0018919,0.8748,18536
8:102774580:G:A,HYPERTENSION,0.0072880,0.01635,425740,0.0096710,0.001089,425743,0.018368,0.0006529,318398,-0.0027662,0.2400,472174,0.038300,0.02875,52313,0.0063270,0.6869,11277,-0.0098603,0.4124,18536,-0.00090646,0.9399,18536
2:43732347:C:T,HYPERTENSION,-0.021400,6.938e-16,425740,-0.013410,2.121e-7,425743,-0.022739,0.000005428,318398,-0.0019584,0.3400,472174,-0.040400,0.006110,52313,0.0073940,0.5791,11276,-0.018400,0.08960,18536,-0.016041,0.1389,18536
17:3981148:G:C,HYPERTENSION,0.0032040,0.2343,425740,0.019630,8.049e-14,425743,0.032730,2.844e-9,318398,-0.0013167,0.5400,472174,0.029100,0.04773,52313,-0.011407,0.4405,11277,-0.0061611,0.6530,18536,-0.0025667,0.8514,18536
4:45181334:A:T,HYPERTENSION,0.015030,3.132e-9,425740,0.0012750,0.6062,425743,0.035834,9.970e-13,318398,0.00086646,0.6700,472174,0.054900,0.00004921,52313,-0.0093220,0.4768,11277,0.022465,0.03064,18536,0.021318,0.04024,18536
3:68779288:G:T,SBP,-0.015330,1.456e-8,425740,-0.0080200,0.002369,425743,-0.012916,0.07479,318398,0.0026254,0.2100,472174,-0.022300,0.1159,52313,0.020728,0.1313,11277,,,,,,
9:14556659:A:G,SBP,-0.0061460,0.02177,425740,-0.00065020,0.8035,425743,-0.013903,0.01235,318398,-0.0016972,0.4300,472174,0.019100,0.1757,52313,-0.016460,0.2329,11277,0.0041601,0.6685,18536,0.0021049,0.8284,18536
2:146515215:G:C,SBP,0.012620,7.488e-7,425740,0.0013460,0.5884,425743,0.0093435,0.1678,318398,-0.0014120,0.4800,472174,-0.0055000,0.6855,52313,-0.021418,0.09744,11277,0.026144,0.01717,18536,0.018642,0.08928,18536
6:96689890:T:C,SBP,0.010510,0.0007271,425740,0.0079410,0.008850,425743,0.0080322,0.3308,318398,0.000093070,0.9700,472174,0.0030000,0.8586,52313,-0.023456,0.2019,11277,,,,,,
1:20798620:A:G,SBP/DBP,-0.011520,0.001402,425740,-0.0095950,0.006363,425743,-0.015873,0.01644,318398,-0.0027723,0.3400,472174,-0.029300,0.1103,52313,0.010326,0.7615,11277,-0.043066,0.1873,18536,-0.074637,0.02229,18536
2:242337722:G:C,SBP,0.011500,0.0002027,425740,-0.0011130,0.7122,425743,0.015114,0.06657,318398,-0.00044598,0.8500,472174,-0.0073000,0.6723,52313,-0.0090090,0.5192,11277,-0.0036697,0.7511,18536,0.0084481,0.4652,18536
3:111521268:T:C,SBP/HYPERTENSION,0.010140,0.0002478,425740,0.017170,1.960e-10,425743,0.025933,7.871e-7,318398,-0.0024139,0.2700,472174,0.012500,0.3773,52313,0.0089720,0.5414,11277,0.0074732,0.5211,18536,-0.0031985,0.7836,18536
6:105351241:T:TA,SBP,-0.014500,1.068e-8,425740,-0.0042780,0.08356,425743,-0.0089597,0.03541,318398,0.0025719,0.2000,472174,-0.0048000,0.7234,52313,0.0010890,0.9327,11277,,,,,,
8:134229883:C:A,SBP,0.011720,0.000003658,425740,0.011800,0.000001789,425743,0.020611,0.00002282,318398,-0.00090990,0.6500,472174,0.010700,0.4386,52313,0.011574,0.3594,11277,0.012518,0.2250,18536,0.031052,0.002612,18536
8:60581812:T:A,SBP,-0.018780,3.432e-7,425740,-0.0068720,0.05584,425743,-0.0089597,0.3876,318398,-0.0031907,0.2700,472174,-0.023900,0.1555,52313,0.013730,0.2991,11275,,,,,,
8:11536798:A:C,SBP,0.016590,8.733e-7,425740,0.0036510,0.2671,425743,0.012174,0.1730,318398,0.0049402,0.06200,472174,,,,0.014271,0.3421,11255,-0.0041021,0.7231,18536,-0.00074339,0.9488,18536
19:4980864:T:C,HYPERTENSION,-0.017650,3.707e-11,425740,0.00020840,0.9362,425743,-0.028587,3.033e-8,318398,-0.0023542,0.2600,472174,-0.023800,0.1050,52313,0.0077080,0.5810,11269,-0.0074883,0.5351,18536,-0.0019470,0.8719,18536
18:21143739:T:G,HYPERTENSION,-0.0033480,0.1882,425740,-0.0069540,0.005073,425743,-0.029559,7.894e-10,318398,-0.00021650,0.9100,472174,-0.029800,0.02700,52313,0.012335,0.3372,11276,-0.0094635,0.3567,18536,-0.013999,0.1728,18536
10:65337153:T:C,HYPERTENSION,-0.011830,0.000005951,425740,-0.018740,1.894e-13,425743,-0.028587,1.082e-7,318398,-0.00075237,0.7100,472174,-0.028200,0.03754,52313,0.0060310,0.6343,11277,,,,,,
11:58370698:G:A,HYPERTENSION,-0.023890,1.958e-15,425740,-0.0013040,0.6565,425743,-0.034401,2.394e-9,318398,0.0014679,0.5300,472174,-0.025900,0.09289,52313,-0.0024970,0.8617,11277,-0.0054105,0.6402,18536,-0.0065605,0.5708,18536
19:7297710:G:A,HYPERTENSION,-0.020260,1.517e-10,425740,-0.015840,2.889e-7,425743,-0.048790,2.076e-14,318398,-0.0012405,0.6200,472174,-0.050400,0.0004769,52313,-0.0022710,0.8702,11277,-0.027246,0.01663,18536,-0.025218,0.02666,18536
10:64552607:G:A,HYPERTENSION,-0.0083210,0.001307,425740,-0.018260,4.709e-13,425743,-0.018822,0.0001126,318398,-0.0063707,0.001500,472174,-0.029100,0.03394,52313,-0.026730,0.03986,11277,-0.00056656,0.9543,18536,-0.0010382,0.9163,18536
9:113250200:G:T,HYPERTENSION,0.040850,4.860e-8,425740,0.019750,0.006835,425743,0.083273,9.828e-9,318398,-0.015540,0.005000,472174,0.13260,0.02852,52313,-0.044391,0.3198,11277,0.082941,0.1130,18536,0.058663,0.2623,18536
2:25110289:T:C,HYPERTENSION,-0.024240,2.055e-7,425740,-0.018930,0.00003194,425743,-0.062035,1.051e-10,318398,0.0032766,0.3500,472174,-0.072600,0.003621,52313,0.016286,0.4461,11277,-0.0095444,0.5954,18536,-0.0059104,0.7423,18536
3:53734195:A:T,HYPERTENSION,0.018720,5.397e-9,425740,0.018390,4.211e-9,425743,0.032420,6.611e-8,318398,0.0030487,0.2200,472174,,,,0.0067650,0.6937,11274,,,,,,
4:103198082:A:G,HYPERTENSION,-0.051530,6.394e-30,425740,-0.085700,1.247e-83,425743,-0.027615,0.0005624,318398,-0.0011162,0.7600,472174,-0.049700,0.3526,52313,0.056314,0.6931,11277,-0.13597,0.2036,18536,-0.063255,0.5542,18536
2:127262768:T:C,SBP,0.011250,0.0003658,425740,0.0093980,0.002262,425743,0.015418,0.006915,318398,0.0025682,0.3000,472174,0.026900,0.1400,52313,0.015987,0.5690,11277,0.014359,0.5427,18536,0.014578,0.5365,18536
6:48858093:C:T,SBP,-0.028430,2.389e-10,425740,-0.013370,0.002262,425743,-0.032467,0.0005405,318398,-0.0073360,0.03300,472174,,,,-0.013780,0.3844,11277,,,,,,
11:9824865:C:G,SBP,0.017970,0.00001894,425740,0.029280,9.025e-13,425743,0.036042,0.000005048,318398,0.0037454,0.2300,472174,0.019800,0.4607,52313,0.025356,0.08790,11275,0.037386,0.001724,18536,0.022524,0.05900,18536
3:70460680:A:G,SBP,0.012740,0.00003429,425740,0.0040450,0.1774,425743,0.014200,0.08163,318398,-0.0017046,0.4500,472174,-0.035100,0.02801,52313,0.0077380,0.5909,11277,-0.0041638,0.7186,18536,-0.012983,0.2612,18536
13:67351649:A:G,SBP/DBP,-0.010490,0.00007607,425740,-0.010180,0.00008273,425743,-0.0049875,0.4816,318398,0.00060680,0.7700,472174,0.029200,0.03150,52313,0.022116,0.09541,11277,,,,,,
13:97020634:C:G,SBP,-0.0070450,0.005646,425740,0.00090240,0.7163,425743,0.0066219,0.3308,318398,0.0026498,0.1900,472174,0.0097000,0.4747,52313,-0.0095170,0.4674,11277,,,,,,
3:18729360:G:T,SBP,0.020870,0.00002109,425740,0.012310,0.01012,425743,0.025010,0.01352,318398,-0.0037682,0.3200,472174,-0.048600,0.07708,52313,-0.021772,0.4928,11277,,,,,,
2:101579487:T:C,SBP,0.015000,0.000003814,425740,0.00050310,0.8738,425743,0.0077298,0.3731,318398,-0.00050165,0.8300,472174,0.0073000,0.6043,52313,-0.0044610,0.7313,11277,0.012537,0.2039,18536,0.0028380,0.7737,18536
9:21711020:GT:G,SBP,0.016770,5.701e-9,425740,0.021310,3.216e-14,425743,0.017248,0.002686,318398,,,,,,,,,,,,,,,
4:69969898:G:A,SBP,0.0074120,0.003205,425740,0.0072320,0.003193,425743,0.0075283,0.2610,318398,-0.00079440,0.6900,472174,0.022400,0.1000,52313,0.010729,0.4048,11277,-0.0072047,0.4666,18536,-0.0073871,0.4554,18536
20:40261579:T:C,HYPERTENSION,-0.018520,3.198e-12,425740,-0.024610,2.225e-21,425743,-0.032467,1.352e-10,318398,-0.00045788,0.8300,472174,-0.043900,0.001340,52313,0.013808,0.3018,11276,0.0067897,0.5113,18536,-0.0074655,0.4702,18536
11:17405617:C:T,HYPERTENSION,-0.014380,4.417e-8,425740,0.0072880,0.004444,425743,-0.022739,0.000004402,318398,-0.000081290,0.9700,472174,-0.032900,0.01445,52313,0.00088400,0.9465,11277,-0.0026917,0.7881,18536,-0.0098727,0.3243,18536
1:228189495:C:T,HYPERTENSION,-0.00053050,0.8350,425740,0.010320,0.00003275,425743,0.017350,0.0005826,318398,0.00054826,0.7800,472174,0.045300,0.0008526,52313,0.015862,0.2142,11277,0.0043371,0.6720,18536,-0.0066091,0.5189,18536
20:62692060:A:C,HYPERTENSION,-0.019880,2.341e-14,425740,0.0024680,0.3312,425743,-0.026642,7.443e-8,318398,0.0034222,0.08900,472174,-0.032200,0.01805,52313,0.0049240,0.7026,11277,,,,,,
1:56979681:A:G,HYPERTENSION,0.015810,0.00007242,425740,-0.000014340,0.9971,425743,0.039053,1.536e-7,318398,-0.00017951,0.9500,472174,0.051000,0.004693,52313,-0.053958,0.04800,11277,,,,,,
16:75443816:T:C,HYPERTENSION,0.026180,4.005e-25,425740,-0.0023900,0.3324,425743,0.031594,1.829e-11,318398,0.0087443,0.00001700,472174,0.026600,0.05045,52313,0.023519,0.06362,11276,0.019574,0.09807,18536,-0.0093628,0.4288,18536
1:153662423:G:A,HYPERTENSION,0.049200,0.004803,425740,0.058650,0.0005661,425743,0.12931,0.0001873,318398,-0.0052147,0.5100,472174,0.19770,0.003049,52313,-0.14260,0.3631,11277,,,,,,
7:75077419:G:A,HYPERTENSION,-0.017530,0.00001923,425740,-0.0087680,0.02839,425743,-0.050693,3.157e-10,318398,0.0015217,0.5600,472174,-0.013300,0.4114,52313,,,,,,,,,
3:168814206:G:A,HYPERTENSION,-0.022220,0.000004748,425740,-0.016560,0.0004703,425743,-0.054488,1.250e-8,318398,-0.00090179,0.8100,472174,-0.078400,0.005084,52313,-0.034162,0.06281,11276,-0.021689,0.1186,18536,-0.011947,0.3900,18536
1:8489302:C:T,HYPERTENSION,0.020130,4.852e-15,425740,0.012560,5.526e-7,425743,0.029738,7.490e-10,318398,-0.0044239,0.02900,472174,0.037700,0.008052,52313,0.000032000,0.9980,11277,-0.0079790,0.4202,18536,-0.00057339,0.9538,18536
9:96078105:G:A,SBP,-0.021050,2.953e-7,425740,0.0057230,0.1531,425743,-0.024693,0.0005620,318398,-0.0016587,0.8600,472174,,,,,,,,,,,,
17:452965:C:T,SBP,0.013600,0.000001622,425740,-0.0054750,0.04780,425743,0.015520,0.003486,318398,-0.00079140,0.7200,472174,0.0038000,0.8188,52313,0.0063580,0.6523,11277,-0.022887,0.03999,18536,-0.026403,0.01782,18536
2:242245888:A:G,SBP,0.011980,0.0001016,425740,-0.0010420,0.7290,425743,0.014809,0.07121,318398,-0.00040352,0.8700,472174,-0.0073000,0.6718,52313,-0.010794,0.4398,11275,-0.00085713,0.9405,18536,0.0098880,0.3891,18536
2:242377240:T:C,SBP,0.011680,0.0001585,425740,-0.00093670,0.7562,425743,0.015012,0.06728,318398,-0.00055649,0.8200,472174,-0.0072000,0.6747,52313,-0.0087890,0.5292,11277,-0.0034219,0.7664,18536,0.0077293,0.5022,18536
13:42800114:A:G,SBP,-0.0015460,0.7071,425740,-0.0059560,0.1377,425743,0.016841,0.02175,318398,-0.0012881,0.6700,472174,-0.0050000,0.8194,52313,-0.020696,0.2406,11277,-0.011280,0.4921,18536,-0.0083396,0.6115,18536
2:148791917:C:T,SBP,-0.0094020,0.007557,425740,-0.012780,0.0001969,425743,-0.036332,3.202e-7,318398,0.0015168,0.5700,472174,-0.040800,0.09213,52313,-0.0059050,0.7816,11277,0.029403,0.1110,18536,0.0074490,0.6864,18536
20:61183292:G:A,SBP,0.00072580,0.7784,425740,0.0030580,0.2240,425743,0.010252,0.1369,318398,0.0013603,0.5000,472174,0.019000,0.1672,52313,-0.00053300,0.9678,11277,0.0021307,0.8474,18536,0.0099470,0.3688,18536
9:2197987:A:G,SBP,-0.011180,0.0002217,425740,-0.0047760,0.1059,425743,-0.0089597,0.2610,318398,0.0017682,0.4500,472174,-0.039600,0.01700,52313,-0.00096300,0.9492,11276,-0.0054737,0.6605,18536,-0.030239,0.01526,18536
2:242351066:A:G,SBP,0.011070,0.0003189,425740,-0.0015260,0.6111,425743,0.015418,0.05982,318398,-0.00034120,0.8900,472174,-0.016200,0.3071,52313,-0.010636,0.4444,11277,-0.0012649,0.9115,18536,0.011350,0.3185,18536
10:45373510:TC:T,SBP,0.013630,0.000001846,425740,0.014820,1.057e-7,425743,0.022739,0.0002830,318398,-0.0014250,0.5300,472174,,,,,,,,,,,,
20:51034311:A:G,HYPERTENSION,-0.014640,5.043e-8,425740,-0.0083410,0.001460,425743,-0.037296,3.431e-12,318398,0.0023759,0.2500,472174,-0.039300,0.008102,52313,0.0059380,0.6544,11276,-0.012389,0.2935,18536,-0.0059754,0.6124,18536
2:227138947:G:A,HYPERTENSION,0.010410,0.0001016,425740,-0.0039700,0.1286,425743,0.035006,4.349e-11,318398,-0.00034266,0.8700,472174,,,,-0.0022090,0.8848,11271,0.00010994,0.9928,18536,-0.0039219,0.7478,18536
6:97052164:C:T,HYPERTENSION,0.030350,1.925e-18,425740,0.013760,0.00004625,425743,0.036353,9.587e-9,318398,-0.0081488,0.001500,472174,,,,,,,-0.011380,0.3938,18536,-0.0016532,0.9014,18536
2:59311536:G:A,HYPERTENSION,-0.013780,1.368e-7,425740,0.00083380,0.7436,425743,-0.041142,8.598e-15,318398,0.00092991,0.6500,472174,-0.037700,0.006189,52313,-0.015149,0.3331,11277,-0.023884,0.05204,18536,-0.033257,0.006826,18536
5:132444128:G:A,HYPERTENSION,-0.012560,0.005358,425740,-0.026360,2.084e-9,425743,-0.062035,8.365e-12,318398,-0.020745,3.900e-9,472174,-0.050200,0.08695,52313,0.0027270,0.9405,11277,0.0010303,0.9830,18536,-0.042473,0.3789,18536
11:107126353:G:A,HYPERTENSION,0.014820,9.219e-9,425740,0.0028790,0.2525,425743,0.026036,5.755e-7,318398,0.00081696,0.6800,472174,0.019700,0.1516,52313,0.020337,0.1166,11277,-0.016549,0.09693,18536,-0.0018352,0.8540,18536
1:40045300:A:C,HYPERTENSION,0.0082040,0.005997,425740,0.013270,0.000005138,425743,0.041030,7.690e-12,318398,-0.011301,0.000003300,472174,,,,-0.052654,0.04358,11254,,,,,,
12:12887977:C:T,HYPERTENSION,-0.025920,3.981e-19,425740,-0.016570,4.706e-9,425743,-0.031499,3.056e-9,318398,-0.0066418,0.003000,472174,-0.025500,0.1140,52313,-0.0070960,0.6322,11276,-0.024877,0.02229,18536,-0.017204,0.1140,18536
18:1841371:T:G,HYPERTENSION,0.026200,3.884e-12,425740,0.0094490,0.01027,425743,0.050767,7.371e-12,318398,0.0021347,0.4600,472174,0.027800,0.1217,52313,0.026963,0.2626,11277,0.021624,0.2548,18536,0.021433,0.2590,18536
4:38387075:T:G,HYPERTENSION,-0.013640,7.279e-8,425740,-0.0052770,0.03268,425743,-0.030529,9.570e-9,318398,0.0011471,0.5700,472174,-0.027700,0.04218,52313,0.021347,0.1034,11277,0.0035879,0.7599,18536,0.0078267,0.5049,18536
2:242326869:C:T,SBP,0.011310,0.0002555,425740,-0.0013210,0.6614,425743,0.014911,0.07005,318398,-0.00055558,0.8200,472174,-0.0073000,0.6704,52313,-0.0091850,0.5109,11277,-0.0037211,0.7470,18536,0.0086576,0.4530,18536
20:56325452:A:G,SBP,0.016210,0.00001700,425740,-0.0035480,0.3345,425743,0.0058169,0.5623,318398,0.0014874,0.5800,472174,0.0084000,0.6665,52313,-0.0098970,0.6510,11277,-0.0010512,0.9581,18536,-0.034541,0.08416,18536
3:149710185:G:A,SBP,0.015930,1.828e-8,425740,-0.011310,0.00004205,425743,0.0038072,0.6160,318398,-0.0023382,0.2900,472174,0.0035000,0.8218,52313,0.0041980,0.7633,11277,,,,,,
2:242350937:A:G,SBP,0.015250,0.0003540,425740,0.0062320,0.1346,425743,0.014606,0.1979,318398,-0.0043334,0.1800,472174,-0.0020000,0.9352,52313,-0.010393,0.6019,11277,0.013740,0.4805,18536,0.025701,0.1870,18536
2:242325823:A:G,SBP,0.011290,0.0002629,425740,-0.0012840,0.6705,425743,0.014911,0.06993,318398,-0.00055453,0.8200,472174,-0.0073000,0.6705,52313,-0.0091400,0.5130,11277,-0.0036603,0.7510,18536,0.0087008,0.4507,18536
19:666926:T:C,SBP,-0.010710,0.002914,425740,0.011160,0.001477,425743,-0.026642,0.0002295,318398,-0.0017569,0.5200,472174,0.00010000,0.9953,52313,-0.013100,0.4938,11277,0.011961,0.6133,18536,0.0043724,0.8534,18536
8:11502934:A:C,SBP,0.011560,0.000009160,425740,0.0029910,0.2391,425743,-0.0029955,0.6205,318398,0.0024514,0.2400,472174,0.0029000,0.8372,52313,0.0079020,0.5741,11277,-0.0050168,0.6772,18536,-0.0086002,0.4755,18536
2:242252558:T:A,SBP,0.011980,0.0001018,425740,-0.0010620,0.7241,425743,0.014809,0.07125,318398,-0.00029560,0.9000,472174,-0.0071000,0.6797,52313,-0.010730,0.4424,11277,-0.0016562,0.8850,18536,0.0096761,0.3981,18536
11:134073154:A:G,SBP,-0.0082430,0.007296,425740,-0.0069170,0.02097,425743,-0.015873,0.05011,318398,0.00084685,0.7300,472174,-0.00040000,0.9783,52313,0.017731,0.1980,11277,-0.012342,0.2548,18536,-0.011801,0.2762,18536
7:70013048:T:A,SBP,-0.015950,0.000003100,425740,-0.011380,0.0006445,425743,-0.022739,0.002421,318398,0.00038591,0.8800,472174,-0.042500,0.004813,52313,0.0088370,0.7216,11277,-0.044451,0.02754,18536,-0.036181,0.07285,18536
20:47408414:A:G,HYPERTENSION,0.014380,0.00001419,425740,0.015440,0.000001775,425743,0.038013,1.566e-8,318398,-0.0025834,0.2900,472174,0.087300,0.00005472,52313,-0.015535,0.2970,11277,0.0098451,0.4277,18536,0.012840,0.3010,18536
2:43389409:A:G,HYPERTENSION,-0.012630,0.000003717,425740,-0.020270,2.777e-14,425743,-0.029559,3.753e-7,318398,-0.0023336,0.2600,472174,-0.064200,0.000004319,52313,0.023742,0.1165,11277,0.0021788,0.8825,18536,-0.0032018,0.8280,18536
11:111781047:A:C,HYPERTENSION,0.0084400,0.003057,425740,0.0066430,0.01683,425743,0.027166,0.000001968,318398,0.0026641,0.2300,472174,,,,-0.013079,0.3722,11275,0.010715,0.3939,18536,-0.0033867,0.7876,18536
2:61704451:T:C,HYPERTENSION,-0.0096370,0.0002371,425740,-0.0072440,0.004610,425743,-0.025668,3.908e-7,318398,0.00097639,0.6400,472174,-0.025300,0.06342,52313,-0.0059440,0.6969,11258,-0.0034664,0.7824,18536,-0.0013710,0.9130,18536
14:103984537:T:C,HYPERTENSION,-0.011110,0.00004087,425740,-0.011980,0.000005735,425743,-0.035367,2.464e-11,318398,0.0016027,0.4400,472174,-0.026000,0.06275,52313,0.020449,0.2244,11277,-0.037665,0.004089,18536,-0.026454,0.04374,18536
6:32178773:T:C,HYPERTENSION,0.0084320,0.001995,425740,0.0021790,0.4128,425743,0.023064,0.000001083,318398,-0.010924,5.000e-8,472174,0.037300,0.009390,52313,-0.010524,0.4117,11277,-0.0050290,0.6125,18536,0.0062773,0.5273,18536
3:20117724:G:A,HYPERTENSION,-0.017320,2.226e-11,425740,-0.0091710,0.0002819,425743,-0.033435,2.959e-11,318398,-0.00016562,0.9300,472174,-0.037500,0.005546,52313,-0.00053500,0.9676,11277,-0.0083102,0.4135,18536,-0.010673,0.2935,18536
7:129663496:C:T,HYPERTENSION,-0.0053540,0.03703,425740,-0.020860,8.214e-17,425743,-0.039221,1.272e-15,318398,0.012812,6.800e-10,472174,-0.058500,0.00005065,52313,-0.0065830,0.6803,11277,-0.023865,0.06382,18536,-0.037165,0.003898,18536
5:55860866:G:T,HYPERTENSION,0.019100,1.021e-9,425740,0.0065020,0.03310,425743,0.044997,2.907e-13,318398,-0.0020524,0.4100,472174,0.013700,0.4799,52313,-0.0061940,0.7131,11277,0.012920,0.3210,18536,0.013130,0.3132,18536
17:43173273:T:C,HYPERTENSION,-0.019720,9.318e-15,425740,-0.011620,0.000002861,425743,-0.029559,4.116e-8,318398,-0.00047962,0.8100,472174,-0.032500,0.01623,52313,0.0012210,0.9236,11277,-0.025003,0.01312,18536,-0.012937,0.1993,18536
6:53990039:G:A,SBP,0.0027300,0.3202,425740,-0.012790,0.000001807,425743,0.0060181,0.4104,318398,-0.0033708,0.1200,472174,0.030100,0.05067,52313,-0.030562,0.08791,11277,-0.022841,0.1023,18536,-0.018453,0.1868,18536
3:11667123:A:G,SBP,-0.012040,0.0002016,425740,-0.0088790,0.004959,425743,-0.021761,0.0006495,318398,-0.00047164,0.8500,472174,0.0038000,0.8120,52313,0.0088620,0.5004,11277,-0.0078707,0.4386,18536,-0.0081312,0.4236,18536
14:75654929:AC:A,SBP,-0.017300,7.082e-9,425740,0.00017680,0.9516,425743,-0.010940,0.02841,318398,,,,,,,,,,,,,,,
15:62757722:A:G,SBP,-0.018060,1.432e-10,425740,0.017250,3.357e-10,425743,-0.011929,0.1193,318398,0.00093867,0.6500,472174,0.015000,0.2739,52313,0.0040510,0.7617,11277,0.021358,0.06491,18536,0.0026108,0.8215,18536
3:57512599:CA:C,SBP,-0.015930,7.001e-9,425740,-0.0059470,0.02668,425743,-0.013903,0.01858,318398,,,,-0.016000,0.2920,52313,-0.014147,0.2985,11277,,,,,,
2:242278559:T:A,SBP,0.011650,0.0001643,425740,-0.0011230,0.7095,425743,0.014911,0.06875,318398,-0.00030446,0.9000,472174,,,,-0.010468,0.4541,11276,-0.0030013,0.7921,18536,0.0090060,0.4289,18536
9:115577067:T:C,SBP,-0.016940,4.300e-9,425740,-0.0023050,0.4128,425743,-0.017840,0.001853,318398,-0.0012875,0.5600,472174,-0.020900,0.1717,52313,0.017111,0.2432,11277,-0.022053,0.07508,18536,-0.0035026,0.7774,18536
9:74483633:C:T,SBP,-0.010290,0.0002350,425740,-0.0025800,0.3444,425743,-0.010940,0.04970,318398,-0.0029309,0.1500,472174,0.015400,0.2679,52313,-0.0035930,0.7949,11277,,,,,,
6:82281417:T:C,SBP,-0.0015220,0.5777,425740,-0.0074870,0.004988,425743,0.0026034,0.7238,318398,0.00072172,0.7400,472174,0.0030000,0.8321,52313,0.0068640,0.6290,11275,-0.016799,0.1196,18536,0.0012469,0.9080,18536
6:11477493:G:A,SBP,0.0034720,0.1868,425740,0.0010470,0.6831,425743,0.010859,0.02986,318398,-0.0049429,0.01600,472174,0.023200,0.1032,52313,0.010498,0.4240,11277,0.011429,0.2414,18536,0.012563,0.1979,18536
18:43080434:C:T,SBP,-0.023420,8.034e-9,425740,0.0089440,0.02393,425743,-0.021761,0.009596,318398,-0.0036321,0.2500,472174,,,,,,,,,,,,
2:242253995:C:A,SBP,0.011980,0.0001014,425740,-0.0010400,0.7295,425743,0.014809,0.07112,318398,-0.00020631,0.9300,472174,-0.0068000,0.6938,52313,-0.010799,0.4395,11277,-0.0030405,0.7751,18536,0.0079675,0.4540,18536
4:109199366:T:C,SBP,0.015710,0.000001021,425740,0.010340,0.0009759,425743,0.014200,0.01811,318398,0.0021078,0.4000,472174,0.0059000,0.7024,52313,0.022212,0.1976,11277,-0.0043031,0.7783,18536,-0.0019861,0.8966,18536
15:79141784:T:C,SBP,-0.010630,0.00002079,425740,0.011520,0.000002278,425743,-0.0019980,0.7210,318398,-0.0038640,0.05400,472174,-0.021800,0.1264,52313,-0.0011070,0.9334,11260,0.0046118,0.6836,18536,0.011594,0.3056,18536
2:242224755:T:C,SBP,0.012100,0.00008587,425740,-0.0010360,0.7302,425743,0.015114,0.06399,318398,-0.00035245,0.8800,472174,-0.0070000,0.6851,52313,-0.010767,0.4408,11277,-0.0016543,0.8852,18536,0.0096676,0.3987,18536
3:54008491:G:A,SBP,-0.012050,0.006578,425740,-0.0014670,0.7346,425743,-0.017840,0.03656,318398,0.0033972,0.3200,472174,-0.0062000,0.8265,52313,0.0077970,0.6504,11276,0.0048152,0.7267,18536,0.019831,0.1500,18536
2:242295648:T:G,SBP,0.011370,0.0002333,425740,-0.0012280,0.6836,425743,0.014911,0.07033,318398,-0.00055135,0.8200,472174,-0.0073000,0.6706,52313,-0.0096470,0.4901,11277,,,,,,
2:242251369:A:G,SBP,0.011730,0.0001481,425740,-0.00098190,0.7447,425743,0.014505,0.07791,318398,-0.00030245,0.9000,472174,-0.0072000,0.6743,52313,-0.010900,0.4351,11277,-0.0016562,0.8850,18536,0.0096761,0.3981,18536
3:117485403:A:G,SBP,-0.0057380,0.02490,425740,-0.0082260,0.0009785,425743,0.0056157,0.4099,318398,0.0036148,0.07200,472174,-0.0091000,0.4999,52313,-0.0072230,0.5875,11277,0.0070297,0.5115,18536,0.0035831,0.7379,18536
5:32749424:A:T,SBP,0.0024140,0.4383,425740,0.000099420,0.9739,425743,0.015926,0.05364,318398,0.0022991,0.3100,472174,-0.0063000,0.6857,52313,-0.0072080,0.6004,11275,-0.0017076,0.8768,18536,0.0092967,0.3989,18536
2:242206956:C:T,SBP,0.014740,0.0002762,425740,0.0046230,0.2422,425743,0.013592,0.2083,318398,-0.0042846,0.1600,472174,-0.0019000,0.9330,52313,-0.019926,0.2953,11277,0.027304,0.1465,18536,0.035425,0.05961,18536
5:122465154:T:C,HYPERTENSION,0.045770,1.073e-20,425740,0.011790,0.01373,425743,0.069029,2.300e-13,318398,0.0034809,0.3700,472174,0.030500,0.3776,52313,-0.035671,0.3367,11277,0.048008,0.1734,18536,0.021447,0.5431,18536
3:135876125:A:G,HYPERTENSION,0.0018450,0.5556,425740,-0.013270,0.00001397,425743,0.041551,3.044e-11,318398,0.0031594,0.1900,472174,,,,,,,,,,,,
13:73830066:A:G,HYPERTENSION,-0.045710,2.339e-13,425740,-0.035280,6.678e-9,425743,-0.088011,1.639e-13,318398,0.0012052,0.8000,472174,-0.068300,0.04006,52313,-0.012467,0.8106,11277,0.0031780,0.9439,18536,0.052162,0.2483,18536
8:76727925:G:A,HYPERTENSION,0.020680,1.327e-13,425740,-0.0076980,0.004724,425743,0.020917,0.00002561,318398,-0.0030705,0.1600,472174,,,,,,,0.00041627,0.9708,18536,-0.0047559,0.6759,18536
11:55112643:T:C,HYPERTENSION,-0.036970,5.982e-22,425740,-0.021590,8.090e-9,425743,-0.043059,1.607e-8,318398,0.0071274,0.01600,472174,,,,,,,,,,,,
8:95967372:A:G,HYPERTENSION,-0.012280,0.000001295,425740,-0.00052650,0.8315,425743,-0.030529,3.801e-11,318398,-0.0054170,0.006900,472174,-0.044700,0.0009217,52313,-0.00061900,0.9619,11277,-0.020035,0.04903,18536,-0.010090,0.3215,18536
1:89362631:G:A,HYPERTENSION,-0.016730,1.500e-10,425740,-0.0024800,0.3302,425743,-0.035367,4.269e-11,318398,0.0021008,0.3100,472174,-0.018700,0.2036,52313,0.035324,0.02584,11277,-0.0055317,0.6570,18536,0.000082184,0.9947,18536
14:50655357:G:C,HYPERTENSION,-0.096010,8.308e-12,425740,-0.019520,0.1543,425743,-0.21994,1.214e-15,318398,0.021288,0.03100,472174,0.029900,0.8714,52313,,,,,,,,,
4:26806736:C:T,HYPERTENSION,0.015480,1.178e-9,425740,0.010480,0.00002411,425743,0.022757,0.000001417,318398,0.0010015,0.6200,472174,0.052300,0.0001193,52313,0.013869,0.2694,11277,0.0059410,0.5621,18536,0.0090326,0.3781,18536
2:43196694:A:T,HYPERTENSION,-0.028120,2.669e-9,425740,-0.026690,7.017e-9,425743,-0.047837,1.126e-7,318398,-0.00098521,0.7800,472174,-0.10330,0.00004793,52313,0.011362,0.6994,11277,-0.028914,0.2806,18536,-0.0074579,0.7808,18536
7:76600136:T:C,SBP,-0.018450,0.000001243,425740,0.0026550,0.4743,425743,-0.038259,2.531e-7,318398,0.0027159,0.3600,472174,-0.0069000,0.6615,52313,,,,,,,,,
11:2484803:T:C,SBP,-0.0012180,0.7894,425740,-0.0042080,0.3441,425743,-0.027615,0.01262,318398,-0.0027732,0.4400,472174,-0.010700,0.6516,52313,-0.031332,0.3607,11277,,,,,,
11:89088374:C:T,SBP,-0.031480,9.967e-11,425740,0.0043560,0.3589,425743,-0.021761,0.08919,318398,0.00024067,0.9500,472174,,,,,,,0.0033341,0.8369,18536,0.013516,0.4039,18536
2:96417245:AG:A,SBP,-0.015740,8.271e-9,425740,0.019380,3.508e-13,425743,-0.00099950,0.8715,318398,,,,0.0061000,0.6557,52313,,,,,,,,,
2:46363336:A:C,SBP,-0.032490,1.986e-16,425740,0.032270,5.503e-17,425743,0.014099,0.1803,318398,0.00062905,0.8400,472174,0.036700,0.08652,52313,-0.020400,0.4301,11277,-0.054406,0.03712,18536,-0.023221,0.3736,18536
7:14029772:G:C,SBP,-0.012960,0.000002529,425740,0.0011520,0.6682,425743,0.0023026,0.7572,318398,-0.0020445,0.3400,472174,-0.016100,0.2505,52313,0.0056910,0.6759,11277,0.0051583,0.6329,18536,0.011401,0.2911,18536
4:38703073:T:C,SBP,0.016790,9.069e-9,425740,0.014080,7.780e-7,425743,0.015215,0.05004,318398,0.0018191,0.4100,472174,-0.025400,0.08533,52313,0.0027440,0.8681,11277,0.00095478,0.9430,18536,0.026519,0.04699,18536
3:35645442:A:C,SBP,0.016950,1.999e-10,425740,0.0072970,0.004988,425743,0.033040,3.757e-9,318398,-0.0055836,0.007600,472174,0.027900,0.05391,52313,-0.015417,0.2576,11277,0.016850,0.1068,18536,0.016939,0.1050,18536
10:62702739:G:C,SBP,0.013960,0.000001522,425740,0.0085950,0.002404,425743,0.015723,0.002663,318398,0.00023269,0.9100,472174,0.0072000,0.5949,52313,0.013768,0.3073,11277,0.0034879,0.7626,18536,0.0046146,0.6894,18536
16:2221157:T:C,SBP,0.024500,0.000004742,425740,0.031750,1.199e-9,425743,0.044997,0.000007576,318398,0.0038494,0.3600,472174,0.023500,0.2451,52313,0.022718,0.4956,11271,-0.039587,0.3086,18536,-0.038460,0.3226,18536
11:64021821:C:T,SBP,0.0062260,0.1474,425740,0.0040420,0.3349,425743,0.011061,0.3314,318398,-0.0019127,0.5800,472174,-0.023900,0.2358,52313,-0.011551,0.5833,11277,-0.0032372,0.8225,18536,0.0036293,0.8014,18536
1:188525475:G:C,SBP,0.0031220,0.2264,425740,0.0031680,0.2082,425743,-0.0059821,0.3843,318398,0.000096910,0.9600,472174,0.011600,0.3956,52313,0.0079530,0.5392,11276,,,,,,
10:110140756:T:G,SBP,-0.011390,0.0001571,425740,-0.0070140,0.01707,425743,-0.015873,0.007832,318398,0.00038157,0.8700,472174,0.018200,0.3088,52313,0.0023540,0.8811,11276,-0.0085172,0.5055,18536,0.0030046,0.8143,18536
2:6564831:A:C,SBP,-0.012320,0.00006337,425740,-0.0096240,0.001352,425743,-0.010940,0.1658,318398,0.0054062,0.02300,472174,-0.047600,0.004445,52313,0.025391,0.2314,11276,-0.014875,0.3864,18536,-0.00076229,0.9646,18536
11:113528519:C:T,SBP/DBP,0.019900,6.224e-7,425740,0.019680,4.306e-7,425743,0.046672,1.879e-8,318398,0.00060586,0.8400,472174,,,,,,,,,,,,
17:77895729:G:A,SBP,0.013340,5.518e-7,425740,0.0058290,0.02491,425743,0.017146,0.0005520,318398,0.0026310,0.2000,472174,0.0083000,0.5535,52313,0.013670,0.3207,11277,0.027143,0.02537,18536,0.012265,0.3124,18536
9:27230388:G:A,SBP,-0.012450,0.0006534,425740,-0.0066750,0.06100,425743,-0.023717,0.0004579,318398,0.0021976,0.4300,472174,-0.021500,0.2461,52313,0.012237,0.5014,11277,-0.017682,0.2575,18536,-0.013550,0.3855,18536
18:20393480:T:C,SBP,0.015670,0.000006267,425740,0.0015740,0.6419,425743,0.017553,0.009709,318398,0.0014115,0.6100,472174,0.023100,0.2227,52313,-0.012721,0.3780,11277,-0.015128,0.1945,18536,-0.0026075,0.8230,18536
6:154414446:A:T,SBP/DBP,0.0075950,0.008324,425740,0.016310,6.299e-9,425743,0.012376,0.1060,318398,0.0011553,0.6200,472174,,,,0.0033990,0.8495,11277,0.024873,0.08273,18536,0.012135,0.3973,18536
12:48254353:T:A,HYPERTENSION,0.029250,0.00006894,425740,0.048760,1.023e-11,425743,0.058159,0.00004041,318398,-0.012417,0.02800,472174,0.098500,0.0001806,52313,-0.038214,0.3186,11277,0.040768,0.2321,18536,0.046122,0.1764,18536
1:221346974:T:C,HYPERTENSION,0.010400,0.0001643,425740,0.0045760,0.08897,425743,0.033247,5.890e-10,318398,-0.00037423,0.8600,472174,0.031800,0.02678,52313,0.0058700,0.6760,11277,-0.0020527,0.8617,18536,-0.0085853,0.4662,18536
8:81440788:G:A,HYPERTENSION,-0.016540,2.509e-7,425740,-0.0041260,0.1872,425743,-0.036332,1.935e-9,318398,-0.0080651,0.001400,472174,-0.060800,0.001077,52313,-0.0036170,0.8083,11276,-0.014839,0.1998,18536,-0.0064319,0.5784,18536
4:138411527:C:G,HYPERTENSION,0.020540,1.305e-14,425740,0.020360,4.896e-15,425743,0.032420,1.696e-9,318398,-0.0033086,0.1100,472174,0.022700,0.09439,52313,0.0091200,0.4923,11277,0.019171,0.08952,18536,0.025497,0.02393,18536
4:103915310:T:G,HYPERTENSION,-0.0044680,0.08037,425740,-0.019020,2.345e-14,425743,-0.028587,1.341e-8,318398,-0.0028975,0.1500,472174,-0.044100,0.001161,52313,-0.011890,0.3523,11277,0.0017253,0.8655,18536,-0.012699,0.2125,18536
11:13340710:T:A,HYPERTENSION,-0.0035450,0.2345,425740,-0.011720,0.00005600,425743,-0.040182,7.059e-12,318398,0.0037201,0.1100,472174,-0.021600,0.1386,52313,0.012965,0.3640,11277,-0.0090237,0.4021,18536,-0.022744,0.03468,18536
17:73953404:T:C,HYPERTENSION,0.015140,6.398e-7,425740,0.0090580,0.002252,425743,0.039677,1.139e-12,318398,-0.013494,2.600e-8,472174,0.028800,0.1053,52313,-0.022599,0.1925,11277,0.019335,0.2128,18536,0.033793,0.02945,18536
6:134184972:G:A,HYPERTENSION,-0.015630,6.774e-8,425740,-0.012520,0.000009258,425743,-0.032467,4.577e-10,318398,-0.0018286,0.4000,472174,-0.024800,0.1210,52313,0.0033850,0.7951,11277,-0.025260,0.03022,18536,-0.013041,0.2632,18536
21:45122573:G:A,HYPERTENSION,0.0057490,0.02643,425740,0.0055740,0.02733,425743,0.035938,7.784e-14,318398,-0.0013422,0.5100,472174,0.042200,0.003171,52313,-0.0011200,0.9363,11277,0.012173,0.2697,18536,0.018915,0.08631,18536
16:81603771:G:A,HYPERTENSION,0.010350,0.00005631,425740,0.018510,1.557e-13,425743,0.030769,1.569e-9,318398,-0.0029689,0.1500,472174,0.057600,0.00004096,52313,-0.040988,0.002047,11277,-0.0016872,0.8815,18536,0.0045036,0.6906,18536
14:73709998:G:T,SBP,-0.026230,2.548e-7,425740,0.0081530,0.1004,425743,-0.0089597,0.4950,318398,-0.019479,9.600e-7,472174,0.033100,0.2247,52313,-0.016587,0.8390,11277,-0.13012,0.08064,18536,-0.031550,0.6719,18536
6:18913380:C:T,SBP,0.0056500,0.02621,425740,-0.0046240,0.06216,425743,0.013389,0.006267,318398,0.00010204,0.9600,472174,0.013300,0.3439,52313,-0.0065550,0.6067,11277,0.0055967,0.5772,18536,-0.0089414,0.3731,18536
11:91864848:C:T,SBP,0.0046690,0.06691,425740,0.0055740,0.02494,425743,0.021121,0.00005695,318398,-0.0023222,0.2500,472174,0.024100,0.07605,52313,-0.014851,0.2862,11277,0.010092,0.4065,18536,-0.0036860,0.7618,18536
2:242322667:A:G,SBP,0.011960,0.0007289,425740,0.00071890,0.8350,425743,0.018164,0.05390,318398,-0.0019723,0.4600,472174,-0.0099000,0.6013,52313,-0.010092,0.5900,11277,0.010435,0.5735,18536,0.026197,0.1576,18536
16:51403075:G:A,SBP,-0.010640,0.0004194,425740,0.0015520,0.5980,425743,-0.00099950,0.9052,318398,0.00044369,0.8600,472174,-0.017200,0.3675,52313,-0.028427,0.2156,11277,0.00012027,0.9951,18536,-0.021972,0.2583,18536
14:23061827:C:T,SBP/DBP,,,,,,,,,,-0.00064376,0.7500,472174,0.020300,0.1355,52313,-0.018492,0.1510,11277,0.0046268,0.6584,18536,0.0018448,0.8600,18536
2:12877695:A:C,SBP,-0.023350,2.641e-7,425740,-0.014120,0.001414,425743,-0.018822,0.01037,318398,0.0032215,0.3500,472174,-0.031900,0.2533,52313,0.028390,0.2532,11277,,,,,,
16:19149996:C:A,SBP/DBP/HYPERTENSION,0.0078790,0.004427,425740,0.0080090,0.003015,425743,0.026447,3.936e-7,318398,0.00060950,0.7800,472174,0.025500,0.09730,52313,0.0067640,0.6371,11277,0.022292,0.06378,18536,0.021356,0.07576,18536
2:242229433:T:G,SBP,0.011570,0.0002147,425740,-0.00084110,0.7826,425743,0.013288,0.1108,318398,-0.00027855,0.9100,472174,-0.0075000,0.6643,52313,-0.012630,0.3676,11277,-0.0015894,0.8903,18536,0.0097072,0.3997,18536
2:242212155:A:G,SBP,0.020970,3.359e-9,425740,0.0042940,0.2143,425743,0.021632,0.002031,318398,0.0020748,0.4600,472174,,,,,,,,,,,,
11:61274790:T:G,HYPERTENSION,-0.029370,6.870e-11,425740,-0.032440,1.498e-13,425743,-0.062035,1.274e-13,318398,0.0016574,0.6300,472174,-0.043600,0.03573,52313,0.0039430,0.8178,11277,-0.011495,0.4493,18536,-0.00059578,0.9687,18536
13:22297802:T:G,HYPERTENSION,0.011510,0.00004026,425740,0.011920,0.00001288,425743,0.022246,0.00001711,318398,0.00016353,0.9400,472174,0.060500,0.00001239,52313,-0.028471,0.1618,11277,-0.0070169,0.7143,18536,-0.0051716,0.7873,18536
2:641159:A:C,HYPERTENSION,0.023090,4.630e-12,425740,-0.0010880,0.7382,425743,0.053190,1.800e-16,318398,-0.0022205,0.4000,472174,,,,,,,0.028140,0.05225,18536,0.033143,0.02224,18536
1:113244433:T:C,HYPERTENSION,0.030270,7.732e-19,425740,0.033620,5.766e-24,425743,0.037702,2.149e-8,318398,-0.00051211,0.8500,472174,0.062100,0.0005887,52313,0.020018,0.3859,11277,0.014933,0.4203,18536,0.0041689,0.8220,18536
12:20380250:C:T,HYPERTENSION,-0.024950,5.382e-18,425740,-0.031220,1.431e-28,425743,-0.044973,1.810e-15,318398,-0.0014439,0.5200,472174,-0.048400,0.006125,52313,0.013376,0.4369,11276,-0.0081057,0.5966,18536,-0.018524,0.2264,18536
1:10800746:C:T,HYPERTENSION,0.031620,1.972e-18,425740,0.024300,5.204e-12,425743,0.040301,7.612e-9,318398,-0.0014860,0.6000,472174,0.061700,0.001100,52313,-0.010482,0.4892,11276,0.019776,0.09525,18536,0.026509,0.02533,18536
12:20161168:A:G,HYPERTENSION,-0.0034200,0.2529,425740,-0.029930,1.069e-24,425743,-0.040182,4.525e-12,318398,-0.0027018,0.2300,472174,-0.0096000,0.5799,52313,-0.0023230,0.8630,11277,-0.027392,0.01034,18536,-0.029397,0.005926,18536
12:121882098:T:G,HYPERTENSION,-0.021380,5.015e-16,425740,-0.021860,1.868e-17,425743,-0.023717,0.000006807,318398,-0.00051669,0.8000,472174,,,,0.011444,0.3978,11277,-0.0078447,0.4544,18536,0.00050957,0.9612,18536
6:43352980:A:G,HYPERTENSION,-0.039980,1.849e-48,425740,-0.017650,3.601e-11,425743,-0.047837,2.133e-20,318398,0.0028558,0.1800,472174,-0.029800,0.04180,52313,-0.0045780,0.7243,11277,-0.028439,0.004994,18536,-0.021973,0.03007,18536
20:42797358:A:G,HYPERTENSION,0.029130,2.903e-29,425740,0.013280,1.534e-7,425743,0.028605,9.607e-9,318398,-0.0014463,0.4700,472174,0.025300,0.06144,52313,0.015432,0.2522,11277,-0.0022621,0.8420,18536,0.012954,0.2535,18536
2:242326323:A:G,SBP,0.011090,0.0003189,425740,-0.0015140,0.6142,425743,0.015723,0.05394,318398,-0.00027669,0.9100,472174,-0.016400,0.3008,52313,-0.010885,0.4341,11277,-0.0011886,0.9166,18536,0.012269,0.2800,18536
2:242278018:A:T,SBP,0.020040,8.705e-9,425740,0.0045190,0.1834,425743,0.021428,0.001872,318398,0.0036724,0.2100,472174,,,,,,,,,,,,
2:242242570:C:T,SBP,0.011430,0.0002610,425740,-0.00087680,0.7741,425743,0.013288,0.1117,318398,-0.00026187,0.9100,472174,-0.0070000,0.6856,52313,-0.012833,0.3599,11277,-0.0015497,0.8931,18536,0.0097551,0.3977,18536
1:204021799:A:T,SBP,0.0070930,0.03126,425740,0.010180,0.001527,425743,0.025318,0.00009376,318398,0.0062759,0.01300,472174,-0.018900,0.3553,52313,0.025454,0.2030,11274,0.017029,0.3430,18536,-0.0043697,0.8077,18536
8:34168618:T:C,SBP,0.0057700,0.1150,425740,0.0063610,0.07482,425743,-0.0029955,0.7292,318398,-0.00047769,0.8700,472174,0.042200,0.01946,52313,0.0070380,0.7121,11277,0.0045946,0.7635,18536,-0.0013390,0.9301,18536
9:133435678:A:G,SBP,0.0070820,0.008325,425740,-0.00019260,0.9413,425743,-0.00099950,0.8890,318398,-0.0014924,0.4800,472174,0.0021000,0.8749,52313,-0.00051200,0.9733,11277,0.0055021,0.6632,18536,0.0044199,0.7265,18536
11:95884157:T:C,SBP,-0.0063950,0.01472,425740,-0.0016650,0.5149,425743,-0.019803,0.00007691,318398,0.0029892,0.1400,472174,0.0059000,0.6642,52313,0.024698,0.06242,11277,-0.0096100,0.3712,18536,-0.0067644,0.5290,18536
1:48064052:A:C,SBP,0.015540,0.002425,425740,0.017760,0.0003782,425743,0.030356,0.0007538,318398,0.00074496,0.8400,472174,0.040300,0.05449,52313,0.0049650,0.7435,11277,0.0074035,0.5364,18536,-0.0050200,0.6751,18536
15:100252805:G:T,SBP,0.0073550,0.005423,425740,0.00045840,0.8590,425743,0.013795,0.003493,318398,-0.00067439,0.7400,472174,0.016500,0.2273,52313,-0.00062900,0.9623,11277,0.018872,0.09186,18536,0.014525,0.1945,18536
10:52133594:A:G,SBP,0.0060920,0.03389,425740,-0.0046030,0.1003,425743,0.0021022,0.7816,318398,0.0018257,0.4000,472174,0.011400,0.4370,52313,0.037819,0.06437,11277,-0.011348,0.5432,18536,-0.023740,0.2034,18536
2:242317952:T:C,SBP,0.011180,0.0002858,425740,-0.0012760,0.6711,425743,0.015926,0.05199,318398,-0.00023466,0.9200,472174,-0.016400,0.2988,52313,-0.010987,0.4298,11276,-0.00098578,0.9308,18536,0.012263,0.2803,18536
2:242295521:A:C,SBP,0.011100,0.0004047,425740,-0.00080910,0.7914,425743,0.013187,0.1144,318398,-0.00042962,0.8600,472174,-0.0073000,0.6706,52313,-0.011482,0.4132,11276,,,,,,
2:242308039:A:T,SBP,0.011070,0.0003279,425740,-0.0015840,0.5982,425743,0.015520,0.05891,318398,-0.00023447,0.9200,472174,-0.016300,0.3042,52313,-0.010643,0.4443,11277,-0.0011293,0.9208,18536,0.012317,0.2780,18536
1:115827266:G:T,HYPERTENSION,0.016110,0.09238,425740,0.055390,2.971e-9,425743,0.079260,0.00001243,318398,-0.0032766,0.6600,472174,0.17800,0.003532,52313,-0.0044130,0.9709,11277,0.084112,0.3109,18536,0.089524,0.2808,18536
16:89700881:G:A,HYPERTENSION,0.00078910,0.7602,425740,-0.017790,1.732e-12,425743,-0.027615,3.500e-7,318398,0.00040923,0.8400,472174,,,,-0.025640,0.07216,11276,,,,,,
5:148385614:G:A,HYPERTENSION,-0.017520,1.856e-7,425740,-0.020760,2.362e-10,425743,-0.047837,1.910e-13,318398,0.0016667,0.5200,472174,-0.032200,0.02982,52313,0.031148,0.04342,11277,0.0060880,0.6031,18536,0.012089,0.3019,18536
10:95893514:A:G,HYPERTENSION,0.019250,9.748e-14,425740,0.013710,5.535e-8,425743,0.026960,9.294e-8,318398,-0.00036142,0.8600,472174,0.058500,0.00002116,52313,-0.0038890,0.7644,11277,0.022717,0.02875,18536,0.010856,0.2960,18536
10:106629859:C:T,HYPERTENSION,0.055460,0.000003629,425740,0.053930,0.000003890,425743,0.041760,0.04197,318398,-0.0029340,0.7500,472174,0.36410,0.000002267,52313,-0.013631,0.8555,11277,0.11686,0.1727,18536,-0.013118,0.8783,18536
2:65276452:T:C,HYPERTENSION,-0.024780,7.969e-21,425740,0.010330,0.00006265,425743,-0.044973,1.120e-16,318398,-0.00012687,0.9500,472174,-0.046200,0.001197,52313,0.027678,0.02810,11277,-0.020217,0.04319,18536,-0.0027285,0.7850,18536
3:14954411:C:T,HYPERTENSION,-0.015430,6.542e-8,425740,-0.0088260,0.001528,425743,-0.046884,4.836e-18,318398,-0.00079515,0.7100,472174,-0.045800,0.001226,52313,-0.018896,0.1551,11277,-0.024077,0.02051,18536,-0.012709,0.2213,18536
11:48633537:C:T,HYPERTENSION,-0.026860,9.466e-17,425740,-0.013940,0.000009833,425743,-0.038259,2.239e-9,318398,0.010234,0.00004400,472174,,,,,,,-0.018838,0.4081,18536,-0.016902,0.4579,18536
4:144043631:A:T,HYPERTENSION,-0.017630,1.504e-10,425740,-0.013430,5.621e-7,425743,-0.035367,2.292e-10,318398,0.00021725,0.9200,472174,,,,,,,0.0073671,0.4701,18536,0.00046131,0.9639,18536
17:7898537:T:G,HYPERTENSION,0.034440,4.469e-9,425740,0.064090,4.362e-29,425743,0.068386,9.743e-10,318398,0.012330,0.005000,472174,0.045000,0.04175,52313,-0.037603,0.2939,11277,,,,,,
1:115382354:C:T,SBP,0.0092150,0.07430,425740,0.011140,0.02697,425743,0.021837,0.1107,318398,-0.012629,0.0008800,472174,0.069600,0.01665,52313,-0.054065,0.3093,11277,0.099846,0.09375,18536,0.010464,0.8606,18536
2:19459453:T:A,SBP,-0.018020,1.404e-7,425740,-0.016260,0.000001121,425743,-0.022739,0.001388,318398,0.0000012590,1.000,472174,-0.019900,0.2552,52313,0.028067,0.06537,11277,-0.019905,0.1055,18536,-0.014226,0.2474,18536
8:120907771:G:A,SBP,-0.0049450,0.1073,425740,-0.0041020,0.1708,425743,-0.014889,0.06902,318398,0.0088729,0.0002500,472174,-0.019300,0.2014,52313,0.015287,0.3538,11277,0.0086491,0.5174,18536,0.00038236,0.9772,18536
2:242257358:G:A,SBP,0.011670,0.0001450,425740,-0.0013760,0.6461,425743,0.015520,0.05803,318398,-0.000022800,0.9900,472174,-0.016300,0.3016,52313,-0.012156,0.3823,11277,0.0010811,0.9243,18536,0.013286,0.2431,18536
16:31758463:C:A,SBP,0.045590,1.689e-10,425740,0.031640,0.000005468,425743,0.042073,0.001553,318398,-0.0010072,0.7900,472174,,,,,,,,,,,,
17:66054771:G:A,SBP,-0.012020,0.00005514,425740,-0.016600,1.135e-8,425743,-0.0049875,0.4923,318398,-0.0017657,0.4500,472174,-0.018200,0.2778,52313,-0.0058900,0.6649,11277,-0.014615,0.2582,18536,-0.011345,0.3801,18536
2:61765074:G:A,SBP,-0.010310,0.00005593,425740,-0.0064070,0.01026,425743,-0.014889,0.004416,318398,0.0054870,0.006800,472174,-0.012800,0.3583,52313,-0.0065290,0.6033,11277,-0.0093245,0.3612,18536,0.00020099,0.9843,18536
2:242330192:G:T,SBP,0.011150,0.0002925,425740,-0.0014740,0.6235,425743,0.012073,0.04970,318398,-0.00028528,0.9100,472174,-0.016500,0.2981,52313,-0.011233,0.4194,11277,-0.0021989,0.8466,18536,0.011421,0.3149,18536
2:242236682:A:G,SBP,0.011720,0.0001350,425740,-0.0014770,0.6219,425743,0.015723,0.05454,318398,-0.000099820,0.9700,472174,-0.016900,0.2843,52313,-0.0091390,0.5076,11277,-0.00064378,0.9548,18536,0.010541,0.3528,18536
4:40603821:A:G,SBP,0.014060,0.0005677,425740,0.015750,0.00007542,425743,0.020611,0.05716,318398,-0.0062149,0.05500,472174,0.082800,0.00001279,52313,0.0032870,0.8567,11276,0.015590,0.3081,18536,0.022379,0.1434,18536
15:90128966:C:T,SBP,-0.0061560,0.01369,425740,0.00078400,0.7475,425743,-0.0099503,0.1188,318398,0.0011679,0.5600,472174,-0.0054000,0.6902,52313,-0.021345,0.09209,11277,0.0078166,0.4300,18536,-0.0041104,0.6782,18536
6:9923536:G:A,SBP,0.0095600,0.0002673,425740,0.0064050,0.01229,425743,0.00080032,0.9110,318398,-0.0058105,0.004100,472174,-0.019500,0.1597,52313,0.0022410,0.8661,11277,0.0033046,0.7370,18536,0.0055029,0.5761,18536
2:242316843:G:A,SBP,0.020180,7.660e-9,425740,0.0044140,0.1951,425743,0.021530,0.001813,318398,0.0033750,0.2200,472174,0.020000,0.3139,52313,-0.0042120,0.8406,11204,,,,,,
6:1605241:G:C,SBP,-0.0065610,0.02951,425740,-0.0048030,0.1023,425743,-0.017840,0.006162,318398,0.00020367,0.9300,472174,-0.011200,0.4521,52313,-0.021023,0.1386,11277,-0.011922,0.3066,18536,0.0063169,0.5880,18536
2:242321083:G:A,SBP,0.011960,0.0007289,425740,0.00071890,0.8350,425743,0.018164,0.05390,318398,-0.0018962,0.4800,472174,-0.0098000,0.6031,52313,-0.0096710,0.6055,11277,0.010435,0.5735,18536,0.026197,0.1576,18536
3:27640961:G:A,SBP,0.015170,0.0002155,425740,-0.0016330,0.6830,425743,0.015215,0.03661,318398,0.00045290,0.8800,472174,0.032400,0.09559,52313,-0.0078480,0.7815,11277,0.00020426,0.9931,18536,0.015912,0.5008,18536
7:103525864:T:A,SBP,-0.017320,2.947e-8,425740,-0.0094620,0.001894,425743,-0.0079682,0.3501,318398,-0.0023627,0.3500,472174,-0.024300,0.1180,52313,0.025157,0.1611,11277,0.012174,0.3993,18536,-0.011294,0.4343,18536
19:11526759:G:A,HYPERTENSION,0.019570,4.810e-12,425740,0.024950,1.667e-19,425743,0.031800,2.782e-8,318398,0.0016190,0.4400,472174,0.0044000,0.7590,52313,0.0034400,0.8107,11277,,,,,,
7:151403260:T:C,HYPERTENSION,0.033130,7.577e-30,425740,0.020190,1.331e-12,425743,0.041551,2.219e-13,318398,-0.0060604,0.008100,472174,0.037500,0.02456,52313,-0.015337,0.5098,11277,-0.037746,0.05011,18536,-0.0076404,0.6917,18536
5:158444274:C:T,HYPERTENSION,-0.0083680,0.002791,425740,-0.0067070,0.01401,425743,-0.040182,4.549e-13,318398,0.00049768,0.8100,472174,-0.014400,0.2977,52313,0.025088,0.09539,11277,-0.020486,0.08723,18536,-0.011866,0.3219,18536
3:48185266:A:G,HYPERTENSION,0.010720,0.00006895,425740,0.016340,4.996e-10,425743,0.031181,9.455e-9,318398,-0.0026481,0.2100,472174,0.059800,0.0002291,52313,-0.029357,0.02796,11277,0.029518,0.01568,18536,0.036923,0.002507,18536
7:1888051:G:A,HYPERTENSION,-0.019640,3.435e-10,425740,-0.012890,0.00002415,425743,-0.050693,6.341e-16,318398,0.0061584,0.01700,472174,-0.063100,0.00003415,52313,0.0035390,0.7975,11277,-0.016803,0.1172,18536,-0.023223,0.03036,18536
5:127881566:C:T,HYPERTENSION,0.030470,7.817e-29,425740,0.024180,1.248e-19,425743,0.050872,1.910e-20,318398,0.0028305,0.1900,472174,0.075600,2.620e-7,52313,0.018885,0.1680,11277,0.020052,0.06092,18536,0.0044770,0.6756,18536
16:81510155:G:A,HYPERTENSION,-0.0099440,0.0003976,425740,-0.0080760,0.003188,425743,-0.037296,5.119e-12,318398,0.0035388,0.1000,472174,-0.042200,0.005477,52313,0.0018860,0.9057,11277,0.0076260,0.5487,18536,0.00068030,0.9573,18536
19:17214073:C:T,HYPERTENSION,0.021490,2.642e-14,425740,0.011620,0.00002446,425743,0.034074,2.978e-10,318398,-0.0012000,0.5800,472174,0.037200,0.02083,52313,0.0062030,0.6341,11277,0.0099441,0.3373,18536,0.0075975,0.4635,18536
15:41462468:G:A,HYPERTENSION,0.015260,1.783e-9,425740,0.011520,0.000003251,425743,0.034902,4.357e-11,318398,0.00022064,0.9100,472174,0.025000,0.07695,52313,-0.019324,0.1319,11256,0.0031104,0.7650,18536,0.0032770,0.7529,18536
6:79513590:C:T,HYPERTENSION,0.022260,4.111e-16,425740,0.019800,1.202e-13,425743,0.044161,3.099e-16,318398,-0.0014423,0.4700,472174,0.044300,0.001106,52313,0.0096180,0.4679,11277,0.032709,0.006343,18536,0.024857,0.03806,18536
2:242225080:G:A,SBP,0.011780,0.0001693,425740,-0.00058380,0.8484,425743,0.013491,0.1056,318398,-0.00040186,0.8700,472174,-0.0073000,0.6704,52313,-0.012483,0.3733,11277,-0.0015955,0.8900,18536,0.0096507,0.4027,18536
9:109699547:C:T,SBP,0.010760,0.00004751,425740,0.0068510,0.007925,425743,0.018368,0.0003464,318398,0.0021508,0.3000,472174,0.0015000,0.9143,52313,0.0028840,0.8279,11277,,,,,,
11:100851247:C:T,SBP,-0.014770,0.000009924,425740,-0.016050,8.549e-7,425743,-0.027615,0.00003069,318398,0.0015475,0.5500,472174,,,,,,,-0.0034287,0.8036,18536,-0.026548,0.05417,18536
11:65612393:C:T,SBP,0.0079870,0.05669,425740,0.00055710,0.8916,425743,-0.0069756,0.5440,318398,0.0014078,0.6600,472174,0.0013000,0.9477,52313,0.020497,0.1558,11202,0.014114,0.2118,18536,0.011825,0.2955,18536
18:46288367:T:C,SBP,-0.0095400,0.0004684,425740,-0.000065920,0.9802,425743,-0.0099503,0.1917,318398,0.0029225,0.1600,472174,0.0025000,0.8616,52313,0.0098250,0.4552,11277,-0.0099469,0.3647,18536,0.0039376,0.7197,18536
2:242401493:T:G,SBP,0.011120,0.0003411,425740,-0.0010330,0.7331,425743,0.014505,0.07965,318398,-0.0000090840,1.000,472174,-0.0060000,0.7275,52313,-0.0099770,0.4805,11277,-0.0037220,0.7414,18536,0.0064758,0.5658,18536
16:4422826:G:A,SBP,-0.014350,0.000003999,425740,-0.00090420,0.7658,425743,-0.027615,0.000002129,318398,-0.0020580,0.3500,472174,-0.032000,0.03873,52313,-0.0082940,0.6323,11277,,,,,,
15:81377717:C:A,SBP,-0.016640,0.000001050,425740,-0.0063300,0.05690,425743,-0.013903,0.1131,318398,-0.0034184,0.2000,472174,-0.011200,0.4886,52313,-0.011403,0.3934,11277,-0.016370,0.1120,18536,-0.011309,0.2722,18536
5:63874626:A:G,SBP,-0.00083110,0.7664,425740,-0.0010080,0.7118,425743,0.022041,0.00003640,318398,0.00072919,0.7400,472174,0.041000,0.003229,52313,0.016624,0.2127,11277,0.035778,0.001353,18536,0.022357,0.04524,18536
13:74234347:T:A,SBP,0.0033790,0.1878,425740,0.0014360,0.5662,425743,0.0063199,0.3545,318398,0.0037378,0.06500,472174,-0.0089000,0.5120,52313,-0.0056880,0.6621,11277,-0.0070697,0.5217,18536,0.0095857,0.3850,18536
7:117636111:C:G,SBP,0.0092480,0.0005599,425740,0.0039600,0.1298,425743,0.013795,0.008459,318398,-0.0028537,0.1800,472174,0.016300,0.2316,52313,0.013335,0.3207,11277,,,,,,
2:242200344:A:G,SBP,0.011680,0.0001596,425740,-0.0011650,0.6994,425743,0.015317,0.06183,318398,-0.00046892,0.8500,472174,-0.0073000,0.6715,52313,-0.0063550,0.6468,11277,0.0040867,0.7333,18536,0.0098550,0.4113,18536
18:23194429:A:AC,SBP/DBP,-0.015560,2.136e-9,425740,-0.013310,1.501e-7,425743,-0.014889,0.005100,318398,0.0012383,0.5400,472174,0.0038000,0.7802,52313,,,,,,,,,
2:242321026:G:A,SBP,0.010950,0.0003662,425740,-0.0018220,0.5434,425743,0.015723,0.05347,318398,-0.00070899,0.7700,472174,-0.016400,0.3009,52313,-0.011673,0.4013,11277,-0.00082485,0.9421,18536,0.012518,0.2704,18536
20:44452252:C:G,SBP,-0.0058190,0.02270,425740,-0.0038820,0.1191,425743,-0.014889,0.003076,318398,0.0036871,0.06800,472174,-0.0024000,0.8610,52313,0.0092150,0.4852,11277,-0.00034297,0.9735,18536,-0.0039404,0.7031,18536
21:39865855:C:T,SBP,0.014330,0.000005563,425740,0.013800,0.000007274,425743,0.022143,0.0005218,318398,-0.0060829,0.01000,472174,0.0015000,0.9228,52313,0.022134,0.1381,11277,-0.00087836,0.9398,18536,0.0034112,0.7695,18536
5:166110187:T:C,SBP,0.011340,0.00005232,425740,0.0045510,0.09606,425743,0.011971,0.1076,318398,-0.0013086,0.5300,472174,,,,,,,,,,,,
3:53857158:C:T,SBP,0.010920,0.00002054,425740,0.0059880,0.01665,425743,0.010050,0.04023,318398,-0.00019160,0.9200,472174,0.014600,0.2782,52313,-0.011209,0.3938,11277,0.010548,0.3102,18536,0.0024641,0.8126,18536
12:82161922:C:T,SBP,-0.020550,0.000005130,425740,-0.0073450,0.09482,425743,-0.023717,0.005133,318398,0.00083261,0.8000,472174,,,,,,,,,,,,
17:60993596:T:C,SBP,-0.022810,1.649e-8,425740,-0.0082230,0.03692,425743,-0.030529,0.0003012,318398,-0.0033018,0.3200,472174,-0.041100,0.05234,52313,0.022462,0.1205,11277,0.0044773,0.7230,18536,-0.010268,0.4163,18536
6:3295655:C:CAGAG,SBP,0.022680,1.333e-8,425740,0.011620,0.002846,425743,0.0093435,0.3765,318398,,,,0.011700,0.6498,52313,,,,,,,,,
2:242408219:G:A,SBP,0.010960,0.0004232,425740,-0.0011480,0.7049,425743,0.014099,0.08895,318398,-0.0000031060,1.000,472174,-0.0058000,0.7348,52313,-0.0090980,0.5208,11277,-0.0039832,0.7245,18536,0.0062404,0.5809,18536
4:102205385:C:T,SBP,-0.013930,0.00007187,425740,-0.016430,0.000001569,425743,-0.024693,0.00001876,318398,0.0019895,0.4700,472174,0.014000,0.4438,52313,-0.0077990,0.5764,11277,-0.0088406,0.4307,18536,-0.0062819,0.5755,18536
6:36090800:G:A,SBP,-0.024130,7.884e-11,425740,-0.011620,0.001321,425743,-0.022739,0.002191,318398,0.000093230,0.9700,472174,-0.021700,0.2074,52313,-0.020578,0.2636,11277,0.0099475,0.5053,18536,0.010560,0.4795,18536
9:71627364:T:G,SBP,0.0066970,0.05319,425740,0.0055570,0.1000,425743,0.015520,0.09256,318398,0.0025034,0.3700,472174,-0.015400,0.5163,52313,-0.012958,0.3757,11258,-0.0050784,0.6936,18536,-0.0082729,0.5209,18536
1:54586538:T:C,SBP,0.0080540,0.004893,425740,-0.00024770,0.9293,425743,0.017655,0.001546,318398,-0.0026449,0.1900,472174,-0.0016000,0.9099,52313,-0.011237,0.3930,11277,-0.010399,0.3077,18536,-0.0015703,0.8776,18536
3:12934568:CT:C,SBP,-0.015980,1.352e-8,425740,-0.0055460,0.04329,425743,-0.012916,0.002852,318398,,,,,,,,,,,,,,,
10:18985714:A:T,SBP,0.010080,0.0008459,425740,0.0034500,0.2416,425743,0.014606,0.01966,318398,0.0014288,0.5400,472174,0.017000,0.2537,52313,0.031846,0.08227,11277,0.0080036,0.5941,18536,0.0066694,0.6570,18536
4:21144840:C:T,SBP,0.0085030,0.007547,425740,0.0047040,0.1297,425743,0.017960,0.005665,318398,-0.0019469,0.4200,472174,-0.015500,0.3161,52313,-0.0057700,0.6937,11277,0.0028370,0.8049,18536,0.0094355,0.4112,18536
3:169186293:G:A,HYPERTENSION,0.019520,4.466e-14,425740,0.033020,3.728e-39,425743,0.025933,1.621e-7,318398,-0.00047621,0.8100,472174,0.051000,0.0002862,52313,-0.012956,0.3220,11277,-0.0026467,0.7949,18536,0.0038784,0.7032,18536
4:111406496:G:A,HYPERTENSION,-0.023880,1.633e-20,425740,-0.020130,1.035e-15,425743,-0.042101,1.026e-15,318398,0.0029487,0.1400,472174,-0.044400,0.001032,52313,-0.0083740,0.5449,11277,-0.0013282,0.9105,18536,-0.014932,0.2066,18536
3:11545719:T:C,HYPERTENSION,0.017880,1.022e-10,425740,0.014010,2.062e-7,425743,0.040197,8.752e-15,318398,0.000036730,0.9900,472174,0.043100,0.002013,52313,0.0053880,0.6816,11269,0.0059645,0.5705,18536,-0.00064278,0.9512,18536
15:81025457:G:C,HYPERTENSION,0.023550,2.731e-20,425740,0.012950,1.970e-7,425743,0.035109,1.753e-12,318398,-0.0040825,0.04200,472174,0.036800,0.006500,52313,-0.016702,0.2012,11277,,,,,,
4:156420605:A:T,HYPERTENSION,-0.021440,2.190e-13,425740,-0.0055940,0.04972,425743,-0.044017,1.089e-13,318398,-0.00078374,0.7200,472174,-0.042500,0.001939,52313,0.0074950,0.5711,11277,-0.0081414,0.4360,18536,-0.0011713,0.9108,18536
3:133995065:G:A,HYPERTENSION,0.023420,2.213e-18,425740,0.024170,2.210e-20,425743,0.041551,1.034e-17,318398,0.0017137,0.4000,472174,0.027400,0.04450,52313,0.012604,0.3435,11277,0.010524,0.3513,18536,0.011068,0.3270,18536
20:62483911:T:C,HYPERTENSION,-0.013730,3.905e-7,425740,-0.0093000,0.0004247,425743,-0.034401,1.372e-10,318398,0.0038368,0.06800,472174,-0.048900,0.0004701,52313,-0.0090130,0.5056,11271,-0.029199,0.009345,18536,-0.026698,0.01747,18536
5:114389826:A:G,HYPERTENSION,-0.018530,2.628e-13,425740,-0.015780,1.755e-10,425743,-0.033435,1.356e-13,318398,0.00086370,0.6700,472174,-0.039800,0.003224,52313,-0.034778,0.006974,11277,-0.0079982,0.4414,18536,-0.0062305,0.5487,18536
7:27320319:T:C,HYPERTENSION,0.049990,1.038e-33,425740,0.036020,3.889e-19,425743,0.066460,3.705e-16,318398,-0.0013359,0.6900,472174,0.050700,0.009712,52313,0.017175,0.5733,11277,-0.0038337,0.8806,18536,-0.0085225,0.7385,18536
12:50561998:A:G,HYPERTENSION,0.023350,1.707e-19,425740,0.020210,1.120e-15,425743,0.034591,2.461e-12,318398,0.0040726,0.05000,472174,0.046700,0.0007700,52313,0.0057480,0.7023,11270,0.019859,0.09793,18536,0.020683,0.08478,18536
5:26882085:T:C,SBP,0.021020,1.994e-8,425740,0.010370,0.004544,425743,0.029429,0.000009763,318398,-0.0014168,0.6400,472174,-0.0040000,0.8799,52313,-0.013051,0.7677,11277,0.042230,0.4087,18536,0.074194,0.1467,18536
1:230844992:C:T,HYPERTENSION,0.024200,6.892e-20,425740,0.023670,5.401e-20,425743,0.043116,2.285e-17,318398,-0.00014455,0.9400,472174,0.046600,0.0009035,52313,-0.020708,0.1064,11277,0.023971,0.01436,18536,0.020336,0.03781,18536
11:16295390:G:A,HYPERTENSION,-0.025490,7.534e-16,425740,-0.020780,1.621e-11,425743,-0.036332,1.292e-9,318398,-0.00052674,0.8300,472174,,,,,,,-0.030294,0.01390,18536,-0.015236,0.2161,18536
2:165085214:C:T,HYPERTENSION,-0.029150,2.107e-24,425740,-0.019760,1.373e-12,425743,-0.047837,4.127e-17,318398,-0.000041290,0.9900,472174,,,,0.0050360,0.7267,11167,-0.010819,0.3696,18536,-0.013536,0.2616,18536
11:10296756:A:G,HYPERTENSION,0.026730,2.002e-16,425740,0.027660,2.714e-18,425743,0.043743,3.255e-12,318398,0.0000076790,1.000,472174,,,,,,,0.021768,0.07610,18536,0.017185,0.1614,18536
4:156638867:A:G,HYPERTENSION,-0.017070,6.533e-11,425740,-0.021210,8.571e-17,425743,-0.040182,4.600e-15,318398,0.0013944,0.5000,472174,-0.086800,9.270e-10,52313,0.015520,0.2537,11277,-0.031171,0.002548,18536,-0.028130,0.006466,18536
7:106412082:G:A,HYPERTENSION,0.070220,3.375e-110,425740,-0.036210,4.277e-32,425743,0.048455,4.172e-15,318398,0.0043070,0.08600,472174,,,,0.0015200,0.9125,11272,,,,,,
7:27242617:T:C,HYPERTENSION,0.054350,4.143e-37,425740,0.037040,5.993e-19,425743,0.060918,9.109e-15,318398,0.0096986,0.004500,472174,0.076400,0.00007744,52313,0.0024370,0.9185,11277,0.046470,0.002427,18536,0.035167,0.02175,18536
10:18445088:G:A,HYPERTENSION,0.019630,1.049e-14,425740,0.020200,3.412e-16,425743,0.037598,3.091e-15,318398,-0.0012167,0.5500,472174,0.055100,0.00004745,52313,0.025519,0.04606,11277,0.021708,0.02800,18536,0.026015,0.008457,18536
17:47045862:G:A,HYPERTENSION,-0.013420,0.000003745,425740,-0.0087000,0.002111,425743,-0.060154,1.114e-25,318398,-0.0011878,0.6000,472174,-0.029000,0.06406,52313,-0.0048220,0.7615,11277,0.0058873,0.6726,18536,0.0037711,0.7866,18536
12:111835990:A:G,HYPERTENSION,-0.012550,0.00005348,425740,-0.019790,6.447e-11,425743,-0.055435,8.534e-20,318398,0.014076,9.400e-9,472174,-0.058700,0.0003427,52313,0.0085450,0.5506,11266,-0.017100,0.1540,18536,-0.017302,0.1492,18536
18:658423:A:G,SBP,-0.022430,8.997e-12,425740,-0.016520,2.605e-7,425743,-0.022739,0.0003579,318398,-0.042569,1.200e-70,472174,-0.027900,0.07673,52313,-0.058429,0.003546,11276,-0.0058342,0.7741,18536,0.00034031,0.9866,18536
2:218829678:G:A,SBP,-0.016590,0.000005667,425740,-0.010430,0.003433,425743,-0.017840,0.06267,318398,0.0024581,0.4000,472174,-0.023500,0.2348,52313,0.0034690,0.8006,11277,-0.0053952,0.7051,18536,-0.012675,0.3741,18536
10:105801988:A:C,SBP,0.010490,0.005418,425740,0.0022450,0.5415,425743,0.012680,0.2056,318398,-0.0044088,0.1400,472174,0.024100,0.1758,52313,-0.029456,0.1684,11277,-0.0046411,0.8117,18536,-0.013119,0.5007,18536
22:45729424:G:A,SBP,0.017870,1.010e-9,425740,-0.0062780,0.02777,425743,-0.0069756,0.3859,318398,0.010072,0.000008900,472174,-0.019000,0.2291,52313,0.0073290,0.5708,11277,,,,,,
2:242210408:A:G,SBP,0.012120,0.00007768,425740,-0.0010030,0.7374,425743,0.015418,0.05816,318398,-0.00040972,0.8700,472174,-0.0078000,0.6510,52313,-0.0099520,0.4744,11277,0.0060170,0.6177,18536,0.012686,0.2927,18536
9:37551525:T:A,SBP,-0.019920,3.174e-11,425740,-0.011220,0.0001262,425743,-0.024693,0.000006477,318398,-0.0028547,0.2200,472174,0.0029000,0.8593,52313,-0.019335,0.2017,11277,-0.026097,0.03220,18536,-0.017596,0.1487,18536
2:218806161:T:G,SBP/DBP,0.0068040,0.01544,425740,0.011280,0.00003832,425743,0.0094445,0.2058,318398,-0.0021444,0.3300,472174,-0.015600,0.2831,52313,0.0036930,0.7826,11277,0.015448,0.2475,18536,0.017480,0.1907,18536
8:76107659:T:C,SBP,-0.011160,0.001432,425740,0.0091300,0.007510,425743,-0.015873,0.07970,318398,0.0015433,0.5600,472174,-0.020400,0.2452,52313,-0.013071,0.4658,11275,0.011096,0.4435,18536,-0.0070850,0.6247,18536
17:45036112:A:T,HYPERTENSION,0.037790,7.004e-23,425740,-0.013650,0.0002663,425743,0.063366,6.524e-18,318398,0.0034429,0.2500,472174,0.075300,0.00002963,52313,0.032966,0.3123,11277,0.045872,0.2005,18536,0.042924,0.2310,18536
11:47361838:A:G,HYPERTENSION,-0.019400,2.374e-13,425740,-0.015090,5.097e-9,425743,-0.040182,6.076e-15,318398,0.0071757,0.0006300,472174,,,,,,,-0.011580,0.3398,18536,-0.018056,0.1367,18536
5:157818150:C:G,HYPERTENSION,-0.019800,6.239e-14,425740,-0.010240,0.00006873,425743,-0.030529,3.253e-9,318398,-0.0010820,0.6000,472174,-0.031900,0.02453,52313,-0.011692,0.3673,11277,-0.030174,0.002910,18536,-0.022613,0.02567,18536
17:47453444:A:G,HYPERTENSION,0.011240,0.00002416,425740,0.022200,1.222e-17,425743,0.040926,3.504e-15,318398,-0.0010560,0.6100,472174,,,,-0.0020160,0.9117,11172,-0.00036995,0.9788,18536,0.029147,0.03627,18536
1:10802849:C:T,HYPERTENSION,0.037820,5.405e-34,425740,0.033260,6.162e-28,425743,0.056782,6.593e-21,318398,-0.00066326,0.7800,472174,0.061400,0.00003119,52313,0.0044160,0.7585,11277,0.0085965,0.4710,18536,0.018713,0.1166,18536
6:26082220:A:G,HYPERTENSION,0.021340,1.374e-8,425740,0.036050,8.325e-23,425743,0.055301,1.365e-13,318398,0.0076065,0.01300,472174,0.10390,0.000001836,52313,0.027360,0.2080,11277,0.042023,0.02039,18536,0.048392,0.007572,18536
1:113046879:C:A,HYPERTENSION,0.053220,1.570e-27,425740,0.050590,3.120e-26,425743,0.058795,1.659e-10,318398,0.0058008,0.1300,472174,0.11240,2.728e-10,52313,0.00077200,0.9732,11262,0.044718,0.01664,18536,0.034937,0.06138,18536
10:96038686:G:A,HYPERTENSION,-0.027390,2.193e-27,425740,-0.022260,1.668e-19,425743,-0.035367,1.718e-13,318398,0.0040000,0.04700,472174,-0.059900,0.00002541,52313,0.017664,0.1746,11277,-0.015737,0.1170,18536,-0.018206,0.06979,18536
15:75082552:C:G,HYPERTENSION,-0.016200,1.055e-9,425740,-0.023550,9.316e-20,425743,-0.040182,3.135e-14,318398,-0.0047776,0.02700,472174,-0.032700,0.01608,52313,-0.00038900,0.9804,11277,-0.012387,0.3096,18536,0.00073608,0.9519,18536
3:27538731:G:A,HYPERTENSION,-0.029450,6.606e-29,425740,-0.018020,2.558e-12,425743,-0.044973,1.609e-19,318398,0.0038378,0.06100,472174,-0.055000,0.00006259,52313,-0.012223,0.3668,11276,-0.0083335,0.4142,18536,-0.0023668,0.8166,18536
12:109997164:C:T,SBP,-0.015790,0.0007686,425740,-0.0076740,0.09362,425743,-0.024693,0.005442,318398,-0.0042902,0.2300,472174,-0.017000,0.5984,52313,0.019197,0.3430,11277,-0.014649,0.3452,18536,-0.013312,0.3910,18536
11:30156631:G:C,SBP,-0.0040080,0.1230,425740,0.0050940,0.04446,425743,-0.018822,0.001359,318398,-0.0059455,0.003400,472174,-0.0073000,0.5960,52313,-0.031757,0.01619,11277,0.0090459,0.3802,18536,0.0091208,0.3763,18536
2:242204175:A:G,SBP,0.011440,0.0002083,425740,-0.0013440,0.6553,425743,0.015926,0.05217,318398,-0.00012814,0.9600,472174,-0.016800,0.2887,52313,-0.0085660,0.5352,11277,0.0075695,0.5266,18536,0.014407,0.2281,18536
2:242279983:T:C,SBP,0.011470,0.0001890,425740,-0.0017190,0.5662,425743,0.015621,0.05614,318398,-0.00065929,0.7800,472174,-0.016500,0.2972,52313,-0.012022,0.3876,11277,-0.00050275,0.9643,18536,0.012514,0.2649,18536
11:10467636:G:A,SBP,0.0080860,0.005375,425740,0.00022760,0.9360,425743,0.016739,0.003372,318398,-0.00037415,0.8700,472174,,,,,,,,,,,,
1:6279370:G:C,SBP,-0.016950,1.278e-9,425740,0.0053330,0.05026,425743,0.0017014,0.8204,318398,-0.0012514,0.5800,472174,0.013800,0.3736,52313,-0.0063730,0.6442,11277,0.019908,0.1394,18536,0.011474,0.3943,18536
1:54875727:T:C,SBP,0.013050,5.554e-7,425740,0.00037690,0.8821,425743,0.0056157,0.4220,318398,0.00090395,0.6500,472174,0.038400,0.004486,52313,-0.0099600,0.4405,11277,0.020279,0.06915,18536,0.0081821,0.4634,18536
13:110500620:A:G,SBP,-0.011280,0.00001625,425740,-0.0048800,0.05582,425743,-0.0089597,0.1802,318398,0.0026184,0.2100,472174,-0.013800,0.3091,52313,0.032461,0.01576,11277,-0.0038878,0.7096,18536,-0.0015655,0.8808,18536
2:183274760:C:G,SBP,0.015610,0.01792,425740,0.023660,0.0002333,425743,0.042699,0.0008053,318398,-0.0016804,0.7100,472174,0.065200,0.01378,52313,-0.050692,0.07285,11277,0.022973,0.5862,18536,0.025362,0.5478,18536
2:161683666:C:T,SBP,0.010090,0.002678,425740,0.0048190,0.1415,425743,0.022655,0.0009310,318398,0.0046094,0.07500,472174,0.037200,0.03071,52313,-0.012478,0.5205,11277,-0.0084999,0.5654,18536,-0.014226,0.3360,18536
21:39486933:A:G,SBP/DBP,-0.0085840,0.0009018,425740,-0.0086780,0.0005808,425743,-0.020783,0.00008449,318398,-0.0024531,0.2400,472174,-0.012700,0.3503,52313,-0.0052920,0.6812,11277,-0.0094461,0.4124,18536,0.0042189,0.7143,18536
6:151002371:T:C,HYPERTENSION,-0.035700,3.917e-12,425740,-0.033390,2.824e-11,425743,-0.071390,4.276e-14,318398,0.0022738,0.5500,472174,-0.12040,0.000002712,52313,0.023042,0.1726,11277,-0.063511,0.000001204,18536,-0.044639,0.0006441,18536
10:115792787:G:A,HYPERTENSION,0.015450,4.805e-8,425740,0.025490,2.608e-20,425743,0.036457,1.896e-12,318398,0.0014425,0.5200,472174,0.087600,1.559e-8,52313,0.0066310,0.6631,11277,0.030570,0.008059,18536,0.035358,0.002181,18536
10:104769709:T:C,HYPERTENSION,-0.068180,8.264e-53,425740,-0.015470,0.0003722,425743,-0.094401,6.670e-28,318398,0.0085393,0.02000,472174,,,,,,,,,,,,
6:127155711:C:T,HYPERTENSION,0.029910,3.266e-32,425740,0.033370,1.275e-41,425743,0.037806,1.584e-16,318398,-0.00088718,0.6600,472174,0.047500,0.0004538,52313,0.0079490,0.5367,11277,0.011082,0.2892,18536,0.0050767,0.6273,18536
11:1887068:T:G,HYPERTENSION,0.035940,2.829e-42,425740,0.020090,5.697e-15,425743,0.054879,3.463e-28,318398,0.0018185,0.3800,472174,0.045600,0.0008481,52313,0.0037090,0.7857,11277,0.025117,0.01174,18536,0.026604,0.007607,18536
20:57739469:A:T,HYPERTENSION,0.027500,1.406e-12,425740,0.030470,8.484e-16,425743,0.067958,4.788e-19,318398,0.00029486,0.9200,472174,0.15380,1.351e-17,52313,0.0020550,0.9254,11276,0.037888,0.02956,18536,0.055535,0.001426,18536
10:63515681:T:G,HYPERTENSION,-0.012410,0.0006371,425740,-0.032220,9.745e-20,425743,-0.057325,7.776e-17,318398,0.0032934,0.2500,472174,-0.067200,0.002745,52313,0.054380,0.1232,11277,-0.015834,0.5824,18536,-0.040922,0.1553,18536
11:100593538:G:C,HYPERTENSION,0.034370,1.064e-33,425740,0.022250,9.589e-16,425743,0.057735,6.037e-25,318398,0.00074166,0.7400,472174,0.049200,0.0009283,52313,0.022609,0.08328,11277,0.014687,0.1517,18536,0.019726,0.05416,18536
15:91429176:G:T,HYPERTENSION,0.035410,1.550e-33,425740,0.021220,1.194e-13,425743,0.059219,1.160e-25,318398,0.0011279,0.6000,472174,0.090700,3.256e-9,52313,0.0021210,0.8828,11277,0.035319,0.003660,18536,0.030511,0.01206,18536
16:53810546:C:A,HYPERTENSION,0.026500,5.773e-25,425740,-0.013550,6.262e-8,425743,0.076989,6.314e-55,318398,-0.0034259,0.09400,472174,,,,-0.011023,0.4185,11275,0.048925,0.000003247,18536,0.037042,0.0004251,18536
7:114684099:T:C,SBP,-0.0077420,0.002219,425740,-0.010490,0.00002149,425743,0.010657,0.1146,318398,-0.00099356,0.6200,472174,0.00010000,0.9947,52313,0.014726,0.2698,11277,0.0058759,0.5770,18536,0.0060399,0.5664,18536
3:48866313:C:G,SBP,0.023020,0.000004129,425740,0.025220,2.308e-7,425743,0.059750,1.791e-8,318398,-0.0060837,0.09100,472174,0.028600,0.3128,52313,0.028252,0.6298,11173,,,,,,
17:52089328:T:C,SBP,-0.010020,0.00009095,425740,-0.0033180,0.1838,425743,-0.012916,0.009563,318398,0.00056500,0.7800,472174,,,,-0.022256,0.09660,11260,,,,,,
2:242418618:T:C,SBP,0.011010,0.0004267,425740,-0.0012250,0.6877,425743,0.013896,0.09453,318398,0.000017590,0.9900,472174,-0.0060000,0.7253,52313,-0.010610,0.4563,11277,-0.0047055,0.6790,18536,0.0050392,0.6576,18536
3:191129707:G:A,SBP,-0.016790,5.818e-9,425740,-0.012150,0.00001546,425743,-0.013903,0.002575,318398,0.0024463,0.2800,472174,,,,,,,0.010047,0.3484,18536,0.012229,0.2538,18536
2:242266963:G:C,SBP,0.015720,0.0001069,425740,0.0052920,0.1812,425743,0.013998,0.1932,318398,-0.0041775,0.1800,472174,-0.00030000,0.9882,52313,-0.017701,0.3574,11277,0.019741,0.3082,18536,0.035361,0.06798,18536
1:11865804:A:G,HYPERTENSION,-0.059040,1.040e-66,425740,-0.048800,2.111e-48,425743,-0.085260,1.386e-38,318398,-0.0058547,0.03000,472174,-0.14390,7.535e-14,52313,-0.017099,0.3000,11277,-0.014111,0.2356,18536,-0.012308,0.3009,18536
2:26929282:T:G,HYPERTENSION,-0.052340,3.293e-91,425740,-0.044860,7.092e-71,425743,-0.056380,7.823e-31,318398,0.00034907,0.8600,472174,-0.079500,4.817e-9,52313,0.0037930,0.7689,11277,-0.023856,0.02314,18536,-0.029204,0.005432,18536
9:109384846:G:A,DBP,-0.0010180,0.6926,425740,0.0031710,0.2068,425743,0.0065212,0.3434,318398,0.0024796,0.2200,472174,0.011600,0.3932,52313,0.0087510,0.5134,11277,-0.020198,0.05184,18536,-0.015283,0.1412,18536
17:79621160:A:C,DBP,0.0046500,0.07322,425740,-0.0055290,0.02894,425743,-0.0019980,0.7761,318398,0.0024450,0.2300,472174,-0.010000,0.4592,52313,0.0065250,0.6443,11263,-0.0044290,0.7327,18536,-0.0023623,0.8555,18536
22:29520410:A:C,DBP,-0.0072460,0.02968,425740,-0.0088120,0.006703,425743,-0.014889,0.007617,318398,-0.00085401,0.7100,472174,-0.022100,0.1321,52313,-0.020958,0.2236,11277,0.0091037,0.4497,18536,0.015665,0.1933,18536
10:20856683:C:T,DBP,0.016000,0.001587,425740,0.020410,0.00003639,425743,0.038221,0.0002597,318398,-0.0041478,0.2900,472174,,,,,,,,,,,,
11:74715905:C:G,DBP,-0.0098510,0.002285,425740,-0.0099390,0.001603,425743,-0.0049875,0.5800,318398,-0.0017993,0.4800,472174,-0.016100,0.3472,52313,-0.011236,0.3911,11277,0.024226,0.02101,18536,0.020545,0.05033,18536
15:92460694:A:G,DBP,-0.00026430,0.9242,425740,0.0078680,0.003658,425743,0.0090407,0.2187,318398,-0.0032337,0.1400,472174,-0.0039000,0.7832,52313,0.0095650,0.5305,11277,-0.0038428,0.7434,18536,0.0021454,0.8550,18536
10:75722748:A:G,DBP,0.012780,0.00004451,425740,-0.018670,9.542e-10,425743,0.013592,0.1022,318398,0.00070388,0.7600,472174,,,,,,,,,,,,
10:79422975:T:C,DBP,-0.0056340,0.08190,425740,-0.017970,1.274e-8,425743,-0.0039920,0.6372,318398,0.00065803,0.7900,472174,-0.0046000,0.7879,52313,-0.0072190,0.5932,11277,0.012974,0.2344,18536,0.010170,0.3513,18536
6:34373649:G:A,SBP,-0.0045650,0.3235,425740,0.0052270,0.2465,425743,0.013288,0.2785,318398,-0.0078646,0.03000,472174,-0.057700,0.01033,52313,0.0063430,0.6711,11276,-0.017825,0.1084,18536,-0.011877,0.2848,18536
18:44040660:T:C,SBP,0.010890,0.001301,425740,0.0030020,0.3636,425743,0.016841,0.009923,318398,-0.0025020,0.2700,472174,-0.017100,0.2353,52313,0.028923,0.04312,11277,-0.0046110,0.7673,18536,0.016907,0.2780,18536
16:56771791:T:C,SBP,-0.0084520,0.003238,425740,-0.0092330,0.0009756,425743,-0.0089597,0.04352,318398,0.00011437,0.9600,472174,-0.024000,0.09113,52313,0.0084190,0.5894,11277,-0.0072723,0.5714,18536,-0.00038272,0.9762,18536
6:163757127:A:G,SBP/DBP,-0.0072360,0.008122,425740,-0.0079270,0.002950,425743,-0.0089597,0.2032,318398,-0.0029808,0.1600,472174,0.011600,0.4379,52313,-0.012391,0.4009,11277,0.0087478,0.4658,18536,-0.0022798,0.8493,18536
12:58023981:C:A,SBP,-0.013110,0.00002042,425740,-0.0094520,0.001633,425743,-0.023717,0.00005648,318398,-0.0025443,0.2900,472174,0.021200,0.2019,52313,-0.032965,0.06235,11277,0.013408,0.3326,18536,0.016359,0.2371,18536
11:8877704:T:C,SBP,-0.011310,0.00004685,425740,-0.0025530,0.3461,425743,-0.011929,0.03445,318398,-0.00077154,0.7300,472174,-0.024400,0.1066,52313,0.0021460,0.8663,11277,0.0018145,0.8585,18536,0.00099478,0.9221,18536
11:69802761:T:C,SBP,0.014510,0.0001115,425740,0.0083010,0.02339,425743,0.026447,0.0001442,318398,-0.0014219,0.5900,472174,-0.0068000,0.7212,52313,0.019604,0.3469,11276,-0.040579,0.05858,18536,-0.026943,0.2092,18536
2:44206799:A:C,SBP/DBP,0.0038390,0.1473,425740,0.0042520,0.09979,425743,0.020917,0.0002014,318398,-0.0027932,0.1800,472174,0.020700,0.1509,52313,-0.012270,0.3541,11277,0.0096484,0.3479,18536,0.016015,0.1192,18536
16:69961296:C:T,SBP,-0.0073160,0.006628,425740,0.0045350,0.08443,425743,0.012275,0.08592,318398,0.0044423,0.03500,472174,-0.014200,0.3468,52313,-0.0022520,0.8595,11277,0.018929,0.1756,18536,0.0097832,0.4839,18536
18:60223017:G:A,SBP,-0.0053850,0.05055,425740,0.0086630,0.001262,425743,-0.0049875,0.4816,318398,-0.0017440,0.4200,472174,0.013400,0.3594,52313,0.0063680,0.6232,11277,-0.0040975,0.6793,18536,0.0052535,0.5961,18536
18:10680142:T:A,DBP,-0.0081210,0.01443,425740,0.0028260,0.3828,425743,0.012680,0.1494,318398,0.0013347,0.6100,472174,0.0074000,0.6787,52313,0.021245,0.1999,11261,0.0050309,0.7177,18536,0.013504,0.3318,18536
2:17894461:C:T,DBP,-0.0047310,0.07505,425740,-0.0071570,0.005758,425743,-0.0099503,0.03805,318398,-0.014375,1.600e-11,472174,-0.035600,0.009541,52313,-0.015293,0.4542,11276,0.031762,0.06095,18536,0.025799,0.1280,18536
2:108875198:G:A,DBP,0.0052720,0.09603,425740,0.00029680,0.9235,425743,0.013592,0.1055,318398,0.0037384,0.1400,472174,-0.00020000,0.9923,52313,-0.0033880,0.8258,11277,-0.0055328,0.6257,18536,-0.0099920,0.3784,18536
2:138356447:C:CT,DBP,,,,,,,,,,0.0046928,0.07500,472174,,,,,,,,,,,,
2:242643565:C:T,DBP,-0.0057280,0.1400,425740,-0.017280,0.000004994,425743,-0.016857,0.02056,318398,0.0011934,0.6900,472174,-0.014700,0.3910,52313,0.018429,0.2518,11277,0.0091749,0.5014,18536,0.010797,0.4288,18536
11:61937545:G:A,DBP,0.0029020,0.2781,425740,0.013950,9.047e-8,425743,0.0097474,0.04927,318398,0.0035852,0.07300,472174,,,,-0.00022600,0.9860,11277,0.0041134,0.7155,18536,0.013044,0.2477,18536
16:84916775:G:A,DBP,-0.0042410,0.1971,425740,0.0023650,0.4608,425743,-0.0059821,0.4888,318398,-0.0065414,0.01100,472174,0.0089000,0.6192,52313,-0.0094210,0.5334,11276,-0.018153,0.2696,18536,-0.012314,0.4539,18536
13:94401149:AG:A,DBP,-0.0041530,0.1238,425740,0.014400,4.472e-8,425743,-0.0039920,0.5344,318398,,,,-0.021100,0.1599,52313,0.010725,0.4625,11276,,,,,,
8:80428684:T:G,DBP,0.0081720,0.001834,425740,0.0080350,0.001684,425743,0.012376,0.03925,318398,-0.0030196,0.1400,472174,-0.0032000,0.8116,52313,0.013476,0.3152,11277,0.010232,0.3128,18536,0.0051566,0.6110,18536
5:96070982:A:G,DBP,0.010100,0.0003739,425740,0.0081730,0.003152,425743,0.011263,0.04322,318398,-0.0033464,0.1400,472174,0.024100,0.1132,52313,0.0059230,0.6515,11277,0.0059019,0.5544,18536,0.00042589,0.9660,18536
22:26188458:TC:T,SBP,0.017950,1.821e-8,425740,0.0075350,0.01543,425743,0.014606,0.01474,318398,,,,,,,,,,,,,,,
19:50024391:A:G,SBP,-0.0064040,0.05809,425740,-0.0015720,0.6334,425743,-0.0089597,0.3070,318398,-0.00062821,0.8100,472174,-0.023300,0.2012,52313,0.00054600,0.9733,11275,0.018624,0.2259,18536,0.016199,0.2922,18536
1:40655478:C:A,SBP,-0.018090,0.000001228,425740,-0.0024330,0.5036,425743,-0.021761,0.001300,318398,0.0017161,0.4700,472174,,,,,,,,,,,,
2:41028164:C:A,SBP,-0.017790,0.003058,425740,-0.013870,0.01791,425743,-0.027615,0.007710,318398,-0.013732,0.002800,472174,-0.019000,0.5753,52313,0.050206,0.2585,11277,0.018214,0.5932,18536,0.060381,0.07658,18536
1:238348819:C:T,SBP,-0.013470,2.794e-7,425740,-0.012060,0.000002418,425743,-0.0079682,0.2318,318398,0.00042905,0.8400,472174,0.0034000,0.8032,52313,0.0044230,0.7296,11277,0.0046600,0.6405,18536,0.0070219,0.4816,18536
17:79136952:C:A,SBP,0.0061750,0.02352,425740,0.00075000,0.7779,425743,0.0000,0.9745,318398,-0.00023068,0.9100,472174,0.012900,0.3587,52313,0.0084030,0.5242,11277,,,,,,
2:242643609:A:G,DBP,-0.0057300,0.1398,425740,-0.017280,0.000004991,425743,-0.016857,0.02059,318398,0.0011557,0.7000,472174,-0.014700,0.3910,52313,0.018432,0.2517,11277,0.0093551,0.4933,18536,0.011114,0.4157,18536
12:2670920:A:G,DBP,-0.0095140,0.008417,425740,-0.0088800,0.01169,425743,-0.016857,0.07415,318398,0.0029200,0.2800,472174,0.013100,0.4536,52313,0.0066950,0.7157,11276,-0.0065654,0.6562,18536,-0.0079287,0.5909,18536
3:170734645:T:TC,DBP,-0.00059390,0.8498,425740,0.012400,0.00005039,425743,0.022450,0.0006226,318398,-0.00081927,0.7300,472174,,,,,,,,,,,,
3:121616610:C:T,DBP,0.0088890,0.0004677,425740,0.0031310,0.2064,425743,0.010859,0.02565,318398,-0.0011777,0.5600,472174,0.0076000,0.5769,52313,0.010789,0.4457,11277,0.015345,0.1430,18536,0.0018333,0.8611,18536
15:101915077:G:C,DBP,0.0089560,0.003179,425740,0.0076440,0.009844,425743,0.012174,0.1329,318398,-0.0038166,0.07700,472174,0.037100,0.01570,52313,-0.014769,0.4106,11277,0.014371,0.3176,18536,0.0013661,0.9243,18536
5:156842953:T:A,DBP,-0.0029970,0.2701,425740,-0.010890,0.00003961,425743,0.0056157,0.4402,318398,-0.0012999,0.5200,472174,,,,,,,,,,,,
8:26086913:C:T,DBP,0.0015340,0.5638,425740,0.0055170,0.03326,425743,0.012883,0.02385,318398,0.0036882,0.06600,472174,-0.012500,0.3639,52313,0.0012650,0.9305,11277,0.035724,0.001194,18536,0.037589,0.0006507,18536
16:82817251:G:A,DBP,-0.0022060,0.3905,425740,-0.0063310,0.01154,425743,-0.013903,0.007099,318398,-0.0032450,0.1100,472174,0.0012000,0.9300,52313,0.030245,0.01971,11277,-0.023343,0.02667,18536,-0.022621,0.03173,18536
4:119409830:A:G,DBP,0.0061110,0.01818,425740,0.0094590,0.0001777,425743,0.010050,0.1431,318398,0.0027070,0.1800,472174,0.0094000,0.4864,52313,,,,,,,,,
9:101659529:A:C,DBP,0.0055750,0.03519,425740,0.0091260,0.0004075,425743,0.013187,0.06099,318398,-0.0023182,0.2700,472174,0.0083000,0.5681,52313,0.016114,0.2508,11276,0.0015777,0.8815,18536,0.010774,0.3087,18536
16:1976170:T:C,SBP,0.0086990,0.002043,425740,0.0032590,0.2362,425743,0.013389,0.01886,318398,0.0013891,0.5200,472174,0.016300,0.2339,52313,0.011592,0.4195,11277,0.0066786,0.5886,18536,0.0038389,0.7558,18536
21:43530671:T:C,SBP/DBP,-0.020910,1.410e-9,425740,-0.015330,0.000005345,425743,-0.039221,1.069e-8,318398,-0.00075705,0.7800,472174,-0.019100,0.2730,52313,-0.0022110,0.8842,11276,-0.027037,0.02022,18536,-0.015574,0.1810,18536
2:221159923:C:G,SBP,0.012430,0.000001808,425740,0.0088380,0.0005032,425743,0.0015011,0.8311,318398,0.0016785,0.4200,472174,0.0010000,0.9399,52313,-0.018109,0.1636,11277,-0.0025512,0.7990,18536,0.0036587,0.7149,18536
14:93086918:A:G,SBP,-0.0079770,0.01966,425740,-0.0049510,0.1377,425743,-0.017840,0.009603,318398,0.0021977,0.4000,472174,-0.015900,0.4230,52313,-0.026051,0.1758,11277,0.027440,0.06253,18536,0.0093027,0.5277,18536
9:19333453:G:A,SBP,0.0094060,0.0002934,425740,-0.0021190,0.4030,425743,-0.0029955,0.6337,318398,0.00064802,0.7500,472174,0.027000,0.04680,52313,0.0054460,0.6842,11277,0.015759,0.2233,18536,0.0070378,0.5865,18536
8:617341:G:A,SBP,-0.0054970,0.05833,425740,-0.0023660,0.4034,425743,-0.010940,0.1662,318398,-0.0027390,0.2500,472174,-0.0022000,0.8891,52313,-0.010781,0.4491,11277,-0.0019833,0.8593,18536,-0.0068315,0.5416,18536
16:24560993:A:G,SBP,0.013410,0.00004208,425740,-0.0028900,0.3656,425743,0.011465,0.1879,318398,0.00081501,0.7300,472174,0.0087000,0.5855,52313,0.024239,0.2613,11277,-0.015833,0.5215,18536,-0.026449,0.2842,18536
2:153473435:G:A,SBP,-0.0088150,0.001141,425740,0.0041350,0.1176,425743,-0.011929,0.1077,318398,0.0068687,0.001200,472174,-0.032900,0.03886,52313,0.0040030,0.7561,11277,-0.0042007,0.7256,18536,-0.0016253,0.8920,18536
1:92971951:T:C,DBP,-0.0035610,0.2774,425740,-0.0083450,0.009058,425743,-0.014889,0.01024,318398,-0.0085654,0.0006500,472174,-0.020100,0.2167,52313,-0.040616,0.1958,11277,-0.021348,0.3901,18536,-0.043262,0.08158,18536
2:242668154:C:T,DBP,-0.010640,0.01656,425740,-0.026380,1.140e-9,425743,-0.022739,0.005740,318398,-0.0014712,0.6600,472174,-0.040900,0.07428,52313,0.020023,0.3073,11276,0.024406,0.1914,18536,0.018925,0.3111,18536
18:72688863:AT:A,DBP,0.011540,0.002450,425740,0.020390,4.044e-8,425743,0.029841,0.00006348,318398,,,,0.017600,0.4933,52313,-0.0014150,0.9428,11277,,,,,,
5:176891917:T:A,DBP,0.017210,0.006919,425740,0.032470,1.736e-7,425743,0.027885,0.09908,318398,-0.00075777,0.8700,472174,,,,0.011292,0.6412,11267,,,,,,
3:141587468:TG:T,DBP,-0.0028770,0.5863,425740,0.028340,3.925e-8,425743,-0.00099950,0.9660,318398,,,,-0.016700,0.5790,52313,0.049843,0.3129,11275,,,,,,
15:26105761:A:G,DBP,0.00033690,0.8938,425740,0.00079440,0.7469,425743,-0.011929,0.07822,318398,0.0025570,0.2100,472174,-0.035800,0.01197,52313,0.0072670,0.5776,11277,-0.0082664,0.4120,18536,-0.0060165,0.5505,18536
1:221672461:TC:T,DBP,0.0052690,0.06254,425740,0.015170,3.851e-8,425743,-0.0019980,0.7763,318398,,,,0.010200,0.4647,52313,0.015204,0.3086,11275,,,,,,
11:22318777:A:G,DBP,0.00026930,0.9184,425740,0.0042890,0.09440,425743,0.013288,0.01060,318398,0.0020984,0.3100,472174,0.0052000,0.7174,52313,-0.0027250,0.8403,11277,0.00046155,0.9656,18536,-0.0033640,0.7536,18536
3:20112416:A:G,DBP,-0.019860,5.341e-14,425740,-0.0095320,0.0002142,425743,-0.035367,8.237e-12,318398,-0.0018602,0.3600,472174,-0.039300,0.004444,52313,-0.0041780,0.7480,11271,-0.015257,0.1222,18536,-0.013772,0.1630,18536
4:55353358:G:T,DBP,0.0016020,0.5362,425740,0.0063180,0.01237,425743,-0.0029955,0.7008,318398,0.0017240,0.4000,472174,0.0063000,0.6510,52313,0.0076180,0.5961,11273,,,,,,
5:148600693:G:A,DBP,-0.010320,0.05738,425740,-0.010740,0.04265,425743,-0.034401,0.002280,318398,0.00056330,0.8900,472174,-0.021100,0.3550,52313,-0.014277,0.5975,11277,-0.041942,0.1545,18536,-0.040837,0.1656,18536
2:242668070:T:G,DBP,-0.010330,0.01967,425740,-0.026370,1.013e-9,425743,-0.023717,0.002754,318398,-0.0013678,0.6800,472174,-0.042000,0.06661,52313,0.020410,0.2975,11277,0.024464,0.1898,18536,0.018911,0.3108,18536
3:64613564:G:C,DBP,-0.012480,0.0004119,425740,-0.0059790,0.08281,425743,-0.017840,0.009019,318398,-0.00085682,0.7500,472174,0.0089000,0.6759,52313,-0.010945,0.4195,11277,-0.031299,0.002909,18536,-0.020644,0.04957,18536
8:76264479:G:T,DBP,-0.00043820,0.8774,425740,0.0096620,0.0004881,425743,-0.0049875,0.5336,318398,0.00020120,0.9200,472174,0.019500,0.1685,52313,-0.019894,0.1669,11275,0.020372,0.1964,18536,0.0086860,0.5818,18536
4:17756174:C:CAG,DBP,,,,,,,,,,-0.0010977,0.6100,472174,,,,,,,,,,,,
9:95964564:G:A,DBP,0.011450,0.00001224,425740,0.0037600,0.1411,425743,0.017960,0.0002835,318398,-0.0010533,0.6100,472174,0.014000,0.3169,52313,-0.016559,0.2072,11277,-0.0057445,0.5922,18536,-0.0071334,0.5059,18536
13:62681836:CT:C,DBP,,,,,,,,,,0.00085635,0.6700,472174,,,,,,,,,,,,
12:6873818:G:A,DBP,0.014840,0.001012,425740,0.0094400,0.03198,425743,0.032110,0.0007669,318398,-0.010507,0.003700,472174,,,,,,,,,,,,
11:36202797:A:T,DBP,-0.019100,5.645e-7,425740,-0.019800,1.049e-7,425743,-0.021761,0.004180,318398,0.00050960,0.8600,472174,,,,,,,,,,,,
13:62682292:TA:T,DBP,,,,,,,,,,0.00080265,0.6900,472174,,,,,,,,,,,,
11:8616394:G:A,DBP,-0.0061150,0.2234,425740,-0.016170,0.0009626,425743,0.0017014,0.8971,318398,-0.0028097,0.4800,472174,0.022000,0.3870,52313,-0.026895,0.2796,11277,-0.015494,0.4694,18536,-0.0021283,0.9208,18536
1:242011244:A:G,DBP,0.0099560,0.00009959,425740,0.0091460,0.0002472,425743,0.0055152,0.4197,318398,0.000014070,0.9900,472174,0.00080000,0.9531,52313,-0.011520,0.3817,11277,0.027685,0.01381,18536,0.018189,0.1058,18536
2:176196474:A:T,DBP,0.015390,0.0008474,425740,0.022270,7.379e-7,425743,0.041968,0.00001078,318398,-0.00013996,0.9700,472174,,,,,,,,,,,,
16:85335951:G:T,DBP,-0.0048870,0.07030,425740,-0.0026820,0.3085,425743,-0.016857,0.002294,318398,-0.0017835,0.4100,472174,-0.0051000,0.7156,52313,0.00086400,0.9479,11276,-0.010369,0.2956,18536,-0.0031158,0.7533,18536
7:22809909:A:G,DBP,-0.011450,0.06483,425740,0.038710,1.574e-10,425743,-0.027615,0.09853,318398,-0.0011503,0.8000,472174,-0.043400,0.2602,52313,-0.014008,0.3626,11277,-0.0048957,0.6372,18536,-0.0095796,0.3561,18536
12:84265826:T:C,DBP,0.011920,0.000004810,425740,0.010670,0.00002713,425743,0.032523,3.070e-10,318398,-0.0055235,0.006100,472174,0.0052000,0.7042,52313,0.00092000,0.9448,11277,,,,,,
18:42948994:T:G,DBP,-0.017710,3.502e-10,425740,-0.010650,0.0001086,425743,-0.031499,1.734e-9,318398,-0.0010568,0.6300,472174,-0.013900,0.3686,52313,0.0063350,0.6404,11277,0.0051955,0.6104,18536,-0.0035168,0.7302,18536
17:74127410:T:C,DBP,-0.0048610,0.2000,425740,-0.012710,0.0005914,425743,-0.019803,0.004127,318398,0.0060654,0.02300,472174,-0.0036000,0.8562,52313,-0.0072580,0.7996,11277,,,,,,
17:45930539:G:T,DBP,0.025020,3.932e-13,425740,0.0071100,0.03443,425743,0.025523,0.00007585,318398,-0.0037474,0.1700,472174,0.026100,0.1901,52313,-0.014879,0.3698,11277,-0.016047,0.2081,18536,-0.031582,0.01323,18536
6:144056863:C:T,DBP,0.0029970,0.2971,425740,0.0051690,0.06519,425743,0.017553,0.002029,318398,0.0052224,0.02300,472174,0.030400,0.04942,52313,-0.026494,0.05056,11277,-0.011452,0.4534,18536,-0.0086677,0.5704,18536
2:242658285:T:G,DBP,-0.0084140,0.04359,425740,-0.022750,2.216e-8,425743,-0.017840,0.02158,318398,0.00067758,0.8300,472174,-0.033000,0.1377,52313,0.018212,0.3406,11276,0.025148,0.1607,18536,0.019103,0.2866,18536
3:36502154:C:T,DBP,-0.010950,0.006092,425740,-0.016180,0.00003263,425743,-0.012916,0.04257,318398,0.00050090,0.8700,472174,-0.00070000,0.9720,52313,0.0097450,0.7336,11277,0.0031962,0.8975,18536,-0.012543,0.6132,18536
1:238364867:C:G,DBP,0.011560,0.000005391,425740,0.013390,6.740e-8,425743,0.0054146,0.4256,318398,-0.0020429,0.3100,472174,-0.022100,0.1067,52313,-0.013226,0.3697,11277,,,,,,
15:66826037:G:A,DBP,0.0037530,0.2100,425740,0.0051970,0.07511,425743,0.0021022,0.7924,318398,0.00048255,0.8400,472174,0.021600,0.1679,52313,0.0052240,0.7194,11273,0.011929,0.2960,18536,0.0030360,0.7903,18536
16:89819243:A:G,DBP,0.0018010,0.5771,425740,0.014240,0.000006230,425743,0.0067225,0.4349,318398,0.0019668,0.4400,472174,0.0016000,0.9210,52313,0.031646,0.04498,11276,-0.010218,0.4578,18536,0.014970,0.2767,18536
14:53989447:G:A,DBP,0.0012560,0.6309,425740,-0.0044750,0.07918,425743,0.0027037,0.7019,318398,-0.000037720,0.9900,472174,0.015800,0.2482,52313,-0.0030730,0.8134,11277,0.0090358,0.3876,18536,-0.0062391,0.5508,18536
5:171749429:C:T,DBP,-0.012790,0.002392,425740,-0.022750,3.031e-8,425743,-0.011929,0.2989,318398,,,,,,,,,,,,,,,
16:10592502:T:A,DBP,0.0026700,0.5580,425740,-0.021470,0.000001363,425743,0.0087381,0.4737,318398,-0.0095521,0.007200,472174,,,,,,,,,,,,
5:37397221:A:G,DBP,0.0077040,0.004578,425740,0.0082680,0.001809,425743,0.011668,0.1058,318398,0.0019348,0.3700,472174,-0.0084000,0.5698,52313,-0.00093300,0.9448,11274,-0.000058348,0.9962,18536,0.0011052,0.9277,18536
13:42725497:A:G,DBP,0.0010410,0.6909,425740,0.0042160,0.09872,425743,0.0064206,0.3538,318398,-0.0011592,0.5700,472174,0.017000,0.2173,52313,-0.0025540,0.8412,11276,0.018409,0.06766,18536,0.025711,0.01071,18536
12:89713470:A:G,SBP,0.013750,0.000001193,425740,0.0059580,0.03101,425743,0.015012,0.01623,318398,-0.0031826,0.1500,472174,0.014600,0.3555,52313,-0.051369,0.0003991,11277,0.017008,0.1452,18536,0.018309,0.1169,18536
18:46292456:T:A,SBP,-0.0098910,0.0002136,425740,-0.0011250,0.6661,425743,-0.0099503,0.1681,318398,0.0032123,0.1200,472174,0.012000,0.3828,52313,0.015159,0.2482,11203,,,,,,
12:96830278:C:T,SBP,0.0072550,0.01869,425740,0.010380,0.0005618,425743,0.014505,0.07715,318398,-0.0028846,0.2200,472174,0.019500,0.3566,52313,0.028091,0.09538,11277,0.015985,0.2352,18536,0.0017678,0.8956,18536
20:62322699:A:G,SBP,0.0051170,0.09389,425740,0.0057630,0.05306,425743,0.018673,0.001270,318398,-0.027883,1.300e-31,472174,-0.0017000,0.9192,52313,0.0043470,0.7658,11277,0.0050057,0.6551,18536,0.0039406,0.7251,18536
2:225391296:C:A,SBP,0.011830,0.00002045,425740,-0.00012370,0.9636,425743,0.0038072,0.6072,318398,-0.0058941,0.006300,472174,,,,-0.025735,0.07691,11204,,,,,,
15:66662696:C:T,SBP,-0.010100,0.008499,425740,-0.000080070,0.9829,425743,-0.013903,0.03205,318398,0.0042701,0.1300,472174,0.0057000,0.7635,52313,0.0055860,0.8160,11277,-0.014281,0.4586,18536,-0.010847,0.5735,18536
5:91859029:T:C,SBP/DBP,-0.016960,0.005985,425740,-0.028320,0.000002519,425743,-0.026642,0.1050,318398,0.00053125,0.9000,472174,-0.058200,0.1324,52313,-0.021008,0.2450,11277,0.0086566,0.5219,18536,-0.0040764,0.7630,18536
6:160383264:A:AC,SBP,0.012700,0.00003039,425740,0.0067800,0.02249,425743,0.0014010,0.8644,318398,0.0010710,0.6500,472174,0.0041000,0.7729,52313,0.0086340,0.5889,11277,,,,,,
2:193802453:T:G,SBP,0.011220,0.00001038,425740,0.0039040,0.1156,425743,0.018775,0.0003769,318398,-0.0020659,0.3000,472174,0.011900,0.3768,52313,0.0031650,0.8105,11277,0.010974,0.2953,18536,0.0029891,0.7756,18536
12:79659040:G:T,DBP,0.010050,0.0001649,425740,0.00029900,0.9085,425743,0.0093435,0.04383,318398,-0.0023589,0.2500,472174,0.027800,0.04265,52313,-0.028537,0.03896,11277,0.0052453,0.6852,18536,0.0031564,0.8073,18536
9:127867256:T:A,DBP,0.026300,1.212e-12,425740,-0.020040,2.846e-8,425743,0.036975,0.000001147,318398,,,,,,,-0.026411,0.1072,11271,,,,,,
20:50981999:G:T,DBP,0.016320,9.993e-10,425740,0.0096240,0.0002203,425743,0.036249,1.041e-11,318398,-0.0017736,0.3900,472174,0.037100,0.01189,52313,0.0011020,0.9380,11277,0.0095283,0.4554,18536,0.00015237,0.9905,18536
4:89575499:TCATATATATATATATATATATATATA:T,DBP,0.0062860,0.05432,425740,0.017700,2.791e-8,425743,0.018470,0.003786,318398,,,,,,,,,,,,,,,
8:106749261:A:C,DBP,0.010900,0.0005955,425740,0.013490,0.00001306,425743,0.015418,0.06801,318398,-0.0011039,0.6600,472174,-0.016700,0.3899,52313,0.00011000,0.9955,11277,-0.0038258,0.8157,18536,-0.0052811,0.7477,18536
1:204449434:A:G,DBP,0.0012360,0.6315,425740,0.015930,2.284e-10,425743,0.0095454,0.1644,318398,-0.00070485,0.7200,472174,0.0076000,0.5797,52313,0.0012320,0.9231,11277,0.0026192,0.8175,18536,0.0056848,0.6165,18536
11:96151677:C:G,DBP,-0.0096090,0.005201,425740,-0.0023500,0.4835,425743,-0.012916,0.1593,318398,-0.0032107,0.2200,472174,-0.017700,0.3789,52313,-0.019242,0.2487,11277,0.0023470,0.8768,18536,-0.0083987,0.5791,18536
6:32604198:G:A,DBP,0.021490,0.07306,425740,-0.0058470,0.6172,425743,0.021019,0.5091,318398,-0.036060,1.100e-11,472174,-0.012800,0.7013,52313,,,,0.093561,0.1046,18536,0.14557,0.01156,18536
9:113551901:A:C,DBP,0.0016360,0.6380,425740,0.011240,0.0009165,425743,0.018266,0.004685,318398,0.00086101,0.7400,472174,-0.030500,0.1423,52313,0.0021200,0.9002,11277,0.015674,0.2749,18536,0.0035791,0.8031,18536
2:18709543:T:A,DBP,0.0025320,0.3309,425740,0.010510,0.00003521,425743,0.021121,0.0001387,318398,-0.0018310,0.3700,472174,0.0017000,0.9041,52313,-0.0097670,0.4689,11277,-0.0050393,0.6577,18536,0.0052754,0.6428,18536
16:64412263:A:G,SBP,-0.011430,0.00001869,425740,-0.0081920,0.001666,425743,-0.017840,0.0002486,318398,-0.0018415,0.3700,472174,0.0056000,0.6915,52313,-0.0010080,0.9389,11277,0.0040938,0.7139,18536,0.0050113,0.6535,18536
15:60916622:G:T,SBP,0.011110,0.00002007,425740,0.012720,5.575e-7,425743,0.017451,0.0005584,318398,-0.00099650,0.6200,472174,,,,-0.0069790,0.5948,11271,,,,,,
3:176852755:C:G,SBP,0.011270,0.0005291,425740,0.0074830,0.01832,425743,0.015723,0.06803,318398,-0.0042940,0.07500,472174,,,,,,,,,,,,
4:18037231:C:T,SBP,0.015800,6.920e-8,425740,0.0020520,0.4727,425743,0.024908,0.00004103,318398,-0.0044761,0.03900,472174,-0.0050000,0.7262,52313,0.0020650,0.9054,11277,-0.015196,0.3166,18536,-0.0051002,0.7368,18536
20:10485093:G:T,SBP,0.013800,1.429e-7,425740,-0.031040,7.116e-34,425743,0.0028039,0.6853,318398,0.00092340,0.6500,472174,-0.010100,0.4547,52313,0.011267,0.4295,11276,0.0093673,0.4645,18536,-0.010581,0.4086,18536
11:74725865:T:C,SBP,-0.0096150,0.003078,425740,-0.0091020,0.004068,425743,-0.0029955,0.6948,318398,-0.0020421,0.4200,472174,-0.015900,0.3528,52313,-0.013521,0.3050,11277,0.017451,0.09412,18536,0.015852,0.1284,18536
9:224367:G:C,SBP,0.0021010,0.4361,425740,-0.0029010,0.2703,425743,-0.012916,0.006634,318398,0.0071113,0.0004400,472174,-0.0041000,0.7626,52313,0.0028710,0.8272,11277,-0.0084927,0.4100,18536,0.00038892,0.9699,18536
2:239054724:C:T,SBP,0.012950,0.000009100,425740,0.0071280,0.01230,425743,0.018470,0.0004458,318398,-0.000067790,0.9800,472174,0.0067000,0.6661,52313,-0.010270,0.5479,11277,-0.0055766,0.7568,18536,-0.0081368,0.6514,18536
13:40818466:G:A,SBP,0.015770,0.000003486,425740,0.0035270,0.2872,425743,-0.0089597,0.3065,318398,0.000024680,0.9900,472174,,,,,,,,,,,,
18:53498114:A:T,SBP,-0.0010380,0.7501,425740,-0.0048400,0.1278,425743,-0.020783,0.0008882,318398,-0.0027204,0.2900,472174,0.0083000,0.5898,52313,0.012076,0.4397,11277,-0.022663,0.1244,18536,-0.016718,0.2570,18536
16:86381519:C:G,SBP,0.010650,0.00009541,425740,0.0083590,0.001690,425743,0.013288,0.004715,318398,0.00099881,0.6300,472174,-0.0058000,0.6726,52313,0.018368,0.1865,11277,-0.010175,0.3696,18536,-0.0027172,0.8107,18536
16:62050665:T:A,SBP,-0.0099140,0.0001240,425740,-0.0053280,0.03446,425743,0.00090041,0.8975,318398,-0.0028612,0.1600,472174,-0.0053000,0.6941,52313,0.0021860,0.8706,11277,,,,,,
12:78784772:G:A,SBP,0.0058930,0.03095,425740,0.0069300,0.009288,425743,0.012781,0.07909,318398,-0.0023614,0.2600,472174,0.017500,0.2081,52313,-0.0014750,0.9208,11277,0.010545,0.3643,18536,-0.0094923,0.4142,18536
12:70371985:G:A,SBP,-0.0064950,0.01061,425740,-0.012910,1.916e-7,425743,-0.010940,0.01367,318398,-0.00050011,0.8000,472174,-0.027300,0.04292,52313,0.0029400,0.8231,11277,0.0046887,0.6407,18536,0.022174,0.02729,18536
7:106276845:A:G,SBP,0.016880,0.000001816,425740,0.00053770,0.8761,425743,0.0015011,0.8771,318398,0.0056821,0.03800,472174,,,,,,,,,,,,
3:167287446:C:A,SBP,0.0085980,0.002640,425740,0.0099140,0.0003783,425743,0.010657,0.02689,318398,-0.0042878,0.05700,472174,0.026200,0.07812,52313,-0.012356,0.4302,11270,0.012888,0.2727,18536,0.016739,0.1543,18536
2:31525400:C:A,SBP,-0.020860,0.000006272,425740,-0.0023870,0.5961,425743,-0.0049875,0.6608,318398,-0.0090762,0.01700,472174,-0.064800,0.005856,52313,0.014829,0.6120,11277,-0.0086120,0.7815,18536,0.025901,0.4042,18536
2:242283071:C:T,SBP,0.011470,0.0001943,425740,-0.0013550,0.6518,425743,0.015723,0.05462,318398,-0.00016831,0.9400,472174,-0.016500,0.2972,52313,-0.011472,0.4099,11277,-0.00088289,0.9372,18536,0.012307,0.2725,18536
11:114093055:C:T,SBP,0.0076400,0.09353,425740,-0.0012040,0.7864,425743,0.023576,0.05178,318398,-0.0046297,0.2000,472174,0.021400,0.4083,52313,-0.018352,0.4718,11277,0.010513,0.6167,18536,-0.011463,0.5852,18536
8:10279035:A:G,SBP,-0.0037480,0.1780,425740,0.0048630,0.07314,425743,0.0063199,0.3902,318398,-0.00071592,0.7300,472174,-0.024600,0.07279,52313,-0.0012500,0.9220,11277,-0.010225,0.3132,18536,0.0030188,0.7659,18536
10:109249505:A:G,DBP,-0.0045970,0.07524,425740,-0.0050800,0.04387,425743,-0.0069756,0.2887,318398,0.00094533,0.6400,472174,-0.016800,0.2231,52313,0.010911,0.4525,11277,-0.014918,0.2237,18536,-0.0014360,0.9068,18536
20:49105070:C:T,DBP,-0.00036350,0.8966,425740,0.011250,0.00003733,425743,-0.0029955,0.7177,318398,-0.0034969,0.1100,472174,-0.0021000,0.8818,52313,0.012570,0.4269,11277,0.00085444,0.9462,18536,-0.0044471,0.7253,18536
20:11263690:AT:A,DBP,0.0059800,0.03788,425740,0.015650,2.547e-8,425743,0.014302,0.03175,318398,,,,-0.015400,0.2586,52313,-0.0023310,0.8670,11276,,,,,,
5:153887991:G:T,DBP,0.0037240,0.1899,425740,-0.0025110,0.3648,425743,-0.0029955,0.7163,318398,-0.0010496,0.6500,472174,-0.0082000,0.6111,52313,-0.011652,0.5597,11277,0.040155,0.03704,18536,0.036858,0.05561,18536
1:26996179:G:A,DBP,0.0035140,0.2872,425740,-0.020950,7.703e-11,425743,-0.0089597,0.2877,318398,-0.0050141,0.05300,472174,,,,-0.0084460,0.5731,11257,,,,,,
2:69536902:A:C,DBP,-0.0087570,0.0006606,425740,-0.0067210,0.007366,425743,-0.016857,0.0001279,318398,0.0016759,0.4100,472174,0.0021000,0.8796,52313,0.0078330,0.5679,11277,-0.0026190,0.8120,18536,-0.016798,0.1272,18536
17:80382929:A:G,DBP,-0.0067810,0.01789,425740,-0.012290,0.00001081,425743,-0.00099950,0.9061,318398,0.0047055,0.02800,472174,,,,,,,,,,,,
14:62287224:T:G,DBP,-0.018590,0.000001324,425740,-0.018120,0.000001352,425743,-0.019803,0.009488,318398,0.0034940,0.2500,472174,,,,,,,,,,,,
11:108245326:C:T,DBP,-0.019880,4.714e-8,425740,-0.017380,9.862e-7,425743,-0.019803,0.001709,318398,0.0011016,0.7000,472174,-0.012700,0.4264,52313,-0.034869,0.1404,11277,,,,,,
7:138705803:G:A,DBP,0.0057060,0.02507,425740,0.010870,0.00001209,425743,0.0079314,0.2394,318398,-0.0011186,0.5800,472174,,,,0.0098140,0.4570,11246,-0.0024246,0.8153,18536,0.0059379,0.5672,18536
17:7888100:C:T,SBP,0.019680,0.00004657,425740,0.00072500,0.8778,425743,0.023678,0.06602,318398,0.0029785,0.3800,472174,-0.027400,0.1639,52313,0.0036980,0.8298,11277,-0.016417,0.2087,18536,-0.014149,0.2786,18536
8:124780824:C:A,SBP/DBP,-0.016360,1.388e-8,425740,-0.012320,0.00001176,425743,-0.015873,0.005027,318398,0.00069649,0.7500,472174,-0.017400,0.2349,52313,0.014708,0.3005,11277,-0.018226,0.1117,18536,-0.028550,0.01272,18536
1:11791168:A:G,SBP,-0.013180,0.000001218,425740,-0.0052840,0.04606,425743,-0.012916,0.07890,318398,-0.0031049,0.1400,472174,-0.033100,0.03123,52313,0.0087780,0.5079,11277,-0.012474,0.3091,18536,-0.027769,0.02356,18536
10:63811678:T:C,SBP,0.0016600,0.5091,425740,0.0065670,0.007423,425743,-0.00099950,0.8487,318398,-0.00074298,0.7100,472174,,,,,,,,,,,,
17:30059363:G:A,SBP,0.015540,5.312e-7,425740,0.00024350,0.9358,425743,0.015926,0.009029,318398,-0.00080802,0.7400,472174,0.020400,0.1849,52313,-0.026699,0.2155,11277,0.020227,0.2703,18536,0.012949,0.4804,18536
7:623015:CAT:C,SBP,0.015000,2.435e-8,425740,-0.0031920,0.2237,425743,-0.011929,0.1007,318398,,,,,,,,,,,,,,,
11:131468913:C:T,SBP,0.0091370,0.0004343,425740,-0.0020970,0.4078,425743,0.010556,0.1257,318398,-0.0032311,0.1100,472174,0.0059000,0.6637,52313,-0.0051870,0.6928,11275,-0.0044781,0.6557,18536,0.0014041,0.8888,18536
11:76485358:A:G,SBP,-0.0072030,0.02549,425740,0.0089150,0.004583,425743,-0.014889,0.04023,318398,0.0016592,0.5000,472174,-0.037500,0.02352,52313,-0.017776,0.2829,11277,-0.016001,0.2274,18536,-0.029388,0.02663,18536
4:16397381:T:C,SBP,0.0046800,0.06620,425740,0.0066740,0.007234,425743,-0.010940,0.1181,318398,0.0032082,0.1100,472174,-0.0016000,0.9075,52313,0.015279,0.2443,11277,0.0069228,0.4878,18536,0.019462,0.05113,18536
5:56150960:CTCCTTTCTTCTCT:C,SBP,0.023970,2.350e-8,425740,0.011400,0.006456,425743,0.019387,0.08818,318398,,,,,,,,,,,,,,,
16:55728406:G:A,DBP,0.0021970,0.3982,425740,0.0057770,0.02275,425743,0.012579,0.06799,318398,-0.0034498,0.09600,472174,0.0039000,0.7818,52313,-0.00087200,0.9550,11277,0.00095526,0.9369,18536,-0.0084613,0.4829,18536
11:6216656:G:A,DBP,-0.0068160,0.02919,425740,-0.0072700,0.01708,425743,-0.022739,0.0004197,318398,-0.0010828,0.6500,472174,-0.0042000,0.7916,52313,-0.0099290,0.5795,11277,-0.026676,0.1008,18536,-0.031536,0.05241,18536
2:176996023:C:T,DBP,-0.00033810,0.9005,425740,-0.0094390,0.0003471,425743,0.0036065,0.6159,318398,-0.0013542,0.5300,472174,,,,,,,,,,,,
13:98569433:A:T,DBP,0.010260,0.003957,425740,0.017550,4.364e-7,425743,-0.0059821,0.4957,318398,0.00090027,0.7200,472174,,,,,,,,,,,,
2:174141956:G:A,DBP,0.0082980,0.04679,425740,0.010990,0.006950,425743,0.015215,0.1705,318398,-0.0020690,0.4900,472174,0.013000,0.4546,52313,0.0019470,0.9002,11277,0.016702,0.3744,18536,0.020435,0.2771,18536
10:62104776:T:C,DBP,0.0025980,0.3026,425740,-0.0067650,0.005927,425743,-0.0019980,0.7721,318398,0.0068529,0.0006200,472174,-0.0092000,0.5016,52313,0.012551,0.3422,11277,-0.011959,0.2553,18536,-0.015811,0.1326,18536
8:87157578:A:G,DBP,0.0012470,0.7504,425740,-0.021410,2.165e-8,425743,-0.0079682,0.4385,318398,,,,,,,,,,,,,,,
12:70597450:T:C,DBP,-0.0093120,0.001297,425740,-0.012570,0.000008508,425743,-0.0069756,0.3901,318398,-0.00067797,0.7500,472174,,,,,,,,,,,,
10:123216849:C:G,DBP,0.0027650,0.3626,425740,0.0054570,0.06540,425743,0.0090407,0.2626,318398,0.000040720,0.9900,472174,0.0050000,0.7718,52313,-0.022481,0.1128,11277,-0.0094900,0.3973,18536,0.0020649,0.8539,18536
17:42164584:A:G,DBP,-0.0052930,0.07781,425740,0.0089990,0.002112,425743,0.0055152,0.4887,318398,0.0015420,0.5000,472174,0.0090000,0.5757,52313,0.016102,0.3955,11277,0.018087,0.2637,18536,-0.00078674,0.9612,18536
10:115831756:C:G,SBP/DBP,0.0081170,0.006621,425740,0.015680,7.489e-8,425743,0.014302,0.07107,318398,0.0038654,0.09200,472174,0.065500,0.00003673,52313,-0.0016180,0.9096,11277,-0.012096,0.4297,18536,-0.013229,0.3877,18536
2:59064459:C:G,SBP,0.0057650,0.05382,425740,0.0035110,0.2285,425743,0.0074275,0.3503,318398,0.0036691,0.1100,472174,0.013400,0.3837,52313,-0.0092410,0.5078,11277,0.018232,0.1031,18536,0.027875,0.01270,18536
3:101162270:G:A,SBP/DBP,0.012370,0.000002112,425740,0.025090,6.152e-23,425743,0.023064,0.000001822,318398,-0.0091915,0.000006800,472174,0.032800,0.01570,52313,,,,,,,,,
6:5268496:A:C,SBP,-0.014770,0.000001201,425740,-0.0084910,0.004212,425743,-0.0079682,0.3322,318398,0.0020456,0.3800,472174,,,,,,,,,,,,
2:242339656:A:G,SBP,0.019570,6.630e-9,425740,0.0029340,0.3726,425743,0.021530,0.001176,318398,0.0025125,0.3400,472174,0.0018000,0.9243,52313,-0.0047270,0.7681,11270,0.0039636,0.7687,18536,-0.0074725,0.5794,18536
6:133918817:G:A,SBP,-0.019750,0.001582,425740,-0.025360,0.00003207,425743,-0.022739,0.04717,318398,0.0012025,0.8000,472174,-0.020200,0.3544,52313,0.023615,0.4308,11277,-0.00085187,0.9784,18536,0.0047419,0.8804,18536
9:83834032:A:G,SBP,0.015220,2.436e-8,425740,0.0019020,0.4748,425743,0.0057163,0.4333,318398,0.0032681,0.1200,472174,-0.0081000,0.5823,52313,0.012059,0.4488,11277,,,,,,
8:6484510:A:C,SBP,0.012210,0.00002757,425740,-0.0047960,0.09122,425743,0.0033055,0.6737,318398,-0.00024380,0.9100,472174,,,,,,,0.0097600,0.4152,18536,0.012867,0.2828,18536
1:2224836:G:A,SBP,-0.011690,0.00001452,425740,0.0044120,0.09353,425743,-0.018822,0.001849,318398,0.0027528,0.1900,472174,0.0051000,0.7114,52313,-0.0098270,0.4812,11277,-0.0098103,0.3675,18536,-0.014976,0.1689,18536
1:243385307:A:G,SBP,0.00033410,0.8989,425740,0.032810,1.814e-37,425743,0.029429,2.301e-8,318398,-0.0018586,0.3700,472174,-0.011200,0.4223,52313,0.014470,0.2606,11277,-0.013142,0.2373,18536,0.00012034,0.9914,18536
7:6608798:AC:A,SBP,-0.014150,2.620e-8,425740,-0.010980,0.000009615,425743,-0.012916,0.01059,318398,,,,-0.0027000,0.8470,52313,-0.00083000,0.9623,11277,,,,,,
5:66178094:A:G,SBP,-0.012450,0.000001428,425740,-0.00031290,0.9011,425743,-0.019803,0.0001607,318398,0.0030748,0.1300,472174,-0.021700,0.1097,52313,-0.0079590,0.5503,11277,0.0039757,0.6990,18536,-0.0045815,0.6559,18536
8:23492247:C:T,DBP,-0.017780,0.00001139,425740,-0.018280,0.000003729,425743,-0.026642,0.0001262,318398,-0.00059087,0.8500,472174,-0.035500,0.2266,52313,-0.013673,0.6545,11274,,,,,,
6:86735382:T:G,DBP,0.0097000,0.004379,425740,0.0093100,0.005046,425743,0.018673,0.007787,318398,-0.00040428,0.8700,472174,,,,,,,,,,,,
15:95814267:G:A,DBP,0.00045070,0.8868,425740,0.014590,0.000002316,425743,0.022655,0.002146,318398,-0.0026225,0.2900,472174,0.018500,0.2993,52313,-0.010617,0.5370,11277,0.016839,0.2782,18536,0.013228,0.3943,18536
2:73852019:A:G,DBP,0.010470,0.04876,425740,0.023490,0.000005860,425743,0.029532,0.008996,318398,-0.0083640,0.02400,472174,,,,,,,,,,,,
3:107820619:G:A,DBP,-0.0079730,0.002539,425740,-0.010340,0.00005950,425743,-0.0059821,0.4167,318398,-0.0023840,0.2400,472174,0.043700,0.001265,52313,-0.013707,0.3337,11277,-0.0030054,0.7928,18536,-0.020061,0.07956,18536
8:92616140:G:A,DBP,-0.0031820,0.2279,425740,-0.0019080,0.4585,425743,0.0092426,0.1867,318398,-0.0011072,0.5900,472174,0.010400,0.4396,52313,0.0013960,0.9162,11277,-0.0019475,0.8517,18536,-0.010282,0.3238,18536
22:37493891:C:T,DBP,0.00025170,0.9363,425740,-0.017260,1.967e-8,425743,-0.0019980,0.8197,318398,,,,,,,,,,,,,,,
20:19270218:A:G,DBP,-0.0014690,0.5774,425740,-0.0090320,0.0004445,425743,-0.0049875,0.4775,318398,-0.00098674,0.6300,472174,-0.011400,0.4390,52313,0.0085810,0.5188,11277,-0.0070645,0.5080,18536,-0.017910,0.09332,18536
6:7240876:G:A,DBP,-0.0048620,0.2015,425740,-0.0071930,0.05271,425743,-0.011929,0.2581,318398,0.0012071,0.7000,472174,-0.031700,0.1442,52313,-0.039934,0.2011,11277,-0.0040366,0.8972,18536,0.0038284,0.9024,18536
6:151990859:G:A,DBP,0.015930,1.191e-8,425740,0.0052350,0.05470,425743,0.0066219,0.3759,318398,0.0015102,0.4900,472174,0.0014000,0.9200,52313,-0.0063860,0.6301,11277,0.021885,0.03087,18536,0.015521,0.1258,18536
11:2130620:C:T,SBP,-0.00027440,0.9588,425740,0.0045980,0.3750,425743,-0.015873,0.2671,318398,-0.00035727,0.9300,472174,0.040100,0.1244,52313,0.0031820,0.9127,11277,-0.0016612,0.9529,18536,-0.058966,0.03599,18536
6:13530122:C:T,SBP,0.011100,0.00004722,425740,0.010050,0.0001593,425743,0.012376,0.08776,318398,-0.0020457,0.3500,472174,0.034000,0.05095,52313,-0.0097300,0.4864,11277,0.016602,0.1371,18536,0.021532,0.05381,18536
15:90699433:G:A,SBP,-0.022860,4.039e-8,425740,-0.0061900,0.1275,425743,-0.018822,0.09538,318398,-0.0031493,0.3100,472174,-0.022100,0.2796,52313,0.018660,0.3694,11247,-0.025556,0.1314,18536,-0.0054722,0.7467,18536
11:1975376:T:C,SBP/DBP,-0.0060680,0.1001,425740,-0.016970,0.000002414,425743,-0.013903,0.04911,318398,-0.0040435,0.1500,472174,,,,,,,-0.016567,0.4117,18536,-0.016588,0.4111,18536
11:19739880:A:G,SBP,0.0087260,0.0008144,425740,0.0059850,0.01857,425743,0.019897,0.00003975,318398,0.00046382,0.8200,472174,0.0035000,0.7932,52313,-0.0015990,0.9048,11277,0.016451,0.1438,18536,0.0077195,0.4928,18536
3:18016920:C:T,SBP,0.012470,0.000004534,425740,0.012190,0.000004330,425743,0.0063199,0.3800,318398,-0.0014517,0.4900,472174,0.029700,0.03195,52313,-0.010009,0.4442,11277,-0.0034526,0.7406,18536,0.00021725,0.9834,18536
5:43824677:A:G,SBP,-0.0075360,0.06102,425740,0.012290,0.001731,425743,0.0048116,0.6536,318398,-0.0049214,0.1100,472174,,,,0.018143,0.3256,11223,0.0038639,0.8002,18536,-0.0080641,0.5974,18536
3:83019181:A:G,SBP,-0.0089380,0.005448,425740,-0.0092810,0.003086,425743,0.0084355,0.3214,318398,-0.0025091,0.3300,472174,0.012200,0.4760,52313,-0.0010030,0.9478,11277,-0.028615,0.02825,18536,-0.020955,0.1082,18536
3:129329683:C:G,DBP,-0.0040240,0.3921,425740,0.023490,3.014e-7,425743,-0.0099503,0.4257,318398,0.0035824,0.3000,472174,,,,,,,,,,,,
11:62555059:G:A,DBP,-0.0029980,0.2452,425740,-0.0077180,0.002160,425743,0.0045102,0.5138,318398,-0.0026478,0.1900,472174,-0.0034000,0.7997,52313,0.020409,0.1547,11277,-0.010245,0.3781,18536,-0.00058154,0.9601,18536
1:48090333:C:G,DBP,-0.0069420,0.008888,425740,-0.0079420,0.002150,425743,-0.011929,0.01039,318398,-0.000072070,0.9700,472174,-0.0063000,0.6418,52313,0.0014660,0.9155,11277,-0.0045198,0.6978,18536,0.0035388,0.7611,18536
5:56472530:C:A,DBP,-0.0064410,0.01792,425740,-0.0093440,0.0004294,425743,-0.013903,0.004039,318398,-0.0039666,0.06600,472174,-0.044200,0.002037,52313,-0.026248,0.07280,11277,-0.010604,0.4142,18536,-0.017191,0.1856,18536
10:53625859:G:A,DBP,-0.010390,0.009069,425740,-0.014250,0.0002442,425743,-0.028587,0.0002426,318398,-0.0048763,0.07100,472174,-0.010100,0.5639,52313,-0.0045430,0.7919,11277,-0.012750,0.4458,18536,-0.0052472,0.7537,18536
3:27238349:C:G,DBP,0.018940,2.130e-13,425740,0.0081900,0.001135,425743,0.032110,1.722e-11,318398,-0.0065608,0.001200,472174,0.041000,0.002532,52313,0.017420,0.1864,11277,0.0020222,0.8411,18536,-0.0075073,0.4568,18536
20:61181787:A:C,DBP,0.00089770,0.7201,425740,0.0030850,0.2068,425743,0.010252,0.1248,318398,0.0011497,0.5700,472174,0.019000,0.1692,52313,0.00074200,0.9531,11277,0.0029812,0.7829,18536,0.0094155,0.3843,18536
12:24156508:A:G,DBP,0.0016140,0.5593,425740,0.0071110,0.008358,425743,0.011769,0.1108,318398,0.0023766,0.2600,472174,0.0069000,0.6113,52313,-0.015738,0.2353,11277,0.022816,0.04246,18536,0.016297,0.1473,18536
13:72744537:A:G,DBP,-0.013320,0.0001643,425740,-0.013890,0.00005601,425743,-0.015873,0.01564,318398,-0.0036178,0.1800,472174,0.043900,0.006949,52313,-0.024557,0.1089,11275,,,,,,
2:242644173:A:G,DBP,-0.0063040,0.1132,425740,-0.020520,1.245e-7,425743,-0.013903,0.04677,318398,0.0020827,0.5100,472174,-0.017000,0.3243,52313,0.013197,0.4135,11277,0.0088599,0.5192,18536,0.0076826,0.5762,18536
1:24082286:T:A,SBP,-0.0069450,0.01755,425740,-0.0069840,0.01434,425743,-0.016857,0.01302,318398,-0.0010199,0.6500,472174,,,,0.010285,0.5614,11267,,,,,,
1:44497249:T:C,SBP,-0.012280,0.00001023,425740,-0.0016870,0.5341,425743,-0.012916,0.03596,318398,0.0023950,0.2700,472174,-0.0071000,0.6139,52313,-0.00028500,0.9865,11276,,,,,,
2:242436527:T:G,SBP,0.010640,0.001209,425740,-0.000034680,0.9914,425743,0.011465,0.1889,318398,0.00031650,0.9000,472174,-0.0061000,0.7222,52313,-0.012139,0.3976,11276,,,,,,
1:68740324:CT:C,SBP,-0.026910,3.032e-8,425740,-0.015220,0.001317,425743,-0.032467,0.0002558,318398,,,,0.0073000,0.7862,52313,-0.0076150,0.6793,11277,,,,,,
4:21521072:T:C,SBP,0.015660,0.000003102,425740,0.0072730,0.02633,425743,0.015520,0.08233,318398,-0.0020312,0.4300,472174,,,,,,,,,,,,
8:22471824:G:A,SBP,0.0038680,0.1665,425740,0.0014320,0.5993,425743,0.010252,0.1664,318398,-0.0025768,0.2300,472174,-0.00040000,0.9782,52313,0.0023550,0.8591,11277,0.016646,0.1050,18536,-0.0034068,0.7401,18536
8:124027562:C:T,SBP,0.017650,0.00002408,425740,0.0095730,0.01882,425743,0.019489,0.01540,318398,0.0041679,0.1800,472174,0.0051000,0.8404,52313,0.022582,0.2389,11277,0.030511,0.02549,18536,0.0089008,0.5146,18536
3:148579686:T:G,SBP,-0.010460,0.00005385,425740,-0.0047690,0.05916,425743,-0.017840,0.0001254,318398,0.00085710,0.6800,472174,-0.020000,0.1426,52313,-0.0017550,0.8922,11277,-0.0067820,0.5050,18536,-0.0050623,0.6187,18536
2:32616879:G:A,SBP,0.0083990,0.0009582,425740,-0.00050550,0.8385,425743,0.012376,0.01372,318398,0.00030647,0.8800,472174,0.025500,0.06070,52313,0.012128,0.3512,11277,-0.00071199,0.9653,18536,-0.032509,0.04694,18536
6:141679260:C:T,SBP,0.010510,0.00006119,425740,0.00077110,0.7629,425743,0.010657,0.02197,318398,-0.000047370,0.9800,472174,0.032900,0.02458,52313,0.026947,0.06632,11276,0.0020765,0.8568,18536,-0.0054560,0.6353,18536
2:233428385:C:T,DBP,0.0010170,0.7333,425740,0.0087690,0.002584,425743,0.012680,0.1092,318398,0.0054868,0.01500,472174,0.023300,0.1008,52313,0.041995,0.01812,11277,,,,,,
10:18314067:T:C,DBP,-0.011280,0.0001010,425740,-0.00099280,0.7257,425743,-0.012916,0.08728,318398,0.0030034,0.1900,472174,-0.035200,0.03234,52313,0.0023750,0.8552,11276,0.0050879,0.6303,18536,0.0059060,0.5763,18536
1:227047547:C:T,DBP,-0.0090350,0.02547,425740,-0.014860,0.0001652,425743,-0.0079682,0.4862,318398,-0.0087231,0.006500,472174,-0.026000,0.3466,52313,-0.031790,0.1159,11277,0.022556,0.1745,18536,0.026151,0.1155,18536
2:23606177:A:G,DBP,-0.0012610,0.6347,425740,-0.0039190,0.1301,425743,0.0077298,0.2714,318398,0.0033377,0.1200,472174,0.0062000,0.6694,52313,0.0030130,0.8154,11277,0.0083017,0.4443,18536,0.0030955,0.7755,18536
1:41268314:G:A,DBP,-0.013130,0.000001198,425740,-0.013010,8.173e-7,425743,-0.011929,0.03062,318398,-0.0027011,0.2000,472174,-0.028100,0.04386,52313,0.010564,0.4377,11277,-0.0071698,0.5340,18536,-0.013790,0.2316,18536
2:201195602:C:T,DBP,-0.0019440,0.4517,425740,-0.013970,2.941e-8,425743,-0.0059821,0.3946,318398,0.0014767,0.4700,472174,0.0044000,0.7536,52313,-0.014910,0.2619,11277,0.018801,0.06669,18536,0.013475,0.1888,18536
4:148047550:C:T,DBP,-0.0079540,0.01998,425740,-0.0017740,0.5946,425743,-0.030529,0.00003731,318398,-0.0030368,0.2400,472174,0.0051000,0.7462,52313,-0.014409,0.2718,11277,-0.0092248,0.4097,18536,0.00019539,0.9861,18536
7:71326222:C:T,DBP,-0.0062110,0.03257,425740,-0.0064170,0.02356,425743,-0.019803,0.001654,318398,0.0039003,0.07200,472174,-0.0072000,0.6216,52313,-0.010937,0.5056,11276,-0.018504,0.1118,18536,-0.0098190,0.3988,18536
5:176731452:G:T,DBP,0.0066890,0.02522,425740,0.0031200,0.2844,425743,0.013085,0.09941,318398,0.0013096,0.5700,472174,0.037500,0.01250,52313,-0.0058610,0.6768,11277,0.0095828,0.3712,18536,0.0054304,0.6123,18536
10:18533377:A:C,DBP,0.0077980,0.05490,425740,0.012930,0.001102,425743,0.016028,0.02394,318398,0.0019523,0.5300,472174,-0.0092000,0.6751,52313,-0.010330,0.5975,11276,-0.025245,0.06739,18536,-0.0037522,0.7857,18536
17:50794184:T:C,SBP,0.0043500,0.09060,425740,0.0072030,0.004066,425743,0.017451,0.0003868,318398,-0.00034712,0.8600,472174,-0.026200,0.05184,52313,0.019237,0.1879,11277,0.0048575,0.6931,18536,-0.0055817,0.6502,18536
14:80480456:A:T,SBP,-0.014550,2.878e-8,425740,0.0047310,0.06432,425743,-0.0019980,0.7587,318398,0.0017108,0.9300,472174,-0.015800,0.2511,52313,0.0052120,0.6842,11277,0.011502,0.2694,18536,-0.00036673,0.9719,18536
2:242442510:A:G,SBP,0.010780,0.0009887,425740,-0.00081260,0.7990,425743,0.011668,0.1781,318398,0.00024943,0.9200,472174,-0.0091000,0.5913,52313,-0.011104,0.4430,11277,-0.0057933,0.6189,18536,0.0049017,0.6739,18536
10:97400867:C:CAG,SBP,0.015060,3.824e-8,425740,0.0049410,0.06436,425743,0.010454,0.03300,318398,0.00082460,0.7000,472174,,,,,,,,,,,,
2:172415747:G:A,SBP,0.0077860,0.002713,425740,-0.011880,0.000002694,425743,0.014302,0.006928,318398,-4.5910e-7,1.000,472174,0.0010000,0.9428,52313,0.019220,0.2037,11277,-0.0016816,0.8815,18536,-0.011885,0.2920,18536
16:74166991:T:C,SBP,-0.0015630,0.5430,425740,0.0029080,0.2459,425743,0.0068232,0.3165,318398,-0.0021704,0.2800,472174,0.0062000,0.6481,52313,-0.00034700,0.9789,11276,0.018606,0.08117,18536,-0.00028689,0.9785,18536
21:47397772:GA:G,SBP,0.019420,3.212e-8,425740,-0.015970,0.000003133,425743,-0.0049875,0.5672,318398,,,,,,,,,,,,,,,
10:126432900:T:C,SBP,0.016940,5.297e-9,425740,0.010430,0.0002286,425743,0.013998,0.07001,318398,-0.0063945,0.005400,472174,,,,,,,,,,,,
11:124620147:G:T,SBP,0.0097880,0.001013,425740,0.013000,0.000007596,425743,0.020101,0.0009564,318398,-0.0030422,0.1900,472174,0.011700,0.4370,52313,-0.010197,0.5234,11277,0.0097272,0.4124,18536,0.0018053,0.8791,18536
13:72365326:A:C,SBP,0.012210,0.006139,425740,0.018000,0.00003425,425743,0.017248,0.02557,318398,0.0035077,0.2900,472174,0.038200,0.09044,52313,0.0069860,0.5952,11277,0.015864,0.1175,18536,0.0074054,0.4650,18536
2:242433348:A:G,SBP,0.010860,0.0006836,425740,-0.0011020,0.7238,425743,0.012883,0.1301,318398,0.00010782,0.9600,472174,-0.0061000,0.7230,52313,-0.012998,0.3632,11277,-0.0086388,0.4470,18536,0.0022035,0.8462,18536
1:218851834:G:A,SBP,0.010890,0.00002140,425740,-0.00095180,0.7032,425743,0.011061,0.1039,318398,0.0015550,0.4400,472174,,,,,,,-0.0016936,0.8638,18536,-0.011895,0.2283,18536
13:22446756:G:A,SBP,-0.0041830,0.1233,425740,-0.00018090,0.9455,425743,-0.011929,0.1129,318398,-0.0022278,0.2800,472174,-0.019700,0.1778,52313,0.021427,0.1195,11277,-0.014412,0.2246,18536,0.0044530,0.7075,18536
1:156883546:A:G,SBP,-0.0097520,0.0001357,425740,-0.0060390,0.01540,425743,-0.012916,0.006409,318398,0.0041476,0.04200,472174,-0.021100,0.1261,52313,0.018822,0.1380,11277,0.0026308,0.8040,18536,-0.0012183,0.9085,18536
3:178750215:G:A,SBP,0.018340,3.433e-8,425740,0.0031800,0.3265,425743,0.014099,0.1117,318398,-0.0020899,0.4200,472174,0.0079000,0.6687,52313,0.020764,0.1903,11274,-0.052496,0.004491,18536,-0.034330,0.06314,18536
5:103945126:A:G,SBP,-0.0072550,0.004528,425740,0.0085040,0.0006458,425743,-0.010940,0.02861,318398,0.0031787,0.1100,472174,0.013600,0.3256,52313,0.000047000,0.9971,11276,-0.027812,0.008915,18536,-0.026834,0.01162,18536
2:85964832:G:A,SBP,0.0054970,0.03044,425740,0.00098210,0.6918,425743,-0.00099950,0.8980,318398,-0.0010087,0.6200,472174,0.0086000,0.5303,52313,0.0033400,0.7986,11277,0.030143,0.003018,18536,0.033715,0.0009084,18536
6:42762584:A:G,SBP,0.0036530,0.1671,425740,0.0055880,0.03021,425743,0.014708,0.007151,318398,0.0015376,0.4600,472174,0.015100,0.2929,52313,0.034744,0.007262,11273,0.016947,0.09272,18536,0.0096848,0.3367,18536
17:48153924:T:C,SBP,-0.021440,3.403e-8,425740,-0.0032850,0.3859,425743,-0.017840,0.07879,318398,-0.00095069,0.7600,472174,,,,-0.011154,0.4315,11276,-0.0052661,0.6252,18536,-0.010988,0.3081,18536
11:114652952:A:G,SBP,-0.0094880,0.004666,425740,-0.0018070,0.5806,425743,-0.0079682,0.3911,318398,0.0046021,0.08200,472174,-0.019800,0.2631,52313,-0.0040460,0.7985,11277,-0.014899,0.2279,18536,-0.0041530,0.7368,18536
7:21583597:G:T,SBP,-0.0090400,0.0009171,425740,-0.0072070,0.006737,425743,-0.013903,0.06032,318398,-0.00085588,0.6700,472174,-0.0072000,0.5959,52313,-0.0055920,0.6615,11277,-0.010387,0.3032,18536,-0.012823,0.2037,18536
4:1254930:A:G,SBP,0.015940,0.00006610,425740,-0.00063680,0.8702,425743,0.012174,0.2503,318398,0.0049818,0.1100,472174,0.040000,0.08253,52313,-0.019211,0.5066,11277,0.0035883,0.8777,18536,0.026439,0.2568,18536
2:242267617:G:A,SBP,0.011730,0.0001418,425740,-0.0011610,0.6996,425743,0.015012,0.06751,318398,-0.00032100,0.8900,472174,-0.0070000,0.6825,52313,-0.010264,0.4627,11277,-0.0015894,0.8896,18536,0.0096682,0.3985,18536
16:11169287:G:A,SBP,0.029680,3.542e-8,425740,-0.017870,0.0006646,425743,0.029429,0.008668,318398,,,,,,,,,,,,,,,
17:42996593:T:G,SBP,0.016010,0.000002518,425740,-0.0054460,0.1007,425743,0.025728,0.001259,318398,0.0021876,0.4100,472174,,,,,,,0.0073809,0.6088,18536,0.027963,0.05251,18536
11:73073580:C:T,SBP,-0.011270,0.006983,425740,-0.0089180,0.02861,425743,-0.022739,0.004824,318398,-0.0021009,0.5300,472174,,,,-0.012013,0.6215,11277,-0.0040097,0.8383,18536,-0.0082504,0.6745,18536
1:214959880:AT:A,SBP,-0.026830,3.614e-8,425740,-0.0036240,0.4455,425743,-0.042101,0.000004191,318398,,,,-0.029200,0.2203,52313,0.016632,0.5749,11277,,,,,,
5:142784127:A:G,SBP,-0.019380,9.443e-8,425740,0.0012120,0.7322,425743,-0.0099503,0.2872,318398,-0.00082395,0.7600,472174,,,,,,,,,,,,
16:51110452:CT:C,SBP,0.016270,3.558e-8,425740,0.0050310,0.08054,425743,0.013491,0.04072,318398,,,,-0.00040000,0.9788,52313,0.0061410,0.7843,11277,,,,,,
19:11555521:T:C,SBP,-0.0057460,0.2912,425740,-0.010320,0.05203,425743,-0.021761,0.02061,318398,0.0026404,0.5700,472174,-0.010900,0.7133,52313,0.0019920,0.9450,11277,-0.024112,0.4717,18536,-0.026479,0.4293,18536
12:125156674:A:C,SBP,-0.024330,0.00004011,425740,-0.014120,0.01455,425743,-0.0089597,0.5521,318398,-0.0053145,0.2300,472174,,,,,,,,,,,,
7:107019947:T:C,SBP,0.013550,0.01537,425740,-0.013560,0.01293,425743,0.020815,0.1624,318398,0.00054868,0.9000,472174,0.015500,0.6344,52313,-0.016279,0.6834,11274,-0.027803,0.7312,18536,0.0096765,0.9048,18536
2:242283094:A:G,SBP,0.011480,0.0001873,425740,-0.0017170,0.5666,425743,0.015621,0.05604,318398,-0.00079908,0.7400,472174,-0.016500,0.2972,52313,-0.012383,0.3737,11277,-0.00030259,0.9785,18536,0.012737,0.2561,18536
11:122018970:T:A,SBP/DBP,-0.011880,0.00002414,425740,-0.014480,1.320e-7,425743,-0.0099503,0.04389,318398,0.0040537,0.05700,472174,,,,,,,,,,,,
16:53534095:T:A,SBP,0.0095150,0.009878,425740,-0.0013730,0.7026,425743,0.0080322,0.4126,318398,-0.0050011,0.07200,472174,,,,0.018333,0.2058,11276,0.011594,0.3072,18536,0.0066630,0.5573,18536
9:21995941:T:A,SBP,0.014000,0.001149,425740,0.0062990,0.1337,425743,0.032420,0.00004593,318398,0.00090876,0.7900,472174,0.038900,0.1249,52313,0.017801,0.3738,11277,0.023998,0.1051,18536,0.017482,0.2378,18536
6:7527269:G:A,SBP,-0.020160,0.00001120,425740,0.010870,0.01523,425743,-0.0069756,0.5691,318398,-0.00068194,0.8400,472174,-0.00010000,0.9968,52313,-0.0032190,0.9250,11277,0.0045604,0.8822,18536,-0.028947,0.3467,18536
16:19348876:C:T,SBP,0.0083450,0.002219,425740,0.0066140,0.01291,425743,0.012275,0.08983,318398,0.0031364,0.1300,472174,0.016300,0.2286,52313,0.021880,0.09525,11277,0.014586,0.1854,18536,0.014183,0.1979,18536
8:6348204:A:G,SBP,0.0036010,0.2099,425740,0.0015740,0.5742,425743,-0.00099950,0.8712,318398,-0.0018405,0.4200,472174,0.029600,0.06248,52313,-0.014766,0.3124,11277,0.0094174,0.4968,18536,0.0090651,0.5130,18536
4:114294308:T:C,SBP,0.016410,0.000009606,425740,0.0014530,0.6878,425743,0.016434,0.09615,318398,0.0011024,0.6900,472174,0.0031000,0.8821,52313,-0.010878,0.5831,11277,0.014011,0.4138,18536,0.0083737,0.6252,18536
1:111187885:C:T,SBP,0.0045540,0.1193,425740,-0.0035170,0.2174,425743,0.0025031,0.7453,318398,0.0018334,0.4100,472174,0.0089000,0.5234,52313,0.0057560,0.6960,11277,0.0033057,0.7667,18536,0.014682,0.1877,18536
3:88190809:C:T,SBP,-0.0090110,0.01253,425740,-0.0045200,0.1992,425743,-0.0089597,0.3372,318398,-0.0086749,0.001800,472174,0.0070000,0.6898,52313,0.0046360,0.8424,11277,-0.012874,0.4909,18536,0.019792,0.2896,18536
1:68384979:C:A,DBP,0.0056110,0.05428,425740,0.010790,0.0001485,425743,0.0094445,0.2253,318398,-0.0017644,0.4000,472174,,,,-0.020649,0.1373,11270,,,,,,
9:92458311:G:A,DBP,-0.0061190,0.04138,425740,-0.0059740,0.04119,425743,-0.011929,0.02355,318398,0.0011181,0.6000,472174,-0.021000,0.1601,52313,-0.010276,0.5309,11277,0.0067438,0.6598,18536,0.0022879,0.8813,18536
19:31211647:T:C,DBP,0.010440,0.009245,425740,0.017090,0.00001253,425743,0.019897,0.06255,318398,0.0027674,0.2900,472174,0.025900,0.1653,52313,-0.015882,0.4124,11277,0.031898,0.1239,18536,0.028529,0.1688,18536
12:120032706:T:C,DBP,0.011850,0.00001011,425740,0.0063840,0.01473,425743,0.022962,0.000007329,318398,-0.0020861,0.3100,472174,0.021500,0.1247,52313,-0.020097,0.1588,11277,-0.015896,0.1468,18536,-0.010553,0.3354,18536
1:226553490:C:A,DBP,0.010060,0.003617,425740,0.017960,9.927e-8,425743,0.0078306,0.3962,318398,0.039853,1.800e-46,472174,,,,,,,,,,,,
2:242639688:C:G,DBP,-0.0067200,0.09310,425740,-0.020410,1.704e-7,425743,-0.020783,0.05085,318398,0.0020485,0.5100,472174,-0.021700,0.2356,52313,0.010293,0.5299,11268,0.011185,0.4263,18536,0.0082048,0.5595,18536
19:40960986:G:T,DBP,0.0064220,0.02544,425740,0.013520,0.000001423,425743,0.0021022,0.7877,318398,0.0023434,0.2800,472174,-0.00080000,0.9578,52313,0.018494,0.1737,11274,0.0019773,0.8549,18536,0.010410,0.3358,18536
7:36204168:T:A,DBP,0.018800,0.00004178,425740,0.021550,0.000001467,425743,0.021224,0.02200,318398,0.0031118,0.3500,472174,-0.0095000,0.6769,52313,0.0035140,0.8570,11277,0.011220,0.4610,18536,0.0056311,0.7114,18536
20:14624598:T:A,DBP,-0.013800,0.000003027,425740,-0.014820,2.758e-7,425743,-0.0099503,0.2223,318398,-0.0018147,0.4300,472174,0.0025000,0.8655,52313,0.034999,0.04548,11276,-0.025534,0.06442,18536,-0.010853,0.4319,18536
19:11678559:G:A,DBP,-0.012470,0.0001264,425740,-0.016440,2.212e-7,425743,-0.020783,0.001596,318398,-0.0017784,0.4700,472174,,,,,,,,,,,,
3:141628963:A:C,SBP,0.012440,0.0002855,425740,-0.0076010,0.02306,425743,0.024190,0.0005153,318398,0.0055648,0.04100,472174,0.0064000,0.7314,52313,0.060538,0.06580,11276,-0.0017008,0.9588,18536,0.0057153,0.8622,18536
2:242236667:A:C,SBP,0.020860,1.732e-9,425740,0.0046630,0.1676,425743,0.020917,0.002284,318398,0.0028482,0.3000,472174,0.020200,0.3082,52313,-0.0072440,0.7290,11277,-0.011529,0.5346,18536,-0.029676,0.1099,18536
2:39061959:G:A,SBP,-0.011730,0.003126,425740,-0.0034710,0.3701,425743,-0.016857,0.03479,318398,-0.0024212,0.4400,472174,-0.017600,0.4613,52313,0.013451,0.5636,11277,0.000062820,0.9980,18536,-0.012396,0.6192,18536
5:89174784:G:T,SBP,0.0056120,0.02793,425740,0.0023100,0.3535,425743,0.0069239,0.3052,318398,0.0025482,0.2100,472174,0.033200,0.01717,52313,-0.014785,0.2493,11277,-0.0096992,0.4172,18536,-0.0012615,0.9160,18536
2:7420518:A:ATATCT,SBP,,,,,,,,,,0.0010495,0.6100,472174,0.0026000,0.8505,52313,,,,,,,,,
6:112081858:T:C,SBP,-0.0064040,0.01110,425740,-0.0025840,0.2934,425743,-0.013903,0.009338,318398,0.0017260,0.3900,472174,-0.030100,0.02653,52313,0.0058920,0.6416,11277,-0.0075506,0.4461,18536,-0.0097268,0.3263,18536
1:223198585:A:G,SBP,-0.010940,0.00003844,425740,-0.0032310,0.2124,425743,-0.0099503,0.04923,318398,0.0030131,0.1500,472174,-0.015100,0.2731,52313,0.010295,0.4632,11277,,,,,,
6:52223211:T:A,SBP/DBP,0.011850,0.00002093,425740,0.013110,0.000001389,425743,0.0031048,0.6780,318398,-0.0019962,0.3500,472174,0.020600,0.1396,52313,-0.011059,0.3930,11277,0.018689,0.1067,18536,0.025834,0.02576,18536
2:242378138:G:A,SBP,0.020160,4.697e-9,425740,0.0046080,0.1699,425743,0.017248,0.008394,318398,0.0035457,0.1900,472174,0.020700,0.2980,52313,-0.0030440,0.8845,11236,-0.015775,0.3150,18536,-0.027744,0.07723,18536
8:25640082:A:T,SBP/DBP,-0.0096840,0.01235,425740,-0.010260,0.006586,425743,0.0000,0.9674,318398,0.0029841,0.3100,472174,-0.037000,0.06374,52313,0.00022200,0.9906,11277,,,,,,
18:52686184:AT:A,DBP,-0.012960,0.000004641,425740,-0.015690,1.308e-8,425743,-0.0089597,0.2597,318398,,,,-0.019800,0.2382,52313,0.014941,0.2924,11277,,,,,,
13:62687000:A:ATT,DBP,,,,,,,,,,0.0011408,0.5700,472174,,,,,,,,,,,,
2:128975896:T:C,DBP,-0.0062280,0.03555,425740,-0.0051230,0.07629,425743,-0.0049875,0.5032,318398,-0.0056951,0.01500,472174,-0.010900,0.4702,52313,0.0044250,0.7320,11277,-0.0066720,0.5096,18536,-0.0029493,0.7707,18536
7:100230189:C:T,DBP,0.00093700,0.8406,425740,-0.018570,0.00004381,425743,0.0063199,0.6123,318398,0.00061688,0.8200,472174,,,,,,,,,,,,
1:48779510:G:A,DBP,-0.011560,0.002340,425740,-0.0041320,0.2646,425743,-0.016857,0.01998,318398,0.0015130,0.6100,472174,-0.013300,0.5453,52313,-0.0045980,0.7828,11277,,,,,,
6:108029560:A:G,DBP,-0.016050,4.631e-8,425740,-0.014430,4.713e-7,425743,-0.0019980,0.8373,318398,0.00086112,0.7000,472174,-0.010500,0.4552,52313,-0.010002,0.4835,11277,0.0040100,0.7096,18536,-0.0060247,0.5758,18536
8:68920135:C:T,DBP,0.0073570,0.008545,425740,0.0045470,0.09563,425743,0.013998,0.01710,318398,0.0010282,0.6400,472174,-0.0061000,0.6836,52313,0.016232,0.2184,11277,0.020715,0.05015,18536,0.012969,0.2201,18536
12:4411683:T:C,DBP,0.0022030,0.3885,425740,0.0063360,0.01100,425743,-0.0059821,0.3765,318398,-0.0054071,0.008800,472174,0.0021000,0.8883,52313,0.013796,0.3302,11276,-0.014768,0.3086,18536,-0.019378,0.1815,18536
17:7220292:G:A,DBP,-0.00015310,0.9544,425740,0.012480,0.000001717,425743,0.010454,0.1433,318398,0.0056773,0.007100,472174,0.0023000,0.8814,52313,0.0024850,0.8616,11277,0.030142,0.02637,18536,0.035875,0.008216,18536
13:62687574:T:TTCTC,DBP,,,,,,,,,,0.0010872,0.5900,472174,,,,,,,,,,,,
1:226552068:G:A,SBP,0.0043500,0.1905,425740,0.0021930,0.4988,425743,0.0036065,0.6832,318398,0.0092179,0.0002300,472174,0.019100,0.2566,52313,0.027346,0.2301,11277,0.027757,0.09117,18536,0.0069618,0.6718,18536
22:28336162:A:G,SBP,-0.011460,0.005397,425740,-0.00076330,0.8493,425743,-0.019803,0.04470,318398,-0.00055713,0.8500,472174,0.025300,0.1642,52313,0.023196,0.2107,11277,0.0024711,0.8762,18536,0.0054096,0.7330,18536
9:19105638:T:C,SBP,0.016550,0.000003746,425740,-0.0069800,0.04556,425743,0.014911,0.1159,318398,0.0063322,0.02000,472174,-0.0041000,0.8106,52313,0.020043,0.2687,11276,-0.0090556,0.6355,18536,0.0032132,0.8664,18536
20:19716810:A:ACCTTTTT,SBP,,,,,,,,,,-0.00066006,0.7600,472174,,,,,,,,,,,,
21:17802053:A:G,SBP,0.010380,0.0001170,425740,-0.0011320,0.6668,425743,0.020203,0.0001907,318398,-0.00090512,0.6600,472174,,,,,,,,,,,,
2:242422404:C:T,SBP,0.020050,8.696e-9,425740,0.0045430,0.1814,425743,0.021734,0.002077,318398,0.0025498,0.4000,472174,,,,,,,,,,,,
4:84456142:G:C,SBP,-0.0078880,0.001865,425740,-0.0023320,0.3457,425743,-0.017840,0.0001794,318398,0.00081243,0.6800,472174,-0.019700,0.1453,52313,0.0045710,0.7254,11277,0.0023901,0.8225,18536,0.011028,0.3007,18536
10:18536511:A:G,SBP,0.020930,0.0001891,425740,0.010990,0.04438,425743,0.046987,0.00001035,318398,0.0032142,0.4400,472174,0.0016000,0.9473,52313,0.010893,0.7819,11277,0.016580,0.5878,18536,0.018866,0.5374,18536
10:121461334:A:G,SBP,-0.0077810,0.1492,425740,-0.029390,2.322e-8,425743,-0.055435,6.898e-8,318398,-0.00020543,0.9600,472174,,,,,,,-0.026020,0.4322,18536,0.0016595,0.9600,18536
5:51710521:C:A,SBP,-0.0068890,0.01016,425740,-0.0048100,0.06582,425743,-0.021761,0.00004198,318398,0.0011524,0.5800,472174,-0.019800,0.1486,52313,0.0099670,0.5237,11277,-0.010318,0.3871,18536,-0.018487,0.1212,18536
15:75225729:G:A,DBP,0.023520,0.00005354,425740,0.019220,0.0007120,425743,0.019387,0.2100,318398,0.0069508,0.1000,472174,0.0028000,0.9007,52313,0.010387,0.4407,11268,0.014549,0.1859,18536,0.013028,0.2362,18536
2:242645923:A:G,DBP,-0.010020,0.01682,425740,-0.023820,5.740e-9,425743,-0.018822,0.01621,318398,0.0013264,0.6800,472174,-0.038200,0.09666,52313,0.015246,0.4094,11277,0.023632,0.1671,18536,0.017249,0.3133,18536
6:39298750:C:T,DBP,-0.0066490,0.2342,425740,-0.0074840,0.1697,425743,-0.013903,0.3396,318398,0.0015810,0.7200,472174,-0.063200,0.004916,52313,-0.028791,0.4725,11277,0.016197,0.5962,18536,-0.014181,0.6427,18536
8:142433871:A:G,DBP,0.0091180,0.0009368,425740,0.011130,0.00003453,425743,0.016231,0.001751,318398,0.0044432,0.03100,472174,0.015600,0.2673,52313,-0.020694,0.1187,11277,0.0062090,0.6077,18536,-0.012307,0.3089,18536
10:134322756:A:G,DBP,-0.0048240,0.06871,425740,-0.012210,0.000002331,425743,-0.013903,0.001971,318398,-0.00069476,0.7300,472174,-0.020300,0.1405,52313,-0.0083760,0.5337,11276,-0.0045195,0.7107,18536,0.0033636,0.7825,18536
5:180078772:A:T,DBP,-0.0055640,0.05041,425740,-0.0049310,0.07546,425743,-0.0089597,0.2469,318398,-0.0020547,0.3400,472174,-0.012600,0.4380,52313,0.00094100,0.9433,11277,-0.00082878,0.9424,18536,-0.0027063,0.8133,18536
11:84306591:A:G,DBP,0.0060100,0.1051,425740,0.0089510,0.01333,425743,0.014708,0.1349,318398,-0.00011125,0.9700,472174,-0.025100,0.2486,52313,0.032874,0.04365,11275,0.0078031,0.5623,18536,0.022264,0.09824,18536
5:157970432:C:T,DBP,0.0067010,0.02622,425740,0.0038240,0.1934,425743,0.023576,0.00006316,318398,0.00046451,0.8400,472174,0.036300,0.05303,52313,0.0077430,0.5829,11277,0.016243,0.1343,18536,0.013203,0.2235,18536
6:11715150:A:C,DBP,-0.0042910,0.1865,425740,-0.0097370,0.002116,425743,-0.013903,0.01005,318398,0.0020104,0.4400,472174,-0.016500,0.3240,52313,-0.0090370,0.6621,11277,0.0039537,0.8321,18536,0.024604,0.1870,18536
1:167910047:AAAG:A,DBP,-0.014410,0.001506,425740,-0.025250,1.192e-8,425743,-0.035367,0.00003441,318398,,,,-0.021000,0.2615,52313,0.010381,0.8042,11277,,,,,,
19:45713662:A:G,SBP,0.0091090,0.006319,425740,-0.0064120,0.04873,425743,0.0090407,0.3079,318398,0.0020671,0.4100,472174,,,,0.015704,0.2789,11170,-0.00073104,0.9649,18536,0.0014033,0.9327,18536
3:123305891:A:G,SBP,-0.014040,0.00004224,425740,-0.0051680,0.1222,425743,-0.0049875,0.5674,318398,-0.0012871,0.6300,472174,-0.026400,0.2258,52313,-0.015919,0.3242,11277,0.00048689,0.9673,18536,-0.0048877,0.6804,18536
12:31626732:A:T,SBP,0.0095690,0.0009728,425740,-0.0035100,0.2148,425743,0.0037069,0.6326,318398,-0.0051325,0.02300,472174,0.014300,0.3716,52313,-0.023786,0.1153,11277,-0.013767,0.2525,18536,-0.0075906,0.5281,18536
12:93516788:C:T,SBP,-0.019750,0.00001367,425740,-0.011570,0.009028,425743,-0.031499,0.0001111,318398,0.00095193,0.7900,472174,-0.010900,0.7139,52313,0.019762,0.1544,11277,-0.0098325,0.4017,18536,-0.0059144,0.6139,18536
9:8089306:A:G,SBP,0.023790,4.890e-8,425740,0.013270,0.001808,425743,0.031078,0.001108,318398,-0.0020197,0.5600,472174,0.038800,0.1052,52313,-0.0021790,0.9322,11276,0.011310,0.7075,18536,0.055939,0.06350,18536
2:127839474:G:A,SBP,0.0057170,0.04014,425740,0.0067170,0.01342,425743,0.0036065,0.6270,318398,-0.00012382,0.9500,472174,-0.0026000,0.8533,52313,0.0052500,0.7196,11277,0.017398,0.1363,18536,0.0031770,0.7856,18536
15:90614064:G:A,SBP,0.021950,0.0002236,425740,-0.0067510,0.2445,425743,0.018470,0.2442,318398,0.0060650,0.08600,472174,-0.037600,0.3360,52313,0.072523,0.09542,11276,,,,,,
16:77910418:A:G,SBP,-0.013960,2.245e-7,425740,-0.013440,3.207e-7,425743,-0.015873,0.0006259,318398,0.0037349,0.08000,472174,-0.012300,0.4489,52313,-0.0063620,0.6237,11277,-0.0060838,0.5416,18536,-0.011024,0.2687,18536
2:73084049:C:T,SBP,0.0090840,0.001207,425740,0.0086830,0.001511,425743,0.016028,0.009191,318398,-0.0032342,0.1500,472174,0.026900,0.08173,52313,-0.0031020,0.8745,11277,,,,,,
10:116132246:C:T,SBP,0.0054320,0.03136,425740,0.0064970,0.008293,425743,0.0000,0.9793,318398,-0.00070980,0.7200,472174,0.0066000,0.6466,52313,0.0078400,0.5334,11277,0.016559,0.1170,18536,0.015112,0.1526,18536
2:242645911:G:A,DBP,-0.010020,0.01682,425740,-0.023820,5.740e-9,425743,-0.018822,0.01621,318398,0.0013546,0.6800,472174,-0.038200,0.09653,52313,0.015236,0.4097,11277,0.023632,0.1671,18536,0.017249,0.3133,18536
16:74171973:C:G,DBP,-0.0027080,0.2959,425740,0.0018310,0.4688,425743,0.0075283,0.2755,318398,-0.0014347,0.4800,472174,0.0075000,0.5779,52313,0.0028670,0.8279,11277,0.018609,0.07754,18536,0.0019949,0.8499,18536
7:102429288:C:T,DBP,-0.00071890,0.8064,425740,0.015660,4.396e-8,425743,-0.0059821,0.4515,318398,0.0043301,0.04200,472174,,,,,,,,,,,,
2:242645892:A:C,DBP,-0.0098070,0.01932,425740,-0.023610,7.757e-9,425743,-0.017840,0.01916,318398,0.0015300,0.6400,472174,-0.038200,0.09651,52313,0.015823,0.3919,11276,0.023321,0.1717,18536,0.016846,0.3235,18536
13:22141526:T:A,DBP,-0.0034620,0.1859,425740,-0.011750,0.000004131,425743,0.0047111,0.4969,318398,0.0022294,0.2800,472174,-0.0049000,0.7214,52313,-0.013074,0.3227,11276,-0.0014927,0.8882,18536,-0.0029732,0.7795,18536
3:151156651:T:G,DBP,0.018490,3.445e-7,425740,0.016790,0.000002081,425743,0.0069239,0.4718,318398,0.00022786,0.9400,472174,,,,,,,,,,,,
6:47623292:G:A,DBP,-0.0097450,0.0002636,425740,-0.0047790,0.06657,425743,-0.0039920,0.5715,318398,0.0032138,0.1300,472174,-0.0058000,0.6776,52313,-0.0014180,0.9167,11277,0.0040430,0.7337,18536,0.010599,0.3725,18536
10:122970923:A:G,DBP,-0.0082630,0.002614,425740,-0.0013840,0.6053,425743,-0.020783,0.00007585,318398,0.0012525,0.5600,472174,-0.026100,0.07635,52313,-0.023817,0.07744,11277,-0.013475,0.1729,18536,-0.014906,0.1316,18536
2:242641864:C:T,DBP,-0.0098950,0.01844,425740,-0.023690,7.268e-9,425743,-0.017840,0.01964,318398,0.0015123,0.6400,472174,-0.038100,0.09725,52313,0.015458,0.4032,11277,,,,,,
17:47847992:G:A,DBP,-0.0099790,0.007695,425740,0.0090100,0.01362,425743,0.0082338,0.4109,318398,0.0019004,0.5000,472174,-0.0063000,0.7470,52313,-0.016956,0.5385,11268,-0.027972,0.3362,18536,-0.017904,0.5382,18536
2:102085554:AAG:A,SBP,-0.016190,4.799e-8,425740,-0.0086760,0.002717,425743,-0.013903,0.07357,318398,,,,,,,,,,,,,,,
20:62596455:C:T,SBP,-0.018860,0.000003226,425740,0.0072610,0.06606,425743,-0.026642,0.0006376,318398,-0.015133,1.400e-7,472174,,,,,,,,,,,,
9:14292567:G:A,SBP/DBP,-0.0071240,0.008488,425740,-0.0032760,0.2146,425743,-0.018822,0.001380,318398,0.0012358,0.5700,472174,-0.0016000,0.9092,52313,0.018895,0.1806,11277,0.012428,0.2883,18536,-0.0062506,0.5933,18536
11:128764180:C:T,SBP,0.0086600,0.009296,425740,0.0030540,0.3470,425743,0.023883,0.00004999,318398,-0.0015456,0.4900,472174,0.028300,0.09551,52313,-0.000025000,0.9989,11277,0.014692,0.5490,18536,-0.014106,0.5651,18536
15:80399687:A:C,SBP,0.013260,0.000003391,425740,0.0048640,0.08058,425743,0.014606,0.007470,318398,-0.00091386,0.6800,472174,-0.0044000,0.7640,52313,0.016230,0.2758,11277,-0.025674,0.02624,18536,-0.012565,0.2767,18536
4:140498292:C:T,SBP,-0.0093610,0.004093,425740,-0.0061940,0.05145,425743,-0.010940,0.04752,318398,-0.00060867,0.8100,472174,-0.045100,0.01065,52313,-0.0030390,0.8806,11277,0.021055,0.1591,18536,0.010014,0.5030,18536
3:152044563:G:A,SBP,-0.012190,0.000006447,425740,0.0042250,0.1088,425743,-0.0049875,0.5137,318398,0.0015922,0.4300,472174,,,,0.0046410,0.7195,11275,,,,,,
2:152947703:A:C,SBP,-0.0081810,0.002025,425740,0.0077800,0.002619,425743,-0.015873,0.004646,318398,0.00088706,0.6700,472174,-0.022200,0.1061,52313,-0.0083550,0.5506,11276,0.015716,0.1440,18536,0.0062656,0.5603,18536
16:80051931:C:T,SBP,0.010210,0.0008055,425740,0.0087260,0.003314,425743,0.0069239,0.3917,318398,-0.0033307,0.1400,472174,-0.010200,0.4853,52313,0.026614,0.1176,11277,0.0051921,0.7118,18536,-0.0039234,0.7801,18536
5:122421420:C:T,SBP,0.042790,3.812e-11,425740,0.023410,0.0002093,425743,0.046253,0.0004902,318398,-0.00083102,0.8700,472174,-0.054200,0.03875,52313,0.027264,0.5664,11276,-0.022422,0.5766,18536,0.030879,0.4419,18536
4:17751532:T:TGTAA,DBP,,,,,,,,,,-0.00069038,0.7500,472174,,,,,,,,,,,,
13:114824211:T:C,DBP,-0.0035350,0.2198,425740,-0.0074370,0.008119,425743,-0.012916,0.007706,318398,-0.00041909,0.8600,472174,-0.0052000,0.7668,52313,-0.014617,0.4132,11277,0.0093364,0.5347,18536,-0.0020579,0.8912,18536
1:23980818:CAG:C,DBP,-0.0057160,0.03367,425740,-0.015000,1.085e-8,425743,-0.0089597,0.2064,318398,,,,0.0011000,0.9331,52313,-0.0034730,0.7935,11277,,,,,,
13:108908790:C:T,DBP,0.0078450,0.08803,425740,0.023030,2.837e-7,425743,0.010657,0.3834,318398,0.00043585,0.8900,472174,0.012500,0.4430,52313,-0.0028970,0.9248,11277,,,,,,
8:118863061:T:C,DBP,0.0016460,0.6049,425740,0.0068530,0.02727,425743,0.012174,0.1502,318398,-0.010523,0.00005700,472174,0.042000,0.004980,52313,0.0024450,0.8957,11277,0.0082716,0.6135,18536,0.017949,0.2730,18536
10:63098626:C:T,DBP,0.0060510,0.03570,425740,0.00092440,0.7422,425743,0.0093435,0.2253,318398,-0.0022891,0.2900,472174,0.0088000,0.5314,52313,0.011097,0.4052,11277,-0.027912,0.01106,18536,-0.0030095,0.7841,18536
10:101482104:A:G,DBP,0.0040470,0.1943,425740,0.014440,0.000002041,425743,-0.0059821,0.4466,318398,0.0042788,0.07800,472174,-0.019600,0.2545,52313,0.0048400,0.7380,11277,-0.012000,0.3153,18536,-0.0071004,0.5524,18536
20:653652:G:A,DBP,-0.0018580,0.6280,425740,-0.0099160,0.008006,425743,-0.018822,0.02496,318398,-0.0023369,0.3900,472174,0.014300,0.4311,52313,-0.029856,0.1419,11277,-0.0078260,0.7337,18536,0.015698,0.4950,18536
20:10412596:C:T,DBP,-0.0066270,0.3444,425740,-0.013660,0.04563,425743,0.0055152,0.7673,318398,-0.0024755,0.2200,472174,-0.00060000,0.9787,52313,0.0028120,0.8752,11277,,,,,,
14:56086740:T:G,DBP,-0.0023150,0.4340,425740,-0.010340,0.0003387,425743,-0.0099503,0.1847,318398,-0.0020657,0.3600,472174,-0.011300,0.4339,52313,-0.00068800,0.9607,11205,-0.0040410,0.7340,18536,-0.0067787,0.5687,18536
10:109724337:T:C,SBP,-0.0068590,0.07848,425740,-0.0058970,0.1209,425743,-0.0059821,0.5354,318398,0.0056979,0.05200,472174,0.011100,0.6201,52313,0.022527,0.2671,11277,-0.024349,0.1514,18536,-0.021606,0.2031,18536
1:11864586:T:C,DBP,-0.058400,4.078e-65,425740,-0.048480,1.121e-47,425743,-0.085260,5.965e-38,318398,-0.0061444,0.02300,472174,,,,-0.016911,0.3057,11277,-0.015403,0.1964,18536,-0.012476,0.2954,18536
10:18708798:A:T,DBP,-0.027670,5.546e-23,425740,-0.018330,2.031e-11,425743,-0.040182,1.309e-13,318398,0.00091987,0.6700,472174,-0.055600,0.0002421,52313,0.0030720,0.8261,11277,-0.023455,0.04266,18536,-0.022880,0.04801,18536
10:104652323:C:T,DBP,-0.065730,1.088e-50,425740,-0.014720,0.0005884,425743,-0.090754,6.154e-27,318398,0.0086422,0.01700,472174,-0.10450,0.00001765,52313,-0.0072160,0.6425,11277,-0.0035096,0.7775,18536,-0.0039167,0.7525,18536
16:4069987:A:G,SBP,-0.020280,0.0001044,425740,-0.0017170,0.7362,425743,-0.012916,0.3481,318398,-0.00084976,0.8200,472174,0.028400,0.2297,52313,0.014637,0.3287,11277,0.0035557,0.7611,18536,-0.0072852,0.5332,18536
22:42458827:G:C,SBP,-0.011880,0.006134,425740,-0.00095400,0.8214,425743,-0.022739,0.008050,318398,0.0020194,0.5600,472174,-0.026900,0.4075,52313,-0.0044640,0.9023,11277,-0.025313,0.4317,18536,-0.029242,0.3637,18536
4:82620525:CAT:C,SBP,0.014260,4.923e-8,425740,0.0021220,0.4055,425743,-0.00099950,0.9208,318398,,,,-0.017300,0.2029,52313,0.013109,0.3377,11277,,,,,,
15:75115895:G:A,DBP,-0.016420,5.842e-9,425740,-0.023780,5.401e-18,425743,-0.041142,2.373e-13,318398,-0.0053684,0.01700,472174,-0.043900,0.002226,52313,0.0040510,0.7641,11277,0.019665,0.06156,18536,0.014527,0.1673,18536
19:17151344:T:C,DBP,-0.0068500,0.2174,425740,-0.0083220,0.1244,425743,-0.022739,0.02482,318398,0.0022171,0.6000,472174,-0.0098000,0.7820,52313,-0.15198,0.02763,11276,-0.065622,0.4704,18536,0.020496,0.8216,18536
12:2170611:G:A,DBP,-0.0063530,0.09064,425740,-0.014390,0.00008549,425743,-0.0029955,0.7986,318398,-0.0041678,0.1400,472174,0.0046000,0.7855,52313,0.013340,0.4296,11277,0.00074640,0.9577,18536,0.0039208,0.7807,18536
5:176030090:T:C,DBP,0.0047710,0.08411,425740,0.011270,0.00002871,425743,0.0082338,0.2619,318398,-0.0019793,0.3700,472174,0.0024000,0.8652,52313,-0.0023660,0.8538,11277,,,,,,
16:88531316:T:C,DBP,-0.0016240,0.5418,425740,0.0073790,0.004477,425743,-0.012916,0.07645,318398,0.0014469,0.5000,472174,-0.013700,0.3465,52313,0.014320,0.2586,11277,0.0081027,0.4786,18536,-0.0021015,0.8542,18536
10:129778431:A:G,DBP,0.0029460,0.2752,425740,0.0031310,0.2345,425743,0.016841,0.004444,318398,0.00032639,0.8800,472174,0.029100,0.03472,52313,0.021189,0.1014,11277,-0.0026710,0.7877,18536,-0.0079308,0.4239,18536
15:89868312:T:A,DBP,-0.012090,0.00002801,425740,-0.014980,1.016e-7,425743,-0.018822,0.001392,318398,0.0016776,0.4400,472174,,,,,,,,,,,,
1:203995105:G:A,DBP,-0.0058140,0.02782,425740,-0.011210,0.00001367,425743,-0.0099503,0.1478,318398,-0.00047894,0.8200,472174,-0.037400,0.009276,52313,0.023657,0.1110,11277,-0.0058496,0.6770,18536,-0.0086996,0.5355,18536
6:136034677:A:G,DBP,0.010210,0.0002442,425740,0.0062080,0.02215,425743,0.018979,0.0002648,318398,-0.0046166,0.03000,472174,0.029400,0.08175,52313,0.0063640,0.6207,11276,-0.010526,0.2922,18536,-0.010949,0.2732,18536
7:21580679:G:A,DBP,-0.0089970,0.0009212,425740,-0.0080680,0.002315,425743,-0.0099503,0.04030,318398,-0.00058141,0.7700,472174,-0.0097000,0.4757,52313,-0.0061990,0.6288,11277,,,,,,
1:117019988:G:C,DBP,-0.018230,3.971e-9,425740,-0.014650,0.000001228,425743,-0.024693,0.00003514,318398,-0.0016611,0.4900,472174,-0.019000,0.2285,52313,-0.024472,0.1063,11277,,,,,,
1:163139804:G:A,DBP,-0.0062300,0.2408,425740,0.017700,0.0006347,425743,0.022450,0.1120,318398,-0.0011548,0.7600,472174,0.033100,0.2229,52313,0.0010890,0.9554,11277,0.010208,0.5166,18536,0.017200,0.2744,18536
13:40799109:C:T,DBP,-0.0057840,0.03740,425740,-0.011010,0.00004834,425743,-0.0049875,0.4709,318398,0.0027702,0.2100,472174,0.0046000,0.7657,52313,0.010346,0.4959,11277,-0.0038598,0.7426,18536,-0.013565,0.2484,18536
10:116646237:G:A,DBP,-0.000073210,0.9779,425740,0.0050460,0.05021,425743,-0.00099950,0.8594,318398,-0.0034347,0.08700,472174,0.0053000,0.6927,52313,-0.017233,0.1836,11277,0.0012612,0.9030,18536,0.00019180,0.9852,18536
2:242665455:G:A,DBP,-0.012910,0.004017,425740,-0.029610,1.321e-11,425743,-0.023717,0.002763,318398,0.00039793,0.9100,472174,-0.042200,0.06537,52313,0.017716,0.3621,11277,0.021961,0.2255,18536,0.017330,0.3388,18536
8:77245410:G:A,DBP,0.013910,6.573e-7,425740,0.0031110,0.2543,425743,0.013998,0.002642,318398,-0.0033337,0.1300,472174,0.018800,0.1951,52313,0.0042140,0.7723,11277,-0.0043712,0.7154,18536,-0.016423,0.1707,18536
21:33781443:A:T,DBP,0.026010,8.751e-14,425740,0.012240,0.0003208,425743,0.017451,0.05997,318398,0.0014836,0.5700,472174,0.027700,0.09999,52313,0.025056,0.1401,11275,-0.0099696,0.4469,18536,-0.015592,0.2342,18536
2:242643817:A:T,DBP,-0.0062530,0.1163,425740,-0.020480,1.342e-7,425743,-0.013903,0.04756,318398,0.0021266,0.5000,472174,-0.017500,0.3117,52313,0.013677,0.3967,11277,0.0084489,0.5378,18536,0.0072449,0.5972,18536
2:242645108:A:C,DBP,-0.0065430,0.1021,425740,-0.020890,8.676e-8,425743,-0.014889,0.04096,318398,0.0020684,0.5100,472174,-0.017500,0.3108,52313,0.013491,0.4033,11276,0.0089859,0.5132,18536,0.0070769,0.6066,18536
21:38728090:T:TA,DBP,-0.018900,0.000005678,425740,-0.024210,2.535e-9,425743,-0.012916,0.2572,318398,-0.0014252,0.6600,472174,,,,,,,,,,,,
4:152254350:C:A,DBP,0.0017430,0.5023,425740,0.0087260,0.0005728,425743,0.017451,0.0008523,318398,-0.0014260,0.4800,472174,0.035500,0.008928,52313,-0.0086950,0.5064,11277,-0.0081264,0.4677,18536,-0.0086628,0.4389,18536
2:242654211:A:T,DBP,-0.010350,0.01520,425740,-0.024420,4.311e-9,425743,-0.019803,0.01090,318398,0.00067158,0.8400,472174,-0.038400,0.09486,52313,0.017057,0.3617,11277,0.024257,0.1600,18536,0.017557,0.3092,18536
10:17046804:G:T,DBP,-0.0028750,0.2663,425740,-0.0053590,0.03362,425743,-0.0099503,0.1292,318398,-0.0032655,0.1100,472174,-0.0050000,0.7153,52313,-0.0022810,0.8625,11276,-0.0022215,0.8297,18536,-0.0057470,0.5778,18536
10:126683485:A:G,DBP,0.0068490,0.009451,425740,0.0065370,0.01109,425743,0.0024029,0.7308,318398,-0.0038734,0.06100,472174,0.018400,0.2112,52313,0.0034700,0.7990,11277,-0.0036430,0.7367,18536,-0.00058371,0.9570,18536
2:242655374:A:G,DBP,-0.011030,0.01171,425740,-0.025190,3.510e-9,425743,-0.020783,0.008551,318398,0.00052844,0.8700,472174,,,,0.020243,0.2923,11248,0.023885,0.1662,18536,0.017169,0.3196,18536
9:136325462:C:T,DBP,0.0040570,0.1472,425740,0.013690,5.232e-7,425743,-0.0019980,0.7478,318398,-0.00016030,0.9400,472174,-0.0013000,0.9302,52313,0.012095,0.3508,11277,,,,,,
10:105005501:G:A,DBP,0.0021710,0.6612,425740,0.021450,0.000008995,425743,0.0045102,0.7295,318398,-0.010099,0.01100,472174,0.061100,0.06859,52313,0.063038,0.2675,11277,-0.046820,0.3275,18536,0.013825,0.7725,18536
19:44851398:T:C,DBP,-0.0030690,0.2357,425740,-0.0088160,0.0004784,425743,-0.0089597,0.04724,318398,0.00071807,0.7200,472174,-0.0035000,0.7948,52313,-0.0067420,0.6062,11277,-0.011090,0.2795,18536,-0.023149,0.02398,18536
2:242630863:A:C,DBP,-0.0053630,0.1706,425740,-0.019720,2.398e-7,425743,-0.014889,0.02598,318398,0.00097713,0.7500,472174,,,,,,,0.0065811,0.6223,18536,0.0044950,0.7365,18536
13:50018842:T:G,DBP,0.0012150,0.6372,425740,0.012740,4.003e-7,425743,-0.0079682,0.2615,318398,0.0057195,0.004700,472174,0.031400,0.02036,52313,-0.0022810,0.8648,11277,0.014419,0.1704,18536,0.014714,0.1618,18536
2:28661371:G:A,DBP,0.0065850,0.04700,425740,0.0032140,0.3203,425743,0.0099493,0.2566,318398,0.00074595,0.7800,472174,-0.0054000,0.7508,52313,0.0018440,0.9178,11277,0.0014061,0.9143,18536,-0.0056365,0.6661,18536
6:31352149:T:C,SBP,-0.0073510,0.1369,425740,0.0078260,0.1045,425743,0.018775,0.1512,318398,-0.0095843,0.0002600,472174,0.060800,0.0009815,52313,0.032543,0.1603,11277,0.0041913,0.8429,18536,-0.019115,0.3660,18536
12:112007756:C:T,DBP,-0.0087570,0.0004412,425740,-0.030330,9.646e-36,425743,-0.051643,5.280e-27,318398,0.015539,2.200e-14,472174,-0.073300,8.759e-8,52313,0.060280,0.003897,11277,-0.020501,0.2520,18536,-0.024145,0.1773,18536
12:2376294:C:A,DBP,0.016320,0.004146,425740,0.013110,0.01826,425743,0.039469,0.0007525,318398,0.0027983,0.5400,472174,0.012800,0.8343,52313,-0.058544,0.04126,11277,0.0020565,0.9312,18536,0.014071,0.5547,18536
16:15754468:G:T,DBP,0.0022280,0.4023,425740,0.0072830,0.004995,425743,0.022450,0.00001083,318398,-0.0060907,0.003500,472174,0.0054000,0.7019,52313,0.0029970,0.8388,11277,0.0022720,0.8477,18536,-0.00044662,0.9699,18536
1:1606159:TGC:T,DBP,0.0049840,0.05604,425740,-0.014670,8.033e-9,425743,0.0022024,0.7530,318398,,,,-0.00010000,0.9926,52313,,,,,,,,,
1:211476423:C:G,DBP,-0.0040580,0.1403,425740,-0.014030,1.707e-7,425743,-0.012916,0.006824,318398,-0.0016390,0.4400,472174,-0.016200,0.2973,52313,0.0045560,0.7235,11277,0.012939,0.1981,18536,0.016888,0.09299,18536
6:17688693:C:T,DBP,-0.0030800,0.4858,425740,0.015120,0.0004514,425743,-0.016857,0.1613,318398,-0.0011132,0.7500,472174,,,,-0.022679,0.3116,11276,-0.0074925,0.6882,18536,-0.014309,0.4435,18536
3:25422696:G:A,DBP,0.0072810,0.02200,425740,0.0088010,0.004533,425743,0.018470,0.003217,318398,0.00029321,0.9000,472174,0.020600,0.2247,52313,-0.0053660,0.7871,11277,0.024361,0.1998,18536,0.0054918,0.7725,18536
1:165540891:C:T,DBP,0.0034150,0.2172,425740,0.0046260,0.08658,425743,0.0021022,0.7743,318398,0.0015972,0.4400,472174,0.0097000,0.4785,52313,-0.010719,0.4725,11277,0.019440,0.2576,18536,0.031521,0.06642,18536
13:113634091:G:C,DBP,0.024230,9.812e-17,425740,0.0044680,0.1162,425743,0.029429,1.340e-7,318398,-0.0013354,0.5600,472174,,,,0.0073480,0.6084,11276,0.0037431,0.7753,18536,-0.0055754,0.6708,18536
10:4094815:TTA:T,DBP,,,,,,,,,,0.00014152,0.9700,472174,,,,,,,,,,,,
9:72992666:A:G,DBP,0.00065990,0.7980,425740,-0.013560,6.949e-8,425743,-0.00099950,0.9197,318398,0.0012016,0.5500,472174,0.0037000,0.7863,52313,0.00013500,0.9917,11276,0.015564,0.1495,18536,0.0093877,0.3846,18536
20:57728269:C:T,DBP,0.027680,6.692e-12,425740,0.032620,1.093e-16,425743,0.067744,4.718e-18,318398,0.00069396,0.8300,472174,0.15140,8.623e-17,52313,-0.016966,0.5471,11277,0.038293,0.1185,18536,0.058923,0.01629,18536
15:91437388:A:T,DBP,0.036660,4.073e-35,425740,0.021750,5.336e-14,425743,0.060706,2.497e-26,318398,0.0012517,0.5600,472174,0.084900,2.839e-8,52313,0.015274,0.3253,11277,0.034765,0.009943,18536,0.034366,0.01083,18536
7:150690176:C:T,DBP/HYPERTENSION,0.0087410,0.08322,425740,0.052900,5.972e-27,425743,0.10725,7.233e-27,318398,-0.0030474,0.4200,472174,0.17110,6.072e-11,52313,-0.0061920,0.9189,11277,0.029452,0.5676,18536,0.045653,0.3756,18536
6:127163126:C:T,DBP,0.030070,1.337e-32,425740,0.033880,6.256e-43,425743,0.037390,3.174e-16,318398,-0.00078814,0.7000,472174,0.047400,0.0004602,52313,0.0086810,0.4999,11277,0.011402,0.2771,18536,0.0052388,0.6175,18536
3:41977488:CCT:C,DBP,0.031460,7.465e-21,425740,-0.072730,3.485e-109,425743,-0.00099950,0.9102,318398,,,,-0.035900,0.02644,52313,-0.021705,0.2015,11277,,,,,,
2:26914364:C:T,DBP,-0.052690,5.432e-93,425740,-0.043930,1.779e-68,425743,-0.055435,1.677e-29,318398,0.00072156,0.7300,472174,-0.084000,5.769e-10,52313,0.00069800,0.9573,11277,-0.026553,0.02319,18536,-0.032072,0.006106,18536
9:136142203:A:C,DBP,,,,,,,,,,-0.0022058,0.3000,472174,,,,,,,-0.0097783,0.3274,18536,-0.011099,0.2663,18536
3:48282695:A:G,DBP,-0.012030,0.000008074,425740,-0.017520,2.631e-11,425743,-0.032467,6.798e-9,318398,0.0025497,0.2300,472174,-0.059400,0.0003765,52313,0.016328,0.2353,11277,-0.011250,0.2989,18536,-0.014796,0.1719,18536
20:10967214:T:G,DBP/HYPERTENSION,0.021490,1.481e-17,425740,0.035860,3.206e-48,425743,0.047616,2.194e-22,318398,-0.0030737,0.1200,472174,0.031800,0.01938,52313,-0.014939,0.2417,11277,0.033059,0.0008842,18536,0.021060,0.03416,18536
5:32832474:C:A,DBP/HYPERTENSION,0.036320,7.363e-45,425740,0.022240,1.089e-18,425743,0.060387,1.171e-33,318398,0.0031423,0.1200,472174,0.076400,2.358e-8,52313,-0.0038620,0.7703,11277,0.026791,0.006443,18536,0.031394,0.001411,18536
17:12047544:A:G,DBP,0.0047630,0.06155,425740,0.0054380,0.02862,425743,0.013389,0.01279,318398,-0.0026027,0.2000,472174,0.014100,0.3232,52313,-0.018093,0.1607,11277,-0.0055594,0.7386,18536,0.0047400,0.7760,18536
9:16906238:AC:A,DBP,0.0076530,0.01709,425740,-0.018070,7.758e-9,425743,0.0000,0.9696,318398,,,,0.014300,0.3920,52313,0.033748,0.1831,11277,,,,,,
20:48240673:G:A,DBP,-0.011480,0.00002393,425740,-0.011910,0.000006989,425743,-0.010940,0.04150,318398,0.00088400,0.6700,472174,-0.026200,0.05501,52313,0.010774,0.4636,11277,-0.0092183,0.4241,18536,0.00028850,0.9800,18536
16:64718148:C:T,DBP,0.0071960,0.007409,425740,0.011840,0.000006230,425743,0.014200,0.005361,318398,0.0028845,0.1600,472174,0.0072000,0.5966,52313,0.0098710,0.4771,11277,-0.014364,0.1752,18536,-0.014997,0.1570,18536
2:242642277:A:T,DBP,-0.0062850,0.1144,425740,-0.020490,1.323e-7,425743,-0.013903,0.04741,318398,0.0021010,0.5000,472174,-0.017400,0.3141,52313,0.013567,0.4009,11276,0.0087078,0.5248,18536,0.0080450,0.5568,18536
5:115728045:T:A,DBP,0.012940,0.000003610,425740,0.015860,5.850e-9,425743,0.011364,0.1248,318398,-0.0012056,0.5600,472174,,,,,,,,,,,,
19:50383636:T:C,DBP,-0.0086630,0.0006246,425740,-0.010390,0.00002595,425743,-0.022739,9.697e-7,318398,0.0033267,0.1000,472174,-0.039500,0.004168,52313,0.018273,0.1577,11277,-0.0049769,0.6444,18536,-0.013076,0.2252,18536
6:17302857:C:T,DBP,0.0022090,0.4807,425740,-0.010100,0.0009458,425743,-0.015873,0.01901,318398,0.00016942,0.9500,472174,-0.015900,0.3581,52313,-0.0090310,0.6400,11277,0.020889,0.1240,18536,0.017041,0.2095,18536
1:116227048:A:T,DBP,0.0029970,0.2508,425740,-0.010950,0.00001673,425743,-0.0049875,0.4881,318398,0.0027712,0.1700,472174,0.013800,0.3102,52313,0.010438,0.4279,11277,0.011144,0.2662,18536,0.023229,0.02046,18536
5:51720930:A:G,DBP,-0.0079000,0.001590,425740,-0.0081200,0.0008753,425743,-0.020783,0.00007701,318398,0.0017104,0.4000,472174,-0.014800,0.2747,52313,0.0037380,0.7947,11277,-0.0024407,0.8345,18536,-0.014312,0.2205,18536
8:120423129:C:T,DBP,0.042020,5.422e-44,425740,-0.042740,1.117e-47,425743,0.018062,0.0005762,318398,0.0010486,0.6600,472174,-0.0080000,0.6532,52313,0.014000,0.4329,11277,,,,,,
7:27242359:A:C,DBP,0.068790,7.180e-47,425740,0.046540,2.019e-23,425743,0.080126,4.340e-20,318398,0.012570,0.001000,472174,0.12820,2.684e-8,52313,0.011722,0.6376,11277,,,,,,
12:20190630:A:T,DBP,0.0028310,0.3221,425740,0.029590,2.606e-26,425743,0.040718,2.563e-13,318398,0.0022161,0.3200,472174,0.010400,0.5473,52313,0.0038180,0.7755,11277,0.030850,0.004924,18536,0.033274,0.002423,18536
12:115552878:G:C,DBP/HYPERTENSION,-0.031860,8.246e-35,425740,-0.024980,4.396e-23,425743,-0.043059,5.742e-18,318398,0.0012792,0.5300,472174,-0.072300,2.438e-7,52313,0.0061450,0.6377,11277,-0.032088,0.001338,18536,-0.025181,0.01183,18536
3:169113110:C:A,DBP,-0.016380,9.895e-11,425740,-0.030950,5.012e-36,425743,-0.021761,0.000003291,318398,0.00014494,0.9400,472174,-0.049600,0.0002915,52313,0.016375,0.1965,11277,-0.015430,0.1174,18536,-0.016035,0.1037,18536
16:20359633:C:T,DBP/HYPERTENSION,-0.0025060,0.4480,425740,-0.010880,0.0007279,425743,-0.037296,1.160e-8,318398,-0.000073640,0.9800,472174,,,,-0.022548,0.1787,11277,-0.035514,0.006444,18536,-0.031821,0.01465,18536
2:165008166:C:G,DBP,0.034860,1.950e-41,425740,0.027150,4.931e-27,425743,0.041760,4.439e-17,318398,-0.0016407,0.4200,472174,0.042200,0.002231,52313,0.0040180,0.7589,11277,0.030040,0.004239,18536,0.017410,0.09743,18536
12:90025622:G:A,DBP/HYPERTENSION,0.049340,1.043e-78,425740,0.030530,9.787e-33,425743,0.059750,6.096e-33,318398,0.00020760,0.9200,472174,0.066700,0.000007091,52313,-0.016938,0.1875,11276,0.051213,4.367e-7,18536,0.045238,0.000008091,18536
1:243463189:C:T,DBP,0.00068560,0.7985,425740,0.036570,2.676e-44,425743,0.027680,1.529e-7,318398,-0.00073453,0.7300,472174,,,,0.0028620,0.8245,11217,,,,,,
10:115789375:C:T,DBP,0.015230,5.538e-8,425740,0.024900,8.308e-20,425743,0.036145,1.812e-12,318398,0.0014446,0.5200,472174,0.089000,1.056e-8,52313,0.0079970,0.5992,11277,0.029267,0.008505,18536,0.034499,0.001924,18536
12:20373541:A:G,DBP,-0.025770,6.063e-20,425740,-0.029390,1.112e-26,425743,-0.043059,3.716e-15,318398,-0.00092373,0.6600,472174,,,,0.0059190,0.7054,11276,-0.013161,0.3022,18536,-0.024398,0.05579,18536
20:10471729:C:A,DBP,0.011870,0.000004024,425740,-0.031650,1.953e-36,425743,0.0048116,0.4851,318398,-0.000078740,0.9700,472174,-0.0079000,0.5816,52313,-0.013181,0.3291,11277,-0.0035867,0.8087,18536,-0.0059643,0.6873,18536
20:10743612:A:T,DBP,0.00031810,0.9151,425740,-0.027520,3.042e-21,425743,-0.022739,0.0003134,318398,0.0015544,0.4900,472174,,,,0.017430,0.3257,11237,,,,,,
19:30302546:C:T,DBP,-0.0026520,0.3231,425740,0.030160,1.024e-30,425743,0.0016013,0.8206,318398,0.0048144,0.02000,472174,,,,,,,,,,,,
2:242640659:G:A,DBP,-0.0062510,0.1168,425740,-0.020420,1.505e-7,425743,-0.020783,0.05497,318398,0.0020583,0.5100,472174,-0.017000,0.3254,52313,0.013476,0.4040,11277,0.0088741,0.5175,18536,0.0081665,0.5515,18536
16:69536569:A:T,DBP,0.0018880,0.4910,425740,-0.0065610,0.01411,425743,-0.00099950,0.9376,318398,-0.0022488,0.2900,472174,-0.0095000,0.4945,52313,-0.024079,0.09351,11257,0.037096,0.009963,18536,0.035326,0.01412,18536
8:26669717:T:A,DBP,0.014580,2.266e-7,425740,0.014350,1.778e-7,425743,0.0077298,0.2992,318398,-0.00045353,0.8300,472174,0.010200,0.4785,52313,0.0095040,0.4730,11277,0.0063992,0.5891,18536,0.0062483,0.5979,18536
20:44792921:T:C,DBP,-0.0040430,0.1538,425740,0.00094450,0.7326,425743,-0.0069756,0.3795,318398,0.0013678,0.5300,472174,0.016400,0.2494,52313,0.0020620,0.8772,11267,0.0047218,0.6479,18536,0.0023798,0.8180,18536
1:97611307:T:C,DBP,0.0055030,0.1407,425740,0.017160,0.000002467,425743,0.016028,0.1067,318398,-0.0015467,0.5700,472174,,,,,,,,,,,,
18:72917237:T:C,DBP,-0.0082330,0.001851,425740,-0.013920,6.740e-8,425743,-0.0069756,0.3419,318398,0.00077284,0.7000,472174,-0.0096000,0.4889,52313,-0.010085,0.4526,11277,-0.0048252,0.6659,18536,0.0027903,0.8028,18536
9:101744413:T:G,DBP,-0.012410,0.0003623,425740,0.024260,8.813e-13,425743,-0.00099950,0.9518,318398,-0.0018160,0.5000,472174,0.027000,0.1786,52313,0.0046660,0.7615,11276,-0.023979,0.04076,18536,0.00082431,0.9439,18536
14:50512111:C:T,DBP,-0.021890,0.00005624,425740,-0.00045710,0.9313,425743,-0.034401,0.002241,318398,0.0013039,0.7300,472174,-0.049500,0.02474,52313,0.082560,0.07827,11277,-0.045370,0.2854,18536,-0.047292,0.2655,18536
2:242647197:A:G,DBP,-0.010460,0.01339,425740,-0.024690,2.147e-9,425743,-0.019803,0.01038,318398,0.0013682,0.6700,472174,-0.045200,0.05771,52313,0.015318,0.4100,11277,0.021193,0.2266,18536,0.012361,0.4806,18536
8:53386563:C:T,DBP,-0.0050170,0.07872,425740,-0.0040920,0.1415,425743,-0.0049875,0.5090,318398,0.00079767,0.7200,472174,-0.0039000,0.7877,52313,-0.016595,0.2261,11276,0.0035292,0.7475,18536,0.0011700,0.9150,18536
11:10273128:C:T,DBP,0.026540,1.689e-16,425740,0.027950,5.607e-19,425743,0.042908,7.308e-12,318398,0.00011271,0.9600,472174,0.051400,0.0007978,52313,-0.011558,0.4526,11276,0.023030,0.06085,18536,0.017838,0.1465,18536
2:183211443:G:A,DBP,-0.0061320,0.02273,425740,-0.022590,7.724e-18,425743,-0.021761,0.00006077,318398,0.00042574,0.8400,472174,-0.058300,0.00004461,52313,-0.0089210,0.4867,11277,-0.0093204,0.3830,18536,-0.0076027,0.4767,18536
11:61278246:T:C,DBP,-0.026490,9.471e-11,425740,-0.032770,2.209e-16,425743,-0.060154,7.942e-15,318398,0.0010123,0.7400,472174,-0.058500,0.001137,52313,0.0073090,0.6199,11277,-0.020394,0.1256,18536,-0.0049529,0.7099,18536
11:16304089:A:C,DBP,0.025810,5.783e-16,425740,0.021350,6.695e-12,425743,0.036042,1.355e-9,318398,0.0011695,0.6400,472174,0.039800,0.03693,52313,-0.00060500,0.9685,11274,,,,,,
11:1887806:T:A,DBP,0.033540,2.346e-37,425740,0.020580,9.294e-16,425743,0.046358,1.722e-21,318398,-0.0014619,0.4700,472174,0.055800,0.00004226,52313,-0.0040980,0.7572,11274,,,,,,
6:150999751:C:T,DBP,-0.035280,4.063e-12,425740,-0.033210,2.198e-11,425743,-0.070458,6.599e-14,318398,0.0022056,0.5600,472174,-0.085900,0.0001019,52313,0.025765,0.1243,11277,-0.063981,8.494e-7,18536,-0.045436,0.0004714,18536
10:18890450:T:TCTCTAGTGAGGAAAACCA,DBP,,,,,,,,,,0.0034731,0.09300,472174,0.017300,0.1978,52313,,,,,,,,,
21:18930412:T:A,DBP,-0.0041510,0.1294,425740,-0.015490,6.529e-9,425743,-0.014889,0.005007,318398,0.031784,0.1500,472174,,,,,,,,,,,,
15:73663903:A:T,DBP,0.00018260,0.9573,425740,-0.015380,0.000003779,425743,0.0033055,0.7131,318398,0.0015422,0.5700,472174,-0.030000,0.07269,52313,0.027762,0.1918,11277,0.0037319,0.8279,18536,0.013015,0.4485,18536
6:22859147:C:T,DBP,-0.0072200,0.02892,425740,-0.0054330,0.09193,425743,-0.019803,0.001822,318398,0.0033846,0.1900,472174,-0.026300,0.1909,52313,-0.024001,0.1273,11277,-0.015023,0.2187,18536,-0.0083769,0.4928,18536
18:53099021:C:T,DBP,0.0062840,0.01641,425740,0.0097250,0.0001401,425743,-0.00099950,0.8340,318398,-0.0022923,0.2700,472174,0.028000,0.04436,52313,0.00085000,0.9505,11277,0.0088613,0.3991,18536,0.020801,0.04775,18536
2:242663935:G:C,DBP,-0.010910,0.01348,425740,-0.025080,5.783e-9,425743,-0.020783,0.008721,318398,-0.00038844,0.9100,472174,-0.038600,0.09275,52313,0.022265,0.2746,11277,0.017728,0.3654,18536,0.016532,0.3986,18536
9:109836705:C:A,DBP,0.013140,0.0009806,425740,0.0091000,0.01924,425743,0.021428,0.008817,318398,-0.0034388,0.2600,472174,0.017100,0.4591,52313,-0.000079000,0.9967,11276,0.0052856,0.7329,18536,0.024008,0.1210,18536
3:167290798:T:C,DBP,0.0063470,0.04121,425740,0.0097440,0.001313,425743,0.012680,0.01899,318398,-0.0053695,0.02500,472174,0.020200,0.1965,52313,-0.015121,0.3542,11277,0.010430,0.3900,18536,0.016669,0.1695,18536
22:34083187:C:G,DBP,0.0061860,0.08740,425740,0.0087160,0.01354,425743,0.020305,0.007673,318398,0.00030409,0.9100,472174,0.012000,0.4709,52313,-0.0027310,0.8746,11248,,,,,,
10:45592315:T:C,DBP,-0.010150,0.04751,425740,-0.015750,0.001616,425743,-0.021761,0.03918,318398,0.0023375,0.5500,472174,-0.016200,0.4706,52313,-0.019732,0.6538,11277,,,,,,
9:136535677:G:A,DBP,-0.026610,1.625e-8,425740,-0.032470,1.617e-12,425743,-0.054488,4.925e-9,318398,-0.0043503,0.2600,472174,-0.038600,0.1424,52313,-0.015910,0.8199,11277,,,,,,
10:18443726:T:C,DBP,0.020020,3.134e-15,425740,0.020870,3.465e-17,425743,0.037702,2.674e-15,318398,-0.0015889,0.4300,472174,0.056400,0.00003213,52313,0.029107,0.02279,11276,0.020168,0.03952,18536,0.025172,0.01019,18536
2:179725237:G:T,DBP,-0.0072380,0.09524,425740,0.051100,1.418e-33,425743,0.019897,0.08428,318398,0.0038240,0.2800,472174,,,,,,,-0.060265,0.1381,18536,-0.043415,0.2854,18536
2:145720139:A:G,DBP,0.021690,3.153e-13,425740,0.033840,2.141e-31,425743,0.029120,3.248e-7,318398,-0.0016890,0.4700,472174,0.031800,0.03804,52313,0.0093460,0.5896,11276,0.019136,0.1888,18536,0.016828,0.2478,18536
5:122653399:G:A,DBP,-0.013280,2.078e-7,425740,0.030610,1.258e-34,425743,-0.0039920,0.5611,318398,-0.0024016,0.2400,472174,-0.018300,0.1749,52313,0.0042000,0.7595,11277,-0.017837,0.1363,18536,-0.0037744,0.7526,18536
17:47379486:T:C,DBP,0.011810,0.000008277,425740,0.021890,2.477e-17,425743,0.041135,1.212e-15,318398,0.00056622,0.7900,472174,0.037100,0.006551,52313,0.0011860,0.9478,11272,-0.0072563,0.6009,18536,0.021645,0.1187,18536
5:157814228:T:C,DBP,-0.019560,1.369e-13,425740,-0.011740,0.000005250,425743,-0.028587,1.874e-8,318398,-0.00096670,0.6400,472174,-0.029800,0.03551,52313,-0.011220,0.3843,11274,-0.032353,0.001310,18536,-0.021935,0.02933,18536
17:7781019:T:C,DBP,0.026600,5.737e-10,425740,0.048340,7.593e-31,425743,0.057311,4.855e-12,318398,0.012419,0.0002200,472174,0.053500,0.003895,52313,0.016837,0.3685,11277,0.021692,0.1257,18536,0.039412,0.005398,18536
11:130280725:C:A,DBP,-0.035890,1.880e-42,425740,0.042470,1.177e-61,425743,-0.0019980,0.7309,318398,-0.0010913,0.6000,472174,0.017100,0.2173,52313,0.0052230,0.7054,11277,-0.020687,0.06031,18536,-0.010792,0.3271,18536
6:32605884:C:T,DBP,-0.026110,5.608e-7,425740,-0.041860,1.949e-16,425743,0.0029042,0.8351,318398,-0.027857,3.800e-23,472174,,,,,,,0.0046344,0.8270,18536,0.018284,0.3886,18536
7:151413124:T:C,DBP,0.032730,6.043e-31,425740,0.019980,4.460e-13,425743,0.041551,4.321e-14,318398,-0.0059761,0.007600,472174,0.045300,0.004844,52313,-0.0097710,0.6578,11277,-0.033410,0.07525,18536,-0.014676,0.4346,18536
5:173356752:G:C,DBP,-0.0053500,0.05088,425740,-0.022060,1.535e-16,425743,-0.035367,1.013e-10,318398,0.0021959,0.3200,472174,-0.018100,0.1880,52313,0.022919,0.2383,11277,-0.013289,0.4200,18536,-0.030540,0.06385,18536
6:51838263:A:G,DBP,0.0029210,0.2713,425740,0.023940,2.375e-20,425743,0.011061,0.02334,318398,-0.000079000,0.9700,472174,0.024200,0.07387,52313,0.022150,0.1016,11277,0.014175,0.1631,18536,0.019350,0.05690,18536
5:127845030:C:A,DBP,0.033240,3.800e-38,425740,0.025640,1.710e-24,425743,0.044997,2.010e-18,318398,0.0026297,0.2000,472174,0.064400,0.000005467,52313,0.017292,0.1911,11277,0.0081154,0.4207,18536,-0.0015301,0.8793,18536
4:156645513:C:A,DBP,-0.019410,2.843e-11,425740,-0.027320,7.618e-22,425743,-0.031499,5.529e-9,318398,0.0043635,0.06400,472174,-0.065800,0.00003632,52313,0.0028470,0.8493,11277,-0.024255,0.03321,18536,-0.024247,0.03327,18536
3:133940530:A:G,DBP,0.022860,4.311e-19,425740,0.023360,8.489e-21,425743,0.036353,1.283e-15,318398,0.0025836,0.2000,472174,0.039100,0.003878,52313,0.0034690,0.7874,11277,0.014261,0.1831,18536,0.0020331,0.8495,18536
15:94214587:A:T,DBP,0.0073480,0.006530,425740,0.0040190,0.1272,425743,0.0094445,0.03467,318398,-0.00094446,0.6500,472174,0.029000,0.04589,52313,-0.018067,0.1832,11277,,,,,,
1:232715237:A:T,DBP,-0.0082470,0.001537,425740,-0.0073230,0.003933,425743,-0.0099503,0.03647,318398,-0.0028510,0.1600,472174,-0.014500,0.2858,52313,-0.016226,0.2378,11276,-0.0057542,0.6198,18536,-0.0031577,0.7854,18536
4:187818466:G:A,DBP,-0.0046130,0.1051,425740,-0.0088310,0.001469,425743,-0.012916,0.07886,318398,-0.0014051,0.5200,472174,-0.015100,0.3108,52313,-0.00066300,0.9606,11277,0.0068430,0.4899,18536,0.0053377,0.5902,18536
12:32659277:G:A,DBP,0.0095880,0.0004069,425740,0.0070190,0.007963,425743,0.0081330,0.2582,318398,0.0025761,0.2200,472174,0.018300,0.2235,52313,0.0068390,0.6080,11277,-0.0034885,0.7585,18536,0.013520,0.2335,18536
2:242642194:T:C,DBP,-0.0062850,0.1144,425740,-0.020490,1.323e-7,425743,-0.013903,0.04741,318398,0.0016769,0.5900,472174,-0.017400,0.3140,52313,0.013569,0.4009,11277,0.0087078,0.5248,18536,0.0080450,0.5568,18536
2:179691793:T:C,DBP,-0.0078270,0.1900,425740,0.029960,2.703e-7,425743,0.027268,0.08570,318398,0.0086552,0.05000,472174,0.021900,0.5401,52313,-0.0085550,0.5965,11276,-0.0021228,0.8590,18536,0.0055955,0.6397,18536
2:235793752:C:T,DBP,-0.011590,0.01527,425740,-0.0074170,0.1115,425743,-0.015873,0.2177,318398,-0.0024589,0.4800,472174,-0.045300,0.05889,52313,,,,0.026090,0.3110,18536,0.020683,0.4219,18536
4:89795609:C:T,DBP,-0.013320,0.00005550,425740,0.0013340,0.6789,425743,-0.012916,0.02748,318398,0.0012045,0.6500,472174,-0.010100,0.4929,52313,0.0097660,0.4511,11277,,,,,,
18:55732115:G:T,DBP,-0.00080630,0.8565,425740,-0.0065050,0.1346,425743,-0.021761,0.005871,318398,0.0034985,0.3000,472174,0.029100,0.2684,52313,0.038202,0.3749,11277,,,,,,
6:111904737:T:C,DBP,0.0031600,0.2188,425740,0.0067570,0.007017,425743,0.0024029,0.7291,318398,0.0016444,0.4200,472174,0.011200,0.4108,52313,-0.0073240,0.5827,11277,,,,,,
10:102556453:G:A,DBP,0.0076610,0.05307,425740,0.013570,0.0004423,425743,0.0050125,0.6311,318398,0.0031990,0.3200,472174,-0.022500,0.4165,52313,-0.027906,0.4447,11277,0.0060147,0.8555,18536,0.025083,0.4475,18536
6:26093141:G:A,DBP,-0.0011450,0.8265,425740,0.042800,4.489e-17,425743,0.038325,0.00005489,318398,0.0073373,0.05600,472174,0.10650,0.002751,52313,-0.16210,0.2629,11277,-0.096248,0.4171,18536,-0.076561,0.5186,18536
10:64533904:T:A,DBP,-0.010650,0.00004435,425740,-0.020620,5.254e-16,425743,-0.023717,0.000007122,318398,-0.0067522,0.0009400,472174,-0.026400,0.05968,52313,-0.017992,0.1746,11277,0.0094990,0.3490,18536,0.0076080,0.4532,18536
2:97015073:T:C,DBP,-0.0086270,0.001663,425740,0.025090,6.820e-21,425743,0.0068232,0.3509,318398,0.0030386,0.1600,472174,0.0079000,0.5599,52313,0.0020330,0.8968,11277,-0.0021664,0.8593,18536,0.0058302,0.6333,18536
11:10675738:A:G,DBP,-0.018950,5.195e-12,425740,-0.023360,2.770e-18,425743,-0.011929,0.01470,318398,-0.0010004,0.6500,472174,0.015600,0.2730,52313,0.0016540,0.9277,11277,-0.0081189,0.5786,18536,0.00087407,0.9523,18536
1:51344955:TGAATC:T,DBP,-0.010620,0.01506,425740,0.052230,1.562e-34,425743,0.0095454,0.4137,318398,,,,,,,,,,,,,,,
15:96637443:T:C,DBP,-0.0075240,0.007485,425740,-0.027840,3.470e-24,425743,-0.016857,0.004166,318398,0.0056535,0.008200,472174,-0.0080000,0.5836,52313,0.012253,0.3708,11276,-0.017304,0.08163,18536,-0.0089917,0.3655,18536
7:129685597:G:A,DBP,-0.0059080,0.02936,425740,-0.021490,4.415e-16,425743,-0.039221,7.629e-14,318398,0.012548,2.000e-9,472174,,,,-0.012305,0.4269,11274,-0.023745,0.08381,18536,-0.027039,0.04896,18536
9:22093299:A:T,DBP,-0.0095510,0.0001967,425740,-0.033630,3.490e-41,425743,0.029738,8.149e-10,318398,0.00086241,0.6700,472174,,,,,,,,,,,,
10:121433675:C:T,DBP,0.0091040,0.003157,425740,-0.028190,7.223e-21,425743,-0.033435,1.154e-7,318398,-0.0037893,0.1200,472174,-0.019300,0.2373,52313,0.0013610,0.9322,11277,-0.034535,0.02226,18536,-0.048309,0.001386,18536
15:41311799:T:C,DBP,-0.014820,5.515e-9,425740,-0.013060,1.359e-7,425743,-0.036332,7.019e-12,318398,-0.0010845,0.5900,472174,-0.028100,0.04631,52313,0.013695,0.2836,11277,-0.011657,0.2998,18536,-0.0066452,0.5545,18536
4:106911742:G:C,DBP,0.027440,2.464e-20,425740,0.024830,1.004e-17,425743,0.030975,2.488e-9,318398,0.0013264,0.5700,472174,0.056800,0.001575,52313,0.014624,0.3050,11277,0.039217,0.0003379,18536,0.023818,0.02949,18536
7:89761619:A:G,DBP,0.0028090,0.3181,425740,-0.026920,1.017e-22,425743,-0.0099503,0.1626,318398,-0.0015086,0.4500,472174,,,,,,,,,,,,
19:49214274:G:A,DBP,-0.0027330,0.2749,425740,0.0036860,0.1311,425743,0.0064206,0.3333,318398,-0.0012642,0.5300,472174,0.0036000,0.7918,52313,-0.012356,0.3779,11277,0.00079676,0.9432,18536,-0.0074071,0.5074,18536
3:134400448:C:T,DBP,0.0064410,0.01264,425740,0.0095040,0.0001616,425743,0.0071253,0.2978,318398,0.0012013,0.5500,472174,0.0012000,0.9326,52313,0.0015020,0.9168,11277,0.019965,0.05974,18536,0.016061,0.1299,18536
4:119979778:A:C,DBP,0.0047770,0.2165,425740,-0.018720,6.863e-7,425743,-0.0019980,0.8686,318398,0.0043133,0.1600,472174,0.018700,0.3713,52313,-0.0013530,0.9339,11276,,,,,,
16:26172700:A:T,DBP,0.012520,0.000001185,425740,0.010160,0.00005312,425743,0.012376,0.07198,318398,-0.0029870,0.1400,472174,,,,,,,,,,,,
4:146871588:C:T,DBP,-0.0088310,0.0005973,425740,-0.0021480,0.3920,425743,-0.014889,0.001982,318398,-0.0029845,0.1500,472174,-0.0070000,0.6134,52313,-0.022360,0.1290,11277,-0.0046545,0.6800,18536,-0.0060052,0.5946,18536
11:62407484:G:A,DBP,-0.0020690,0.7058,425740,-0.022110,0.00003522,425743,0.0013008,0.9306,318398,-0.0021171,0.5900,472174,-0.054700,0.1159,52313,-0.037959,0.4520,11275,,,,,,
11:4666810:A:G,DBP,0.0028840,0.3836,425740,0.0094130,0.003552,425743,-0.0029955,0.7240,318398,0.0070271,0.006400,472174,-0.021400,0.2733,52313,0.028471,0.1844,11277,0.038260,0.01972,18536,0.026927,0.1008,18536
11:101027344:G:A,DBP,-0.0091050,0.01038,425740,-0.010330,0.002865,425743,-0.012916,0.04334,318398,0.0036911,0.1800,472174,-0.0021000,0.9086,52313,0.010786,0.6536,11276,0.0042881,0.8311,18536,-0.0028342,0.8879,18536
4:71961485:A:G,DBP,0.0063580,0.03541,425740,0.0099930,0.0006989,425743,0.010050,0.2096,318398,0.00063197,0.7900,472174,0.0075000,0.6151,52313,0.0023900,0.8762,11277,0.0078878,0.5347,18536,0.024760,0.05132,18536
7:30934659:C:T,DBP,0.045340,3.333e-16,425740,0.026770,7.840e-7,425743,0.033660,0.0006844,318398,-0.00029971,0.9400,472174,0.038200,0.1575,52313,-0.0022920,0.9036,11277,0.015878,0.2744,18536,0.027639,0.05708,18536
6:133916162:A:G,DBP,-0.019750,0.001582,425740,-0.025360,0.00003207,425743,-0.022739,0.04717,318398,0.0016005,0.7400,472174,-0.019900,0.3616,52313,0.020771,0.4947,11277,-0.0010737,0.9728,18536,0.0047339,0.8806,18536
1:204492631:C:A,DBP,-0.00044420,0.8707,425740,0.031210,9.101e-32,425743,-0.0069756,0.3510,318398,0.00017883,0.9400,472174,,,,,,,,,,,,
1:201746768:G:A,DBP,0.017550,1.446e-11,425740,-0.023940,3.530e-21,425743,0.0081330,0.2400,318398,-0.0023878,0.2500,472174,-0.026200,0.05815,52313,,,,,,,,,
16:89711120:C:T,DBP,0.0000058530,0.9982,425740,-0.019610,4.568e-15,425743,-0.027615,1.480e-7,318398,0.000091100,0.9600,472174,-0.014300,0.3039,52313,-0.026780,0.06928,11277,-0.033597,0.005506,18536,-0.039588,0.001072,18536
5:157509770:A:G,DBP,0.019290,5.901e-11,425740,0.012300,0.00001890,425743,0.026036,0.000002265,318398,-0.0019933,0.3800,472174,0.048200,0.002945,52313,0.0040490,0.7939,11277,0.0013457,0.9284,18536,0.023036,0.1241,18536
6:79791042:A:G,DBP,0.019400,2.736e-13,425740,0.021370,1.527e-16,425743,0.035213,3.824e-11,318398,-0.0012084,0.5600,472174,0.041200,0.002719,52313,0.0089170,0.4963,11277,,,,,,
5:75003678:T:C,DBP,-0.0053050,0.03743,425740,0.028780,5.545e-31,425743,-0.011929,0.08101,318398,-0.0018943,0.3600,472174,0.020800,0.1276,52313,-0.0058020,0.6504,11277,-0.021153,0.03234,18536,-0.0022167,0.8225,18536
1:3328659:C:T,DBP,0.013710,0.00009423,425740,0.021140,6.619e-10,425743,0.031284,6.623e-7,318398,-0.0032252,0.2600,472174,0.048900,0.02539,52313,-0.0067950,0.7836,11277,0.030980,0.1244,18536,0.036042,0.07384,18536
18:42202927:G:A,DBP,0.016510,1.711e-8,425740,0.020980,2.073e-13,425743,0.010859,0.03707,318398,-0.0012114,0.6000,472174,0.030600,0.03458,52313,0.020269,0.2065,11277,-0.0058711,0.6752,18536,0.0056233,0.6881,18536
5:148366371:T:C,DBP,-0.017620,2.120e-7,425740,-0.021330,1.186e-10,425743,-0.047837,3.133e-13,318398,0.0010531,0.6800,472174,-0.032400,0.02888,52313,0.031075,0.04427,11277,0.0067777,0.5642,18536,0.013295,0.2580,18536
15:48801804:A:G,DBP,-0.045840,2.049e-28,425740,0.046850,4.857e-31,425743,-0.018822,0.09451,318398,0.0026840,0.4300,472174,,,,0.047435,0.05187,11215,,,,,,
6:152397912:A:AC,DBP,0.027350,1.245e-11,425740,-0.040080,2.497e-24,425743,0.020815,0.007300,318398,-0.0058260,0.06500,472174,-0.0047000,0.7864,52313,0.0086220,0.5860,11276,,,,,,
17:44248837:T:C,DBP,-0.0059350,0.05447,425740,-0.0080750,0.007300,425743,0.013491,0.1018,318398,0.0025059,0.3600,472174,,,,,,,-0.018138,0.5697,18536,0.0071287,0.8232,18536
7:45990641:T:C,DBP,-0.042320,3.164e-61,425740,0.022280,5.099e-19,425743,-0.016857,0.0004270,318398,-0.0034767,0.08400,472174,-0.00060000,0.9669,52313,-0.010119,0.4428,11277,,,,,,
10:30333623:A:T,DBP,0.016350,1.120e-9,425740,-0.031510,2.272e-33,425743,0.013693,0.007243,318398,-0.0039259,0.06100,472174,,,,,,,,,,,,
15:71609306:G:C,DBP,0.0085560,0.001490,425740,-0.030000,3.405e-30,425743,-0.015873,0.0007928,318398,0.0010678,0.6100,472174,0.0077000,0.5983,52313,-0.017061,0.1779,11277,0.023190,0.01963,18536,0.015269,0.1244,18536
15:79058013:C:T,DBP,0.0022800,0.4341,425740,0.027930,8.918e-23,425743,0.013592,0.02097,318398,-0.0021412,0.3600,472174,0.027400,0.05587,52313,,,,,,,,,
21:39819830:C:T,DBP,0.0083560,0.003987,425740,0.023080,3.545e-16,425743,0.020203,0.0004865,318398,0.00064496,0.7600,472174,-0.010300,0.4732,52313,-0.0010960,0.9397,11277,0.025334,0.06422,18536,0.031222,0.02256,18536
1:22318517:G:A,DBP,0.015060,6.077e-8,425740,0.014020,2.325e-7,425743,0.010657,0.01752,318398,0.0021329,0.3100,472174,0.039200,0.003994,52313,,,,-0.015432,0.1378,18536,-0.0091574,0.3786,18536
16:50579394:T:C,DBP,-0.0097580,0.001144,425740,-0.0093930,0.001327,425743,-0.0059821,0.4638,318398,0.0035510,0.1400,472174,-0.031100,0.03270,52313,0.0041980,0.7865,11277,-0.030750,0.06621,18536,-0.017973,0.2830,18536
6:41471608:A:C,DBP,-0.0011310,0.6837,425740,0.012970,0.000001659,425743,0.0056157,0.4478,318398,-0.00087803,0.6800,472174,,,,-0.022703,0.1263,11276,,,,,,
19:32457504:A:C,DBP,-0.010330,0.00005507,425740,-0.010710,0.00001827,425743,-0.0079682,0.2514,318398,0.0041615,0.04000,472174,-0.0039000,0.7784,52313,-0.028937,0.03984,11277,-0.020358,0.08763,18536,-0.021115,0.07648,18536
7:14375977:A:G,DBP,-0.0077440,0.005973,425740,-0.0019140,0.4860,425743,-0.0089597,0.2543,318398,-0.0015137,0.4800,472174,-0.018500,0.2066,52313,-0.027309,0.04622,11277,-0.014995,0.3353,18536,-0.025030,0.1078,18536
7:150747650:G:T,DBP,0.015720,0.003784,425740,0.021910,0.00003507,425743,0.020509,0.03468,318398,0.0099804,0.02100,472174,0.018100,0.6002,52313,0.010248,0.8333,11277,0.017527,0.6080,18536,-0.0068100,0.8420,18536
16:73822221:G:A,DBP,-0.0050630,0.1444,425740,-0.013280,0.00008724,425743,-0.0059821,0.4964,318398,0.0033023,0.2100,472174,-0.0022000,0.9040,52313,-0.0024260,0.9034,11277,-0.040713,0.01333,18536,-0.032124,0.05085,18536
2:19006214:G:A,DBP,0.021080,1.075e-10,425740,0.010070,0.001558,425743,0.018368,0.01925,318398,0.00096926,0.6800,472174,0.019300,0.2990,52313,-0.0029740,0.8655,11277,0.00015022,0.9916,18536,0.0095079,0.5065,18536
6:137796462:G:T,DBP,0.010390,0.002018,425740,0.010400,0.001530,425743,0.013288,0.04226,318398,0.0029756,0.2700,472174,0.027600,0.1830,52313,0.0024190,0.8877,11277,-0.0044839,0.7591,18536,-0.0032603,0.8236,18536
19:11285390:G:A,DBP,0.0054080,0.04776,425740,0.0048730,0.06741,425743,0.012275,0.03824,318398,-0.000071690,0.9700,472174,0.027200,0.04544,52313,0.0093630,0.4787,11277,0.024058,0.03549,18536,0.016327,0.1536,18536
15:42124673:G:C,DBP,-0.010880,0.00004102,425740,0.020760,1.031e-15,425743,0.013085,0.06355,318398,0.021444,7.300e-24,472174,-0.015600,0.2592,52313,0.024883,0.06988,11277,-0.00092095,0.9296,18536,-0.00025696,0.9803,18536
3:57765862:T:C,DBP,0.0029760,0.2486,425740,0.024140,8.448e-22,425743,0.013288,0.05349,318398,0.0012869,0.5200,472174,-0.0071000,0.5981,52313,0.0079220,0.5390,11276,,,,,,
12:115934758:G:A,DBP,-0.011070,0.00007116,425740,-0.015110,2.753e-8,425743,-0.030529,3.304e-8,318398,-0.0033707,0.1300,472174,-0.036200,0.02185,52313,-0.0087610,0.5789,11277,-0.0099098,0.4271,18536,-0.0076435,0.5402,18536
7:2565268:C:A,DBP,-0.011090,0.0002258,425740,-0.018020,7.965e-10,425743,-0.010940,0.02622,318398,-0.0033136,0.1600,472174,,,,-0.010477,0.4801,11277,-0.016498,0.2092,18536,-0.011873,0.3661,18536
2:144204338:C:T,DBP,-0.010360,0.00007627,425740,-0.028440,8.108e-29,425743,-0.027615,2.512e-8,318398,0.0018205,0.3800,472174,,,,,,,,,,,,
8:23400615:C:T,DBP,0.010670,0.0002808,425740,0.020900,2.960e-13,425743,0.031078,1.571e-7,318398,0.0027821,0.2300,472174,0.017800,0.2443,52313,-0.013951,0.2831,11277,0.0017343,0.8604,18536,0.0032087,0.7448,18536
2:19711073:C:A,DBP,-0.016460,5.933e-9,425740,0.031110,1.665e-29,425743,-0.010940,0.1457,318398,-0.0028391,0.1900,472174,0.0036000,0.8102,52313,-0.0094720,0.5181,11275,-0.028056,0.04027,18536,0.012408,0.3644,18536
4:103732866:C:T,DBP,0.00023750,0.9326,425740,-0.023080,3.500e-17,425743,-0.024693,0.000005155,318398,0.0027253,0.2000,472174,-0.034500,0.01367,52313,-0.0034390,0.7941,11277,-0.015662,0.2207,18536,-0.020590,0.1074,18536
12:123659542:C:T,DBP,0.0010980,0.7322,425740,0.023870,2.454e-14,425743,0.0088389,0.3010,318398,0.018804,7.400e-14,472174,0.0040000,0.8205,52313,0.031593,0.03866,11277,0.021002,0.09715,18536,0.030646,0.01550,18536
3:14889756:T:C,DBP,-0.011940,0.00004080,425740,-0.0093140,0.001029,425743,-0.041142,3.225e-12,318398,-0.0010729,0.6300,472174,-0.039300,0.01329,52313,-0.021973,0.1365,11277,-0.014872,0.2228,18536,-0.011539,0.3443,18536
1:25030470:C:T,DBP,0.011470,0.0001094,425740,0.015330,1.155e-7,425743,0.021632,0.00003776,318398,0.0027051,0.2400,472174,,,,0.0093230,0.4800,11253,0.012924,0.2146,18536,0.0093711,0.3682,18536
16:1987049:C:A,DBP,0.021360,0.00001896,425740,0.015520,0.001438,425743,0.022348,0.09158,318398,-0.0023483,0.5600,472174,-0.039400,0.09290,52313,-0.092299,0.09979,11276,0.15210,0.1010,18536,0.21096,0.02291,18536
19:18460956:G:A,DBP/HYPERTENSION,-0.019740,2.429e-11,425740,-0.0093260,0.001221,425743,-0.040182,5.813e-12,318398,0.00063263,0.7800,472174,,,,-0.0019510,0.8855,11277,-0.012201,0.2944,18536,0.00031188,0.9786,18536
14:59418274:G:A,DBP,-0.0034610,0.2179,425740,0.010710,0.00009214,425743,-0.0029955,0.7124,318398,-0.0012086,0.5700,472174,0.020800,0.1307,52313,0.012861,0.3166,11276,-0.0021706,0.8351,18536,0.00056169,0.9571,18536
17:19932731:C:T,DBP,0.012700,8.398e-7,425740,0.011280,0.000007328,425743,0.0096464,0.02468,318398,0.00025000,0.9000,472174,-0.0016000,0.9088,52313,-0.010624,0.4307,11277,-0.0067697,0.5374,18536,-0.0013847,0.8996,18536
2:185033065:G:A,DBP,-0.013360,0.000002585,425740,-0.0052350,0.05890,425743,-0.028587,5.440e-7,318398,0.0016268,0.4600,472174,,,,,,,0.0043335,0.7141,18536,-0.0077436,0.5126,18536
6:8023804:C:T,DBP,-0.0070100,0.01023,425740,0.0091790,0.0005657,425743,0.0017014,0.8181,318398,0.0011783,0.5800,472174,0.0014000,0.9206,52313,0.0054840,0.6886,11270,-0.011223,0.2982,18536,-0.00016468,0.9878,18536
1:90228519:C:T,DBP,0.0013480,0.6132,425740,0.0031220,0.2301,425743,0.011465,0.1067,318398,-0.00069408,0.7400,472174,0.016500,0.2449,52313,0.015632,0.2666,11277,0.00090444,0.9332,18536,0.0013916,0.8973,18536
4:106991227:T:A,DBP,0.0065440,0.01821,425740,0.013150,0.000001144,425743,0.00030004,0.9703,318398,0.00092635,0.6600,472174,0.021900,0.1302,52313,-0.00017000,0.9901,11277,,,,,,
4:76514614:A:G,DBP,-0.0050600,0.05065,425740,-0.012300,0.000001111,425743,0.0053141,0.4435,318398,-0.0023114,0.2600,472174,0.016600,0.2298,52313,-0.010373,0.5646,11241,,,,,,
10:116095069:T:A,DBP,-0.0045990,0.1524,425740,-0.012230,0.00009501,425743,-0.016857,0.01195,318398,-0.0023783,0.3000,472174,,,,,,,,,,,,
4:111335722:C:T,DBP,-0.019620,8.612e-9,425740,-0.018060,5.562e-8,425743,-0.040182,8.692e-9,318398,0.0014059,0.5700,472174,-0.055800,0.0007080,52313,-0.0076850,0.5520,11277,-0.0016026,0.8765,18536,-0.0055205,0.5924,18536
17:7171356:C:T,DBP,0.030200,7.898e-29,425740,0.019480,1.726e-13,425743,0.028297,7.394e-8,318398,-0.0020042,0.3200,472174,0.031400,0.02334,52313,-0.018156,0.1644,11274,0.023602,0.02334,18536,0.026783,0.01006,18536
10:65340897:G:A,DBP,0.011870,0.000004136,425740,0.018800,7.525e-14,425743,0.026960,2.405e-7,318398,0.0020410,0.3100,472174,0.032100,0.01779,52313,-0.010613,0.4140,11277,0.020306,0.05360,18536,0.020895,0.04703,18536
2:25276284:G:A,DBP,-0.024110,4.935e-10,425740,-0.018790,6.681e-7,425743,-0.039221,0.000001318,318398,0.0055505,0.07200,472174,-0.035400,0.1042,52313,0.0095340,0.5444,11277,-0.0030479,0.8016,18536,0.00073461,0.9517,18536
17:59475642:C:T,DBP,0.038620,1.280e-39,425740,0.027670,3.805e-22,425743,0.040093,4.414e-13,318398,-0.0017364,0.4400,472174,0.048600,0.001215,52313,-0.016019,0.2188,11277,0.026252,0.009286,18536,0.014048,0.1639,18536
13:73142488:G:T,DBP,0.012160,0.00002461,425740,0.011430,0.00004793,425743,0.021224,0.00002653,318398,0.00059220,0.7800,472174,0.020200,0.1494,52313,0.022514,0.1268,11277,0.0057647,0.6074,18536,0.00070174,0.9501,18536
5:159123116:G:A,DBP,0.0022220,0.5452,425740,0.011210,0.001755,425743,0.018571,0.009206,318398,-0.0029774,0.3000,472174,-0.025100,0.1706,52313,-0.000096000,0.9965,11277,-0.027939,0.1257,18536,-0.018119,0.3207,18536
19:2327403:A:G,DBP,0.0038320,0.2320,425740,0.015460,7.596e-7,425743,0.016129,0.008429,318398,-0.0028685,0.2300,472174,0.0056000,0.7584,52313,-0.017790,0.1866,11277,0.0052387,0.6617,18536,0.012322,0.3034,18536
10:115710271:A:T,DBP,-0.018730,0.001410,425740,-0.023380,0.00004372,425743,-0.020783,0.1816,318398,-0.0039043,0.4000,472174,-0.047600,0.05628,52313,0.010863,0.7908,11277,0.0050743,0.8305,18536,0.020215,0.3938,18536
10:89821216:G:A,DBP,-0.0023210,0.5617,425740,-0.014370,0.0002293,425743,-0.010940,0.3032,318398,0.00047716,0.8800,472174,-0.037800,0.03998,52313,-0.011328,0.4725,11277,-0.016256,0.2054,18536,-0.0055709,0.6643,18536
5:40703919:T:C,DBP,0.013110,0.000001556,425740,0.0094130,0.0004043,425743,0.011364,0.03470,318398,-0.00081325,0.7000,472174,0.013500,0.3402,52313,0.0052710,0.7060,11272,,,,,,
11:103688086:G:A,DBP,0.0099130,0.0001478,425740,0.013570,9.955e-8,425743,-0.0019980,0.8091,318398,-0.0039183,0.05000,472174,0.0066000,0.6336,52313,,,,,,,,,
5:14869709:A:G,DBP,0.0015730,0.5543,425740,0.0050390,0.05206,425743,0.0052136,0.4630,318398,-0.0014675,0.4600,472174,0.0033000,0.8110,52313,-0.010466,0.4215,11277,0.011300,0.2490,18536,0.0037892,0.6991,18536
2:50640596:A:G,DBP,0.010040,0.0006609,425740,0.0066350,0.02107,425743,0.018673,0.001124,318398,0.0024206,0.3100,472174,0.013100,0.3815,52313,-0.0039870,0.7832,11277,-0.0043127,0.7038,18536,-0.010350,0.3615,18536
16:86169068:G:A,DBP,-0.012610,9.868e-7,425740,-0.011970,0.000001896,425743,-0.011929,0.01222,318398,0.00011008,0.9600,472174,-0.019000,0.1854,52313,0.0037690,0.7794,11277,-0.0019677,0.8429,18536,-0.027920,0.004932,18536
11:95308854:T:A,DBP,0.014630,0.00001784,425740,-0.026550,1.422e-15,425743,-0.0079682,0.4018,318398,-0.00070787,0.7900,472174,-0.0086000,0.6453,52313,0.0036520,0.8418,11277,-0.00083674,0.9545,18536,-0.023583,0.1074,18536
5:61558805:A:T,DBP,0.012120,0.001056,425740,0.022500,4.645e-10,425743,0.028091,0.0002368,318398,0.0036593,0.2100,472174,0.018000,0.3505,52313,-0.0083440,0.6191,11277,0.0067387,0.6170,18536,-0.011257,0.4035,18536
20:40268334:T:A,DBP,-0.017590,2.697e-11,425740,-0.026040,4.759e-24,425743,-0.030529,8.985e-10,318398,0.000081310,0.9700,472174,-0.037700,0.005715,52313,0.013874,0.2979,11277,0.0099018,0.3338,18536,-0.0022497,0.8262,18536
3:185304018:T:C,DBP,0.0067310,0.01159,425740,0.013300,3.186e-7,425743,0.013389,0.01219,318398,0.0070576,0.0007600,472174,0.0082000,0.5733,52313,-0.0033720,0.7934,11277,0.0037404,0.7147,18536,-0.000085502,0.9933,18536
6:43806609:G:A,DBP,-0.0023340,0.3908,425740,0.024910,6.117e-21,425743,0.0065212,0.3648,318398,-0.00067293,0.7600,472174,0.017100,0.2392,52313,0.028042,0.05784,11277,-0.017499,0.1731,18536,-0.00076857,0.9523,18536
16:4929269:A:G,DBP,0.010260,0.00005341,425740,0.013080,1.288e-7,425743,0.025523,9.089e-8,318398,-0.0051318,0.01100,472174,0.00060000,0.9650,52313,0.00080200,0.9500,11276,0.011534,0.2546,18536,-0.0054224,0.5922,18536
6:169587103:G:A,DBP,0.034010,1.116e-28,425740,-0.035300,3.049e-32,425743,0.012174,0.02748,318398,-0.0023120,0.3400,472174,-0.0022000,0.8841,52313,0.011418,0.4483,11277,0.018736,0.2288,18536,0.0046864,0.7634,18536
11:69075538:C:T,DBP,-0.025300,1.853e-9,425740,-0.036010,1.798e-18,425743,-0.024693,0.001432,318398,-0.0022655,0.4800,472174,-0.048300,0.05318,52313,-0.015485,0.2937,11277,-0.0076377,0.5300,18536,-0.0085039,0.4844,18536
5:122450771:G:A,DBP,0.014760,0.00004463,425740,0.015930,0.000006272,425743,0.040718,5.690e-9,318398,0.0012535,0.6600,472174,0.063500,0.00008552,52313,0.011159,0.4538,11277,0.020967,0.06671,18536,0.010903,0.3403,18536
16:69373414:T:C,DBP,0.0040520,0.1409,425740,-0.012210,0.000005344,425743,-0.0089597,0.2214,318398,0.018209,1.100e-17,472174,,,,0.012924,0.3230,11277,-0.00091479,0.9325,18536,-0.00056099,0.9586,18536
3:168815099:T:C,DBP,0.018800,5.210e-13,425740,0.020840,2.325e-16,425743,0.028708,4.862e-9,318398,0.0021048,0.3000,472174,0.031600,0.02066,52313,0.023083,0.07169,11277,0.0027694,0.7743,18536,0.0015236,0.8747,18536
16:2080571:T:C,DBP,0.018310,3.894e-12,425740,0.015800,8.261e-10,425743,0.025626,0.000003118,318398,-0.0052511,0.01300,472174,0.0050000,0.7341,52313,0.019672,0.2869,11277,0.036688,0.01905,18536,0.035376,0.02378,18536
1:218548521:C:T,DBP,0.013480,0.000002209,425740,0.028920,2.149e-25,425743,0.020203,0.0002275,318398,-0.0012274,0.5700,472174,0.046100,0.001216,52313,-0.0021790,0.8727,11277,-0.0054500,0.6148,18536,0.00015322,0.9887,18536
6:55994438:C:T,DBP,0.030100,2.761e-17,425740,-0.032040,2.722e-20,425743,0.018164,0.05455,318398,0.0062799,0.07200,472174,,,,,,,,,,,,
6:30627867:T:C,DBP,0.000039090,0.9939,425740,0.022450,0.000006178,425743,-0.0069756,0.5991,318398,0.014135,0.002100,472174,0.021000,0.5820,52313,0.055034,0.1888,11276,-0.091916,0.03336,18536,-0.057603,0.1824,18536
3:53735299:A:G,DBP,0.019740,3.203e-12,425740,0.017690,1.538e-10,425743,0.026447,6.979e-7,318398,0.0010057,0.6400,472174,0.0017000,0.9060,52313,0.0029730,0.8420,11276,0.014992,0.2315,18536,0.015049,0.2298,18536
2:19804684:A:G,DBP,-0.0044650,0.1776,425740,-0.010700,0.0009214,425743,-0.0099503,0.2745,318398,-0.0035035,0.1800,472174,-0.0038000,0.8005,52313,-0.012316,0.3578,11277,0.0023109,0.8163,18536,0.0035513,0.7211,18536
12:48421034:A:G,DBP,-0.0051850,0.3044,425740,-0.026070,1.190e-7,425743,0.0073268,0.5868,318398,-0.0078898,0.03200,472174,0.033100,0.1026,52313,-0.024798,0.3487,11277,0.032195,0.1900,18536,0.017078,0.4869,18536
6:25933932:A:T,DBP,0.0048620,0.2092,425740,0.015820,0.00002797,425743,0.015926,0.007568,318398,0.0058665,0.05900,472174,0.030600,0.1146,52313,0.010303,0.5382,11277,-0.018466,0.1639,18536,-0.029147,0.02800,18536
3:111622982:A:G,DBP,-0.0033940,0.2270,425740,0.0087910,0.001339,425743,0.0098483,0.04944,318398,0.00066142,0.7600,472174,0.012800,0.3806,52313,0.017671,0.1993,11277,0.00073623,0.9472,18536,-0.0017416,0.8756,18536
1:41868738:G:A,DBP,-0.0072310,0.004435,425740,-0.0070740,0.004317,425743,-0.0099503,0.04195,318398,-0.00012718,0.9500,472174,-0.017300,0.1995,52313,0.0038110,0.7682,11273,0.014304,0.1495,18536,0.017562,0.07684,18536
16:2222769:G:A,DBP,0.026530,0.00009977,425740,0.032930,7.375e-7,425743,0.050557,0.00009010,318398,0.0023881,0.6100,472174,0.041500,0.07068,52313,0.037901,0.3874,11277,-0.11185,0.1006,18536,-0.050278,0.4605,18536
9:138916196:T:G,DBP,0.0050020,0.07248,425740,0.012130,0.000008003,425743,0.0041084,0.5788,318398,-0.00033276,0.8800,472174,,,,,,,,,,,,
4:40609348:C:T,DBP,0.013850,0.001036,425740,0.015980,0.0001044,425743,0.020713,0.06528,318398,-0.0058937,0.07100,472174,0.083000,0.00001234,52313,-0.0024090,0.8988,11277,0.016267,0.2851,18536,0.024208,0.1117,18536
11:100091086:C:T,DBP,0.0066150,0.01370,425740,0.0064000,0.01448,425743,0.021530,0.0002020,318398,-0.0019502,0.3500,472174,0.030100,0.03677,52313,0.031217,0.06467,11276,0.012766,0.3395,18536,0.027821,0.03739,18536
2:242593877:A:G,DBP,0.0013500,0.7291,425740,0.013170,0.0005284,425743,0.018979,0.06711,318398,-0.00026149,0.9300,472174,0.026200,0.2247,52313,0.0076870,0.6135,11218,-0.0068744,0.6019,18536,-0.018874,0.1521,18536
1:172357441:G:T,DBP/HYPERTENSION,-0.011600,0.000006804,425740,-0.013170,1.610e-7,425743,-0.028587,8.611e-9,318398,0.0053887,0.008000,472174,-0.023500,0.08382,52313,0.011963,0.3592,11277,-0.00024936,0.9803,18536,0.0017643,0.8611,18536
12:48204499:C:G,DBP,-0.020690,5.129e-12,425740,-0.024830,2.029e-17,425743,-0.020783,0.0003082,318398,-0.000062730,0.9800,472174,-0.015300,0.3267,52313,-0.021908,0.2399,11272,-0.026391,0.1503,18536,-0.0045805,0.8028,18536
2:218674697:C:T,DBP,-0.0062930,0.01400,425740,-0.0098060,0.00008642,425743,-0.011929,0.004115,318398,-0.0022530,0.2700,472174,,,,-0.0084160,0.4989,11277,-0.011168,0.4218,18536,0.014009,0.3136,18536
7:27328187:C:G,DBP,0.049880,1.656e-33,425740,0.036190,2.838e-19,425743,0.066567,3.965e-16,318398,-0.0011527,0.7300,472174,0.050700,0.009715,52313,0.017915,0.5571,11277,-0.0049101,0.8385,18536,-0.0064298,0.7896,18536
2:203651201:A:G,DBP,0.020280,2.251e-7,425740,-0.036650,8.566e-22,425743,0.011769,0.2590,318398,0.0033740,0.2700,472174,0.027400,0.1978,52313,0.0016290,0.9657,11266,,,,,,
8:13126845:T:G,DBP,0.0026120,0.3214,425740,-0.010550,0.00003994,425743,0.0073268,0.2980,318398,-0.0017333,0.3900,472174,0.012300,0.3664,52313,-0.00030900,0.9807,11277,0.0012667,0.8995,18536,-0.010776,0.2825,18536
3:16583678:G:A,DBP,0.0096280,0.006687,425740,0.0094180,0.006528,425743,0.012883,0.03710,318398,-0.0058848,0.03200,472174,0.033900,0.07285,52313,-0.0024720,0.8569,11277,0.0063626,0.6055,18536,0.010385,0.3993,18536
5:170804832:A:G,DBP,-0.011880,0.000006228,425740,-0.0095920,0.0001846,425743,-0.020783,0.00008321,318398,0.00028312,0.8900,472174,-0.0037000,0.7835,52313,0.013120,0.3245,11276,0.00073440,0.9596,18536,-0.011362,0.4328,18536
1:220876353:A:T,DBP,-0.0035330,0.2634,425740,-0.018410,2.321e-9,425743,-0.0089597,0.2804,318398,-0.00071948,0.7700,472174,-0.015100,0.3536,52313,0.0096070,0.4864,11277,-0.011328,0.2710,18536,-0.021825,0.03393,18536
1:154457855:A:C,DBP,0.0076710,0.02546,425740,0.015100,0.000006516,425743,0.0039076,0.6677,318398,-0.0018669,0.4900,472174,-0.010900,0.5417,52313,-0.0060100,0.7236,11277,0.0067184,0.5965,18536,0.0060984,0.6308,18536
8:116474867:TC:T,DBP,-0.0066290,0.01786,425740,0.016200,2.974e-9,425743,-0.011929,0.09967,318398,,,,,,,,,,,,,,,
16:58659785:T:C,DBP,-0.010920,0.0001209,425740,0.014420,1.931e-7,425743,-0.0059821,0.3993,318398,0.0040013,0.07200,472174,,,,0.011759,0.3685,11256,,,,,,
9:4117713:C:T,DBP,0.0067020,0.01244,425740,0.013610,1.954e-7,425743,0.021428,0.0003182,318398,0.00066042,0.7400,472174,0.024800,0.07007,52313,-0.0053380,0.6884,11276,-0.0033797,0.7592,18536,-0.0093916,0.3943,18536
2:177692996:C:A,DBP,-0.0093940,0.0004055,425740,-0.016540,1.729e-10,425743,-0.021761,0.00006215,318398,0.0028562,0.1700,472174,,,,,,,,,,,,
10:91116790:A:C,DBP,-0.0018400,0.4695,425740,0.0016170,0.5144,425743,-0.011929,0.07408,318398,-0.0027458,0.1700,472174,0.020600,0.1266,52313,-0.0069100,0.5977,11277,,,,,,
20:47411178:G:A,DBP,-0.0098150,0.007106,425740,-0.011020,0.001945,425743,-0.036332,9.075e-7,318398,0.00046957,0.8700,472174,-0.064000,0.006595,52313,0.029748,0.09407,11277,-0.0099611,0.4827,18536,0.00078228,0.9560,18536
4:156514725:T:A,DBP,-0.019140,2.789e-13,425740,-0.011700,0.000004689,425743,-0.022739,0.000007811,318398,-0.00099908,0.6200,472174,-0.030600,0.02547,52313,-0.022014,0.09771,11277,0.0042415,0.6918,18536,0.011076,0.3007,18536
7:99612405:G:T,DBP,-0.0044050,0.1109,425740,-0.018870,2.526e-12,425743,-0.026642,0.000003453,318398,-0.0023135,0.2800,472174,-0.023000,0.1093,52313,0.0092290,0.4931,11277,-0.00046117,0.9650,18536,-0.0071734,0.4950,18536
4:54800759:T:C,DBP,-0.046740,1.051e-25,425740,0.031050,9.390e-13,425743,-0.030529,0.0007956,318398,0.0024554,0.4400,472174,-0.021700,0.3511,52313,-0.00043400,0.9748,11276,,,,,,
3:49789814:G:A,DBP,-0.013960,2.599e-8,425740,-0.014800,1.444e-9,425743,-0.029559,4.619e-8,318398,0.012755,1.700e-10,472174,-0.039500,0.005114,52313,-0.0043260,0.7430,11277,,,,,,
7:96470332:C:T,DBP,0.0069790,0.006404,425740,0.019810,2.125e-15,425743,0.012781,0.05981,318398,-0.00036748,0.8600,472174,0.023300,0.08603,52313,0.0029420,0.8217,11276,-0.0064666,0.5510,18536,0.0051741,0.6333,18536
11:128894624:T:A,DBP,0.012860,0.01414,425740,0.017200,0.0007643,425743,0.019795,0.1545,318398,-0.0026290,0.5000,472174,-0.019400,0.4988,52313,-0.024822,0.2460,11277,-0.020855,0.2552,18536,-0.012563,0.4931,18536
7:101736165:T:C,DBP,-0.0023660,0.3710,425740,-0.012430,0.000001438,425743,0.013288,0.05854,318398,-0.00060271,0.7700,472174,-0.0074000,0.5850,52313,0.0072800,0.5781,11269,-0.00038491,0.9728,18536,-0.0028758,0.7991,18536
8:142249029:C:G,DBP,-0.012190,0.005730,425740,-0.0095560,0.02642,425743,-0.023717,0.02347,318398,-0.0055194,0.1100,472174,-0.034900,0.09044,52313,-0.036834,0.2712,11277,-0.0088569,0.7590,18536,-0.0039691,0.8907,18536
15:66967308:A:C,DBP,-0.0070330,0.04174,425740,-0.0084190,0.01246,425743,-0.0049875,0.6163,318398,-0.0019273,0.4700,472174,-0.032000,0.07070,52313,-0.020188,0.1903,11277,-0.014064,0.3853,18536,-0.0035753,0.8253,18536
3:141202982:G:A,DBP,0.0016460,0.5536,425740,0.015190,2.124e-8,425743,0.0034058,0.6497,318398,-0.0058550,0.005000,472174,,,,,,,,,,,,
4:101528461:G:T,DBP,0.0046480,0.08259,425740,0.014050,7.447e-8,425743,0.0022024,0.7585,318398,-0.0021796,0.3000,472174,,,,,,,,,,,,
15:91503058:G:A,DBP,-0.015090,0.005770,425740,-0.020440,0.0001257,425743,-0.0069756,0.6370,318398,-0.0063335,0.1400,472174,-0.038400,0.3193,52313,0.048753,0.06047,11275,-0.014771,0.6631,18536,0.00071531,0.9832,18536
17:66035128:CTA:C,DBP,-0.010980,0.0002871,425740,-0.017560,2.785e-9,425743,-0.010940,0.1773,318398,,,,0.0024000,0.8800,52313,-0.0041140,0.7855,11277,,,,,,
10:82046302:T:G,DBP,-0.010170,0.0001301,425740,-0.0073610,0.004538,425743,-0.015873,0.003671,318398,0.00053120,0.8000,472174,-0.012700,0.3857,52313,0.0095900,0.5837,11277,-0.0022708,0.8786,18536,-0.015969,0.2829,18536
6:57572714:G:C,DBP,0.0075170,0.03408,425740,0.015560,0.000006899,425743,0.012376,0.1882,318398,0.0058000,0.03000,472174,,,,,,,,,,,,
8:11794962:T:C,DBP,-0.0084570,0.01638,425740,-0.023110,1.739e-11,425743,0.012376,0.1864,318398,0.00020547,0.9200,472174,,,,0.015221,0.2652,11277,,,,,,
1:228198196:C:A,DBP,-0.000079550,0.9753,425740,0.010280,0.00004122,425743,0.016028,0.001768,318398,-0.000020120,0.9900,472174,0.039300,0.003842,52313,0.015450,0.2302,11277,0.0028201,0.7808,18536,-0.0025091,0.8044,18536
6:166175188:A:C,DBP,-0.027130,5.339e-8,425740,-0.037460,1.358e-14,425743,-0.043059,0.000003891,318398,0.0069615,0.07000,472174,-0.061100,0.02481,52313,-0.0064350,0.6896,11276,-0.020852,0.2061,18536,-0.024348,0.1399,18536
22:18468369:A:C,DBP,0.011000,0.00008447,425740,0.019090,2.662e-12,425743,0.012579,0.04071,318398,0.0033366,0.1300,472174,0.016300,0.2970,52313,0.010169,0.5425,11271,0.0062110,0.6419,18536,0.018361,0.1692,18536
1:43901011:A:C,DBP,0.017130,1.516e-11,425740,0.0095020,0.0001243,425743,0.011364,0.009412,318398,0.0023209,0.2600,472174,0.021700,0.1141,52313,0.0098460,0.5856,11276,0.030950,0.03680,18536,0.014565,0.3258,18536
11:27734420:T:C,DBP,-0.0059630,0.03090,425740,-0.020750,1.358e-14,425743,-0.0049875,0.5306,318398,-0.0045512,0.03700,472174,0.015800,0.2706,52313,-0.0052470,0.6932,11276,-0.011961,0.2386,18536,-0.022112,0.02934,18536
21:44760603:G:A,DBP,0.010390,0.0006716,425740,0.0052770,0.07655,425743,0.040405,4.269e-11,318398,-0.00040612,0.8600,472174,0.050300,0.0005106,52313,0.0085820,0.5462,11277,0.019198,0.1363,18536,0.018548,0.1501,18536
16:81607756:A:G,DBP,0.011730,0.000004974,425740,0.018370,2.260e-13,425743,0.029738,5.931e-9,318398,-0.0039210,0.05200,472174,0.067100,0.000001042,52313,-0.042298,0.001306,11277,-0.0015576,0.8872,18536,0.0075984,0.4890,18536
7:35497055:C:CT,DBP,0.0069500,0.02370,425740,-0.022090,1.705e-13,425743,-0.013903,0.01605,318398,0.000094210,0.9700,472174,-0.023900,0.1933,52313,0.022084,0.1607,11277,,,,,,
4:120509279:T:C,DBP,0.0054160,0.03507,425740,0.013060,1.893e-7,425743,0.010151,0.04020,318398,-0.0020395,0.3100,472174,0.0038000,0.7800,52313,0.0026920,0.8381,11276,-0.00013323,0.9915,18536,0.0019422,0.8768,18536
18:41163669:G:T,DBP,-0.0066480,0.02132,425740,-0.0066200,0.01875,425743,-0.012916,0.01993,318398,-0.00033920,0.8800,472174,-0.027200,0.06869,52313,0.028354,0.1050,11275,0.021733,0.1831,18536,-0.0024220,0.8820,18536
16:56292043:C:A,DBP,-0.0037510,0.1823,425740,-0.0078710,0.004111,425743,-0.015873,0.004020,318398,0.00017838,0.9400,472174,-0.024400,0.09458,52313,0.013740,0.3417,11277,-0.013022,0.2741,18536,-0.020952,0.07844,18536
2:121440218:G:T,DBP,0.015740,0.001003,425740,0.013370,0.004173,425743,0.027166,0.0008123,318398,0.0031560,0.3800,472174,0.059100,0.1044,52313,0.048607,0.08745,11277,0.024824,0.2812,18536,0.0047441,0.8368,18536
15:66919057:T:A,DBP,-0.013720,0.0006232,425740,-0.016980,0.00001402,425743,-0.023717,0.002449,318398,0.0020521,0.5200,472174,,,,,,,-0.034574,0.03459,18536,-0.035381,0.03059,18536
2:197666392:T:G,DBP,-0.0064270,0.1112,425740,-0.016960,0.00001639,425743,0.0036065,0.7397,318398,0.00085101,0.7900,472174,,,,,,,,,,,,
11:63882495:C:T,DBP,0.012490,0.01898,425740,0.014360,0.005694,425743,0.021734,0.03664,318398,-0.0026827,0.5200,472174,-0.037400,0.1019,52313,0.0076630,0.8450,11276,-0.0041926,0.8640,18536,-0.0062860,0.7973,18536
1:49845844:T:C,DBP,-0.0087140,0.001733,425740,-0.0099680,0.0002386,425743,-0.011929,0.04083,318398,0.0025518,0.2300,472174,-0.0031000,0.8223,52313,0.0068470,0.5956,11277,,,,,,
21:47958657:C:T,DBP,-0.0017330,0.5841,425740,-0.010420,0.0007414,425743,0.0078306,0.3534,318398,0.0021112,0.3600,472174,-0.016400,0.2953,52313,0.011251,0.4353,11277,-0.027789,0.01812,18536,-0.019658,0.09460,18536
14:89741908:C:T,DBP,0.0034300,0.1972,425740,0.0074000,0.004337,425743,0.0087381,0.2168,318398,-0.00049714,0.8100,472174,-0.016000,0.2481,52313,-0.00086200,0.9497,11277,0.018340,0.1472,18536,0.017641,0.1632,18536
7:5971723:G:A,DBP,0.0041470,0.2456,425740,0.020790,2.381e-9,425743,0.0013008,0.8922,318398,-0.0010284,0.6700,472174,,,,,,,,,,,,
16:66821724:G:A,DBP,0.0089550,0.1128,425740,0.026670,0.000001286,425743,0.055196,2.914e-7,318398,0.0080375,0.07400,472174,0.080400,0.003969,52313,0.034520,0.5242,11277,0.095559,0.02906,18536,0.062697,0.1521,18536
11:9793769:G:A,DBP,0.021890,3.621e-7,425740,0.033090,3.166e-15,425743,0.042281,2.124e-7,318398,0.0029642,0.3700,472174,0.015300,0.6275,52313,0.026640,0.07418,11277,0.037377,0.0006892,18536,0.018972,0.08496,18536
7:106416467:G:A,DBP,0.070350,8.966e-111,425740,-0.036260,3.136e-32,425743,0.048350,5.549e-15,318398,0.0054738,0.1300,472174,,,,-0.0013950,0.9200,11277,,,,,,
17:43134624:A:G,DBP,-0.020290,7.512e-16,425740,-0.0094660,0.0001148,425743,-0.028587,1.806e-7,318398,0.0014807,0.4600,472174,-0.027800,0.03901,52313,0.0098300,0.4378,11272,-0.018477,0.06044,18536,-0.0096325,0.3277,18536
1:217736417:A:G,DBP,0.019050,1.958e-10,425740,0.012110,0.00003361,425743,0.033143,1.035e-9,318398,-0.00013433,0.9500,472174,0.061600,0.0001076,52313,-0.029237,0.05143,11277,0.026926,0.01998,18536,0.027293,0.01835,18536
6:32560266:T:C,DBP,-0.0059390,0.3645,425740,-0.065160,1.959e-24,425743,0.034177,0.01007,318398,-0.0038868,0.1600,472174,,,,,,,,,,,,
16:30885159:T:G,DBP,0.010880,0.0001388,425740,-0.022660,4.064e-16,425743,0.0010005,0.8956,318398,0.0019920,0.3800,472174,,,,,,,,,,,,
2:56071109:C:T,DBP,-0.0099370,0.01276,425740,0.040730,1.244e-25,425743,-0.0039920,0.6992,318398,0.00033970,0.9100,472174,,,,,,,,,,,,
15:81042816:A:G,DBP,0.027890,9.533e-28,425740,0.015530,4.642e-10,425743,0.038741,6.293e-15,318398,-0.0051894,0.01100,472174,0.057000,0.00003273,52313,0.016029,0.3197,11277,0.031471,0.01393,18536,0.032654,0.01073,18536
2:191446691:C:A,DBP,0.0074270,0.02805,425740,0.013640,0.00003528,425743,0.019999,0.002068,318398,0.0062276,0.01600,472174,0.046500,0.04693,52313,0.031940,0.06952,11277,0.024489,0.1559,18536,0.010325,0.5496,18536
7:100496887:A:G,DBP,-0.0087150,0.007353,425740,0.022500,1.290e-12,425743,-0.0099503,0.2295,318398,0.0023110,0.3700,472174,0.015900,0.3364,52313,0.016229,0.3812,11275,0.027951,0.1012,18536,0.00031440,0.9853,18536
12:53448320:C:T,DBP,-0.024370,1.411e-17,425740,-0.018970,9.880e-12,425743,-0.020783,0.00006804,318398,-0.0032433,0.1400,472174,-0.012900,0.3907,52313,0.020074,0.1329,11276,,,,,,
14:103859962:C:T,DBP,-0.038850,3.454e-25,425740,-0.030200,1.410e-16,425743,-0.044017,1.895e-9,318398,-0.00038900,0.9000,472174,-0.0013000,0.9503,52313,-0.0093140,0.5701,11277,-0.023018,0.07698,18536,-0.032508,0.01250,18536
10:31240999:T:A,DBP,-0.0023160,0.4134,425740,0.026930,1.841e-22,425743,0.011364,0.03556,318398,-0.0024948,0.2700,472174,0.0086000,0.6061,52313,,,,,,,,,
22:40528572:A:C,DBP,0.0019810,0.5439,425740,-0.024110,3.582e-14,425743,-0.021761,0.001801,318398,0.0027684,0.2700,472174,,,,,,,,,,,,
16:83045790:A:G,DBP,-0.024460,9.093e-16,425740,0.028860,2.298e-22,425743,-0.018822,0.0004202,318398,0.00064806,0.7800,472174,0.0034000,0.8416,52313,-0.017721,0.3804,11277,-0.029475,0.06025,18536,-0.0079891,0.6106,18536
5:131799961:T:C,DBP,0.0056830,0.02601,425740,0.023310,7.876e-21,425743,0.022041,0.00005945,318398,0.0029322,0.1500,472174,0.021200,0.1442,52313,0.0020000,0.9112,11277,-0.015095,0.3202,18536,-0.016229,0.2852,18536
5:114381312:T:C,DBP,-0.018720,1.704e-13,425740,-0.015680,2.452e-10,425743,-0.033435,2.420e-13,318398,0.00086710,0.6600,472174,-0.039300,0.003616,52313,-0.036744,0.004382,11277,-0.0085768,0.4098,18536,-0.0064931,0.5326,18536
6:27848898:A:T,DBP,-0.027950,1.867e-7,425740,-0.046560,5.376e-19,425743,-0.040182,0.0006581,318398,-0.0014290,0.7500,472174,0.22040,0.02072,52313,,,,,,,,,
3:27329540:C:T,DBP,0.021050,1.382e-13,425740,0.016870,1.221e-9,425743,0.033867,5.566e-10,318398,-0.00049642,0.8200,472174,0.066200,0.00002316,52313,-0.0072610,0.6396,11276,0.010883,0.3596,18536,0.0067451,0.5702,18536
1:86494165:CCT:C,DBP,0.018040,0.000007257,425740,0.023420,2.340e-9,425743,-0.0059821,0.5693,318398,,,,-0.013400,0.6209,52313,-0.024482,0.2000,11276,,,,,,
2:162589843:A:G,DBP,-0.0039340,0.3734,425740,-0.0077100,0.07369,425743,-0.024693,0.003554,318398,-0.00053418,0.8800,472174,-0.034800,0.06972,52313,-0.062650,0.07453,11277,0.012919,0.7755,18536,-0.0025610,0.9549,18536
6:164113762:A:G,DBP,-0.015490,0.00008446,425740,-0.0048160,0.2101,425743,-0.027615,0.0001918,318398,-0.0024038,0.4200,472174,-0.042600,0.08199,52313,-0.023044,0.2808,11277,-0.014082,0.4314,18536,-0.024065,0.1788,18536
9:10594777:G:A,DBP,0.011480,0.00001814,425740,0.0080860,0.001964,425743,0.017248,0.0006445,318398,0.00039337,0.8500,472174,0.0044000,0.7737,52313,0.022457,0.2061,11276,-0.014727,0.3429,18536,-0.0015505,0.9205,18536
4:10093809:CT:C,DBP,0.0062410,0.02806,425740,-0.016560,2.275e-9,425743,0.012275,0.1030,318398,,,,-0.0037000,0.7999,52313,-0.0022880,0.8586,11277,,,,,,
7:156518007:T:C,DBP,-0.0088240,0.0008865,425740,-0.0095170,0.0002369,425743,-0.0099503,0.02810,318398,-0.0032761,0.1100,472174,-0.00040000,0.9783,52313,-0.022369,0.08863,11277,-0.0093981,0.3958,18536,-0.0027331,0.8050,18536
5:38616887:A:C,DBP,0.0040990,0.1545,425740,0.0065530,0.01961,425743,0.017248,0.001589,318398,-0.0014777,0.4800,472174,,,,,,,,,,,,
5:112395949:T:G,DBP,-0.0094780,0.0003686,425740,-0.0089430,0.0005695,425743,-0.019803,0.0007677,318398,0.00096782,0.6400,472174,-0.0080000,0.5567,52313,-0.0057390,0.6629,11277,-0.0072126,0.4998,18536,-0.021987,0.03970,18536
18:12690084:GGC:G,DBP,0.0050380,0.06271,425740,-0.015780,2.259e-9,425743,0.011364,0.009984,318398,,,,-0.0051000,0.7273,52313,-0.012133,0.4854,11229,,,,,,
16:14488130:A:G,DBP,0.0032240,0.2425,425740,-0.0073810,0.006085,425743,0.0052136,0.4783,318398,-0.0037550,0.07800,472174,-0.0090000,0.5365,52313,0.0056050,0.6652,11277,-0.0061878,0.7083,18536,-0.0097773,0.5544,18536
1:23509536:AG:A,DBP,-0.00078260,0.8168,425740,-0.032110,1.899e-22,425743,0.0000,0.9795,318398,,,,,,,,,,,,,,,
2:219560492:C:G,DBP,-0.0046850,0.4026,425740,-0.046010,3.527e-17,425743,-0.027615,0.01860,318398,-0.0022056,0.6200,472174,,,,-0.049151,0.09600,11179,0.033374,0.1591,18536,0.013261,0.5758,18536
19:41100406:C:G,DBP,-0.0046640,0.1167,425740,0.026690,3.413e-20,425743,0.010151,0.2009,318398,-0.00065100,0.7700,472174,0.022000,0.1195,52313,-0.015780,0.2547,11277,0.0043666,0.7068,18536,0.014914,0.1989,18536
12:124820705:A:G,DBP/HYPERTENSION,0.011640,0.0009075,425740,0.028560,7.202e-17,425743,0.026652,0.0001605,318398,-0.0054817,0.04400,472174,0.037100,0.1001,52313,-0.016998,0.2990,11277,-0.0057451,0.6644,18536,-0.0097282,0.4625,18536
2:55818419:C:T,DBP,0.0068810,0.007860,425740,0.016520,6.027e-11,425743,0.020815,0.00001898,318398,-0.00052792,0.7900,472174,-0.0027000,0.8405,52313,-0.00044200,0.9739,11276,0.0076336,0.4706,18536,0.020527,0.05238,18536
19:7512065:T:A,DBP,-0.011360,0.0002517,425740,-0.015450,3.265e-7,425743,-0.023717,0.0006271,318398,0.00036508,0.8800,472174,,,,,,,,,,,,
18:51851616:C:A,DBP,0.0060610,0.02359,425740,0.021530,1.680e-16,425743,0.011668,0.01850,318398,0.021653,3.000e-26,472174,0.020800,0.1242,52313,0.026592,0.04208,11276,,,,,,
7:131069461:T:A,DBP,0.016590,1.204e-10,425740,0.013690,5.094e-8,425743,0.019795,0.00003465,318398,-0.00098993,0.6200,472174,0.0038000,0.7801,52313,-0.0027130,0.8384,11277,0.012684,0.2552,18536,0.012428,0.2649,18536
4:138439630:T:A,DBP,0.020570,8.716e-15,425740,0.020210,5.451e-15,425743,0.032110,2.594e-9,318398,-0.0033766,0.09700,472174,0.025200,0.06215,52313,0.010170,0.4313,11277,0.022377,0.04814,18536,0.024628,0.02964,18536
13:115027462:T:A,DBP,0.030970,6.099e-25,425740,0.018080,6.661e-10,425743,0.028399,6.268e-7,318398,-0.0035093,0.1400,472174,0.045700,0.004016,52313,-0.0090630,0.5081,11277,0.0089842,0.4157,18536,-0.00035083,0.9746,18536
14:103233233:T:C,DBP,0.0073010,0.02615,425740,0.013340,0.00003119,425743,0.010657,0.2224,318398,-0.0062118,0.09800,472174,0.019200,0.2401,52313,-0.014837,0.4581,11258,,,,,,
11:752371:C:T,DBP,-0.00046230,0.9277,425740,0.031380,2.649e-10,425743,0.010960,0.4166,318398,-0.0062349,0.09200,472174,0.0032000,0.9126,52313,-0.081403,0.08636,11276,-0.14755,0.01498,18536,-0.11790,0.05189,18536
10:94466915:C:T,DBP,-0.0063300,0.01622,425740,-0.017890,3.264e-12,425743,-0.0069756,0.3146,318398,0.0077233,0.0001400,472174,-0.010400,0.4438,52313,0.0027830,0.8451,11276,0.011184,0.3270,18536,-0.0015878,0.8893,18536
19:18916914:C:A,DBP,-0.0053140,0.09121,425740,-0.016820,4.249e-8,425743,0.0040080,0.6337,318398,-0.0019706,0.4100,472174,-0.0095000,0.5552,52313,-0.0082800,0.6294,11247,,,,,,
1:51490266:T:C,DBP,-0.0020970,0.6983,425740,-0.031220,3.277e-9,425743,-0.035367,0.001727,318398,-0.0024760,0.5400,472174,-0.085600,0.003414,52313,-0.011129,0.5922,11277,,,,,,
1:96935109:C:T,DBP,0.0097990,0.0001655,425740,0.012500,8.341e-7,425743,0.020101,0.00006231,318398,0.0019427,0.3500,472174,0.0060000,0.6585,52313,-0.0045520,0.7273,11277,,,,,,
8:26436109:C:T,DBP,0.0065550,0.03637,425740,0.011060,0.0002960,425743,0.014099,0.08943,318398,0.0014859,0.5500,472174,0.010500,0.5258,52313,0.034562,0.02124,11277,-0.0058711,0.6395,18536,0.0077813,0.5348,18536
3:52986012:T:C,DBP,0.0018340,0.5056,425740,0.0095900,0.0003597,425743,0.011162,0.1270,318398,0.0046605,0.02900,472174,0.0025000,0.8604,52313,-0.0014410,0.9134,11275,0.013791,0.2266,18536,0.011379,0.3184,18536
8:22434222:A:T,DBP,-0.0054360,0.07735,425740,-0.0079670,0.007949,425743,-0.010940,0.1770,318398,-0.00041471,0.8600,472174,0.0077000,0.5901,52313,0.016866,0.2435,11276,0.012012,0.2733,18536,0.016057,0.1431,18536
10:133773019:G:A,DBP,-0.0088550,0.002531,425740,-0.0026530,0.3536,425743,-0.017840,0.004581,318398,-0.0012068,0.5700,472174,-0.015400,0.2681,52313,-0.035694,0.006906,11252,,,,,,
4:26812737:C:T,DBP,0.015820,1.931e-9,425740,0.010510,0.00004321,425743,0.023473,0.000001597,318398,0.0010788,0.6000,472174,0.054100,0.00007055,52313,0.013014,0.3205,11277,0.0073343,0.5539,18536,0.010291,0.4062,18536
17:7560742:C:T,DBP,0.0097650,0.0004625,425740,0.019630,5.272e-13,425743,0.011769,0.04977,318398,0.0058366,0.006500,472174,0.00080000,0.9511,52313,-0.026321,0.1041,11277,0.010897,0.4412,18536,0.015566,0.2713,18536
17:61545779:C:T,DBP,-0.015000,7.569e-7,425740,-0.0064480,0.02927,425743,-0.044973,4.611e-14,318398,-0.00065995,0.7500,472174,-0.037500,0.006642,52313,-0.038472,0.007876,11277,-0.020349,0.08683,18536,-0.024045,0.04303,18536
15:83899262:C:T,DBP,-0.0070350,0.01938,425740,-0.025540,3.219e-18,425743,-0.010940,0.1582,318398,0.0020593,0.3900,472174,,,,,,,,,,,,
2:220422774:A:G,DBP,-0.0095540,0.0001943,425740,-0.014130,1.603e-8,425743,-0.019803,0.00003867,318398,-0.0011679,0.5600,472174,,,,0.0078760,0.5869,11277,-0.017066,0.2238,18536,-0.019388,0.1669,18536
19:45749484:G:C,DBP,0.013720,0.000003480,425740,0.013770,0.000001786,425743,0.034074,1.059e-8,318398,0.0030543,0.1900,472174,0.026200,0.07798,52313,-0.014944,0.2972,11277,0.016394,0.1583,18536,0.0078133,0.5013,18536
10:45377839:C:A,DBP,-0.015370,5.122e-8,425740,-0.016840,9.448e-10,425743,-0.026642,0.000006520,318398,0.0026169,0.2500,472174,-0.031200,0.02652,52313,-0.0035090,0.7986,11277,-0.016396,0.1276,18536,-0.019790,0.06594,18536
18:10873221:A:G,DBP,-0.0062240,0.02489,425740,-0.015400,1.262e-8,425743,-0.015873,0.002435,318398,-0.0017912,0.4000,472174,0.0072000,0.6118,52313,-0.0090530,0.5297,11276,-0.0090074,0.5127,18536,-0.0085341,0.5351,18536
5:158460212:G:A,DBP,-0.010170,0.00009833,425740,-0.011130,0.00001237,425743,-0.028587,2.230e-8,318398,0.0040261,0.04800,472174,-0.020600,0.1257,52313,0.014264,0.2996,11277,-0.011759,0.2486,18536,-0.0016173,0.8739,18536
12:57137828:T:A,DBP,0.00054140,0.8370,425740,-0.018390,7.732e-13,425743,-0.014889,0.01081,318398,-0.0037268,0.07300,472174,,,,-0.017856,0.2316,11276,-0.012556,0.2969,18536,-0.0020909,0.8621,18536
20:41648769:C:T,DBP,0.011250,0.0007728,425740,0.014300,0.00001178,425743,0.0090407,0.3087,318398,-0.0031635,0.2000,472174,,,,,,,,,,,,
1:90737888:AGAGTCCCAC:A,DBP,0.0042130,0.09614,425740,0.014820,1.947e-9,425743,-0.014889,0.008347,318398,,,,0.0028000,0.8434,52313,0.0021320,0.8693,11277,,,,,,
7:27428090:C:T,DBP/HYPERTENSION,-0.018240,8.732e-9,425740,-0.015810,3.167e-7,425743,-0.025668,0.00002933,318398,-0.0013392,0.5900,472174,-0.047900,0.004887,52313,-0.018358,0.2289,11277,-0.0069600,0.5351,18536,-0.019820,0.07738,18536
3:83057540:G:T,DBP,-0.0089680,0.006102,425740,-0.0099050,0.001900,425743,0.0070246,0.4191,318398,-0.0015353,0.5500,472174,0.013300,0.4377,52313,-0.0017520,0.9092,11276,,,,,,
8:103883630:G:A,DBP,-0.011510,0.0003830,425740,-0.0073170,0.02057,425743,-0.019803,0.0007329,318398,-0.0075248,0.002900,472174,-0.012200,0.4305,52313,-0.011404,0.3920,11277,-0.011846,0.2520,18536,-0.0015740,0.8790,18536
16:11100740:CA:C,DBP,0.0048470,0.08853,425740,-0.016710,1.762e-9,425743,0.0039076,0.6062,318398,,,,-0.0033000,0.8376,52313,-0.0040720,0.7836,11276,,,,,,
11:112830782:G:T,DBP,-0.013590,2.762e-7,425740,-0.0069950,0.006689,425743,-0.010940,0.04746,318398,-0.0038453,0.06200,472174,0.011500,0.3934,52313,-0.0015950,0.9038,11277,0.0051111,0.6819,18536,0.0051651,0.6787,18536
2:165611362:A:G,DBP,-0.011750,0.000006152,425740,-0.0064740,0.01063,425743,-0.017840,0.0002185,318398,-0.0040740,0.04500,472174,-0.040300,0.004968,52313,0.0051370,0.6935,11277,-0.028575,0.006060,18536,-0.021612,0.03792,18536
20:31213647:A:G,DBP,0.031900,1.031e-17,425740,0.017000,0.000002812,425743,0.037494,6.596e-8,318398,-0.0026372,0.3500,472174,0.070900,0.00003254,52313,-0.0029680,0.8473,11276,0.019655,0.1696,18536,0.0025243,0.8600,18536
5:140185225:T:C,DBP,-0.022380,0.00001240,425740,-0.028940,6.854e-9,425743,-0.033435,0.0002623,318398,-0.0014932,0.6900,472174,-0.023000,0.4594,52313,-0.010800,0.7659,11277,-0.032793,0.3009,18536,-0.0064663,0.8384,18536
19:19329924:C:T,DBP,0.018300,0.0004278,425740,0.029210,8.119e-9,425743,0.033764,0.001887,318398,0.00096748,0.8000,472174,0.029000,0.2772,52313,-0.056742,0.03453,11277,,,,,,
9:139518965:C:T,DBP,-0.0088300,0.0005284,425740,-0.010910,0.00001136,425743,-0.014889,0.001868,318398,-0.0062425,0.002200,472174,-0.027400,0.04655,52313,0.013193,0.3053,11277,,,,,,
11:61594920:CT:C,DBP,0.0035190,0.1848,425740,0.024710,1.364e-21,425743,-0.010940,0.03897,318398,,,,,,,0.015233,0.3806,11277,,,,,,
14:73275445:C:T,DBP,0.0051530,0.09611,425740,-0.027700,4.717e-20,425743,-0.0069756,0.3720,318398,0.0089241,0.0002100,472174,-0.031600,0.07989,52313,0.0084950,0.5831,11277,-0.013057,0.2678,18536,-0.017035,0.1482,18536
1:27248440:C:T,DBP,0.014610,0.001890,425740,0.032720,9.817e-13,425743,0.035109,0.00004711,318398,0.0061400,0.09900,472174,,,,0.045596,0.1581,11277,0.059914,0.04133,18536,0.049825,0.08976,18536
11:55213614:C:T,DBP,-0.037760,2.512e-22,425740,-0.022390,3.459e-9,425743,-0.044017,9.645e-9,318398,0.0074848,0.01300,472174,-0.016900,0.4114,52313,0.023001,0.2330,11277,,,,,,
20:19455985:G:A,DBP,0.024400,2.662e-15,425740,-0.023340,8.943e-15,425743,0.011465,0.1624,318398,-0.0049513,0.03300,472174,,,,,,,,,,,,
3:154638514:A:G,DBP,-0.028060,1.238e-11,425740,-0.020380,4.539e-7,425743,-0.031499,0.00005278,318398,-0.0040427,0.2200,472174,-0.048800,0.04116,52313,0.016511,0.4701,11277,-0.042167,0.05990,18536,-0.042552,0.05760,18536
11:107075997:A:G,DBP,0.016740,9.959e-11,425740,0.0027850,0.2699,425743,0.025420,6.188e-7,318398,-0.000052340,0.9800,472174,0.027700,0.04169,52313,0.016843,0.2075,11277,-0.022886,0.04007,18536,-0.00031221,0.9777,18536
15:66931617:G:A,DBP,0.013380,0.000001793,425740,0.011300,0.00003557,425743,0.019489,0.0002401,318398,0.00081825,0.7000,472174,0.015900,0.2473,52313,-0.0089160,0.5215,11277,-0.0034254,0.7486,18536,0.012591,0.2387,18536
19:10821296:TA:T,DBP,-0.011600,0.00001115,425740,-0.024190,6.011e-21,425743,-0.011929,0.09847,318398,,,,,,,,,,,,,,,
8:135802892:G:A,DBP,-0.021140,1.259e-10,425740,-0.018410,9.352e-9,425743,-0.013903,0.01604,318398,0.0053063,0.03000,472174,-0.038700,0.01910,52313,0.014138,0.4820,11277,-0.017203,0.2667,18536,-0.025750,0.09642,18536
10:31425336:C:T,DBP,0.0055110,0.03483,425740,-0.0052360,0.03980,425743,0.0040080,0.5588,318398,0.0028057,0.1800,472174,0.019500,0.1553,52313,-0.0078950,0.5646,11277,0.0014032,0.8994,18536,-0.00060775,0.9563,18536
12:5434664:C:T,DBP,-0.0023960,0.5251,425740,-0.0073490,0.04569,425743,0.010050,0.3187,318398,-0.00055878,0.8500,472174,-0.042000,0.03296,52313,0.021385,0.2558,11277,0.00057859,0.9715,18536,0.0037470,0.8171,18536
7:25694474:A:G,DBP,0.016390,0.000002218,425740,0.0072280,0.03233,425743,0.012579,0.1700,318398,-0.00093690,0.7200,472174,0.0037000,0.8316,52313,-0.0022050,0.8929,11277,-0.010530,0.3357,18536,-0.0094362,0.3883,18536
22:32442776:A:G,DBP,0.0079810,0.002395,425740,0.0070390,0.006042,425743,0.021734,0.00001394,318398,0.0028708,0.1600,472174,0.013900,0.3262,52313,0.017265,0.1863,11277,0.0015860,0.8882,18536,0.0073490,0.5147,18536
16:60650023:T:C,DBP,-0.012430,0.00001102,425740,-0.0054100,0.04984,425743,-0.020783,0.00001740,318398,-0.0027956,0.2200,472174,0.018900,0.2250,52313,-0.021248,0.1619,11277,-0.0069946,0.5513,18536,0.0012340,0.9163,18536
17:75322234:T:C,DBP,-0.0091240,0.001335,425740,-0.0098300,0.0003940,425743,-0.024693,0.00002646,318398,-0.00029604,0.8900,472174,-0.016200,0.2576,52313,-0.0023150,0.8703,11266,0.0093564,0.4160,18536,0.0063729,0.5795,18536
15:96214749:T:C,DBP,-0.014310,0.004171,425740,-0.022920,0.000002526,425743,-0.015873,0.04546,318398,0.0022085,0.5700,472174,-0.0069000,0.8226,52313,0.025916,0.1939,11277,-0.0067696,0.6557,18536,-0.034784,0.02195,18536
16:19369306:G:T,DBP,0.0061040,0.01761,425740,0.0078470,0.001756,425743,0.010353,0.1319,318398,0.0013865,0.4900,472174,0.010700,0.4458,52313,0.0071970,0.6002,11277,0.0073696,0.5488,18536,-0.0072902,0.5531,18536
16:86081964:C:G,DBP,0.012410,0.0001162,425740,0.012010,0.0001303,425743,0.016333,0.01178,318398,-0.0019467,0.4300,472174,0.020100,0.2771,52313,-0.023467,0.1038,11277,0.0026740,0.8059,18536,-0.00048163,0.9647,18536
14:23867144:T:C,DBP,-0.013840,0.000009791,425740,0.029740,2.040e-22,425743,-0.0029955,0.7304,318398,0.0025349,0.2700,472174,,,,,,,,,,,,
9:117156178:C:T,DBP,0.0075020,0.003049,425740,0.015950,1.058e-10,425743,0.0056157,0.4064,318398,0.0042357,0.03500,472174,-0.019400,0.1529,52313,0.010425,0.4119,11276,-0.0058520,0.5536,18536,-0.0043856,0.6571,18536
6:26272039:A:G,DBP,0.0049540,0.1521,425740,0.014710,0.00001308,425743,0.012478,0.02117,318398,0.0035532,0.2100,472174,-0.0063000,0.7573,52313,-0.029621,0.1190,11277,0.0023557,0.8716,18536,0.0010589,0.9421,18536
2:3392295:A:G,DBP,-0.0031830,0.2180,425740,-0.0090400,0.0003340,425743,-0.0059821,0.3898,318398,-0.0021390,0.3000,472174,-0.0029000,0.8370,52313,-0.033942,0.007665,11277,0.0035156,0.7283,18536,-0.013274,0.1896,18536
12:69930370:T:C,DBP,0.019410,1.468e-7,425740,0.029250,4.531e-16,425743,0.022246,0.001805,318398,-0.00019593,0.9500,472174,,,,,,,,,,,,
1:38361396:G:A,DBP,0.0016860,0.5057,425740,-0.020700,5.566e-17,425743,-0.0029955,0.6671,318398,-0.0045306,0.02500,472174,-0.010800,0.4267,52313,-0.0011940,0.9272,11276,,,,,,
7:50914298:G:A,DBP,0.0068310,0.008333,425740,-0.018000,1.028e-12,425743,-0.0059821,0.3757,318398,-0.0071746,0.0003500,472174,-0.022800,0.09785,52313,-0.015570,0.2741,11256,,,,,,
15:40317075:G:A,DBP,0.010140,0.00006329,425740,0.0091060,0.0002309,425743,0.013592,0.001309,318398,-0.0011175,0.5800,472174,0.024100,0.07451,52313,-0.0064110,0.6220,11276,0.019552,0.05510,18536,0.019650,0.05389,18536
18:48170771:G:A,DBP,-0.013680,0.00005773,425740,-0.010900,0.001014,425743,-0.019803,0.002060,318398,-0.0026338,0.3000,472174,-0.046500,0.003332,52313,-0.022839,0.1316,11277,0.0070876,0.5336,18536,-0.0026227,0.8178,18536
7:25979194:T:A,DBP,-0.00055620,0.8292,425740,0.010850,0.00001603,425743,0.0059175,0.3897,318398,0.0019199,0.3500,472174,0.019900,0.1505,52313,-0.018579,0.2228,11277,-0.0027705,0.8345,18536,0.0090931,0.4929,18536
21:44989547:A:G,DBP,0.0073510,0.005686,425740,0.0064540,0.01280,425743,0.034177,2.981e-11,318398,-0.0021054,0.3100,472174,,,,,,,0.0040855,0.7372,18536,0.0089388,0.4629,18536
12:116198341:A:G,DBP,-0.019830,0.000006313,425740,-0.019270,0.000006835,425743,-0.031499,0.0002639,318398,-0.0053163,0.1000,472174,-0.0012000,0.9607,52313,0.0035820,0.7933,11277,-0.013409,0.1786,18536,-0.0071011,0.4763,18536
19:3110098:G:A,DBP,0.015530,0.00002118,425740,0.0066730,0.06099,425743,0.016841,0.007894,318398,0.0020280,0.4400,472174,0.014600,0.3729,52313,0.020262,0.3105,11271,-0.019491,0.2269,18536,-0.012706,0.4308,18536
6:135418635:C:T,DBP,-0.0039070,0.1700,425740,-0.019270,3.980e-12,425743,-0.014889,0.01045,318398,-0.0015689,0.4900,472174,,,,,,,,,,,,
2:242637583:G:A,DBP,-0.0092630,0.02512,425740,-0.023450,6.154e-9,425743,-0.017840,0.02002,318398,0.00079639,0.8000,472174,-0.038400,0.09094,52313,0.015709,0.3950,11236,0.024199,0.1548,18536,0.018906,0.2664,18536
5:77882036:G:T,DBP,0.021200,1.027e-12,425740,0.017320,2.418e-9,425743,0.015825,0.002087,318398,-0.00019225,0.9300,472174,0.032900,0.02664,52313,-0.0072530,0.6723,11277,0.020195,0.1722,18536,0.021696,0.1425,18536
3:127292333:G:A,DBP,-0.0066500,0.1301,425740,0.0060760,0.1562,425743,0.015825,0.04944,318398,0.0025233,0.4300,472174,0.038100,0.06766,52313,-0.010917,0.4858,11276,-0.0051855,0.6901,18536,0.017211,0.1857,18536
17:6473828:T:C,DBP,0.021790,1.810e-15,425740,-0.019660,1.881e-13,425743,0.019591,0.0003471,318398,-0.0032874,0.1100,472174,0.019400,0.1596,52313,-0.015713,0.2315,11273,0.0090248,0.4909,18536,0.012152,0.3537,18536
4:48800910:G:A,DBP,-0.018460,1.984e-9,425740,-0.010350,0.0005665,425743,-0.020783,0.0004541,318398,-0.0090746,0.00006500,472174,,,,,,,0.0067234,0.6514,18536,-0.00094085,0.9496,18536
1:210019701:G:A,DBP,0.0052360,0.04808,425740,0.0065340,0.01144,425743,0.016536,0.001966,318398,-0.0048206,0.02000,472174,0.018600,0.1764,52313,0.0026900,0.8413,11277,0.015698,0.1527,18536,-0.0018977,0.8628,18536
1:66159417:C:G,DBP,0.0041630,0.1988,425740,0.018580,4.121e-9,425743,0.025831,0.0001377,318398,-0.00027477,0.9200,472174,0.027700,0.05253,52313,-0.0069080,0.7331,11242,0.0024223,0.8551,18536,-0.0082246,0.5351,18536
12:52305069:G:T,DBP,0.00094520,0.8149,425740,0.011300,0.004099,425743,0.013896,0.02512,318398,-0.00090545,0.7700,472174,0.033200,0.1155,52313,0.0045270,0.8014,11277,-0.020049,0.1425,18536,-0.013378,0.3277,18536
10:20013756:T:C,DBP,0.012200,0.000002801,425740,-0.0084400,0.0008940,425743,0.015926,0.0009192,318398,0.0016341,0.4200,472174,-0.0035000,0.7974,52313,0.0024740,0.8545,11277,0.012750,0.3403,18536,0.016054,0.2299,18536
9:224742:A:G,DBP,0.0020570,0.4459,425740,-0.0029250,0.2665,425743,-0.013903,0.006024,318398,0.0070932,0.0004600,472174,-0.0044000,0.7459,52313,0.0053380,0.6851,11277,-0.0082867,0.4205,18536,0.00059316,0.9540,18536
15:43816917:G:A,DBP,-0.000021160,0.9939,425740,0.013730,3.111e-7,425743,-0.0049875,0.5281,318398,-0.0013543,0.5400,472174,0.0020000,0.9031,52313,-0.016287,0.2016,11277,0.0079462,0.4173,18536,0.0045348,0.6434,18536
22:28068309:G:A,DBP,0.0044530,0.08433,425740,-0.018880,6.146e-14,425743,-0.00099950,0.9061,318398,-0.00084484,0.6800,472174,-0.020100,0.1369,52313,-0.011162,0.3973,11275,,,,,,
20:30196356:C:G,DBP,-0.013420,0.00007142,425740,-0.022060,2.164e-11,425743,-0.019803,0.0005531,318398,0.00042261,0.8800,472174,-0.016500,0.3218,52313,-0.024382,0.3902,11277,-0.060667,0.01494,18536,-0.051095,0.04040,18536
7:150878260:C:G,DBP,0.010770,0.00005215,425740,0.016450,2.321e-10,425743,0.011364,0.03027,318398,-0.0035808,0.08600,472174,,,,-0.0029050,0.8368,11277,0.0024777,0.8250,18536,0.00030921,0.9780,18536
2:40614339:G:T,DBP,0.015110,8.549e-9,425740,0.018270,9.349e-13,425743,0.022757,0.000009949,318398,0.00011015,0.9600,472174,0.015700,0.2427,52313,-0.0045400,0.7318,11277,-0.018723,0.1183,18536,0.0066625,0.5784,18536
18:786569:T:C,DBP/HYPERTENSION,-0.014110,0.00003329,425740,-0.014700,0.000009345,425743,-0.016857,0.002711,318398,0.0074970,0.003700,472174,-0.046600,0.02021,52313,0.0012790,0.9282,11277,0.0059996,0.6272,18536,-0.0031681,0.7976,18536
13:22309576:A:G,DBP,0.014520,1.126e-7,425740,0.013420,4.988e-7,425743,0.025831,6.736e-7,318398,-0.00088634,0.6800,472174,0.063200,0.000005050,52313,-0.029181,0.1517,11277,-0.0038377,0.8369,18536,0.0031559,0.8656,18536
1:7765320:C:G,DBP,0.012170,0.0001926,425740,0.023280,2.646e-13,425743,0.017960,0.001376,318398,0.0069604,0.005600,472174,0.011000,0.5145,52313,0.017306,0.2325,11276,0.035850,0.003662,18536,0.020639,0.09434,18536
7:150629639:G:A,DBP,-0.00081560,0.8267,425740,-0.017310,0.000001887,425743,-0.033435,0.00001642,318398,0.00053815,0.8500,472174,-0.011700,0.5094,52313,0.0084640,0.6169,11277,-0.0046176,0.7216,18536,-0.0089034,0.4921,18536
1:227342582:C:T,DBP,-0.0064470,0.02020,425740,-0.015100,2.473e-8,425743,-0.0089597,0.2269,318398,-0.0024965,0.2600,472174,-0.0095000,0.5201,52313,-0.010354,0.4750,11277,-0.019578,0.1033,18536,-0.0025483,0.8321,18536
2:36585272:G:A,DBP,-0.016820,7.619e-10,425740,-0.023420,1.618e-18,425743,-0.016857,0.001429,318398,0.0013646,0.5200,472174,0.011000,0.4272,52313,-0.0063150,0.6535,11277,0.010547,0.2992,18536,0.016469,0.1050,18536
20:10420795:A:T,DBP,0.011360,0.00001379,425740,-0.018830,1.458e-13,425743,-0.00099950,0.8890,318398,-0.0011754,0.5700,472174,,,,,,,,,,,,
15:76246609:T:G,DBP,0.018460,2.023e-9,425740,0.013370,0.000008560,425743,0.0087381,0.2845,318398,-0.0069955,0.002400,472174,,,,,,,-0.00096574,0.9564,18536,0.0057964,0.7426,18536
7:151062348:G:A,DBP,-0.0046610,0.08335,425740,-0.011450,0.00001305,425743,-0.0099503,0.1760,318398,0.0055028,0.007000,472174,-0.045100,0.001107,52313,0.012832,0.3837,11276,-0.0090016,0.5013,18536,0.0049386,0.7122,18536
1:193279932:T:C,DBP/HYPERTENSION,-0.0080600,0.003179,425740,-0.0067600,0.01119,425743,-0.020783,0.0001103,318398,-0.0019823,0.3500,472174,-0.040900,0.003147,52313,-0.020658,0.1719,11277,-0.0095037,0.4310,18536,-0.011677,0.3333,18536
10:126545779:G:C,DBP,-0.013310,0.000001633,425740,-0.018400,1.079e-11,425743,-0.00099950,0.8647,318398,0.0020042,0.3300,472174,,,,-0.00087300,0.9496,11273,0.013679,0.2487,18536,0.011791,0.3200,18536
7:74073590:A:G,DBP,,,,,,,,,,-0.0014389,0.5700,472174,0.056900,0.003750,52313,-0.0072220,0.6687,11276,0.025569,0.08500,18536,0.030613,0.03919,18536
17:15115717:C:T,DBP,-0.0050630,0.1003,425740,-0.0089050,0.003036,425743,-0.015873,0.05917,318398,0.00075768,0.7400,472174,-0.017800,0.2827,52313,-0.021732,0.1410,11277,-0.011849,0.3182,18536,-0.0048632,0.6820,18536
11:68097826:T:G,DBP,0.0078400,0.004294,425740,0.0074790,0.005218,425743,0.021326,0.0001901,318398,0.00046964,0.8300,472174,0.033200,0.03824,52313,0.0061830,0.7931,11276,-0.037337,0.07092,18536,-0.039685,0.05491,18536
4:25377811:A:C,DBP,-0.012250,0.0002022,425740,-0.011280,0.0004479,425743,-0.021761,0.0005296,318398,0.0048334,0.05100,472174,,,,,,,,,,,,
8:1721090:G:A,DBP,0.013210,0.000002143,425740,0.0093120,0.0006153,425743,0.023576,0.00001479,318398,-0.0031528,0.1500,472174,0.0094000,0.5383,52313,0.0099400,0.5158,11277,0.023002,0.04803,18536,0.0041168,0.7234,18536
4:174455685:G:T,DBP,0.0025180,0.3356,425740,-0.0058140,0.02267,425743,-0.0089597,0.03610,318398,-0.00037028,0.8500,472174,-0.0038000,0.7800,52313,0.0030420,0.8195,11277,-0.011898,0.2478,18536,0.000033614,0.9974,18536
19:31863085:G:A,DBP,0.017880,2.785e-12,425740,0.015800,2.407e-10,425743,0.011870,0.007845,318398,0.00080674,0.6900,472174,0.0054000,0.6925,52313,-0.0087270,0.5219,11277,0.011635,0.2667,18536,0.0084322,0.4209,18536
17:3985864:G:A,DBP,0.0033160,0.2181,425740,0.019540,1.008e-13,425743,0.032833,2.426e-9,318398,-0.0013489,0.5300,472174,0.029100,0.04810,52313,-0.0088250,0.5491,11276,-0.0085768,0.5338,18536,-0.0043157,0.7542,18536
3:194299967:G:T,DBP,-0.0015000,0.5733,425740,0.017990,4.247e-12,425743,-0.0019980,0.7695,318398,-0.0012948,0.5300,472174,-0.0023000,0.8654,52313,-0.021760,0.2009,11277,0.036395,0.02237,18536,0.038919,0.01459,18536
10:105639421:G:A,DBP,-0.030650,1.460e-17,425740,-0.015860,0.000006006,425743,-0.030529,0.00002708,318398,-0.076837,3.100e-157,472174,-0.013700,0.4853,52313,-0.021577,0.3078,11277,-0.0019583,0.9107,18536,0.024850,0.1545,18536
17:18221799:T:C,DBP,0.015570,8.085e-10,425740,0.018070,2.685e-13,425743,0.027577,1.264e-7,318398,-0.00085903,0.6700,472174,0.046300,0.0006130,52313,0.023733,0.06645,11277,-0.012005,0.2390,18536,-0.0048935,0.6312,18536
14:89562165:A:G,DBP,-0.00077150,0.7866,425740,-0.021960,2.702e-15,425743,-0.012916,0.009012,318398,0.0016059,0.4500,472174,-0.0074000,0.6117,52313,-0.020731,0.1461,11277,0.0037621,0.7329,18536,0.0072586,0.5102,18536
6:139829666:C:T,DBP,-0.0092880,0.0003539,425740,-0.017560,4.326e-12,425743,-0.011929,0.009503,318398,-0.0039448,0.05200,472174,-0.013400,0.3194,52313,0.0064250,0.6481,11277,-0.011054,0.2776,18536,-0.0074224,0.4659,18536
3:63905352:C:T,DBP,-0.0030040,0.2773,425740,0.024400,1.433e-19,425743,-0.0099503,0.1815,318398,0.0039235,0.07300,472174,-0.012700,0.3848,52313,-0.0029030,0.8340,11276,0.0040672,0.7027,18536,-0.00032675,0.9755,18536
1:78623626:C:T,DBP,0.0092360,0.01413,425740,-0.0054970,0.1343,425743,0.027885,0.0006811,318398,0.013057,0.00001100,472174,-0.012300,0.5425,52313,0.051012,0.3677,11277,0.039605,0.3860,18536,0.054232,0.2352,18536
2:158503739:C:T,DBP,0.015850,0.00001025,425740,0.016440,0.000002690,425743,0.037494,5.876e-9,318398,0.0076718,0.006000,472174,0.059600,0.005624,52313,-0.025790,0.1993,11277,0.0023868,0.8828,18536,0.012228,0.4502,18536
5:76884661:G:A,DBP,0.0078960,0.02994,425740,-0.0089220,0.01190,425743,0.00050013,0.9582,318398,0.0025376,0.3500,472174,-0.028400,0.1271,52313,0.0091130,0.5948,11277,0.015879,0.3718,18536,0.011937,0.5020,18536
13:28625986:A:G,DBP,-0.010520,0.002291,425740,-0.012970,0.0001159,425743,0.0015011,0.8705,318398,0.000086510,0.9700,472174,0.037400,0.02065,52313,-0.031244,0.1341,11274,0.018868,0.2251,18536,0.019066,0.2203,18536
15:65206218:C:T,DBP,0.0034130,0.2185,425740,-0.011930,0.00001040,425743,0.0068232,0.3523,318398,-0.0069670,0.0009300,472174,0.0070000,0.6228,52313,0.0099820,0.4800,11266,-0.0018087,0.8837,18536,-0.010191,0.4096,18536
1:26848675:A:G,DBP,-0.0032290,0.2648,425740,0.011370,0.00005654,425743,0.014911,0.005278,318398,0.0034377,0.1300,472174,-0.0080000,0.5986,52313,0.012090,0.6161,11275,0.059145,0.005967,18536,0.066661,0.001942,18536
10:111965826:C:T,DBP,0.00065750,0.8987,425740,0.0066020,0.1900,425743,0.0054146,0.6939,318398,0.0021557,0.6000,472174,-0.026800,0.2632,52313,-0.0076960,0.6658,11277,0.019437,0.1965,18536,0.011899,0.4291,18536
1:204067482:G:A,DBP,-0.0042820,0.09367,425740,-0.0050160,0.04409,425743,-0.012916,0.01837,318398,-0.0017494,0.3800,472174,-0.014800,0.2781,52313,-0.018337,0.1638,11277,-0.0061219,0.5448,18536,-0.0012685,0.9001,18536
5:350752:G:A,DBP,-0.011390,0.000008130,425740,-0.0097790,0.00008552,425743,-0.022739,0.000005498,318398,-0.0048697,0.01500,472174,-0.026700,0.04775,52313,-0.0066540,0.6021,11277,-0.018755,0.07248,18536,-0.017159,0.1003,18536
2:182847922:A:G,DBP,-0.016330,1.186e-7,425740,-0.0086830,0.003884,425743,-0.017840,0.005255,318398,-0.000029170,0.9900,472174,-0.030400,0.04898,52313,0.029367,0.06105,11277,-0.020284,0.1663,18536,-0.026992,0.06549,18536
3:160526204:T:C,DBP,-0.015710,9.749e-7,425740,-0.017840,1.206e-8,425743,-0.022739,0.0005225,318398,-0.0019899,0.4100,472174,,,,,,,,,,,,
3:94347013:C:T,DBP,-0.0096200,0.001018,425740,-0.0098790,0.0005412,425743,-0.0089597,0.2366,318398,-0.00086112,0.7000,472174,,,,,,,,,,,,
11:16917869:C:T,DBP,0.0093110,0.001105,425740,0.0077700,0.005247,425743,0.024600,0.000006169,318398,-0.0010891,0.6300,472174,0.00010000,0.9973,52313,-0.010022,0.5905,11277,0.0087322,0.5755,18536,0.0024799,0.8736,18536
2:46353166:A:G,DBP,0.022230,4.403e-17,425740,-0.019250,8.828e-14,425743,-0.0079682,0.2722,318398,-0.0022379,0.2900,472174,-0.0088000,0.5591,52313,-0.019729,0.1375,11277,0.012250,0.2320,18536,-0.0042177,0.6807,18536
6:43364494:G:A,DBP,-0.029010,4.935e-29,425740,-0.014330,1.490e-8,425743,-0.038259,2.013e-15,318398,0.0029576,0.1400,472174,-0.017000,0.2210,52313,-0.0068000,0.5916,11277,-0.027932,0.004676,18536,-0.017121,0.08296,18536
6:72206620:C:A,DBP,0.0059950,0.02118,425740,-0.019530,1.383e-14,425743,-0.012916,0.01416,318398,-0.00026613,0.9000,472174,-0.0076000,0.5780,52313,-0.013023,0.3225,11277,,,,,,
18:26115728:G:A,DBP,0.0021090,0.7005,425740,-0.026410,7.921e-7,425743,-0.014889,0.3142,318398,0.0052707,0.2200,472174,-0.049800,0.1315,52313,-0.0056820,0.7987,11277,0.0061594,0.7170,18536,-0.0055966,0.7418,18536
1:90271868:G:A,DBP,,,,,,,,,,-0.0019473,0.4400,472174,,,,,,,,,,,,
12:109826634:C:A,DBP,-0.0087220,0.003649,425740,-0.0039390,0.1783,425743,-0.013903,0.07496,318398,-0.00079706,0.7400,472174,,,,-0.0066030,0.7004,11277,,,,,,
13:27878484:C:T,DBP,-0.023470,1.561e-9,425740,-0.015580,0.00003968,425743,0.0011006,0.9145,318398,0.00041498,0.9000,472174,0.0090000,0.5802,52313,0.021744,0.5125,11277,-0.0029279,0.9185,18536,0.0071123,0.8038,18536
2:55179006:C:A,DBP,0.0044750,0.09239,425740,0.010230,0.00007951,425743,0.011668,0.01327,318398,0.00012234,0.9500,472174,0.012900,0.3411,52313,-0.011984,0.3566,11277,0.0063170,0.5392,18536,0.011950,0.2454,18536
3:46767241:G:A,DBP,0.011530,0.01814,425740,0.019500,0.00004234,425743,0.046149,4.356e-7,318398,-0.00037148,0.9200,472174,0.048300,0.06275,52313,-0.0085150,0.6538,11277,0.0073218,0.6020,18536,0.011422,0.4160,18536
2:52981688:A:G,DBP,-0.0051620,0.04699,425740,-0.0039700,0.1173,425743,-0.012916,0.009137,318398,-0.00057867,0.7800,472174,-0.018100,0.1957,52313,-0.028941,0.05258,11277,0.011633,0.3495,18536,0.0099507,0.4235,18536
8:90940205:G:C,DBP,-0.00072570,0.7919,425740,-0.00053640,0.8415,425743,-0.0059821,0.4049,318398,-0.0038016,0.06300,472174,-0.0056000,0.6811,52313,0.0021250,0.8801,11277,-0.0042668,0.7306,18536,-0.0061718,0.6185,18536
14:77496619:G:A,DBP,0.0058810,0.04529,425740,0.011570,0.00005366,425743,0.012883,0.01694,318398,0.0021775,0.3300,472174,0.0065000,0.6909,52313,0.0042790,0.7602,11277,0.012429,0.2540,18536,0.024565,0.02418,18536
2:145617152:T:C,DBP,0.017370,0.00001603,425740,0.019600,6.062e-7,425743,0.032833,0.00002062,318398,-0.0039198,0.2200,472174,0.015500,0.4969,52313,0.023393,0.3133,11276,0.0069798,0.7636,18536,0.045828,0.04830,18536
4:144086245:G:A,DBP,-0.017120,3.251e-11,425740,-0.012500,6.739e-7,425743,-0.028587,1.265e-8,318398,-0.0012446,0.5400,472174,-0.045600,0.001180,52313,0.020972,0.09943,11277,0.010559,0.2950,18536,-0.00088435,0.9301,18536
2:43582074:C:G,DBP,-0.023080,3.956e-19,425740,-0.016820,2.394e-11,425743,-0.015873,0.0002756,318398,-0.0066657,0.001000,472174,-0.032900,0.01862,52313,-0.0027820,0.8289,11277,-0.013801,0.1746,18536,-0.014842,0.1443,18536
18:20177738:G:C,DBP,-0.0017910,0.5190,425740,0.018660,5.580e-12,425743,0.0054146,0.4596,318398,0.00043029,0.8500,472174,,,,,,,,,,,,
8:26060013:T:C,DBP,0.016530,0.0002237,425740,0.027160,5.077e-10,425743,0.026549,0.001824,318398,-0.0035148,0.2900,472174,0.0016000,0.9475,52313,-0.011341,0.8023,11277,0.0093401,0.8266,18536,0.0033905,0.9366,18536
21:40060766:G:A,DBP,-0.0041180,0.1692,425740,0.014560,6.250e-7,425743,0.011567,0.1484,318398,0.0054812,0.02000,472174,0.034100,0.02220,52313,0.012127,0.4560,11277,0.0078361,0.5627,18536,0.022453,0.09718,18536
20:57589516:C:T,DBP/HYPERTENSION,-0.015020,0.00002049,425740,-0.019560,1.295e-8,425743,-0.024693,0.0003890,318398,-0.0058900,0.03300,472174,-0.052400,0.0008798,52313,-0.022772,0.2065,11277,-0.026200,0.07563,18536,-0.040747,0.005728,18536
3:53553923:G:T,DBP,-0.020420,4.978e-11,425740,-0.017250,1.272e-8,425743,-0.032467,5.877e-8,318398,0.0031640,0.1700,472174,-0.031500,0.04030,52313,0.012708,0.3930,11277,-0.011408,0.3167,18536,0.0081556,0.4742,18536
6:117462040:T:C,DBP,0.010330,0.00007524,425740,0.0086400,0.0006853,425743,0.011668,0.02862,318398,-0.0046455,0.02300,472174,0.024600,0.07332,52313,0.010141,0.4487,11277,0.012962,0.2570,18536,0.029309,0.01039,18536
13:38280770:C:T,DBP,-0.0068910,0.008572,425740,0.016710,6.336e-11,425743,-0.0049875,0.4422,318398,-0.00059396,0.7700,472174,-0.035300,0.009865,52313,-0.0035480,0.8006,11275,,,,,,
2:3639909:C:G,DBP,0.015130,0.000006431,425740,0.027730,2.252e-17,425743,0.014911,0.02765,318398,0.0040003,0.1300,472174,,,,,,,,,,,,
5:1279790:C:T,DBP,0.025000,3.202e-18,425740,0.014290,3.402e-7,425743,0.028297,4.348e-7,318398,0.046821,3.600e-94,472174,0.0012000,0.9363,52313,0.087380,9.352e-10,11277,0.016272,0.1417,18536,0.016810,0.1290,18536
6:153427265:G:A,DBP,0.0039800,0.1597,425740,-0.0039980,0.1476,425743,0.0037069,0.6212,318398,-0.0011940,0.5900,472174,-0.014800,0.2959,52313,-0.023233,0.07682,11277,-0.0048827,0.6472,18536,-0.0023853,0.8231,18536
3:189334528:A:G,DBP,-0.0094110,0.0002598,425740,-0.0033910,0.1772,425743,0.0049120,0.4733,318398,-0.00098701,0.6200,472174,0.0049000,0.7197,52313,-0.0022570,0.8633,11277,-0.0067259,0.5100,18536,-0.020828,0.04135,18536
1:2919942:G:A,DBP,-0.0020190,0.6181,425740,-0.020080,3.686e-7,425743,-0.030529,0.00004956,318398,0.0031910,0.3100,472174,-0.045000,0.07048,52313,0.0036240,0.9109,11277,-0.0041480,0.8525,18536,-0.030694,0.1687,18536
17:81000439:C:T,DBP,-0.0031860,0.2326,425740,-0.012030,0.000003817,425743,-0.0079682,0.2587,318398,-0.0023589,0.2700,472174,-0.014600,0.2917,52313,0.019754,0.1410,11277,-0.010068,0.3789,18536,-0.0094204,0.4103,18536
10:115698028:C:T,DBP,0.015050,4.651e-8,425740,0.013470,5.368e-7,425743,0.017655,0.0008353,318398,-0.0027360,0.2000,472174,0.012100,0.4071,52313,-0.00079000,0.9566,11277,-0.013712,0.2998,18536,0.000098469,0.9941,18536
4:89947671:A:G,DBP,-0.0045640,0.07782,425740,-0.0034180,0.1757,425743,-0.014889,0.002676,318398,0.00038975,0.8500,472174,-0.014800,0.2744,52313,0.0055280,0.6632,11277,0.0026238,0.7927,18536,0.0052100,0.6017,18536
15:100159557:G:C,DBP,0.011660,0.0006918,425740,0.0056120,0.09406,425743,0.029326,0.000004992,318398,-0.0011566,0.6600,472174,0.013300,0.4502,52313,-0.018467,0.3036,11277,0.032124,0.02468,18536,0.014109,0.3238,18536
9:139297921:A:G,DBP,-0.0026160,0.3134,425740,0.014400,1.269e-8,425743,0.0053141,0.4416,318398,0.0037869,0.06400,472174,,,,,,,,,,,,
8:27296004:A:G,DBP,-0.0072710,0.003949,425740,-0.014870,1.527e-9,425743,-0.010940,0.01552,318398,0.00098310,0.6200,472174,,,,,,,,,,,,
2:218305715:C:T,DBP,-0.0027810,0.3375,425740,0.018600,4.745e-11,425743,-0.012916,0.03808,318398,-0.0014876,0.5000,472174,,,,,,,,,,,,
5:3706197:G:T,DBP,0.0094840,0.001189,425740,0.015400,6.798e-8,425743,0.030872,6.260e-8,318398,0.0042827,0.06000,472174,0.026600,0.07381,52313,-0.012220,0.4041,11277,0.0061288,0.5971,18536,-0.0073076,0.5286,18536
5:123010967:A:G,DBP,-0.0044860,0.08911,425740,-0.019770,1.580e-14,425743,-0.0049875,0.5199,318398,0.0018585,0.3600,472174,0.0025000,0.8562,52313,0.016008,0.2155,11276,0.012857,0.2019,18536,0.014769,0.1427,18536
11:70005374:C:A,DBP,0.0027370,0.2918,425740,-0.013000,2.856e-7,425743,0.0075283,0.2750,318398,-0.0025624,0.2000,472174,-0.033600,0.01591,52313,-0.0079460,0.5307,11277,-0.013619,0.1718,18536,-0.0055037,0.5808,18536
3:124606753:T:A,DBP/HYPERTENSION,-0.019150,8.352e-13,425740,-0.0074980,0.004069,425743,-0.015873,0.001766,318398,-0.0020393,0.3300,472174,,,,,,,-0.034277,0.0008461,18536,-0.021338,0.03775,18536
14:24830850:T:C,DBP,0.0021900,0.4275,425740,-0.011950,0.000009062,425743,-0.012916,0.02118,318398,-0.0026522,0.2300,472174,-0.013500,0.3696,52313,0.0062640,0.6493,11277,-0.0034788,0.7420,18536,-0.00054572,0.9588,18536
5:157938070:A:G,DBP,0.015330,0.00004013,425740,0.0091520,0.01196,425743,0.027782,0.0002263,318398,0.0050418,0.08900,472174,0.036300,0.07931,52313,0.019799,0.3604,11277,-0.018460,0.2812,18536,-0.016022,0.3496,18536
3:64705365:C:T,DBP,-0.0033170,0.1911,425740,-0.0089150,0.0003145,425743,-0.016857,0.0001778,318398,0.0019080,0.3500,472174,-0.028800,0.04023,52313,0.0011220,0.9378,11277,-0.0074965,0.5014,18536,-0.0035310,0.7515,18536
20:6331376:C:T,DBP,0.016830,1.194e-10,425740,0.015440,1.358e-9,425743,0.012376,0.07405,318398,0.000079070,0.9700,472174,0.020900,0.1351,52313,0.015234,0.2544,11277,0.0026490,0.8282,18536,0.0018050,0.8824,18536
6:141180780:T:C,DBP,0.0024000,0.3813,425740,-0.0082930,0.001927,425743,-0.011929,0.1035,318398,-0.00015037,0.9400,472174,-0.010100,0.5053,52313,0.017066,0.1906,11277,-0.011445,0.3476,18536,-0.018808,0.1227,18536
1:115774074:A:C,DBP,0.00057230,0.8356,425740,-0.010940,0.00004754,425743,-0.013903,0.05584,318398,-0.0019352,0.3700,472174,-0.024000,0.08346,52313,-0.012599,0.3879,11276,-0.011727,0.2917,18536,-0.012218,0.2720,18536
3:136692201:C:T,DBP,0.017530,0.000009066,425740,0.017330,0.000006817,425743,0.020509,0.05032,318398,-0.0044812,0.1700,472174,-0.017200,0.3349,52313,-0.0021700,0.8980,11277,-0.0042194,0.7430,18536,0.0050201,0.6965,18536
20:35909777:G:A,DBP,-0.0042010,0.1424,425740,-0.012070,0.00001566,425743,-0.0049875,0.5548,318398,0.00046161,0.8300,472174,,,,,,,,,,,,
16:56859216:C:T,DBP,-0.0079020,0.004685,425740,-0.0089520,0.001021,425743,-0.0079682,0.04095,318398,0.00016230,0.9400,472174,-0.024700,0.08196,52313,0.0036240,0.8128,11253,-0.012528,0.3222,18536,-0.0062099,0.6237,18536
2:242671952:C:A,DBP,-0.013480,0.003739,425740,-0.027910,7.512e-10,425743,-0.026642,0.002013,318398,,,,-0.043700,0.05814,52313,0.018905,0.3396,11277,,,,,,
19:39438532:A:G,DBP,0.0033950,0.2591,425740,0.0061500,0.03609,425743,-0.0029955,0.7254,318398,0.000071900,0.9700,472174,0.033700,0.02250,52313,0.012230,0.4241,11247,0.0065445,0.6713,18536,0.0057654,0.7085,18536
9:89891473:G:A,DBP,-0.010250,0.001083,425740,-0.0061530,0.04422,425743,-0.0049875,0.5868,318398,0.0025297,0.2900,472174,0.0070000,0.6653,52313,-0.021515,0.2556,11277,0.0066255,0.6219,18536,0.016057,0.2320,18536
6:28905275:T:G,DBP,0.025690,0.2002,425740,0.023300,0.2338,425743,0.060706,0.2538,318398,-0.053159,3.000e-15,472174,,,,,,,,,,,,
9:95396712:G:A,DBP,-0.0033020,0.5618,425740,-0.0026060,0.6387,425743,-0.020783,0.1767,318398,-0.0011347,0.8000,472174,-0.011300,0.7743,52313,-0.011747,0.5648,11277,-0.012701,0.3900,18536,-0.011283,0.4451,18536
6:26318262:C:T,DBP,0.020820,0.0002578,425740,-0.010010,0.07154,425743,0.0032051,0.8335,318398,-0.028184,9.400e-18,472174,0.0093000,0.7694,52313,0.11620,0.5358,11277,0.024788,0.9093,18536,-0.36152,0.09663,18536
14:36158828:T:C,DBP,-0.0097170,0.02901,425740,-0.025910,2.395e-9,425743,-0.019803,0.09332,318398,0.0010419,0.7700,472174,-0.016200,0.6767,52313,0.025658,0.5098,11277,,,,,,
13:110792743:A:G,DBP,0.0091020,0.03289,425740,-0.013790,0.0009220,425743,-0.016857,0.03607,318398,-0.00081050,0.8200,472174,-0.017800,0.4640,52313,0.049504,0.03598,11277,0.0060724,0.8315,18536,-0.016549,0.5619,18536
6:31320509:G:A,DBP,0.020510,4.554e-8,425740,0.016300,0.000008434,425743,0.014505,0.1447,318398,0.0027758,0.3000,472174,0.055500,0.003222,52313,-0.056540,0.1777,11277,-0.017962,0.5757,18536,-0.027316,0.3947,18536
10:13523937:C:T,DBP,0.0055300,0.04619,425740,0.016300,1.697e-9,425743,0.016943,0.001575,318398,0.0027823,0.2100,472174,0.010700,0.4287,52313,0.0054070,0.6827,11277,-0.010405,0.3132,18536,-0.011663,0.2583,18536
20:42804581:C:G,DBP,0.046100,1.148e-35,425740,0.025930,6.583e-13,425743,0.048140,1.031e-11,318398,-0.000040870,0.9900,472174,0.059500,0.003506,52313,0.023744,0.1854,11277,0.029991,0.03799,18536,0.046164,0.001404,18536
6:80859477:T:C,DBP,0.010200,0.00008068,425740,0.018410,2.944e-13,425743,0.012579,0.06847,318398,-0.00039815,0.8400,472174,,,,-0.0088710,0.4961,11235,,,,,,
11:72023279:G:A,DBP,0.020920,0.00001882,425740,0.020700,0.00001412,425743,0.0098483,0.4488,318398,0.0090005,0.01600,472174,0.0091000,0.6784,52313,0.014874,0.5155,11277,0.038855,0.02693,18536,0.050208,0.004251,18536
7:19046177:T:G,DBP,0.046960,1.317e-43,425740,-0.031880,5.451e-22,425743,0.023166,0.0001156,318398,-0.0022731,0.3800,472174,-0.0080000,0.6200,52313,-0.040660,0.003297,11277,,,,,,
4:151067763:A:G,DBP,-0.012490,0.00007387,425740,-0.0087390,0.004450,425743,-0.011929,0.03494,318398,0.0000093370,1.000,472174,-0.0027000,0.8858,52313,0.041809,0.06098,11277,0.0089251,0.6264,18536,0.023881,0.1927,18536
4:54575432:C:T,DBP,0.0097660,0.0006106,425740,-0.012340,0.000009048,425743,0.0058169,0.4398,318398,-0.0040659,0.05500,472174,-0.023300,0.1124,52313,-0.047578,0.0006784,11277,-0.014419,0.1891,18536,-0.013078,0.2336,18536
5:89527228:C:T,DBP,-0.0036050,0.3617,425740,-0.0035050,0.3633,425743,-0.013903,0.1759,318398,0.0019505,0.5400,472174,0.019600,0.3557,52313,-0.057005,0.01269,11275,-0.0063033,0.7874,18536,-0.0057943,0.8042,18536
6:122860379:G:A,DBP,-0.0038850,0.3669,425740,0.020000,0.000001923,425743,-0.0099503,0.4065,318398,0.0022629,0.4800,472174,-0.011300,0.5861,52313,0.011263,0.5424,11277,,,,,,
4:87769929:T:C,DBP,-0.00088780,0.7764,425740,-0.0069890,0.02186,425743,-0.010940,0.1772,318398,-0.0069317,0.006100,472174,0.021400,0.2447,52313,-0.017052,0.4302,11277,-0.031988,0.1036,18536,-0.030798,0.1171,18536
11:133953225:CA:C,DBP,-0.013930,0.0001823,425740,-0.022430,6.365e-10,425743,-0.014889,0.1461,318398,,,,-0.0093000,0.6640,52313,0.0072870,0.7832,11277,,,,,,
22:41589862:G:A,DBP,-0.0033800,0.4386,425740,0.022590,1.115e-7,425743,-0.012916,0.2638,318398,0.0076315,0.02500,472174,,,,,,,,,,,,
10:22027644:G:A,DBP,-0.0054160,0.05362,425740,-0.0085780,0.001724,425743,-0.023717,0.00002142,318398,-0.0023531,0.2600,472174,-0.033400,0.01591,52313,-0.0010640,0.9437,11277,-0.0039185,0.7752,18536,-0.017298,0.2074,18536
2:114431884:T:C,DBP,-0.0091470,0.004587,425740,-0.0057820,0.06622,425743,-0.013903,0.01594,318398,0.0036738,0.1600,472174,-0.00090000,0.9537,52313,0.034096,0.06252,11277,0.0024540,0.9121,18536,-0.00087342,0.9687,18536
1:61782375:A:C,DBP,-0.011780,0.00007333,425740,-0.011430,0.00007982,425743,-0.013903,0.08847,318398,-0.0014816,0.5300,472174,-0.034000,0.01916,52313,-0.022994,0.1943,11277,-0.015870,0.2658,18536,-0.0065249,0.6473,18536
6:51582136:G:A,DBP,0.013740,0.0001067,425740,0.017830,2.539e-7,425743,0.026652,0.0001017,318398,0.00033750,0.9100,472174,0.029400,0.1034,52313,-0.010716,0.5344,11277,-0.0047769,0.7153,18536,-0.021884,0.09476,18536
13:50564490:C:G,DBP,0.0089810,0.01569,425740,0.029330,6.010e-16,425743,0.028914,0.00007388,318398,0.0083431,0.005000,472174,,,,0.034310,0.06623,11274,0.029331,0.05931,18536,0.0092457,0.5522,18536
3:11413387:T:G,DBP,0.019480,9.789e-13,425740,0.014090,1.223e-7,425743,0.039573,1.554e-14,318398,-0.00096912,0.6400,472174,0.039700,0.003755,52313,0.010505,0.4196,11273,0.0080482,0.5132,18536,-0.00036116,0.9766,18536
1:110229787:C:T,DBP,0.0064710,0.06010,425740,0.024650,2.094e-13,425743,0.017451,0.05679,318398,0.0032067,0.1800,472174,,,,,,,,,,,,
1:59622218:C:CA,DBP,-0.024090,1.121e-16,425740,0.020490,4.749e-13,425743,0.0000,0.9765,318398,0.0017390,0.4300,472174,,,,,,,,,,,,
6:22125964:T:C,DBP,0.0056230,0.02471,425740,0.0098020,0.00005969,425743,0.027577,4.782e-8,318398,-0.0013590,0.5000,472174,0.0048000,0.7266,52313,-0.0032670,0.7995,11277,0.024950,0.01471,18536,0.017470,0.08763,18536
6:39186743:G:C,DBP,0.0026870,0.4055,425740,-0.012100,0.0001233,425743,-0.018822,0.006905,318398,-0.00099175,0.6600,472174,-0.0066000,0.6491,52313,-0.014035,0.3500,11277,-0.0044458,0.7414,18536,-0.0042526,0.7523,18536
5:172503742:C:G,DBP,0.0022500,0.4079,425740,0.021470,5.755e-16,425743,0.0076290,0.2881,318398,0.0041016,0.05500,472174,,,,,,,0.0020349,0.8402,18536,0.0097022,0.3364,18536
17:56848677:T:C,DBP,0.016380,1.144e-9,425740,0.013640,2.026e-7,425743,0.022348,0.000008279,318398,0.0030400,0.1600,472174,0.033300,0.02606,52313,0.0051290,0.7648,11277,-0.010944,0.5283,18536,0.017694,0.3080,18536
5:56224124:A:G,DBP,0.0053000,0.1987,425740,0.031230,8.233e-15,425743,0.013896,0.2067,318398,-0.0013457,0.6800,472174,0.015300,0.5194,52313,0.016083,0.4883,11277,0.022519,0.1927,18536,0.014969,0.3866,18536
1:47944812:T:C,DBP,-0.016590,0.000001531,425740,-0.018950,1.801e-8,425743,-0.016857,0.07462,318398,-0.00051455,0.8500,472174,-0.0054000,0.7536,52313,0.014237,0.4146,11277,-0.028743,0.07302,18536,-0.024600,0.1249,18536
20:61030580:A:T,DBP,-0.0035650,0.2196,425740,-0.010870,0.0001250,425743,-0.011929,0.1367,318398,-0.0063875,0.004400,472174,-0.0073000,0.6124,52313,-0.021623,0.1741,11277,-0.013836,0.2858,18536,-0.0093463,0.4709,18536
1:236314718:A:C,DBP,,,,,,,,,,0.0017614,0.5100,472174,,,,,,,,,,,,
2:53871703:C:T,DBP,-0.0037260,0.2509,425740,0.014620,0.000003836,425743,-0.014889,0.09103,318398,0.0099924,0.00007800,472174,,,,,,,,,,,,
2:106803151:G:C,DBP,-0.014630,0.001992,425740,-0.013500,0.003433,425743,-0.021761,0.01588,318398,0.0060110,0.1000,472174,-0.0064000,0.7119,52313,0.022033,0.2075,11277,0.00036426,0.9782,18536,-0.0096196,0.4709,18536
2:645811:GA:G,DBP,,,,,,,,,,0.0022905,0.3800,472174,,,,,,,,,,,,
11:10486187:G:A,DBP,-0.0092170,0.0006378,425740,-0.0013120,0.6183,425743,-0.019803,0.0002789,318398,-0.0010768,0.6100,472174,-0.0066000,0.6380,52313,-0.013281,0.3054,11277,-0.0027646,0.7896,18536,0.0031004,0.7648,18536
5:138296615:C:G,DBP,0.010670,0.0001409,425740,0.0089640,0.001047,425743,0.0058169,0.4346,318398,-0.0016229,0.4500,472174,0.011000,0.4314,52313,-0.022225,0.1196,11277,-0.0023453,0.8629,18536,-0.0070350,0.6046,18536
7:114692240:C:A,DBP,-0.0070830,0.007533,425740,-0.012480,0.000001377,425743,0.00030004,0.9628,318398,-0.00068737,0.7400,472174,,,,,,,,,,,,
2:176584776:G:C,DBP,-0.0067820,0.07400,425740,-0.021870,3.500e-9,425743,-0.018822,0.01092,318398,0.00016882,0.9500,472174,-0.025400,0.2037,52313,-0.038123,0.08105,11277,,,,,,
7:7284546:G:A,DBP,0.012550,0.000008027,425740,0.014190,2.272e-7,425743,0.026652,0.000002258,318398,-0.00086273,0.6800,472174,0.053800,0.0001035,52313,0.018100,0.2022,11277,0.0079468,0.4556,18536,0.0096973,0.3626,18536
16:4012480:T:C,DBP,-0.019820,1.987e-7,425740,-0.017870,0.000001528,425743,-0.045929,2.050e-9,318398,0.0024924,0.3900,472174,-0.043200,0.01647,52313,0.016149,0.4038,11277,-0.031360,0.03266,18536,-0.037450,0.01074,18536
11:1615955:C:A,DBP,-0.00093950,0.7344,425740,-0.012370,0.000004607,425743,-0.024693,0.00001457,318398,-0.0023537,0.2800,472174,-0.014200,0.3543,52313,,,,-0.022262,0.04272,18536,-0.0086676,0.4301,18536
4:111404413:A:G,DBP,-0.020560,1.161e-15,425740,-0.018110,4.799e-13,425743,-0.033435,5.109e-10,318398,0.0031214,0.1200,472174,-0.051900,0.0001221,52313,0.00060400,0.9631,11277,-0.0018506,0.8725,18536,-0.011269,0.3284,18536
7:2489067:C:T,DBP,-0.012350,0.0006397,425740,-0.0070690,0.04502,425743,-0.017840,0.03953,318398,-0.0020828,0.4400,472174,-0.025600,0.2087,52313,0.011002,0.5061,11277,-0.033528,0.04427,18536,-0.025202,0.1305,18536
13:21638887:C:G,DBP,-0.0047000,0.08566,425740,0.0085480,0.001350,425743,0.0096464,0.1854,318398,0.0021151,0.3100,472174,0.031700,0.02421,52313,0.0097200,0.4671,11277,0.015167,0.1565,18536,0.015458,0.1487,18536
11:122608704:C:T,DBP/HYPERTENSION,0.012050,0.000001530,425740,0.0036670,0.1337,425743,0.017757,0.0001429,318398,-0.0013343,0.5100,472174,0.019900,0.1462,52313,0.018855,0.1443,11277,-0.010017,0.3360,18536,-0.0058951,0.5713,18536
6:25461412:A:G,DBP,-0.011420,0.03542,425740,-0.020040,0.0001538,425743,-0.037296,0.0006551,318398,-0.0012905,0.7600,472174,-0.0078000,0.8218,52313,-0.054154,0.4049,11277,-0.097275,0.2924,18536,-0.12805,0.1658,18536
2:174936181:T:A,DBP,0.0091530,0.001676,425740,0.0070800,0.01269,425743,0.011567,0.1358,318398,-0.00044979,0.8300,472174,0.028600,0.03686,52313,0.016237,0.2348,11277,0.017141,0.09071,18536,0.012874,0.2039,18536
11:16012114:A:T,DBP,-0.0013850,0.5844,425740,0.014220,8.591e-9,425743,0.018775,0.00008200,318398,-0.0011245,0.5800,472174,0.0026000,0.8507,52313,0.015367,0.2485,11277,0.0019367,0.8477,18536,0.0075229,0.4558,18536
8:72467726:A:G,DBP,0.0072010,0.1166,425740,0.011360,0.01116,425743,0.015825,0.1947,318398,-0.00011618,0.9700,472174,0.015200,0.6626,52313,0.0086160,0.6559,11277,-0.014419,0.3261,18536,-0.017623,0.2301,18536
19:3369572:T:G,DBP,0.012580,0.0007525,425740,0.018170,6.008e-7,425743,0.018164,0.01500,318398,0.0019322,0.4600,472174,-0.022500,0.1940,52313,-0.0037690,0.8577,11277,0.025478,0.1663,18536,-0.0043847,0.8117,18536
2:242640611:T:C,DBP,-0.0061680,0.1251,425740,-0.020290,2.308e-7,425743,-0.014889,0.03637,318398,0.0022300,0.4800,472174,-0.017300,0.3165,52313,0.011473,0.4793,11266,,,,,,
6:17477425:C:G,DBP,0.0088420,0.0009349,425740,0.0097610,0.0001798,425743,0.010960,0.03420,318398,-0.00053091,0.7900,472174,0.0087000,0.5221,52313,-0.0040450,0.7613,11277,0.0052545,0.6787,18536,-0.0043949,0.7290,18536
7:22156538:C:G,DBP,0.0049060,0.08634,425740,0.0099480,0.0003631,425743,0.022552,0.00006919,318398,-0.0011392,0.6100,472174,0.017000,0.2335,52313,-0.023974,0.2979,11277,-0.013826,0.4487,18536,-0.023508,0.1977,18536
6:143159284:C:T,DBP,0.0040560,0.1523,425740,0.012420,0.000006983,425743,0.017248,0.0002832,318398,-0.0039680,0.06700,472174,0.021500,0.1274,52313,-0.020884,0.1269,11277,0.0099611,0.3453,18536,0.00093140,0.9297,18536
22:30769476:CA:C,DBP,0.010060,0.0005234,425740,0.024120,1.487e-17,425743,0.014505,0.06057,318398,,,,-0.00090000,0.9590,52313,-0.0067130,0.7421,11277,,,,,,
7:80397808:C:T,DBP,-0.0083080,0.03685,425740,-0.022090,1.268e-8,425743,-0.029559,0.0005996,318398,-0.0014731,0.6400,472174,-0.0070000,0.7184,52313,0.051083,0.009058,11275,,,,,,
7:35238532:A:T,DBP,0.0061950,0.01869,425740,-0.013250,2.520e-7,425743,-0.0039920,0.5503,318398,-0.0023476,0.2500,472174,-0.010600,0.4367,52313,,,,-0.0074746,0.5695,18536,-0.0038321,0.7706,18536
19:32590773:C:T,DBP,-0.0070030,0.01239,425740,-0.017010,4.728e-10,425743,-0.026642,6.945e-7,318398,-0.00095535,0.6700,472174,-0.0083000,0.5601,52313,-0.032422,0.04219,11277,-0.035670,0.005318,18536,-0.026033,0.04194,18536
12:15310339:C:T,DBP,0.00081130,0.8102,425740,0.027780,3.363e-17,425743,0.026857,0.00002115,318398,-0.00051889,0.8500,472174,0.046000,0.006342,52313,0.0083450,0.5683,11277,0.035915,0.02539,18536,0.036776,0.02208,18536
7:73750008:G:C,DBP,-0.00041100,0.8896,425740,-0.020820,5.563e-13,425743,-0.015873,0.005874,318398,-0.0062681,0.005700,472174,,,,,,,,,,,,
11:9973062:T:G,DBP,0.019850,9.363e-15,425740,0.014190,1.354e-8,425743,0.022041,0.00001808,318398,-0.00049940,0.8000,472174,0.0041000,0.7591,52313,0.031676,0.01732,11277,0.0040826,0.7001,18536,0.010340,0.3292,18536
2:37517566:A:G,DBP,0.0022850,0.4422,425740,-0.0054210,0.06158,425743,-0.010940,0.04931,318398,0.0018583,0.4300,472174,-0.016800,0.3090,52313,-0.018191,0.1552,11277,-0.010722,0.2842,18536,-0.0063172,0.5280,18536
8:135613624:A:G,DBP/HYPERTENSION,0.017560,1.135e-11,425740,0.0075190,0.002876,425743,0.023576,0.000002256,318398,-0.0027383,0.1800,472174,0.050000,0.0002050,52313,0.017443,0.1759,11277,0.0056543,0.5642,18536,0.0074263,0.4488,18536
4:77382068:T:C,DBP,-0.020790,8.231e-14,425740,-0.020210,9.981e-14,425743,-0.018822,0.0008386,318398,0.0035395,0.1000,472174,-0.012800,0.3752,52313,0.022080,0.1346,11277,-0.0028711,0.7997,18536,0.0033680,0.7660,18536
3:138122122:C:T,DBP,0.015430,0.000007125,425740,0.012650,0.0001592,425743,0.022143,0.0005927,318398,-0.0059026,0.03300,472174,0.042000,0.05745,52313,0.044853,0.03404,11277,,,,,,
16:30111904:A:C,DBP,0.019230,0.000001879,425740,0.017880,0.000005507,425743,0.012579,0.2414,318398,0.0021003,0.5100,472174,0.010900,0.6354,52313,-0.020513,0.5460,11277,0.063897,0.1038,18536,0.075886,0.05335,18536
6:135146944:G:A,DBP,-0.0026510,0.5698,425740,0.025470,2.170e-8,425743,0.020713,0.09563,318398,-0.00033221,0.9200,472174,,,,,,,,,,,,
18:56602702:T:C,DBP,-0.0021600,0.4127,425740,-0.011520,0.000007453,425743,-0.010940,0.1194,318398,-0.00042434,0.8400,472174,,,,,,,,,,,,
1:154819359:A:C,DBP,-0.011280,0.00003004,425740,-0.011760,0.000008162,425743,0.0052136,0.4643,318398,-0.00010908,0.9600,472174,-0.0034000,0.8181,52313,-0.026354,0.09280,11277,-0.0031711,0.7887,18536,-0.0074715,0.5278,18536
15:72102096:G:A,DBP,-0.00064980,0.8357,425740,-0.0099580,0.001122,425743,-0.014889,0.01639,318398,-0.0015292,0.5200,472174,-0.023700,0.1275,52313,0.020384,0.1777,11277,-0.0047429,0.7083,18536,-0.010077,0.4266,18536
1:219636283:A:T,DBP,0.0067750,0.009860,425740,-0.013370,1.779e-7,425743,0.0087381,0.01666,318398,-0.00029841,0.8800,472174,0.018700,0.1755,52313,-0.015022,0.2616,11277,0.023528,0.01950,18536,0.0059592,0.5541,18536
2:242640608:C:G,DBP,-0.0059000,0.1425,425740,-0.020370,2.094e-7,425743,-0.013903,0.04424,318398,0.0020789,0.5100,472174,-0.017300,0.3166,52313,,,,,,,,,
2:242640599:A:T,DBP,-0.0059000,0.1425,425740,-0.020370,2.094e-7,425743,-0.013903,0.04424,318398,0.0020791,0.5100,472174,-0.017500,0.3102,52313,,,,,,,,,
2:242640602:T:C,DBP,-0.0059000,0.1425,425740,-0.020370,2.094e-7,425743,-0.013903,0.04424,318398,0.0020791,0.5100,472174,-0.017400,0.3133,52313,,,,,,,,,
3:150083221:C:A,DBP,0.011860,0.0002107,425740,0.0078900,0.01148,425743,0.020713,0.003210,318398,-0.0093443,0.0001100,472174,0.041700,0.01311,52313,-0.011830,0.5112,11277,-0.019821,0.1377,18536,-0.0077142,0.5635,18536
2:242640625:C:G,DBP,-0.0059080,0.1418,425740,-0.020340,2.148e-7,425743,-0.013903,0.04407,318398,0.0021020,0.5000,472174,-0.017800,0.3019,52313,0.012726,0.4314,11277,0.0069868,0.6191,18536,0.0059566,0.6717,18536
20:11886643:C:T,DBP,-0.0064110,0.01352,425740,-0.015120,2.356e-9,425743,-0.018822,0.0007851,318398,-0.0012344,0.5500,472174,0.0088000,0.5186,52313,-0.0014250,0.9154,11277,0.022092,0.04057,18536,-0.0048651,0.6520,18536
3:12859004:A:C,DBP,-0.015740,1.132e-9,425740,-0.0083820,0.0008878,425743,-0.015873,0.001871,318398,0.0036969,0.07100,472174,-0.024100,0.07755,52313,0.023666,0.07359,11277,0.013295,0.2234,18536,0.020151,0.06500,18536
6:116224667:T:C,DBP,-0.0014650,0.5819,425740,-0.010500,0.00005158,425743,-0.0099503,0.02934,318398,0.00070252,0.7300,472174,0.00040000,0.9786,52313,0.00095000,0.9462,11277,-0.0020676,0.8526,18536,-0.0054188,0.6264,18536
16:3535540:G:A,DBP,-0.0073680,0.01178,425740,-0.013090,0.000004504,425743,-0.013903,0.07523,318398,-0.0022661,0.3100,472174,-0.0061000,0.6902,52313,-0.0025600,0.8440,11277,-0.011455,0.3562,18536,-0.012041,0.3321,18536
13:110954237:A:G,DBP,-0.0039150,0.1924,425740,0.010510,0.0003346,425743,0.012579,0.01429,318398,0.00090568,0.7000,472174,0.031300,0.05892,52313,-0.0097840,0.5218,11277,-0.020955,0.07167,18536,-0.019026,0.1020,18536
10:17244898:C:T,DBP,0.0071150,0.01011,425740,0.019400,6.393e-13,425743,-0.0029955,0.6937,318398,0.0019180,0.3700,472174,0.024000,0.1238,52313,,,,0.015136,0.2899,18536,0.032203,0.02433,18536
12:94878542:T:C,DBP,-0.029800,4.202e-10,425740,0.038440,1.440e-16,425743,-0.026642,0.004009,318398,0.0034589,0.3400,472174,0.0072000,0.8119,52313,,,,,,,,,
8:6378186:C:G,DBP,0.0027810,0.2845,425740,0.0094960,0.0001790,425743,0.016028,0.001065,318398,-0.00024291,0.9000,472174,0.034800,0.01097,52313,-0.014644,0.2699,11277,0.0027764,0.7927,18536,0.028062,0.007908,18536
6:100613551:T:C,DBP,-0.0043100,0.1539,425740,-0.017230,5.085e-9,425743,0.00080032,0.9239,318398,-0.00083117,0.7200,472174,-0.021800,0.1938,52313,-0.011307,0.5097,11276,0.017288,0.3185,18536,0.0086795,0.6165,18536
19:18620411:A:G,DBP,0.012370,0.03563,425740,0.045900,1.338e-15,425743,0.043638,0.0005651,318398,-0.0067855,0.09500,472174,,,,,,,,,,,,
6:44181315:C:T,DBP,0.0066100,0.04122,425740,0.018340,6.393e-9,425743,0.016536,0.01501,318398,0.0032103,0.2000,472174,0.012200,0.5225,52313,0.00087900,0.9553,11276,0.0083593,0.5446,18536,0.018274,0.1854,18536
6:126996230:C:T,DBP,0.013680,2.709e-7,425740,0.024080,1.656e-20,425743,0.017350,0.00009764,318398,0.0051607,0.01000,472174,0.022700,0.09167,52313,-0.00058100,0.9671,11276,,,,,,
11:48058313:A:C,DBP,-0.012100,0.00001928,425740,-0.014740,9.469e-8,425743,-0.017840,0.001016,318398,0.0085059,0.0001500,472174,-0.026900,0.08693,52313,0.017435,0.2671,11277,0.00038861,0.9748,18536,-0.0054264,0.6592,18536
2:54854905:C:T,DBP,-0.0025950,0.4255,425740,-0.015770,6.857e-7,425743,0.0011006,0.8944,318398,-0.000075930,0.9800,472174,,,,,,,,,,,,
20:4273526:T:C,DBP,-0.0032510,0.2325,425740,-0.014690,3.168e-8,425743,-0.00099950,0.9419,318398,0.0010792,0.6000,472174,0.014600,0.2854,52313,0.016824,0.2235,11276,,,,,,
14:71782713:G:A,DBP,-0.0077960,0.003083,425740,-0.0074230,0.003863,425743,-0.0039920,0.5605,318398,-0.0029249,0.1500,472174,0.0014000,0.9158,52313,-0.0010140,0.9385,11277,0.017013,0.2102,18536,0.018568,0.1714,18536
3:85663849:G:A,DBP,0.012120,0.000004494,425740,0.0070650,0.006095,425743,0.013085,0.01039,318398,-0.0022468,0.2800,472174,0.015000,0.3186,52313,-0.032174,0.01271,11277,0.010441,0.2805,18536,-0.00047212,0.9611,18536
17:7291404:G:C,DBP,-0.017820,0.0008418,425740,-0.013740,0.008302,425743,-0.025668,0.008198,318398,0.0014337,0.7300,472174,-0.036400,0.2492,52313,0.011667,0.6937,11276,0.028272,0.2916,18536,0.036168,0.1773,18536
15:53915766:C:G,DBP,-0.0074570,0.01646,425740,-0.010470,0.0005580,425743,-0.010940,0.04852,318398,-0.00032483,0.8900,472174,-0.021300,0.1678,52313,0.0050590,0.7333,11277,-0.0060205,0.5916,18536,-0.0091964,0.4124,18536
12:96256344:C:T,DBP,0.0076210,0.01111,425740,0.013350,0.000005065,425743,0.013693,0.08707,318398,0.00017359,0.9400,472174,0.029000,0.08438,52313,-0.017017,0.2233,11277,-0.0013986,0.8949,18536,0.00098530,0.9259,18536
2:46535924:C:A,DBP,0.0080060,0.002724,425740,0.013340,3.052e-7,425743,0.020917,0.0009476,318398,-0.0012107,0.5500,472174,0.0045000,0.7399,52313,0.0054460,0.6900,11277,0.0079949,0.4773,18536,0.0078415,0.4858,18536
7:46181223:G:T,DBP,0.0042180,0.3522,425740,-0.021430,0.000001259,425743,-0.00099950,0.9292,318398,0.0020697,0.5600,472174,0.0093000,0.6984,52313,,,,,,,,,
20:61060934:C:G,DBP,0.0048270,0.07752,425740,-0.0068620,0.01008,425743,-0.012916,0.07973,318398,-0.0027310,0.1900,472174,-0.012400,0.3624,52313,0.0080640,0.5784,11277,-0.0037326,0.7355,18536,-0.0035812,0.7459,18536
6:143636526:G:A,DBP,-0.015300,1.878e-7,425740,0.015500,6.138e-8,425743,-0.0029955,0.7266,318398,-0.0028794,0.2100,472174,0.0013000,0.9303,52313,0.017090,0.2362,11277,-0.010890,0.3611,18536,-0.011781,0.3232,18536
3:179169230:T:G,DBP,-0.0028860,0.3968,425740,-0.016010,0.000001436,425743,-0.0019980,0.7995,318398,0.0024736,0.3300,472174,,,,0.0086590,0.5665,11276,,,,,,
9:21818310:C:T,DBP,0.013670,1.168e-7,425740,0.019790,3.757e-15,425743,0.012680,0.01635,318398,0.00026136,0.9000,472174,,,,,,,,,,,,
13:72340639:C:G,DBP,0.010860,0.01863,425740,0.019440,0.00001593,425743,0.022757,0.06364,318398,0.0034116,0.3600,472174,0.037300,0.1017,52313,0.011635,0.3745,11277,0.014012,0.1655,18536,0.0065904,0.5142,18536
10:4124568:G:T,DBP,-0.014060,0.003178,425740,-0.016990,0.0002578,425743,-0.026642,0.001575,318398,0.00012207,0.9700,472174,-0.10570,0.0006318,52313,-0.040725,0.09610,11277,-0.022212,0.3025,18536,-0.054529,0.01136,18536
19:12542852:T:C,DBP,-0.011860,0.000002543,425740,-0.013120,9.485e-8,425743,-0.026642,1.243e-7,318398,0.00016228,0.9400,472174,-0.014400,0.2877,52313,,,,,,,,,
4:56471551:A:G,DBP,-0.010310,0.0002223,425740,-0.0075590,0.005511,425743,-0.012916,0.01065,318398,-0.00012840,0.9500,472174,-0.019800,0.1690,52313,-0.000088000,0.9948,11277,,,,,,
2:148778272:A:G,DBP,-0.0024940,0.3576,425740,0.014050,1.064e-7,425743,0.010353,0.1504,318398,-0.0030216,0.1600,472174,0.024300,0.08887,52313,-0.00016600,0.9902,11276,0.013771,0.1966,18536,0.0092992,0.3832,18536
12:20449361:A:G,DBP,-0.00026410,0.9237,425740,-0.015480,8.581e-9,425743,-0.013903,0.01072,318398,-0.00054957,0.8000,472174,-0.020600,0.1366,52313,0.0095660,0.4628,11277,0.015442,0.1767,18536,0.021873,0.05566,18536
4:109017528:G:A,DBP/HYPERTENSION,-0.019680,1.155e-13,425740,-0.014600,1.652e-8,425743,-0.019803,0.00002872,318398,-0.0035540,0.08900,472174,-0.014900,0.2833,52313,0.000068000,0.9958,11277,-0.010726,0.2776,18536,-0.0095901,0.3316,18536
14:23567991:C:G,DBP,0.011830,0.0001178,425740,0.0086930,0.003722,425743,0.016231,0.003212,318398,-0.0021992,0.3700,472174,0.0043000,0.7946,52313,0.018708,0.2061,11277,0.012948,0.3001,18536,0.0010969,0.9300,18536
1:21180181:C:T,DBP,0.0049160,0.04996,425740,0.0054640,0.02550,425743,0.0097474,0.04098,318398,-0.0057278,0.004400,472174,,,,-0.0063230,0.6252,11277,0.010691,0.2869,18536,0.022042,0.02811,18536
8:26743933:A:C,DBP,-0.0022150,0.3950,425740,-0.0040900,0.1073,425743,-0.011929,0.008693,318398,-0.00011807,0.9500,472174,0.0063000,0.6451,52313,-0.029182,0.02147,11277,-0.010760,0.3095,18536,-0.0043479,0.6813,18536
2:242640727:T:G,DBP,-0.0062340,0.1180,425740,-0.020430,1.499e-7,425743,-0.020783,0.05382,318398,0.0020664,0.5100,472174,-0.017500,0.3117,52313,0.013429,0.4057,11277,,,,,,
6:85417207:T:C,DBP,-0.0065120,0.01555,425740,-0.011340,0.00001559,425743,-0.013903,0.003229,318398,0.00012581,0.9500,472174,-0.00040000,0.9802,52313,-0.0065160,0.6123,11277,0.0022892,0.8232,18536,-0.0021771,0.8317,18536
19:1219702:G:A,DBP,-0.018070,1.759e-7,425740,-0.021600,1.564e-10,425743,-0.023717,0.0004298,318398,-0.0034689,0.1500,472174,-0.034700,0.02805,52313,-0.020062,0.1689,11274,,,,,,
12:116227734:G:A,DBP,0.0047240,0.05845,425740,0.016310,2.114e-11,425743,0.0082338,0.2126,318398,0.00038302,0.8500,472174,0.016400,0.2250,52313,0.0015230,0.9170,11277,0.0084137,0.5503,18536,0.0018994,0.8927,18536
2:37880919:A:T,DBP,0.00083880,0.7943,425740,0.0015640,0.6181,425743,0.016231,0.05786,318398,0.0036596,0.1500,472174,,,,,,,,,,,,
14:54422399:C:G,DBP,0.0021440,0.3960,425740,0.011820,0.000001627,425743,0.023781,0.000008263,318398,0.0012492,0.5300,472174,0.0067000,0.6227,52313,0.0071060,0.5879,11277,-0.0013344,0.8977,18536,-0.0021622,0.8349,18536
14:21899631:C:T,DBP,0.0029400,0.3009,425740,0.012240,0.00001011,425743,-0.0019980,0.7960,318398,-0.0027319,0.2300,472174,-0.00010000,0.9949,52313,0.015838,0.2723,11277,-0.017141,0.1197,18536,-0.0016511,0.8808,18536
6:135419042:G:A,DBP,-0.0042710,0.1410,425740,-0.020070,1.322e-12,425743,-0.014889,0.009524,318398,-0.0023526,0.3200,472174,-0.032600,0.02250,52313,-0.018459,0.3484,11276,-0.010838,0.4794,18536,-0.0076448,0.6179,18536
19:15304598:C:A,DBP,0.0083700,0.03458,425740,-0.025060,8.728e-11,425743,0.025626,0.006320,318398,-0.00029967,0.9200,472174,,,,,,,,,,,,
7:27159136:G:C,DBP,0.022410,2.643e-7,425740,0.017080,0.00005791,425743,0.026447,0.001786,318398,-0.00078750,0.8200,472174,0.036900,0.06751,52313,0.0060580,0.8141,11276,,,,,,
21:30123544:C:T,DBP,0.021220,3.827e-9,425740,-0.022540,1.389e-10,425743,0.0080322,0.4039,318398,0.0015916,0.6100,472174,-0.0023000,0.9274,52313,,,,,,,,,
7:1201553:T:G,DBP,0.0016350,0.5267,425740,0.011210,0.000008529,425743,-0.00099950,0.9374,318398,0.0026374,0.2000,472174,0.027500,0.04777,52313,0.025725,0.04447,11276,0.012941,0.2519,18536,0.016894,0.1347,18536
11:89224453:A:C,DBP,0.034880,1.602e-25,425740,-0.026930,1.368e-16,425743,0.0019018,0.8273,318398,-0.00020256,0.9300,472174,-0.0041000,0.7857,52313,-0.0036720,0.7988,11277,0.016774,0.1539,18536,-0.0084735,0.4713,18536
5:96252432:G:A,DBP,0.012170,0.000001634,425740,0.0062290,0.01186,425743,0.017960,0.0004509,318398,-0.00060722,0.7600,472174,0.040400,0.002768,52313,0.011501,0.3822,11275,0.011347,0.2561,18536,0.011714,0.2410,18536
14:60703989:C:T,DBP,-0.0092340,0.001866,425740,-0.022540,7.040e-15,425743,-0.019803,0.0005364,318398,0.00085632,0.7100,472174,-0.012400,0.4797,52313,0.0043220,0.7446,11277,0.0093283,0.3809,18536,-0.0036841,0.7293,18536
20:32300671:G:A,DBP,-0.0078470,0.03512,425740,-0.024080,3.383e-11,425743,-0.014889,0.1313,318398,0.0048069,0.08600,472174,-0.0099000,0.5907,52313,0.0024840,0.9109,11277,-0.0018292,0.9352,18536,-0.050876,0.02366,18536
12:56435504:G:C,DBP,-0.0095530,0.0003535,425740,-0.013020,5.917e-7,425743,-0.023717,0.00001789,318398,0.0012958,0.5400,472174,,,,,,,,,,,,
15:51559845:G:C,DBP,0.0089730,0.0004892,425740,-0.0036100,0.1503,425743,-0.0099503,0.1573,318398,0.0029247,0.1500,472174,0.0096000,0.4799,52313,0.0094940,0.4746,11277,0.010752,0.2831,18536,-0.00060276,0.9520,18536
19:30709841:C:A,DBP,-0.0045730,0.1511,425740,-0.012010,0.0001107,425743,-0.013903,0.01843,318398,-0.0013219,0.5900,472174,-0.022700,0.1857,52313,-0.0081000,0.6255,11277,-0.012595,0.3214,18536,-0.011700,0.3569,18536
2:646690:AC:A,DBP,,,,,,,,,,0.0021892,0.4100,472174,,,,,,,,,,,,
18:42395357:C:T,DBP,-0.00059950,0.9137,425740,-0.033920,3.318e-10,425743,0.0051130,0.7294,318398,-0.0028938,0.4500,472174,-0.0068000,0.7910,52313,-0.028475,0.2579,11277,-0.034100,0.06782,18536,-0.038349,0.04000,18536
1:11958723:A:G,DBP,0.00043060,0.8687,425740,-0.0084400,0.0008969,425743,-0.020783,0.00006191,318398,-0.0040230,0.04700,472174,0.034600,0.01299,52313,0.0012800,0.9253,11276,-0.0081636,0.4351,18536,-0.014702,0.1599,18536
5:118532034:A:C,DBP,-0.0061510,0.02160,425740,-0.0087850,0.0007688,425743,-0.019803,0.0003449,318398,0.000051450,0.9800,472174,-0.017400,0.2490,52313,0.0030180,0.8343,11277,-0.0088331,0.4531,18536,-0.0038615,0.7429,18536
7:114349212:T:A,DBP,0.016210,5.174e-10,425740,0.011410,0.000007361,425743,0.021632,0.000009795,318398,0.0021816,0.2900,472174,0.034200,0.01238,52313,0.011305,0.4167,11277,0.017327,0.1135,18536,0.025616,0.01930,18536
20:10712810:T:C,DBP,0.0069290,0.01136,425740,-0.015140,1.423e-8,425743,0.0024029,0.7410,318398,0.0022075,0.2900,472174,-0.012400,0.3888,52313,0.016105,0.2286,11277,0.0090718,0.3859,18536,-0.0042311,0.6859,18536
1:197773734:T:C,DBP,-0.0011320,0.6660,425740,-0.015480,1.407e-9,425743,0.0015011,0.8314,318398,-0.0053425,0.008400,472174,-0.043300,0.002637,52313,-0.0038900,0.7687,11267,,,,,,
19:41881222:T:C,DBP,-0.0030010,0.2499,425740,0.015590,8.954e-10,425743,-0.0019980,0.8102,318398,0.0056490,0.006200,472174,,,,-0.0021290,0.8687,11240,,,,,,
5:57179673:T:A,DBP,0.019800,7.578e-10,425740,0.020570,5.627e-11,425743,0.035938,1.016e-7,318398,-0.0022378,0.3800,472174,0.039000,0.03607,52313,-0.038443,0.2085,11277,0.015392,0.5663,18536,0.022516,0.4015,18536
19:11271714:G:A,DBP,-0.0050510,0.07136,425740,-0.020830,2.451e-14,425743,-0.018822,0.0004305,318398,0.0022042,0.3100,472174,0.0048000,0.7507,52313,-0.0053610,0.6928,11275,-0.0024088,0.8135,18536,-0.012261,0.2298,18536
7:131310080:A:G,DBP/HYPERTENSION,0.038890,9.633e-8,425740,0.022800,0.001348,425743,0.068172,4.494e-7,318398,0.0045097,0.3400,472174,0.044700,0.07119,52313,-0.047990,0.01972,11265,0.025793,0.1603,18536,0.028539,0.1203,18536
12:110571845:A:G,DBP,-0.000053930,0.9837,425740,-0.0063170,0.01429,425743,-0.011929,0.04906,318398,0.0015857,0.4400,472174,-0.020500,0.1308,52313,-0.00016200,0.9905,11277,0.015344,0.1534,18536,0.010223,0.3415,18536
7:1947342:G:A,DBP,0.020450,1.303e-14,425740,0.013760,1.054e-7,425743,0.038221,4.180e-12,318398,-0.000011360,1.000,472174,0.011200,0.4248,52313,0.0068280,0.6411,11277,-0.00021621,0.9855,18536,0.00026964,0.9819,18536
21:35293087:G:A,DBP,-0.014370,0.00001549,425740,-0.018530,1.115e-8,425743,-0.0049875,0.5631,318398,-0.0010343,0.7000,472174,0.017400,0.3696,52313,-0.0018350,0.9018,11277,-0.036781,0.001777,18536,-0.035662,0.002445,18536
2:64217786:T:C,DBP,0.012490,0.000001836,425740,0.014570,1.175e-8,425743,0.019795,0.00008965,318398,-0.0013886,0.5000,472174,0.015400,0.2560,52313,0.010834,0.4319,11277,0.0049248,0.6652,18536,0.018647,0.1013,18536
19:40828730:G:A,DBP,0.0021880,0.3852,425740,0.018820,1.884e-14,425743,0.010252,0.04725,318398,-0.0020345,0.3100,472174,0.010800,0.4319,52313,0.025783,0.04837,11277,0.011798,0.2259,18536,0.0042797,0.6604,18536
17:29168078:A:C,DBP,-0.0071840,0.01527,425740,-0.022430,8.062e-15,425743,0.0010005,0.8962,318398,-0.0095091,0.00003900,472174,,,,,,,,,,,,
12:2519141:G:A,DBP,0.0074650,0.004540,425740,0.011850,0.000003833,425743,0.018979,0.0004440,318398,0.00036035,0.8600,472174,0.022400,0.1076,52313,0.0033210,0.8027,11277,0.0084105,0.4015,18536,0.010996,0.2726,18536
15:82186535:A:G,DBP,0.0042600,0.1270,425740,0.0076380,0.005029,425743,0.0069239,0.3474,318398,-0.0014948,0.4900,472174,-0.0069000,0.6472,52313,-0.019285,0.1809,11277,0.0083437,0.4393,18536,0.016455,0.1272,18536
12:4504653:C:T,DBP,-0.0055110,0.04127,425740,0.0092620,0.0004370,425743,0.0018016,0.7996,318398,-0.0013777,0.5000,472174,0.018200,0.1901,52313,-0.0088410,0.5292,11276,-0.017493,0.1297,18536,-0.016737,0.1472,18536
12:105931766:A:G,DBP,-0.011490,0.0001885,425740,-0.012450,0.00003363,425743,-0.0039920,0.5896,318398,0.0035324,0.1300,472174,-0.016500,0.3307,52313,0.012772,0.3778,11277,-0.0088176,0.4579,18536,-0.0085497,0.4717,18536
5:87969929:T:A,DBP,0.010570,0.004429,425740,0.011030,0.002319,425743,0.027063,0.00007224,318398,0.0014183,0.6300,472174,,,,,,,,,,,,
20:62682819:C:T,DBP,0.0063140,0.1001,425740,0.014830,0.00007485,425743,0.025318,0.0007696,318398,0.0043961,0.1200,472174,-0.016300,0.3704,52313,0.011865,0.6211,11277,0.027960,0.2949,18536,0.027635,0.3006,18536
19:18286546:T:A,DBP,0.0050420,0.04616,425740,0.0072350,0.003350,425743,0.014403,0.005529,318398,-0.0029229,0.1500,472174,0.012800,0.3437,52313,-0.015882,0.2498,11277,0.0035631,0.7605,18536,0.017626,0.1315,18536
2:179098674:C:T,DBP,0.0055420,0.03658,425740,0.0084380,0.001101,425743,0.0087381,0.2164,318398,0.00093176,0.6600,472174,-0.0042000,0.7886,52313,0.022990,0.08829,11277,0.0065791,0.5312,18536,-0.011083,0.2915,18536
2:646941:TG:T,DBP,,,,,,,,,,0.0020219,0.4400,472174,,,,,,,,,,,,
10:124232420:G:A,DBP,0.027260,3.335e-11,425740,0.0062560,0.1187,425743,0.020815,0.05668,318398,-0.0026628,0.3800,472174,0.038500,0.1127,52313,0.0087180,0.6392,11277,-0.010274,0.4879,18536,0.0078597,0.5957,18536
2:640986:C:CACAT,DBP,,,,,,,,,,0.0021761,0.4100,472174,,,,,,,,,,,,
5:50876776:A:G,DBP,-0.0079990,0.002482,425740,-0.0050040,0.05231,425743,-0.010940,0.01546,318398,0.0065103,0.002000,472174,-0.012900,0.3624,52313,0.0017480,0.8947,11277,-0.010077,0.3657,18536,-0.0038683,0.7284,18536
19:21950402:T:C,DBP,0.010010,0.0001282,425740,0.012540,8.702e-7,425743,0.017960,0.0008522,318398,0.0050073,0.01400,472174,0.011100,0.4123,52313,-0.0092170,0.4781,11277,0.015150,0.1673,18536,0.0011413,0.9171,18536
12:90152858:C:T,DBP,0.022200,3.695e-10,425740,0.022070,1.708e-10,425743,0.016231,0.02649,318398,-0.00038234,0.8900,472174,,,,,,,,,,,,
1:46365532:T:A,DBP,0.0052320,0.1696,425740,0.023140,4.726e-10,425743,0.014911,0.1397,318398,-0.0071181,0.01500,472174,,,,,,,0.049517,0.01942,18536,0.036207,0.08744,18536
11:27338689:G:T,DBP,-0.0065630,0.01241,425740,-0.0057300,0.02521,425743,-0.0099503,0.02096,318398,0.00032396,0.8800,472174,-0.019300,0.1570,52313,-0.0064340,0.6480,11276,-0.016390,0.1717,18536,-0.018174,0.1297,18536
13:114515664:C:T,DBP,0.0058630,0.03406,425740,-0.0089640,0.0008927,425743,-0.010940,0.02412,318398,0.0023824,0.2500,472174,-0.043300,0.001446,52313,-0.0028060,0.8354,11253,0.0046386,0.6927,18536,-0.012366,0.2920,18536
2:227093745:T:C,DBP,0.011050,0.00002181,425740,-0.0031390,0.2164,425743,0.034281,2.266e-11,318398,0.00022760,0.9100,472174,0.015000,0.2842,52313,-0.0045330,0.7550,11277,0.0033344,0.7733,18536,-0.0026939,0.8160,18536
1:153990890:A:C,DBP,-0.0048350,0.07754,425740,-0.013990,1.652e-7,425743,-0.024693,0.000002521,318398,0.0075024,0.0006200,472174,-0.018000,0.2163,52313,-0.00048000,0.9718,11277,0.00077152,0.9434,18536,0.0018316,0.8661,18536
2:205084439:C:T,DBP,-0.0090340,0.001838,425740,-0.010450,0.0002214,425743,-0.017840,0.004379,318398,0.00034926,0.8700,472174,-0.025700,0.05993,52313,0.0010330,0.9444,11277,-0.015810,0.1776,18536,-0.021487,0.06691,18536
2:73383261:C:A,DBP,0.0055520,0.03984,425740,0.0098260,0.0001916,425743,0.021530,0.00003348,318398,-0.00044070,0.8300,472174,0.028400,0.03896,52313,-0.0066680,0.6215,11277,0.031545,0.003313,18536,0.028984,0.006962,18536
2:230629138:C:T,DBP,-0.014180,0.0001157,425740,-0.0079870,0.02598,425743,-0.033435,0.000002537,318398,-0.0015082,0.5900,472174,-0.010700,0.6181,52313,-0.029064,0.1670,11276,0.0073601,0.6554,18536,0.0037434,0.8204,18536
16:84082650:G:T,DBP,-0.0068300,0.009245,425740,-0.0086670,0.0007086,425743,-0.010940,0.03633,318398,0.0034783,0.09100,472174,-0.019500,0.1560,52313,-0.0037430,0.7745,11277,-0.0080756,0.4459,18536,-0.0073805,0.4860,18536
2:42364984:C:T,DBP,0.0025980,0.4139,425740,0.0077110,0.01291,425743,0.010859,0.1998,318398,0.00044687,0.8600,472174,0.025200,0.1477,52313,0.026932,0.3167,11277,0.023643,0.2350,18536,0.029419,0.1395,18536
16:6605594:A:G,DBP,-0.012440,0.000004495,425740,-0.015230,8.449e-9,425743,-0.0019980,0.8252,318398,-0.0026738,0.1900,472174,0.013200,0.3385,52313,-0.0024200,0.8581,11276,,,,,,
4:16031448:C:T,DBP,0.0012820,0.6556,425740,-0.015500,3.169e-8,425743,-0.024693,0.00002421,318398,-0.0012074,0.6000,472174,-0.016400,0.2637,52313,0.0072740,0.5985,11277,0.013534,0.2198,18536,0.012979,0.2393,18536
2:641133:A:ACT,DBP,,,,,,,,,,-0.0021951,0.4100,472174,,,,,,,,,,,,
7:4669136:T:C,DBP,0.014830,0.000002371,425740,0.014180,0.000003766,425743,0.013491,0.02584,318398,0.00014227,0.9500,472174,,,,,,,0.019523,0.08905,18536,-0.012363,0.2816,18536
6:170694084:T:C,DBP,-0.024560,3.331e-12,425740,-0.013140,0.0001344,425743,-0.035367,8.449e-8,318398,0.00093099,0.7400,472174,-0.024000,0.3258,52313,0.0082240,0.5555,11277,0.0014069,0.8935,18536,-0.0075897,0.4702,18536
14:31376798:T:C,DBP,0.014560,1.916e-8,425740,0.013690,6.040e-8,425743,0.0092426,0.03686,318398,0.0025867,0.2000,472174,-0.0011000,0.9369,52313,,,,,,,,,
12:121471337:G:A,DBP,0.012950,0.00001094,425740,0.0085050,0.003055,425743,0.020509,0.0002447,318398,0.0041582,0.06400,472174,0.018000,0.2276,52313,0.0041660,0.7530,11277,-0.0020219,0.8371,18536,-0.0096021,0.3287,18536
20:62351150:T:C,DBP,-0.0077640,0.009289,425740,-0.010770,0.0002151,425743,-0.022739,0.0001046,318398,0.026975,6.200e-31,472174,-0.0083000,0.6220,52313,0.0017500,0.9055,11275,0.00036518,0.9740,18536,-0.00092506,0.9341,18536
11:1948186:T:C,DBP,-0.023230,4.197e-18,425740,-0.015250,5.279e-9,425743,-0.019803,0.00007822,318398,-0.0036522,0.08100,472174,-0.028200,0.06200,52313,0.0013520,0.9167,11277,-0.027473,0.01256,18536,-0.030193,0.006089,18536
5:172196711:G:T,DBP,0.012230,0.04018,425740,0.033260,1.064e-8,425743,0.023678,0.01503,318398,-0.0069063,0.1300,472174,0.076700,0.01472,52313,-0.0063340,0.8879,11277,,,,,,
1:1684472:C:T,DBP,-0.013330,0.000002037,425740,-0.0096690,0.0004104,425743,-0.022739,0.00001427,318398,-0.00081758,0.6900,472174,-0.0079000,0.5599,52313,0.0084810,0.5412,11277,0.016363,0.1626,18536,0.016983,0.1473,18536
16:81510471:C:G,DBP,-0.012410,0.00001940,425740,-0.0086850,0.002173,425743,-0.036332,6.993e-11,318398,0.0037719,0.09300,472174,-0.050300,0.001041,52313,-0.0022000,0.8925,11277,0.0051321,0.6895,18536,-0.00035978,0.9777,18536
9:9350706:T:C,DBP,-0.010180,0.0002491,425740,-0.011620,0.00001820,425743,-0.0049875,0.4966,318398,0.0017225,0.4100,472174,-0.018700,0.2002,52313,-0.012818,0.3453,11277,-0.020399,0.05583,18536,-0.011543,0.2792,18536
12:70365840:G:A,DBP,0.010990,0.001786,425740,0.019690,9.496e-9,425743,0.036249,6.633e-7,318398,0.0037168,0.2000,472174,0.039300,0.1002,52313,-0.067963,0.03590,11277,0.0032793,0.9071,18536,-0.034585,0.2183,18536
21:35593827:G:A,DBP,-0.010260,0.01118,425740,0.022490,1.167e-8,425743,-0.0019980,0.8336,318398,-0.0030886,0.3200,472174,-0.013500,0.4760,52313,-0.085962,0.005423,11277,-0.053538,0.1860,18536,-0.044841,0.2680,18536
4:38372473:C:G,DBP,-0.016560,4.381e-10,425740,-0.0091310,0.0004211,425743,-0.028587,1.043e-7,318398,-0.00025781,0.9000,472174,0.00060000,0.9686,52313,0.010437,0.4520,11277,0.0014258,0.8947,18536,0.0090882,0.3987,18536
12:27964864:A:C,DBP,-0.012670,0.0001448,425740,0.024820,2.258e-14,425743,-0.014889,0.03412,318398,0.0028442,0.2700,472174,,,,,,,,,,,,
2:633079:A:AT,DBP,,,,,,,,,,0.0023426,0.3800,472174,,,,,,,,,,,,
1:145713305:G:C,DBP,,,,,,,,,,0.00018982,0.9400,472174,,,,,,,0.0081026,0.6262,18536,0.020209,0.2244,18536
4:73504077:G:T,DBP,0.0038780,0.1282,425740,0.014800,2.664e-9,425743,0.0013008,0.8444,318398,0.00095920,0.6300,472174,0.016200,0.2331,52313,-0.00066100,0.9600,11260,,,,,,
5:111103018:G:A,DBP,-0.0031240,0.2425,425740,-0.0075280,0.003876,425743,-0.0019980,0.8209,318398,0.0020451,0.3100,472174,0.010400,0.4543,52313,0.018009,0.1759,11276,0.0086208,0.4018,18536,0.0093416,0.3636,18536
15:79202362:C:T,DBP,0.015510,0.0001692,425740,-0.028380,1.732e-12,425743,0.012781,0.2446,318398,0.00063279,0.8400,472174,0.022700,0.2403,52313,-0.029732,0.2186,11277,-0.016332,0.3833,18536,-0.028366,0.1300,18536
16:49761470:G:A,DBP,0.017450,3.450e-9,425740,0.0077780,0.006918,425743,0.030975,9.615e-9,318398,0.0049190,0.02700,472174,0.0000,0.9986,52313,0.020746,0.1700,11277,0.013072,0.2740,18536,0.016629,0.1641,18536
13:41960364:C:G,DBP,0.015450,0.000006093,425740,0.0085800,0.009993,425743,0.016028,0.004197,318398,-0.0022498,0.4000,472174,0.020300,0.3105,52313,-0.017453,0.4342,11277,-0.0029965,0.8647,18536,-0.0096829,0.5819,18536
2:635607:T:TA,DBP,,,,,,,,,,0.0022912,0.3900,472174,,,,,,,,,,,,
2:208855135:A:G,DBP,-0.025510,3.579e-11,425740,-0.023880,2.069e-10,425743,-0.020783,0.006963,318398,-0.0045514,0.1300,472174,-0.028100,0.1563,52313,0.0013910,0.9635,11277,-0.0036703,0.9106,18536,0.047712,0.1444,18536
7:150425546:A:G,DBP,0.015340,0.00002151,425740,0.0097010,0.005879,425743,0.033350,0.000003980,318398,0.0013176,0.6400,472174,0.00050000,0.9810,52313,0.044243,0.08275,11277,0.015977,0.5150,18536,0.018969,0.4395,18536
13:97983789:A:G,DBP,-0.0057440,0.03709,425740,-0.013710,3.371e-7,425743,-0.0069756,0.3438,318398,0.0018229,0.4100,472174,-0.064400,0.00006058,52313,0.031578,0.03948,11277,0.019683,0.1106,18536,-0.0035796,0.7717,18536
9:128438005:A:G,DBP,0.020090,7.037e-15,425740,0.0089880,0.0003564,425743,0.018673,0.0002855,318398,0.0028416,0.1600,472174,0.0058000,0.6657,52313,0.0042050,0.7431,11277,0.019807,0.06197,18536,0.022474,0.03419,18536
2:127196604:G:A,DBP,0.010020,0.003506,425740,0.013230,0.00007719,425743,0.014200,0.01956,318398,0.0011537,0.6700,472174,0.0060000,0.7639,52313,0.0036610,0.9035,11277,0.018190,0.4879,18536,0.042650,0.1039,18536
4:157703526:C:T,DBP,-0.011770,0.00001254,425740,-0.012220,0.000003349,425743,-0.031499,5.971e-9,318398,0.00072375,0.7400,472174,-0.026200,0.09478,52313,0.013552,0.3054,11277,-0.022028,0.03086,18536,-0.014903,0.1441,18536
1:86831973:A:G,DBP,-0.0053770,0.04368,425740,0.018690,6.498e-13,425743,-0.00099950,0.8730,318398,-0.00092591,0.6600,472174,-0.0031000,0.8307,52313,0.013991,0.3520,11277,0.0093138,0.4256,18536,0.015388,0.1881,18536
17:2090341:C:A,DBP,-0.017560,1.242e-11,425740,-0.0063270,0.01231,425743,-0.021761,0.00004930,318398,-0.011628,1.400e-8,472174,-0.013000,0.3498,52313,-0.0056820,0.7299,11277,-0.0084750,0.5490,18536,0.0065619,0.6427,18536
10:28245420:A:G,DBP,0.0083120,0.0008836,425740,0.0055910,0.02185,425743,0.0017014,0.7999,318398,0.00074909,0.7100,472174,0.00080000,0.9505,52313,-0.0091440,0.4695,11277,0.0036734,0.7466,18536,0.0051941,0.6478,18536
4:2194946:C:T,DBP,0.012330,0.001986,425740,0.019060,9.629e-7,425743,0.029017,0.0005345,318398,-0.024402,1.000e-13,472174,0.022200,0.3323,52313,-0.021738,0.2030,11277,0.0041771,0.7482,18536,-0.0018465,0.8872,18536
17:19224397:G:C,DBP,0.013900,0.00005145,425740,0.015770,0.000002505,425743,0.0079314,0.3824,318398,-0.00050423,0.8400,472174,0.0068000,0.6804,52313,-0.0010230,0.9378,11277,-0.0013450,0.9047,18536,0.0044539,0.6918,18536
6:31844684:A:G,DBP,0.023460,0.000002126,425740,0.0082550,0.08715,425743,-0.014889,0.2599,318398,0.014422,0.00003300,472174,-0.042700,0.2113,52313,-0.0016740,0.9414,11276,0.023033,0.3301,18536,0.013568,0.5661,18536
2:67036240:C:T,DBP,0.0021790,0.6297,425740,0.022340,4.010e-7,425743,0.021939,0.06825,318398,0.000078270,0.9800,472174,-0.053600,0.01925,52313,-0.032969,0.06565,11277,,,,,,
2:629791:T:TTGATAGATAA,DBP,,,,,,,,,,0.0022589,0.4000,472174,,,,,,,,,,,,
17:62638924:A:T,DBP,0.010240,0.04817,425740,0.029380,6.231e-9,425743,0.034281,0.001406,318398,0.0019537,0.6200,472174,,,,,,,0.0014407,0.9386,18536,-0.018628,0.3193,18536
8:129343201:C:A,DBP,-0.015330,1.014e-8,425740,-0.0094590,0.0002900,425743,-0.023717,0.00001018,318398,-0.0015342,0.4600,472174,-0.00070000,0.9628,52313,0.021674,0.09860,11277,-0.012907,0.2128,18536,-0.011826,0.2536,18536
4:57943153:A:G,DBP,0.0014610,0.6003,425740,0.013470,7.268e-7,425743,-0.0029955,0.7063,318398,-0.00092858,0.6700,472174,0.017000,0.2274,52313,0.0078670,0.5879,11277,0.011887,0.3089,18536,0.023574,0.04360,18536
2:629771:T:TTATC,DBP,,,,,,,,,,0.0021702,0.4200,472174,,,,,,,,,,,,
2:38094149:C:G,DBP,0.0041760,0.1451,425740,-0.0089890,0.001304,425743,0.0011006,0.8829,318398,0.00071227,0.7500,472174,-0.016800,0.2664,52313,0.028653,0.03676,11277,0.013131,0.2421,18536,0.0011163,0.9208,18536
21:36421331:T:C,DBP,0.010650,0.001379,425740,0.015210,0.000002815,425743,0.018062,0.004871,318398,0.0083999,0.001800,472174,0.047700,0.006349,52313,0.023610,0.2880,11277,,,,,,
16:3357015:A:G,DBP,-0.0070070,0.01532,425740,-0.010180,0.0003055,425743,-0.016857,0.003569,318398,0.00032195,0.8900,472174,-0.0068000,0.6404,52313,-0.022061,0.2674,11273,-0.0077406,0.6345,18536,-0.018865,0.2467,18536
15:65341676:G:A,DBP,0.023740,4.840e-10,425740,0.019200,2.429e-7,425743,0.019693,0.01066,318398,-0.000099010,0.9700,472174,,,,,,,,,,,,
15:49293194:C:A,DBP,-0.010570,0.0005241,425740,0.016160,5.498e-8,425743,0.00090041,0.9147,318398,-0.0041928,0.08700,472174,-0.014000,0.3982,52313,-0.018154,0.4589,11277,0.022640,0.2246,18536,0.027497,0.1402,18536
9:130642106:C:A,DBP,-0.012510,0.00002696,425740,-0.024910,1.032e-17,425743,-0.020783,0.00007264,318398,-0.00090406,0.6900,472174,,,,,,,,,,,,
18:31168982:T:C,DBP,0.027040,6.065e-9,425740,0.032940,3.802e-13,425743,0.045625,0.000001131,318398,-0.0011591,0.7500,472174,0.044900,0.1187,52313,0.019282,0.4962,11277,0.030089,0.2097,18536,0.033081,0.1679,18536
7:156315173:G:A,DBP,-0.020770,2.399e-15,425740,-0.019260,5.013e-14,425743,-0.021761,0.00001030,318398,0.0019927,0.3300,472174,-0.036100,0.007591,52313,-0.012344,0.3671,11277,-0.0095214,0.3568,18536,-0.011249,0.2763,18536
3:158316726:T:C,DBP,0.011670,0.0006830,425740,0.0050040,0.1354,425743,0.012579,0.1691,318398,-0.0010774,0.6900,472174,0.033300,0.04571,52313,0.013981,0.3573,11277,0.012120,0.3443,18536,-0.0035375,0.7825,18536
8:82797356:A:T,DBP,-0.010610,0.0004775,425740,-0.0071870,0.01523,425743,-0.022739,0.0003446,318398,0.0018020,0.4400,472174,-0.026800,0.07552,52313,0.020418,0.2281,11277,0.0097899,0.4436,18536,0.019376,0.1295,18536
10:104225316:C:G,DBP,-0.0055750,0.02908,425740,0.011660,0.000002871,425743,0.012781,0.05965,318398,0.0019021,0.3400,472174,0.031400,0.01994,52313,-0.0039210,0.7579,11277,0.0078307,0.4471,18536,0.020146,0.05047,18536
6:121816207:C:G,DBP,0.012590,0.0001474,425740,-0.018070,2.360e-8,425743,0.0070246,0.4223,318398,-0.0022835,0.3900,472174,-0.043700,0.01673,52313,0.019190,0.2858,11277,-0.011196,0.4407,18536,-0.0048366,0.7391,18536
1:8476441:C:G,DBP,0.021410,2.825e-14,425740,0.014240,2.119e-7,425743,0.016129,0.001450,318398,-0.0023748,0.2800,472174,0.024000,0.09208,52313,-0.0041160,0.8038,11277,,,,,,
12:122614387:T:G,DBP,-0.0010930,0.6811,425740,-0.0039860,0.1245,425743,-0.011929,0.09663,318398,0.0024339,0.2300,472174,0.0083000,0.5423,52313,0.0085260,0.5144,11277,0.019516,0.05896,18536,-0.000051352,0.9960,18536
19:7296283:C:T,DBP,0.014880,0.0001536,425740,0.013070,0.0006529,425743,0.045521,1.806e-9,318398,0.0046347,0.1500,472174,0.040400,0.01571,52313,0.0010620,0.9503,11277,0.039466,0.01115,18536,0.042550,0.006212,18536
14:85796733:A:T,DBP,0.011760,0.00003870,425740,-0.017380,4.520e-10,425743,0.0052136,0.4942,318398,-0.0016012,0.4800,472174,-0.0077000,0.6349,52313,-0.045029,0.006151,11277,-0.013777,0.3044,18536,-0.0078159,0.5602,18536
9:131217803:A:G,DBP,0.0013030,0.7782,425740,-0.025380,1.830e-8,425743,-0.0059821,0.6532,318398,-0.0093105,0.005700,472174,,,,,,,,,,,,
14:104616546:T:C,DBP,-0.0057820,0.05539,425740,-0.015030,3.270e-7,425743,-0.0059821,0.4610,318398,0.0080802,0.007200,472174,,,,,,,,,,,,
4:119946789:C:G,DBP,0.011580,0.003702,425740,0.018520,0.000001936,425743,0.024600,0.0006216,318398,0.00053821,0.8600,472174,0.031400,0.1438,52313,0.0064340,0.6968,11277,0.010037,0.4960,18536,0.0041136,0.7802,18536
18:20017609:C:A,DBP,-0.010380,0.0001486,425740,0.017750,2.948e-11,425743,-0.010940,0.1231,318398,0.0067887,0.0008900,472174,-0.0059000,0.6746,52313,0.013704,0.3028,11277,,,,,,
3:132196816:A:T,DBP,-0.0040640,0.1443,425740,-0.013970,2.667e-7,425743,-0.0099503,0.1897,318398,-0.0023914,0.2400,472174,,,,0.0029560,0.8253,11277,-0.012793,0.2405,18536,-0.0096555,0.3756,18536
16:86547282:G:T,DBP,-0.0092040,0.07512,425740,-0.023130,0.000004503,425743,-0.023717,0.01316,318398,-0.0044038,0.2900,472174,-0.042100,0.3111,52313,0.017077,0.5623,11277,0.014940,0.6149,18536,-0.026953,0.3641,18536
2:635629:A:ATATAT,DBP,,,,,,,,,,0.0023728,0.3700,472174,,,,,,,,,,,,
12:69197737:A:C,DBP,-0.0042130,0.1008,425740,0.015840,2.526e-10,425743,-0.0019980,0.8260,318398,0.0012817,0.5300,472174,,,,0.023977,0.1086,11274,,,,,,
2:172567225:T:C,DBP,-0.0095130,0.0007245,425740,-0.012780,0.000003238,425743,-0.011929,0.01910,318398,0.0037711,0.09300,472174,,,,,,,,,,,,
13:110900687:G:A,DBP,0.0081870,0.008175,425740,0.010350,0.0006093,425743,0.020611,0.0002818,318398,0.0019480,0.4200,472174,,,,-0.0046020,0.8112,11275,0.0083930,0.5929,18536,0.0044964,0.7746,18536
2:29097013:A:G,DBP,-0.0092520,0.0002947,425740,-0.016580,2.882e-11,425743,-0.00099950,0.9247,318398,-0.013500,2.300e-11,472174,,,,,,,,,,,,
11:8252853:A:G,DBP,-0.0080040,0.001754,425740,-0.0078480,0.001657,425743,-0.020783,0.00001577,318398,0.0027787,0.1500,472174,0.0048000,0.7208,52313,0.023516,0.08530,11277,-0.0046611,0.6518,18536,0.00030362,0.9766,18536
11:31821467:A:G,DBP,-0.010210,0.004781,425740,-0.018620,1.327e-7,425743,-0.016857,0.07579,318398,-0.0035923,0.2000,472174,-0.016900,0.3661,52313,0.021489,0.2214,11272,0.0084915,0.5232,18536,-0.00099497,0.9404,18536
6:32194077:T:G,DBP,0.0047600,0.1283,425740,0.019940,6.527e-11,425743,0.015114,0.06929,318398,-0.0028231,0.2700,472174,0.034100,0.05877,52313,-0.0057020,0.6534,11256,0.010743,0.2786,18536,0.014419,0.1459,18536
10:62388659:G:A,DBP,0.0085320,0.004312,425740,0.012680,0.00001358,425743,0.014099,0.07612,318398,-0.0020274,0.3900,472174,0.033000,0.03469,52313,-0.0027550,0.8345,11277,0.014538,0.2068,18536,0.015724,0.1721,18536
6:18319079:T:C,DBP,0.0045650,0.1402,425740,0.015110,5.607e-7,425743,0.015215,0.06432,318398,-0.0012802,0.5600,472174,,,,,,,,,,,,
3:29374219:G:C,DBP,-0.0053660,0.1242,425740,-0.0084660,0.01288,425743,-0.015873,0.08659,318398,0.0017753,0.5000,472174,-0.052600,0.004485,52313,-0.012628,0.4200,11277,-0.0056872,0.6356,18536,0.0019415,0.8715,18536
10:99861312:C:G,DBP,-0.015470,4.166e-8,425740,0.019960,3.998e-13,425743,-0.024693,0.000005635,318398,0.00034460,0.8700,472174,-0.0089000,0.5408,52313,-0.014506,0.2726,11277,-0.0051214,0.6191,18536,-0.00028554,0.9779,18536
13:110447894:CAG:C,DBP,-0.0091200,0.008926,425740,-0.021980,1.033e-10,425743,-0.010940,0.2387,318398,,,,-0.029900,0.1022,52313,0.0036320,0.8466,11277,,,,,,
5:133836294:T:G,DBP,-0.0037310,0.1559,425740,-0.012460,0.000001172,425743,-0.012916,0.07299,318398,0.0079247,0.0001200,472174,0.016100,0.2542,52313,0.017526,0.2229,11277,,,,,,
14:67995657:T:C,DBP,-0.0086830,0.001643,425740,-0.0048730,0.07011,425743,-0.013903,0.01503,318398,0.0016268,0.4400,472174,-0.046600,0.001171,52313,0.022696,0.09787,11277,-0.010945,0.2831,18536,0.0048896,0.6315,18536
2:633053:A:AC,DBP,,,,,,,,,,-0.0022654,0.4000,472174,0.014600,0.4240,52313,,,,,,,,,
4:95933193:A:C,DBP,-0.0042290,0.2236,425740,-0.014930,0.00001060,425743,-0.014889,0.01834,318398,0.0055561,0.04000,472174,,,,,,,,,,,,
8:134228930:T:G,DBP,0.011860,0.000003977,425740,0.012020,0.000001650,425743,0.021530,0.00001288,318398,-0.00092322,0.6500,472174,0.011100,0.4240,52313,0.011192,0.3885,11277,0.012487,0.2261,18536,0.031146,0.002536,18536
17:16247100:T:C,DBP,0.0041040,0.1074,425740,0.012670,3.454e-7,425743,0.015520,0.004164,318398,0.0016265,0.4200,472174,,,,0.0068020,0.6123,11190,,,,,,
16:51758116:G:A,DBP,-0.0032070,0.3053,425740,-0.010330,0.0007082,425743,-0.012916,0.1147,318398,0.00034349,0.8900,472174,0.017200,0.2882,52313,-0.010440,0.4443,11277,-0.0070699,0.5096,18536,-0.0029917,0.7802,18536
8:64503942:T:C,DBP,-0.0082250,0.001889,425740,-0.012610,0.000001038,425743,-0.010940,0.1196,318398,0.000029840,0.9900,472174,-0.022100,0.1647,52313,-0.0062110,0.6982,11277,0.0048738,0.7125,18536,-0.014522,0.2722,18536
8:51673767:C:G,DBP,0.019970,2.882e-10,425740,0.016490,9.400e-8,425743,0.029017,0.000003928,318398,-0.0028808,0.2500,472174,0.034000,0.05486,52313,-0.0014700,0.9135,11277,0.018066,0.1053,18536,0.015492,0.1648,18536
7:72998952:A:G,DBP,-0.0029530,0.3582,425740,-0.013140,0.00002785,425743,-0.022739,0.0004402,318398,-0.0018756,0.4600,472174,-0.015900,0.3681,52313,-0.042987,0.04926,11270,-0.033098,0.05227,18536,-0.027221,0.1104,18536
14:72470336:C:T,DBP,0.015950,7.479e-9,425740,0.016160,1.895e-9,425743,0.029326,2.267e-9,318398,-0.0010735,0.6300,472174,-0.00060000,0.9675,52313,0.0056660,0.6894,11277,0.025475,0.01856,18536,0.030717,0.004531,18536
10:96327669:T:G,DBP,-0.022630,1.222e-10,425740,-0.020840,1.242e-9,425743,-0.024693,0.0001139,318398,-0.0084512,0.0003200,472174,,,,,,,,,,,,
2:86455675:G:A,DBP,-0.014020,2.318e-7,425740,-0.0096380,0.0002672,425743,-0.014889,0.003298,318398,0.00062452,0.7700,472174,0.0084000,0.5550,52313,-0.018072,0.1586,11277,-0.0032678,0.7452,18536,-0.00056365,0.9553,18536
2:232065864:G:C,DBP,0.0082490,0.005796,425740,-0.019590,1.825e-11,425743,-0.0079682,0.2887,318398,0.0013547,0.5600,472174,0.00010000,0.9939,52313,-0.017043,0.3057,11277,0.010820,0.4581,18536,0.0013025,0.9288,18536
20:57463472:C:G,DBP,0.0070470,0.009193,425740,0.013390,3.851e-7,425743,0.011567,0.1085,318398,0.00088547,0.6700,472174,0.053800,0.0001485,52313,-0.0073370,0.6064,11277,0.0077107,0.5145,18536,0.0020329,0.8635,18536
20:4097355:A:G,DBP,-0.010280,0.002244,425740,-0.0091170,0.005472,425743,-0.016857,0.007157,318398,0.0061977,0.01800,472174,-0.0061000,0.7216,52313,-0.012690,0.4964,11277,-0.027151,0.08046,18536,-0.029550,0.05711,18536
6:98353749:G:T,DBP,0.014640,0.0003297,425740,0.018330,0.000004015,425743,0.017553,0.02102,318398,-0.0010948,0.7300,472174,0.033200,0.1506,52313,0.0098130,0.6466,11277,,,,,,
2:61713580:G:C,DBP,-0.0071210,0.006091,425740,-0.013640,7.161e-8,425743,-0.012916,0.008931,318398,0.00078392,0.7000,472174,-0.0097000,0.4944,52313,0.00068100,0.9581,11277,-0.0020316,0.8432,18536,0.0043566,0.6715,18536
1:42371414:T:C,DBP,-0.021380,7.102e-17,425740,-0.0072220,0.003850,425743,-0.019803,0.00001142,318398,-0.0037622,0.06200,472174,-0.010400,0.4429,52313,-0.039448,0.002357,11276,0.0019710,0.8448,18536,0.00027828,0.9780,18536
3:185528570:AC:A,DBP,0.0047650,0.09292,425740,-0.017960,8.346e-11,425743,0.024293,0.00003926,318398,,,,,,,,,,,,,,,
16:82873075:A:G,DBP,0.0011230,0.6748,425740,-0.011340,0.00001400,425743,-0.015873,0.002896,318398,0.0033085,0.1200,472174,-0.013500,0.3407,52313,0.0058080,0.6537,11277,-0.011378,0.2514,18536,0.0015792,0.8735,18536
18:24596211:A:G,DBP,0.0047930,0.06569,425740,0.0081130,0.001402,425743,0.011668,0.09088,318398,-0.00080649,0.6900,472174,0.015900,0.2411,52313,-0.017119,0.1892,11277,0.015315,0.1437,18536,0.0059563,0.5696,18536
11:124619407:C:T,DBP,0.0095540,0.001335,425740,0.012750,0.00001134,425743,0.019897,0.001061,318398,-0.0031029,0.1800,472174,0.012000,0.4253,52313,-0.010876,0.4962,11277,0.010271,0.3980,18536,0.0018357,0.8799,18536
16:51599972:A:G,DBP,0.019620,0.00001871,425740,0.014290,0.001398,425743,0.022859,0.06075,318398,0.000080370,0.9800,472174,-0.037200,0.1103,52313,0.010322,0.6434,11277,-0.034646,0.02815,18536,-0.020163,0.2014,18536
17:41318171:G:C,DBP,-0.0096160,0.01677,425740,-0.025050,1.684e-10,425743,-0.0069756,0.4895,318398,-0.019199,1.900e-10,472174,,,,,,,,,,,,
22:36736564:T:G,DBP,-0.0092340,0.0006302,425740,-0.012240,0.000003386,425743,-0.0089597,0.2268,318398,-0.000068350,0.9700,472174,0.0056000,0.6871,52313,0.0070470,0.6002,11277,0.0093864,0.4065,18536,0.011280,0.3185,18536
12:107097836:A:C,DBP,-0.00072070,0.7898,425740,-0.012680,0.000001515,425743,-0.016857,0.0006205,318398,0.0038439,0.06600,472174,,,,,,,,,,,,
20:36838422:T:C,DBP,0.0034460,0.1758,425740,-0.017440,2.159e-12,425743,-0.0069756,0.2856,318398,0.0041284,0.04000,472174,-0.0062000,0.6455,52313,0.0084210,0.5164,11272,0.012612,0.2206,18536,0.0083935,0.4150,18536
7:92258736:A:C,DBP,-0.025580,4.672e-20,425740,0.024390,3.138e-19,425743,-0.027615,3.985e-7,318398,0.00077018,0.7400,472174,-0.029600,0.05807,52313,0.0051570,0.7830,11277,-0.020403,0.1726,18536,-0.0075902,0.6119,18536
3:122178602:T:C,DBP,0.0068900,0.006856,425740,0.012750,2.877e-7,425743,0.013288,0.004530,318398,-0.0021145,0.3000,472174,0.014400,0.2858,52313,0.010442,0.4321,11277,-0.0090163,0.4051,18536,-0.0030336,0.7794,18536
19:16436262:T:C,DBP,-0.0051730,0.07497,425740,-0.0090280,0.001441,425743,-0.016857,0.009841,318398,-0.00039792,0.8600,472174,0.0088000,0.5958,52313,-0.018284,0.2382,11275,,,,,,
14:100113207:A:G,DBP,-0.018970,3.071e-8,425740,0.023250,3.408e-12,425743,-0.022739,0.0005823,318398,-0.0015238,0.5700,472174,,,,,,,-0.0024909,0.8631,18536,0.0064910,0.6531,18536
1:203131285:G:A,DBP,-0.025820,9.341e-7,425740,-0.025160,9.572e-7,425743,-0.029559,0.002974,318398,0.0014347,0.7300,472174,-0.022300,0.5376,52313,-0.024236,0.1291,11277,-0.021129,0.1305,18536,-0.016472,0.2384,18536
3:111513720:G:T,DBP,-0.010530,0.0001019,425740,-0.016160,9.813e-10,425743,-0.026642,2.130e-7,318398,0.0027192,0.2100,472174,-0.014500,0.3015,52313,-0.013583,0.3073,11277,0.0023483,0.8159,18536,0.0055010,0.5855,18536
6:33606731:G:A,DBP,-0.0094100,0.003029,425740,-0.016690,7.046e-8,425743,-0.013903,0.04730,318398,-0.00039004,0.8700,472174,0.016800,0.3413,52313,0.011593,0.3706,11277,-0.0064574,0.5260,18536,-0.0018926,0.8526,18536
1:16577908:G:C,DBP,-0.0014390,0.5777,425740,0.0055570,0.02754,425743,0.0000,0.9778,318398,-0.0023913,0.2500,472174,0.020400,0.1550,52313,-0.0034060,0.8431,11277,0.0038161,0.7779,18536,0.0093056,0.4915,18536
11:14154711:A:C,DBP,0.013840,0.0002411,425740,0.016230,0.00001011,425743,0.010454,0.2989,318398,-0.0042386,0.1400,472174,0.0099000,0.6100,52313,0.019733,0.3148,11277,-0.018844,0.2688,18536,-0.018515,0.2773,18536
12:94774519:G:A,DBP,-0.016770,0.0006577,425740,0.030080,3.771e-10,425743,-0.014889,0.2543,318398,0.0029510,0.4500,472174,0.010200,0.6743,52313,0.0080550,0.6645,11276,0.0055595,0.7359,18536,-0.0075922,0.6451,18536
3:24475505:CT:C,DBP,0.0049460,0.09011,425740,-0.018540,7.367e-11,425743,-0.012916,0.008944,318398,,,,-0.014200,0.3674,52313,0.0098870,0.5113,11276,,,,,,
2:623863:G:GTTC,DBP,,,,,,,,,,0.0022742,0.3900,472174,,,,,,,,,,,,
8:120749166:C:T,DBP,0.00033040,0.9244,425740,0.021310,3.509e-10,425743,0.0060181,0.5183,318398,0.0055907,0.03000,472174,-0.021100,0.2495,52313,-0.018558,0.2181,11277,0.0097948,0.3941,18536,0.0071432,0.5343,18536
4:169692236:A:C,DBP,0.0091140,0.0004523,425740,-0.015730,5.371e-10,425743,0.0092426,0.1790,318398,0.0011781,0.5600,472174,,,,,,,,,,,,
6:152859370:A:G,DBP,0.014880,0.000001156,425740,0.010900,0.0002603,425743,0.021428,0.0001898,318398,0.0024341,0.3200,472174,-0.016400,0.3436,52313,-0.013205,0.3468,11277,-0.0040631,0.7410,18536,0.0073744,0.5486,18536
1:2049599:T:C,DBP,0.012880,0.000001038,425740,0.0085640,0.0008666,425743,0.017044,0.0007463,318398,-0.0019211,0.3500,472174,0.014900,0.2849,52313,0.018812,0.1603,11263,0.0042529,0.6914,18536,0.0030953,0.7727,18536
2:134513437:G:A,DBP,-0.0091780,0.0004676,425740,-0.017490,8.121e-12,425743,-0.0059821,0.4097,318398,-0.0040807,0.05000,472174,,,,-0.0016200,0.9015,11190,,,,,,
13:51100097:G:A,DBP,0.0031470,0.2415,425740,-0.0012250,0.6403,425743,0.013288,0.02158,318398,-0.0022955,0.2800,472174,0.027100,0.04545,52313,0.025515,0.1362,11277,0.011836,0.3829,18536,0.0015024,0.9118,18536
3:134059202:C:T,DBP,0.023460,0.0001447,425740,0.020220,0.0007816,425743,0.026241,0.1101,318398,0.0064597,0.1200,472174,-0.031900,0.2698,52313,-0.14797,0.06540,11277,0.075016,0.4420,18536,0.13422,0.1689,18536
1:221361387:G:T,DBP,-0.010030,0.0003394,425740,-0.0072420,0.007965,425743,-0.018822,0.0002060,318398,0.0026912,0.2200,472174,-0.031000,0.03785,52313,-0.00022700,0.9860,11276,-0.0050436,0.6377,18536,-0.0044543,0.6775,18536
9:119382768:A:G,DBP,-0.0078120,0.002117,425740,-0.012100,0.000001058,425743,-0.014889,0.002533,318398,0.0051604,0.01000,472174,-0.012700,0.3474,52313,-0.0046860,0.7254,11276,-0.0078641,0.4868,18536,-0.0037679,0.7390,18536
19:17417252:C:A,DBP,-0.0088940,0.03718,425740,-0.023950,8.712e-9,425743,-0.024693,0.002954,318398,0.0012427,0.7100,472174,-0.025900,0.1827,52313,0.028677,0.2346,11277,-0.026443,0.1358,18536,-0.014344,0.4185,18536
2:135638044:C:T,DBP,-0.0017210,0.5105,425740,-0.0082020,0.001306,425743,-0.015873,0.003469,318398,0.0046225,0.02700,472174,-0.019700,0.1529,52313,-0.016115,0.2478,11277,-0.030888,0.008227,18536,-0.015065,0.1974,18536
17:47037024:A:T,DBP,-0.017550,1.701e-11,425740,-0.011260,0.000009607,425743,-0.054488,3.681e-26,318398,-0.00089892,0.6600,472174,-0.0089000,0.5164,52313,-0.0034810,0.8091,11277,0.0062445,0.6038,18536,0.011145,0.3543,18536
5:57744595:G:A,DBP,0.0044270,0.09735,425740,0.0091280,0.0004569,425743,-0.0049875,0.4520,318398,0.0020320,0.3300,472174,0.026100,0.07732,52313,0.018880,0.1390,11277,0.0054845,0.5848,18536,0.0092306,0.3577,18536
17:62377645:C:T,DBP,0.0069250,0.01129,425740,0.0013070,0.6240,425743,0.034799,3.741e-10,318398,-0.0027967,0.1800,472174,0.023800,0.08148,52313,0.0099770,0.4674,11277,0.023600,0.03940,18536,0.010716,0.3496,18536
14:92386379:C:T,DBP,-0.012590,0.00001115,425740,0.026730,1.133e-21,425743,0.0035061,0.6445,318398,-0.000034120,0.9900,472174,-0.013000,0.3497,52313,0.014544,0.3416,11277,-0.018469,0.1307,18536,0.0016353,0.8936,18536
1:67115230:C:A,DBP,0.0044680,0.1938,425740,0.018090,6.893e-8,425743,0.012781,0.1608,318398,-0.0029459,0.2800,472174,0.0026000,0.8897,52313,0.010600,0.4829,11277,0.029237,0.01235,18536,0.023171,0.04738,18536
10:32590362:T:G,DBP,0.0065990,0.09156,425740,0.010470,0.006048,425743,0.024703,0.0009786,318398,-0.0085974,0.002700,472174,0.021900,0.2449,52313,-0.0010550,0.9441,11277,0.014115,0.2345,18536,0.013325,0.2617,18536
7:93559317:G:A,DBP,-0.0063730,0.01240,425740,-0.010190,0.00004156,425743,-0.015873,0.002765,318398,-0.0019622,0.3300,472174,0.021400,0.1121,52313,0.0032690,0.8022,11277,,,,,,
17:74682602:C:T,DBP,-0.0095360,0.0001918,425740,0.0089240,0.0003457,425743,0.00020002,0.9770,318398,-0.00047041,0.8200,472174,0.014900,0.2797,52313,0.021029,0.09909,11277,0.0062509,0.5368,18536,0.011495,0.2560,18536
1:172273573:G:T,DBP,0.0045910,0.1066,425740,0.0043290,0.1187,425743,0.0079314,0.2928,318398,-0.00079612,0.7200,472174,0.0072000,0.6240,52313,-0.0014910,0.9162,11276,-0.00017316,0.9868,18536,-0.00062476,0.9525,18536
2:613046:C:CAT,DBP,,,,,,,,,,-0.0021296,0.4200,472174,0.018800,0.3028,52313,,,,,,,,,
4:148384512:C:T,DBP,0.0059070,0.1760,425740,0.019330,0.000005647,425743,0.020509,0.01635,318398,-0.00091404,0.7800,472174,-0.013000,0.6110,52313,-0.037023,0.1608,11277,0.0033163,0.8939,18536,-0.0018942,0.9393,18536
3:186180253:G:C,DBP,-0.0099090,0.05032,425740,-0.015160,0.002132,425743,-0.031499,0.0009451,318398,-0.0068769,0.08200,472174,-0.036400,0.1144,52313,0.052432,0.3598,11249,-0.032340,0.5451,18536,-0.047201,0.3772,18536
2:27544285:C:T,DBP,-0.015760,7.025e-7,425740,-0.014780,0.000001840,425743,-0.015873,0.06157,318398,-0.0034999,0.1500,472174,-0.019200,0.2559,52313,-0.011243,0.4007,11277,-0.0033642,0.7485,18536,-0.012739,0.2247,18536
12:115187330:C:T,DBP,0.0073940,0.004202,425740,0.010500,0.00003078,425743,0.0099493,0.1480,318398,0.0012881,0.5300,472174,0.0052000,0.7168,52313,0.0070420,0.6628,11277,0.0059812,0.6679,18536,0.019452,0.1629,18536
11:28549266:G:A,DBP,-0.015400,1.085e-9,425740,-0.0062110,0.01170,425743,-0.022739,0.000001936,318398,-0.0049680,0.01400,472174,-0.034600,0.01045,52313,-0.00036800,0.9787,11277,-0.0019602,0.8524,18536,-0.0068464,0.5158,18536
8:145042001:A:G,DBP,-0.0071660,0.2330,425740,-0.020350,0.0005144,425743,-0.042101,0.0001633,318398,-0.0037836,0.3900,472174,-0.074900,0.02535,52313,0.036997,0.5957,11277,,,,,,
5:132408631:T:C,DBP,-0.0059200,0.04649,425740,-0.012750,0.00001109,425743,-0.031499,5.275e-7,318398,-0.0093614,0.00004000,472174,-0.014400,0.3374,52313,0.0064040,0.6624,11277,-0.013148,0.3160,18536,-0.013909,0.2888,18536
15:69822582:C:T,DBP,-0.039100,0.00001469,425740,-0.034470,0.00008939,425743,-0.073250,0.00002416,318398,-0.00035995,0.9400,472174,0.011300,0.7685,52313,0.12016,0.06125,11277,,,,,,
1:207217359:T:C,DBP,-0.0048470,0.06260,425740,-0.0073100,0.003989,425743,-0.014889,0.001179,318398,0.0024548,0.2200,472174,-0.033200,0.01489,52313,,,,0.0055296,0.6261,18536,0.0043665,0.7004,18536
21:16556367:C:T,DBP,0.019440,5.080e-12,425740,0.014120,2.747e-7,425743,0.041864,8.124e-15,318398,0.0012089,0.5800,472174,0.010400,0.4525,52313,-0.0023590,0.8673,11277,0.0094944,0.3940,18536,0.0027883,0.8023,18536
11:77639120:T:C,DBP,0.0021610,0.6068,425740,0.015040,0.0002406,425743,0.021224,0.02423,318398,-0.0089994,0.005200,472174,0.021600,0.2074,52313,,,,,,,,,
4:17962533:A:AC,DBP,,,,,,,,,,-0.010323,0.0001200,472174,0.046100,0.04677,52313,-0.011609,0.4258,11277,,,,,,
19:5033752:T:C,DBP,-0.013650,0.000004828,425740,-0.0043080,0.1389,425743,-0.029559,2.615e-7,318398,0.0049160,0.03200,472174,-0.018900,0.1857,52313,0.0088930,0.5178,11277,0.0013276,0.9023,18536,-0.0099879,0.3559,18536
5:148310899:T:C,DBP,-0.026590,6.118e-7,425740,-0.023140,0.000008579,425743,-0.030529,0.001717,318398,-0.013138,0.0009900,472174,-0.065100,0.1338,52313,0.0013240,0.9587,11277,-0.063847,0.001814,18536,-0.033877,0.09792,18536
20:18523002:C:G,DBP,-0.0045420,0.2405,425740,-0.014570,0.0001133,425743,-0.014889,0.1513,318398,-0.0027753,0.3900,472174,-0.021200,0.2881,52313,0.023667,0.4606,11277,-0.010967,0.6332,18536,-0.040623,0.07714,18536
15:86200699:G:A,DBP,0.015460,1.838e-9,425740,0.0033800,0.1777,425743,0.024600,0.000001233,318398,0.00027040,0.8900,472174,-0.00020000,0.9871,52313,0.0070150,0.5971,11276,-0.00082697,0.9364,18536,0.0015778,0.8790,18536
1:3220382:G:A,DBP,0.0039920,0.1749,425740,0.012980,0.000006160,425743,0.0061187,0.4367,318398,-0.00065172,0.7800,472174,,,,,,,,,,,,
6:33130226:C:G,DBP,0.0012940,0.6438,425740,0.0083740,0.002153,425743,0.0066219,0.3702,318398,0.0037076,0.1000,472174,0.018200,0.2430,52313,0.00067200,0.9574,11277,-0.0031686,0.7419,18536,-0.0070937,0.4609,18536
8:49438635:C:T,DBP,-0.0096750,0.005176,425740,-0.0072350,0.03205,425743,-0.0069756,0.4528,318398,-0.0063936,0.01900,472174,-0.00030000,0.9890,52313,-0.0023460,0.8740,11277,-0.010198,0.4273,18536,-0.014033,0.2746,18536
10:44551837:GC:G,DBP,0.013260,0.000003683,425740,0.018370,4.916e-11,425743,0.0059175,0.4377,318398,,,,-0.0059000,0.6768,52313,-0.0039360,0.7710,11277,,,,,,
1:180825243:G:A,DBP,-0.0075100,0.004227,425740,-0.0061570,0.01617,425743,-0.010940,0.01806,318398,0.00097683,0.6300,472174,0.0070000,0.6101,52313,0.033901,0.01195,11277,0.0043030,0.7727,18536,-0.0092956,0.5326,18536
4:156641244:A:G,DBP,-0.011930,0.00004196,425740,-0.013110,0.000003898,425743,-0.022739,0.00007409,318398,0.000059550,0.9800,472174,-0.031800,0.04896,52313,-0.0020960,0.8785,11277,-0.026343,0.01502,18536,-0.020955,0.05305,18536
1:118228061:A:G,DBP,-0.0076180,0.003661,425740,-0.015710,8.040e-10,425743,-0.012916,0.01354,318398,0.0011519,0.5800,472174,-0.0023000,0.8734,52313,0.0065400,0.6398,11277,0.0032955,0.7795,18536,-0.013037,0.2680,18536
17:46551096:T:A,DBP,-0.0066930,0.03936,425740,-0.013830,0.00001272,425743,-0.016857,0.05444,318398,0.00036228,0.8800,472174,,,,0.0036480,0.8121,11273,,,,,,
7:73890717:C:T,DBP,0.014950,0.0001859,425740,0.020580,1.322e-7,425743,0.019693,0.009756,318398,-0.0010181,0.7400,472174,,,,,,,,,,,,
14:100113174:A:G,DBP,-0.019510,8.477e-8,425740,0.026880,3.823e-14,425743,-0.028587,0.00007669,318398,0.0029163,0.8900,472174,,,,,,,,,,,,
2:112769721:G:A,DBP,-0.020620,1.993e-13,425740,-0.0089350,0.001094,425743,-0.030529,2.603e-8,318398,-0.0012132,0.5800,472174,-0.015900,0.2427,52313,0.010800,0.4185,11277,0.010682,0.3086,18536,-0.0074978,0.4748,18536
7:131350898:T:C,DBP,0.014390,0.000005631,425740,0.014640,0.000002154,425743,0.020611,0.0006134,318398,-0.00012798,0.9600,472174,0.0039000,0.8124,52313,-0.0095850,0.5330,11277,0.024919,0.04817,18536,0.027261,0.03066,18536
6:166147109:T:G,DBP,-0.0022150,0.4089,425740,-0.013320,3.553e-7,425743,-0.013903,0.005120,318398,-0.0028164,0.1600,472174,-0.038600,0.005275,52313,-0.013151,0.3141,11277,0.0061593,0.5805,18536,-0.0040014,0.7196,18536
2:69065841:G:A,DBP,-0.014050,5.947e-8,425740,-0.010900,0.00001635,425743,-0.014889,0.001450,318398,-0.0021620,0.2900,472174,0.0025000,0.8577,52313,-0.0016190,0.9061,11277,0.0022660,0.8444,18536,-0.0035050,0.7614,18536
10:75410052:G:A,DBP,-0.026350,6.161e-23,425740,-0.011780,0.000006195,425743,-0.0099503,0.01182,318398,-0.00097099,0.6500,472174,-0.0088000,0.5232,52313,-0.00065100,0.9630,11277,0.00012910,0.9907,18536,0.0095806,0.3855,18536
20:21242969:C:T,DBP,-0.010310,0.0003003,425740,-0.022390,8.142e-16,425743,-0.013903,0.06489,318398,0.0048931,0.02200,472174,,,,,,,,,,,,
8:130748007:C:G,DBP,0.0075240,0.003125,425740,0.017550,1.585e-12,425743,0.0027037,0.6886,318398,-0.0028715,0.1500,472174,-0.0045000,0.7452,52313,0.0062810,0.6294,11277,,,,,,
9:139109059:G:C,DBP,-0.0037030,0.1818,425740,-0.018610,5.942e-12,425743,-0.0029955,0.7105,318398,0.0022140,0.3100,472174,-0.016900,0.2407,52313,-0.0024410,0.8720,11276,-0.00063470,0.9587,18536,0.0010640,0.9308,18536
3:41308687:A:T,DBP,0.0032860,0.2106,425740,0.012030,0.000002599,425743,0.010556,0.1296,318398,0.0017113,0.4000,472174,-0.0079000,0.5621,52313,-0.011118,0.3964,11277,0.0022846,0.8293,18536,-0.0053412,0.6142,18536
1:13802325:T:C,DBP,-0.0051130,0.04438,425740,-0.0059360,0.01670,425743,0.00070025,0.9220,318398,-0.0037981,0.06200,472174,-0.026100,0.06226,52313,-0.018934,0.1455,11277,-0.023197,0.01923,18536,-0.010675,0.2813,18536
3:70888609:A:G,DBP,-0.021080,3.031e-14,425740,-0.012180,0.000006819,425743,-0.015873,0.004829,318398,-0.0015384,0.4900,472174,-0.034700,0.03160,52313,-0.0046000,0.7597,11276,-0.0073858,0.5439,18536,-0.019217,0.1143,18536
2:9805281:T:G,DBP,-0.0045140,0.1484,425740,-0.0099240,0.001126,425743,-0.0099503,0.2138,318398,-0.0011512,0.6400,472174,-0.0095000,0.5548,52313,0.0021460,0.9074,11277,-0.027756,0.07149,18536,-0.019147,0.2138,18536
4:102477777:A:G,DBP,0.013220,4.242e-7,425740,0.014090,3.241e-8,425743,0.0090407,0.04411,318398,0.0012955,0.5300,472174,0.012000,0.3738,52313,0.0049270,0.7082,11277,,,,,,
19:41042755:A:G,DBP,0.010430,0.00005808,425740,-0.018230,5.948e-13,425743,0.0010005,0.8891,318398,-0.0010120,0.6200,472174,-0.0083000,0.5413,52313,0.0090900,0.5237,11277,0.0015098,0.8936,18536,0.0071910,0.5241,18536
6:26491709:C:A,DBP,0.023420,0.000006411,425740,0.023210,0.000004524,425743,0.034799,0.0001439,318398,0.00076621,0.8600,472174,0.013500,0.6923,52313,-0.0062920,0.7935,11277,0.023372,0.2280,18536,0.0097946,0.6134,18536
1:230816745:A:G,DBP,0.0065490,0.01684,425740,0.013410,5.208e-7,425743,0.011668,0.1098,318398,0.0019780,0.3600,472174,0.020600,0.1801,52313,-0.0031020,0.8224,11277,0.024053,0.02584,18536,0.021629,0.04506,18536
19:2215100:A:G,DBP,0.0074460,0.007915,425740,0.013930,3.498e-7,425743,0.012984,0.08272,318398,0.0016148,0.4400,472174,-0.011000,0.4397,52313,0.0096430,0.4662,11277,0.0088680,0.4468,18536,0.011033,0.3439,18536
6:55653619:C:T,DBP,-0.017320,0.001229,425740,-0.036380,3.339e-12,425743,-0.027615,0.04368,318398,-0.0025950,0.5000,472174,-0.011000,0.6958,52313,0.055181,0.2820,11277,-0.087499,0.09062,18536,-0.062790,0.2246,18536
12:133088255:T:C,DBP,-0.018150,4.835e-7,425740,-0.012370,0.0004370,425743,-0.023717,0.0009153,318398,0.0041242,0.1300,472174,,,,,,,-0.0078611,0.5494,18536,-0.0030693,0.8152,18536
1:184560216:T:A,DBP,0.013500,1.148e-7,425740,0.011370,0.000004666,425743,0.020305,0.00003047,318398,-0.0029054,0.1500,472174,0.017100,0.2043,52313,-0.018692,0.1501,11277,0.0015687,0.8749,18536,-0.0025384,0.7989,18536
19:8399628:A:G,DBP,-0.0085000,0.001110,425740,-0.011640,0.000004715,425743,-0.024693,0.000002184,318398,-0.0017908,0.3800,472174,-0.00070000,0.9612,52313,0.0056010,0.6700,11277,-0.024599,0.04404,18536,-0.0088907,0.4667,18536
1:182975102:C:T,DBP,0.0069980,0.006914,425740,0.011820,0.000002898,425743,0.012680,0.06546,318398,-0.00010661,0.9600,472174,,,,0.00072000,0.9563,11276,,,,,,
9:140205269:C:T,DBP,0.0034550,0.1901,425740,-0.012040,0.000002837,425743,0.0000,0.9851,318398,0.0032679,0.1300,472174,,,,-0.015620,0.3189,11277,,,,,,
1:164740099:T:C,DBP,-0.0075940,0.003430,425740,-0.0068790,0.006573,425743,-0.0099503,0.009900,318398,0.00097493,0.6300,472174,-0.016800,0.2155,52313,0.0044080,0.7372,11277,-0.021604,0.03892,18536,-0.019123,0.06758,18536
13:58686522:A:T,DBP,0.011380,0.0007338,425740,0.018600,1.530e-8,425743,-0.016857,0.01539,318398,-0.015006,0.08300,472174,-0.027900,0.09816,52313,0.00067700,0.9597,11277,-0.018708,0.09848,18536,-0.017844,0.1150,18536
17:80678628:C:CCTT,DBP,-0.0045780,0.08855,425740,-0.019650,6.702e-14,425743,0.0034058,0.6301,318398,,,,0.0036000,0.8011,52313,0.0065530,0.6172,11277,,,,,,
17:79366663:C:T,DBP,-0.013260,3.189e-7,425740,-0.0089570,0.0003981,425743,-0.010940,0.01640,318398,0.0018098,0.3900,472174,0.010600,0.4522,52313,-0.0034620,0.8021,11277,,,,,,
7:46285283:T:TA,DBP,0.013180,5.891e-7,425740,-0.016960,4.428e-11,425743,-0.0069756,0.3059,318398,-0.0010711,0.6000,472174,,,,,,,,,,,,
18:55856907:C:G,DBP,-0.010130,0.0005571,425740,-0.0080100,0.005121,425743,-0.026642,0.000001921,318398,0.0014791,0.4900,472174,-0.021100,0.1758,52313,0.0082790,0.5395,11277,-0.00078763,0.9453,18536,0.0059384,0.6053,18536
6:87821827:AC:A,DBP,-0.0036120,0.1540,425740,-0.016330,3.893e-11,425743,-0.010940,0.02818,318398,,,,,,,,,,,,,,,
16:4240907:C:T,DBP,-0.013280,0.00005796,425740,-0.016570,2.676e-7,425743,-0.019803,0.002620,318398,0.0037211,0.1500,472174,-0.011900,0.4481,52313,-0.0047100,0.7765,11277,0.012652,0.2773,18536,0.015415,0.1856,18536
2:121976519:G:A,DBP,-0.013600,5.975e-7,425740,-0.014220,8.721e-8,425743,-0.021761,0.00004592,318398,-0.0026179,0.1900,472174,-0.010200,0.4571,52313,-0.010381,0.4386,11277,-0.011805,0.2484,18536,0.00051691,0.9597,18536
2:242671698:G:A,DBP,-0.010650,0.02237,425740,-0.027080,2.640e-9,425743,-0.027615,0.001071,318398,-0.00071748,0.8400,472174,-0.043500,0.05917,52313,0.019122,0.3374,11277,,,,,,
9:34654142:T:G,DBP,0.0055830,0.02819,425740,0.012980,1.673e-7,425743,0.010859,0.02251,318398,-0.0012333,0.5400,472174,0.030800,0.02213,52313,-0.0017020,0.8987,11277,0.0017894,0.8605,18536,0.00099983,0.9218,18536
13:73824424:C:T,DBP,-0.039120,2.308e-11,425740,-0.032850,8.593e-9,425743,-0.074179,8.267e-11,318398,0.0019274,0.6600,472174,-0.046000,0.1443,52313,0.028175,0.5095,11277,-0.016262,0.6681,18536,0.018359,0.6283,18536
1:9207732:C:T,DBP,-0.014530,1.167e-7,425740,0.018010,1.654e-11,425743,-0.00099950,0.8397,318398,0.0015368,0.4700,472174,-0.035000,0.01630,52313,0.0028260,0.8425,11277,,,,,,
2:242671714:T:C,DBP,-0.010910,0.02041,425740,-0.028060,9.531e-10,425743,-0.026642,0.001474,318398,-0.00075705,0.8400,472174,-0.043500,0.05925,52313,0.019079,0.3382,11276,,,,,,
2:242671712:G:C,DBP,-0.010910,0.02041,425740,-0.028060,9.531e-10,425743,-0.026642,0.001474,318398,-0.00075705,0.8400,472174,-0.043500,0.05926,52313,0.019105,0.3375,11277,,,,,,
6:159762161:AC:A,DBP,-0.016710,0.00001216,425740,0.027880,7.265e-14,425743,-0.016857,0.03914,318398,,,,0.0018000,0.9256,52313,0.017201,0.3378,11277,,,,,,
1:41486245:C:T,DBP,-0.0065770,0.03613,425740,-0.0072360,0.01809,425743,-0.021761,0.0009177,318398,-0.00099642,0.7000,472174,0.00070000,0.9651,52313,0.015090,0.4783,11276,-0.019026,0.2705,18536,-0.020125,0.2438,18536
6:119160491:C:T,DBP,0.019010,7.692e-8,425740,0.025220,2.699e-13,425743,0.020713,0.002063,318398,-0.00010575,0.9700,472174,0.0070000,0.6513,52313,0.000070000,0.9962,11275,-0.029316,0.03020,18536,-0.0049660,0.7135,18536
11:111635655:T:C,DBP,0.0071530,0.01103,425740,0.0097590,0.0003773,425743,0.024908,0.000003596,318398,0.0049704,0.02700,472174,0.021900,0.1445,52313,-0.014121,0.3679,11277,0.015436,0.2374,18536,0.0091060,0.4858,18536
12:96717095:G:A,DBP,-0.0018470,0.4720,425740,-0.0062060,0.01320,425743,-0.0069756,0.2754,318398,-0.0028238,0.1600,472174,0.0052000,0.7231,52313,0.0015050,0.9065,11276,-0.017879,0.08900,18536,-0.020489,0.05130,18536
10:103108333:C:G,DBP,0.0023100,0.4118,425740,0.012630,0.000004203,425743,-0.0029955,0.6583,318398,0.0034522,0.1300,472174,0.013600,0.3801,52313,-0.0082350,0.6175,11277,0.010293,0.4342,18536,0.0026760,0.8389,18536
16:71815913:C:T,DBP,0.00074810,0.8273,425740,0.0074350,0.02622,425743,0.0092426,0.3120,318398,0.0022951,0.4100,472174,0.046200,0.01729,52313,-0.016606,0.6217,11277,0.033067,0.2516,18536,0.046358,0.1080,18536
8:95707623:C:T,DBP,0.011680,0.000007444,425740,0.015790,5.343e-10,425743,0.019999,0.0004005,318398,0.010749,2.000e-7,472174,,,,,,,,,,,,
9:129968138:G:A,DBP,0.012110,0.0001880,425740,0.016820,1.044e-7,425743,0.013592,0.1143,318398,0.0028948,0.2300,472174,0.028100,0.07654,52313,0.00072800,0.9576,11277,-0.014682,0.2787,18536,-0.015762,0.2448,18536
7:130427388:C:T,DBP,0.0075560,0.007894,425740,-0.000037270,0.9893,425743,0.029635,1.616e-7,318398,-0.0015632,0.4700,472174,0.030600,0.03689,52313,0.016296,0.2368,11243,0.0098530,0.3560,18536,-0.0057428,0.5906,18536
2:242643998:G:A,DBP,-0.0056220,0.1370,425740,-0.021370,6.757e-9,425743,-0.015873,0.1180,318398,0.0000087510,1.000,472174,-0.017300,0.3143,52313,0.0046060,0.7475,11277,0.023194,0.05467,18536,0.020788,0.08505,18536
12:96109855:T:C,DBP,-0.0056010,0.2030,425740,0.012440,0.003739,425743,0.014099,0.2294,318398,-0.0020211,0.5600,472174,,,,,,,,,,,,
21:16812552:C:A,DBP,0.00073050,0.7720,425740,0.0059170,0.01613,425743,0.0049120,0.4677,318398,0.0014225,0.4800,472174,0.0018000,0.8950,52313,0.0069180,0.6000,11277,,,,,,
3:15410365:A:G,DBP,-0.000068070,0.9844,425740,0.015280,0.000006544,425743,0.015317,0.005279,318398,-0.0014931,0.5800,472174,0.037100,0.07866,52313,0.0062910,0.7037,11277,0.021276,0.08876,18536,0.023082,0.06482,18536
11:67809268:C:T,DBP,-0.020500,0.00009426,425740,-0.021930,0.00001840,425743,-0.037296,0.0002827,318398,0.00086228,0.8400,472174,-0.038100,0.1436,52313,0.018601,0.7031,11277,-0.037968,0.4043,18536,0.0043493,0.9239,18536
X:9714087:C:T,DBP,,,,,,,,,,,,,,,,,,,,,,,,
3:183515314:A:G,DBP,-0.016160,1.550e-10,425740,-0.013890,1.706e-8,425743,-0.019803,0.00008958,318398,0.00040565,0.8400,472174,,,,0.0015910,0.9008,11272,0.0010664,0.9145,18536,0.016371,0.09931,18536
18:55322502:C:T,DBP,-0.0016390,0.6729,425740,0.010610,0.005092,425743,0.013795,0.03611,318398,0.00054470,0.8600,472174,0.015100,0.4715,52313,0.029105,0.3041,11277,-0.0071127,0.7743,18536,-0.016221,0.5131,18536
11:117193203:C:T,DBP,0.011560,0.00002532,425740,-0.020650,1.211e-14,425743,0.0095454,0.1892,318398,0.00022249,0.9100,472174,-0.0090000,0.5119,52313,-0.014267,0.3014,11277,-0.0097237,0.4092,18536,-0.0077676,0.5097,18536
4:14905402:T:C,DBP,0.012250,0.000004356,425740,0.018480,1.177e-12,425743,0.014505,0.007348,318398,0.0016563,0.4300,472174,,,,,,,,,,,,
5:87389027:G:A,DBP,-0.0098380,0.001419,425740,-0.011790,0.00008829,425743,-0.012916,0.01721,318398,0.0019190,0.4400,472174,-0.028900,0.1381,52313,0.0062230,0.6392,11277,0.023584,0.06823,18536,0.026554,0.04007,18536
3:197068511:C:A,DBP,0.010700,0.00004933,425740,0.0096850,0.0001653,425743,0.016638,0.003876,318398,-0.0017775,0.4000,472174,0.0051000,0.7289,52313,0.011959,0.3444,11277,-0.0045794,0.6647,18536,0.0064576,0.5411,18536
11:8708989:G:T,DBP,0.012930,0.000009221,425740,0.010810,0.0001429,425743,0.017146,0.002611,318398,0.0048338,0.03800,472174,,,,0.015726,0.2406,11270,0.0079955,0.4996,18536,-0.0013051,0.9122,18536
3:171833266:G:C,DBP,0.0014510,0.6123,425740,0.016970,1.228e-9,425743,0.035420,2.779e-9,318398,0.0025358,0.2200,472174,0.021000,0.1302,52313,0.0096020,0.5110,11277,0.0057524,0.7454,18536,0.0054310,0.7591,18536
10:60588553:T:C,DBP,0.0033770,0.2285,425740,0.013600,6.631e-7,425743,0.011567,0.02669,318398,0.00059013,0.7900,472174,-0.025800,0.08982,52313,-0.0047550,0.7234,11277,0.0066396,0.5122,18536,0.010227,0.3127,18536
2:43357022:A:C,DBP,-0.0032630,0.2169,425740,-0.010070,0.00009323,425743,-0.0089597,0.2134,318398,0.0015266,0.4600,472174,-0.021500,0.1195,52313,0.0043970,0.7415,11277,-0.016471,0.1858,18536,-0.010289,0.4085,18536
4:36091370:C:G,DBP,0.0064110,0.01689,425740,0.0099510,0.0001436,425743,0.011162,0.1180,318398,-0.0012874,0.5400,472174,0.036700,0.006806,52313,0.0023010,0.8609,11277,0.018057,0.08717,18536,0.025756,0.01470,18536
17:64239807:G:C,DBP,0.0023670,0.4034,425740,0.010080,0.0002644,425743,-0.0019980,0.8108,318398,-0.0061710,0.005300,472174,0.027800,0.04643,52313,0.00060100,0.9637,11277,0.0071262,0.4788,18536,0.010203,0.3105,18536
2:20715656:A:G,DBP,-0.0097940,0.0001784,425740,-0.0082950,0.001137,425743,-0.010940,0.02628,318398,-0.0019884,0.3300,472174,-0.023000,0.09697,52313,0.0072190,0.5895,11277,-0.0013083,0.9301,18536,0.011118,0.4557,18536
7:18590659:T:C,DBP,0.0079940,0.004632,425740,0.0073520,0.007584,425743,0.011364,0.03132,318398,-0.0014022,0.5100,472174,0.012000,0.4011,52313,0.016673,0.2466,11277,-0.0012196,0.9169,18536,-0.0099264,0.3960,18536
15:101781934:A:G,DBP,0.0016270,0.5596,425740,0.010270,0.0001582,425743,0.010454,0.1571,318398,-0.0012006,0.5800,472174,0.023500,0.1014,52313,-0.018201,0.2059,11276,-0.0087653,0.4345,18536,-0.0067104,0.5497,18536
12:58061516:C:T,DBP,-0.0081260,0.09470,425740,-0.011380,0.01644,425743,-0.022739,0.008680,318398,-0.013630,0.0003100,472174,-0.048500,0.1335,52313,-0.026860,0.4208,11277,0.022680,0.4527,18536,-0.011819,0.6956,18536
19:47549156:T:C,DBP,-0.0037680,0.1639,425740,-0.0093380,0.0004043,425743,-0.00099950,0.8462,318398,-0.0010778,0.6000,472174,0.011700,0.4083,52313,-0.0079510,0.5481,11275,0.0052756,0.6070,18536,-0.0052003,0.6121,18536
16:705360:T:C,DBP,0.010360,0.00007402,425740,0.012310,0.000001391,425743,0.010252,0.02297,318398,-0.00040992,0.8500,472174,0.011100,0.4122,52313,0.0051960,0.6841,11277,0.027688,0.006493,18536,0.0040369,0.6915,18536
1:226426337:T:A,DBP,0.0047520,0.07359,425740,0.013310,2.769e-7,425743,0.013592,0.05501,318398,0.0023859,0.2500,472174,,,,,,,,,,,,
8:96020877:G:A,DBP,0.0048510,0.1799,425740,0.012110,0.0005959,425743,0.028194,0.00003408,318398,0.0044474,0.1300,472174,0.021300,0.2378,52313,-0.00085000,0.9660,11277,0.025776,0.09581,18536,0.022132,0.1527,18536
2:73075080:T:A,DBP,0.0085740,0.002662,425740,0.0095630,0.0005911,425743,0.014302,0.02323,318398,-0.0034194,0.1300,472174,0.025400,0.1007,52313,-0.0042980,0.8264,11277,0.00087450,0.9639,18536,-0.010130,0.6004,18536
18:43083792:G:C,DBP,-0.025360,7.796e-9,425740,0.028520,2.822e-11,425743,-0.022739,0.01929,318398,-0.0012225,0.7200,472174,,,,,,,,,,,,
4:86730714:C:T,DBP,0.028410,5.524e-18,425740,0.012280,0.0001274,425743,0.029326,0.000008217,318398,0.0013158,0.6000,472174,0.062200,0.0007053,52313,0.0033190,0.8024,11277,0.022149,0.04460,18536,0.013023,0.2376,18536
5:53276301:G:A,DBP,0.010620,0.0001024,425740,0.0049010,0.06609,425743,0.022450,0.00001951,318398,-0.00051365,0.8100,472174,0.013400,0.3464,52313,-0.018573,0.2056,11277,0.0046516,0.6730,18536,0.0011124,0.9196,18536
8:106325360:A:G,DBP,-0.011870,0.00003994,425740,-0.0066780,0.01784,425743,-0.016857,0.005613,318398,-0.00083652,0.6900,472174,,,,-0.0012830,0.9315,11277,-0.020995,0.05542,18536,-0.010486,0.3387,18536
15:85361644:A:G,DBP,0.0023030,0.3616,425740,-0.0098280,0.00006545,425743,-0.0099503,0.03678,318398,0.0015102,0.4500,472174,-0.0073000,0.5890,52313,0.031489,0.01443,11277,-0.0034780,0.7489,18536,-0.011768,0.2787,18536
6:55551632:G:A,DBP,-0.0017920,0.5016,425740,-0.019240,1.395e-13,425743,-0.011929,0.01029,318398,0.0042099,0.03900,472174,-0.0074000,0.5904,52313,0.018107,0.1705,11276,,,,,,
5:42476047:A:C,DBP,-0.0038710,0.1288,425740,-0.017840,7.103e-13,425743,-0.0089597,0.2080,318398,0.0020491,0.3100,472174,-0.045600,0.0009664,52313,,,,,,,,,
19:41754217:G:T,DBP,0.0060410,0.03074,425740,0.015220,2.400e-8,425743,0.019591,0.0003280,318398,0.0019478,0.3800,472174,-0.0069000,0.6362,52313,-0.0086520,0.5501,11277,0.016319,0.1963,18536,0.016146,0.2011,18536
17:76793600:G:A,DBP,-0.016310,1.360e-10,425740,-0.0018480,0.4559,425743,-0.018822,0.00002500,318398,-0.0043384,0.03200,472174,-0.0073000,0.5974,52313,0.014356,0.2736,11277,-0.027357,0.007704,18536,-0.014318,0.1631,18536
5:56372737:G:A,DBP,0.0034720,0.1938,425740,-0.0044520,0.08760,425743,-0.0039920,0.5462,318398,0.00061740,0.7600,472174,,,,-0.0060330,0.6680,11172,-0.012001,0.3085,18536,-0.015086,0.2005,18536
7:30957616:A:T,DBP,0.017420,5.937e-10,425740,0.016850,8.148e-10,425743,0.014099,0.008420,318398,-0.0020703,0.3500,472174,,,,,,,,,,,,
19:32180928:C:A,DBP,-0.013580,0.00002880,425740,-0.016120,3.577e-7,425743,-0.016857,0.01417,318398,0.0041001,0.05500,472174,-0.0064000,0.6662,52313,0.032915,0.02072,11276,,,,,,
11:73071263:T:C,DBP,0.0022120,0.4819,425740,-0.0096740,0.001614,425743,0.00070025,0.9303,318398,0.00055528,0.8200,472174,-0.037500,0.01177,52313,0.020230,0.2513,11277,-0.0066078,0.6839,18536,-0.015999,0.3243,18536
5:102138873:G:A,DBP,-0.0065770,0.01305,425740,-0.014060,5.311e-8,425743,0.012984,0.06503,318398,0.00045047,0.8300,472174,,,,,,,,,,,,
2:46374181:G:A,DBP,-0.020590,1.666e-8,425740,0.023650,2.998e-11,425743,0.016841,0.08324,318398,0.0016029,0.5700,472174,0.022100,0.2650,52313,-0.036371,0.09064,11277,-0.033028,0.1130,18536,0.0094884,0.6489,18536
2:242671723:T:C,DBP,-0.011840,0.01119,425740,-0.028360,4.622e-10,425743,-0.026642,0.001201,318398,-0.00036100,0.9200,472174,-0.043500,0.05934,52313,0.019098,0.3377,11277,,,,,,
8:1212030:C:G,DBP,0.0069390,0.008633,425740,0.0053150,0.03919,425743,0.012073,0.08613,318398,-0.00040249,0.8500,472174,0.011300,0.4426,52313,-0.0062830,0.6243,11277,-0.014384,0.1454,18536,-0.015632,0.1136,18536
1:203703829:A:G,DBP,0.0045490,0.08006,425740,0.015200,2.025e-9,425743,0.013998,0.006065,318398,0.00060888,0.7700,472174,,,,,,,,,,,,
7:135189297:G:C,DBP,0.013730,0.000001826,425740,0.019050,1.147e-11,425743,0.0077298,0.3124,318398,0.0015572,0.4700,472174,,,,,,,,,,,,
1:155089883:T:C,DBP,-0.017100,1.477e-11,425740,-0.017750,6.817e-13,425743,-0.0039920,0.5814,318398,0.0033996,0.09300,472174,,,,0.010145,0.4302,11273,,,,,,
6:96885572:G:A,DBP,0.030770,1.002e-21,425740,0.014980,0.000001762,425743,0.033971,1.144e-8,318398,-0.0078598,0.002400,472174,0.019300,0.3428,52313,0.0035690,0.8333,11277,-0.0070815,0.5910,18536,0.00024653,0.9851,18536
2:159415520:G:A,DBP,-0.014950,9.231e-8,425740,-0.0092240,0.0007292,425743,-0.012916,0.006793,318398,-0.0054164,0.01700,472174,-0.048100,0.001328,52313,-0.028168,0.1860,11277,-0.011912,0.4645,18536,-0.029196,0.07301,18536
14:50856641:A:G,DBP,-0.011850,0.000007252,425740,-0.0098000,0.0001423,425743,-0.018822,0.0005323,318398,0.00022666,0.9100,472174,-0.026000,0.05530,52313,0.011371,0.4293,11277,-0.015926,0.1321,18536,-0.0018152,0.8637,18536
11:74378499:C:T,DBP,0.0079530,0.001947,425740,0.013660,4.871e-8,425743,0.010859,0.1112,318398,0.0014597,0.4700,472174,-0.0050000,0.7120,52313,0.0063550,0.6426,11277,0.0026733,0.8071,18536,0.0086103,0.4316,18536
2:43275090:A:G,DBP,-0.0031920,0.2819,425740,-0.0099630,0.0005736,425743,0.0065212,0.4077,318398,0.0016605,0.4800,472174,-0.012900,0.3953,52313,0.020244,0.1335,11277,-0.0073093,0.4854,18536,-0.0091410,0.3830,18536
17:8076917:A:C,DBP,-0.014790,5.778e-7,425740,-0.015170,1.444e-7,425743,-0.023717,0.0001241,318398,-0.019880,7.500e-17,472174,,,,0.013483,0.4746,11272,-0.021542,0.1772,18536,-0.00057243,0.9714,18536
11:58376276:C:T,DBP,-0.024460,5.350e-16,425740,-0.00089320,0.7616,425743,-0.034401,4.872e-9,318398,0.0015795,0.5000,472174,-0.026300,0.08870,52313,-0.0026490,0.8540,11277,-0.0054153,0.6400,18536,-0.0065541,0.5714,18536
7:107889056:C:T,DBP,-0.0062410,0.03094,425740,-0.0094440,0.0008140,425743,-0.012916,0.08664,318398,0.0038771,0.08600,472174,-0.0047000,0.7554,52313,0.0093470,0.5861,11277,-0.010466,0.4274,18536,0.0049709,0.7062,18536
6:134196674:C:A,DBP,-0.015730,5.572e-8,425740,-0.012580,0.000008344,425743,-0.032467,4.509e-10,318398,-0.0019627,0.3700,472174,-0.023700,0.1372,52313,0.0044350,0.7273,11276,-0.024914,0.03257,18536,-0.012672,0.2770,18536
6:106320771:A:T,DBP,0.0096990,0.02345,425740,0.0086790,0.03761,425743,0.013795,0.2251,318398,-0.00076037,0.8000,472174,0.015100,0.4760,52313,-0.0030290,0.8489,11276,0.0077558,0.5835,18536,0.0011954,0.9327,18536
6:161712235:C:T,DBP,-0.0099550,0.0004329,425740,-0.0089940,0.001116,425743,-0.024693,0.00001815,318398,-0.0053029,0.01400,472174,0.0079000,0.5966,52313,-0.013136,0.4567,11277,0.015902,0.2732,18536,0.012963,0.3717,18536
22:47200353:T:C,DBP,-0.0070830,0.01606,425740,-0.015370,8.431e-8,425743,-0.012916,0.09512,318398,-0.0019123,0.3900,472174,-0.0028000,0.8430,52313,0.0049720,0.7060,11277,0.018944,0.09591,18536,0.014368,0.2067,18536
2:203750049:T:C,DBP,0.011480,0.00002340,425740,0.013120,7.118e-7,425743,0.010758,0.04120,318398,0.00075202,0.7200,472174,-0.00020000,0.9890,52313,0.013191,0.3391,11277,0.012701,0.2222,18536,0.010941,0.2930,18536
19:39161438:T:C,DBP,0.0062940,0.01440,425740,-0.0059190,0.01829,425743,0.0092426,0.04000,318398,0.0032248,0.1100,472174,-0.0052000,0.7009,52313,0.00082400,0.9486,11276,-0.0074330,0.4616,18536,0.0050343,0.6180,18536
2:242651331:A:C,DBP,-0.010390,0.01479,425740,-0.024380,4.576e-9,425743,-0.019803,0.01092,318398,0.00090263,0.7800,472174,-0.038200,0.09675,52313,0.016797,0.3688,11277,0.023885,0.1662,18536,0.017169,0.3196,18536
2:19342467:T:C,DBP,0.019530,1.741e-10,425740,0.016670,2.315e-8,425743,0.026447,0.00001242,318398,0.0011744,0.6200,472174,0.032900,0.03606,52313,-0.012294,0.3928,11256,,,,,,
9:37127678:C:T,DBP/HYPERTENSION,-0.0077690,0.004098,425740,-0.0080230,0.002372,425743,-0.021761,0.0001245,318398,-0.0033724,0.1100,472174,-0.019000,0.2056,52313,-0.0013560,0.9229,11276,-0.016612,0.1245,18536,-0.021514,0.04663,18536
8:122362656:G:A,DBP,0.0021920,0.3997,425740,-0.015640,7.193e-10,425743,0.0056157,0.4154,318398,-0.0021170,0.3000,472174,,,,,,,0.0011879,0.9077,18536,0.0010442,0.9188,18536
2:227954599:G:A,DBP,-0.0093030,0.0002037,425740,-0.0097090,0.00007054,425743,-0.0059821,0.3436,318398,-0.0012352,0.5400,472174,0.0099000,0.4681,52313,-0.0039640,0.7597,11276,,,,,,
6:27890860:T:G,DBP,-0.020800,0.1528,425740,0.00059790,0.9664,425743,0.041239,0.2854,318398,-0.043910,7.600e-12,472174,,,,,,,,,,,,
10:102703283:C:G,DBP,0.0053250,0.4032,425740,0.018620,0.002732,425743,0.0059175,0.7258,318398,-0.0040426,0.3900,472174,0.072300,0.01732,52313,-0.00080000,0.9699,11277,0.017704,0.3595,18536,0.026974,0.1626,18536
1:68143195:T:C,DBP,-0.0075280,0.004522,425740,-0.014090,5.099e-8,425743,-0.0029955,0.6433,318398,0.0028963,0.1700,472174,-0.0047000,0.7342,52313,0.0097580,0.4656,11277,-0.0070510,0.4886,18536,0.0046856,0.6454,18536
13:25255422:C:G,DBP,0.0039890,0.2899,425740,0.010810,0.003266,425743,0.018470,0.06473,318398,-0.0021744,0.4700,472174,0.048000,0.02674,52313,0.0085350,0.6211,11277,0.029854,0.02147,18536,0.020812,0.1089,18536
2:173946570:C:T,DBP,0.0040630,0.1168,425740,-0.0045210,0.07357,425743,0.0029042,0.6726,318398,-0.0033739,0.1100,472174,0.0068000,0.6381,52313,0.019435,0.2171,11277,-0.0049903,0.7115,18536,0.0065971,0.6250,18536
12:24762501:A:C,DBP,0.0087330,0.01339,425740,-0.017840,2.222e-7,425743,-0.016857,0.01146,318398,0.0034791,0.2100,472174,0.016100,0.4622,52313,0.0032750,0.8239,11277,-0.0095816,0.4041,18536,-0.022606,0.04901,18536
12:125003705:G:A,DBP,0.013620,0.0005560,425740,0.023970,4.711e-10,425743,0.022655,0.008467,318398,-0.00045676,0.8700,472174,,,,,,,-0.025407,0.1238,18536,-0.022399,0.1748,18536
12:33537387:T:C,DBP,-0.0029090,0.2526,425740,-0.015570,3.393e-10,425743,-0.0059821,0.3832,318398,0.0016311,0.4200,472174,-0.0026000,0.8472,52313,0.013998,0.2746,11277,-0.0096220,0.3379,18536,-0.022586,0.02447,18536
17:62708656:AT:A,DBP,0.0090530,0.002885,425740,-0.020040,1.355e-11,425743,-0.0019980,0.8010,318398,,,,,,,,,,,,,,,
6:27572331:C:G,DBP,,,,,,,,,,-0.035437,1.000e-10,472174,,,,,,,,,,,,
18:73005756:C:G,DBP,0.0097430,0.0002401,425740,0.0080110,0.001959,425743,0.011769,0.09581,318398,0.0023085,0.2700,472174,,,,0.0074960,0.5900,11277,0.027043,0.01311,18536,0.019532,0.07317,18536
20:35244926:C:T,DBP,-0.0056080,0.2309,425740,-0.033970,9.916e-14,425743,-0.018822,0.1212,318398,-0.0043923,0.2100,472174,0.0056000,0.8081,52313,-0.019548,0.3988,11277,0.018220,0.3489,18536,0.0050495,0.7952,18536
10:21040607:A:T,DBP,0.0096840,0.0001840,425740,-0.014140,2.184e-8,425743,0.00010001,0.9941,318398,0.00099167,0.6300,472174,,,,,,,,,,,,
18:74373246:T:C,DBP,0.0078180,0.004682,425740,0.013620,4.398e-7,425743,0.013896,0.05834,318398,-0.0019648,0.3300,472174,-0.0016000,0.9082,52313,-0.0033910,0.7943,11277,0.0026935,0.7880,18536,-0.0075753,0.4495,18536
8:116948169:C:T,DBP,-0.0048220,0.1609,425740,0.016060,0.000001685,425743,0.0066219,0.4705,318398,-0.0022020,0.4200,472174,0.012900,0.4734,52313,0.015930,0.4477,11277,-0.037297,0.05135,18536,-0.027450,0.1515,18536
13:110871759:A:G,DBP,-0.0099030,0.0002787,425740,-0.0073240,0.005855,425743,-0.026642,5.329e-8,318398,-0.00081102,0.6900,472174,-0.015100,0.2722,52313,-0.0067130,0.6148,11277,-0.013319,0.2576,18536,-0.0081924,0.4863,18536
8:30448124:C:T,DBP,-0.0026390,0.3726,425740,0.0064780,0.02483,425743,0.014708,0.06171,318398,0.0017941,0.4200,472174,-0.0012000,0.9348,52313,-0.010536,0.4273,11277,-0.012957,0.2274,18536,-0.011549,0.2819,18536
14:53420358:A:G,DBP,0.023660,2.295e-15,425740,0.0061470,0.03481,425743,0.013491,0.02935,318398,-0.0013116,0.5500,472174,0.033000,0.03186,52313,-0.0079550,0.5543,11277,0.022715,0.03961,18536,0.022953,0.03758,18536
3:124337402:G:A,DBP,-0.0013410,0.5979,425740,-0.0050800,0.04054,425743,-0.013903,0.003063,318398,0.0011285,0.5700,472174,-0.033100,0.01430,52313,0.0087320,0.4921,11277,0.0068400,0.4898,18536,0.0039940,0.6868,18536
12:123270853:C:T,DBP,0.0023990,0.5530,425740,-0.020710,1.522e-7,425743,-0.020783,0.01510,318398,0.0021514,0.4800,472174,-0.0063000,0.7209,52313,-0.0058840,0.6735,11276,,,,,,
3:37326663:TTA:T,DBP,-0.010120,0.0001197,425740,0.018560,4.743e-13,425743,-0.013903,0.05504,318398,,,,,,,,,,,,,,,
3:7487177:G:C,DBP,0.0044460,0.08152,425740,0.010410,0.00002885,425743,0.0014010,0.8373,318398,-0.00012547,0.9500,472174,-0.018500,0.1747,52313,-0.0090750,0.5628,11276,-0.010231,0.4218,18536,0.00077444,0.9515,18536
6:85641628:T:C,DBP,-0.00027690,0.9246,425740,0.0087130,0.002276,425743,0.0000,0.9917,318398,0.0013905,0.5500,472174,-0.0091000,0.5613,52313,-0.0028970,0.8330,11277,0.016840,0.1239,18536,0.011902,0.2768,18536
4:95324968:A:T,DBP,-0.0071420,0.005786,425740,0.013230,1.594e-7,425743,0.012275,0.07437,318398,0.0014911,0.4600,472174,-0.016100,0.2320,52313,0.0086760,0.5263,11277,0.017236,0.09597,18536,0.013254,0.2005,18536
22:18293192:G:A,DBP,-0.00025840,0.9300,425740,-0.0064220,0.02516,425743,0.0085363,0.2773,318398,0.00047890,0.8300,472174,0.0018000,0.9020,52313,0.00099000,0.9455,11277,-0.0017626,0.8763,18536,-0.012872,0.2555,18536
16:69693038:T:A,DBP,0.019040,0.00002870,425740,0.028740,9.375e-11,425743,0.021326,0.03211,318398,-0.015847,0.00002200,472174,,,,,,,0.012303,0.7519,18536,0.050106,0.1980,18536
16:24733141:A:G,DBP,0.031250,4.343e-22,425740,0.012600,0.00006475,425743,0.034591,4.435e-8,318398,-0.0082936,0.001100,472174,0.033000,0.09312,52313,-0.010539,0.5863,11277,0.0047074,0.7681,18536,0.0085310,0.5931,18536
10:115472282:T:C,DBP,-0.0015400,0.7678,425740,-0.028610,1.865e-8,425743,-0.020783,0.1413,318398,0.0045934,0.2800,472174,-0.052000,0.1345,52313,-0.028477,0.4925,11277,-0.041816,0.3275,18536,0.0069242,0.8712,18536
9:112303285:T:C,DBP,0.0044580,0.1840,425740,0.011230,0.0006026,425743,0.010151,0.2563,318398,-0.0024250,0.3600,472174,,,,,,,0.024759,0.2919,18536,0.048585,0.03861,18536
18:21012643:T:C,DBP,0.0024370,0.3724,425740,-0.010760,0.00005415,425743,-0.012916,0.02046,318398,0.00054422,0.8000,472174,,,,,,,,,,,,
6:51243950:G:A,DBP,-0.024200,2.523e-16,425740,-0.018370,1.794e-10,425743,-0.038259,2.412e-10,318398,0.0017256,0.4800,472174,,,,,,,,,,,,
17:30609932:C:T,DBP,-0.0070760,0.02819,425740,-0.0081170,0.009850,425743,-0.023717,0.0001626,318398,-0.00049379,0.8500,472174,0.0075000,0.6383,52313,-0.020971,0.1366,11277,-0.0015058,0.8950,18536,-0.0014066,0.9019,18536
1:243703179:A:G,DBP,-0.0089690,0.03941,425740,-0.016090,0.0001507,425743,-0.0059821,0.6212,318398,0.0023818,0.4400,472174,0.023100,0.2568,52313,-0.042404,0.07204,11277,-0.0098290,0.7956,18536,0.038581,0.3093,18536
9:35693104:C:T,DBP,-0.0024960,0.3764,425740,-0.011620,0.00002416,425743,-0.013903,0.01471,318398,0.0014456,0.5100,472174,0.015100,0.3008,52313,0.0069640,0.6162,11269,0.011025,0.4027,18536,-0.00052098,0.9685,18536
12:27260487:T:G,DBP,0.0025710,0.3200,425740,0.0084050,0.0008599,425743,0.015520,0.007540,318398,0.0015940,0.4400,472174,0.015400,0.2579,52313,-0.0090360,0.4920,11276,0.0083789,0.4251,18536,0.0011188,0.9152,18536
11:120058623:C:T,DBP,-0.014690,1.565e-8,425740,-0.0087720,0.0005342,425743,-0.018822,0.0001859,318398,-0.00088750,0.6600,472174,0.0046000,0.7402,52313,-0.011178,0.4289,11277,-0.012573,0.2705,18536,-0.013922,0.2225,18536
6:34706358:G:A,DBP,0.0039220,0.1514,425740,0.0094330,0.0004033,425743,0.027988,5.787e-8,318398,-0.0051811,0.01800,472174,,,,,,,,,,,,
2:207996447:T:C,DBP,0.020330,1.353e-8,425740,0.025840,1.330e-13,425743,0.016231,0.01640,318398,-0.0017921,0.5100,472174,-0.015800,0.3877,52313,-0.016140,0.2873,11277,0.014425,0.2235,18536,0.017416,0.1417,18536
21:35093213:T:C,DBP,0.0034700,0.1812,425740,0.0079560,0.001671,425743,0.0095454,0.02751,318398,-0.00015007,0.9400,472174,-0.0047000,0.7551,52313,-0.016792,0.1936,11274,0.015389,0.1515,18536,0.0077690,0.4690,18536
7:69557105:T:G,DBP,0.0084330,0.001878,425740,0.012010,0.000005606,425743,0.018368,0.0001100,318398,-0.0030108,0.1600,472174,,,,,,,,,,,,
17:4626318:T:G,DBP,-0.0019740,0.4998,425740,0.011740,0.00003893,425743,-0.0049875,0.5469,318398,0.0021944,0.3500,472174,0.0025000,0.8849,52313,-0.015823,0.4354,11277,-0.0066272,0.7327,18536,0.0043437,0.8229,18536
7:2830498:C:T,DBP,0.0085420,0.001296,425740,0.015360,3.003e-9,425743,0.0099493,0.02647,318398,-0.000011990,1.000,472174,0.012600,0.3510,52313,0.025929,0.06637,11277,-0.0017629,0.8684,18536,-0.0039131,0.7130,18536
12:20016505:T:A,DBP,0.010720,0.00003011,425740,0.013760,3.945e-8,425743,0.0080322,0.2388,318398,0.000056610,0.9800,472174,0.014400,0.2948,52313,-0.0028820,0.8216,11277,0.015872,0.1182,18536,0.016222,0.1103,18536
1:204175728:T:C,DBP,-0.035130,5.831e-8,425740,-0.034700,3.962e-8,425743,-0.027615,0.04210,318398,-0.0012276,0.7900,472174,0.012600,0.6986,52313,0.019356,0.5969,11277,0.030880,0.3429,18536,0.0072339,0.8242,18536
15:67645013:G:C,DBP,0.0067020,0.03310,425740,-0.020150,5.071e-11,425743,-0.013903,0.01293,318398,0.0048549,0.04100,472174,,,,0.014675,0.3000,11277,,,,,,
12:94146935:G:A,DBP,0.0032370,0.2072,425740,-0.012950,2.290e-7,425743,0.0033055,0.6280,318398,-0.00046611,0.8200,472174,0.018000,0.1810,52313,0.0023930,0.8659,11277,-0.015049,0.2014,18536,-0.018283,0.1207,18536
5:66312103:T:G,DBP,-0.014090,7.122e-7,425740,-0.011650,0.00002623,425743,-0.026642,0.000001117,318398,-0.0035529,0.1200,472174,-0.036600,0.01985,52313,0.019436,0.2355,11277,-0.0067160,0.6656,18536,0.0032197,0.8359,18536
1:29540511:T:C,DBP,0.017670,0.0004757,425740,0.0073960,0.1337,425743,0.027885,0.01027,318398,-0.0012845,0.7400,472174,0.063600,0.01563,52313,0.025778,0.6393,11277,-0.0031067,0.9497,18536,-0.053296,0.2789,18536
1:176637458:G:A,DBP,0.0021040,0.4678,425740,0.014180,5.250e-7,425743,0.013693,0.01275,318398,-0.0012235,0.5900,472174,0.00050000,0.9745,52313,0.013741,0.3122,11277,-0.0027254,0.8049,18536,-0.013340,0.2267,18536
15:92708550:T:C,DBP,-0.0015360,0.6170,425740,0.0080890,0.006916,425743,0.013896,0.003870,318398,0.0033459,0.1400,472174,0.038600,0.007080,52313,0.038114,0.004103,11277,0.012428,0.2239,18536,0.020729,0.04252,18536
11:77940075:G:A,DBP,-0.019490,1.326e-8,425740,-0.0065990,0.04857,425743,-0.015873,0.01592,318398,0.0049771,0.06900,472174,-0.026100,0.1265,52313,-0.012111,0.3915,11277,0.00019099,0.9895,18536,-0.031008,0.03282,18536
15:69523654:G:C,DBP,-0.018950,1.298e-12,425740,-0.017150,4.606e-11,425743,-0.022739,0.00001240,318398,0.0016013,0.4500,472174,-0.010800,0.4422,52313,0.0064210,0.6180,11276,-0.0087033,0.4043,18536,0.000018260,0.9986,18536
11:101967031:G:A,DBP,-0.0025270,0.3257,425740,0.010940,0.00001286,425743,0.0065212,0.3396,318398,0.0013212,0.5100,472174,-0.0074000,0.5838,52313,0.00086000,0.9467,11277,0.013282,0.1852,18536,0.024165,0.01593,18536
11:69462910:G:A,DBP,-0.0080030,0.001472,425740,-0.013460,4.155e-8,425743,-0.0059821,0.3801,318398,-0.0025131,0.2100,472174,0.0010000,0.9395,52313,0.019539,0.1209,11277,-0.016525,0.08975,18536,-0.017794,0.06770,18536
9:628670:C:T,DBP,0.015650,0.000002819,425740,0.016060,8.396e-7,425743,0.013288,0.04323,318398,0.0010874,0.6800,472174,-0.0072000,0.7042,52313,-0.031057,0.1968,11277,-0.0096577,0.7876,18536,0.0011896,0.9735,18536
10:70330410:A:G,DBP,0.0034090,0.2888,425740,0.017070,5.165e-8,425743,0.0088389,0.3014,318398,0.0018510,0.4500,472174,0.020600,0.1729,52313,-0.012169,0.3977,11227,-0.010924,0.4179,18536,0.0055792,0.6791,18536
4:8275261:C:G,DBP,0.0045500,0.1007,425740,0.014830,4.107e-8,425743,0.0043093,0.5614,318398,-0.0029365,0.1900,472174,,,,-0.021646,0.09266,11277,,,,,,
2:34679626:G:A,DBP,-0.012560,0.000001256,425740,-0.0095890,0.0001479,425743,-0.014889,0.005309,318398,-0.0031050,0.1400,472174,0.012600,0.3636,52313,-0.043278,0.006958,11277,0.017751,0.1788,18536,0.014472,0.2730,18536
3:142614811:C:A,DBP,-0.0036660,0.1738,425740,0.019190,2.840e-13,425743,0.0016013,0.8257,318398,-0.0021448,0.3100,472174,,,,,,,,,,,,
2:146950908:G:A,DBP,-0.0043920,0.08701,425740,-0.0096050,0.0001244,425743,-0.021761,0.00001168,318398,-0.00020949,0.9200,472174,-0.013600,0.3220,52313,0.0068080,0.6230,11277,0.0021093,0.8664,18536,0.0087557,0.4850,18536
14:70459370:T:C,DBP,0.013340,2.606e-7,425740,0.0080770,0.001391,425743,0.015215,0.003747,318398,-0.00071395,0.7300,472174,0.021700,0.1202,52313,-0.0065670,0.6345,11277,0.0034084,0.7436,18536,0.0061381,0.5559,18536
3:71175440:A:C,DBP,0.012560,0.000003319,425740,0.016600,2.994e-10,425743,0.023781,0.00002974,318398,0.0021355,0.3100,472174,0.0018000,0.9044,52313,0.0086530,0.5041,11277,,,,,,
17:12623060:T:A,DBP,-0.0037520,0.1621,425740,-0.016800,1.376e-10,425743,-0.013903,0.007029,318398,0.00084957,0.6900,472174,,,,-0.0028620,0.8282,11249,-0.0095458,0.3661,18536,-0.010410,0.3243,18536
1:175143207:T:C,DBP,-0.0022300,0.3881,425740,-0.0061020,0.01545,425743,-0.012916,0.01302,318398,-0.00072659,0.7200,472174,-0.018100,0.1898,52313,,,,0.00045679,0.9641,18536,-0.0026620,0.7930,18536
19:30109533:G:A,DBP,0.0078590,0.004590,425740,0.0093420,0.0005510,425743,0.014505,0.01107,318398,0.00027833,0.9000,472174,-0.0049000,0.7379,52313,0.0085700,0.6276,11277,0.026176,0.06386,18536,0.027150,0.05459,18536
13:59911420:G:C,DBP,0.00056210,0.8486,425740,0.018040,3.402e-10,425743,0.013085,0.09486,318398,-0.0024916,0.2900,472174,0.030200,0.07158,52313,0.000046000,0.9972,11277,0.017001,0.1307,18536,0.0023675,0.8333,18536
3:196226059:G:C,DBP,-0.0050290,0.07951,425740,-0.0073060,0.009007,425743,0.0023026,0.7604,318398,0.0023881,0.2900,472174,0.012500,0.4007,52313,0.011433,0.4303,11277,0.014487,0.2219,18536,0.015819,0.1823,18536
12:12889289:A:C,DBP,0.019440,4.036e-12,425740,0.016850,7.021e-10,425743,0.025420,7.171e-7,318398,0.0086137,0.00002200,472174,,,,,,,,,,,,
2:64935357:G:C,DBP,0.021830,1.166e-13,425740,0.013920,0.000001243,425743,0.012781,0.02712,318398,0.0035761,0.1300,472174,0.036100,0.02608,52313,0.015964,0.3815,11277,-0.0037284,0.7964,18536,-0.0096501,0.5042,18536
4:145271954:T:A,DBP,-0.010700,0.0001015,425740,-0.0098180,0.0002557,425743,-0.014889,0.006546,318398,-0.0016979,0.4100,472174,0.0012000,0.9344,52313,-0.019967,0.1493,11277,-0.0057311,0.5799,18536,-0.0027253,0.7924,18536
10:28784335:A:G,DBP,-0.0027740,0.2889,425740,-0.0087280,0.0006246,425743,-0.012916,0.01936,318398,-0.0027282,0.1800,472174,,,,,,,,,,,,
11:100699139:C:T,DBP,-0.012670,0.000007376,425740,-0.012600,0.000004890,425743,-0.0059821,0.4549,318398,0.00057869,0.7800,472174,0.011200,0.4691,52313,0.00022100,0.9890,11277,0.0070922,0.6296,18536,-0.0035183,0.8109,18536
20:11170469:A:G,DBP,-0.017930,1.706e-12,425740,-0.010910,0.00001076,425743,-0.016857,0.001782,318398,0.00016143,0.9400,472174,0.0018000,0.8957,52313,-0.0010080,0.9405,11277,0.0074256,0.4978,18536,0.0021784,0.8423,18536
2:191835596:T:G,DBP,0.018540,5.045e-12,425740,0.0070950,0.006736,425743,0.020815,0.00006838,318398,0.0069780,0.0005100,472174,-0.013400,0.3256,52313,-0.0029280,0.8225,11277,0.0062385,0.5200,18536,0.014723,0.1290,18536
18:53494672:C:A,DBP,-0.0010730,0.7419,425740,-0.0048740,0.1249,425743,-0.020783,0.0008655,318398,-0.0027205,0.2900,472174,0.0083000,0.5902,52313,0.012365,0.4290,11277,-0.021315,0.1504,18536,-0.016669,0.2608,18536
2:60014759:T:C,DBP,-0.020980,6.161e-17,425740,-0.013160,7.582e-8,425743,-0.024693,4.441e-7,318398,0.0038158,0.06000,472174,0.010800,0.4273,52313,-0.0042230,0.7665,11277,-0.0097624,0.3544,18536,-0.021176,0.04455,18536
11:128762184:C:G,DBP,-0.014960,0.000002745,425740,-0.012890,0.00003431,425743,-0.025668,0.00002151,318398,-0.0012615,0.5900,472174,-0.017700,0.2621,52313,0.0067300,0.6917,11277,-0.011816,0.4621,18536,-0.010373,0.5186,18536
12:90247669:A:G,DBP,-0.019700,2.892e-10,425740,-0.018810,6.803e-10,425743,-0.019803,0.0006969,318398,0.00040660,0.8600,472174,-0.043600,0.02351,52313,0.012449,0.3408,11277,-0.012636,0.2028,18536,-0.016739,0.09158,18536
6:34188892:A:C,DBP,0.020700,0.0002379,425740,0.013960,0.01106,425743,0.030665,0.004562,318398,-0.0056935,0.1600,472174,0.019900,0.6082,52313,0.015212,0.7110,11189,-0.029157,0.3219,18536,-0.033996,0.2481,18536
3:64547477:G:C,DBP,0.020520,0.000004274,425740,0.022270,3.109e-7,425743,0.027063,0.001507,318398,-0.0040407,0.1800,472174,,,,-0.0061980,0.7594,11277,,,,,,
5:57365311:C:T,DBP,-0.014460,0.003493,425740,-0.017740,0.0002398,425743,-0.023717,0.02003,318398,-0.0090599,0.01900,472174,-0.012900,0.5461,52313,-0.0099540,0.7386,11276,-0.011444,0.6346,18536,-0.048020,0.04612,18536
4:100265550:C:G,DBP,0.0081410,0.001658,425740,0.012970,2.793e-7,425743,0.0074275,0.2767,318398,-0.00082871,0.6900,472174,0.0054000,0.6889,52313,0.00051900,0.9700,11277,,,,,,
2:181882879:G:A,DBP,-0.0038770,0.1651,425740,-0.000065780,0.9807,425743,-0.013903,0.05379,318398,0.0035159,0.09600,472174,-0.022900,0.1032,52313,-0.012786,0.3419,11277,-0.0078502,0.4496,18536,-0.0059285,0.5680,18536
2:239865055:A:G,DBP,0.010460,0.0005092,425740,0.022540,1.583e-14,425743,0.014302,0.04894,318398,-0.0016427,0.4900,472174,0.016900,0.2764,52313,0.0053540,0.7532,11277,-0.0022504,0.8714,18536,0.020314,0.1439,18536
9:2506236:G:T,DBP,-0.011640,0.0002261,425740,-0.016230,1.364e-7,425743,-0.012916,0.02522,318398,0.0060430,0.01700,472174,-0.020100,0.2398,52313,-0.022388,0.1764,11277,,,,,,
1:119515410:A:G,DBP,0.0024800,0.3297,425740,0.011730,0.000002288,425743,0.011971,0.07643,318398,-0.0034851,0.08500,472174,0.0045000,0.7365,52313,-0.0018210,0.8948,11277,0.0094644,0.3645,18536,0.012275,0.2396,18536
6:109584410:A:G,DBP,-0.0049990,0.04832,425740,-0.0045370,0.06615,425743,-0.011929,0.08159,318398,-0.013799,8.700e-12,472174,0.0050000,0.7207,52313,-0.025493,0.05476,11277,-0.0049853,0.6199,18536,-0.013134,0.1912,18536
13:41607839:A:G,DBP,-0.00043450,0.8721,425740,0.0088210,0.0008023,425743,0.0077298,0.2806,318398,0.0022979,0.2700,472174,-0.0056000,0.7053,52313,0.0086270,0.5031,11277,-0.015169,0.1580,18536,-0.011362,0.2903,18536
4:102192186:C:T,DBP,-0.014670,0.00004688,425740,-0.017460,6.826e-7,425743,-0.024693,0.00005497,318398,0.0014595,0.6000,472174,0.010700,0.5570,52313,-0.0068700,0.6312,11277,-0.011171,0.3218,18536,-0.0082262,0.4657,18536
4:103247440:C:A,DBP,-0.0030470,0.5054,425740,0.017430,0.00009389,425743,-0.0079682,0.4904,318398,-0.0047406,0.1300,472174,-0.021000,0.5093,52313,-0.011879,0.4090,11277,-0.0069835,0.5355,18536,-0.019522,0.08325,18536
17:30033514:C:T,DBP,0.021680,5.365e-13,425740,0.011190,0.0001340,425743,0.026960,0.000003297,318398,0.0028637,0.2400,472174,0.025300,0.1027,52313,-0.000022000,0.9990,11277,0.030351,0.04740,18536,0.039254,0.01034,18536
16:75390316:T:A,DBP,0.027460,1.659e-26,425740,-0.0020140,0.4229,425743,0.032317,1.375e-11,318398,0.0086540,0.00002100,472174,0.028100,0.03874,52313,0.025295,0.04821,11277,0.018986,0.1039,18536,-0.0088102,0.4505,18536
11:746086:C:G,DBP,0.0067320,0.08294,425740,-0.028460,5.611e-14,425743,-0.018822,0.06525,318398,-0.0010473,0.7200,472174,-0.0033000,0.8889,52313,0.0065590,0.7830,11275,0.0052956,0.8104,18536,0.018870,0.3927,18536
5:77687137:G:A,DBP,-0.0065210,0.02704,425740,-0.016060,2.353e-8,425743,-0.016857,0.002646,318398,-0.0016154,0.4800,472174,,,,,,,,,,,,
12:2178165:A:G,DBP,0.019350,4.072e-8,425740,-0.012840,0.0001897,425743,-0.0039920,0.6321,318398,-0.0012156,0.6400,472174,-0.011900,0.4569,52313,-0.0072290,0.6547,11277,0.017605,0.3555,18536,0.015572,0.4138,18536
6:150960444:A:G,DBP,-0.0022270,0.5062,425740,0.0031050,0.3419,425743,0.0033055,0.7066,318398,-0.0046909,0.06200,472174,-0.0072000,0.7351,52313,0.028854,0.1309,11277,0.0095131,0.5428,18536,0.013197,0.3986,18536
2:9299947:G:A,DBP,-0.0083580,0.001830,425740,0.016560,2.440e-10,425743,0.0087381,0.2199,318398,-0.0034299,0.1000,472174,-0.018400,0.1798,52313,,,,-0.0064095,0.5635,18536,-0.0033127,0.7653,18536
5:33194751:T:G,DBP,0.011270,0.00005578,425740,0.0061130,0.02502,425743,0.016638,0.002111,318398,-0.0032246,0.1400,472174,0.0086000,0.5641,52313,0.0076950,0.6528,11277,-0.0014527,0.9145,18536,-0.011273,0.4046,18536
X:2835989:A:C,DBP,,,,,,,,,,,,,,,,,,,,,,,,
8:141858620:T:C,DBP,-0.010270,0.00007376,425740,-0.00014260,0.9550,425743,-0.017840,0.0003870,318398,-0.0010174,0.6100,472174,-0.021700,0.1075,52313,0.010707,0.4092,11277,-0.013995,0.2247,18536,-0.012358,0.2837,18536
3:169310116:G:A,DBP,0.019870,0.0002027,425740,0.023840,0.000004823,425743,0.024190,0.02315,318398,0.012483,0.003700,472174,0.012500,0.5309,52313,0.021864,0.4384,11276,-0.0062565,0.7894,18536,0.015919,0.4968,18536
2:85620188:T:C,DBP,-0.0038510,0.2599,425740,0.012320,0.0002184,425743,-0.0079682,0.3983,318398,-0.0025473,0.3400,472174,0.030500,0.07555,52313,0.012685,0.4174,11275,0.013926,0.2585,18536,0.010825,0.3797,18536
1:204318983:C:T,DBP,-0.0057220,0.02854,425740,-0.019440,2.386e-14,425743,-0.017840,0.0007422,318398,-0.0020612,0.3300,472174,-0.0024000,0.8674,52313,-0.0075950,0.5779,11277,-0.012587,0.3079,18536,-0.010152,0.4108,18536
19:7249785:C:T,DBP,0.013910,0.001650,425740,0.025220,4.932e-9,425743,0.033350,0.0002666,318398,-0.0016600,0.6100,472174,0.016800,0.4470,52313,0.0015650,0.9301,11277,,,,,,
22:33173427:T:C,DBP,-0.012250,0.000001421,425740,-0.020650,7.814e-17,425743,-0.013903,0.001470,318398,-0.0012982,0.5200,472174,-0.015200,0.2599,52313,-0.0088920,0.4895,11277,0.0049275,0.6193,18536,0.0083499,0.3999,18536
10:105462384:G:A,DBP,-0.016180,0.000009620,425740,-0.017120,0.000001579,425743,-0.015873,0.1076,318398,-0.0052652,0.05200,472174,,,,,,,-0.014315,0.3567,18536,0.0072214,0.6420,18536
13:73466948:G:A,DBP,0.0091620,0.0008905,425740,0.020540,2.180e-14,425743,0.013896,0.02296,318398,0.0082658,0.00005800,472174,,,,,,,,,,,,
2:164456639:C:T,DBP,0.0094280,0.02501,425740,0.015870,0.0001099,425743,0.017859,0.006994,318398,0.0014405,0.6700,472174,0.041400,0.01778,52313,-0.0066030,0.7850,11277,0.035438,0.02235,18536,0.019755,0.2028,18536
8:143455701:C:A,DBP,-0.0091520,0.0006873,425740,-0.010280,0.00009309,425743,-0.012916,0.009935,318398,-0.0011212,0.5900,472174,-0.012400,0.3853,52313,0.015503,0.2272,11276,-0.0040527,0.6999,18536,-0.011361,0.2799,18536
1:89332099:T:C,DBP,0.020110,2.165e-14,425740,0.0045500,0.07629,425743,0.036768,7.685e-12,318398,-0.00097414,0.6400,472174,,,,,,,-0.0013361,0.9202,18536,-0.0084259,0.5276,18536
20:6701629:G:A,DBP,0.0042470,0.1169,425740,-0.015340,6.476e-9,425743,0.0090407,0.2106,318398,-0.00039246,0.8500,472174,,,,,,,,,,,,
10:22862838:G:A,DBP,0.016820,0.002542,425740,0.040180,1.454e-13,425743,0.025010,0.09078,318398,0.0044123,0.3200,472174,-0.031300,0.3762,52313,-0.035734,0.2693,11277,-0.032722,0.2594,18536,0.012034,0.6783,18536
1:79352340:T:C,DBP,0.0015920,0.5645,425740,0.016700,5.748e-10,425743,0.017655,0.001126,318398,-0.0051645,0.01700,472174,0.0030000,0.8401,52313,0.0014140,0.9229,11277,0.0086837,0.4445,18536,-0.0090203,0.4271,18536
6:147591371:A:G,DBP,0.010680,0.00005894,425740,0.0032570,0.2090,425743,0.010556,0.1341,318398,0.0011531,0.5700,472174,-0.0011000,0.9333,52313,0.020514,0.1149,11276,0.010209,0.3207,18536,0.018472,0.07234,18536
7:45105146:A:G,DBP,-0.0092590,0.01709,425740,-0.011020,0.003615,425743,-0.023717,0.001691,318398,0.0024387,0.4200,472174,-0.025500,0.2897,52313,-0.0082660,0.7213,11277,0.049137,0.1365,18536,0.089118,0.006922,18536
17:46653999:G:A,DBP/HYPERTENSION,0.010580,0.02297,425740,0.021510,0.000002119,425743,0.062940,4.696e-11,318398,0.0084164,0.01800,472174,-0.023700,0.4805,52313,0.0077160,0.7564,11276,-0.0035049,0.8615,18536,0.0074710,0.7099,18536
7:75094545:A:C,DBP,,,,,,,,,,0.00073662,0.7200,472174,0.023200,0.08662,52313,,,,,,,,,
8:126521465:A:G,DBP,0.012230,0.00007133,425740,0.0066910,0.02587,425743,0.030872,4.135e-7,318398,0.0014384,0.5400,472174,0.0046000,0.7964,52313,0.014543,0.2834,11277,-0.0092755,0.3560,18536,-0.0012491,0.9011,18536
10:134517013:A:C,DBP,0.020980,6.934e-7,425740,0.024410,3.180e-9,425743,0.029017,0.0003549,318398,-0.0049142,0.1300,472174,,,,,,,,,,,,
14:23414104:C:T,DBP,-0.010150,0.00007290,425740,-0.014300,9.888e-9,425743,-0.015873,0.004058,318398,-0.0026540,0.1900,472174,,,,,,,,,,,,
18:42606091:C:T,DBP,0.018700,8.817e-11,425740,0.0053410,0.05746,425743,0.014099,0.03530,318398,-0.0024018,0.2700,472174,0.010300,0.4642,52313,-0.00046600,0.9746,11277,-0.016325,0.1017,18536,-0.024713,0.01323,18536
1:236316575:A:C,DBP,-0.018920,3.874e-8,425740,-0.015590,0.000003402,425743,-0.018822,0.007658,318398,0.0019216,0.4700,472174,-0.012300,0.4608,52313,0.034488,0.02768,11277,-0.013594,0.3221,18536,-0.015878,0.2475,18536
1:167367193:C:T,DBP,0.00073320,0.8053,425740,0.011680,0.00005680,425743,0.0015011,0.8538,318398,-0.0048033,0.01700,472174,0.0040000,0.7697,52313,-0.0039190,0.7773,11277,0.0072473,0.5287,18536,0.014610,0.2041,18536
1:40043752:C:G,DBP,0.0078560,0.01558,425740,0.014860,0.000002745,425743,0.044579,7.859e-12,318398,-0.0095400,0.0003100,472174,0.030200,0.07073,52313,-0.043337,0.1187,11277,-0.018349,0.3764,18536,0.0048749,0.8142,18536
7:149162156:G:A,DBP,-0.0057700,0.02739,425740,-0.0062010,0.01507,425743,-0.015873,0.001815,318398,-0.00020227,0.9200,472174,-0.034600,0.01085,52313,0.016590,0.2387,11277,-0.0039151,0.7415,18536,0.017225,0.1467,18536
8:38077755:A:G,DBP,0.012490,0.00002164,425740,0.010760,0.0001757,425743,0.022143,0.00003947,318398,0.0017132,0.4600,472174,0.041800,0.01502,52313,0.014475,0.4681,11277,0.023611,0.1045,18536,0.036012,0.01328,18536
20:51770946:C:T,DBP,0.015470,5.202e-7,425740,0.015190,4.339e-7,425743,0.014809,0.009704,318398,-0.0047659,0.04400,472174,0.0064000,0.6997,52313,0.0093650,0.5171,11277,0.013682,0.2439,18536,0.016311,0.1648,18536
3:23163749:T:C,DBP,-0.0022910,0.4205,425740,-0.0093660,0.0007337,425743,-0.010940,0.1386,318398,0.0028793,0.1900,472174,-0.0073000,0.6062,52313,-0.00073600,0.9599,11277,-0.0099073,0.3968,18536,-0.0039891,0.7330,18536
1:115812379:A:G,DBP,0.010890,0.00002932,425740,0.0059560,0.01908,425743,0.012174,0.02494,318398,0.0031937,0.1200,472174,0.012500,0.3783,52313,0.035208,0.006685,11277,-0.0018187,0.8578,18536,-0.010610,0.2958,18536
12:89629524:G:C,DBP,0.013140,0.0003527,425740,0.014770,0.00003852,425743,0.012275,0.04467,318398,-0.0030632,0.3000,472174,0.011900,0.5270,52313,-0.049260,0.2494,11277,-0.034014,0.5759,18536,-0.057390,0.3453,18536
5:141727970:G:A,DBP,-0.011210,0.0003019,425740,-0.011470,0.0001513,425743,-0.012916,0.02625,318398,0.0038357,0.1100,472174,-0.016700,0.2951,52313,0.030009,0.07637,11277,-0.012712,0.3468,18536,0.0052745,0.6963,18536
14:69259502:T:C,DBP,0.0064080,0.03557,425740,0.0038070,0.2005,425743,0.021632,0.0004163,318398,-0.0019654,0.4200,472174,0.041800,0.01560,52313,0.0014360,0.9274,11277,-0.019065,0.1418,18536,-0.0048831,0.7067,18536
5:55868097:C:T,DBP,0.014130,0.000002008,425740,0.0025770,0.3742,425743,0.041343,4.567e-12,318398,-0.0029931,0.1900,472174,-0.012700,0.4191,52313,-0.0053680,0.7441,11277,0.033633,0.01154,18536,0.027733,0.03727,18536
2:177008921:T:G,DBP,-0.012380,0.000004825,425740,-0.011760,0.000008470,425743,0.00070025,0.9233,318398,-0.00013658,0.9500,472174,-0.0051000,0.7094,52313,-0.0079740,0.5413,11277,-0.024493,0.01540,18536,-0.019536,0.05330,18536
6:26595097:G:C,DBP,0.022680,9.691e-8,425740,0.024540,3.298e-9,425743,0.016943,0.1348,318398,0.010847,0.001600,472174,0.016900,0.3939,52313,0.024962,0.3401,11277,-0.010970,0.5923,18536,-0.011445,0.5764,18536
2:237756550:T:G,DBP,-0.0038900,0.1511,425740,-0.013990,1.200e-7,425743,-0.0069756,0.3001,318398,-0.0020741,0.3300,472174,,,,,,,,,,,,
20:4418094:C:T,DBP,-0.0034040,0.2227,425740,-0.0068380,0.01205,425743,-0.019803,0.0003753,318398,-0.00087933,0.7000,472174,-0.027600,0.07177,52313,-0.023708,0.1094,11277,-0.010632,0.3177,18536,-0.025297,0.01742,18536
6:36644498:T:C,DBP,-0.0025700,0.3096,425740,0.026990,7.374e-28,425743,-0.0039920,0.5952,318398,-0.0027670,0.1700,472174,-0.018200,0.1803,52313,0.0096800,0.4467,11277,0.0094500,0.3352,18536,0.0088482,0.3668,18536
10:45301423:A:T,DBP,0.00060810,0.8217,425740,0.013930,1.225e-7,425743,0.017248,0.007093,318398,-0.0024911,0.2400,472174,-0.0040000,0.7789,52313,-0.0065270,0.6222,11277,0.022290,0.03800,18536,0.031584,0.003283,18536
2:111913737:C:CAT,DBP,0.0068940,0.007413,425740,0.014230,1.447e-8,425743,0.018979,0.0001387,318398,0.0059415,0.003400,472174,0.016200,0.2333,52313,,,,,,,,,
8:81395746:T:G,DBP,-0.016640,2.859e-8,425740,-0.0049350,0.09148,425743,-0.037296,4.132e-11,318398,-0.0088620,0.0001400,472174,-0.053200,0.001791,52313,-0.0075120,0.5841,11277,0.00038371,0.9731,18536,0.0036928,0.7452,18536
6:1614367:T:G,DBP,-0.0084640,0.0007427,425740,-0.0065200,0.007722,425743,-0.022739,0.000007957,318398,-0.0018969,0.3400,472174,-0.023100,0.09630,52313,-0.0041310,0.7606,11277,,,,,,
X:89712929:T:C,DBP,,,,,,,,,,0.000091590,0.9900,472174,,,,0.025069,0.3016,11260,0.029720,0.4514,18536,0.044839,0.2559,18536
15:68467760:G:C,DBP,-0.0053280,0.03794,425740,-0.014370,9.486e-9,425743,-0.012916,0.06534,318398,-0.0016144,0.4300,472174,0.00090000,0.9483,52313,0.0012660,0.9236,11277,-0.019011,0.1462,18536,-0.019798,0.1302,18536
6:16752864:C:G,DBP,-0.010210,0.004826,425740,-0.019130,6.150e-8,425743,-0.017840,0.06896,318398,-0.00052836,0.8400,472174,0.00020000,0.9913,52313,0.019033,0.2137,11277,,,,,,
15:62739174:T:C,DBP,-0.0080110,0.01215,425740,0.019760,2.279e-10,425743,-0.010940,0.2181,318398,0.0032001,0.1800,472174,,,,,,,,,,,,
2:19501029:G:C,DBP,-0.0024770,0.4450,425740,0.0097450,0.002063,425743,0.013288,0.1225,318398,0.00034892,0.8900,472174,0.00060000,0.9710,52313,0.0054400,0.6890,11277,0.0080052,0.4409,18536,0.0072884,0.4829,18536
11:76178672:G:T,DBP,0.011840,0.00007886,425740,0.0064500,0.02740,425743,0.0098483,0.2149,318398,0.00030825,0.8900,472174,-0.0064000,0.6817,52313,0.0081160,0.6166,11277,0.0064048,0.6605,18536,0.012146,0.4049,18536
11:95274265:A:AAT,DBP,,,,,,,,,,-0.0017901,0.5000,472174,,,,,,,,,,,,
15:96771788:A:G,DBP,0.012620,0.00005756,425740,0.011960,0.00009237,425743,0.013795,0.09840,318398,-0.0023463,0.3400,472174,0.010900,0.5475,52313,-0.0043590,0.7426,11248,-0.0089006,0.3712,18536,-0.0036269,0.7156,18536
20:17882452:A:G,DBP,0.0049590,0.05999,425740,0.0045240,0.07856,425743,0.013187,0.003005,318398,-0.00044426,0.8300,472174,0.023500,0.08226,52313,0.00027800,0.9836,11277,-0.0044912,0.6623,18536,0.0097557,0.3428,18536
12:42424698:T:C,DBP,-0.00069560,0.8449,425740,0.023200,2.238e-11,425743,0.013187,0.1623,318398,-0.0014630,0.6000,472174,-0.025500,0.1650,52313,-0.0067190,0.6619,11277,0.00058789,0.9774,18536,0.024413,0.2396,18536
1:94769368:C:T,DBP,-0.020760,3.778e-12,425740,-0.010140,0.0005030,425743,-0.041142,2.783e-12,318398,-0.00091047,0.6800,472174,-0.019400,0.2053,52313,-0.016467,0.3126,11277,0.0051695,0.7093,18536,-0.0065341,0.6375,18536
8:99353060:AC:A,DBP,0.0042390,0.1373,425740,0.019440,2.838e-12,425743,0.011263,0.04907,318398,,,,0.0032000,0.8359,52313,-0.017073,0.2738,11277,,,,,,
13:111040798:A:C,DBP,-0.00094990,0.7389,425740,-0.0067740,0.01482,425743,-0.0059821,0.4320,318398,0.00026256,0.9100,472174,-0.020100,0.1862,52313,0.028578,0.06891,11277,-0.0080372,0.5331,18536,-0.013465,0.2963,18536
20:62547097:A:G,DBP,0.0096870,0.0007939,425740,0.0090310,0.001343,425743,0.024293,0.000003900,318398,-0.016247,1.700e-13,472174,0.010800,0.4324,52313,-0.011357,0.4097,11277,-0.016647,0.1039,18536,-0.014442,0.1584,18536
5:91977934:A:C,DBP,0.0014660,0.6040,425740,-0.00029290,0.9154,425743,0.012579,0.09466,318398,-0.0020579,0.3500,472174,0.0067000,0.6446,52313,-0.024852,0.08961,11277,-0.0086237,0.5433,18536,-0.011869,0.4028,18536
16:12061910:C:G,DBP,0.0073630,0.005632,425740,0.010390,0.00006206,425743,0.017757,0.0003719,318398,0.0057132,0.006600,472174,0.0075000,0.5916,52313,0.0026210,0.8390,11276,-0.0020100,0.8555,18536,-0.013392,0.2252,18536
6:117791155:G:A,DBP,-0.012460,0.00002484,425740,-0.010740,0.0001942,425743,-0.022739,0.0001302,318398,-0.0034735,0.1300,472174,-0.016600,0.2667,52313,-0.010155,0.4406,11277,-0.010422,0.3086,18536,-0.0052403,0.6087,18536