a,b,dist,r,r2,ld_status
1:1680219:G:A,1:6279370:G:C,4599151,-0.03406967967748642,0.0011607430642470717,computed (both variants usable)
1:1680219:G:A,1:6645867:G:A,4965648,0.010023418813943863,0.00010046892566606402,computed (both variants usable)
1:1680219:G:A,1:8448404:A:G,6768185,0.019876599311828613,0.0003950792015530169,computed (both variants usable)
1:1680219:G:A,1:8476441:C:G,6796222,-0.03553296998143196,0.0012625919189304113,computed (both variants usable)
1:1680219:G:A,1:8489302:C:T,6809083,-0.012159471400082111,0.0001478527410654351,computed (both variants usable)
1:1680219:G:A,1:9439983:T:G,7759764,0.02764667011797428,0.0007643383578397334,computed (both variants usable)
1:1680219:G:A,1:10732274:G:C,9052055,0.01969587244093418,0.0003879274008795619,computed (both variants usable)
1:1680219:G:A,1:10796866:T:C,9116647,-0.03823576122522354,0.001461973413825035,computed (both variants usable)
1:1680219:G:A,1:10800746:C:T,9120527,-0.042795728892087936,0.001831474364735186,computed (both variants usable)
1:1680219:G:A,1:10802849:C:T,9122630,0.015074550174176693,0.0002272420679219067,computed (both variants usable)
1:6279370:G:C,1:6645867:G:A,366497,0.027233410626649857,0.0007416586740873754,computed (both variants usable)
1:6279370:G:C,1:8448404:A:G,2169034,0.01832459680736065,0.00033579085720703006,computed (both variants usable)
1:6279370:G:C,1:8476441:C:G,2197071,-0.018787354230880737,0.00035296467831358314,computed (both variants usable)
1:6279370:G:C,1:8489302:C:T,2209932,0.008928617462515831,7.97202083049342e-05,computed (both variants usable)
1:6279370:G:C,1:9439983:T:G,3160613,-0.006645105313509703,4.41574229625985e-05,computed (both variants usable)
1:6279370:G:C,1:10732274:G:C,4452904,-0.01829027757048607,0.00033453424111939967,computed (both variants usable)
1:6279370:G:C,1:10796866:T:C,4517496,-0.025988880544900894,0.0006754219066351652,computed (both variants usable)
1:6279370:G:C,1:10800746:C:T,4521376,-0.036751408129930496,0.0013506660470739007,computed (both variants usable)
1:6279370:G:C,1:10802849:C:T,4523479,-0.02508370578289032,0.000629192276392132,computed (both variants usable)
1:6279370:G:C,1:11864586:T:C,5585216,0.02138918824493885,0.0004574973718263209,computed (both variants usable)
1:6279370:G:C,1:11865804:A:G,5586434,0.022616302594542503,0.0005114971427246928,computed (both variants usable)
1:6279370:G:C,1:11892615:G:C,5613245,0.013126753270626068,0.00017231165838893503,computed (both variants usable)
1:6279370:G:C,1:11903241:T:C,5623871,-0.0399058498442173,0.0015924768522381783,computed (both variants usable)
1:6645867:G:A,1:8448404:A:G,1802537,0.022303812205791473,0.0004974600160494447,computed (both variants usable)
1:6645867:G:A,1:8476441:C:G,1830574,-0.035019923001527786,0.0012263950193300843,computed (both variants usable)
1:6645867:G:A,1:8489302:C:T,1843435,0.043904129415750504,0.0019275725353509188,computed (both variants usable)
1:6645867:G:A,1:9439983:T:G,2794116,-0.0017188364872708917,2.954398951260373e-06,computed (both variants usable)
1:6645867:G:A,1:10732274:G:C,4086407,0.039643239229917526,0.0015715864719823003,computed (both variants usable)
1:6645867:G:A,1:10796866:T:C,4150999,-0.024965785443782806,0.0006232904270291328,computed (both variants usable)
1:6645867:G:A,1:10800746:C:T,4154879,0.008413858711719513,7.079301576595753e-05,computed (both variants usable)
1:6645867:G:A,1:10802849:C:T,4156982,-0.05061792954802513,0.002562174806371331,computed (both variants usable)
1:6645867:G:A,1:11864586:T:C,5218719,0.015862107276916504,0.00025160645600408316,computed (both variants usable)
1:6645867:G:A,1:11865804:A:G,5219937,0.01592850126326084,0.00025371715310029685,computed (both variants usable)
1:6645867:G:A,1:11892615:G:C,5246748,0.01384756900370121,0.00019175517081748694,computed (both variants usable)
1:6645867:G:A,1:11903241:T:C,5257374,0.02161705493927002,0.00046729706809856,computed (both variants usable)
1:8448404:A:G,1:8476441:C:G,28037,-0.9323734045028687,0.8693201541900635,computed (both variants usable)
1:8448404:A:G,1:8489302:C:T,40898,-0.6281598806381226,0.3945848345756531,computed (both variants usable)
1:8448404:A:G,1:9439983:T:G,991579,0.008046718314290047,6.474967813119292e-05,computed (both variants usable)
1:8448404:A:G,1:10732274:G:C,2283870,0.04018751159310341,0.0016150360461324453,computed (both variants usable)
1:8448404:A:G,1:10796866:T:C,2348462,-0.006173301488161087,3.8109650631668046e-05,computed (both variants usable)
1:8448404:A:G,1:10800746:C:T,2352342,0.031913287937641144,0.0010184579296037555,computed (both variants usable)
1:8448404:A:G,1:10802849:C:T,2354445,-0.0250160600990057,0.0006258032517507672,computed (both variants usable)
1:8448404:A:G,1:11864586:T:C,3416182,0.039995159953832626,0.0015996127622202039,computed (both variants usable)
1:8448404:A:G,1:11865804:A:G,3417400,0.03918082267045975,0.001535136834718287,computed (both variants usable)
1:8448404:A:G,1:11892615:G:C,3444211,0.04178263992071152,0.0017457889625802636,computed (both variants usable)
1:8448404:A:G,1:11903241:T:C,3454837,-0.02304491214454174,0.0005310679553076625,computed (both variants usable)
1:8476441:C:G,1:8489302:C:T,12861,0.5899256467819214,0.3480122685432434,computed (both variants usable)
1:8476441:C:G,1:9439983:T:G,963542,-0.034960269927978516,0.0012222204823046923,computed (both variants usable)
1:8476441:C:G,1:10732274:G:C,2255833,-0.04057606682181358,0.0016464171931147575,computed (both variants usable)
1:8476441:C:G,1:10796866:T:C,2320425,0.01645725406706333,0.0002708412066567689,computed (both variants usable)
1:8476441:C:G,1:10800746:C:T,2324305,-0.004793482832610607,2.2977477783570066e-05,computed (both variants usable)
1:8476441:C:G,1:10802849:C:T,2326408,0.028426434844732285,0.0008080622064881027,computed (both variants usable)
1:8476441:C:G,1:11864586:T:C,3388145,-0.026795869693160057,0.0007180186221376061,computed (both variants usable)
1:8476441:C:G,1:11865804:A:G,3389363,-0.025655413046479225,0.0006582002388313413,computed (both variants usable)
1:8476441:C:G,1:11892615:G:C,3416174,-0.02852042019367218,0.0008134143427014351,computed (both variants usable)
1:8476441:C:G,1:11903241:T:C,3426800,0.009475535713136196,8.978577534435317e-05,computed (both variants usable)
1:8489302:C:T,1:9439983:T:G,950681,0.0019090495770797133,3.6444703255256172e-06,computed (both variants usable)
1:8489302:C:T,1:10732274:G:C,2242972,-0.008871050551533699,7.869553519412875e-05,computed (both variants usable)
1:8489302:C:T,1:10796866:T:C,2307564,0.024373136460781097,0.0005940498085692525,computed (both variants usable)
1:8489302:C:T,1:10800746:C:T,2311444,-0.03134523332118988,0.00098252366296947,computed (both variants usable)
1:8489302:C:T,1:10802849:C:T,2313547,0.06285408139228821,0.003950635436922312,computed (both variants usable)
1:8489302:C:T,1:11864586:T:C,3375284,-0.007365537341684103,5.4251140682026744e-05,computed (both variants usable)
1:8489302:C:T,1:11865804:A:G,3376502,-0.010601148940622807,0.00011238436127314344,computed (both variants usable)
1:8489302:C:T,1:11892615:G:C,3403313,-0.004638256970793009,2.1513427782338113e-05,computed (both variants usable)
1:8489302:C:T,1:11903241:T:C,3413939,0.05092056095600128,0.0025929035618901253,computed (both variants usable)
1:9439983:T:G,1:10732274:G:C,1292291,-0.05121331289410591,0.0026228034403175116,computed (both variants usable)
1:9439983:T:G,1:10796866:T:C,1356883,0.0007449861150234938,5.550043056246068e-07,computed (both variants usable)
1:9439983:T:G,1:10800746:C:T,1360763,-0.0063815973699092865,4.0724786231294274e-05,computed (both variants usable)
1:9439983:T:G,1:10802849:C:T,1362866,-0.028660431504249573,0.0008214203407987952,computed (both variants usable)
1:9439983:T:G,1:11864586:T:C,2424603,-0.025494486093521118,0.0006499688024632633,computed (both variants usable)
1:9439983:T:G,1:11865804:A:G,2425821,-0.018495872616767883,0.00034209730802103877,computed (both variants usable)
1:9439983:T:G,1:11892615:G:C,2452632,-0.023147404193878174,0.0005358023336157203,computed (both variants usable)
1:9439983:T:G,1:11903241:T:C,2463258,-0.0002888162271119654,8.34148110584465e-08,computed (both variants usable)
1:10732274:G:C,1:10796866:T:C,64592,-0.0421200729906559,0.001774100586771965,computed (both variants usable)
1:10732274:G:C,1:10800746:C:T,68472,0.182607501745224,0.03334549814462662,computed (both variants usable)
1:10732274:G:C,1:10802849:C:T,70575,-0.11773110926151276,0.013860614039003849,computed (both variants usable)
1:10732274:G:C,1:11864586:T:C,1132312,-0.007365519646555185,5.425087874755263e-05,computed (both variants usable)
1:10732274:G:C,1:11865804:A:G,1133530,-0.010601138696074486,0.00011238414299441501,computed (both variants usable)
1:10732274:G:C,1:11892615:G:C,1160341,-0.010356425307691097,0.00010725554602686316,computed (both variants usable)
1:10732274:G:C,1:11903241:T:C,1170967,-0.024703901261091232,0.0006102827610448003,computed (both variants usable)
1:10796866:T:C,1:10800746:C:T,3880,0.525843620300293,0.2765115201473236,computed (both variants usable)
1:10796866:T:C,1:10802849:C:T,5983,0.639082133769989,0.4084259867668152,computed (both variants usable)
1:10796866:T:C,1:11864586:T:C,1067720,-0.07361921668052673,0.005419788882136345,computed (both variants usable)
1:10796866:T:C,1:11865804:A:G,1068938,-0.06746811419725418,0.004551946651190519,computed (both variants usable)
1:10796866:T:C,1:11892615:G:C,1095749,-0.0636097863316536,0.004046204965561628,computed (both variants usable)
1:10796866:T:C,1:11903241:T:C,1106375,-0.023601097986102104,0.0005570118082687259,computed (both variants usable)
1:10800746:C:T,1:10802849:C:T,2103,0.07303901016712189,0.00533469719812274,computed (both variants usable)
1:10800746:C:T,1:11864586:T:C,1063840,-0.0237092487514019,0.0005621284944936633,computed (both variants usable)
1:10800746:C:T,1:11865804:A:G,1065058,-0.02716345526278019,0.0007378532900474966,computed (both variants usable)
1:10800746:C:T,1:11892615:G:C,1091869,-0.024867014959454536,0.000618368445429951,computed (both variants usable)
1:10800746:C:T,1:11903241:T:C,1102495,-0.05986698716878891,0.0035840561613440514,computed (both variants usable)
1:10802849:C:T,1:11864586:T:C,1061737,-0.05299428477883339,0.002808394143357873,computed (both variants usable)
1:10802849:C:T,1:11865804:A:G,1062955,-0.0390859954059124,0.0015277150087058544,computed (both variants usable)
1:10802849:C:T,1:11892615:G:C,1089766,-0.04201434925198555,0.0017652055248618126,computed (both variants usable)
1:10802849:C:T,1:11903241:T:C,1100392,-0.023062190040946007,0.0005318645853549242,computed (both variants usable)
1:11864586:T:C,1:11865804:A:G,1218,0.9878119826316833,0.975772500038147,computed (both variants usable)
1:11864586:T:C,1:11892615:G:C,28029,0.9876691102981567,0.9754902720451355,computed (both variants usable)
1:11864586:T:C,1:11903241:T:C,38655,0.050868209451436996,0.002587574766948819,computed (both variants usable)
1:11865804:A:G,1:11892615:G:C,26811,0.9837315082550049,0.9677276611328125,computed (both variants usable)
1:11865804:A:G,1:11903241:T:C,37437,0.04576130583882332,0.002094097202643752,computed (both variants usable)
1:11892615:G:C,1:11903241:T:C,10626,0.055932968854904175,0.003128496930003166,computed (both variants usable)
1:36168074:C:A,1:38446986:G:A,2278912,0.048899728804826736,0.002391183516010642,computed (both variants usable)
1:36168074:C:A,1:42371414:T:C,6203340,-0.009069806896150112,8.226139470934868e-05,computed (both variants usable)
1:36168074:C:A,1:42375473:G:T,6207399,0.02744258940219879,0.0007530957227572799,computed (both variants usable)
1:36168074:C:A,1:42378683:A:G,6210609,0.013148377649486065,0.0001728798379190266,computed (both variants usable)
1:36168074:C:A,1:43764165:C:G,7596091,0.0399683453142643,0.0015974686248227954,computed (both variants usable)
1:36168074:C:A,1:43856410:A:C,7688336,-0.03337685763835907,0.001114014652557671,computed (both variants usable)
1:36168074:C:A,1:43901011:A:C,7732937,-0.014166045002639294,0.00020067683362867683,computed (both variants usable)
1:38446986:G:A,1:42371414:T:C,3924428,-0.03919755667448044,0.001536448486149311,computed (both variants usable)
1:38446986:G:A,1:42375473:G:T,3928487,-0.033681437373161316,0.0011344392551109195,computed (both variants usable)
1:38446986:G:A,1:42378683:A:G,3931697,-0.005759484134614468,3.3171658287756145e-05,computed (both variants usable)
1:38446986:G:A,1:43764165:C:G,5317179,0.05565131455659866,0.003097068751230836,computed (both variants usable)
1:38446986:G:A,1:43856410:A:C,5409424,-0.03594847396016121,0.0012922927271574736,computed (both variants usable)
1:38446986:G:A,1:43901011:A:C,5454025,-0.04941531643271446,0.0024418735411018133,computed (both variants usable)
1:38446986:G:A,1:48002447:G:A,9555461,0.03589256480336189,0.0012882761657238007,computed (both variants usable)
1:38446986:G:A,1:48109225:T:C,9662239,0.0023777747992426157,5.65381287742639e-06,computed (both variants usable)
1:42371414:T:C,1:42375473:G:T,4059,0.7643906474113464,0.5842930674552917,computed (both variants usable)
1:42371414:T:C,1:42378683:A:G,7269,0.5097969174385071,0.25989291071891785,computed (both variants usable)
1:42371414:T:C,1:43764165:C:G,1392751,-0.04318222776055336,0.0018647047691047192,computed (both variants usable)
1:42371414:T:C,1:43856410:A:C,1484996,0.059386152774095535,0.0035267150960862637,computed (both variants usable)
1:42371414:T:C,1:43901011:A:C,1529597,0.047483623027801514,0.002254694467410445,computed (both variants usable)
1:42371414:T:C,1:48002447:G:A,5631033,-0.008311687968671322,6.908415525685996e-05,computed (both variants usable)
1:42371414:T:C,1:48109225:T:C,5737811,-0.022232066839933395,0.0004942648229189217,computed (both variants usable)
1:42375473:G:T,1:42378683:A:G,3210,0.7987003326416016,0.6379222273826599,computed (both variants usable)
1:42375473:G:T,1:43764165:C:G,1388692,0.014468534849584103,0.0002093384973704815,computed (both variants usable)
1:42375473:G:T,1:43856410:A:C,1480937,0.013401486910879612,0.0001795998541638255,computed (both variants usable)
1:42375473:G:T,1:43901011:A:C,1525538,0.013783235102891922,0.00018997756706085056,computed (both variants usable)
1:42375473:G:T,1:48002447:G:A,5626974,-0.010793162509799004,0.00011649235966615379,computed (both variants usable)
1:42375473:G:T,1:48109225:T:C,5733752,-0.011106491088867188,0.00012335414066910744,computed (both variants usable)
1:42378683:A:G,1:43764165:C:G,1385482,0.008663514629006386,7.505648682126775e-05,computed (both variants usable)
1:42378683:A:G,1:43856410:A:C,1477727,0.006441600155085325,4.149421147303656e-05,computed (both variants usable)
1:42378683:A:G,1:43901011:A:C,1522328,-0.0038237080443650484,1.4620743058912922e-05,computed (both variants usable)
1:42378683:A:G,1:48002447:G:A,5623764,0.030035607516765594,0.0009021377190947533,computed (both variants usable)
1:42378683:A:G,1:48109225:T:C,5730542,0.012531979009509087,0.0001570504973642528,computed (both variants usable)
1:43764165:C:G,1:43856410:A:C,92245,-0.892162024974823,0.795953094959259,computed (both variants usable)
1:43764165:C:G,1:43901011:A:C,136846,-0.7882676720619202,0.6213659048080444,computed (both variants usable)
1:43764165:C:G,1:48002447:G:A,4238282,-0.04266946390271187,0.0018206831300631166,computed (both variants usable)
1:43764165:C:G,1:48109225:T:C,4345060,-0.020959768444299698,0.00043931190157309175,computed (both variants usable)
1:43856410:A:C,1:43901011:A:C,44601,0.8827782273292542,0.779297411441803,computed (both variants usable)
1:43856410:A:C,1:48002447:G:A,4146037,0.029683535918593407,0.000881112297065556,computed (both variants usable)
1:43856410:A:C,1:48109225:T:C,4252815,-0.00983493309468031,9.672591113485396e-05,computed (both variants usable)
1:43901011:A:C,1:48002447:G:A,4101436,0.030489226803183556,0.0009295929339714348,computed (both variants usable)
1:43901011:A:C,1:48109225:T:C,4208214,0.0017579402774572372,3.090354084633873e-06,computed (both variants usable)
1:48002447:G:A,1:48109225:T:C,106778,0.028470024466514587,0.0008105423185043037,computed (both variants usable)
1:48002447:G:A,1:56614762:C:T,8612315,0.023922035470604897,0.000572263787034899,computed (both variants usable)
1:48002447:G:A,1:56627805:A:C,8625358,0.011994099244475365,0.00014385841495823115,computed (both variants usable)
1:48002447:G:A,1:56980222:A:C,8977775,0.014560467563569546,0.00021200721675995737,computed (both variants usable)
1:48109225:T:C,1:56614762:C:T,8505537,-0.04459129273891449,0.00198838347569108,computed (both variants usable)
1:48109225:T:C,1:56627805:A:C,8518580,-0.052019815891981125,0.002706061350181699,computed (both variants usable)
1:48109225:T:C,1:56980222:A:C,8870997,0.007761145010590553,6.0235372075112537e-05,computed (both variants usable)
1:56614762:C:T,1:56627805:A:C,13043,0.8773905038833618,0.7698140740394592,computed (both variants usable)
1:56614762:C:T,1:56980222:A:C,365460,-0.020951366052031517,0.00043895974522456527,computed (both variants usable)
1:56614762:C:T,1:59673900:A:G,3059138,-0.051573220640420914,0.002659797202795744,computed (both variants usable)
1:56614762:C:T,1:61877445:C:A,5262683,0.024684254080057144,0.0006093123811297119,computed (both variants usable)
1:56627805:A:C,1:56980222:A:C,352417,-0.0029951841570436954,8.971128409029916e-06,computed (both variants usable)
1:56627805:A:C,1:59673900:A:G,3046095,-0.0583510585129261,0.0034048459492623806,computed (both variants usable)
1:56627805:A:C,1:61877445:C:A,5249640,0.02390713058412075,0.0005715509178116918,computed (both variants usable)
1:56980222:A:C,1:59673900:A:G,2693678,0.04681727662682533,0.002191857434809208,computed (both variants usable)
1:56980222:A:C,1:61877445:C:A,4897223,-0.00046362256398424506,2.1494588509085588e-07,computed (both variants usable)
1:59673900:A:G,1:61877445:C:A,2203545,-0.015254372730851173,0.00023269589291885495,computed (both variants usable)
1:59673900:A:G,1:67008495:G:A,7334595,0.005402055568993092,2.9182205253164284e-05,computed (both variants usable)
1:61877445:C:A,1:67008495:G:A,5131050,-0.02484799735248089,0.0006174229783937335,computed (both variants usable)
1:81683934:T:C,1:89295765:C:A,7611831,-0.02157565765082836,0.0004655090160667896,computed (both variants usable)
1:81683934:T:C,1:89332099:T:C,7648165,0.024655235931277275,0.0006078806472942233,computed (both variants usable)
1:81683934:T:C,1:89362631:G:A,7678697,-0.014046202413737774,0.0001972957979887724,computed (both variants usable)
1:89295765:C:A,1:89332099:T:C,36334,-0.9602853655815125,0.9221479892730713,computed (both variants usable)
1:89295765:C:A,1:89362631:G:A,66866,0.8182581663131714,0.6695464253425598,computed (both variants usable)
1:89295765:C:A,1:94619077:C:G,5323312,-0.002259661443531513,5.1060696932836436e-06,computed (both variants usable)
1:89295765:C:A,1:94680185:A:G,5384420,0.002259658183902502,5.106055141368415e-06,computed (both variants usable)
1:89295765:C:A,1:94769368:C:T,5473603,-0.0118486899882555,0.0001403914502589032,computed (both variants usable)
1:89332099:T:C,1:89362631:G:A,30532,-0.8575186729431152,0.7353382706642151,computed (both variants usable)
1:89332099:T:C,1:94619077:C:G,5286978,0.009786543436348438,9.577643504599109e-05,computed (both variants usable)
1:89332099:T:C,1:94680185:A:G,5348086,-0.009786540642380714,9.577637683833018e-05,computed (both variants usable)
1:89332099:T:C,1:94769368:C:T,5437269,0.006306387018412352,3.977051892434247e-05,computed (both variants usable)
1:89362631:G:A,1:94619077:C:G,5256446,-0.024515485391020775,0.0006010090000927448,computed (both variants usable)
1:89362631:G:A,1:94680185:A:G,5317554,0.02451547607779503,0.0006010085926391184,computed (both variants usable)
1:89362631:G:A,1:94769368:C:T,5406737,0.01808962970972061,0.0003272347094025463,computed (both variants usable)
1:94619077:C:G,1:94680185:A:G,61108,-1.000001072883606,1.000002145767212,computed (both variants usable)
1:94619077:C:G,1:94769368:C:T,150291,-0.8127971291542053,0.6606391668319702,computed (both variants usable)
1:94680185:A:G,1:94769368:C:T,89183,0.8127971291542053,0.6606391668319702,computed (both variants usable)
1:113044328:G:T,1:113046879:C:A,2551,0.9930342435836792,0.9861170053482056,computed (both variants usable)
1:113044328:G:T,1:113230758:A:G,186430,0.0945318192243576,0.008936264552175999,computed (both variants usable)
1:113044328:G:T,1:113244433:T:C,200105,0.0945318192243576,0.008936264552175999,computed (both variants usable)
1:113044328:G:T,1:115976048:A:G,2931720,-0.04021712765097618,0.0016174173215404153,computed (both variants usable)
1:113044328:G:T,1:116294049:G:T,3249721,0.023727430030703545,0.0005629909574054182,computed (both variants usable)
1:113044328:G:T,1:117019988:G:C,3975660,-0.014629327692091465,0.000214017229154706,computed (both variants usable)
1:113044328:G:T,1:117021122:G:A,3976794,-0.003597233910113573,1.2940091437485535e-05,computed (both variants usable)
1:113046879:C:A,1:113230758:A:G,183879,0.09559085220098495,0.009137610904872417,computed (both variants usable)
1:113046879:C:A,1:113244433:T:C,197554,0.09559085220098495,0.009137610904872417,computed (both variants usable)
1:113046879:C:A,1:115976048:A:G,2929169,-0.0389714390039444,0.0015187730314210057,computed (both variants usable)
1:113046879:C:A,1:116294049:G:T,3247170,0.026818566024303436,0.0007192355114966631,computed (both variants usable)
1:113046879:C:A,1:117019988:G:C,3973109,-0.007455672137439251,5.55870465177577e-05,computed (both variants usable)
1:113046879:C:A,1:117021122:G:A,3974243,0.0038623481523245573,1.491773309680866e-05,computed (both variants usable)
1:113230758:A:G,1:113244433:T:C,13675,0.9999987483024597,0.9999974966049194,computed (both variants usable)
1:113230758:A:G,1:115976048:A:G,2745290,-0.021229637786746025,0.00045069752377457917,computed (both variants usable)
1:113230758:A:G,1:116294049:G:T,3063291,0.022689061239361763,0.0005147935007698834,computed (both variants usable)
1:113230758:A:G,1:117019988:G:C,3789230,0.009997749701142311,9.995499567594379e-05,computed (both variants usable)
1:113230758:A:G,1:117021122:G:A,3790364,-0.00021623664360959083,4.675828435551921e-08,computed (both variants usable)
1:113244433:T:C,1:115976048:A:G,2731615,-0.021229637786746025,0.00045069752377457917,computed (both variants usable)
1:113244433:T:C,1:116294049:G:T,3049616,0.022689061239361763,0.0005147935007698834,computed (both variants usable)
1:113244433:T:C,1:117019988:G:C,3775555,0.009997749701142311,9.995499567594379e-05,computed (both variants usable)
1:113244433:T:C,1:117021122:G:A,3776689,-0.00021623664360959083,4.675828435551921e-08,computed (both variants usable)
1:115976048:A:G,1:116294049:G:T,318001,-0.03732243925333023,0.001392964506521821,computed (both variants usable)
1:115976048:A:G,1:117019988:G:C,1043940,-0.029797134920954704,0.000887869275175035,computed (both variants usable)
1:115976048:A:G,1:117021122:G:A,1045074,-0.04144508019089699,0.001717694685794413,computed (both variants usable)
1:116294049:G:T,1:117019988:G:C,725939,0.03124140202999115,0.0009760251850821078,computed (both variants usable)
1:116294049:G:T,1:117021122:G:A,727073,0.042747437953948975,0.0018273434834554791,computed (both variants usable)
1:117019988:G:C,1:117021122:G:A,1134,0.9528159499168396,0.9078582525253296,computed (both variants usable)
1:151084090:T:C,1:155089883:T:C,4005793,-0.025393404066562653,0.0006448249914683402,computed (both variants usable)
1:151084090:T:C,1:156079628:C:T,4995538,0.028295151889324188,0.0008006156422197819,computed (both variants usable)
1:155089883:T:C,1:156079628:C:T,989745,0.22954212129116058,0.05268958583474159,computed (both variants usable)
1:168692515:G:C,1:169098363:C:T,405848,-0.03912599757313728,0.0015308436704799533,computed (both variants usable)
1:197153767:T:C,1:201746768:G:A,4593001,0.08115468174219131,0.006586082279682159,computed (both variants usable)
1:197153767:T:C,1:204156016:C:A,7002249,-0.018264561891555786,0.0003335942164994776,computed (both variants usable)
1:201746768:G:A,1:204156016:C:A,2409248,0.01981859840452671,0.0003927768557332456,computed (both variants usable)
1:201746768:G:A,1:208018074:T:C,6271306,0.028584102168679237,0.0008170509245246649,computed (both variants usable)
1:201746768:G:A,1:210381030:G:C,8634262,0.024981586262583733,0.0006240796647034585,computed (both variants usable)
1:204156016:C:A,1:208018074:T:C,3862058,-0.0464196503162384,0.002154784044250846,computed (both variants usable)
1:204156016:C:A,1:210381030:G:C,6225014,-0.022023998200893402,0.000485056487377733,computed (both variants usable)
1:208018074:T:C,1:210381030:G:C,2362956,0.006189273204654455,3.830710193142295e-05,computed (both variants usable)
1:208018074:T:C,1:217736417:A:G,9718343,-0.02555905096232891,0.0006532651023007929,computed (both variants usable)
1:208018074:T:C,1:217737629:C:T,9719555,-0.02555905096232891,0.0006532651023007929,computed (both variants usable)
1:210381030:G:C,1:217736417:A:G,7355387,0.01751750148832798,0.00030686287209391594,computed (both variants usable)
1:210381030:G:C,1:217737629:C:T,7356599,0.01751750148832798,0.00030686287209391594,computed (both variants usable)
1:210381030:G:C,1:218546170:A:C,8165140,0.04266688600182533,0.0018204631051048636,computed (both variants usable)
1:217736417:A:G,1:217737629:C:T,1212,0.9999995827674866,0.9999991655349731,computed (both variants usable)
1:217736417:A:G,1:218546170:A:C,809753,-0.005444425158202648,2.964176565001253e-05,computed (both variants usable)
1:217737629:C:T,1:218546170:A:C,808541,-0.005444425158202648,2.964176565001253e-05,computed (both variants usable)
1:230844992:C:T,1:230851536:C:T,6544,0.8922390937805176,0.7960906028747559,computed (both variants usable)
1:230844992:C:T,1:232570430:C:A,1725438,-0.012866110540926456,0.00016553679597564042,computed (both variants usable)
1:230844992:C:T,1:236316575:A:C,5471583,0.006927640177309513,4.799219823325984e-05,computed (both variants usable)
1:230851536:C:T,1:232570430:C:A,1718894,-0.009727389551699162,9.462210437050089e-05,computed (both variants usable)
1:230851536:C:T,1:236316575:A:C,5465039,-0.0005313666188158095,2.8235047011548886e-07,computed (both variants usable)
1:232570430:C:A,1:236316575:A:C,3746145,0.05192289873957634,0.002695987466722727,computed (both variants usable)
10:10839968:A:G,10:18275883:A:G,7435915,0.014670871198177338,0.00021523446775972843,computed (both variants usable)
10:10839968:A:G,10:18443726:T:C,7603758,-0.022077754139900208,0.0004874272271990776,computed (both variants usable)
10:10839968:A:G,10:18445088:G:A,7605120,-0.019109169021248817,0.0003651603474281728,computed (both variants usable)
10:10839968:A:G,10:18451836:A:G,7611868,-0.007292406167834997,5.317918839864433e-05,computed (both variants usable)
10:10839968:A:G,10:18708798:A:T,7868830,0.035107702016830444,0.0012325507123023272,computed (both variants usable)
10:10839968:A:G,10:18727959:C:G,7887991,0.02613717131316662,0.000683151709381491,computed (both variants usable)
10:10839968:A:G,10:19934374:G:A,9094406,-0.06679906696081161,0.004462115466594696,computed (both variants usable)
10:18275883:A:G,10:18443726:T:C,167843,0.02572253718972206,0.0006616489263251424,computed (both variants usable)
10:18275883:A:G,10:18445088:G:A,169205,0.02288070134818554,0.0005235265125520527,computed (both variants usable)
10:18275883:A:G,10:18451836:A:G,175953,0.004679334349930286,2.1896170437685214e-05,computed (both variants usable)
10:18275883:A:G,10:18708798:A:T,432915,-0.023438293486833572,0.0005493536009453237,computed (both variants usable)
10:18275883:A:G,10:18727959:C:G,452076,-0.026471570134162903,0.0007007440435700119,computed (both variants usable)
10:18275883:A:G,10:19934374:G:A,1658491,0.02469853311777115,0.0006100175669416785,computed (both variants usable)
10:18275883:A:G,10:25046556:A:T,6770673,-0.025278333574533463,0.0006389941554516554,computed (both variants usable)
10:18443726:T:C,10:18445088:G:A,1362,0.9940400123596191,0.9881155490875244,computed (both variants usable)
10:18443726:T:C,10:18451836:A:G,8110,0.947268009185791,0.8973166942596436,computed (both variants usable)
10:18443726:T:C,10:18708798:A:T,265072,-0.07492825388908386,0.005614243447780609,computed (both variants usable)
10:18443726:T:C,10:18727959:C:G,284233,-0.03264884650707245,0.001065947231836617,computed (both variants usable)
10:18443726:T:C,10:19934374:G:A,1490648,-0.07927911728620529,0.006285178475081921,computed (both variants usable)
10:18443726:T:C,10:25046556:A:T,6602830,0.019484179094433784,0.00037963324575684965,computed (both variants usable)
10:18445088:G:A,10:18451836:A:G,6748,0.9529713988304138,0.9081544876098633,computed (both variants usable)
10:18445088:G:A,10:18708798:A:T,263710,-0.07083377987146378,0.005017424467951059,computed (both variants usable)
10:18445088:G:A,10:18727959:C:G,282871,-0.028875764459371567,0.0008338097832165658,computed (both variants usable)
10:18445088:G:A,10:19934374:G:A,1489286,-0.07267715036869049,0.005281968042254448,computed (both variants usable)
10:18445088:G:A,10:25046556:A:T,6601468,0.020356755703687668,0.00041439750930294394,computed (both variants usable)
10:18451836:A:G,10:18708798:A:T,256962,-0.057875413447618484,0.0033495635725557804,computed (both variants usable)
10:18451836:A:G,10:18727959:C:G,276123,-0.018815141171216965,0.00035400953493081033,computed (both variants usable)
10:18451836:A:G,10:19934374:G:A,1482538,-0.09645706415176392,0.009303965605795383,computed (both variants usable)
10:18451836:A:G,10:25046556:A:T,6594720,0.015948986634612083,0.00025437018484808505,computed (both variants usable)
10:18708798:A:T,10:18727959:C:G,19161,0.7447373270988464,0.5546336770057678,computed (both variants usable)
10:18708798:A:T,10:19934374:G:A,1225576,-0.02030797116458416,0.0004124137049075216,computed (both variants usable)
10:18708798:A:T,10:25046556:A:T,6337758,0.055993061512708664,0.003135222941637039,computed (both variants usable)
10:18727959:C:G,10:19934374:G:A,1206415,-0.030451960861682892,0.000927321903873235,computed (both variants usable)
10:18727959:C:G,10:25046556:A:T,6318597,0.02008666656911373,0.0004034741723444313,computed (both variants usable)
10:19934374:G:A,10:25046556:A:T,5112182,0.0018823432037606835,3.5432158256298862e-06,computed (both variants usable)
10:25046556:A:T,10:30333623:A:T,5287067,-0.05411340668797493,0.002928260713815689,computed (both variants usable)
10:25046556:A:T,10:32245936:T:A,7199380,0.06204192340373993,0.0038492002058774233,computed (both variants usable)
10:30333623:A:T,10:32245936:T:A,1912313,-0.011094686575233936,0.00012309207522775978,computed (both variants usable)
10:60311724:T:G,10:60364363:G:A,52639,0.8673001527786255,0.7522095441818237,computed (both variants usable)
10:75410052:G:A,10:75422314:C:T,12262,-0.5085150003433228,0.258587509393692,computed (both variants usable)
10:75410052:G:A,10:76059068:A:G,649016,0.06906220316886902,0.004769587889313698,computed (both variants usable)
10:75410052:G:A,10:78237181:T:C,2827129,-0.0004407639498822391,1.942728573567365e-07,computed (both variants usable)
10:75410052:G:A,10:82194689:A:G,6784637,-0.07979141175746918,0.006366669200360775,computed (both variants usable)
10:75422314:C:T,10:76059068:A:G,636754,-0.07828027755022049,0.006127801723778248,computed (both variants usable)
10:75422314:C:T,10:78237181:T:C,2814867,0.0014219289878383279,2.021881982727791e-06,computed (both variants usable)
10:75422314:C:T,10:82194689:A:G,6772375,0.015525893308222294,0.00024105336342472583,computed (both variants usable)
10:76059068:A:G,10:78237181:T:C,2178113,0.015847302973270416,0.00025113701121881604,computed (both variants usable)
10:76059068:A:G,10:82194689:A:G,6135621,-0.03925703838467598,0.0015411151107400656,computed (both variants usable)
10:78237181:T:C,10:82194689:A:G,3957508,0.029116706922650337,0.0008477826486341655,computed (both variants usable)
10:82194689:A:G,10:89807339:C:T,7612650,0.013198288157582283,0.00017419480718672276,computed (both variants usable)
10:89807339:C:T,10:95893514:A:G,6086175,-0.0006698291399516165,4.4867107362733805e-07,computed (both variants usable)
10:89807339:C:T,10:95899933:C:T,6092594,0.0019121968653053045,3.656496801340836e-06,computed (both variants usable)
10:89807339:C:T,10:96038686:G:A,6231347,-0.015046315267682076,0.00022639161034021527,computed (both variants usable)
10:89807339:C:T,10:96039597:G:C,6232258,-0.01628916710615158,0.0002653369738254696,computed (both variants usable)
10:89807339:C:T,10:96145246:T:C,6337907,0.00881240889430046,7.76585511630401e-05,computed (both variants usable)
10:89807339:C:T,10:96231169:G:A,6423830,-0.007878068834543228,6.206396938068792e-05,computed (both variants usable)
10:89807339:C:T,10:96327669:T:G,6520330,0.029470888897776604,0.0008685332722961903,computed (both variants usable)
10:95893514:A:G,10:95899933:C:T,6419,-0.998009979724884,0.9960238933563232,computed (both variants usable)
10:95893514:A:G,10:96038686:G:A,145172,-0.0769784227013588,0.005925677716732025,computed (both variants usable)
10:95893514:A:G,10:96039597:G:C,146083,-0.07485441118478775,0.005603183060884476,computed (both variants usable)
10:95893514:A:G,10:96145246:T:C,251732,0.0016574228648096323,2.7470505301607773e-06,computed (both variants usable)
10:95893514:A:G,10:96231169:G:A,337655,0.07365372031927109,0.005424870643764734,computed (both variants usable)
10:95893514:A:G,10:96327669:T:G,434155,0.0034723503049463034,1.2057216736138798e-05,computed (both variants usable)
10:95893514:A:G,10:99861312:C:G,3967798,-0.02114787884056568,0.00044723277096636593,computed (both variants usable)
10:95893514:A:G,10:104652323:C:T,8758809,-0.0383358933031559,0.0014696407597512007,computed (both variants usable)
10:95893514:A:G,10:104769709:T:C,8876195,-0.0383358933031559,0.0014696407597512007,computed (both variants usable)
10:95893514:A:G,10:104901491:T:C,9007977,-0.03207148611545563,0.0010285802418366075,computed (both variants usable)
10:95893514:A:G,10:105639421:G:A,9745907,0.07752643525600433,0.006010347977280617,computed (both variants usable)
10:95899933:C:T,10:96038686:G:A,138753,0.07878967374563217,0.006207812577486038,computed (both variants usable)
10:95899933:C:T,10:96039597:G:C,139664,0.0766701027750969,0.005878304596990347,computed (both variants usable)
10:95899933:C:T,10:96145246:T:C,245313,0.00011951899068662897,1.4284789351393101e-08,computed (both variants usable)
10:95899933:C:T,10:96231169:G:A,331236,-0.07294447720050812,0.005320896860212088,computed (both variants usable)
10:95899933:C:T,10:96327669:T:G,427736,-0.002293569501489401,5.260460966383107e-06,computed (both variants usable)
10:95899933:C:T,10:99861312:C:G,3961379,0.01815558411180973,0.0003296252398286015,computed (both variants usable)
10:95899933:C:T,10:104652323:C:T,8752390,0.03895562142133713,0.0015175404259935021,computed (both variants usable)
10:95899933:C:T,10:104769709:T:C,8869776,0.03895562142133713,0.0015175404259935021,computed (both variants usable)
10:95899933:C:T,10:104901491:T:C,9001558,0.032684411853551865,0.0010682707652449608,computed (both variants usable)
10:95899933:C:T,10:105639421:G:A,9739488,-0.07837425172328949,0.006142523139715195,computed (both variants usable)
10:96038686:G:A,10:96039597:G:C,911,0.9979994893074036,0.9960029721260071,computed (both variants usable)
10:96038686:G:A,10:96145246:T:C,106560,0.08819703757762909,0.007778717204928398,computed (both variants usable)
10:96038686:G:A,10:96231169:G:A,192483,0.09852754324674606,0.00970767717808485,computed (both variants usable)
10:96038686:G:A,10:96327669:T:G,288983,0.00990445725619793,9.809827315621078e-05,computed (both variants usable)
10:96038686:G:A,10:99861312:C:G,3822626,-0.007260223850607872,5.271084955893457e-05,computed (both variants usable)
10:96038686:G:A,10:104652323:C:T,8613637,-0.03478775918483734,0.0012101881438866258,computed (both variants usable)
10:96038686:G:A,10:104769709:T:C,8731023,-0.03478775918483734,0.0012101881438866258,computed (both variants usable)
10:96038686:G:A,10:104901491:T:C,8862805,-0.03577440232038498,0.0012798078823834658,computed (both variants usable)
10:96038686:G:A,10:105639421:G:A,9600735,-0.07987723499536514,0.006380372680723667,computed (both variants usable)
10:96039597:G:C,10:96145246:T:C,105649,0.08640037477016449,0.007465024944394827,computed (both variants usable)
10:96039597:G:C,10:96231169:G:A,191572,0.09780721366405487,0.009566251188516617,computed (both variants usable)
10:96039597:G:C,10:96327669:T:G,288072,0.008721403777599335,7.606288272654638e-05,computed (both variants usable)
10:96039597:G:C,10:99861312:C:G,3821715,-0.0042616273276507854,1.816146686905995e-05,computed (both variants usable)
10:96039597:G:C,10:104652323:C:T,8612726,-0.035407133400440216,0.0012536650756374002,computed (both variants usable)
10:96039597:G:C,10:104769709:T:C,8730112,-0.035407133400440216,0.0012536650756374002,computed (both variants usable)
10:96039597:G:C,10:104901491:T:C,8861894,-0.03638613596558571,0.0013239509426057339,computed (both variants usable)
10:96039597:G:C,10:105639421:G:A,9599824,-0.07900502532720566,0.0062417942099273205,computed (both variants usable)
10:96145246:T:C,10:96231169:G:A,85923,0.39461812376976013,0.1557234674692154,computed (both variants usable)
10:96145246:T:C,10:96327669:T:G,182423,0.6541060209274292,0.4278546869754791,computed (both variants usable)
10:96145246:T:C,10:99861312:C:G,3716066,0.039072100073099136,0.001526628970168531,computed (both variants usable)
10:96145246:T:C,10:104652323:C:T,8507077,0.0006969113019295037,4.856853479395795e-07,computed (both variants usable)
10:96145246:T:C,10:104769709:T:C,8624463,0.0006969113019295037,4.856853479395795e-07,computed (both variants usable)
10:96145246:T:C,10:104901491:T:C,8756245,-0.007180932443588972,5.1565792091423646e-05,computed (both variants usable)
10:96145246:T:C,10:105639421:G:A,9494175,-0.024235446006059647,0.0005873568588867784,computed (both variants usable)
10:96231169:G:A,10:96327669:T:G,96500,0.3127012550830841,0.09778207540512085,computed (both variants usable)
10:96231169:G:A,10:99861312:C:G,3630143,0.00622829794883728,3.879169526044279e-05,computed (both variants usable)
10:96231169:G:A,10:104652323:C:T,8421154,-0.010342341847717762,0.0001069640347850509,computed (both variants usable)
10:96231169:G:A,10:104769709:T:C,8538540,-0.010342341847717762,0.0001069640347850509,computed (both variants usable)
10:96231169:G:A,10:104901491:T:C,8670322,-0.019199710339307785,0.00036862888373434544,computed (both variants usable)
10:96231169:G:A,10:105639421:G:A,9408252,-0.07585550844669342,0.005754058249294758,computed (both variants usable)
10:96327669:T:G,10:99861312:C:G,3533643,-0.015573547221720219,0.0002425353741273284,computed (both variants usable)
10:96327669:T:G,10:104652323:C:T,8324654,0.021056687459349632,0.00044338408042676747,computed (both variants usable)
10:96327669:T:G,10:104769709:T:C,8442040,0.021056687459349632,0.00044338408042676747,computed (both variants usable)
10:96327669:T:G,10:104901491:T:C,8573822,0.017409713938832283,0.00030309814610518515,computed (both variants usable)
10:96327669:T:G,10:105639421:G:A,9311752,-0.03916370868682861,0.0015337960794568062,computed (both variants usable)
10:99861312:C:G,10:104652323:C:T,4791011,-0.01996256224811077,0.0003985038783866912,computed (both variants usable)
10:99861312:C:G,10:104769709:T:C,4908397,-0.01996256224811077,0.0003985038783866912,computed (both variants usable)
10:99861312:C:G,10:104901491:T:C,5040179,-0.015481035225093365,0.00023966244771145284,computed (both variants usable)
10:99861312:C:G,10:105639421:G:A,5778109,-0.04023394733667374,0.0016187705332413316,computed (both variants usable)
10:104652323:C:T,10:104769709:T:C,117386,0.9999963641166687,0.9999927282333374,computed (both variants usable)
10:104652323:C:T,10:104901491:T:C,249168,0.9877490401268005,0.9756481647491455,computed (both variants usable)
10:104652323:C:T,10:105639421:G:A,987098,0.05801943317055702,0.003366254735738039,computed (both variants usable)
10:104769709:T:C,10:104901491:T:C,131782,0.9877490401268005,0.9756481647491455,computed (both variants usable)
10:104769709:T:C,10:105639421:G:A,869712,0.05801943317055702,0.003366254735738039,computed (both variants usable)
10:104769709:T:C,10:114765747:C:A,9996038,-0.01497428584843874,0.00022422923939302564,computed (both variants usable)
10:104901491:T:C,10:105639421:G:A,737930,0.05558524280786514,0.003089719219133258,computed (both variants usable)
10:104901491:T:C,10:114765747:C:A,9864256,-0.01002097874879837,0.00010042001667898148,computed (both variants usable)
10:104901491:T:C,10:114831434:A:T,9929943,-0.05695178359746933,0.003243505721911788,computed (both variants usable)
10:105639421:G:A,10:114765747:C:A,9126326,0.012412128038704395,0.00015406092279590666,computed (both variants usable)
10:105639421:G:A,10:114831434:A:T,9192013,0.013671544380486012,0.00018691112927626818,computed (both variants usable)
10:114765747:C:A,10:114831434:A:T,65687,0.10980146378278732,0.012056361883878708,computed (both variants usable)
10:114765747:C:A,10:115697178:A:G,931431,-0.04706578701734543,0.002215188229456544,computed (both variants usable)
10:114765747:C:A,10:115698028:C:T,932281,-0.02558191306889057,0.0006544342613779008,computed (both variants usable)
10:114765747:C:A,10:115792787:G:A,1027040,0.0033897729590535164,1.1490560609672684e-05,computed (both variants usable)
10:114765747:C:A,10:115805056:G:C,1039309,0.015048027969896793,0.0002264431386720389,computed (both variants usable)
10:114765747:C:A,10:118523933:A:G,3758186,0.03599047660827637,0.0012953144032508135,computed (both variants usable)
10:114765747:C:A,10:124232420:G:A,9466673,0.01566120609641075,0.00024527337518520653,computed (both variants usable)
10:114765747:C:A,10:124235059:G:A,9469312,0.01566120609641075,0.00024527337518520653,computed (both variants usable)
10:114831434:A:T,10:115697178:A:G,865744,0.03184257075190544,0.0010139492806047201,computed (both variants usable)
10:114831434:A:T,10:115698028:C:T,866594,0.0451783612370491,0.002041084226220846,computed (both variants usable)
10:114831434:A:T,10:115792787:G:A,961353,0.05816230550408363,0.0033828536979854107,computed (both variants usable)
10:114831434:A:T,10:115805056:G:C,973622,0.05405885726213455,0.002922360086813569,computed (both variants usable)
10:114831434:A:T,10:118523933:A:G,3692499,-0.0016020782059058547,2.5666545298008714e-06,computed (both variants usable)
10:114831434:A:T,10:124232420:G:A,9400986,0.016507189720869064,0.0002724873193074018,computed (both variants usable)
10:114831434:A:T,10:124235059:G:A,9403625,0.016507189720869064,0.0002724873193074018,computed (both variants usable)
10:115697178:A:G,10:115698028:C:T,850,0.6353595852851868,0.40368181467056274,computed (both variants usable)
10:115697178:A:G,10:115792787:G:A,95609,0.025374533608555794,0.0006438669515773654,computed (both variants usable)
10:115697178:A:G,10:115805056:G:C,107878,0.026652537286281586,0.000710357737261802,computed (both variants usable)
10:115697178:A:G,10:118523933:A:G,2826755,0.04967981204390526,0.0024680837523192167,computed (both variants usable)
10:115697178:A:G,10:124232420:G:A,8535242,0.0008353185839951038,6.977571160859952e-07,computed (both variants usable)
10:115697178:A:G,10:124235059:G:A,8537881,0.0008353185839951038,6.977571160859952e-07,computed (both variants usable)
10:115698028:C:T,10:115792787:G:A,94759,0.024787040427327156,0.0006143973441794515,computed (both variants usable)
10:115698028:C:T,10:115805056:G:C,107028,0.03315674141049385,0.0010993694886565208,computed (both variants usable)
10:115698028:C:T,10:118523933:A:G,2825905,0.030336230993270874,0.0009202869259752333,computed (both variants usable)
10:115698028:C:T,10:124232420:G:A,8534392,0.014212427660822868,0.0002019930980168283,computed (both variants usable)
10:115698028:C:T,10:124235059:G:A,8537031,0.014212427660822868,0.0002019930980168283,computed (both variants usable)
10:115792787:G:A,10:115805056:G:C,12269,0.9841002821922302,0.9684533476829529,computed (both variants usable)
10:115792787:G:A,10:118523933:A:G,2731146,-0.007921268232166767,6.27464905846864e-05,computed (both variants usable)
10:115792787:G:A,10:124232420:G:A,8439633,0.016203895211219788,0.00026256623095832765,computed (both variants usable)
10:115792787:G:A,10:124235059:G:A,8442272,0.016203895211219788,0.00026256623095832765,computed (both variants usable)
10:115805056:G:C,10:118523933:A:G,2718877,-0.01302629429847002,0.00016968433919828385,computed (both variants usable)
10:115805056:G:C,10:124232420:G:A,8427364,0.010553847067058086,0.00011138369154650718,computed (both variants usable)
10:115805056:G:C,10:124235059:G:A,8430003,0.010553847067058086,0.00011138369154650718,computed (both variants usable)
10:118523933:A:G,10:124232420:G:A,5708487,0.01729723811149597,0.00029919444932602346,computed (both variants usable)
10:118523933:A:G,10:124235059:G:A,5711126,0.01729723811149597,0.00029919444932602346,computed (both variants usable)
10:118523933:A:G,10:126432900:T:C,7908967,0.03331677243113518,0.0011100072879344225,computed (both variants usable)
10:124232420:G:A,10:124235059:G:A,2639,0.9999980926513672,0.9999961853027344,computed (both variants usable)
10:124232420:G:A,10:126432900:T:C,2200480,-0.0019127697451040149,3.6586880014510825e-06,computed (both variants usable)
10:124235059:G:A,10:126432900:T:C,2197841,-0.0019127697451040149,3.6586880014510825e-06,computed (both variants usable)
10:126432900:T:C,10:134413500:G:T,7980600,-0.01323491521179676,0.00017516297521069646,computed (both variants usable)
10:126432900:T:C,10:134413583:T:A,7980683,-0.01323491521179676,0.00017516297521069646,computed (both variants usable)
10:134413500:G:T,10:134413583:T:A,83,0.9999985098838806,0.9999970197677612,computed (both variants usable)
11:871030:G:A,11:1874221:C:T,1003191,0.04505890607833862,0.0020303050987422466,computed (both variants usable)
11:871030:G:A,11:1887068:T:G,1016038,-0.02125801332294941,0.0004519031208474189,computed (both variants usable)
11:871030:G:A,11:1887806:T:A,1016776,0.02400491200387478,0.0005762358196079731,computed (both variants usable)
11:871030:G:A,11:1888614:C:T,1017584,-0.018540140241384506,0.00034373681410215795,computed (both variants usable)
11:871030:G:A,11:1948186:T:C,1077156,0.010460316203534603,0.00010941821528831497,computed (both variants usable)
11:871030:G:A,11:9957324:A:C,9086294,-0.006367661524564028,4.054711462231353e-05,computed (both variants usable)
11:871030:G:A,11:9973062:T:G,9102032,-0.025981001555919647,0.000675012415740639,computed (both variants usable)
11:871030:G:A,11:10157776:A:G,9286746,0.009646588005125523,9.305666026193649e-05,computed (both variants usable)
11:871030:G:A,11:10273128:C:T,9402098,-0.007222720421850681,5.216769204707816e-05,computed (both variants usable)
11:871030:G:A,11:10296756:A:G,9425726,-0.012868722900748253,0.00016560402582399547,computed (both variants usable)
11:871030:G:A,11:10660067:T:G,9789037,-0.04695095494389534,0.0022043921053409576,computed (both variants usable)
11:871030:G:A,11:10675738:A:G,9804708,0.044504474848508835,0.0019806483760476112,computed (both variants usable)
11:1874221:C:T,11:1887068:T:G,12847,0.039621200412511826,0.0015698395436629653,computed (both variants usable)
11:1874221:C:T,11:1887806:T:A,13585,0.34178438782691956,0.11681656539440155,computed (both variants usable)
11:1874221:C:T,11:1888614:C:T,14393,0.07458515465259552,0.005562945269048214,computed (both variants usable)
11:1874221:C:T,11:1948186:T:C,73965,-0.1114320382475853,0.012417099438607693,computed (both variants usable)
11:1874221:C:T,11:9957324:A:C,8083103,-0.049666233360767365,0.002466734731569886,computed (both variants usable)
11:1874221:C:T,11:9973062:T:G,8098841,-0.019987748935818672,0.0003995101142209023,computed (both variants usable)
11:1874221:C:T,11:10157776:A:G,8283555,0.020313244313001633,0.0004126278799958527,computed (both variants usable)
11:1874221:C:T,11:10273128:C:T,8398907,0.028307488188147545,0.0008013139013200998,computed (both variants usable)
11:1874221:C:T,11:10296756:A:G,8422535,0.02423856034874916,0.000587507791351527,computed (both variants usable)
11:1874221:C:T,11:10660067:T:G,8785846,-0.013633563183248043,0.00018587404338177294,computed (both variants usable)
11:1874221:C:T,11:10675738:A:G,8801517,0.016798362135887146,0.00028218497755005956,computed (both variants usable)
11:1887068:T:G,11:1887806:T:A,738,0.636274516582489,0.404845267534256,computed (both variants usable)
11:1887068:T:G,11:1888614:C:T,1546,0.951564371585846,0.9054747819900513,computed (both variants usable)
11:1887068:T:G,11:1948186:T:C,61118,-0.40145379304885864,0.16116514801979065,computed (both variants usable)
11:1887068:T:G,11:9957324:A:C,8070256,-0.03791409730911255,0.0014374788152053952,computed (both variants usable)
11:1887068:T:G,11:9973062:T:G,8085994,0.023628076538443565,0.0005582859739661217,computed (both variants usable)
11:1887068:T:G,11:10157776:A:G,8270708,-0.009387963451445103,8.813385647954419e-05,computed (both variants usable)
11:1887068:T:G,11:10273128:C:T,8386060,-0.006489098072052002,4.2108393245143816e-05,computed (both variants usable)
11:1887068:T:G,11:10296756:A:G,8409688,-0.00039287854451686144,1.543535574910493e-07,computed (both variants usable)
11:1887068:T:G,11:10660067:T:G,8772999,0.018982160836458206,0.00036032241769135,computed (both variants usable)
11:1887068:T:G,11:10675738:A:G,8788670,-0.007165596354752779,5.1345770771149546e-05,computed (both variants usable)
11:1887806:T:A,11:1888614:C:T,808,0.6094406843185425,0.37141793966293335,computed (both variants usable)
11:1887806:T:A,11:1948186:T:C,60380,-0.07042612880468369,0.004959839396178722,computed (both variants usable)
11:1887806:T:A,11:9957324:A:C,8069518,-0.061868660151958466,0.0038277311250567436,computed (both variants usable)
11:1887806:T:A,11:9973062:T:G,8085256,0.01632949337363243,0.00026665235054679215,computed (both variants usable)
11:1887806:T:A,11:10157776:A:G,8269970,0.010437393561005592,0.00010893918079091236,computed (both variants usable)
11:1887806:T:A,11:10273128:C:T,8385322,0.017286591231822968,0.00029882622766308486,computed (both variants usable)
11:1887806:T:A,11:10296756:A:G,8408950,0.021899022161960602,0.000479567184811458,computed (both variants usable)
11:1887806:T:A,11:10660067:T:G,8772261,-0.013881122693419456,0.0001926855620695278,computed (both variants usable)
11:1887806:T:A,11:10675738:A:G,8787932,0.01216424722224474,0.00014796890900470316,computed (both variants usable)
11:1888614:C:T,11:1948186:T:C,59572,-0.442414253950119,0.19573037326335907,computed (both variants usable)
11:1888614:C:T,11:9957324:A:C,8068710,-0.04366939514875412,0.0019070160342380404,computed (both variants usable)
11:1888614:C:T,11:9973062:T:G,8084448,0.017982972785830498,0.0003233872994314879,computed (both variants usable)
11:1888614:C:T,11:10157776:A:G,8269162,-0.003865156788378954,1.493943727837177e-05,computed (both variants usable)
11:1888614:C:T,11:10273128:C:T,8384514,-0.0008290483383461833,6.873211191305018e-07,computed (both variants usable)
11:1888614:C:T,11:10296756:A:G,8408142,0.004999298602342606,2.499298716429621e-05,computed (both variants usable)
11:1888614:C:T,11:10660067:T:G,8771453,0.022260913625359535,0.0004955483018420637,computed (both variants usable)
11:1888614:C:T,11:10675738:A:G,8787124,-0.013197142630815506,0.0001741645683068782,computed (both variants usable)
11:1948186:T:C,11:9957324:A:C,8009138,0.0016595112392678857,2.7539774691831553e-06,computed (both variants usable)
11:1948186:T:C,11:9973062:T:G,8024876,-0.03415809944272041,0.0011667757062241435,computed (both variants usable)
11:1948186:T:C,11:10157776:A:G,8209590,0.04174032807350159,0.0017422549426555634,computed (both variants usable)
11:1948186:T:C,11:10273128:C:T,8324942,0.024654343724250793,0.0006078366423025727,computed (both variants usable)
11:1948186:T:C,11:10296756:A:G,8348570,0.030112244188785553,0.0009067472419701517,computed (both variants usable)
11:1948186:T:C,11:10660067:T:G,8711881,-0.03918727487325668,0.0015356425428763032,computed (both variants usable)
11:1948186:T:C,11:10675738:A:G,8727552,0.02335125394165516,0.000545281043741852,computed (both variants usable)
11:9957324:A:C,11:9973062:T:G,15738,0.5537427663803101,0.30663105845451355,computed (both variants usable)
11:9957324:A:C,11:10157776:A:G,200452,0.040564361959695816,0.0016454674769192934,computed (both variants usable)
11:9957324:A:C,11:10273128:C:T,315804,0.04224914684891701,0.001784990425221622,computed (both variants usable)
11:9957324:A:C,11:10296756:A:G,339432,0.0423019602894783,0.0017894558841362596,computed (both variants usable)
11:9957324:A:C,11:10660067:T:G,702743,-0.021934954449534416,0.0004811422259081155,computed (both variants usable)
11:9957324:A:C,11:10675738:A:G,718414,0.04570987448096275,0.002089392626658082,computed (both variants usable)
11:9957324:A:C,11:16295390:G:A,6338066,0.0525791272521019,0.0027645647060126066,computed (both variants usable)
11:9957324:A:C,11:16304089:A:C,6346765,-0.05305995047092438,0.002815358340740204,computed (both variants usable)
11:9957324:A:C,11:16352545:T:C,6395221,-0.03594786301255226,0.0012922488385811448,computed (both variants usable)
11:9957324:A:C,11:17389850:G:A,7432526,-0.018153389915823936,0.00032954555354081094,computed (both variants usable)
11:9957324:A:C,11:17405617:C:T,7448293,-0.01424613781273365,0.0002029524475801736,computed (both variants usable)
11:9973062:T:G,11:10157776:A:G,184714,0.09438680112361908,0.008908867835998535,computed (both variants usable)
11:9973062:T:G,11:10273128:C:T,300066,0.10183293372392654,0.010369946248829365,computed (both variants usable)
11:9973062:T:G,11:10296756:A:G,323694,0.09412441402673721,0.008859405294060707,computed (both variants usable)
11:9973062:T:G,11:10660067:T:G,687005,-0.005809089168906212,3.37455167027656e-05,computed (both variants usable)
11:9973062:T:G,11:10675738:A:G,702676,0.01142706349492073,0.00013057778414804488,computed (both variants usable)
11:9973062:T:G,11:16295390:G:A,6322328,0.019601969048380852,0.00038423718069680035,computed (both variants usable)
11:9973062:T:G,11:16304089:A:C,6331027,-0.01808207482099533,0.00032696142443455756,computed (both variants usable)
11:9973062:T:G,11:16352545:T:C,6379483,-0.007571314927190542,5.732481076847762e-05,computed (both variants usable)
11:9973062:T:G,11:17389850:G:A,7416788,0.012394989840686321,0.0001536357740405947,computed (both variants usable)
11:9973062:T:G,11:17405617:C:T,7432555,0.017633158713579178,0.0003109282988589257,computed (both variants usable)
11:10157776:A:G,11:10273128:C:T,115352,0.9734289646148682,0.9475639462471008,computed (both variants usable)
11:10157776:A:G,11:10296756:A:G,138980,0.9822096824645996,0.9647358655929565,computed (both variants usable)
11:10157776:A:G,11:10660067:T:G,502291,0.022502735257148743,0.0005063731223344803,computed (both variants usable)
11:10157776:A:G,11:10675738:A:G,517962,-0.03248792514204979,0.0010554653126746416,computed (both variants usable)
11:10157776:A:G,11:16295390:G:A,6137614,0.010274593718349934,0.00010556727647781372,computed (both variants usable)
11:10157776:A:G,11:16304089:A:C,6146313,-0.006379147991538048,4.069352871738374e-05,computed (both variants usable)
11:10157776:A:G,11:16352545:T:C,6194769,0.00025928529794327915,6.72288678060795e-08,computed (both variants usable)
11:10157776:A:G,11:17389850:G:A,7232074,0.031101342290639877,0.0009672935120761395,computed (both variants usable)
11:10157776:A:G,11:17405617:C:T,7247841,0.028699824586510658,0.0008236799039877951,computed (both variants usable)
11:10273128:C:T,11:10296756:A:G,23628,0.9911506175994873,0.9823795557022095,computed (both variants usable)
11:10273128:C:T,11:10660067:T:G,386939,0.026362955570220947,0.000695005408488214,computed (both variants usable)
11:10273128:C:T,11:10675738:A:G,402610,-0.0360773466527462,0.0013015749864280224,computed (both variants usable)
11:10273128:C:T,11:16295390:G:A,6022262,0.005320299416780472,2.830558514688164e-05,computed (both variants usable)
11:10273128:C:T,11:16304089:A:C,6030961,-0.0013839966850355268,1.915446773637086e-06,computed (both variants usable)
11:10273128:C:T,11:16352545:T:C,6079417,0.005103301722556353,2.6043688194477e-05,computed (both variants usable)
11:10273128:C:T,11:17389850:G:A,7116722,0.027813108637928963,0.0007735689869150519,computed (both variants usable)
11:10273128:C:T,11:17405617:C:T,7132489,0.025497743859887123,0.0006501349271275103,computed (both variants usable)
11:10296756:A:G,11:10660067:T:G,363311,0.020172754302620888,0.0004069400019943714,computed (both variants usable)
11:10296756:A:G,11:10675738:A:G,378982,-0.030552253127098083,0.0009334401693195105,computed (both variants usable)
11:10296756:A:G,11:16295390:G:A,5998634,0.0017682055477052927,3.126550836896058e-06,computed (both variants usable)
11:10296756:A:G,11:16304089:A:C,6007333,0.0021540909074246883,4.640107817976968e-06,computed (both variants usable)
11:10296756:A:G,11:16352545:T:C,6055789,0.008777028881013393,7.703623850829899e-05,computed (both variants usable)
11:10296756:A:G,11:17389850:G:A,7093094,0.027567019686102867,0.0007599405944347382,computed (both variants usable)
11:10296756:A:G,11:17405617:C:T,7108861,0.02506231889128685,0.0006281198002398014,computed (both variants usable)
11:10660067:T:G,11:10675738:A:G,15671,-0.8578976988792419,0.735988438129425,computed (both variants usable)
11:10660067:T:G,11:16295390:G:A,5635323,0.023982474580407143,0.0005751590942963958,computed (both variants usable)
11:10660067:T:G,11:16304089:A:C,5644022,-0.019411854445934296,0.0003768200986087322,computed (both variants usable)
11:10660067:T:G,11:16352545:T:C,5692478,-0.03297298774123192,0.0010872179409489036,computed (both variants usable)
11:10660067:T:G,11:17389850:G:A,6729783,0.011454285122454166,0.00013120064977556467,computed (both variants usable)
11:10660067:T:G,11:17405617:C:T,6745550,0.012935904785990715,0.0001673376391408965,computed (both variants usable)
11:10675738:A:G,11:16295390:G:A,5619652,-0.014740698039531708,0.00021728817955590785,computed (both variants usable)
11:10675738:A:G,11:16304089:A:C,5628351,0.009787001647055149,9.578539902577177e-05,computed (both variants usable)
11:10675738:A:G,11:16352545:T:C,5676807,0.013693773187696934,0.00018751942843664438,computed (both variants usable)
11:10675738:A:G,11:17389850:G:A,6714112,-0.024841759353876114,0.0006171130225993693,computed (both variants usable)
11:10675738:A:G,11:17405617:C:T,6729879,-0.023213621228933334,0.0005388722056522965,computed (both variants usable)
11:16295390:G:A,11:16304089:A:C,8699,-0.9904484748840332,0.9809882044792175,computed (both variants usable)
11:16295390:G:A,11:16352545:T:C,57155,-0.9687365889549255,0.9384505748748779,computed (both variants usable)
11:16295390:G:A,11:17389850:G:A,1094460,0.06828268617391586,0.004662525374442339,computed (both variants usable)
11:16295390:G:A,11:17405617:C:T,1110227,0.06611141562461853,0.0043707191944122314,computed (both variants usable)
11:16304089:A:C,11:16352545:T:C,48456,0.9719348549842834,0.9446573853492737,computed (both variants usable)
11:16304089:A:C,11:17389850:G:A,1085761,-0.0690908133983612,0.004773540422320366,computed (both variants usable)
11:16304089:A:C,11:17405617:C:T,1101528,-0.0670911893248558,0.004501227755099535,computed (both variants usable)
11:16352545:T:C,11:17389850:G:A,1037305,-0.06152965500950813,0.003785898443311453,computed (both variants usable)
11:16352545:T:C,11:17405617:C:T,1053072,-0.059056323021650314,0.0034876493737101555,computed (both variants usable)
11:17389850:G:A,11:17405617:C:T,15767,0.9745886921882629,0.9498231410980225,computed (both variants usable)
11:28483787:G:A,11:28512458:G:A,28671,0.9913891553878784,0.9828524589538574,computed (both variants usable)
11:28483787:G:A,11:28549266:G:A,65479,-0.744364857673645,0.5540790557861328,computed (both variants usable)
11:28483787:G:A,11:30516496:A:G,2032709,0.014326267875730991,0.00020524194405879825,computed (both variants usable)
11:28483787:G:A,11:30760335:T:C,2276548,-0.001579473027959466,2.4947350993898e-06,computed (both variants usable)
11:28512458:G:A,11:28549266:G:A,36808,-0.7411381006240845,0.5492857098579407,computed (both variants usable)
11:28512458:G:A,11:30516496:A:G,2004038,0.01710142008960247,0.00029245857149362564,computed (both variants usable)
11:28512458:G:A,11:30760335:T:C,2247877,-0.005806874018162489,3.371978527866304e-05,computed (both variants usable)
11:28549266:G:A,11:30516496:A:G,1967230,-0.011112595908343792,0.00012348979362286627,computed (both variants usable)
11:28549266:G:A,11:30760335:T:C,2211069,0.0197664313018322,0.00039071179344318807,computed (both variants usable)
11:30516496:A:G,11:30760335:T:C,243839,0.03694712743163109,0.0013650902546942234,computed (both variants usable)
11:44041968:A:G,11:45255926:C:T,1213958,-0.015345312654972076,0.0002354786265641451,computed (both variants usable)
11:44041968:A:G,11:47035573:A:G,2993605,-0.030608482658863068,0.0009368791943415999,computed (both variants usable)
11:44041968:A:G,11:47361838:A:G,3319870,0.006600741762667894,4.35697911598254e-05,computed (both variants usable)
11:44041968:A:G,11:47676170:A:G,3634202,0.018242567777633667,0.0003327912709210068,computed (both variants usable)
11:44041968:A:G,11:48633537:C:T,4591569,-0.0109992241486907,0.00012098293518647552,computed (both variants usable)
11:44041968:A:G,11:48810512:A:G,4768544,-0.029301734641194344,0.0008585916366428137,computed (both variants usable)
11:45255926:C:T,11:47035573:A:G,1779647,-0.0035341947805136442,1.2490532753872685e-05,computed (both variants usable)
11:45255926:C:T,11:47361838:A:G,2105912,0.008609958924353123,7.413139246637002e-05,computed (both variants usable)
11:45255926:C:T,11:47676170:A:G,2420244,0.03871724382042885,0.0014990249183028936,computed (both variants usable)
11:45255926:C:T,11:48633537:C:T,3377611,-0.019133534282445908,0.0003660921356640756,computed (both variants usable)
11:45255926:C:T,11:48810512:A:G,3554586,-0.05396968498826027,0.002912726951763034,computed (both variants usable)
11:45255926:C:T,11:55112643:T:C,9856717,-0.07785914838314056,0.006062047090381384,computed (both variants usable)
11:45255926:C:T,11:55123720:C:T,9867794,-0.08221809566020966,0.0067598153837025166,computed (both variants usable)
11:45255926:C:T,11:55213614:C:T,9957688,-0.08221809566020966,0.0067598153837025166,computed (both variants usable)
11:47035573:A:G,11:47361838:A:G,326265,-0.1832326054573059,0.0335741862654686,computed (both variants usable)
11:47035573:A:G,11:47676170:A:G,640597,0.128666490316391,0.016555065289139748,computed (both variants usable)
11:47035573:A:G,11:48633537:C:T,1597964,-0.14421312510967255,0.020797425881028175,computed (both variants usable)
11:47035573:A:G,11:48810512:A:G,1774939,-0.0460813082754612,0.0021234869491308928,computed (both variants usable)
11:47035573:A:G,11:55112643:T:C,8077070,-0.29327231645584106,0.08600865304470062,computed (both variants usable)
11:47035573:A:G,11:55123720:C:T,8088147,-0.2827628254890442,0.07995481789112091,computed (both variants usable)
11:47035573:A:G,11:55213614:C:T,8178041,-0.2827628254890442,0.07995481789112091,computed (both variants usable)
11:47361838:A:G,11:47676170:A:G,314332,-0.3958989977836609,0.15673601627349854,computed (both variants usable)
11:47361838:A:G,11:48633537:C:T,1271699,0.09345272183418274,0.008733411319553852,computed (both variants usable)
11:47361838:A:G,11:48810512:A:G,1448674,-0.0019436506554484367,3.777777919822256e-06,computed (both variants usable)
11:47361838:A:G,11:55112643:T:C,7750805,0.20394934713840485,0.04159533604979515,computed (both variants usable)
11:47361838:A:G,11:55123720:C:T,7761882,0.1959163099527359,0.03838320076465607,computed (both variants usable)
11:47361838:A:G,11:55213614:C:T,7851776,0.1959163099527359,0.03838320076465607,computed (both variants usable)
11:47676170:A:G,11:48633537:C:T,957367,-0.2099134773015976,0.044063668698072433,computed (both variants usable)
11:47676170:A:G,11:48810512:A:G,1134342,-0.05620444193482399,0.003158939303830266,computed (both variants usable)
11:47676170:A:G,11:55112643:T:C,7436473,-0.2893035411834717,0.08369653671979904,computed (both variants usable)
11:47676170:A:G,11:55123720:C:T,7447550,-0.28530535101890564,0.08139914274215698,computed (both variants usable)
11:47676170:A:G,11:55213614:C:T,7537444,-0.28530535101890564,0.08139914274215698,computed (both variants usable)
11:48633537:C:T,11:48810512:A:G,176975,0.6444912552833557,0.4153689742088318,computed (both variants usable)
11:48633537:C:T,11:55112643:T:C,6479106,0.6202660799026489,0.3847300112247467,computed (both variants usable)
11:48633537:C:T,11:55123720:C:T,6490183,0.6061806082725525,0.3674549162387848,computed (both variants usable)
11:48633537:C:T,11:55213614:C:T,6580077,0.6061806082725525,0.3674549162387848,computed (both variants usable)
11:48633537:C:T,11:58370698:G:A,9737161,-0.04561860114336014,0.002081056823953986,computed (both variants usable)
11:48633537:C:T,11:58376276:C:T,9742739,-0.04561860114336014,0.002081056823953986,computed (both variants usable)
11:48633537:C:T,11:58407740:C:G,9774203,-0.04662067070603371,0.002173486864194274,computed (both variants usable)
11:48810512:A:G,11:55112643:T:C,6302131,0.3953520953655243,0.1563032865524292,computed (both variants usable)
11:48810512:A:G,11:55123720:C:T,6313208,0.3989635705947876,0.159171923995018,computed (both variants usable)
11:48810512:A:G,11:55213614:C:T,6403102,0.3989635705947876,0.159171923995018,computed (both variants usable)
11:48810512:A:G,11:58370698:G:A,9560186,-0.0038611998315900564,1.4908863704476971e-05,computed (both variants usable)
11:48810512:A:G,11:58376276:C:T,9565764,-0.0038611998315900564,1.4908863704476971e-05,computed (both variants usable)
11:48810512:A:G,11:58407740:C:G,9597228,-0.004738911986351013,2.245728683192283e-05,computed (both variants usable)
11:55112643:T:C,11:55123720:C:T,11077,0.9774923324584961,0.9554912447929382,computed (both variants usable)
11:55112643:T:C,11:55213614:C:T,100971,0.9774923324584961,0.9554912447929382,computed (both variants usable)
11:55112643:T:C,11:58370698:G:A,3258055,-0.05551248416304588,0.003081635804846883,computed (both variants usable)
11:55112643:T:C,11:58376276:C:T,3263633,-0.05551248416304588,0.003081635804846883,computed (both variants usable)
11:55112643:T:C,11:58407740:C:G,3295097,-0.056314270943403244,0.003171297023072839,computed (both variants usable)
11:55112643:T:C,11:61272565:T:C,6159922,-0.03298332169651985,0.0010878995526582003,computed (both variants usable)
11:55112643:T:C,11:61274790:T:G,6162147,-0.06188146397471428,0.003829315537586808,computed (both variants usable)
11:55112643:T:C,11:61278246:T:C,6165603,-0.019776897504925728,0.0003911256790161133,computed (both variants usable)
11:55112643:T:C,11:63680045:C:A,8567402,0.0035837457980960608,1.2843233889725525e-05,computed (both variants usable)
11:55123720:C:T,11:55213614:C:T,89894,1.0000016689300537,1.0000033378601074,computed (both variants usable)
11:55123720:C:T,11:58370698:G:A,3246978,-0.04769796505570412,0.0022750957868993282,computed (both variants usable)
11:55123720:C:T,11:58376276:C:T,3252556,-0.04769796505570412,0.0022750957868993282,computed (both variants usable)
11:55123720:C:T,11:58407740:C:G,3284020,-0.048490166664123535,0.002351296367123723,computed (both variants usable)
11:55123720:C:T,11:61272565:T:C,6148845,-0.028127942234277725,0.0007911811117082834,computed (both variants usable)
11:55123720:C:T,11:61274790:T:G,6151070,-0.05867263302206993,0.0034424779005348682,computed (both variants usable)
11:55123720:C:T,11:61278246:T:C,6154526,-0.014560476876795292,0.0002120074932463467,computed (both variants usable)
11:55123720:C:T,11:63680045:C:A,8556325,0.011451413854956627,0.00013113487511873245,computed (both variants usable)
11:55213614:C:T,11:58370698:G:A,3157084,-0.04769796505570412,0.0022750957868993282,computed (both variants usable)
11:55213614:C:T,11:58376276:C:T,3162662,-0.04769796505570412,0.0022750957868993282,computed (both variants usable)
11:55213614:C:T,11:58407740:C:G,3194126,-0.048490166664123535,0.002351296367123723,computed (both variants usable)
11:55213614:C:T,11:61272565:T:C,6058951,-0.028127942234277725,0.0007911811117082834,computed (both variants usable)
11:55213614:C:T,11:61274790:T:G,6061176,-0.05867263302206993,0.0034424779005348682,computed (both variants usable)
11:55213614:C:T,11:61278246:T:C,6064632,-0.014560476876795292,0.0002120074932463467,computed (both variants usable)
11:55213614:C:T,11:63680045:C:A,8466431,0.011451413854956627,0.00013113487511873245,computed (both variants usable)
11:58370698:G:A,11:58376276:C:T,5578,0.9999995827674866,0.9999991655349731,computed (both variants usable)
11:58370698:G:A,11:58407740:C:G,37042,0.9973562955856323,0.9947195649147034,computed (both variants usable)
11:58370698:G:A,11:61272565:T:C,2901867,0.024920331314206123,0.0006210228893905878,computed (both variants usable)
11:58370698:G:A,11:61274790:T:G,2904092,0.03922261670231819,0.0015384136931970716,computed (both variants usable)
11:58370698:G:A,11:61278246:T:C,2907548,0.015562805347144604,0.0002422009129077196,computed (both variants usable)
11:58370698:G:A,11:63680045:C:A,5309347,0.032341841608285904,0.0010459946934133768,computed (both variants usable)
11:58370698:G:A,11:65405600:G:T,7034902,-0.0005713873542845249,3.264835015670542e-07,computed (both variants usable)
11:58370698:G:A,11:67351774:C:T,8981076,-0.027934474870562553,0.0007803348707966506,computed (both variants usable)
11:58376276:C:T,11:58407740:C:G,31464,0.9973562955856323,0.9947195649147034,computed (both variants usable)
11:58376276:C:T,11:61272565:T:C,2896289,0.024920331314206123,0.0006210228893905878,computed (both variants usable)
11:58376276:C:T,11:61274790:T:G,2898514,0.03922261670231819,0.0015384136931970716,computed (both variants usable)
11:58376276:C:T,11:61278246:T:C,2901970,0.015562805347144604,0.0002422009129077196,computed (both variants usable)
11:58376276:C:T,11:63680045:C:A,5303769,0.032341841608285904,0.0010459946934133768,computed (both variants usable)
11:58376276:C:T,11:65405600:G:T,7029324,-0.0005713873542845249,3.264835015670542e-07,computed (both variants usable)
11:58376276:C:T,11:67351774:C:T,8975498,-0.027934474870562553,0.0007803348707966506,computed (both variants usable)
11:58407740:C:G,11:61272565:T:C,2864825,0.024068735539913177,0.0005793040036223829,computed (both variants usable)
11:58407740:C:G,11:61274790:T:G,2867050,0.038525570183992386,0.0014842195669189095,computed (both variants usable)
11:58407740:C:G,11:61278246:T:C,2870506,0.014703118242323399,0.0002161816810257733,computed (both variants usable)
11:58407740:C:G,11:63680045:C:A,5272305,0.034800440073013306,0.001211070572026074,computed (both variants usable)
11:58407740:C:G,11:65405600:G:T,6997860,-0.0017119500553235412,2.9307730073924176e-06,computed (both variants usable)
11:58407740:C:G,11:67351774:C:T,8944034,-0.02504836767911911,0.0006274207262322307,computed (both variants usable)
11:61272565:T:C,11:61274790:T:G,2225,0.7761891484260559,0.6024696230888367,computed (both variants usable)
11:61272565:T:C,11:61278246:T:C,5681,0.9663102626800537,0.9337555170059204,computed (both variants usable)
11:61272565:T:C,11:63680045:C:A,2407480,-0.006383578293025494,4.075007018400356e-05,computed (both variants usable)
11:61272565:T:C,11:65405600:G:T,4133035,-0.013074740767478943,0.00017094884242396802,computed (both variants usable)
11:61272565:T:C,11:67351774:C:T,6079209,-0.004889665637165308,2.3908829462016e-05,computed (both variants usable)
11:61272565:T:C,11:69075538:C:T,7802973,0.04958433285355568,0.0024586061481386423,computed (both variants usable)
11:61272565:T:C,11:69257221:A:G,7984656,0.012801215052604675,0.0001638711109990254,computed (both variants usable)
11:61274790:T:G,11:61278246:T:C,3456,0.7693014740943909,0.5918247699737549,computed (both variants usable)
11:61274790:T:G,11:63680045:C:A,2405255,-0.005836415570229292,3.406374526093714e-05,computed (both variants usable)
11:61274790:T:G,11:65405600:G:T,4130810,-0.025872627273201942,0.0006693928153254092,computed (both variants usable)
11:61274790:T:G,11:67351774:C:T,6076984,0.007363240700215101,5.4217314755078405e-05,computed (both variants usable)
11:61274790:T:G,11:69075538:C:T,7800748,0.038649026304483414,0.0014937472296878695,computed (both variants usable)
11:61274790:T:G,11:69257221:A:G,7982431,0.040572065860033035,0.0016460925107821822,computed (both variants usable)
11:61278246:T:C,11:63680045:C:A,2401799,-0.0018245363608002663,3.328932962176623e-06,computed (both variants usable)
11:61278246:T:C,11:65405600:G:T,4127354,-0.012787452898919582,0.00016351895465049893,computed (both variants usable)
11:61278246:T:C,11:67351774:C:T,6073528,0.0017355390591546893,3.012095930898795e-06,computed (both variants usable)
11:61278246:T:C,11:69075538:C:T,7797292,0.043358661234378815,0.0018799734534695745,computed (both variants usable)
11:61278246:T:C,11:69257221:A:G,7978975,0.010035863146185875,0.00010071854921989143,computed (both variants usable)
11:63680045:C:A,11:65405600:G:T,1725555,0.018739549443125725,0.00035117071820423007,computed (both variants usable)
11:63680045:C:A,11:67351774:C:T,3671729,-0.06221536546945572,0.0038707517087459564,computed (both variants usable)
11:63680045:C:A,11:69075538:C:T,5395493,-0.01178197655826807,0.00013881496852263808,computed (both variants usable)
11:63680045:C:A,11:69257221:A:G,5577176,-0.029105372726917267,0.0008471227483823895,computed (both variants usable)
11:65405600:G:T,11:67351774:C:T,1946174,-0.06390079855918884,0.00408331211656332,computed (both variants usable)
11:65405600:G:T,11:69075538:C:T,3669938,-0.05067289248108864,0.002567742019891739,computed (both variants usable)
11:65405600:G:T,11:69257221:A:G,3851621,-0.03200815990567207,0.001024522352963686,computed (both variants usable)
11:67351774:C:T,11:69075538:C:T,1723764,0.032927047461271286,0.0010841904440894723,computed (both variants usable)
11:67351774:C:T,11:69257221:A:G,1905447,-0.009908871725201607,9.818573744269088e-05,computed (both variants usable)
11:69075538:C:T,11:69257221:A:G,181683,0.13817967474460602,0.019093623384833336,computed (both variants usable)
11:69075538:C:T,11:77940075:G:A,8864537,-0.03322454169392586,0.001103870221413672,computed (both variants usable)
11:69075538:C:T,11:78128797:C:T,9053259,-0.037672095000743866,0.0014191867085173726,computed (both variants usable)
11:69257221:A:G,11:77940075:G:A,8682854,0.0322415754199028,0.0010395192075520754,computed (both variants usable)
11:69257221:A:G,11:78128797:C:T,8871576,0.03290297091007233,0.0010826054494827986,computed (both variants usable)
11:77940075:G:A,11:78128797:C:T,188722,0.8545382618904114,0.7302356362342834,computed (both variants usable)
11:89088374:C:T,11:89224453:A:C,136079,-0.2129499465227127,0.045347679406404495,computed (both variants usable)
11:89088374:C:T,11:89224477:G:A,136103,0.08195825666189194,0.006717155687510967,computed (both variants usable)
11:89224453:A:C,11:89224477:G:A,24,-0.7933593988418579,0.6294191479682922,computed (both variants usable)
11:100593538:G:C,11:100610546:T:C,17008,0.9529786705970764,0.908168375492096,computed (both variants usable)
11:100593538:G:C,11:107075997:A:G,6482459,0.04575377702713013,0.0020934080239385366,computed (both variants usable)
11:100593538:G:C,11:107096777:A:G,6503239,0.042366690933704376,0.001794936484657228,computed (both variants usable)
11:100593538:G:C,11:107126353:G:A,6532815,0.054475460201501846,0.0029675757978111506,computed (both variants usable)
11:100593538:G:C,11:108245326:C:T,7651788,-0.003107064636424184,9.653850611357484e-06,computed (both variants usable)
11:100610546:T:C,11:107075997:A:G,6465451,0.028558550402522087,0.0008155907853506505,computed (both variants usable)
11:100610546:T:C,11:107096777:A:G,6486231,0.030485501512885094,0.0009293658076785505,computed (both variants usable)
11:100610546:T:C,11:107126353:G:A,6515807,0.05341983959078789,0.0028536792378872633,computed (both variants usable)
11:100610546:T:C,11:108245326:C:T,7634780,-0.003776152152568102,1.425932532583829e-05,computed (both variants usable)
11:107075997:A:G,11:107096777:A:G,20780,0.9762449860572815,0.9530542492866516,computed (both variants usable)
11:107075997:A:G,11:107126353:G:A,50356,0.7141481041908264,0.5100075006484985,computed (both variants usable)
11:107075997:A:G,11:108245326:C:T,1169329,-0.04721790924668312,0.0022295310627669096,computed (both variants usable)
11:107075997:A:G,11:117003528:G:C,9927531,-0.02850417047739029,0.0008124877349473536,computed (both variants usable)
11:107096777:A:G,11:107126353:G:A,29576,0.7411921620368958,0.5493658185005188,computed (both variants usable)
11:107096777:A:G,11:108245326:C:T,1148549,-0.03847956284880638,0.0014806766994297504,computed (both variants usable)
11:107096777:A:G,11:117003528:G:C,9906751,-0.03856104612350464,0.001486954279243946,computed (both variants usable)
11:107126353:G:A,11:108245326:C:T,1118973,0.0019475556910037994,3.792973075178452e-06,computed (both variants usable)
11:107126353:G:A,11:117003528:G:C,9877175,-0.0289177093654871,0.0008362338994629681,computed (both variants usable)
11:108245326:C:T,11:117003528:G:C,8758202,0.02074229158461094,0.00043024265323765576,computed (both variants usable)
11:108245326:C:T,11:117256384:C:G,9011058,0.06108575314283371,0.0037314691580832005,computed (both variants usable)
11:117003528:G:C,11:117256384:C:G,252856,0.038595858961343765,0.001489640329964459,computed (both variants usable)
11:117003528:G:C,11:120058623:C:T,3055095,0.03290076553821564,0.0010824603959918022,computed (both variants usable)
11:117256384:C:G,11:120058623:C:T,2802239,-0.012725464068353176,0.0001619374379515648,computed (both variants usable)
11:130273230:A:T,11:130280725:C:A,7495,-0.912495493888855,0.8326480388641357,computed (both variants usable)
12:427575:A:G,12:2178165:A:G,1750590,0.019451705738902092,0.0003783688589464873,computed (both variants usable)
12:12627409:C:A,12:12628219:T:C,810,0.8247316479682922,0.6801822781562805,computed (both variants usable)
12:12627409:C:A,12:12887977:C:T,260568,-0.06760014593601227,0.0045697796158492565,computed (both variants usable)
12:12627409:C:A,12:12888438:T:A,261029,0.017548466101288795,0.0003079486486967653,computed (both variants usable)
12:12627409:C:A,12:12889289:A:C,261880,-0.018124187365174294,0.00032848617411218584,computed (both variants usable)
12:12627409:C:A,12:20000315:A:C,7372906,0.0030678773764520884,9.41187136049848e-06,computed (both variants usable)
12:12627409:C:A,12:20007597:C:A,7380188,0.0046028271317481995,2.1186016965657473e-05,computed (both variants usable)
12:12627409:C:A,12:20215558:G:A,7588149,-0.0419229157269001,0.001757530844770372,computed (both variants usable)
12:12627409:C:A,12:20368269:T:C,7740860,0.021165043115615845,0.0004479590570554137,computed (both variants usable)
12:12627409:C:A,12:20373541:A:G,7746132,0.018837660551071167,0.0003548574459273368,computed (both variants usable)
12:12627409:C:A,12:20380250:C:T,7752841,0.005328070372343063,2.8388334612827748e-05,computed (both variants usable)
12:12627409:C:A,12:20606325:G:A,7978916,-0.027778368443250656,0.0007716377731412649,computed (both variants usable)
12:12627409:C:A,12:22005003:T:G,9377594,0.00035637037944979966,1.2699985063591157e-07,computed (both variants usable)
12:12628219:T:C,12:12887977:C:T,259758,-0.05840924754738808,0.003411640180274844,computed (both variants usable)
12:12628219:T:C,12:12888438:T:A,260219,0.005267435684800148,2.7745878469431773e-05,computed (both variants usable)
12:12628219:T:C,12:12889289:A:C,261070,0.004382745362818241,1.9208457160857506e-05,computed (both variants usable)
12:12628219:T:C,12:20000315:A:C,7372096,-0.0011571040377020836,1.3388897741606343e-06,computed (both variants usable)
12:12628219:T:C,12:20007597:C:A,7379378,0.0006935605779290199,4.810262907994911e-07,computed (both variants usable)
12:12628219:T:C,12:20215558:G:A,7587339,-0.06161847338080406,0.0037968363612890244,computed (both variants usable)
12:12628219:T:C,12:20368269:T:C,7740050,0.028481127694249153,0.0008111746283248067,computed (both variants usable)
12:12628219:T:C,12:20373541:A:G,7745322,0.02252734825015068,0.0005074813961982727,computed (both variants usable)
12:12628219:T:C,12:20380250:C:T,7752031,0.014489582739770412,0.00020994800433982164,computed (both variants usable)
12:12628219:T:C,12:20606325:G:A,7978106,-0.0262480266392231,0.0006889589130878448,computed (both variants usable)
12:12628219:T:C,12:22005003:T:G,9376784,0.007564451079815626,5.72209210076835e-05,computed (both variants usable)
12:12887977:C:T,12:12888438:T:A,461,0.7508717179298401,0.5638083219528198,computed (both variants usable)
12:12887977:C:T,12:12889289:A:C,1312,-0.5649688243865967,0.31918978691101074,computed (both variants usable)
12:12887977:C:T,12:20000315:A:C,7112338,-0.02401149831712246,0.000576552061829716,computed (both variants usable)
12:12887977:C:T,12:20007597:C:A,7119620,-0.028149819001555443,0.0007924123201519251,computed (both variants usable)
12:12887977:C:T,12:20215558:G:A,7327581,0.00993252545595169,9.865505853667855e-05,computed (both variants usable)
12:12887977:C:T,12:20368269:T:C,7480292,0.04418255016207695,0.0019520977512001991,computed (both variants usable)
12:12887977:C:T,12:20373541:A:G,7485564,0.04221250116825104,0.0017818952910602093,computed (both variants usable)
12:12887977:C:T,12:20380250:C:T,7492273,0.022926518693566322,0.0005256252479739487,computed (both variants usable)
12:12887977:C:T,12:20606325:G:A,7718348,0.010713662020862103,0.00011478255328256637,computed (both variants usable)
12:12887977:C:T,12:22005003:T:G,9117026,0.018184920772910118,0.0003306913422420621,computed (both variants usable)
12:12888438:T:A,12:12889289:A:C,851,-0.7524166703224182,0.5661308169364929,computed (both variants usable)
12:12888438:T:A,12:20000315:A:C,7111877,-0.0620126910507679,0.0038455738686025143,computed (both variants usable)
12:12888438:T:A,12:20007597:C:A,7119159,-0.06521405279636383,0.0042528728954494,computed (both variants usable)
12:12888438:T:A,12:20215558:G:A,7327120,0.029317103326320648,0.0008594925748184323,computed (both variants usable)
12:12888438:T:A,12:20368269:T:C,7479831,0.052771493792533875,0.002784830518066883,computed (both variants usable)
12:12888438:T:A,12:20373541:A:G,7485103,0.052118271589279175,0.0027163142804056406,computed (both variants usable)
12:12888438:T:A,12:20380250:C:T,7491812,0.03521401807665825,0.0012400270206853747,computed (both variants usable)
12:12888438:T:A,12:20606325:G:A,7717887,0.02577153407037258,0.0006641719955950975,computed (both variants usable)
12:12888438:T:A,12:22005003:T:G,9116565,-0.021734189242124557,0.00047237498802132905,computed (both variants usable)
12:12889289:A:C,12:20000315:A:C,7111026,0.06060541048645973,0.003673015860840678,computed (both variants usable)
12:12889289:A:C,12:20007597:C:A,7118308,0.06304392963647842,0.003974536899477243,computed (both variants usable)
12:12889289:A:C,12:20215558:G:A,7326269,0.014629153534770012,0.00021401213598437607,computed (both variants usable)
12:12889289:A:C,12:20368269:T:C,7478980,-0.0008132947259582579,6.614483254452352e-07,computed (both variants usable)
12:12889289:A:C,12:20373541:A:G,7484252,-0.0012974991695955396,1.68350413787266e-06,computed (both variants usable)
12:12889289:A:C,12:20380250:C:T,7490961,0.001619697199203074,2.6234190499963006e-06,computed (both variants usable)
12:12889289:A:C,12:20606325:G:A,7717036,-0.02439490705728531,0.0005951115163043141,computed (both variants usable)
12:12889289:A:C,12:22005003:T:G,9115714,0.004740733653306961,2.2474556317320094e-05,computed (both variants usable)
12:20000315:A:C,12:20007597:C:A,7282,0.9966567754745483,0.9933247566223145,computed (both variants usable)
12:20000315:A:C,12:20215558:G:A,215243,0.018025530502200127,0.00032491976162418723,computed (both variants usable)
12:20000315:A:C,12:20368269:T:C,367954,-0.031076552346348763,0.0009657521150074899,computed (both variants usable)
12:20000315:A:C,12:20373541:A:G,373226,-0.03468583524227142,0.0012031071819365025,computed (both variants usable)
12:20000315:A:C,12:20380250:C:T,379935,-0.027700146660208702,0.0007672981009818614,computed (both variants usable)
12:20000315:A:C,12:20606325:G:A,606010,-0.028289953246712685,0.0008003214607015252,computed (both variants usable)
12:20000315:A:C,12:22005003:T:G,2004688,-0.030490223318338394,0.0009296537027694285,computed (both variants usable)
12:20000315:A:C,12:27955296:C:T,7954981,0.012718119658529758,0.0001617505622562021,computed (both variants usable)
12:20007597:C:A,12:20215558:G:A,207961,0.0199505053460598,0.0003980226756539196,computed (both variants usable)
12:20007597:C:A,12:20368269:T:C,360672,-0.02941545471549034,0.000865268986672163,computed (both variants usable)
12:20007597:C:A,12:20373541:A:G,365944,-0.033040303736925125,0.0010916616301983595,computed (both variants usable)
12:20007597:C:A,12:20380250:C:T,372653,-0.026135658845305443,0.0006830726633779705,computed (both variants usable)
12:20007597:C:A,12:20606325:G:A,598728,-0.027064401656389236,0.0007324818288907409,computed (both variants usable)
12:20007597:C:A,12:22005003:T:G,1997406,-0.03380737453699112,0.0011429386213421822,computed (both variants usable)
12:20007597:C:A,12:27955296:C:T,7947699,0.009123225696384907,8.323324436787516e-05,computed (both variants usable)
12:20215558:G:A,12:20368269:T:C,152711,0.11198937892913818,0.01254162099212408,computed (both variants usable)
12:20215558:G:A,12:20373541:A:G,157983,0.11081406474113464,0.012279757298529148,computed (both variants usable)
12:20215558:G:A,12:20380250:C:T,164692,0.06875430047512054,0.004727154038846493,computed (both variants usable)
12:20215558:G:A,12:20606325:G:A,390767,-0.023962344974279404,0.0005741939530707896,computed (both variants usable)
12:20215558:G:A,12:22005003:T:G,1789445,-0.04858805611729622,0.002360799117013812,computed (both variants usable)
12:20215558:G:A,12:27955296:C:T,7739738,0.03557615354657173,0.0012656627222895622,computed (both variants usable)
12:20368269:T:C,12:20373541:A:G,5272,0.990683376789093,0.981453537940979,computed (both variants usable)
12:20368269:T:C,12:20380250:C:T,11981,0.9255483746528625,0.8566398024559021,computed (both variants usable)
12:20368269:T:C,12:20606325:G:A,238056,0.03864746168255806,0.0014936262741684914,computed (both variants usable)
12:20368269:T:C,12:22005003:T:G,1636734,-0.0011371482396498322,1.2931061519338982e-06,computed (both variants usable)
12:20368269:T:C,12:27955296:C:T,7587027,0.032762929797172546,0.0010734095703810453,computed (both variants usable)
12:20373541:A:G,12:20380250:C:T,6709,0.9299140572547913,0.8647401332855225,computed (both variants usable)
12:20373541:A:G,12:20606325:G:A,232784,0.035464368760585785,0.0012577214511111379,computed (both variants usable)
12:20373541:A:G,12:22005003:T:G,1631462,-0.006566666532307863,4.312110831961036e-05,computed (both variants usable)
12:20373541:A:G,12:27955296:C:T,7581755,0.035893943160772324,0.0012883751187473536,computed (both variants usable)
12:20380250:C:T,12:20606325:G:A,226075,0.046098705381155014,0.0021250906866043806,computed (both variants usable)
12:20380250:C:T,12:22005003:T:G,1624753,-0.023572714999318123,0.0005556729156523943,computed (both variants usable)
12:20380250:C:T,12:27955296:C:T,7575046,0.03248866647481918,0.0010555133922025561,computed (both variants usable)
12:20606325:G:A,12:22005003:T:G,1398678,0.028968213126063347,0.000839157379232347,computed (both variants usable)
12:20606325:G:A,12:27955296:C:T,7348971,-0.00208466500043869,4.345828074292513e-06,computed (both variants usable)
12:22005003:T:G,12:27955296:C:T,5950293,0.02122688852250576,0.0004505807883106172,computed (both variants usable)
12:48156626:C:A,12:48181374:A:G,24748,0.8539091944694519,0.7291609048843384,computed (both variants usable)
12:48156626:C:A,12:48186563:T:A,29937,-0.08428871631622314,0.0071045877411961555,computed (both variants usable)
12:48156626:C:A,12:48202941:C:T,46315,-0.08383408933877945,0.0070281545631587505,computed (both variants usable)
12:48156626:C:A,12:48204499:C:G,47873,-0.08383408933877945,0.0070281545631587505,computed (both variants usable)
12:48156626:C:A,12:49255964:G:A,1099338,0.00716317119076848,5.1311020797584206e-05,computed (both variants usable)
12:48156626:C:A,12:50537815:A:G,2381189,-0.03055199421942234,0.000933424336835742,computed (both variants usable)
12:48156626:C:A,12:50561998:A:G,2405372,0.027966169640421867,0.0007821066537871957,computed (both variants usable)
12:48156626:C:A,12:53440779:C:T,5284153,-0.0038112953770905733,1.452597280149348e-05,computed (both variants usable)
12:48156626:C:A,12:53448320:C:T,5291694,-0.02867751196026802,0.0008223996846936643,computed (both variants usable)
12:48156626:C:A,12:53449321:G:A,5292695,0.000738348753657192,5.451588549476583e-07,computed (both variants usable)
12:48156626:C:A,12:54441498:C:T,6284872,-0.0139754768460989,0.00019531395810190588,computed (both variants usable)
12:48181374:A:G,12:48186563:T:A,5189,-0.1137145385146141,0.012930996716022491,computed (both variants usable)
12:48181374:A:G,12:48202941:C:T,21567,-0.12800273299217224,0.016384700313210487,computed (both variants usable)
12:48181374:A:G,12:48204499:C:G,23125,-0.12800273299217224,0.016384700313210487,computed (both variants usable)
12:48181374:A:G,12:49255964:G:A,1074590,0.038775719702243805,0.001503556384705007,computed (both variants usable)
12:48181374:A:G,12:50537815:A:G,2356441,-0.020416928455233574,0.0004168509622104466,computed (both variants usable)
12:48181374:A:G,12:50561998:A:G,2380624,0.017873790115118027,0.0003194723685737699,computed (both variants usable)
12:48181374:A:G,12:53440779:C:T,5259405,0.008916527032852173,7.950445433380082e-05,computed (both variants usable)
12:48181374:A:G,12:53448320:C:T,5266946,-0.017402086406946182,0.0003028326027560979,computed (both variants usable)
12:48181374:A:G,12:53449321:G:A,5267947,0.013627026230096817,0.00018569584062788635,computed (both variants usable)
12:48181374:A:G,12:54441498:C:T,6260124,-0.008628522045910358,7.44513890822418e-05,computed (both variants usable)
12:48186563:T:A,12:48202941:C:T,16378,0.9036610722541809,0.8166033625602722,computed (both variants usable)
12:48186563:T:A,12:48204499:C:G,17936,0.9036610722541809,0.8166033625602722,computed (both variants usable)
12:48186563:T:A,12:49255964:G:A,1069401,-0.019649580121040344,0.00038610599585808814,computed (both variants usable)
12:48186563:T:A,12:50537815:A:G,2351252,0.022359881550073624,0.0004999642842449248,computed (both variants usable)
12:48186563:T:A,12:50561998:A:G,2375435,-0.020864341408014297,0.00043532074778340757,computed (both variants usable)
12:48186563:T:A,12:53440779:C:T,5254216,-0.03617255017161369,0.0013084533857181668,computed (both variants usable)
12:48186563:T:A,12:53448320:C:T,5261757,-0.008522894233465195,7.263972656801343e-05,computed (both variants usable)
12:48186563:T:A,12:53449321:G:A,5262758,-0.039442602545022964,0.0015557189472019672,computed (both variants usable)
12:48186563:T:A,12:54441498:C:T,6254935,0.037253644317388535,0.0013878339668735862,computed (both variants usable)
12:48202941:C:T,12:48204499:C:G,1558,1.0,1.0,computed (both variants usable)
12:48202941:C:T,12:49255964:G:A,1053023,0.00024255044991150498,5.8830721627600724e-08,computed (both variants usable)
12:48202941:C:T,12:50537815:A:G,2334874,0.03596100956201553,0.0012931942474097013,computed (both variants usable)
12:48202941:C:T,12:50561998:A:G,2359057,-0.039107486605644226,0.0015293954638764262,computed (both variants usable)
12:48202941:C:T,12:53440779:C:T,5237838,-0.03428895026445389,0.0011757321190088987,computed (both variants usable)
12:48202941:C:T,12:53448320:C:T,5245379,-0.011778728105127811,0.0001387384400004521,computed (both variants usable)
12:48202941:C:T,12:53449321:G:A,5246380,-0.04695410281419754,0.002204687800258398,computed (both variants usable)
12:48202941:C:T,12:54441498:C:T,6238557,0.052639711648225784,0.0027709391433745623,computed (both variants usable)
12:48204499:C:G,12:49255964:G:A,1051465,0.00024255044991150498,5.8830721627600724e-08,computed (both variants usable)
12:48204499:C:G,12:50537815:A:G,2333316,0.03596100956201553,0.0012931942474097013,computed (both variants usable)
12:48204499:C:G,12:50561998:A:G,2357499,-0.039107486605644226,0.0015293954638764262,computed (both variants usable)
12:48204499:C:G,12:53440779:C:T,5236280,-0.03428895026445389,0.0011757321190088987,computed (both variants usable)
12:48204499:C:G,12:53448320:C:T,5243821,-0.011778728105127811,0.0001387384400004521,computed (both variants usable)
12:48204499:C:G,12:53449321:G:A,5244822,-0.04695410281419754,0.002204687800258398,computed (both variants usable)
12:48204499:C:G,12:54441498:C:T,6236999,0.052639711648225784,0.0027709391433745623,computed (both variants usable)
12:49255964:G:A,12:50537815:A:G,1281851,0.029262792319059372,0.0008563110022805631,computed (both variants usable)
12:49255964:G:A,12:50561998:A:G,1306034,-0.030415302142500877,0.000925090629607439,computed (both variants usable)
12:49255964:G:A,12:53440779:C:T,4184815,-0.0010113364551216364,1.0228013707092032e-06,computed (both variants usable)
12:49255964:G:A,12:53448320:C:T,4192356,-0.0030840502586215734,9.511366442893632e-06,computed (both variants usable)
12:49255964:G:A,12:53449321:G:A,4193357,0.0011254680575802922,1.2666783959502936e-06,computed (both variants usable)
12:49255964:G:A,12:54441498:C:T,5185534,-0.05700395256280899,0.0032494505867362022,computed (both variants usable)
12:50537815:A:G,12:50561998:A:G,24183,-0.9938027858734131,0.9876439571380615,computed (both variants usable)
12:50537815:A:G,12:53440779:C:T,2902964,1.4558484508597758e-05,2.1194947186220503e-10,computed (both variants usable)
12:50537815:A:G,12:53448320:C:T,2910505,-0.05474080145359039,0.002996555296704173,computed (both variants usable)
12:50537815:A:G,12:53449321:G:A,2911506,-0.001432573888450861,2.0522679733403493e-06,computed (both variants usable)
12:50537815:A:G,12:54441498:C:T,3903683,0.049387626349925995,0.0024391375482082367,computed (both variants usable)
12:50561998:A:G,12:53440779:C:T,2878781,-0.0018394204089418054,3.383467401363305e-06,computed (both variants usable)
12:50561998:A:G,12:53448320:C:T,2886322,0.05996456369757652,0.0035957489162683487,computed (both variants usable)
12:50561998:A:G,12:53449321:G:A,2887323,-0.00035778243909589946,1.2800826709735702e-07,computed (both variants usable)
12:50561998:A:G,12:54441498:C:T,3879500,-0.05326459929347038,0.0028371175285428762,computed (both variants usable)
12:53440779:C:T,12:53448320:C:T,7541,-0.1857692003250122,0.03451019525527954,computed (both variants usable)
12:53440779:C:T,12:53449321:G:A,8542,0.9801715016365051,0.9607361555099487,computed (both variants usable)
12:53440779:C:T,12:54441498:C:T,1000719,0.027690408751368523,0.0007667587487958372,computed (both variants usable)
12:53448320:C:T,12:53449321:G:A,1001,-0.18208502233028412,0.03315495699644089,computed (both variants usable)
12:53448320:C:T,12:54441498:C:T,993178,-0.04073710739612579,0.0016595119377598166,computed (both variants usable)
12:53449321:G:A,12:54441498:C:T,992177,0.01918373815715313,0.00036801581154577434,computed (both variants usable)
12:69792102:C:A,12:69922738:A:G,130636,-0.234292671084404,0.05489305406808853,computed (both variants usable)
12:79951566:G:A,12:89870540:C:T,9918974,0.028892606496810913,0.0008347827242687345,computed (both variants usable)
12:89870540:C:T,12:90025622:G:A,155082,-0.3561568558216095,0.12684769928455353,computed (both variants usable)
12:89870540:C:T,12:90062376:G:A,191836,-0.018615402281284332,0.0003465331974439323,computed (both variants usable)
12:89870540:C:T,12:90152858:C:T,282318,0.12228690832853317,0.014954088255763054,computed (both variants usable)
12:89870540:C:T,12:90247669:A:G,377129,-0.009463376365602016,8.955549128586426e-05,computed (both variants usable)
12:89870540:C:T,12:90301665:C:T,431125,0.12673833966255188,0.016062606126070023,computed (both variants usable)
12:89870540:C:T,12:94877428:A:G,5006888,-0.033803585916757584,0.001142682391218841,computed (both variants usable)
12:89870540:C:T,12:94878542:T:C,5008002,-0.033803585916757584,0.001142682391218841,computed (both variants usable)
12:90025622:G:A,12:90062376:G:A,36754,-0.5233919620513916,0.2739391326904297,computed (both variants usable)
12:90025622:G:A,12:90152858:C:T,127236,0.11571032553911209,0.013388879597187042,computed (both variants usable)
12:90025622:G:A,12:90247669:A:G,222047,-0.07117199152708054,0.005065452307462692,computed (both variants usable)
12:90025622:G:A,12:90301665:C:T,276043,-0.3455960750579834,0.11943664401769638,computed (both variants usable)
12:90025622:G:A,12:94877428:A:G,4851806,0.01915166899561882,0.00036678643664345145,computed (both variants usable)
12:90025622:G:A,12:94878542:T:C,4852920,0.01915166899561882,0.00036678643664345145,computed (both variants usable)
12:90062376:G:A,12:90152858:C:T,90482,-0.1297023594379425,0.016822701320052147,computed (both variants usable)
12:90062376:G:A,12:90247669:A:G,185293,0.2261950671672821,0.051164209842681885,computed (both variants usable)
12:90062376:G:A,12:90301665:C:T,239289,0.08049813657999039,0.006479950156062841,computed (both variants usable)
12:90062376:G:A,12:94877428:A:G,4815052,-0.026105478405952454,0.0006814959924668074,computed (both variants usable)
12:90062376:G:A,12:94878542:T:C,4816166,-0.026105478405952454,0.0006814959924668074,computed (both variants usable)
12:90152858:C:T,12:90247669:A:G,94811,-0.09214235097169876,0.008490213192999363,computed (both variants usable)
12:90152858:C:T,12:90301665:C:T,148807,-0.297014445066452,0.08821757882833481,computed (both variants usable)
12:90152858:C:T,12:94877428:A:G,4724570,-0.01660345308482647,0.0002756746544037014,computed (both variants usable)
12:90152858:C:T,12:94878542:T:C,4725684,-0.01660345308482647,0.0002756746544037014,computed (both variants usable)
12:90247669:A:G,12:90301665:C:T,53996,0.5161115527153015,0.26637113094329834,computed (both variants usable)
12:90247669:A:G,12:94877428:A:G,4629759,0.05664312466979027,0.003208443522453308,computed (both variants usable)
12:90247669:A:G,12:94878542:T:C,4630873,0.05664312466979027,0.003208443522453308,computed (both variants usable)
12:90301665:C:T,12:94877428:A:G,4575763,0.018185708671808243,0.000330720009515062,computed (both variants usable)
12:90301665:C:T,12:94878542:T:C,4576877,0.018185708671808243,0.000330720009515062,computed (both variants usable)
12:94877428:A:G,12:94878542:T:C,1114,1.0000027418136597,1.0000054836273193,computed (both variants usable)
12:115108136:T:C,12:115359424:G:A,251288,0.002800601301714778,7.84336771175731e-06,computed (both variants usable)
12:115108136:T:C,12:115552878:G:C,444742,0.009212953969836235,8.487852028338239e-05,computed (both variants usable)
12:115108136:T:C,12:115555867:A:G,447731,0.011180756613612175,0.00012500931916292757,computed (both variants usable)
12:115108136:T:C,12:121882098:T:G,6773962,-0.048516105860471725,0.0023538125678896904,computed (both variants usable)
12:115108136:T:C,12:121916308:T:G,6808172,0.01845782995223999,0.0003406914765946567,computed (both variants usable)
12:115359424:G:A,12:115552878:G:C,193454,-0.06227564811706543,0.003878256306052208,computed (both variants usable)
12:115359424:G:A,12:115555867:A:G,196443,-0.0648263692855835,0.0042024580761790276,computed (both variants usable)
12:115359424:G:A,12:121882098:T:G,6522674,-0.08390972018241882,0.007040841039270163,computed (both variants usable)
12:115359424:G:A,12:121916308:T:G,6556884,0.06441958248615265,0.004149882588535547,computed (both variants usable)
12:115552878:G:C,12:115555867:A:G,2989,0.9958535432815552,0.9917242527008057,computed (both variants usable)
12:115552878:G:C,12:121882098:T:G,6329220,0.07280384004116058,0.005300398916006088,computed (both variants usable)
12:115552878:G:C,12:121916308:T:G,6363430,-0.05793784186244011,0.0033567934297025204,computed (both variants usable)
12:115555867:A:G,12:121882098:T:G,6326231,0.07765915989875793,0.006030945107340813,computed (both variants usable)
12:115555867:A:G,12:121916308:T:G,6360441,-0.06238538771867752,0.0038919365033507347,computed (both variants usable)
12:121882098:T:G,12:121916308:T:G,34210,-0.8859713673591614,0.7849452495574951,computed (both variants usable)
12:133065832:A:G,12:133086888:C:T,21056,0.8787437677383423,0.7721906304359436,computed (both variants usable)
13:20230525:A:G,13:22318314:C:A,2087789,0.0787636861205101,0.0062037184834480286,computed (both variants usable)
13:20230525:A:G,13:27844693:A:G,7614168,0.04861079901456833,0.0023630098439753056,computed (both variants usable)
13:20230525:A:G,13:27878484:C:T,7647959,0.0635126531124115,0.004033857025206089,computed (both variants usable)
13:20230525:A:G,13:30137828:T:C,9907303,-0.007568821310997009,5.728705582441762e-05,computed (both variants usable)
13:20230525:A:G,13:30146201:C:T,9915676,-0.006764545571058989,4.575907587422989e-05,computed (both variants usable)
13:22318314:C:A,13:27844693:A:G,5526379,-0.005451624747365713,2.9720213206019253e-05,computed (both variants usable)
13:22318314:C:A,13:27878484:C:T,5560170,0.024493884295225143,0.0005999503773637116,computed (both variants usable)
13:22318314:C:A,13:30137828:T:C,7819514,0.04120219871401787,0.0016976211918517947,computed (both variants usable)
13:22318314:C:A,13:30146201:C:T,7827887,0.03949589282274246,0.0015599254984408617,computed (both variants usable)
13:22318314:C:A,13:32015395:A:G,9697081,0.02052409015595913,0.00042123827734030783,computed (both variants usable)
13:22318314:C:A,13:32124747:A:G,9806433,0.014832627028226852,0.00022000682656653225,computed (both variants usable)
13:27844693:A:G,13:27878484:C:T,33791,0.49743783473968506,0.24744440615177155,computed (both variants usable)
13:27844693:A:G,13:30137828:T:C,2293135,0.03531036153435707,0.0012468216009438038,computed (both variants usable)
13:27844693:A:G,13:30146201:C:T,2301508,0.033483002334833145,0.0011211114469915628,computed (both variants usable)
13:27844693:A:G,13:32015395:A:G,4170702,0.01060599833726883,0.00011248719965806231,computed (both variants usable)
13:27844693:A:G,13:32124747:A:G,4280054,-0.036682505160570145,0.0013456061715260148,computed (both variants usable)
13:27878484:C:T,13:30137828:T:C,2259344,0.02835029549896717,0.0008037392399273813,computed (both variants usable)
13:27878484:C:T,13:30146201:C:T,2267717,0.02743348479270935,0.0007525960681959987,computed (both variants usable)
13:27878484:C:T,13:32015395:A:G,4136911,-0.044789958745241165,0.0020061403047293425,computed (both variants usable)
13:27878484:C:T,13:32124747:A:G,4246263,-0.03326116502285004,0.0011063050478696823,computed (both variants usable)
13:30137828:T:C,13:30146201:C:T,8373,0.997423529624939,0.994853675365448,computed (both variants usable)
13:30137828:T:C,13:32015395:A:G,1877567,0.05690445378422737,0.003238116856664419,computed (both variants usable)
13:30137828:T:C,13:32124747:A:G,1986919,-0.029644811525940895,0.0008788148406893015,computed (both variants usable)
13:30146201:C:T,13:32015395:A:G,1869194,0.055341947823762894,0.003062731120735407,computed (both variants usable)
13:30146201:C:T,13:32124747:A:G,1978546,-0.03159495070576668,0.0009982408955693245,computed (both variants usable)
13:32015395:A:G,13:32124747:A:G,109352,-0.0011746634263545275,1.379834202452912e-06,computed (both variants usable)
13:32015395:A:G,13:41849731:T:C,9834336,0.05931481719017029,0.0035182475112378597,computed (both variants usable)
13:32124747:A:G,13:41849731:T:C,9724984,0.008809063583612442,7.759960135444999e-05,computed (both variants usable)
13:41849731:T:C,13:47199611:T:C,5349880,-0.002410771092399955,5.811817118228646e-06,computed (both variants usable)
13:47199611:T:C,13:54329813:C:G,7130202,-0.012545278295874596,0.00015738401270937175,computed (both variants usable)
13:73824424:C:T,13:73830066:A:G,5642,0.9191845059394836,0.8449001312255859,computed (both variants usable)
13:73824424:C:T,13:73839550:G:T,15126,-0.8534946441650391,0.7284530997276306,computed (both variants usable)
13:73830066:A:G,13:73839550:G:T,9484,-0.9296015501022339,0.8641590476036072,computed (both variants usable)
13:113634091:G:C,13:113636156:C:T,2065,0.8964412212371826,0.8036068677902222,computed (both variants usable)
13:113634091:G:C,13:114995733:T:C,1361642,-0.015248607844114304,0.00023252004757523537,computed (both variants usable)
13:113634091:G:C,13:115027462:T:A,1393371,0.007034176029264927,4.947963316226378e-05,computed (both variants usable)
13:113634091:G:C,13:115042155:A:G,1408064,0.007034176029264927,4.947963316226378e-05,computed (both variants usable)
13:113636156:C:T,13:114995733:T:C,1359577,-0.0033056987449526787,1.092764432542026e-05,computed (both variants usable)
13:113636156:C:T,13:115027462:T:A,1391306,0.02290349453687668,0.0005245700594969094,computed (both variants usable)
13:113636156:C:T,13:115042155:A:G,1405999,0.02290349453687668,0.0005245700594969094,computed (both variants usable)
13:114995733:T:C,13:115027462:T:A,31729,0.7693642377853394,0.591921329498291,computed (both variants usable)
13:114995733:T:C,13:115042155:A:G,46422,0.7633591890335083,0.58271723985672,computed (both variants usable)
13:115027462:T:A,13:115042155:A:G,14693,0.9947884678840637,0.989604115486145,computed (both variants usable)
14:31376798:T:C,14:31381351:T:C,4553,0.9940028786659241,0.9880416989326477,computed (both variants usable)
14:31376798:T:C,14:35871217:G:A,4494419,-0.006763385608792305,4.5743385271634907e-05,computed (both variants usable)
14:31381351:T:C,14:35871217:G:A,4489866,-0.008358526043593884,6.986496009631082e-05,computed (both variants usable)
14:51158479:A:G,14:53418233:C:A,2259754,0.025951432064175606,0.0006734768394380808,computed (both variants usable)
14:51158479:A:G,14:53420358:A:G,2261879,0.02690892107784748,0.0007240900304168463,computed (both variants usable)
14:51158479:A:G,14:54122401:C:T,2963922,-0.011861782521009445,0.00014070188626646996,computed (both variants usable)
14:53418233:C:A,14:53420358:A:G,2125,0.997707188129425,0.9954196214675903,computed (both variants usable)
14:53418233:C:A,14:54122401:C:T,704168,-0.009156554937362671,8.384249667869881e-05,computed (both variants usable)
14:53420358:A:G,14:54122401:C:T,702043,-0.011070369742810726,0.0001225530868396163,computed (both variants usable)
14:72464810:G:A,14:72468149:G:A,3339,0.8541050553321838,0.7294954657554626,computed (both variants usable)
14:72464810:G:A,14:72470336:C:T,5526,0.8541050553321838,0.7294954657554626,computed (both variants usable)
14:72464810:G:A,14:73418095:G:A,953285,-0.0007794081466272473,6.074770340092073e-07,computed (both variants usable)
14:72464810:G:A,14:75084829:G:A,2620019,0.028994658961892128,0.0008406902197748423,computed (both variants usable)
14:72464810:G:A,14:80480456:A:T,8015646,-0.036948062479496,0.0013651592889800668,computed (both variants usable)
14:72468149:G:A,14:72470336:C:T,2187,1.0000001192092896,1.000000238418579,computed (both variants usable)
14:72468149:G:A,14:73418095:G:A,949946,0.013863341882824898,0.00019219225214328617,computed (both variants usable)
14:72468149:G:A,14:75084829:G:A,2616680,0.012703417800366879,0.00016137682541739196,computed (both variants usable)
14:72468149:G:A,14:80480456:A:T,8012307,-0.06209738552570343,0.003856085240840912,computed (both variants usable)
14:72470336:C:T,14:73418095:G:A,947759,0.013863341882824898,0.00019219225214328617,computed (both variants usable)
14:72470336:C:T,14:75084829:G:A,2614493,0.012703417800366879,0.00016137682541739196,computed (both variants usable)
14:72470336:C:T,14:80480456:A:T,8010120,-0.06209738552570343,0.003856085240840912,computed (both variants usable)
14:73418095:G:A,14:75084829:G:A,1666734,-0.059812042862176895,0.0035774805583059788,computed (both variants usable)
14:73418095:G:A,14:80480456:A:T,7062361,0.06844035536050797,0.004684082232415676,computed (both variants usable)
14:75084829:G:A,14:80480456:A:T,5395627,-0.008168643340468407,6.67267304379493e-05,computed (both variants usable)
14:98580466:G:A,14:98635483:T:C,55017,0.5376739501953125,0.2890932857990265,computed (both variants usable)
14:98580466:G:A,14:100113207:A:G,1532741,-0.028918476775288582,0.0008362783119082451,computed (both variants usable)
14:98580466:G:A,14:100133250:C:T,1552784,0.04677888751029968,0.0021882643923163414,computed (both variants usable)
14:98580466:G:A,14:100225958:G:A,1645492,-0.06026525795459747,0.003631901228800416,computed (both variants usable)
14:98580466:G:A,14:100843343:A:G,2262877,-0.013403337448835373,0.00017964946164283901,computed (both variants usable)
14:98580466:G:A,14:103859962:C:T,5279496,0.08914865553379059,0.007947483099997044,computed (both variants usable)
14:98580466:G:A,14:103959289:G:T,5378823,0.09198519587516785,0.008461276069283485,computed (both variants usable)
14:98635483:T:C,14:100113207:A:G,1477724,0.02978927455842495,0.0008874008781276643,computed (both variants usable)
14:98635483:T:C,14:100133250:C:T,1497767,0.04891716688871384,0.0023928892333060503,computed (both variants usable)
14:98635483:T:C,14:100225958:G:A,1590475,-0.032187581062316895,0.001036040368489921,computed (both variants usable)
14:98635483:T:C,14:100843343:A:G,2207860,0.02073565684258938,0.00042996747652068734,computed (both variants usable)
14:98635483:T:C,14:103859962:C:T,5224479,0.015084234066307545,0.0002275341103086248,computed (both variants usable)
14:98635483:T:C,14:103959289:G:T,5323806,0.016684874892234802,0.0002783850359264761,computed (both variants usable)
14:100113207:A:G,14:100133250:C:T,20043,-0.36165452003479004,0.1307939887046814,computed (both variants usable)
14:100113207:A:G,14:100225958:G:A,112751,-0.07937726378440857,0.006300750188529491,computed (both variants usable)
14:100113207:A:G,14:100843343:A:G,730136,0.023783408105373383,0.0005656505236402154,computed (both variants usable)
14:100113207:A:G,14:103859962:C:T,3746755,0.019270991906523705,0.00037137113395147026,computed (both variants usable)
14:100113207:A:G,14:103959289:G:T,3846082,0.02068173699080944,0.0004277342522982508,computed (both variants usable)
14:100133250:C:T,14:100225958:G:A,92708,-0.05554700642824173,0.003085469827055931,computed (both variants usable)
14:100133250:C:T,14:100843343:A:G,710093,0.023316815495491028,0.0005436738720163703,computed (both variants usable)
14:100133250:C:T,14:103859962:C:T,3726712,0.004233884625136852,1.792577859305311e-05,computed (both variants usable)
14:100133250:C:T,14:103959289:G:T,3826039,0.006855756975710392,4.700140198110603e-05,computed (both variants usable)
14:100225958:G:A,14:100843343:A:G,617385,0.009567681699991226,9.154053259408101e-05,computed (both variants usable)
14:100225958:G:A,14:103859962:C:T,3634004,0.010394980199635029,0.00010805561032611877,computed (both variants usable)
14:100225958:G:A,14:103959289:G:T,3733331,0.012557524256408215,0.000157691421918571,computed (both variants usable)
14:100843343:A:G,14:103859962:C:T,3016619,0.0020544894505292177,4.2209267121506855e-06,computed (both variants usable)
14:100843343:A:G,14:103959289:G:T,3115946,-0.0041847145184874535,1.7511834812466986e-05,computed (both variants usable)
14:103859962:C:T,14:103959289:G:T,99327,0.9954291582107544,0.990879237651825,computed (both variants usable)
15:40789202:T:C,15:41311799:T:C,522597,0.0077369906939566135,5.98610240558628e-05,computed (both variants usable)
15:40789202:T:C,15:41410705:G:A,621503,-0.025564996525645256,0.0006535690627060831,computed (both variants usable)
15:40789202:T:C,15:41462468:G:A,673266,-0.08788851648569107,0.007724391296505928,computed (both variants usable)
15:40789202:T:C,15:48801804:A:G,8012602,-0.036582134664058685,0.0013382525648921728,computed (both variants usable)
15:41311799:T:C,15:41410705:G:A,98906,-0.9663546681404114,0.933841347694397,computed (both variants usable)
15:41311799:T:C,15:41462468:G:A,150669,-0.8438255786895752,0.7120416164398193,computed (both variants usable)
15:41311799:T:C,15:48801804:A:G,7490005,-0.03989095985889435,0.0015912887174636126,computed (both variants usable)
15:41311799:T:C,15:50909802:C:G,9598003,-0.020862318575382233,0.00043523634667508304,computed (both variants usable)
15:41410705:G:A,15:41462468:G:A,51763,0.8635982871055603,0.7458019852638245,computed (both variants usable)
15:41410705:G:A,15:48801804:A:G,7391099,0.046691685914993286,0.0021801134571433067,computed (both variants usable)
15:41410705:G:A,15:50909802:C:G,9499097,0.026044001802802086,0.0006782900309190154,computed (both variants usable)
15:41462468:G:A,15:48801804:A:G,7339336,0.02472325786948204,0.000611239462159574,computed (both variants usable)
15:41462468:G:A,15:50909802:C:G,9447334,-0.00319201429374516,1.0188955457124393e-05,computed (both variants usable)
15:48801804:A:G,15:50909802:C:G,2107998,0.036826975643634796,0.001356226159259677,computed (both variants usable)
15:62757722:A:G,15:65341676:G:A,2583954,0.02993183024227619,0.0008959144470281899,computed (both variants usable)
15:62757722:A:G,15:69523654:G:C,6765932,0.005430764984339476,2.949320878542494e-05,computed (both variants usable)
15:65341676:G:A,15:69523654:G:C,4181978,-0.01498494390398264,0.00022454853751696646,computed (both variants usable)
15:65341676:G:A,15:75077367:C:A,9735691,0.025167368352413177,0.0006333964411169291,computed (both variants usable)
15:65341676:G:A,15:75082552:C:G,9740876,0.025167368352413177,0.0006333964411169291,computed (both variants usable)
15:65341676:G:A,15:75115895:G:A,9774219,0.03165900707244873,0.001002292730845511,computed (both variants usable)
15:69523654:G:C,15:75077367:C:A,5553713,-0.05622682347893715,0.003161455737426877,computed (both variants usable)
15:69523654:G:C,15:75082552:C:G,5558898,-0.05622682347893715,0.003161455737426877,computed (both variants usable)
15:69523654:G:C,15:75115895:G:A,5592241,-0.069070003926754,0.004770665429532528,computed (both variants usable)
15:69523654:G:C,15:76246609:T:G,6722955,0.03539472073316574,0.0012527862563729286,computed (both variants usable)
15:69523654:G:C,15:76304503:A:G,6780849,0.03667289763689041,0.0013449013931676745,computed (both variants usable)
15:75077367:C:A,15:75082552:C:G,5185,0.9999973177909851,0.9999946355819702,computed (both variants usable)
15:75077367:C:A,15:75115895:G:A,38528,0.8075720071792603,0.6521725654602051,computed (both variants usable)
15:75077367:C:A,15:76246609:T:G,1169242,0.001666247146204114,2.7763794605561998e-06,computed (both variants usable)
15:75077367:C:A,15:76304503:A:G,1227136,0.016385653987526894,0.0002684896462596953,computed (both variants usable)
15:75077367:C:A,15:79851655:A:G,4774288,0.06212473288178444,0.0038594824727624655,computed (both variants usable)
15:75077367:C:A,15:81025457:G:C,5948090,-0.007216725032776594,5.20811190654058e-05,computed (both variants usable)
15:75077367:C:A,15:81028965:C:G,5951598,-0.009376823902130127,8.792482549324632e-05,computed (both variants usable)
15:75077367:C:A,15:81042816:A:G,5965449,-0.002377060940489173,5.650418643199373e-06,computed (both variants usable)
15:75077367:C:A,15:81289391:C:A,6212024,-0.028659334406256676,0.0008213574765250087,computed (both variants usable)
15:75082552:C:G,15:75115895:G:A,33343,0.8075720071792603,0.6521725654602051,computed (both variants usable)
15:75082552:C:G,15:76246609:T:G,1164057,0.001666247146204114,2.7763794605561998e-06,computed (both variants usable)
15:75082552:C:G,15:76304503:A:G,1221951,0.016385653987526894,0.0002684896462596953,computed (both variants usable)
15:75082552:C:G,15:79851655:A:G,4769103,0.06212473288178444,0.0038594824727624655,computed (both variants usable)
15:75082552:C:G,15:81025457:G:C,5942905,-0.007216725032776594,5.20811190654058e-05,computed (both variants usable)
15:75082552:C:G,15:81028965:C:G,5946413,-0.009376823902130127,8.792482549324632e-05,computed (both variants usable)
15:75082552:C:G,15:81042816:A:G,5960264,-0.002377060940489173,5.650418643199373e-06,computed (both variants usable)
15:75082552:C:G,15:81289391:C:A,6206839,-0.028659334406256676,0.0008213574765250087,computed (both variants usable)
15:75115895:G:A,15:76246609:T:G,1130714,0.008038749918341637,6.462149758590385e-05,computed (both variants usable)
15:75115895:G:A,15:76304503:A:G,1188608,0.015164308249950409,0.000229956247494556,computed (both variants usable)
15:75115895:G:A,15:79851655:A:G,4735760,0.04753962531685829,0.002260016044601798,computed (both variants usable)
15:75115895:G:A,15:81025457:G:C,5909562,-0.015542351640760899,0.00024156468862202018,computed (both variants usable)
15:75115895:G:A,15:81028965:C:G,5913070,-0.015569896437227726,0.00024242168001364917,computed (both variants usable)
15:75115895:G:A,15:81042816:A:G,5926921,-0.010299592278897762,0.00010608159936964512,computed (both variants usable)
15:75115895:G:A,15:81289391:C:A,6173496,-0.05394211784005165,0.0029097520746290684,computed (both variants usable)
15:76246609:T:G,15:76304503:A:G,57894,0.9810187816619873,0.9623978734016418,computed (both variants usable)
15:76246609:T:G,15:79851655:A:G,3605046,-0.012591280043125153,0.00015854033699724823,computed (both variants usable)
15:76246609:T:G,15:81025457:G:C,4778848,0.0006921704625710845,4.790999241777172e-07,computed (both variants usable)
15:76246609:T:G,15:81028965:C:G,4782356,0.014704938977956772,0.00021623523207381368,computed (both variants usable)
15:76246609:T:G,15:81042816:A:G,4796207,0.01609346829354763,0.0002589997311588377,computed (both variants usable)
15:76246609:T:G,15:81289391:C:A,5042782,-0.007718564011156559,5.957623216090724e-05,computed (both variants usable)
15:76246609:T:G,15:86124946:T:C,9878337,-0.019711507484316826,0.00038854352897033095,computed (both variants usable)
15:76246609:T:G,15:86200699:G:A,9954090,-0.016109585762023926,0.0002595187397673726,computed (both variants usable)
15:76304503:A:G,15:79851655:A:G,3547152,-0.008241692557930946,6.792549538658932e-05,computed (both variants usable)
15:76304503:A:G,15:81025457:G:C,4720954,0.008174195885658264,6.68174761813134e-05,computed (both variants usable)
15:76304503:A:G,15:81028965:C:G,4724462,0.020773302763700485,0.0004315301193855703,computed (both variants usable)
15:76304503:A:G,15:81042816:A:G,4738313,0.022327708080410957,0.0004985265550203621,computed (both variants usable)
15:76304503:A:G,15:81289391:C:A,4984888,0.0036683636717498302,1.3456891792884562e-05,computed (both variants usable)
15:76304503:A:G,15:86124946:T:C,9820443,-0.01948423497378826,0.00037963539944030344,computed (both variants usable)
15:76304503:A:G,15:86200699:G:A,9896196,-0.021527564153075218,0.0004634360084310174,computed (both variants usable)
15:79851655:A:G,15:81025457:G:C,1173802,0.005841828882694244,3.412696605664678e-05,computed (both variants usable)
15:79851655:A:G,15:81028965:C:G,1177310,0.0078574288636446,6.1739185184706e-05,computed (both variants usable)
15:79851655:A:G,15:81042816:A:G,1191161,0.002542441710829735,6.464009857154451e-06,computed (both variants usable)
15:79851655:A:G,15:81289391:C:A,1437736,-0.028164882212877274,0.000793260580394417,computed (both variants usable)
15:79851655:A:G,15:86124946:T:C,6273291,-0.025493744760751724,0.0006499310256913304,computed (both variants usable)
15:79851655:A:G,15:86200699:G:A,6349044,-0.012682808563113213,0.00016085362585727125,computed (both variants usable)
15:81025457:G:C,15:81028965:C:G,3508,0.8767871856689453,0.7687557935714722,computed (both variants usable)
15:81025457:G:C,15:81042816:A:G,17359,0.8612229228019714,0.7417049407958984,computed (both variants usable)
15:81025457:G:C,15:81289391:C:A,263934,0.03748590126633644,0.0014051927719265223,computed (both variants usable)
15:81025457:G:C,15:86124946:T:C,5099489,-0.015565432608127594,0.00024228269467130303,computed (both variants usable)
15:81025457:G:C,15:86200699:G:A,5175242,-0.004069492220878601,1.6560767107876018e-05,computed (both variants usable)
15:81025457:G:C,15:90699433:G:A,9673976,0.042846791446208954,0.001835847506299615,computed (both variants usable)
15:81028965:C:G,15:81042816:A:G,13851,0.9860808253288269,0.9723553657531738,computed (both variants usable)
15:81028965:C:G,15:81289391:C:A,260426,0.05189792066812515,0.00269339419901371,computed (both variants usable)
15:81028965:C:G,15:86124946:T:C,5095981,-0.02952808141708374,0.000871907570399344,computed (both variants usable)
15:81028965:C:G,15:86200699:G:A,5171734,-0.024335913360118866,0.0005922366981394589,computed (both variants usable)
15:81028965:C:G,15:90699433:G:A,9670468,0.019040033221244812,0.00036252287100069225,computed (both variants usable)
15:81042816:A:G,15:81289391:C:A,246575,0.05178552865982056,0.002681741025298834,computed (both variants usable)
15:81042816:A:G,15:86124946:T:C,5082130,-0.03075188770890236,0.0009456786210648715,computed (both variants usable)
15:81042816:A:G,15:86200699:G:A,5157883,-0.02442333474755287,0.000596499303355813,computed (both variants usable)
15:81042816:A:G,15:90699433:G:A,9656617,0.01989467814564705,0.0003957982116844505,computed (both variants usable)
15:81289391:C:A,15:86124946:T:C,4835555,-0.007095052860677242,5.03397750435397e-05,computed (both variants usable)
15:81289391:C:A,15:86200699:G:A,4911308,0.0031248871237039566,9.764919923327398e-06,computed (both variants usable)
15:81289391:C:A,15:90699433:G:A,9410042,-0.023573290556669235,0.00055570004042238,computed (both variants usable)
15:86124946:T:C,15:86200699:G:A,75753,0.8876681327819824,0.7879546880722046,computed (both variants usable)
15:86124946:T:C,15:90699433:G:A,4574487,0.02068827673792839,0.0004280048015061766,computed (both variants usable)
15:86124946:T:C,15:91418394:C:T,5293448,0.043798599392175674,0.0019183172844350338,computed (both variants usable)
15:86124946:T:C,15:91429176:G:T,5304230,0.041580140590667725,0.001728908042423427,computed (both variants usable)
15:86124946:T:C,15:91437388:A:T,5312442,0.0371968112885952,0.0013836027355864644,computed (both variants usable)
15:86124946:T:C,15:91655120:T:C,5530174,-0.07475528120994568,0.0055883522145450115,computed (both variants usable)
15:86124946:T:C,15:93612781:C:A,7487835,0.004636477213352919,2.1496920453500934e-05,computed (both variants usable)
15:86200699:G:A,15:90699433:G:A,4498734,0.02583223022520542,0.0006673040916211903,computed (both variants usable)
15:86200699:G:A,15:91418394:C:T,5217695,0.05998186394572258,0.003597823902964592,computed (both variants usable)
15:86200699:G:A,15:91429176:G:T,5228477,0.05716715753078461,0.0032680837903171778,computed (both variants usable)
15:86200699:G:A,15:91437388:A:T,5236689,0.05285247787833214,0.0027933844830840826,computed (both variants usable)
15:86200699:G:A,15:91655120:T:C,5454421,-0.05379846692085266,0.0028942751232534647,computed (both variants usable)
15:86200699:G:A,15:93612781:C:A,7412082,-0.0033257652539759874,1.1060714314226061e-05,computed (both variants usable)
15:90699433:G:A,15:91418394:C:T,718961,-0.03722219914197922,0.0013854921562597156,computed (both variants usable)
15:90699433:G:A,15:91429176:G:T,729743,-0.04067013040184975,0.0016540595097467303,computed (both variants usable)
15:90699433:G:A,15:91437388:A:T,737955,-0.027650518342852592,0.000764551165048033,computed (both variants usable)
15:90699433:G:A,15:91655120:T:C,955687,0.01982535980641842,0.00039304490201175213,computed (both variants usable)
15:90699433:G:A,15:93612781:C:A,2913348,0.006666164379566908,4.4437747419578955e-05,computed (both variants usable)
15:91418394:C:T,15:91429176:G:T,10782,0.9726799130439758,0.9461061954498291,computed (both variants usable)
15:91418394:C:T,15:91437388:A:T,18994,0.949878990650177,0.9022700786590576,computed (both variants usable)
15:91418394:C:T,15:91655120:T:C,236726,0.029514258727431297,0.0008710914407856762,computed (both variants usable)
15:91418394:C:T,15:93612781:C:A,2194387,-0.01882414147257805,0.0003543483035173267,computed (both variants usable)
15:91429176:G:T,15:91437388:A:T,8212,0.9725485444068909,0.945850670337677,computed (both variants usable)
15:91429176:G:T,15:91655120:T:C,225944,0.02356991544365883,0.0005555409006774426,computed (both variants usable)
15:91429176:G:T,15:93612781:C:A,2183605,-0.034828443080186844,0.0012130204122513533,computed (both variants usable)
15:91437388:A:T,15:91655120:T:C,217732,0.023569917306303978,0.0005555410170927644,computed (both variants usable)
15:91437388:A:T,15:93612781:C:A,2175393,-0.0218803733587265,0.00047875073505565524,computed (both variants usable)
15:91655120:T:C,15:93612781:C:A,1957661,-0.03532833978533745,0.0012480915756896138,computed (both variants usable)
16:2080571:T:C,16:2080653:A:T,82,1.0000014305114746,1.0000028610229492,computed (both variants usable)
16:2080571:T:C,16:4020732:C:T,1940161,-0.011038349941372871,0.00012184517254354432,computed (both variants usable)
16:2080571:T:C,16:4918326:G:T,2837755,0.02475118823349476,0.0006126213120296597,computed (both variants usable)
16:2080653:A:T,16:4020732:C:T,1940079,-0.011038349941372871,0.00012184517254354432,computed (both variants usable)
16:2080653:A:T,16:4918326:G:T,2837673,0.02475118823349476,0.0006126213120296597,computed (both variants usable)
16:4020732:C:T,16:4918326:G:T,897594,0.05454722419381142,0.0029753996059298515,computed (both variants usable)
16:4918326:G:T,16:14398176:T:C,9479850,0.0008227775688283145,6.769629408154287e-07,computed (both variants usable)
16:14398176:T:C,16:15906130:A:G,1507954,-0.012829700484871864,0.00016460120968986303,computed (both variants usable)
16:15906130:A:G,16:24733141:A:G,8827011,-0.01745477318763733,0.0003046691126655787,computed (both variants usable)
16:15906130:A:G,16:24788645:T:A,8882515,0.01745477318763733,0.0003046691126655787,computed (both variants usable)
16:15906130:A:G,16:24824248:G:A,8918118,0.015518762171268463,0.00024083198513835669,computed (both variants usable)
16:24733141:A:G,16:24788645:T:A,55504,-0.9999993443489075,0.9999986886978149,computed (both variants usable)
16:24733141:A:G,16:24824248:G:A,91107,-0.9963535070419312,0.9927203059196472,computed (both variants usable)
16:24733141:A:G,16:29958522:A:G,5225381,-0.007244208827614784,5.2478560974122956e-05,computed (both variants usable)
16:24733141:A:G,16:29993108:C:G,5259967,-0.004875581245869398,2.3771292035235092e-05,computed (both variants usable)
16:24733141:A:G,16:30737905:G:A,6004764,-0.010986965149641037,0.0001207134046126157,computed (both variants usable)
16:24733141:A:G,16:31758463:C:A,7025322,-0.02258611097931862,0.0005101324059069157,computed (both variants usable)
16:24788645:T:A,16:24824248:G:A,35603,0.9963535070419312,0.9927203059196472,computed (both variants usable)
16:24788645:T:A,16:29958522:A:G,5169877,0.007244208827614784,5.2478560974122956e-05,computed (both variants usable)
16:24788645:T:A,16:29993108:C:G,5204463,0.004875581245869398,2.3771292035235092e-05,computed (both variants usable)
16:24788645:T:A,16:30737905:G:A,5949260,0.010986965149641037,0.0001207134046126157,computed (both variants usable)
16:24788645:T:A,16:31758463:C:A,6969818,0.02258611097931862,0.0005101324059069157,computed (both variants usable)
16:24824248:G:A,16:29958522:A:G,5134274,0.005467817187309265,2.989702443301212e-05,computed (both variants usable)
16:24824248:G:A,16:29993108:C:G,5168860,0.00788510125130415,6.217481859494e-05,computed (both variants usable)
16:24824248:G:A,16:30737905:G:A,5913657,0.009544285014271736,9.109337406698614e-05,computed (both variants usable)
16:24824248:G:A,16:31758463:C:A,6934215,0.021777775138616562,0.0004742714809253812,computed (both variants usable)
16:29958522:A:G,16:29993108:C:G,34586,-0.5775806307792664,0.33359938859939575,computed (both variants usable)
16:29958522:A:G,16:30737905:G:A,779383,-0.04334620386362076,0.0018788933521136642,computed (both variants usable)
16:29958522:A:G,16:31758463:C:A,1799941,0.001322512747719884,1.7490399386588251e-06,computed (both variants usable)
16:29993108:C:G,16:30737905:G:A,744797,0.08048798143863678,0.006478315219283104,computed (both variants usable)
16:29993108:C:G,16:31758463:C:A,1765355,-0.00996185839176178,9.923861944116652e-05,computed (both variants usable)
16:30737905:G:A,16:31758463:C:A,1020558,0.0016826502978801727,2.831312031048583e-06,computed (both variants usable)
16:49761470:G:A,16:49768046:C:A,6576,-0.713433563709259,0.5089874267578125,computed (both variants usable)
16:49761470:G:A,16:49771659:A:G,10189,-0.9070371985435486,0.822716474533081,computed (both variants usable)
16:49761470:G:A,16:53810546:C:A,4049076,0.05953630805015564,0.003544572042301297,computed (both variants usable)
16:49761470:G:A,16:53825905:G:A,4064435,0.05754755437374115,0.003311720909550786,computed (both variants usable)
16:49768046:C:A,16:49771659:A:G,3613,0.7698739767074585,0.5927059650421143,computed (both variants usable)
16:49768046:C:A,16:53810546:C:A,4042500,-0.03980632126331329,0.0015845432644709945,computed (both variants usable)
16:49768046:C:A,16:53825905:G:A,4057859,-0.03516054153442383,0.0012362636625766754,computed (both variants usable)
16:49771659:A:G,16:53810546:C:A,4038887,-0.044039178639650345,0.0019394492264837027,computed (both variants usable)
16:49771659:A:G,16:53825905:G:A,4054246,-0.042402755469083786,0.0017979936674237251,computed (both variants usable)
16:53810546:C:A,16:53825905:G:A,15359,0.99591064453125,0.9918380379676819,computed (both variants usable)
16:65265028:C:T,16:69575238:G:A,4310210,0.06925743073225021,0.004796591587364674,computed (both variants usable)
16:65265028:C:T,16:70096679:C:A,4831651,0.03161127120256424,0.000999272451736033,computed (both variants usable)
16:65265028:C:T,16:73127723:C:T,7862695,-0.051694463938474655,0.0026723176706582308,computed (both variants usable)
16:69575238:G:A,16:70096679:C:A,521441,0.3264552354812622,0.10657302290201187,computed (both variants usable)
16:69575238:G:A,16:73127723:C:T,3552485,0.04258107393980026,0.0018131479155272245,computed (both variants usable)
16:69575238:G:A,16:75390316:T:A,5815078,-0.0030062843579798937,9.037745257955976e-06,computed (both variants usable)
16:69575238:G:A,16:75419373:G:A,5844135,-0.007096456829458475,5.0359700253466144e-05,computed (both variants usable)
16:69575238:G:A,16:75443816:T:C,5868578,-0.0019239467801526189,3.701571131387027e-06,computed (both variants usable)
16:70096679:C:A,16:73127723:C:T,3031044,-0.00690503278747201,4.767947757500224e-05,computed (both variants usable)
16:70096679:C:A,16:75390316:T:A,5293637,0.03271186351776123,0.001070066005922854,computed (both variants usable)
16:70096679:C:A,16:75419373:G:A,5322694,0.020076118409633636,0.00040305053698830307,computed (both variants usable)
16:70096679:C:A,16:75443816:T:C,5347137,0.03315196931362152,0.0010990530718117952,computed (both variants usable)
16:73127723:C:T,16:75390316:T:A,2262593,0.007610613945871592,5.792144293081947e-05,computed (both variants usable)
16:73127723:C:T,16:75419373:G:A,2291650,0.008676025085151196,7.527341222157702e-05,computed (both variants usable)
16:73127723:C:T,16:75443816:T:C,2316093,0.008475786074995995,7.183894922491163e-05,computed (both variants usable)
16:73127723:C:T,16:80861676:G:A,7733953,0.07305619865655899,0.005337208043783903,computed (both variants usable)
16:73127723:C:T,16:83043712:G:C,9915989,0.05979222431778908,0.0035751101095229387,computed (both variants usable)
16:73127723:C:T,16:83045790:A:G,9918067,-0.03487441688776016,0.0012162249768152833,computed (both variants usable)
16:75390316:T:A,16:75419373:G:A,29057,0.972059428691864,0.9448995590209961,computed (both variants usable)
16:75390316:T:A,16:75443816:T:C,53500,0.9939078092575073,0.9878527522087097,computed (both variants usable)
16:75390316:T:A,16:80861676:G:A,5471360,-0.013518975116312504,0.0001827626838348806,computed (both variants usable)
16:75390316:T:A,16:83043712:G:C,7653396,0.01584489457309246,0.00025106067187152803,computed (both variants usable)
16:75390316:T:A,16:83045790:A:G,7655474,-0.025857839733362198,0.0006686278502456844,computed (both variants usable)
16:75419373:G:A,16:75443816:T:C,24443,0.9699900150299072,0.9408806562423706,computed (both variants usable)
16:75419373:G:A,16:80861676:G:A,5442303,-0.021379666402935982,0.0004570901219267398,computed (both variants usable)
16:75419373:G:A,16:83043712:G:C,7624339,0.023460915312170982,0.0005504145519807935,computed (both variants usable)
16:75419373:G:A,16:83045790:A:G,7626417,-0.03318016976118088,0.0011009236332029104,computed (both variants usable)
16:75443816:T:C,16:80861676:G:A,5417860,-0.020806780084967613,0.00043292209738865495,computed (both variants usable)
16:75443816:T:C,16:83043712:G:C,7599896,0.021844755858182907,0.00047719335998408496,computed (both variants usable)
16:75443816:T:C,16:83045790:A:G,7601974,-0.0340728722512722,0.0011609606444835663,computed (both variants usable)
16:80861676:G:A,16:83043712:G:C,2182036,0.022694436833262444,0.0005150374490767717,computed (both variants usable)
16:80861676:G:A,16:83045790:A:G,2184114,-0.02976125106215477,0.0008857320644892752,computed (both variants usable)
16:80861676:G:A,16:86780349:G:A,5918673,-0.008922004140913486,7.960215589264408e-05,computed (both variants usable)
16:83043712:G:C,16:83045790:A:G,2078,-0.5514096617698669,0.3040526211261749,computed (both variants usable)
16:83043712:G:C,16:86780349:G:A,3736637,0.03639133274555206,0.0013243290595710278,computed (both variants usable)
16:83045790:A:G,16:86780349:G:A,3734559,0.0047275652177631855,2.2349873688654043e-05,computed (both variants usable)
17:1337960:C:T,17:1357160:C:G,19200,0.8260214328765869,0.6823114156723022,computed (both variants usable)
17:1337960:C:T,17:1958609:T:C,620649,-0.07733407616615295,0.005980559159070253,computed (both variants usable)
17:1337960:C:T,17:2090341:C:A,752381,-0.04727470129728317,0.002234897343441844,computed (both variants usable)
17:1337960:C:T,17:6473828:T:C,5135868,0.0425131693482399,0.0018073695246130228,computed (both variants usable)
17:1337960:C:T,17:6531648:A:G,5193688,0.0465334914624691,0.002165365731343627,computed (both variants usable)
17:1337960:C:T,17:7134129:A:G,5796169,-0.0053619868122041225,2.8750902856700122e-05,computed (both variants usable)
17:1337960:C:T,17:7171356:C:T,5833396,-0.03572944924235344,0.0012765935389325023,computed (both variants usable)
17:1337960:C:T,17:7185092:G:A,5847132,-0.028009947389364243,0.0007845571381039917,computed (both variants usable)
17:1337960:C:T,17:7455536:C:T,6117576,-0.003355131484568119,1.125690687331371e-05,computed (both variants usable)
17:1337960:C:T,17:7474539:C:T,6136579,-0.03492278233170509,0.001219600671902299,computed (both variants usable)
17:1337960:C:T,17:7740170:T:C,6402210,0.023126613348722458,0.0005348402191884816,computed (both variants usable)
17:1337960:C:T,17:7781019:T:C,6443059,-0.034364137798547745,0.001180893974378705,computed (both variants usable)
17:1337960:C:T,17:7898537:T:G,6560577,-0.08196476101875305,0.006718222051858902,computed (both variants usable)
17:1357160:C:G,17:1958609:T:C,601449,-0.04564600810408592,0.0020835581235587597,computed (both variants usable)
17:1357160:C:G,17:2090341:C:A,733181,-0.023801475763320923,0.0005665102507919073,computed (both variants usable)
17:1357160:C:G,17:6473828:T:C,5116668,0.04596986621618271,0.002113228663802147,computed (both variants usable)
17:1357160:C:G,17:6531648:A:G,5174488,0.05319054424762726,0.0028292338829487562,computed (both variants usable)
17:1357160:C:G,17:7134129:A:G,5776969,0.036679964512586594,0.0013454197905957699,computed (both variants usable)
17:1357160:C:G,17:7171356:C:T,5814196,-0.00862652063369751,7.441685738740489e-05,computed (both variants usable)
17:1357160:C:G,17:7185092:G:A,5827932,0.003934585023671389,1.5480958609259687e-05,computed (both variants usable)
17:1357160:C:G,17:7455536:C:T,6098376,0.019479049369692802,0.0003794333606492728,computed (both variants usable)
17:1357160:C:G,17:7474539:C:T,6117379,-0.03608430549502373,0.001302077085711062,computed (both variants usable)
17:1357160:C:G,17:7740170:T:C,6383010,0.003864328609779477,1.493303534516599e-05,computed (both variants usable)
17:1357160:C:G,17:7781019:T:C,6423859,-0.002363138133659959,5.584421614912571e-06,computed (both variants usable)
17:1357160:C:G,17:7898537:T:G,6541377,-0.02726323902606964,0.0007432841812260449,computed (both variants usable)
17:1958609:T:C,17:2090341:C:A,131732,0.5551775097846985,0.30822205543518066,computed (both variants usable)
17:1958609:T:C,17:6473828:T:C,4515219,0.047198425978422165,0.0022276914678514004,computed (both variants usable)
17:1958609:T:C,17:6531648:A:G,4573039,0.037488438189029694,0.0014053829945623875,computed (both variants usable)
17:1958609:T:C,17:7134129:A:G,5175520,0.021034330129623413,0.00044244303717277944,computed (both variants usable)
17:1958609:T:C,17:7171356:C:T,5212747,0.021170498803257942,0.00044819002505391836,computed (both variants usable)
17:1958609:T:C,17:7185092:G:A,5226483,0.02201138809323311,0.00048450121539644897,computed (both variants usable)
17:1958609:T:C,17:7455536:C:T,5496927,-0.03946520388126373,0.001557502313517034,computed (both variants usable)
17:1958609:T:C,17:7474539:C:T,5515930,0.009192997589707375,8.451120811514556e-05,computed (both variants usable)
17:1958609:T:C,17:7740170:T:C,5781561,-0.001310652820393443,1.7178108464577235e-06,computed (both variants usable)
17:1958609:T:C,17:7781019:T:C,5822410,0.04793166741728783,0.002297444734722376,computed (both variants usable)
17:1958609:T:C,17:7898537:T:G,5939928,0.07052487134933472,0.004973757546395063,computed (both variants usable)
17:2090341:C:A,17:6473828:T:C,4383487,0.0544365830719471,0.0029633415397256613,computed (both variants usable)
17:2090341:C:A,17:6531648:A:G,4441307,0.0276919137686491,0.0007668421021662652,computed (both variants usable)
17:2090341:C:A,17:7134129:A:G,5043788,0.03587602823972702,0.0012870894279330969,computed (both variants usable)
17:2090341:C:A,17:7171356:C:T,5081015,0.05866565927863121,0.003441659500822425,computed (both variants usable)
17:2090341:C:A,17:7185092:G:A,5094751,0.03568963706493378,0.0012737502111122012,computed (both variants usable)
17:2090341:C:A,17:7455536:C:T,5365195,0.028415996581315994,0.0008074688375927508,computed (both variants usable)
17:2090341:C:A,17:7474539:C:T,5384198,-0.03871113806962967,0.0014985521556809545,computed (both variants usable)
17:2090341:C:A,17:7740170:T:C,5649829,-0.027138108387589455,0.0007364769116975367,computed (both variants usable)
17:2090341:C:A,17:7781019:T:C,5690678,0.026759587228298187,0.0007160755340009928,computed (both variants usable)
17:2090341:C:A,17:7898537:T:G,5808196,0.0612102709710598,0.003746697213500738,computed (both variants usable)
17:6473828:T:C,17:6531648:A:G,57820,0.7045938968658447,0.49645256996154785,computed (both variants usable)
17:6473828:T:C,17:7134129:A:G,660301,-0.013923187740147114,0.00019385515770409256,computed (both variants usable)
17:6473828:T:C,17:7171356:C:T,697528,0.00561870913952589,3.1569892598781735e-05,computed (both variants usable)
17:6473828:T:C,17:7185092:G:A,711264,-0.00745414337143302,5.556425458053127e-05,computed (both variants usable)
17:6473828:T:C,17:7455536:C:T,981708,0.06656647473573685,0.004431095439940691,computed (both variants usable)
17:6473828:T:C,17:7474539:C:T,1000711,-0.02517966367304325,0.0006340154795907438,computed (both variants usable)
17:6473828:T:C,17:7740170:T:C,1266342,0.0034598021302372217,1.1970230843871832e-05,computed (both variants usable)
17:6473828:T:C,17:7781019:T:C,1307191,-0.01104219164699316,0.00012192999565741047,computed (both variants usable)
17:6473828:T:C,17:7898537:T:G,1424709,-0.04959298297762871,0.002459463896229863,computed (both variants usable)
17:6531648:A:G,17:7134129:A:G,602481,-0.040052253752946854,0.0016041829949244857,computed (both variants usable)
17:6531648:A:G,17:7171356:C:T,639708,-0.04509655758738518,0.0020336995366960764,computed (both variants usable)
17:6531648:A:G,17:7185092:G:A,653444,-0.04496582970023155,0.0020219257567077875,computed (both variants usable)
17:6531648:A:G,17:7455536:C:T,923888,0.09094064682722092,0.0082702012732625,computed (both variants usable)
17:6531648:A:G,17:7474539:C:T,942891,-0.07025625556707382,0.004935941658914089,computed (both variants usable)
17:6531648:A:G,17:7740170:T:C,1208522,0.02097122184932232,0.0004397921438794583,computed (both variants usable)
17:6531648:A:G,17:7781019:T:C,1249371,-0.036343034356832504,0.0013208161108195782,computed (both variants usable)
17:6531648:A:G,17:7898537:T:G,1366889,-0.06160317361354828,0.0037949508987367153,computed (both variants usable)
17:7134129:A:G,17:7171356:C:T,37227,0.7108109593391418,0.5052522420883179,computed (both variants usable)
17:7134129:A:G,17:7185092:G:A,50963,0.7358064651489258,0.5414111614227295,computed (both variants usable)
17:7134129:A:G,17:7455536:C:T,321407,0.011631383560597897,0.00013528908311855048,computed (both variants usable)
17:7134129:A:G,17:7474539:C:T,340410,0.020625993609428406,0.00042543161544017494,computed (both variants usable)
17:7134129:A:G,17:7740170:T:C,606041,0.022821268066763878,0.0005208102520555258,computed (both variants usable)
17:7134129:A:G,17:7781019:T:C,646890,0.048912469297647476,0.0023924296256154776,computed (both variants usable)
17:7134129:A:G,17:7898537:T:G,764408,0.06967543810606003,0.004854666534811258,computed (both variants usable)
17:7171356:C:T,17:7185092:G:A,13736,0.9201497435569763,0.8466755747795105,computed (both variants usable)
17:7171356:C:T,17:7455536:C:T,284180,-0.0018554189009591937,3.44257932738401e-06,computed (both variants usable)
17:7171356:C:T,17:7474539:C:T,303183,0.08526879549026489,0.007270767353475094,computed (both variants usable)
17:7171356:C:T,17:7740170:T:C,568814,-0.003928528167307377,1.543333382869605e-05,computed (both variants usable)
17:7171356:C:T,17:7781019:T:C,609663,0.05093665048480034,0.002594542456790805,computed (both variants usable)
17:7171356:C:T,17:7898537:T:G,727181,0.10386919975280762,0.010788810439407825,computed (both variants usable)
17:7185092:G:A,17:7455536:C:T,270444,-0.01985716074705124,0.0003943068441003561,computed (both variants usable)
17:7185092:G:A,17:7474539:C:T,289447,0.09948955476284027,0.00989817176014185,computed (both variants usable)
17:7185092:G:A,17:7740170:T:C,555078,0.008265809156000614,6.832359940744936e-05,computed (both variants usable)
17:7185092:G:A,17:7781019:T:C,595927,0.045186836272478104,0.0020418502390384674,computed (both variants usable)
17:7185092:G:A,17:7898537:T:G,713445,0.09470843523740768,0.008969687856733799,computed (both variants usable)
17:7455536:C:T,17:7474539:C:T,19003,-0.6523491144180298,0.4255593717098236,computed (both variants usable)
17:7455536:C:T,17:7740170:T:C,284634,0.05163681134581566,0.0026663602329790592,computed (both variants usable)
17:7455536:C:T,17:7781019:T:C,325483,-0.1388525515794754,0.019280031323432922,computed (both variants usable)
17:7455536:C:T,17:7898537:T:G,443001,-0.13321715593338013,0.017746809870004654,computed (both variants usable)
17:7474539:C:T,17:7740170:T:C,265631,-0.06787128001451492,0.004606510512530804,computed (both variants usable)
17:7474539:C:T,17:7781019:T:C,306480,0.1407187283039093,0.019801760092377663,computed (both variants usable)
17:7474539:C:T,17:7898537:T:G,423998,0.11650996655225754,0.013574572280049324,computed (both variants usable)
17:7740170:T:C,17:7781019:T:C,40849,-0.0891374722123146,0.007945489138364792,computed (both variants usable)
17:7740170:T:C,17:7898537:T:G,158367,-0.06677020341157913,0.004458260256797075,computed (both variants usable)
17:7781019:T:C,17:7898537:T:G,117518,0.6589328646659851,0.4341925084590912,computed (both variants usable)
17:18185510:G:A,17:18221799:T:C,36289,0.9979549050331116,0.9959139823913574,computed (both variants usable)
17:18185510:G:A,17:18244770:C:T,59260,0.9979566335678101,0.9959174394607544,computed (both variants usable)
17:18185510:G:A,17:26694861:G:A,8509351,0.021049221977591515,0.00044306975905783474,computed (both variants usable)
17:18185510:G:A,17:26849673:C:T,8664163,0.0159145500510931,0.00025327291223220527,computed (both variants usable)
17:18185510:G:A,17:26911529:C:A,8726019,-0.027793852612376213,0.0007724982569925487,computed (both variants usable)
17:18185510:G:A,17:27210253:T:C,9024743,-0.04075033962726593,0.0016605901764705777,computed (both variants usable)
17:18221799:T:C,17:18244770:C:T,22971,0.9959166049957275,0.9918498992919922,computed (both variants usable)
17:18221799:T:C,17:26694861:G:A,8473062,0.02327415905892849,0.0005416864878498018,computed (both variants usable)
17:18221799:T:C,17:26849673:C:T,8627874,0.013293711468577385,0.00017672276590019464,computed (both variants usable)
17:18221799:T:C,17:26911529:C:A,8689730,-0.028505142778158188,0.0008125431486405432,computed (both variants usable)
17:18221799:T:C,17:27210253:T:C,8988454,-0.03782401606440544,0.0014306561788544059,computed (both variants usable)
17:18244770:C:T,17:26694861:G:A,8450091,0.02287897653877735,0.0005234475829638541,computed (both variants usable)
17:18244770:C:T,17:26849673:C:T,8604903,0.014364764094352722,0.00020634644897654653,computed (both variants usable)
17:18244770:C:T,17:26911529:C:A,8666759,-0.027082042768597603,0.0007334370166063309,computed (both variants usable)
17:18244770:C:T,17:27210253:T:C,8965483,-0.039367180317640305,0.0015497748972848058,computed (both variants usable)
17:26694861:G:A,17:26849673:C:T,154812,-0.08890026062726974,0.007903256453573704,computed (both variants usable)
17:26694861:G:A,17:26911529:C:A,216668,0.11208663880825043,0.012563414871692657,computed (both variants usable)
17:26694861:G:A,17:27210253:T:C,515392,0.10045552253723145,0.010091312229633331,computed (both variants usable)
17:26694861:G:A,17:30025992:A:C,3331131,0.019537806510925293,0.0003817258693743497,computed (both variants usable)
17:26694861:G:A,17:30033514:C:T,3338653,0.01911749131977558,0.0003654784813988954,computed (both variants usable)
17:26849673:C:T,17:26911529:C:A,61856,-0.15892358124256134,0.025256704539060593,computed (both variants usable)
17:26849673:C:T,17:27210253:T:C,360580,-0.3227517604827881,0.10416869819164276,computed (both variants usable)
17:26849673:C:T,17:30025992:A:C,3176319,0.021527651697397232,0.0004634397919289768,computed (both variants usable)
17:26849673:C:T,17:30033514:C:T,3183841,0.01798340491950512,0.0003234028408769518,computed (both variants usable)
17:26911529:C:A,17:27210253:T:C,298724,0.03388829901814461,0.0011484167771413922,computed (both variants usable)
17:26911529:C:A,17:30025992:A:C,3114463,0.02798272855579853,0.0007830330869182944,computed (both variants usable)
17:26911529:C:A,17:30033514:C:T,3121985,0.022356705740094185,0.0004998223157599568,computed (both variants usable)
17:27210253:T:C,17:30025992:A:C,2815739,0.04099564626812935,0.0016806430649012327,computed (both variants usable)
17:27210253:T:C,17:30033514:C:T,2823261,0.03935518488287926,0.0015488305361941457,computed (both variants usable)
17:30025992:A:C,17:30033514:C:T,7522,0.9890414476394653,0.9782029986381531,computed (both variants usable)
17:43131480:A:T,17:43134624:A:G,3144,0.8264933228492737,0.6830912232398987,computed (both variants usable)
17:43131480:A:T,17:43173273:T:C,41793,0.7557018995285034,0.5710853338241577,computed (both variants usable)
17:43131480:A:T,17:45013271:T:C,1881791,-0.05567927286028862,0.0031001814641058445,computed (both variants usable)
17:43131480:A:T,17:45036112:A:T,1904632,-0.056483641266822815,0.0031904017087072134,computed (both variants usable)
17:43131480:A:T,17:45930539:G:T,2799059,0.048080962151288986,0.0023117789532989264,computed (both variants usable)
17:43131480:A:T,17:45957049:A:G,2825569,-0.043040234595537186,0.0018524618353694677,computed (both variants usable)
17:43131480:A:T,17:46349432:T:C,3217952,0.0057222540490329266,3.274419213994406e-05,computed (both variants usable)
17:43131480:A:T,17:46614250:A:T,3482770,-0.041167326271533966,0.001694748760201037,computed (both variants usable)
17:43131480:A:T,17:47037024:A:T,3905544,0.01119009405374527,0.00012521821190603077,computed (both variants usable)
17:43131480:A:T,17:47037194:G:T,3905714,0.01019180566072464,0.00010387290240032598,computed (both variants usable)
17:43131480:A:T,17:48153924:T:C,5022444,0.026050901040434837,0.0006786494632251561,computed (both variants usable)
17:43134624:A:G,17:43173273:T:C,38649,0.8773425221443176,0.7697299122810364,computed (both variants usable)
17:43134624:A:G,17:45013271:T:C,1878647,-0.01539211068302393,0.00023691706883255392,computed (both variants usable)
17:43134624:A:G,17:45036112:A:T,1901488,-0.016593169420957565,0.00027533326647244394,computed (both variants usable)
17:43134624:A:G,17:45930539:G:T,2795915,0.07017876952886581,0.004925059620290995,computed (both variants usable)
17:43134624:A:G,17:45957049:A:G,2822425,-0.044026266783475876,0.001938312198035419,computed (both variants usable)
17:43134624:A:G,17:46349432:T:C,3214808,0.03124139830470085,0.0009760249522514641,computed (both variants usable)
17:43134624:A:G,17:46614250:A:T,3479626,-0.06350933760404587,0.004033436067402363,computed (both variants usable)
17:43134624:A:G,17:47037024:A:T,3902400,0.017989419400691986,0.00032361919875256717,computed (both variants usable)
17:43134624:A:G,17:47037194:G:T,3902570,0.011739678680896759,0.00013782005407847464,computed (both variants usable)
17:43134624:A:G,17:48153924:T:C,5019300,0.01934782974421978,0.0003743385022971779,computed (both variants usable)
17:43173273:T:C,17:45013271:T:C,1839998,0.015392080880701542,0.00023691615206189454,computed (both variants usable)
17:43173273:T:C,17:45036112:A:T,1862839,0.016593197360634804,0.00027533419779501855,computed (both variants usable)
17:43173273:T:C,17:45930539:G:T,2757266,0.054555781185626984,0.0029763332568109035,computed (both variants usable)
17:43173273:T:C,17:45957049:A:G,2783776,-0.036611881107091904,0.001340429880656302,computed (both variants usable)
17:43173273:T:C,17:46349432:T:C,3176159,0.030553439632058144,0.0009335126960650086,computed (both variants usable)
17:43173273:T:C,17:46614250:A:T,3440977,-0.043126679956912994,0.0018599105533212423,computed (both variants usable)
17:43173273:T:C,17:47037024:A:T,3863751,-0.009778241626918316,9.561400656821206e-05,computed (both variants usable)
17:43173273:T:C,17:47037194:G:T,3863921,-0.015851827338337898,0.0002512804348953068,computed (both variants usable)
17:43173273:T:C,17:48153924:T:C,4980651,0.014490754343569279,0.00020998196850996464,computed (both variants usable)
17:45013271:T:C,17:45036112:A:T,22841,0.9511862993240356,0.9047553539276123,computed (both variants usable)
17:45013271:T:C,17:45930539:G:T,917268,0.0428631491959095,0.0018372496124356985,computed (both variants usable)
17:45013271:T:C,17:45957049:A:G,943778,-0.0349111445248127,0.001218787976540625,computed (both variants usable)
17:45013271:T:C,17:46349432:T:C,1336161,-0.036891430616378784,0.0013609776506200433,computed (both variants usable)
17:45013271:T:C,17:46614250:A:T,1600979,-0.038902293890714645,0.0015133884735405445,computed (both variants usable)
17:45013271:T:C,17:47037024:A:T,2023753,0.012152958661317825,0.00014769440167583525,computed (both variants usable)
17:45013271:T:C,17:47037194:G:T,2023923,0.015002481639385223,0.00022507445828523487,computed (both variants usable)
17:45013271:T:C,17:48153924:T:C,3140653,0.029455268755555153,0.0008676128345541656,computed (both variants usable)
17:45036112:A:T,17:45930539:G:T,894427,0.05348976328969002,0.002861154731363058,computed (both variants usable)
17:45036112:A:T,17:45957049:A:G,920937,-0.034031759947538376,0.0011581607395783067,computed (both variants usable)
17:45036112:A:T,17:46349432:T:C,1313320,-0.04115728661417961,0.0016939222114160657,computed (both variants usable)
17:45036112:A:T,17:46614250:A:T,1578138,-0.0502968356013298,0.002529771765694022,computed (both variants usable)
17:45036112:A:T,17:47037024:A:T,2000912,-0.008369172923266888,7.004305371083319e-05,computed (both variants usable)
17:45036112:A:T,17:47037194:G:T,2001082,-0.005690636113286018,3.2383341022068635e-05,computed (both variants usable)
17:45036112:A:T,17:48153924:T:C,3117812,0.04278188198804855,0.0018302893731743097,computed (both variants usable)
17:45930539:G:T,17:45957049:A:G,26510,-0.769326388835907,0.5918630957603455,computed (both variants usable)
17:45930539:G:T,17:46349432:T:C,418893,-0.1338404268026352,0.01791325956583023,computed (both variants usable)
17:45930539:G:T,17:46614250:A:T,683711,-0.029525786638259888,0.0008717720629647374,computed (both variants usable)
17:45930539:G:T,17:47037024:A:T,1106485,-0.04195694997906685,0.0017603856977075338,computed (both variants usable)
17:45930539:G:T,17:47037194:G:T,1106655,-0.039332251995801926,0.0015470260987058282,computed (both variants usable)
17:45930539:G:T,17:48153924:T:C,2223385,0.015098345465958118,0.00022796003031544387,computed (both variants usable)
17:45957049:A:G,17:46349432:T:C,392383,-0.033235304057598114,0.0011045854771509767,computed (both variants usable)
17:45957049:A:G,17:46614250:A:T,657201,0.05086713284254074,0.002587465103715658,computed (both variants usable)
17:45957049:A:G,17:47037024:A:T,1079975,0.07228375971317291,0.00522494176402688,computed (both variants usable)
17:45957049:A:G,17:47037194:G:T,1080145,0.07459574192762375,0.005564524792134762,computed (both variants usable)
17:45957049:A:G,17:48153924:T:C,2196875,-0.004176975227892399,1.744712244544644e-05,computed (both variants usable)
17:46349432:T:C,17:46614250:A:T,264818,0.2878001630306244,0.08282893151044846,computed (both variants usable)
17:46349432:T:C,17:47037024:A:T,687592,0.036115970462560654,0.0013043633662164211,computed (both variants usable)
17:46349432:T:C,17:47037194:G:T,687762,0.03203307092189789,0.0010261175921186805,computed (both variants usable)
17:46349432:T:C,17:48153924:T:C,1804492,-0.002738447394222021,7.499093953811098e-06,computed (both variants usable)
17:46349432:T:C,17:56152198:C:G,9802766,0.022278234362602234,0.0004963197279721498,computed (both variants usable)
17:46614250:A:T,17:47037024:A:T,422774,0.056567780673503876,0.0031999137718230486,computed (both variants usable)
17:46614250:A:T,17:47037194:G:T,422944,0.05052139237523079,0.002552411053329706,computed (both variants usable)
17:46614250:A:T,17:48153924:T:C,1539674,-0.026719456538558006,0.0007139293593354523,computed (both variants usable)
17:46614250:A:T,17:56152198:C:G,9537948,-0.0008333243895322084,6.944295591893024e-07,computed (both variants usable)
17:47037024:A:T,17:47037194:G:T,170,0.9894072413444519,0.9789267182350159,computed (both variants usable)
17:47037024:A:T,17:48153924:T:C,1116900,-0.007485711015760899,5.603586760116741e-05,computed (both variants usable)
17:47037024:A:T,17:56152198:C:G,9115174,-0.049101006239652634,0.002410908928140998,computed (both variants usable)
17:47037024:A:T,17:56732304:G:A,9695280,0.003598814597353339,1.2951466487720609e-05,computed (both variants usable)
17:47037024:A:T,17:56848677:T:C,9811653,-0.01347432378679514,0.00018155740690417588,computed (both variants usable)
17:47037194:G:T,17:48153924:T:C,1116730,-0.005494791083037853,3.0192728445399553e-05,computed (both variants usable)
17:47037194:G:T,17:56152198:C:G,9115004,-0.04807858541607857,0.0023115503136068583,computed (both variants usable)
17:47037194:G:T,17:56732304:G:A,9695110,0.004082621540874243,1.666779826337006e-05,computed (both variants usable)
17:47037194:G:T,17:56848677:T:C,9811483,-0.013218333944678307,0.00017472435138188303,computed (both variants usable)
17:48153924:T:C,17:56152198:C:G,7998274,0.05837574973702431,0.003407728159800172,computed (both variants usable)
17:48153924:T:C,17:56732304:G:A,8578380,0.023854734376072884,0.0005690483376383781,computed (both variants usable)
17:48153924:T:C,17:56848677:T:C,8694753,0.03487752750515938,0.0012164419749751687,computed (both variants usable)
17:48153924:T:C,17:57979002:A:G,9825078,0.022607937455177307,0.0005111188511364162,computed (both variants usable)
17:48153924:T:C,17:58021268:C:T,9867344,0.026126548647880554,0.0006825965247116983,computed (both variants usable)
17:56152198:C:G,17:56732304:G:A,580106,-0.031666699796915054,0.0010027799289673567,computed (both variants usable)
17:56152198:C:G,17:56848677:T:C,696479,-0.022856926545500755,0.0005224390770308673,computed (both variants usable)
17:56152198:C:G,17:57979002:A:G,1826804,0.05767210200428963,0.0033260714262723923,computed (both variants usable)
17:56152198:C:G,17:58021268:C:T,1869070,0.0221975389868021,0.0004927307600155473,computed (both variants usable)
17:56152198:C:G,17:59240473:C:T,3088275,-0.019060125574469566,0.0003632883890531957,computed (both variants usable)
17:56152198:C:G,17:59241469:T:C,3089271,-0.013919763267040253,0.0001937598135555163,computed (both variants usable)
17:56152198:C:G,17:59475642:C:T,3323444,0.0231588426977396,0.0005363320233300328,computed (both variants usable)
17:56152198:C:G,17:59485393:C:T,3333195,0.02182270586490631,0.0004762304888572544,computed (both variants usable)
17:56152198:C:G,17:60769803:A:G,4617605,-1.396443258272484e-05,1.9500537296046616e-10,computed (both variants usable)
17:56152198:C:G,17:60993596:T:C,4841398,0.01892954856157303,0.0003583278157748282,computed (both variants usable)
17:56732304:G:A,17:56848677:T:C,116373,0.9575774669647217,0.9169545769691467,computed (both variants usable)
17:56732304:G:A,17:57979002:A:G,1246698,-0.09013891220092773,0.008125023916363716,computed (both variants usable)
17:56732304:G:A,17:58021268:C:T,1288964,-0.04220177233219147,0.0017809895798563957,computed (both variants usable)
17:56732304:G:A,17:59240473:C:T,2508169,-0.022867487743496895,0.0005229219677858055,computed (both variants usable)
17:56732304:G:A,17:59241469:T:C,2509165,-0.0010688634356483817,1.142469045589678e-06,computed (both variants usable)
17:56732304:G:A,17:59475642:C:T,2743338,-0.05629274621605873,0.003168873256072402,computed (both variants usable)
17:56732304:G:A,17:59485393:C:T,2753089,-0.05451193079352379,0.0029715506825596094,computed (both variants usable)
17:56732304:G:A,17:60769803:A:G,4037499,-0.056053075939416885,0.0031419473234564066,computed (both variants usable)
17:56732304:G:A,17:60993596:T:C,4261292,0.00963857676833868,9.290216257795691e-05,computed (both variants usable)
17:56848677:T:C,17:57979002:A:G,1130325,-0.06534568965435028,0.004270059056580067,computed (both variants usable)
17:56848677:T:C,17:58021268:C:T,1172591,-0.027695033699274063,0.0007670148625038564,computed (both variants usable)
17:56848677:T:C,17:59240473:C:T,2391796,-0.02474389784038067,0.0006122604827396572,computed (both variants usable)
17:56848677:T:C,17:59241469:T:C,2392792,0.0029446498956531286,8.670963325130288e-06,computed (both variants usable)
17:56848677:T:C,17:59475642:C:T,2626965,-0.058351825922727585,0.0034049355890601873,computed (both variants usable)
17:56848677:T:C,17:59485393:C:T,2636716,-0.05662667378783226,0.003206580178812146,computed (both variants usable)
17:56848677:T:C,17:60769803:A:G,3921126,-0.050089847296476364,0.0025089927949011326,computed (both variants usable)
17:56848677:T:C,17:60993596:T:C,4144919,0.014890506863594055,0.00022172719764057547,computed (both variants usable)
17:57979002:A:G,17:58021268:C:T,42266,0.5882097482681274,0.34599071741104126,computed (both variants usable)
17:57979002:A:G,17:59240473:C:T,1261471,-0.0696881040930748,0.004856431856751442,computed (both variants usable)
17:57979002:A:G,17:59241469:T:C,1262467,-0.03350253403186798,0.0011224198387935758,computed (both variants usable)
17:57979002:A:G,17:59475642:C:T,1496640,0.014756682328879833,0.00021775967616122216,computed (both variants usable)
17:57979002:A:G,17:59485393:C:T,1506391,0.01568649709224701,0.0002460661926306784,computed (both variants usable)
17:57979002:A:G,17:60769803:A:G,2790801,0.0365578718483448,0.0013364780461415648,computed (both variants usable)
17:57979002:A:G,17:60993596:T:C,3014594,-0.01789800077676773,0.0003203384403605014,computed (both variants usable)
17:58021268:C:T,17:59240473:C:T,1219205,-0.07553339749574661,0.005705294199287891,computed (both variants usable)
17:58021268:C:T,17:59241469:T:C,1220201,-0.057806823402643204,0.0033416289370507,computed (both variants usable)
17:58021268:C:T,17:59475642:C:T,1454374,0.03152463585138321,0.0009938026778399944,computed (both variants usable)
17:58021268:C:T,17:59485393:C:T,1464125,0.0378112718462944,0.0014296922599896789,computed (both variants usable)
17:58021268:C:T,17:60769803:A:G,2748535,0.010703840292990208,0.00011457219807198271,computed (both variants usable)
17:58021268:C:T,17:60993596:T:C,2972328,0.008413814939558506,7.07922808942385e-05,computed (both variants usable)
17:59240473:C:T,17:59241469:T:C,996,0.8651730418205261,0.7485243678092957,computed (both variants usable)
17:59240473:C:T,17:59475642:C:T,235169,-0.002807649550959468,7.882896170485765e-06,computed (both variants usable)
17:59240473:C:T,17:59485393:C:T,244920,-0.009459218010306358,8.947680180426687e-05,computed (both variants usable)
17:59240473:C:T,17:60769803:A:G,1529330,0.046787362545728683,0.002189057180657983,computed (both variants usable)
17:59240473:C:T,17:60993596:T:C,1753123,-0.02127823606133461,0.0004527633427642286,computed (both variants usable)
17:59241469:T:C,17:59475642:C:T,234173,-0.0029030682053416967,8.427805369137786e-06,computed (both variants usable)
17:59241469:T:C,17:59485393:C:T,243924,-0.00932292826473713,8.691698894836009e-05,computed (both variants usable)
17:59241469:T:C,17:60769803:A:G,1528334,0.03520580381155014,0.0012394486693665385,computed (both variants usable)
17:59241469:T:C,17:60993596:T:C,1752127,-0.01400384958833456,0.00019610780873335898,computed (both variants usable)
17:59475642:C:T,17:59485393:C:T,9751,0.9924531579017639,0.9849632978439331,computed (both variants usable)
17:59475642:C:T,17:60769803:A:G,1294161,0.0051231239922344685,2.6246400011586957e-05,computed (both variants usable)
17:59475642:C:T,17:60993596:T:C,1517954,0.037584614008665085,0.0014126031892374158,computed (both variants usable)
17:59485393:C:T,17:60769803:A:G,1284410,0.0024275078903883696,5.8927944337483495e-06,computed (both variants usable)
17:59485393:C:T,17:60993596:T:C,1508203,0.03833254799246788,0.0014693841803818941,computed (both variants usable)
17:60769803:A:G,17:60993596:T:C,223793,-0.09487506747245789,0.009001278318464756,computed (both variants usable)
17:75261986:C:T,17:75316880:A:G,54894,0.1925462931394577,0.037074074149131775,computed (both variants usable)
17:75261986:C:T,17:76164925:G:A,902939,0.017726555466651917,0.0003142307687085122,computed (both variants usable)
17:75261986:C:T,17:76726515:G:A,1464529,0.001417269348166883,2.008652472795802e-06,computed (both variants usable)
17:75261986:C:T,17:76772288:C:T,1510302,0.0026953350752592087,7.264831310749287e-06,computed (both variants usable)
17:75261986:C:T,17:76793600:G:A,1531614,0.02273527905344963,0.0005168929346837103,computed (both variants usable)
17:75261986:C:T,17:79381917:G:C,4119931,-0.009843152016401291,9.688764112070203e-05,computed (both variants usable)
17:75316880:A:G,17:76164925:G:A,848045,-0.027433227747678757,0.0007525819819420576,computed (both variants usable)
17:75316880:A:G,17:76726515:G:A,1409635,0.0043838792480528355,1.9218397937947884e-05,computed (both variants usable)
17:75316880:A:G,17:76772288:C:T,1455408,0.010009954683482647,0.00010019919136539102,computed (both variants usable)
17:75316880:A:G,17:76793600:G:A,1476720,-0.004690264817327261,2.1998583179083653e-05,computed (both variants usable)
17:75316880:A:G,17:79381917:G:C,4065037,0.02496860735118389,0.0006234313477762043,computed (both variants usable)
17:76164925:G:A,17:76726515:G:A,561590,-0.06374406814575195,0.004063306376338005,computed (both variants usable)
17:76164925:G:A,17:76772288:C:T,607363,-0.06300464272499084,0.003969585057348013,computed (both variants usable)
17:76164925:G:A,17:76793600:G:A,628675,-0.06097901612520218,0.0037184404209256172,computed (both variants usable)
17:76164925:G:A,17:79381917:G:C,3216992,-0.0134230712428689,0.00018017884576693177,computed (both variants usable)
17:76726515:G:A,17:76772288:C:T,45773,0.9860737919807434,0.9723415374755859,computed (both variants usable)
17:76726515:G:A,17:76793600:G:A,67085,0.9390478134155273,0.8818107843399048,computed (both variants usable)
17:76726515:G:A,17:79381917:G:C,2655402,-0.0006616855971515179,4.378278219974163e-07,computed (both variants usable)
17:76772288:C:T,17:76793600:G:A,21312,0.9451192617416382,0.8932504057884216,computed (both variants usable)
17:76772288:C:T,17:79381917:G:C,2609629,0.007379522547125816,5.4457352234749123e-05,computed (both variants usable)
17:76793600:G:A,17:79381917:G:C,2588317,-0.0074132708832621574,5.4956584790488705e-05,computed (both variants usable)
18:658423:A:G,18:722868:A:G,64445,0.04903928562998772,0.002404851606115699,computed (both variants usable)
18:658423:A:G,18:1841371:T:G,1182948,-0.02771051786839962,0.00076787278521806,computed (both variants usable)
18:722868:A:G,18:1841371:T:G,1118503,0.012867060489952564,0.00016556124319322407,computed (both variants usable)
18:24447936:C:G,18:31161426:T:G,6713490,0.0024170943070203066,5.842344762641005e-06,computed (both variants usable)
18:24447936:C:G,18:31168982:T:C,6721046,0.0024170943070203066,5.842344762641005e-06,computed (both variants usable)
18:31161426:T:G,18:31168982:T:C,7556,0.9999964833259583,0.9999929666519165,computed (both variants usable)
18:42053616:C:T,18:42086982:A:G,33366,0.9581851363182068,0.9181187748908997,computed (both variants usable)
18:42053616:C:T,18:42202927:G:A,149311,-0.28673434257507324,0.08221658319234848,computed (both variants usable)
18:42053616:C:T,18:42599920:A:G,546304,-0.06326590478420258,0.00400257483124733,computed (both variants usable)
18:42053616:C:T,18:42606091:C:T,552475,-0.055968474596738815,0.0031324701849371195,computed (both variants usable)
18:42053616:C:T,18:42880242:A:G,826626,0.02892882563173771,0.0008368769777007401,computed (both variants usable)
18:42053616:C:T,18:42948994:T:G,895378,0.008839658461511135,7.813956472091377e-05,computed (both variants usable)
18:42053616:C:T,18:43080434:C:T,1026818,-0.006614848505705595,4.3756219383794814e-05,computed (both variants usable)
18:42053616:C:T,18:43083792:G:C,1030176,0.011011826805770397,0.00012126033107051626,computed (both variants usable)
18:42053616:C:T,18:43097750:C:A,1044134,0.06732108443975449,0.004532128572463989,computed (both variants usable)
18:42053616:C:T,18:48277401:A:C,6223785,-0.03468051180243492,0.0012027379125356674,computed (both variants usable)
18:42053616:C:T,18:48788464:T:C,6734848,-0.001712873810902238,2.9339366847125348e-06,computed (both variants usable)
18:42053616:C:T,18:48790842:A:C,6737226,0.00162812031339854,2.6507757411309285e-06,computed (both variants usable)
18:42086982:A:G,18:42202927:G:A,115945,-0.3069233298301697,0.09420192986726761,computed (both variants usable)
18:42086982:A:G,18:42599920:A:G,512938,-0.060442715883255005,0.0036533218808472157,computed (both variants usable)
18:42086982:A:G,18:42606091:C:T,519109,-0.04829192906618118,0.002332110423594713,computed (both variants usable)
18:42086982:A:G,18:42880242:A:G,793260,0.04721362143754959,0.002229125937446952,computed (both variants usable)
18:42086982:A:G,18:42948994:T:G,862012,0.020628508180379868,0.00042553534149192274,computed (both variants usable)
18:42086982:A:G,18:43080434:C:T,993452,-0.00538176205009222,2.8963362638023682e-05,computed (both variants usable)
18:42086982:A:G,18:43083792:G:C,996810,0.003193155163899064,1.0196239600190893e-05,computed (both variants usable)
18:42086982:A:G,18:43097750:C:A,1010768,0.07174910604953766,0.005147934425622225,computed (both variants usable)
18:42086982:A:G,18:48277401:A:C,6190419,-0.03152159973978996,0.000993611291050911,computed (both variants usable)
18:42086982:A:G,18:48788464:T:C,6701482,-0.0026464941911399364,7.00393138686195e-06,computed (both variants usable)
18:42086982:A:G,18:48790842:A:C,6703860,0.007206197828054428,5.192928801989183e-05,computed (both variants usable)
18:42202927:G:A,18:42599920:A:G,396993,0.002133098663762212,4.550110134005081e-06,computed (both variants usable)
18:42202927:G:A,18:42606091:C:T,403164,-0.016277531161904335,0.0002649580128490925,computed (both variants usable)
18:42202927:G:A,18:42880242:A:G,677315,0.09227224439382553,0.008514166809618473,computed (both variants usable)
18:42202927:G:A,18:42948994:T:G,746067,0.0024864214938133955,6.182292054290883e-06,computed (both variants usable)
18:42202927:G:A,18:43080434:C:T,877507,-0.0036921799182891846,1.3632192349177785e-05,computed (both variants usable)
18:42202927:G:A,18:43083792:G:C,880865,-0.03998113423585892,0.0015984911005944014,computed (both variants usable)
18:42202927:G:A,18:43097750:C:A,894823,0.021500492468476295,0.00046227118582464755,computed (both variants usable)
18:42202927:G:A,18:48277401:A:C,6074474,-0.026905225589871407,0.0007238911930471659,computed (both variants usable)
18:42202927:G:A,18:48788464:T:C,6585537,0.015161295421421528,0.0002298648760188371,computed (both variants usable)
18:42202927:G:A,18:48790842:A:C,6587915,-0.0070524741895496845,4.973739123670384e-05,computed (both variants usable)
18:42599920:A:G,18:42606091:C:T,6171,0.9787525534629822,0.9579565525054932,computed (both variants usable)
18:42599920:A:G,18:42880242:A:G,280322,-0.09355316311120987,0.008752194233238697,computed (both variants usable)
18:42599920:A:G,18:42948994:T:G,349074,-0.01162535510957241,0.00013514887541532516,computed (both variants usable)
18:42599920:A:G,18:43080434:C:T,480514,0.0008831794839352369,7.80006018885615e-07,computed (both variants usable)
18:42599920:A:G,18:43083792:G:C,483872,0.0436856783926487,0.0019084385130554438,computed (both variants usable)
18:42599920:A:G,18:43097750:C:A,497830,-0.000225658412091434,5.092172017384655e-08,computed (both variants usable)
18:42599920:A:G,18:48277401:A:C,5677481,0.007153904531151056,5.1178350986447185e-05,computed (both variants usable)
18:42599920:A:G,18:48788464:T:C,6188544,0.00028688329621218145,8.230202297454525e-08,computed (both variants usable)
18:42599920:A:G,18:48790842:A:C,6190922,-0.006501405034214258,4.226826786180027e-05,computed (both variants usable)
18:42606091:C:T,18:42880242:A:G,274151,-0.08648557215929031,0.007479754276573658,computed (both variants usable)
18:42606091:C:T,18:42948994:T:G,342903,-0.00465901754796505,2.170644438592717e-05,computed (both variants usable)
18:42606091:C:T,18:43080434:C:T,474343,-0.01506059244275093,0.00022682144481223077,computed (both variants usable)
18:42606091:C:T,18:43083792:G:C,477701,0.03987199440598488,0.0015897759003564715,computed (both variants usable)
18:42606091:C:T,18:43097750:C:A,491659,0.005224266089498997,2.7292955564917065e-05,computed (both variants usable)
18:42606091:C:T,18:48277401:A:C,5671310,0.01205702405422926,0.00014537182869389653,computed (both variants usable)
18:42606091:C:T,18:48788464:T:C,6182373,0.013951077125966549,0.00019463255011942238,computed (both variants usable)
18:42606091:C:T,18:48790842:A:C,6184751,-0.022491374984383583,0.0005058619426563382,computed (both variants usable)
18:42880242:A:G,18:42948994:T:G,68752,0.47286081314086914,0.22359734773635864,computed (both variants usable)
18:42880242:A:G,18:43080434:C:T,200192,-0.05478406697511673,0.0030012940987944603,computed (both variants usable)
18:42880242:A:G,18:43083792:G:C,203550,-0.07782402634620667,0.006056579295545816,computed (both variants usable)
18:42880242:A:G,18:43097750:C:A,217508,0.030465461313724518,0.0009281443199142814,computed (both variants usable)
18:42880242:A:G,18:48277401:A:C,5397159,0.05542738735675812,0.0030721952207386494,computed (both variants usable)
18:42880242:A:G,18:48788464:T:C,5908222,-0.01768539287149906,0.00031277313246391714,computed (both variants usable)
18:42880242:A:G,18:48790842:A:C,5910600,0.03171589970588684,0.0010058983461931348,computed (both variants usable)
18:42948994:T:G,18:43080434:C:T,131440,-0.05944855511188507,0.0035341307520866394,computed (both variants usable)
18:42948994:T:G,18:43083792:G:C,134798,-0.029490062966942787,0.0008696638396941125,computed (both variants usable)
18:42948994:T:G,18:43097750:C:A,148756,0.04119158908724785,0.0016967470292001963,computed (both variants usable)
18:42948994:T:G,18:48277401:A:C,5328407,0.015022496692836285,0.00022567540872842073,computed (both variants usable)
18:42948994:T:G,18:48788464:T:C,5839470,-0.03495227172970772,0.0012216613395139575,computed (both variants usable)
18:42948994:T:G,18:48790842:A:C,5841848,0.019402701407670975,0.0003764648281503469,computed (both variants usable)
18:43080434:C:T,18:43083792:G:C,3358,0.034392282366752625,0.0011828290298581123,computed (both variants usable)
18:43080434:C:T,18:43097750:C:A,17316,-0.11019627749919891,0.012143219821155071,computed (both variants usable)
18:43080434:C:T,18:48277401:A:C,5196967,-0.0030514788813889027,9.311523172073066e-06,computed (both variants usable)
18:43080434:C:T,18:48788464:T:C,5708030,-0.021529018878936768,0.0004634986398741603,computed (both variants usable)
18:43080434:C:T,18:48790842:A:C,5710408,0.008599105291068554,7.394461135845631e-05,computed (both variants usable)
18:43083792:G:C,18:43097750:C:A,13958,-0.6690323352813721,0.4476042687892914,computed (both variants usable)
18:43083792:G:C,18:48277401:A:C,5193609,-0.04746568948030472,0.0022529917769134045,computed (both variants usable)
18:43083792:G:C,18:48788464:T:C,5704672,0.0023112862836569548,5.342044460121542e-06,computed (both variants usable)
18:43083792:G:C,18:48790842:A:C,5707050,0.015555382706224918,0.00024196993035729975,computed (both variants usable)
18:43097750:C:A,18:48277401:A:C,5179651,0.015078321099281311,0.00022735576203558594,computed (both variants usable)
18:43097750:C:A,18:48788464:T:C,5690714,0.029678385704755783,0.0008808065904304385,computed (both variants usable)
18:43097750:C:A,18:48790842:A:C,5693092,-0.026948118582367897,0.0007262011058628559,computed (both variants usable)
18:48277401:A:C,18:48788464:T:C,511063,-0.0270528681576252,0.0007318576681427658,computed (both variants usable)
18:48277401:A:C,18:48790842:A:C,513441,0.032803766429424286,0.0010760871227830648,computed (both variants usable)
18:48788464:T:C,18:48790842:A:C,2378,-0.8207547068595886,0.6736382842063904,computed (both variants usable)
19:2152185:G:A,19:2177625:T:G,25440,0.6203533411026001,0.3848382532596588,computed (both variants usable)
19:2152185:G:A,19:4067314:C:T,1915129,-0.052072398364543915,0.002711534732952714,computed (both variants usable)
19:2152185:G:A,19:4980864:T:C,2828679,-0.06090586632490158,0.0037095246370881796,computed (both variants usable)
19:2152185:G:A,19:5066330:G:A,2914145,-0.030794929713010788,0.0009483277099207044,computed (both variants usable)
19:2152185:G:A,19:6745138:G:A,4592953,-0.006965060718357563,4.8512069042772055e-05,computed (both variants usable)
19:2152185:G:A,19:7227871:T:G,5075686,0.04125267267227173,0.0017017830396071076,computed (both variants usable)
19:2152185:G:A,19:7230675:G:T,5078490,0.04317197576165199,0.0018638195469975471,computed (both variants usable)
19:2152185:G:A,19:7257990:C:G,5105805,-0.050535302609205246,0.0025538168847560883,computed (both variants usable)
19:2152185:G:A,19:7295991:A:G,5143806,0.014740071259438992,0.00021726969862356782,computed (both variants usable)
19:2152185:G:A,19:7297710:G:A,5145525,0.014109128154814243,0.00019906749366782606,computed (both variants usable)
19:2152185:G:A,19:11296855:A:G,9144670,0.012927491217851639,0.0001671200298005715,computed (both variants usable)
19:2152185:G:A,19:11526759:G:A,9374574,0.02530789002776146,0.0006404892774298787,computed (both variants usable)
19:2177625:T:G,19:4067314:C:T,1889689,-0.05505459010601044,0.003031007945537567,computed (both variants usable)
19:2177625:T:G,19:4980864:T:C,2803239,-0.008307190611958504,6.900941662024707e-05,computed (both variants usable)
19:2177625:T:G,19:5066330:G:A,2888705,0.007711508311331272,5.946736200712621e-05,computed (both variants usable)
19:2177625:T:G,19:6745138:G:A,4567513,-0.02103361301124096,0.00044241288560442626,computed (both variants usable)
19:2177625:T:G,19:7227871:T:G,5050246,0.019736291840672493,0.000389521213946864,computed (both variants usable)
19:2177625:T:G,19:7230675:G:T,5053050,0.021630365401506424,0.0004678727127611637,computed (both variants usable)
19:2177625:T:G,19:7257990:C:G,5080365,-0.00448773754760623,2.0139788830420002e-05,computed (both variants usable)
19:2177625:T:G,19:7295991:A:G,5118366,-0.023432834073901176,0.0005490977200679481,computed (both variants usable)
19:2177625:T:G,19:7297710:G:A,5120085,-0.024120528250932693,0.0005817998899146914,computed (both variants usable)
19:2177625:T:G,19:11296855:A:G,9119230,-0.01883794367313385,0.00035486812703311443,computed (both variants usable)
19:2177625:T:G,19:11526759:G:A,9349134,0.031060267239809036,0.0009647401748225093,computed (both variants usable)
19:4067314:C:T,19:4980864:T:C,913550,0.041024770587682724,0.0016830317908897996,computed (both variants usable)
19:4067314:C:T,19:5066330:G:A,999016,-0.0031965638045221567,1.0218020179308951e-05,computed (both variants usable)
19:4067314:C:T,19:6745138:G:A,2677824,-0.05224812775850296,0.002729866886511445,computed (both variants usable)
19:4067314:C:T,19:7227871:T:G,3160557,-0.02952146902680397,0.0008715171134099364,computed (both variants usable)
19:4067314:C:T,19:7230675:G:T,3163361,-0.021091436967253685,0.00044484870159067214,computed (both variants usable)
19:4067314:C:T,19:7257990:C:G,3190676,0.004052994307130575,1.6426762158516794e-05,computed (both variants usable)
19:4067314:C:T,19:7295991:A:G,3228677,-0.008363217115402222,6.994340219534934e-05,computed (both variants usable)
19:4067314:C:T,19:7297710:G:A,3230396,-0.009472794830799103,8.973383955890313e-05,computed (both variants usable)
19:4067314:C:T,19:11296855:A:G,7229541,0.000903132080566138,8.156475814757869e-07,computed (both variants usable)
19:4067314:C:T,19:11526759:G:A,7459445,-0.02001202292740345,0.0004004810471087694,computed (both variants usable)
19:4980864:T:C,19:5066330:G:A,85466,0.6630143523216248,0.4395880401134491,computed (both variants usable)
19:4980864:T:C,19:6745138:G:A,1764274,0.030958786606788635,0.0009584464714862406,computed (both variants usable)
19:4980864:T:C,19:7227871:T:G,2247007,-0.04832062870264053,0.002334883203729987,computed (both variants usable)
19:4980864:T:C,19:7230675:G:T,2249811,-0.04892892763018608,0.0023940398823469877,computed (both variants usable)
19:4980864:T:C,19:7257990:C:G,2277126,0.040178682655096054,0.0016143264947459102,computed (both variants usable)
19:4980864:T:C,19:7295991:A:G,2315127,0.029239313676953316,0.000854937476105988,computed (both variants usable)
19:4980864:T:C,19:7297710:G:A,2316846,0.026317870244383812,0.0006926303030923009,computed (both variants usable)
19:4980864:T:C,19:11296855:A:G,6315991,-0.014651302248239517,0.00021466065663844347,computed (both variants usable)
19:4980864:T:C,19:11526759:G:A,6545895,0.039171118289232254,0.0015343765262514353,computed (both variants usable)
19:5066330:G:A,19:6745138:G:A,1678808,0.03903689980506897,0.0015238795895129442,computed (both variants usable)
19:5066330:G:A,19:7227871:T:G,2161541,-0.07027428597211838,0.004938475321978331,computed (both variants usable)
19:5066330:G:A,19:7230675:G:T,2164345,-0.073238804936409,0.005363922566175461,computed (both variants usable)
19:5066330:G:A,19:7257990:C:G,2191660,-0.0026956938672810793,7.266765351232607e-06,computed (both variants usable)
19:5066330:G:A,19:7295991:A:G,2229661,0.009160763584077358,8.39195927255787e-05,computed (both variants usable)
19:5066330:G:A,19:7297710:G:A,2231380,0.0071253362111747265,5.077041714685038e-05,computed (both variants usable)
19:5066330:G:A,19:11296855:A:G,6230525,0.0040996079333126545,1.6806785424705595e-05,computed (both variants usable)
19:5066330:G:A,19:11526759:G:A,6460429,0.05622398853302002,0.003161136992275715,computed (both variants usable)
19:6745138:G:A,19:7227871:T:G,482733,-0.03767954558134079,0.001419748179614544,computed (both variants usable)
19:6745138:G:A,19:7230675:G:T,485537,-0.03204800561070442,0.0010270746424794197,computed (both variants usable)
19:6745138:G:A,19:7257990:C:G,512852,0.024527905508875847,0.0006016181432642043,computed (both variants usable)
19:6745138:G:A,19:7295991:A:G,550853,0.020483335480093956,0.00041956701898016036,computed (both variants usable)
19:6745138:G:A,19:7297710:G:A,552572,0.02303788997232914,0.0005307443789206445,computed (both variants usable)
19:6745138:G:A,19:11296855:A:G,4551717,0.05296863988041878,0.0028056767769157887,computed (both variants usable)
19:6745138:G:A,19:11526759:G:A,4781621,0.02848726511001587,0.0008115242817439139,computed (both variants usable)
19:7227871:T:G,19:7230675:G:T,2804,0.988706648349762,0.9775408506393433,computed (both variants usable)
19:7227871:T:G,19:7257990:C:G,30119,0.12101423740386963,0.014644445851445198,computed (both variants usable)
19:7227871:T:G,19:7295991:A:G,68120,0.059733081609010696,0.0035680411383509636,computed (both variants usable)
19:7227871:T:G,19:7297710:G:A,69839,0.058224912732839584,0.003390140365809202,computed (both variants usable)
19:7227871:T:G,19:11296855:A:G,4068984,-0.01045340858399868,0.00010927375114988536,computed (both variants usable)
19:7227871:T:G,19:11526759:G:A,4298888,-0.012367894873023033,0.0001529648288851604,computed (both variants usable)
19:7227871:T:G,19:17214073:C:T,9986202,0.030422115698456764,0.0009255051263608038,computed (both variants usable)
19:7227871:T:G,19:17219105:G:A,9991234,0.03049410507082939,0.0009298904333263636,computed (both variants usable)
19:7230675:G:T,19:7257990:C:G,27315,0.12351035326719284,0.015254807658493519,computed (both variants usable)
19:7230675:G:T,19:7295991:A:G,65316,0.06094902381300926,0.0037147835828363895,computed (both variants usable)
19:7230675:G:T,19:7297710:G:A,67035,0.05945286527276039,0.0035346432123333216,computed (both variants usable)
19:7230675:G:T,19:11296855:A:G,4066180,-0.008762570098042488,7.678263500565663e-05,computed (both variants usable)
19:7230675:G:T,19:11526759:G:A,4296084,-0.00890891719609499,7.93688086559996e-05,computed (both variants usable)
19:7230675:G:T,19:17214073:C:T,9983398,0.03439246118068695,0.001182841369882226,computed (both variants usable)
19:7230675:G:T,19:17219105:G:A,9988430,0.03434789553284645,0.0011797779006883502,computed (both variants usable)
19:7257990:C:G,19:7295991:A:G,38001,0.11735719442367554,0.013772711157798767,computed (both variants usable)
19:7257990:C:G,19:7297710:G:A,39720,0.11671604216098785,0.01362263411283493,computed (both variants usable)
19:7257990:C:G,19:11296855:A:G,4038865,-0.0038397249300032854,1.4743487554369494e-05,computed (both variants usable)
19:7257990:C:G,19:11526759:G:A,4268769,0.046234775334596634,0.002137654460966587,computed (both variants usable)
19:7257990:C:G,19:17214073:C:T,9956083,-0.031849104911088943,0.0010143654653802514,computed (both variants usable)
19:7257990:C:G,19:17219105:G:A,9961115,-0.02288074605166912,0.0005235285498201847,computed (both variants usable)
19:7295991:A:G,19:7297710:G:A,1719,0.9974167943000793,0.9948402643203735,computed (both variants usable)
19:7295991:A:G,19:11296855:A:G,4000864,-0.0303322896361351,0.0009200478089042008,computed (both variants usable)
19:7295991:A:G,19:11526759:G:A,4230768,0.00909324362874031,8.26870818855241e-05,computed (both variants usable)
19:7295991:A:G,19:17214073:C:T,9918082,-0.014836672693490982,0.00022012685076333582,computed (both variants usable)
19:7295991:A:G,19:17219105:G:A,9923114,-0.015635492280125618,0.0002444686251692474,computed (both variants usable)
19:7297710:G:A,19:11296855:A:G,3999145,-0.030981525778770447,0.0009598549222573638,computed (both variants usable)
19:7297710:G:A,19:11526759:G:A,4229049,0.010953119955956936,0.00011997083493042737,computed (both variants usable)
19:7297710:G:A,19:17214073:C:T,9916363,-0.016244448721408844,0.00026388210244476795,computed (both variants usable)
19:7297710:G:A,19:17219105:G:A,9921395,-0.017002439126372337,0.0002890829346142709,computed (both variants usable)
19:11296855:A:G,19:11526759:G:A,229904,0.08172324299812317,0.0066786883398890495,computed (both variants usable)
19:11296855:A:G,19:17214073:C:T,5917218,-0.004632799420505762,2.146283077308908e-05,computed (both variants usable)
19:11296855:A:G,19:17219105:G:A,5922250,0.0026187265757471323,6.857728749309899e-06,computed (both variants usable)
19:11296855:A:G,19:18455657:T:C,7158802,-0.05184876546263695,0.0026882945094257593,computed (both variants usable)
19:11296855:A:G,19:18460956:G:A,7164101,-0.057809337973594666,0.0033419195096939802,computed (both variants usable)
19:11526759:G:A,19:17214073:C:T,5687314,-0.04004760459065437,0.0016038105823099613,computed (both variants usable)
19:11526759:G:A,19:17219105:G:A,5692346,-0.058124568313360214,0.003378465538844466,computed (both variants usable)
19:11526759:G:A,19:18455657:T:C,6928898,0.03333752602338791,0.001111390651203692,computed (both variants usable)
19:11526759:G:A,19:18460956:G:A,6934197,0.02222660928964615,0.0004940221551805735,computed (both variants usable)
19:17214073:C:T,19:17219105:G:A,5032,0.9343242645263672,0.8729618191719055,computed (both variants usable)
19:17214073:C:T,19:18455657:T:C,1241584,0.005184781271964312,2.6881956728175282e-05,computed (both variants usable)
19:17214073:C:T,19:18460956:G:A,1246883,-0.012404784560203552,0.0001538786746095866,computed (both variants usable)
19:17214073:C:T,19:22290846:T:C,5076773,-0.032264988869428635,0.0010410294635221362,computed (both variants usable)
19:17219105:G:A,19:18455657:T:C,1236552,-0.016165392473340034,0.00026131991762667894,computed (both variants usable)
19:17219105:G:A,19:18460956:G:A,1241851,-0.023940451443195343,0.0005731452256441116,computed (both variants usable)
19:17219105:G:A,19:22290846:T:C,5071741,-0.021128959953784943,0.000446432939497754,computed (both variants usable)
19:18455657:T:C,19:18460956:G:A,5299,0.9512964487075806,0.9049649238586426,computed (both variants usable)
19:18455657:T:C,19:22290846:T:C,3835189,0.00703019741922617,4.94236774102319e-05,computed (both variants usable)
19:18460956:G:A,19:22290846:T:C,3829890,0.00014120042033027858,1.9937559159188822e-08,computed (both variants usable)
19:22290846:T:C,19:31863085:G:A,9572239,-0.014273811131715775,0.00020374168525449932,computed (both variants usable)
19:22290846:T:C,19:31867132:A:T,9576286,-0.014273811131715775,0.00020374168525449932,computed (both variants usable)
19:31863085:G:A,19:31867132:A:T,4047,0.9999998211860657,0.9999996423721313,computed (both variants usable)
19:45412079:C:T,19:46289503:C:T,877424,-0.05002150684595108,0.0025021510664373636,computed (both variants usable)
2:632591:T:C,2:641159:A:C,8568,0.9722270965576172,0.9452255368232727,computed (both variants usable)
2:19006214:G:A,2:19342467:T:C,336253,0.07509636133909225,0.005639463663101196,computed (both variants usable)
2:19006214:G:A,2:19344757:T:C,338543,0.07270745933055878,0.005286374595016241,computed (both variants usable)
2:19006214:G:A,2:19711073:C:A,704859,0.0317176915705204,0.0010060119675472379,computed (both variants usable)
2:19006214:G:A,2:19735548:C:A,729334,-0.03308828920125961,0.001094834879040718,computed (both variants usable)
2:19006214:G:A,2:20878820:T:C,1872606,-0.018526989966630936,0.0003432493540458381,computed (both variants usable)
2:19006214:G:A,2:25276284:G:A,6270070,-0.03253087028861046,0.0010582575341686606,computed (both variants usable)
2:19006214:G:A,2:26914364:C:T,7908150,-0.002516858745366335,6.334577847155742e-06,computed (both variants usable)
2:19006214:G:A,2:26923568:T:C,7917354,-0.0010402605403214693,1.0821420346474042e-06,computed (both variants usable)
2:19006214:G:A,2:26929282:T:G,7923068,-0.01175323873758316,0.00013813862460665405,computed (both variants usable)
2:19006214:G:A,2:27920064:C:T,8913850,-0.00288681173697114,8.333681762451306e-06,computed (both variants usable)
2:19006214:G:A,2:28629367:G:C,9623153,-0.002985518192872405,8.913319106795825e-06,computed (both variants usable)
2:19006214:G:A,2:28635740:T:C,9629526,-0.0036710642743855715,1.3476713320415001e-05,computed (both variants usable)
2:19342467:T:C,2:19344757:T:C,2290,0.9826210737228394,0.9655441641807556,computed (both variants usable)
2:19342467:T:C,2:19711073:C:A,368606,0.04359801486134529,0.0019007868831977248,computed (both variants usable)
2:19342467:T:C,2:19735548:C:A,393081,-0.05491313710808754,0.003015452530235052,computed (both variants usable)
2:19342467:T:C,2:20878820:T:C,1536353,-0.0210335161536932,0.0004424088110681623,computed (both variants usable)
2:19342467:T:C,2:25276284:G:A,5933817,0.02485997974872589,0.000618018617387861,computed (both variants usable)
2:19342467:T:C,2:26914364:C:T,7571897,-0.016365274786949158,0.000267822208115831,computed (both variants usable)
2:19342467:T:C,2:26923568:T:C,7581101,-0.013155082240700722,0.0001730561925796792,computed (both variants usable)
2:19342467:T:C,2:26929282:T:G,7586815,-0.007205439731478691,5.191836316953413e-05,computed (both variants usable)
2:19342467:T:C,2:27920064:C:T,8577597,-0.013056915253400803,0.000170483035617508,computed (both variants usable)
2:19342467:T:C,2:28629367:G:C,9286900,-0.01776209846138954,0.000315492128720507,computed (both variants usable)
2:19342467:T:C,2:28635740:T:C,9293273,-0.018405064940452576,0.0003387464093975723,computed (both variants usable)
2:19344757:T:C,2:19711073:C:A,366316,0.05586450546979904,0.003120842855423689,computed (both variants usable)
2:19344757:T:C,2:19735548:C:A,390791,-0.06410185992717743,0.004109048284590244,computed (both variants usable)
2:19344757:T:C,2:20878820:T:C,1534063,-0.016571303829550743,0.00027460811543278396,computed (both variants usable)
2:19344757:T:C,2:25276284:G:A,5931527,0.023298989981412888,0.0005428429576568305,computed (both variants usable)
2:19344757:T:C,2:26914364:C:T,7569607,-0.02705654501914978,0.000732056621927768,computed (both variants usable)
2:19344757:T:C,2:26923568:T:C,7578811,-0.023876937106251717,0.0005701081245206296,computed (both variants usable)
2:19344757:T:C,2:26929282:T:G,7584525,-0.01792183704674244,0.00032119223033078015,computed (both variants usable)
2:19344757:T:C,2:27920064:C:T,8575307,-0.0037756776437163353,1.4255741916713305e-05,computed (both variants usable)
2:19344757:T:C,2:28629367:G:C,9284610,-0.012275920249521732,0.00015069822256918997,computed (both variants usable)
2:19344757:T:C,2:28635740:T:C,9290983,-0.013256404548883438,0.0001757322606863454,computed (both variants usable)
2:19711073:C:A,2:19735548:C:A,24475,-0.5857165455818176,0.3430638611316681,computed (both variants usable)
2:19711073:C:A,2:20878820:T:C,1167747,0.03127622231841087,0.0009782020933926105,computed (both variants usable)
2:19711073:C:A,2:25276284:G:A,5565211,-0.04047466814517975,0.0016381987370550632,computed (both variants usable)
2:19711073:C:A,2:26914364:C:T,7203291,-0.06339053064584732,0.0040183593519032,computed (both variants usable)
2:19711073:C:A,2:26923568:T:C,7212495,-0.06331466138362885,0.004008746240288019,computed (both variants usable)
2:19711073:C:A,2:26929282:T:G,7218209,-0.06906215101480484,0.004769580904394388,computed (both variants usable)
2:19711073:C:A,2:27920064:C:T,8208991,-0.002678680932149291,7.17533157512662e-06,computed (both variants usable)
2:19711073:C:A,2:28629367:G:C,8918294,-0.03065633773803711,0.0009398110560141504,computed (both variants usable)
2:19711073:C:A,2:28635740:T:C,8924667,-0.03037792071700096,0.0009228180861100554,computed (both variants usable)
2:19735548:C:A,2:20878820:T:C,1143272,-0.021316058933734894,0.0004543743561953306,computed (both variants usable)
2:19735548:C:A,2:25276284:G:A,5540736,0.008044129237532616,6.470801599789411e-05,computed (both variants usable)
2:19735548:C:A,2:26914364:C:T,7178816,0.043076369911432266,0.0018555736169219017,computed (both variants usable)
2:19735548:C:A,2:26923568:T:C,7188020,0.041981976479291916,0.001762486295774579,computed (both variants usable)
2:19735548:C:A,2:26929282:T:G,7193734,0.04843428358435631,0.0023458797950297594,computed (both variants usable)
2:19735548:C:A,2:27920064:C:T,8184516,-0.002306574722751975,5.320287073118379e-06,computed (both variants usable)
2:19735548:C:A,2:28629367:G:C,8893819,-0.013085880316793919,0.0001712402590783313,computed (both variants usable)
2:19735548:C:A,2:28635740:T:C,8900192,-0.009849203750491142,9.700681403046474e-05,computed (both variants usable)
2:20878820:T:C,2:25276284:G:A,4397464,-0.023653628304600716,0.0005594941321760416,computed (both variants usable)
2:20878820:T:C,2:26914364:C:T,6035544,-0.06335341930389404,0.004013655707240105,computed (both variants usable)
2:20878820:T:C,2:26923568:T:C,6044748,-0.06176051124930382,0.00381436082534492,computed (both variants usable)
2:20878820:T:C,2:26929282:T:G,6050462,-0.06393127143383026,0.004087207373231649,computed (both variants usable)
2:20878820:T:C,2:27920064:C:T,7041244,0.020022649317979813,0.00040090648690238595,computed (both variants usable)
2:20878820:T:C,2:28629367:G:C,7750547,0.00851889792829752,7.257162360474467e-05,computed (both variants usable)
2:20878820:T:C,2:28635740:T:C,7756920,0.002768552163615823,7.664881195523776e-06,computed (both variants usable)
2:25276284:G:A,2:26914364:C:T,1638080,-0.044854119420051575,0.002011891920119524,computed (both variants usable)
2:25276284:G:A,2:26923568:T:C,1647284,-0.04036090895533562,0.0016290029743686318,computed (both variants usable)
2:25276284:G:A,2:26929282:T:G,1652998,-0.0410667285323143,0.0016864761710166931,computed (both variants usable)
2:25276284:G:A,2:27920064:C:T,2643780,-0.051768627017736435,0.0026799908373504877,computed (both variants usable)
2:25276284:G:A,2:28629367:G:C,3353083,-0.0005875766510143876,3.4524632042121084e-07,computed (both variants usable)
2:25276284:G:A,2:28635740:T:C,3359456,-0.008643325418233871,7.470707350876182e-05,computed (both variants usable)
2:26914364:C:T,2:26923568:T:C,9204,0.9938532710075378,0.9877443313598633,computed (both variants usable)
2:26914364:C:T,2:26929282:T:G,14918,0.9753695726394653,0.9513458013534546,computed (both variants usable)
2:26914364:C:T,2:27920064:C:T,1005700,0.030690500512719154,0.0009419068228453398,computed (both variants usable)
2:26914364:C:T,2:28629367:G:C,1715003,-0.021295873448252678,0.0004535142215900123,computed (both variants usable)
2:26914364:C:T,2:28635740:T:C,1721376,-0.01402757316827774,0.0001967728021554649,computed (both variants usable)
2:26914364:C:T,2:36585272:G:A,9670908,-0.015573348850011826,0.00024252918956335634,computed (both variants usable)
2:26923568:T:C,2:26929282:T:G,5714,0.9814843535423279,0.9633115530014038,computed (both variants usable)
2:26923568:T:C,2:27920064:C:T,996496,0.028298944234848022,0.0008008302538655698,computed (both variants usable)
2:26923568:T:C,2:28629367:G:C,1705799,-0.018412036821246147,0.00033900310518220067,computed (both variants usable)
2:26923568:T:C,2:28635740:T:C,1712172,-0.011530163697898388,0.00013294466771185398,computed (both variants usable)
2:26923568:T:C,2:36585272:G:A,9661704,-0.019589636474847794,0.0003837538533844054,computed (both variants usable)
2:26929282:T:G,2:27920064:C:T,990782,0.03020409867167473,0.0009122875635512173,computed (both variants usable)
2:26929282:T:G,2:28629367:G:C,1700085,-0.024260984733700752,0.0005885954014956951,computed (both variants usable)
2:26929282:T:G,2:28635740:T:C,1706458,-0.017461638897657394,0.00030490884091705084,computed (both variants usable)
2:26929282:T:G,2:36585272:G:A,9655990,-0.013870134018361568,0.00019238061213400215,computed (both variants usable)
2:27920064:C:T,2:28629367:G:C,709303,0.05163716524839401,0.002666396787390113,computed (both variants usable)
2:27920064:C:T,2:28635740:T:C,715676,0.03322666510939598,0.0011040113167837262,computed (both variants usable)
2:27920064:C:T,2:36585272:G:A,8665208,0.0025545130483806133,6.525536718982039e-06,computed (both variants usable)
2:28629367:G:C,2:28635740:T:C,6373,0.9314387440681458,0.8675781488418579,computed (both variants usable)
2:28629367:G:C,2:36585272:G:A,7955905,-0.004138216841965914,1.7124839359894395e-05,computed (both variants usable)
2:28629367:G:C,2:37980859:G:C,9351492,0.009377517737448215,8.793784218141809e-05,computed (both variants usable)
2:28629367:G:C,2:37984970:T:A,9355603,-0.011671993881464005,0.00013623543782159686,computed (both variants usable)
2:28635740:T:C,2:36585272:G:A,7949532,0.008036790415644646,6.458999996539205e-05,computed (both variants usable)
2:28635740:T:C,2:37980859:G:C,9345119,0.03901825100183487,0.0015224239323288202,computed (both variants usable)
2:28635740:T:C,2:37984970:T:A,9349230,0.006722740363329649,4.519523645285517e-05,computed (both variants usable)
2:36585272:G:A,2:37980859:G:C,1395587,0.045264504849910736,0.0020488754380494356,computed (both variants usable)
2:36585272:G:A,2:37984970:T:A,1399698,-0.012570666149258614,0.00015802164853084832,computed (both variants usable)
2:36585272:G:A,2:40525932:C:T,3940660,-0.05183599144220352,0.0026869699358940125,computed (both variants usable)
2:36585272:G:A,2:40527128:T:G,3941856,-0.01223070826381445,0.00014959022519178689,computed (both variants usable)
2:36585272:G:A,2:40614339:G:T,4029067,0.007960531860589981,6.337006925605237e-05,computed (both variants usable)
2:36585272:G:A,2:43166683:G:A,6581411,0.026776375249028206,0.0007169742602854967,computed (both variants usable)
2:36585272:G:A,2:43196694:A:T,6611422,0.026776384562253952,0.0007169747841544449,computed (both variants usable)
2:36585272:G:A,2:43582074:C:G,6996802,-0.017793290317058563,0.0003166011883877218,computed (both variants usable)
2:36585272:G:A,2:43625184:T:A,7039912,0.04552244395017624,0.002072292845696211,computed (both variants usable)
2:36585272:G:A,2:43732347:C:T,7147075,0.004009432625025511,1.6075549865490757e-05,computed (both variants usable)
2:36585272:G:A,2:45985859:A:G,9400587,0.021721219643950462,0.0004718113923445344,computed (both variants usable)
2:36585272:G:A,2:46353166:A:G,9767894,0.0011293590068817139,1.2754517229041085e-06,computed (both variants usable)
2:36585272:G:A,2:46363336:A:C,9778064,-0.024232104420661926,0.0005871948669664562,computed (both variants usable)
2:36585272:G:A,2:46374181:G:A,9788909,-0.020416874438524246,0.0004168487503193319,computed (both variants usable)
2:37980859:G:C,2:37984970:T:A,4111,0.4223514199256897,0.17838072776794434,computed (both variants usable)
2:37980859:G:C,2:40525932:C:T,2545073,0.07377682626247406,0.005443020258098841,computed (both variants usable)
2:37980859:G:C,2:40527128:T:G,2546269,0.04764650762081146,0.002270189579576254,computed (both variants usable)
2:37980859:G:C,2:40614339:G:T,2633480,-0.06346073001623154,0.004027264192700386,computed (both variants usable)
2:37980859:G:C,2:43166683:G:A,5185824,-0.04362722113728523,0.0019033343996852636,computed (both variants usable)
2:37980859:G:C,2:43196694:A:T,5215835,-0.04362723231315613,0.00190333544742316,computed (both variants usable)
2:37980859:G:C,2:43582074:C:G,5601215,0.026954730972647667,0.0007265575113706291,computed (both variants usable)
2:37980859:G:C,2:43625184:T:A,5644325,0.006211144849658012,3.857832052744925e-05,computed (both variants usable)
2:37980859:G:C,2:43732347:C:T,5751488,0.03479435667395592,0.0012106472859159112,computed (both variants usable)
2:37980859:G:C,2:45985859:A:G,8005000,0.000799751840531826,6.396030016730947e-07,computed (both variants usable)
2:37980859:G:C,2:46353166:A:G,8372307,-0.02177494205534458,0.0004741481097880751,computed (both variants usable)
2:37980859:G:C,2:46363336:A:C,8382477,-0.029782744124531746,0.0008870118763297796,computed (both variants usable)
2:37980859:G:C,2:46374181:G:A,8393322,-0.027137983590364456,0.0007364701596088707,computed (both variants usable)
2:37984970:T:A,2:40525932:C:T,2540962,0.03634726628661156,0.0013211237965151668,computed (both variants usable)
2:37984970:T:A,2:40527128:T:G,2542158,0.030960239470005035,0.0009585364023223519,computed (both variants usable)
2:37984970:T:A,2:40614339:G:T,2629369,0.0011260780738666654,1.2680518466368085e-06,computed (both variants usable)
2:37984970:T:A,2:43166683:G:A,5181713,-0.010727236978709698,0.00011507361341500655,computed (both variants usable)
2:37984970:T:A,2:43196694:A:T,5211724,-0.0029857209883630276,8.914529644243885e-06,computed (both variants usable)
2:37984970:T:A,2:43582074:C:G,5597104,0.023650433868169785,0.0005593430250883102,computed (both variants usable)
2:37984970:T:A,2:43625184:T:A,5640214,0.017168167978525162,0.0002947459870483726,computed (both variants usable)
2:37984970:T:A,2:43732347:C:T,5747377,0.020117860287427902,0.00040472831460647285,computed (both variants usable)
2:37984970:T:A,2:45985859:A:G,8000889,0.0458780974149704,0.0021047997288405895,computed (both variants usable)
2:37984970:T:A,2:46353166:A:G,8368196,0.0036687981337308884,1.3460079571814276e-05,computed (both variants usable)
2:37984970:T:A,2:46363336:A:C,8378366,-0.004584462847560644,2.1017300241510384e-05,computed (both variants usable)
2:37984970:T:A,2:46374181:G:A,8389211,0.0015216905158013105,2.315542133146664e-06,computed (both variants usable)
2:40525932:C:T,2:40527128:T:G,1196,0.8124527931213379,0.6600795388221741,computed (both variants usable)
2:40525932:C:T,2:40614339:G:T,88407,-0.3380142152309418,0.11425361037254333,computed (both variants usable)
2:40525932:C:T,2:43166683:G:A,2640751,-0.03204449638724327,0.00102684972807765,computed (both variants usable)
2:40525932:C:T,2:43196694:A:T,2670762,-0.05433836579322815,0.0029526581056416035,computed (both variants usable)
2:40525932:C:T,2:43582074:C:G,3056142,0.04101405665278435,0.0016821528552100062,computed (both variants usable)
2:40525932:C:T,2:43625184:T:A,3099252,0.05835721641778946,0.00340556469745934,computed (both variants usable)
2:40525932:C:T,2:43732347:C:T,3206415,0.04589725285768509,0.00210655783303082,computed (both variants usable)
2:40525932:C:T,2:45985859:A:G,5459927,0.03204832971096039,0.0010270954808220267,computed (both variants usable)
2:40525932:C:T,2:46353166:A:G,5827234,0.044567517936229706,0.0019862635526806116,computed (both variants usable)
2:40525932:C:T,2:46363336:A:C,5837404,-0.02366788126528263,0.000560168584343046,computed (both variants usable)
2:40525932:C:T,2:46374181:G:A,5848249,-0.0037887687794864178,1.4354768609337043e-05,computed (both variants usable)
2:40525932:C:T,2:50436306:C:T,9910374,-0.003226777072995901,1.0412089977762662e-05,computed (both variants usable)
2:40527128:T:G,2:40614339:G:T,87211,-0.31671932339668274,0.10031113028526306,computed (both variants usable)
2:40527128:T:G,2:43166683:G:A,2639555,-0.0003792541101574898,1.4383367386017198e-07,computed (both variants usable)
2:40527128:T:G,2:43196694:A:T,2669566,-0.016277991235256195,0.0002649730013217777,computed (both variants usable)
2:40527128:T:G,2:43582074:C:G,3054946,0.038721367716789246,0.0014993443619459867,computed (both variants usable)
2:40527128:T:G,2:43625184:T:A,3098056,0.03530785068869591,0.0012466443004086614,computed (both variants usable)
2:40527128:T:G,2:43732347:C:T,3205219,0.024711094796657562,0.0006106381770223379,computed (both variants usable)
2:40527128:T:G,2:45985859:A:G,5458731,0.035619642585515976,0.0012687589041888714,computed (both variants usable)
2:40527128:T:G,2:46353166:A:G,5826038,0.04572553560137749,0.0020908245351165533,computed (both variants usable)
2:40527128:T:G,2:46363336:A:C,5836208,0.01116848737001419,0.00012473510287236422,computed (both variants usable)
2:40527128:T:G,2:46374181:G:A,5847053,0.0029784359503537416,8.871080353856087e-06,computed (both variants usable)
2:40527128:T:G,2:50436306:C:T,9909178,-0.003622903022915125,1.3125426448823418e-05,computed (both variants usable)
2:40614339:G:T,2:43166683:G:A,2552344,0.01736372336745262,0.00030149889062158763,computed (both variants usable)
2:40614339:G:T,2:43196694:A:T,2582355,0.03896463289856911,0.0015182426432147622,computed (both variants usable)
2:40614339:G:T,2:43582074:C:G,2967735,0.03285019099712372,0.0010791349923238158,computed (both variants usable)
2:40614339:G:T,2:43625184:T:A,3010845,-0.03758878633379936,0.0014129168121144176,computed (both variants usable)
2:40614339:G:T,2:43732347:C:T,3118008,0.006505086086690426,4.2316143662901595e-05,computed (both variants usable)
2:40614339:G:T,2:45985859:A:G,5371520,-0.009794664569199085,9.593545109964907e-05,computed (both variants usable)
2:40614339:G:T,2:46353166:A:G,5738827,-0.04421655461192131,0.0019551035948097706,computed (both variants usable)
2:40614339:G:T,2:46363336:A:C,5748997,0.014147862792015076,0.00020016201597172767,computed (both variants usable)
2:40614339:G:T,2:46374181:G:A,5759842,-0.0038036273326724768,1.4467580513155553e-05,computed (both variants usable)
2:40614339:G:T,2:50436306:C:T,9821967,-0.026716340333223343,0.0007137628272175789,computed (both variants usable)
2:43166683:G:A,2:43196694:A:T,30011,0.948040783405304,0.8987812995910645,computed (both variants usable)
2:43166683:G:A,2:43582074:C:G,415391,-0.02676619216799736,0.0007164290291257203,computed (both variants usable)
2:43166683:G:A,2:43625184:T:A,458501,0.018512552604079247,0.0003427146002650261,computed (both variants usable)
2:43166683:G:A,2:43732347:C:T,565664,-0.03490661457180977,0.0012184717925265431,computed (both variants usable)
2:43166683:G:A,2:45985859:A:G,2819176,0.0033689523115754128,1.134983995143557e-05,computed (both variants usable)
2:43166683:G:A,2:46353166:A:G,3186483,0.018253063783049583,0.00033317433553747833,computed (both variants usable)
2:43166683:G:A,2:46363336:A:C,3196653,-0.0223927590996027,0.0005014356574974954,computed (both variants usable)
2:43166683:G:A,2:46374181:G:A,3207498,-0.01697470247745514,0.00028814052348025143,computed (both variants usable)
2:43166683:G:A,2:50436306:C:T,7269623,0.014815819449722767,0.00021950851078145206,computed (both variants usable)
2:43196694:A:T,2:43582074:C:G,385380,-0.004767136182636023,2.2725587768945843e-05,computed (both variants usable)
2:43196694:A:T,2:43625184:T:A,428490,0.026602771133184433,0.00070770742604509,computed (both variants usable)
2:43196694:A:T,2:43732347:C:T,535653,-0.012348078191280365,0.00015247504052240402,computed (both variants usable)
2:43196694:A:T,2:45985859:A:G,2789165,0.012195020914077759,0.00014871853636577725,computed (both variants usable)
2:43196694:A:T,2:46353166:A:G,3156472,-0.004912354052066803,2.4131222744472325e-05,computed (both variants usable)
2:43196694:A:T,2:46363336:A:C,3166642,-0.022392788901925087,0.0005014369962736964,computed (both variants usable)
2:43196694:A:T,2:46374181:G:A,3177487,-0.01697470434010029,0.00028814058168791234,computed (both variants usable)
2:43196694:A:T,2:50436306:C:T,7239612,0.00654455553740263,4.283120870240964e-05,computed (both variants usable)
2:43582074:C:G,2:43625184:T:A,43110,0.6943935751914978,0.48218244314193726,computed (both variants usable)
2:43582074:C:G,2:43732347:C:T,150273,0.8226425647735596,0.6767407655715942,computed (both variants usable)
2:43582074:C:G,2:45985859:A:G,2403785,-0.02753336913883686,0.0007580863893963397,computed (both variants usable)
2:43582074:C:G,2:46353166:A:G,2771092,-0.04703758284449577,0.0022125341929495335,computed (both variants usable)
2:43582074:C:G,2:46363336:A:C,2781262,-0.012965288013219833,0.00016809868975542486,computed (both variants usable)
2:43582074:C:G,2:46374181:G:A,2792107,-0.010708983987569809,0.00011468234151834622,computed (both variants usable)
2:43582074:C:G,2:50436306:C:T,6854232,-0.022186657413840294,0.0004922477528452873,computed (both variants usable)
2:43625184:T:A,2:43732347:C:T,107163,0.7634702920913696,0.5828868746757507,computed (both variants usable)
2:43625184:T:A,2:45985859:A:G,2360675,-0.011267581023275852,0.0001269583881366998,computed (both variants usable)
2:43625184:T:A,2:46353166:A:G,2727982,-0.025251848623156548,0.0006376558449119329,computed (both variants usable)
2:43625184:T:A,2:46363336:A:C,2738152,-0.023789582774043083,0.0005659442394971848,computed (both variants usable)
2:43625184:T:A,2:46374181:G:A,2748997,-0.025605108588933945,0.0006556215812452137,computed (both variants usable)
2:43625184:T:A,2:50436306:C:T,6811122,-0.0034821301233023405,1.2125230568926781e-05,computed (both variants usable)
2:43732347:C:T,2:45985859:A:G,2253512,-0.01766948029398918,0.000312210526317358,computed (both variants usable)
2:43732347:C:T,2:46353166:A:G,2620819,-0.0427771657705307,0.0018298858776688576,computed (both variants usable)
2:43732347:C:T,2:46363336:A:C,2630989,-0.04714473336935043,0.002222625771537423,computed (both variants usable)
2:43732347:C:T,2:46374181:G:A,2641834,-0.03855578601360321,0.001486548688262701,computed (both variants usable)
2:43732347:C:T,2:50436306:C:T,6703959,0.006549258716404438,4.289278876967728e-05,computed (both variants usable)
2:45985859:A:G,2:46353166:A:G,367307,-0.03099609725177288,0.0009607580723240972,computed (both variants usable)
2:45985859:A:G,2:46363336:A:C,377477,-0.02387174777686596,0.000569860334508121,computed (both variants usable)
2:45985859:A:G,2:46374181:G:A,388322,-0.03327400982379913,0.0011071597691625357,computed (both variants usable)
2:45985859:A:G,2:50436306:C:T,4450447,0.009698270820081234,9.405645687365904e-05,computed (both variants usable)
2:46353166:A:G,2:46363336:A:C,10170,-0.24418893456459045,0.059628237038850784,computed (both variants usable)
2:46353166:A:G,2:46374181:G:A,21015,-0.1025821641087532,0.010523100383579731,computed (both variants usable)
2:46353166:A:G,2:50436306:C:T,4083140,0.02683326043188572,0.0007200238760560751,computed (both variants usable)
2:46363336:A:C,2:46374181:G:A,10845,0.8466408252716064,0.7168006896972656,computed (both variants usable)
2:46363336:A:C,2:50436306:C:T,4072970,0.019072910770773888,0.0003637759364210069,computed (both variants usable)
2:46374181:G:A,2:50436306:C:T,4062125,0.023142129182815552,0.0005355581524781883,computed (both variants usable)
2:50436306:C:T,2:60010463:C:T,9574157,-0.03388797491788864,0.0011483948910608888,computed (both variants usable)
2:50436306:C:T,2:60014759:T:C,9578453,-0.058568425476551056,0.0034302605781704187,computed (both variants usable)
2:60010463:C:T,2:60014759:T:C,4296,0.774222731590271,0.5994208455085754,computed (both variants usable)
2:60010463:C:T,2:64909691:A:G,4899228,0.021460380405187607,0.0004605479189194739,computed (both variants usable)
2:60010463:C:T,2:64935357:G:C,4924894,0.01866094022989273,0.0003482306783553213,computed (both variants usable)
2:60010463:C:T,2:65276452:T:C,5265989,-0.01673746109008789,0.00028014261624775827,computed (both variants usable)
2:60010463:C:T,2:65287896:A:G,5277433,-0.010454529896378517,0.00010929719428531826,computed (both variants usable)
2:60010463:C:T,2:69005923:C:T,8995460,-0.029002737253904343,0.0008411587914451957,computed (both variants usable)
2:60010463:C:T,2:69014347:C:G,9003884,0.04316641762852669,0.0018633395666256547,computed (both variants usable)
2:60014759:T:C,2:64909691:A:G,4894932,0.011142301373183727,0.00012415088713169098,computed (both variants usable)
2:60014759:T:C,2:64935357:G:C,4920598,-0.008150720968842506,6.643425149377435e-05,computed (both variants usable)
2:60014759:T:C,2:65276452:T:C,5261693,-0.0023399218916893005,5.475234502227977e-06,computed (both variants usable)
2:60014759:T:C,2:65287896:A:G,5273137,0.004093526862561703,1.675696148595307e-05,computed (both variants usable)
2:60014759:T:C,2:69005923:C:T,8991164,-0.04816833510994911,0.0023201885633170605,computed (both variants usable)
2:60014759:T:C,2:69014347:C:G,8999588,0.03509315103292465,0.0012315292842686176,computed (both variants usable)
2:64909691:A:G,2:64935357:G:C,25666,0.8805010318756104,0.775282084941864,computed (both variants usable)
2:64909691:A:G,2:65276452:T:C,366761,-0.05203963443636894,0.002708123531192541,computed (both variants usable)
2:64909691:A:G,2:65287896:A:G,378205,-0.059213921427726746,0.0035062883980572224,computed (both variants usable)
2:64909691:A:G,2:69005923:C:T,4096232,-0.006839115172624588,4.677349716075696e-05,computed (both variants usable)
2:64909691:A:G,2:69014347:C:G,4104656,-0.037389155477285385,0.001397948944941163,computed (both variants usable)
2:64935357:G:C,2:65276452:T:C,341095,-0.024659153074026108,0.0006080738385207951,computed (both variants usable)
2:64935357:G:C,2:65287896:A:G,352539,-0.030329184606671333,0.0009198594489134848,computed (both variants usable)
2:64935357:G:C,2:69005923:C:T,4070566,-0.028186416253447533,0.0007944740355014801,computed (both variants usable)
2:64935357:G:C,2:69014347:C:G,4078990,-0.0022082459181547165,4.876349976257188e-06,computed (both variants usable)
2:65276452:T:C,2:65287896:A:G,11444,0.9748939275741577,0.9504181742668152,computed (both variants usable)
2:65276452:T:C,2:69005923:C:T,3729471,-0.025241494178771973,0.0006371330237016082,computed (both variants usable)
2:65276452:T:C,2:69014347:C:G,3737895,0.059702832251787186,0.003564428072422743,computed (both variants usable)
2:65287896:A:G,2:69005923:C:T,3718027,-0.0282887015491724,0.0008002506219781935,computed (both variants usable)
2:65287896:A:G,2:69014347:C:G,3726451,0.06277499347925186,0.0039406996220350266,computed (both variants usable)
2:69005923:C:T,2:69014347:C:G,8424,-0.6886510848999023,0.4742403030395508,computed (both variants usable)
2:112689281:A:G,2:112744260:C:T,54979,0.892687201499939,0.7968904376029968,computed (both variants usable)
2:112689281:A:G,2:112769721:G:A,80440,0.891950249671936,0.7955752611160278,computed (both variants usable)
2:112689281:A:G,2:114082175:A:G,1392894,0.03170120343565941,0.0010049663251265883,computed (both variants usable)
2:112744260:C:T,2:112769721:G:A,25461,0.9905831217765808,0.9812549352645874,computed (both variants usable)
2:112744260:C:T,2:114082175:A:G,1337915,0.02671339549124241,0.0007136054919101298,computed (both variants usable)
2:112769721:G:A,2:114082175:A:G,1312454,0.028995918110013008,0.0008407632703892887,computed (both variants usable)
2:145720139:A:G,2:145796251:G:A,76112,-0.4740222990512848,0.22469714283943176,computed (both variants usable)
2:145720139:A:G,2:145807415:G:A,87276,0.41622352600097656,0.1732420176267624,computed (both variants usable)
2:145796251:G:A,2:145807415:G:A,11164,-0.8558295965194702,0.7324442863464355,computed (both variants usable)
2:164954174:T:A,2:165008166:C:G,53992,0.6066156625747681,0.36798256635665894,computed (both variants usable)
2:164954174:T:A,2:165085214:C:T,131040,-0.7394907474517822,0.5468465685844421,computed (both variants usable)
2:165008166:C:G,2:165085214:C:T,77048,-0.5702763795852661,0.3252151608467102,computed (both variants usable)
2:175529967:C:G,2:175558804:G:A,28837,0.8052383661270142,0.648408830165863,computed (both variants usable)
2:175529967:C:G,2:180715706:T:A,5185739,0.052919384092092514,0.0028004611376672983,computed (both variants usable)
2:175529967:C:G,2:180720513:C:G,5190546,0.0633578971028328,0.004014223348349333,computed (both variants usable)
2:175529967:C:G,2:181567556:T:A,6037589,0.0407768078148365,0.0016627480508759618,computed (both variants usable)
2:175529967:C:G,2:182996188:A:G,7466221,0.0013612158363685012,1.852908553701127e-06,computed (both variants usable)
2:175558804:G:A,2:180715706:T:A,5156902,0.028957191854715347,0.0008385189576074481,computed (both variants usable)
2:175558804:G:A,2:180720513:C:G,5161709,0.03700129687786102,0.0013690959895029664,computed (both variants usable)
2:175558804:G:A,2:181567556:T:A,6008752,0.052378520369529724,0.0027435093652457,computed (both variants usable)
2:175558804:G:A,2:182996188:A:G,7437384,-0.0037971411366015673,1.441828044335125e-05,computed (both variants usable)
2:180715706:T:A,2:180720513:C:G,4807,0.8842312097549438,0.7818648219108582,computed (both variants usable)
2:180715706:T:A,2:181567556:T:A,851850,-0.03346796706318855,0.0011201048037037253,computed (both variants usable)
2:180715706:T:A,2:182996188:A:G,2280482,-0.019283778965473175,0.00037186412373557687,computed (both variants usable)
2:180715706:T:A,2:187819603:T:C,7103897,-0.06209033727645874,0.003855210030451417,computed (both variants usable)
2:180715706:T:A,2:190445194:G:C,9729488,0.006769718136638403,4.5829085138393566e-05,computed (both variants usable)
2:180720513:C:G,2:181567556:T:A,847043,-0.018949463963508606,0.00035908218706026673,computed (both variants usable)
2:180720513:C:G,2:182996188:A:G,2275675,-0.034887369722127914,0.001217128592543304,computed (both variants usable)
2:180720513:C:G,2:187819603:T:C,7099090,-0.06147876754403114,0.0037796387914568186,computed (both variants usable)
2:180720513:C:G,2:190445194:G:C,9724681,0.014850216917693615,0.00022052894928492606,computed (both variants usable)
2:181567556:T:A,2:182996188:A:G,1428632,-0.02253495529294014,0.0005078241811133921,computed (both variants usable)
2:181567556:T:A,2:187819603:T:C,6252047,0.034199345856904984,0.0011695952853187919,computed (both variants usable)
2:181567556:T:A,2:190445194:G:C,8877638,0.00710453512147069,5.0474420277168974e-05,computed (both variants usable)
2:181567556:T:A,2:191567541:G:C,9999985,-0.028211556375026703,0.0007958919159136713,computed (both variants usable)
2:182996188:A:G,2:187819603:T:C,4823415,0.007499148137867451,5.623722245218232e-05,computed (both variants usable)
2:182996188:A:G,2:190445194:G:C,7449006,0.031395621597766876,0.0009856850374490023,computed (both variants usable)
2:182996188:A:G,2:191567541:G:C,8571353,-0.010497884824872017,0.00011020558304153383,computed (both variants usable)
2:182996188:A:G,2:191623236:G:A,8627048,-0.011590239591896534,0.0001343336480204016,computed (both variants usable)
2:182996188:A:G,2:191835596:T:G,8839408,0.03600747138261795,0.0012965380446985364,computed (both variants usable)
2:187819603:T:C,2:190445194:G:C,2625591,0.0185086652636528,0.00034257068182341754,computed (both variants usable)
2:187819603:T:C,2:191567541:G:C,3747938,0.020914606750011444,0.00043742076377384365,computed (both variants usable)
2:187819603:T:C,2:191623236:G:A,3803633,0.01748758740723133,0.00030581571627408266,computed (both variants usable)
2:187819603:T:C,2:191835596:T:G,4015993,0.00013637167285196483,1.8597233975015115e-08,computed (both variants usable)
2:190445194:G:C,2:191567541:G:C,1122347,-0.03539442643523216,0.0012527654180303216,computed (both variants usable)
2:190445194:G:C,2:191623236:G:A,1178042,-0.03659210726618767,0.001338982256129384,computed (both variants usable)
2:190445194:G:C,2:191835596:T:G,1390402,-0.01755341701209545,0.0003081224567722529,computed (both variants usable)
2:191567541:G:C,2:191623236:G:A,55695,0.9653573036193848,0.931914746761322,computed (both variants usable)
2:191567541:G:C,2:191835596:T:G,268055,-0.41856592893600464,0.17519743740558624,computed (both variants usable)
2:191623236:G:A,2:191835596:T:G,212360,-0.4294286370277405,0.18440894782543182,computed (both variants usable)
2:204085635:C:T,2:207996447:T:C,3910812,0.02854973077774048,0.0008150871144607663,computed (both variants usable)
2:204085635:C:T,2:208402750:T:C,4317115,-0.004638376645743847,2.1514537365874276e-05,computed (both variants usable)
2:204085635:C:T,2:208501509:A:T,4415874,0.015219604596495628,0.00023163636797107756,computed (both variants usable)
2:204085635:C:T,2:208855135:A:G,4769500,0.018555546179413795,0.0003443082969170064,computed (both variants usable)
2:204085635:C:T,2:208882584:C:T,4796949,0.03011055290699005,0.0009066453785635531,computed (both variants usable)
2:204085635:C:T,2:208886206:G:A,4800571,0.027442671358585358,0.0007531002047471702,computed (both variants usable)
2:207996447:T:C,2:208402750:T:C,406303,0.0373234786093235,0.0013930420391261578,computed (both variants usable)
2:207996447:T:C,2:208501509:A:T,505062,0.01987077295780182,0.00039484762237407267,computed (both variants usable)
2:207996447:T:C,2:208855135:A:G,858688,0.0309203639626503,0.0009560689213685691,computed (both variants usable)
2:207996447:T:C,2:208882584:C:T,886137,0.025193078443408012,0.0006346912123262882,computed (both variants usable)
2:207996447:T:C,2:208886206:G:A,889759,0.032340988516807556,0.0010459395125508308,computed (both variants usable)
2:207996447:T:C,2:216300482:T:A,8304035,-0.007703529205173254,5.934436194365844e-05,computed (both variants usable)
2:207996447:T:C,2:217681961:G:A,9685514,0.034802623093128204,0.00121122261043638,computed (both variants usable)
2:208402750:T:C,2:208501509:A:T,98759,0.9205715656280518,0.8474519848823547,computed (both variants usable)
2:208402750:T:C,2:208855135:A:G,452385,-0.01750996895134449,0.0003065990167669952,computed (both variants usable)
2:208402750:T:C,2:208882584:C:T,479834,-0.030223969370126724,0.0009134883293882012,computed (both variants usable)
2:208402750:T:C,2:208886206:G:A,483456,-0.03308336064219475,0.0010945087997242808,computed (both variants usable)
2:208402750:T:C,2:216300482:T:A,7897732,-0.010297111235558987,0.00010603050031932071,computed (both variants usable)
2:208402750:T:C,2:217681961:G:A,9279211,0.002807586919516325,7.882544196036179e-06,computed (both variants usable)
2:208501509:A:T,2:208855135:A:G,353626,-0.033312976360321045,0.0011097544338554144,computed (both variants usable)
2:208501509:A:T,2:208882584:C:T,381075,-0.04630458354949951,0.0021441143471747637,computed (both variants usable)
2:208501509:A:T,2:208886206:G:A,384697,-0.049034830182790756,0.0024044145829975605,computed (both variants usable)
2:208501509:A:T,2:216300482:T:A,7798973,-0.018752820789813995,0.0003516682772897184,computed (both variants usable)
2:208501509:A:T,2:217681961:G:A,9180452,0.003164402674883604,1.0013443898060359e-05,computed (both variants usable)
2:208855135:A:G,2:208882584:C:T,27449,0.9714545607566833,0.9437239766120911,computed (both variants usable)
2:208855135:A:G,2:208886206:G:A,31071,0.9667760729789734,0.9346559643745422,computed (both variants usable)
2:208855135:A:G,2:216300482:T:A,7445347,-0.0006349754403345287,4.0319380900655233e-07,computed (both variants usable)
2:208855135:A:G,2:217681961:G:A,8826826,-0.047584038227796555,0.0022642407566308975,computed (both variants usable)
2:208882584:C:T,2:208886206:G:A,3622,0.9952244758605957,0.9904717803001404,computed (both variants usable)
2:208882584:C:T,2:216300482:T:A,7417898,0.0032706293277442455,1.0697016477934085e-05,computed (both variants usable)
2:208882584:C:T,2:217681961:G:A,8799377,-0.04430278018116951,0.0019627362489700317,computed (both variants usable)
2:208886206:G:A,2:216300482:T:A,7414276,0.0049533359706401825,2.4535536795156077e-05,computed (both variants usable)
2:208886206:G:A,2:217681961:G:A,8795755,-0.038900408893823624,0.0015132417902350426,computed (both variants usable)
2:216300482:T:A,2:217681961:G:A,1381479,0.016227930784225464,0.0002633457479532808,computed (both variants usable)
2:216300482:T:A,2:219186462:T:C,2885980,-0.018777869641780853,0.0003526083892211318,computed (both variants usable)
2:217681961:G:A,2:219186462:T:C,1504501,-0.072193942964077,0.0052119651809334755,computed (both variants usable)
2:239864510:C:T,2:242173916:G:A,2309406,-0.005373423453420401,2.8873679184471257e-05,computed (both variants usable)
2:239864510:C:T,2:242212033:G:C,2347523,0.02495264820754528,0.0006226346595212817,computed (both variants usable)
2:239864510:C:T,2:242212155:A:G,2347645,0.02669270522892475,0.0007125005358830094,computed (both variants usable)
2:239864510:C:T,2:242236667:A:C,2372157,0.012963189743459225,0.00016804429469630122,computed (both variants usable)
2:239864510:C:T,2:242255378:G:A,2390868,-0.016388708725571632,0.00026858976343646646,computed (both variants usable)
2:239864510:C:T,2:242278018:A:T,2413508,0.008579819463193417,7.361330062849447e-05,computed (both variants usable)
2:239864510:C:T,2:242316843:G:A,2452333,0.008579819463193417,7.361330062849447e-05,computed (both variants usable)
2:239864510:C:T,2:242339656:A:G,2475146,0.01900501735508442,0.0003611906722653657,computed (both variants usable)
2:239864510:C:T,2:242345534:T:C,2481024,0.0001997682120418176,3.9907337878730686e-08,computed (both variants usable)
2:239864510:C:T,2:242378138:G:A,2513628,0.007912508212029934,6.260778900468722e-05,computed (both variants usable)
2:239864510:C:T,2:242396033:A:G,2531523,-0.031333111226558685,0.0009817638201639056,computed (both variants usable)
2:239864510:C:T,2:242396087:A:T,2531577,-0.01956663839519024,0.0003828533517662436,computed (both variants usable)
2:239864510:C:T,2:242396804:T:C,2532294,0.020795686170458794,0.00043246056884527206,computed (both variants usable)
2:239864510:C:T,2:242399927:G:A,2535417,-0.023937858641147614,0.0005730210687033832,computed (both variants usable)
2:239864510:C:T,2:242400597:A:G,2536087,-0.031333111226558685,0.0009817638201639056,computed (both variants usable)
2:239864510:C:T,2:242401002:T:C,2536492,-0.023937858641147614,0.0005730210687033832,computed (both variants usable)
2:239864510:C:T,2:242403921:T:A,2539411,0.005683761555701494,3.2305146305589005e-05,computed (both variants usable)
2:239864510:C:T,2:242404135:G:T,2539625,-0.031333111226558685,0.0009817638201639056,computed (both variants usable)
2:239864510:C:T,2:242404661:T:C,2540151,-0.023937858641147614,0.0005730210687033832,computed (both variants usable)
2:239864510:C:T,2:242409895:A:G,2545385,-0.023937858641147614,0.0005730210687033832,computed (both variants usable)
2:239864510:C:T,2:242409933:A:G,2545423,-0.023937858641147614,0.0005730210687033832,computed (both variants usable)
2:239864510:C:T,2:242410081:T:C,2545571,-0.02661559358239174,0.0007083897944539785,computed (both variants usable)
2:239864510:C:T,2:242410784:G:A,2546274,-0.023937858641147614,0.0005730210687033832,computed (both variants usable)
2:239864510:C:T,2:242410948:A:G,2546438,-0.031333111226558685,0.0009817638201639056,computed (both variants usable)
2:239864510:C:T,2:242411069:T:C,2546559,-0.02377006597816944,0.0005650160601362586,computed (both variants usable)
2:239864510:C:T,2:242411071:T:G,2546561,-0.02377006597816944,0.0005650160601362586,computed (both variants usable)
2:239864510:C:T,2:242411190:A:G,2546680,-0.023937858641147614,0.0005730210687033832,computed (both variants usable)
2:239864510:C:T,2:242411407:A:G,2546897,-0.023937858641147614,0.0005730210687033832,computed (both variants usable)
2:239864510:C:T,2:242411836:G:A,2547326,-0.023937858641147614,0.0005730210687033832,computed (both variants usable)
2:239864510:C:T,2:242412109:T:C,2547599,0.005683761555701494,3.2305146305589005e-05,computed (both variants usable)
2:239864510:C:T,2:242413908:A:C,2549398,-0.023937858641147614,0.0005730210687033832,computed (both variants usable)
2:239864510:C:T,2:242415617:A:G,2551107,-0.023937858641147614,0.0005730210687033832,computed (both variants usable)
2:239864510:C:T,2:242416009:C:T,2551499,-0.023937858641147614,0.0005730210687033832,computed (both variants usable)
2:239864510:C:T,2:242418808:G:T,2554298,-0.025783788412809372,0.0006648037233389914,computed (both variants usable)
2:239864510:C:T,2:242422404:C:T,2557894,0.009110423736274242,8.299981709569693e-05,computed (both variants usable)
2:239864510:C:T,2:242424110:T:C,2559600,-0.023937858641147614,0.0005730210687033832,computed (both variants usable)
2:239864510:C:T,2:242425585:T:G,2561075,-0.023937858641147614,0.0005730210687033832,computed (both variants usable)
2:239864510:C:T,2:242428809:G:T,2564299,-0.02619984745979309,0.0006864320021122694,computed (both variants usable)
2:239864510:C:T,2:242428910:G:A,2564400,-0.02619984745979309,0.0006864320021122694,computed (both variants usable)
2:239864510:C:T,2:242432704:G:C,2568194,-0.02804592438042164,0.0007865738589316607,computed (both variants usable)
2:239864510:C:T,2:242436238:C:T,2571728,-0.0369003564119339,0.00136163632851094,computed (both variants usable)
2:239864510:C:T,2:242437375:T:C,2572865,-0.02519048936665058,0.0006345607689581811,computed (both variants usable)
2:239864510:C:T,2:242439071:G:A,2574561,-0.02804592438042164,0.0007865738589316607,computed (both variants usable)
2:239864510:C:T,2:242440663:G:A,2576153,-0.025783782824873924,0.0006648034323006868,computed (both variants usable)
2:239864510:C:T,2:242442847:C:G,2578337,-0.023351607844233513,0.0005452975747175515,computed (both variants usable)
2:239864510:C:T,2:242442856:G:A,2578346,-0.025607191026210785,0.0006557282176800072,computed (both variants usable)
2:239864510:C:T,2:242443091:G:A,2578581,-0.023351607844233513,0.0005452975747175515,computed (both variants usable)
2:239864510:C:T,2:242444758:C:T,2580248,-0.023770112544298172,0.0005650182720273733,computed (both variants usable)
2:239864510:C:T,2:242445040:T:A,2580530,-0.023770112544298172,0.0005650182720273733,computed (both variants usable)
2:239864510:C:T,2:242445336:A:G,2580826,0.026999374851584435,0.0007289662607945502,computed (both variants usable)
2:239864510:C:T,2:242530571:C:T,2666061,0.01537470892071724,0.00023638167476747185,computed (both variants usable)
2:242173916:G:A,2:242212033:G:C,38117,0.3629097640514374,0.13170349597930908,computed (both variants usable)
2:242173916:G:A,2:242212155:A:G,38239,0.3504520356655121,0.12281662970781326,computed (both variants usable)
2:242173916:G:A,2:242236667:A:C,62751,0.3604695498943329,0.1299382895231247,computed (both variants usable)
2:242173916:G:A,2:242255378:G:A,81462,0.7449003458023071,0.5548765063285828,computed (both variants usable)
2:242173916:G:A,2:242278018:A:T,104102,0.3538070023059845,0.12517939507961273,computed (both variants usable)
2:242173916:G:A,2:242316843:G:A,142927,0.3538070023059845,0.12517939507961273,computed (both variants usable)
2:242173916:G:A,2:242339656:A:G,165740,0.3496970236301422,0.12228801101446152,computed (both variants usable)
2:242173916:G:A,2:242345534:T:C,171618,0.4253065288066864,0.18088564276695251,computed (both variants usable)
2:242173916:G:A,2:242378138:G:A,204222,0.34571266174316406,0.1195172443985939,computed (both variants usable)
2:242173916:G:A,2:242396033:A:G,222117,0.706622302532196,0.499315083026886,computed (both variants usable)
2:242173916:G:A,2:242396087:A:T,222171,0.6749364733695984,0.4555392563343048,computed (both variants usable)
2:242173916:G:A,2:242396804:T:C,222888,0.408197820186615,0.16662545502185822,computed (both variants usable)
2:242173916:G:A,2:242399927:G:A,226011,0.6966564059257507,0.48533013463020325,computed (both variants usable)
2:242173916:G:A,2:242400597:A:G,226681,0.706622302532196,0.499315083026886,computed (both variants usable)
2:242173916:G:A,2:242401002:T:C,227086,0.6966564059257507,0.48533013463020325,computed (both variants usable)
2:242173916:G:A,2:242403921:T:A,230005,0.5820501446723938,0.3387823700904846,computed (both variants usable)
2:242173916:G:A,2:242404135:G:T,230219,0.706622302532196,0.499315083026886,computed (both variants usable)
2:242173916:G:A,2:242404661:T:C,230745,0.6966564059257507,0.48533013463020325,computed (both variants usable)
2:242173916:G:A,2:242409895:A:G,235979,0.6966564059257507,0.48533013463020325,computed (both variants usable)
2:242173916:G:A,2:242409933:A:G,236017,0.6966564059257507,0.48533013463020325,computed (both variants usable)
2:242173916:G:A,2:242410081:T:C,236165,0.6933225393295288,0.4806961417198181,computed (both variants usable)
2:242173916:G:A,2:242410784:G:A,236868,0.6966564059257507,0.48533013463020325,computed (both variants usable)
2:242173916:G:A,2:242410948:A:G,237032,0.706622302532196,0.499315083026886,computed (both variants usable)
2:242173916:G:A,2:242411069:T:C,237153,0.6664034128189087,0.4440934956073761,computed (both variants usable)
2:242173916:G:A,2:242411071:T:G,237155,0.6664034128189087,0.4440934956073761,computed (both variants usable)
2:242173916:G:A,2:242411190:A:G,237274,0.6966564059257507,0.48533013463020325,computed (both variants usable)
2:242173916:G:A,2:242411407:A:G,237491,0.6966564059257507,0.48533013463020325,computed (both variants usable)
2:242173916:G:A,2:242411836:G:A,237920,0.6966564059257507,0.48533013463020325,computed (both variants usable)
2:242173916:G:A,2:242412109:T:C,238193,0.5820501446723938,0.3387823700904846,computed (both variants usable)
2:242173916:G:A,2:242413908:A:C,239992,0.6966564059257507,0.48533013463020325,computed (both variants usable)
2:242173916:G:A,2:242415617:A:G,241701,0.6966564059257507,0.48533013463020325,computed (both variants usable)
2:242173916:G:A,2:242416009:C:T,242093,0.6966564059257507,0.48533013463020325,computed (both variants usable)
2:242173916:G:A,2:242418808:G:T,244892,0.6950479745864868,0.48309168219566345,computed (both variants usable)
2:242173916:G:A,2:242422404:C:T,248488,0.3654272258281708,0.13353705406188965,computed (both variants usable)
2:242173916:G:A,2:242424110:T:C,250194,0.6966564059257507,0.48533013463020325,computed (both variants usable)
2:242173916:G:A,2:242425585:T:G,251669,0.6966564059257507,0.48533013463020325,computed (both variants usable)
2:242173916:G:A,2:242428809:G:T,254893,0.6941803097724915,0.4818862974643707,computed (both variants usable)
2:242173916:G:A,2:242428910:G:A,254994,0.6941803097724915,0.4818862974643707,computed (both variants usable)
2:242173916:G:A,2:242432704:G:C,258788,0.6925671100616455,0.47964921593666077,computed (both variants usable)
2:242173916:G:A,2:242436238:C:T,262322,0.6977424025535583,0.4868444502353668,computed (both variants usable)
2:242173916:G:A,2:242437375:T:C,263459,0.6981846690177917,0.4874618351459503,computed (both variants usable)
2:242173916:G:A,2:242439071:G:A,265155,0.6925671100616455,0.47964921593666077,computed (both variants usable)
2:242173916:G:A,2:242440663:G:A,266747,0.6909567713737488,0.47742125391960144,computed (both variants usable)
2:242173916:G:A,2:242442847:C:G,268931,0.6753495335578918,0.4560970067977905,computed (both variants usable)
2:242173916:G:A,2:242442856:G:A,268940,0.6729095578193665,0.4528072774410248,computed (both variants usable)
2:242173916:G:A,2:242443091:G:A,269175,0.6753495335578918,0.4560970067977905,computed (both variants usable)
2:242173916:G:A,2:242444758:C:T,270842,0.6745485067367554,0.4550156891345978,computed (both variants usable)
2:242173916:G:A,2:242445040:T:A,271124,0.6745485067367554,0.4550156891345978,computed (both variants usable)
2:242173916:G:A,2:242445336:A:G,271420,0.779205322265625,0.6071609258651733,computed (both variants usable)
2:242173916:G:A,2:242530571:C:T,356655,0.018913891166448593,0.00035773529089055955,computed (both variants usable)
2:242212033:G:C,2:242212155:A:G,122,0.9873657822608948,0.974891185760498,computed (both variants usable)
2:242212033:G:C,2:242236667:A:C,24634,0.963229238986969,0.927810549736023,computed (both variants usable)
2:242212033:G:C,2:242255378:G:A,43345,0.44742146134376526,0.20018596947193146,computed (both variants usable)
2:242212033:G:C,2:242278018:A:T,65985,0.94545578956604,0.8938866257667542,computed (both variants usable)
2:242212033:G:C,2:242316843:G:A,104810,0.94545578956604,0.8938866257667542,computed (both variants usable)
2:242212033:G:C,2:242339656:A:G,127623,0.90415358543396,0.8174936771392822,computed (both variants usable)
2:242212033:G:C,2:242345534:T:C,133501,0.6468860507011414,0.41846156120300293,computed (both variants usable)
2:242212033:G:C,2:242378138:G:A,166105,0.9376129508018494,0.879118025302887,computed (both variants usable)
2:242212033:G:C,2:242396033:A:G,184000,0.5010576844215393,0.25105881690979004,computed (both variants usable)
2:242212033:G:C,2:242396087:A:T,184054,0.43623054027557373,0.19029708206653595,computed (both variants usable)
2:242212033:G:C,2:242396804:T:C,184771,0.569599986076355,0.32444414496421814,computed (both variants usable)
2:242212033:G:C,2:242399927:G:A,187894,0.49686339497566223,0.24687322974205017,computed (both variants usable)
2:242212033:G:C,2:242400597:A:G,188564,0.5010576844215393,0.25105881690979004,computed (both variants usable)
2:242212033:G:C,2:242401002:T:C,188969,0.49686339497566223,0.24687322974205017,computed (both variants usable)
2:242212033:G:C,2:242403921:T:A,191888,0.43063992261886597,0.1854507476091385,computed (both variants usable)
2:242212033:G:C,2:242404135:G:T,192102,0.5010576844215393,0.25105881690979004,computed (both variants usable)
2:242212033:G:C,2:242404661:T:C,192628,0.49686339497566223,0.24687322974205017,computed (both variants usable)
2:242212033:G:C,2:242409895:A:G,197862,0.49686339497566223,0.24687322974205017,computed (both variants usable)
2:242212033:G:C,2:242409933:A:G,197900,0.49686339497566223,0.24687322974205017,computed (both variants usable)
2:242212033:G:C,2:242410081:T:C,198048,0.49374935030937195,0.24378842115402222,computed (both variants usable)
2:242212033:G:C,2:242410784:G:A,198751,0.49686339497566223,0.24687322974205017,computed (both variants usable)
2:242212033:G:C,2:242410948:A:G,198915,0.5010576844215393,0.25105881690979004,computed (both variants usable)
2:242212033:G:C,2:242411069:T:C,199036,0.48760783672332764,0.23776140809059143,computed (both variants usable)
2:242212033:G:C,2:242411071:T:G,199038,0.48760783672332764,0.23776140809059143,computed (both variants usable)
2:242212033:G:C,2:242411190:A:G,199157,0.49686339497566223,0.24687322974205017,computed (both variants usable)
2:242212033:G:C,2:242411407:A:G,199374,0.49686339497566223,0.24687322974205017,computed (both variants usable)
2:242212033:G:C,2:242411836:G:A,199803,0.49686339497566223,0.24687322974205017,computed (both variants usable)
2:242212033:G:C,2:242412109:T:C,200076,0.43063992261886597,0.1854507476091385,computed (both variants usable)
2:242212033:G:C,2:242413908:A:C,201875,0.49686339497566223,0.24687322974205017,computed (both variants usable)
2:242212033:G:C,2:242415617:A:G,203584,0.49686339497566223,0.24687322974205017,computed (both variants usable)
2:242212033:G:C,2:242416009:C:T,203976,0.49686339497566223,0.24687322974205017,computed (both variants usable)
2:242212033:G:C,2:242418808:G:T,206775,0.491913378238678,0.24197876453399658,computed (both variants usable)
2:242212033:G:C,2:242422404:C:T,210371,0.9186673164367676,0.8439496159553528,computed (both variants usable)
2:242212033:G:C,2:242424110:T:C,212077,0.49686339497566223,0.24687322974205017,computed (both variants usable)
2:242212033:G:C,2:242425585:T:G,213552,0.49686339497566223,0.24687322974205017,computed (both variants usable)
2:242212033:G:C,2:242428809:G:T,216776,0.4958232641220093,0.24584071338176727,computed (both variants usable)
2:242212033:G:C,2:242428910:G:A,216877,0.4958232641220093,0.24584071338176727,computed (both variants usable)
2:242212033:G:C,2:242432704:G:C,220671,0.49087217450141907,0.24095548689365387,computed (both variants usable)
2:242212033:G:C,2:242436238:C:T,224205,0.48018935322761536,0.23058182001113892,computed (both variants usable)
2:242212033:G:C,2:242437375:T:C,225342,0.48468923568725586,0.23492366075515747,computed (both variants usable)
2:242212033:G:C,2:242439071:G:A,227038,0.49087217450141907,0.24095548689365387,computed (both variants usable)
2:242212033:G:C,2:242440663:G:A,228630,0.4859192371368408,0.23611751198768616,computed (both variants usable)
2:242212033:G:C,2:242442847:C:G,230814,0.4776988625526428,0.22819620370864868,computed (both variants usable)
2:242212033:G:C,2:242442856:G:A,230823,0.47668543457984924,0.22722899913787842,computed (both variants usable)
2:242212033:G:C,2:242443091:G:A,231058,0.4776988625526428,0.22819620370864868,computed (both variants usable)
2:242212033:G:C,2:242444758:C:T,232725,0.48164135217666626,0.2319783866405487,computed (both variants usable)
2:242212033:G:C,2:242445040:T:A,233007,0.48164135217666626,0.2319783866405487,computed (both variants usable)
2:242212033:G:C,2:242445336:A:G,233303,0.38288286328315735,0.14659929275512695,computed (both variants usable)
2:242212033:G:C,2:242530571:C:T,318538,0.049899764358997345,0.0024899865966290236,computed (both variants usable)
2:242212155:A:G,2:242236667:A:C,24512,0.9755545854568481,0.9517067670822144,computed (both variants usable)
2:242212155:A:G,2:242255378:G:A,43223,0.45314714312553406,0.2053423374891281,computed (both variants usable)
2:242212155:A:G,2:242278018:A:T,65863,0.9582955837249756,0.9183304309844971,computed (both variants usable)
2:242212155:A:G,2:242316843:G:A,104688,0.9582955837249756,0.9183304309844971,computed (both variants usable)
2:242212155:A:G,2:242339656:A:G,127501,0.916441023349762,0.8398641347885132,computed (both variants usable)
2:242212155:A:G,2:242345534:T:C,133379,0.6556032299995422,0.4298155903816223,computed (both variants usable)
2:242212155:A:G,2:242378138:G:A,165983,0.9503496885299683,0.9031645059585571,computed (both variants usable)
2:242212155:A:G,2:242396033:A:G,183878,0.5074690580368042,0.25752484798431396,computed (both variants usable)
2:242212155:A:G,2:242396087:A:T,183932,0.44340306520462036,0.19660627841949463,computed (both variants usable)
2:242212155:A:G,2:242396804:T:C,184649,0.577308177947998,0.33328473567962646,computed (both variants usable)
2:242212155:A:G,2:242399927:G:A,187772,0.5032205581665039,0.2532309293746948,computed (both variants usable)
2:242212155:A:G,2:242400597:A:G,188442,0.5074690580368042,0.25752484798431396,computed (both variants usable)
2:242212155:A:G,2:242401002:T:C,188847,0.5032205581665039,0.2532309293746948,computed (both variants usable)
2:242212155:A:G,2:242403921:T:A,191766,0.43615180253982544,0.1902283877134323,computed (both variants usable)
2:242212155:A:G,2:242404135:G:T,191980,0.5074690580368042,0.25752484798431396,computed (both variants usable)
2:242212155:A:G,2:242404661:T:C,192506,0.5032205581665039,0.2532309293746948,computed (both variants usable)
2:242212155:A:G,2:242409895:A:G,197740,0.5032205581665039,0.2532309293746948,computed (both variants usable)
2:242212155:A:G,2:242409933:A:G,197778,0.5032205581665039,0.2532309293746948,computed (both variants usable)
2:242212155:A:G,2:242410081:T:C,197926,0.5000675916671753,0.2500675916671753,computed (both variants usable)
2:242212155:A:G,2:242410784:G:A,198629,0.5032205581665039,0.2532309293746948,computed (both variants usable)
2:242212155:A:G,2:242410948:A:G,198793,0.5074690580368042,0.25752484798431396,computed (both variants usable)
2:242212155:A:G,2:242411069:T:C,198914,0.49384796619415283,0.2438858151435852,computed (both variants usable)
2:242212155:A:G,2:242411071:T:G,198916,0.49384796619415283,0.2438858151435852,computed (both variants usable)
2:242212155:A:G,2:242411190:A:G,199035,0.5032205581665039,0.2532309293746948,computed (both variants usable)
2:242212155:A:G,2:242411407:A:G,199252,0.5032205581665039,0.2532309293746948,computed (both variants usable)
2:242212155:A:G,2:242411836:G:A,199681,0.5032205581665039,0.2532309293746948,computed (both variants usable)
2:242212155:A:G,2:242412109:T:C,199954,0.43615180253982544,0.1902283877134323,computed (both variants usable)
2:242212155:A:G,2:242413908:A:C,201753,0.5032205581665039,0.2532309293746948,computed (both variants usable)
2:242212155:A:G,2:242415617:A:G,203462,0.5032205581665039,0.2532309293746948,computed (both variants usable)
2:242212155:A:G,2:242416009:C:T,203854,0.5032205581665039,0.2532309293746948,computed (both variants usable)
2:242212155:A:G,2:242418808:G:T,206653,0.49833840131759644,0.2483411580324173,computed (both variants usable)
2:242212155:A:G,2:242422404:C:T,210249,0.9311482310295105,0.8670370578765869,computed (both variants usable)
2:242212155:A:G,2:242424110:T:C,211955,0.5032205581665039,0.2532309293746948,computed (both variants usable)
2:242212155:A:G,2:242425585:T:G,213430,0.5032205581665039,0.2532309293746948,computed (both variants usable)
2:242212155:A:G,2:242428809:G:T,216654,0.5021657347679138,0.2521704137325287,computed (both variants usable)
2:242212155:A:G,2:242428910:G:A,216755,0.5021657347679138,0.2521704137325287,computed (both variants usable)
2:242212155:A:G,2:242432704:G:C,220549,0.49728456139564514,0.2472919374704361,computed (both variants usable)
2:242212155:A:G,2:242436238:C:T,224083,0.48686301708221436,0.2370356023311615,computed (both variants usable)
2:242212155:A:G,2:242437375:T:C,225220,0.491025447845459,0.24110598862171173,computed (both variants usable)
2:242212155:A:G,2:242439071:G:A,226916,0.49728456139564514,0.2472919374704361,computed (both variants usable)
2:242212155:A:G,2:242440663:G:A,228508,0.49239957332611084,0.2424573451280594,computed (both variants usable)
2:242212155:A:G,2:242442847:C:G,230692,0.4840750992298126,0.23432870209217072,computed (both variants usable)
2:242212155:A:G,2:242442856:G:A,230701,0.483049601316452,0.2333369106054306,computed (both variants usable)
2:242212155:A:G,2:242443091:G:A,230936,0.4840750992298126,0.23432870209217072,computed (both variants usable)
2:242212155:A:G,2:242444758:C:T,232603,0.48793652653694153,0.23808205127716064,computed (both variants usable)
2:242212155:A:G,2:242445040:T:A,232885,0.48793652653694153,0.23808205127716064,computed (both variants usable)
2:242212155:A:G,2:242445336:A:G,233181,0.38778388500213623,0.1503763347864151,computed (both variants usable)
2:242212155:A:G,2:242530571:C:T,318416,0.055417850613594055,0.003071138169616461,computed (both variants usable)
2:242236667:A:C,2:242255378:G:A,18711,0.46450015902519226,0.21576039493083954,computed (both variants usable)
2:242236667:A:C,2:242278018:A:T,41351,0.9837338924407959,0.9677323698997498,computed (both variants usable)
2:242236667:A:C,2:242316843:G:A,80176,0.9837338924407959,0.9677323698997498,computed (both variants usable)
2:242236667:A:C,2:242339656:A:G,102989,0.9407867789268494,0.8850797414779663,computed (both variants usable)
2:242236667:A:C,2:242345534:T:C,108867,0.6728760004043579,0.45276209712028503,computed (both variants usable)
2:242236667:A:C,2:242378138:G:A,141471,0.975578784942627,0.9517539739608765,computed (both variants usable)
2:242236667:A:C,2:242396033:A:G,159366,0.5201829075813293,0.27059024572372437,computed (both variants usable)
2:242236667:A:C,2:242396087:A:T,159420,0.4575733244419098,0.209373340010643,computed (both variants usable)
2:242236667:A:C,2:242396804:T:C,160137,0.5925708413124084,0.35114020109176636,computed (both variants usable)
2:242236667:A:C,2:242399927:G:A,163260,0.5158296227455139,0.26608020067214966,computed (both variants usable)
2:242236667:A:C,2:242400597:A:G,163930,0.5201829075813293,0.27059024572372437,computed (both variants usable)
2:242236667:A:C,2:242401002:T:C,164335,0.5158296227455139,0.26608020067214966,computed (both variants usable)
2:242236667:A:C,2:242403921:T:A,167254,0.44708022475242615,0.19988073408603668,computed (both variants usable)
2:242236667:A:C,2:242404135:G:T,167468,0.5201829075813293,0.27059024572372437,computed (both variants usable)
2:242236667:A:C,2:242404661:T:C,167994,0.5158296227455139,0.26608020067214966,computed (both variants usable)
2:242236667:A:C,2:242409895:A:G,173228,0.5158296227455139,0.26608020067214966,computed (both variants usable)
2:242236667:A:C,2:242409933:A:G,173266,0.5158296227455139,0.26608020067214966,computed (both variants usable)
2:242236667:A:C,2:242410081:T:C,173414,0.5125967264175415,0.2627553939819336,computed (both variants usable)
2:242236667:A:C,2:242410784:G:A,174117,0.5158296227455139,0.26608020067214966,computed (both variants usable)
2:242236667:A:C,2:242410948:A:G,174281,0.5201829075813293,0.27059024572372437,computed (both variants usable)
2:242236667:A:C,2:242411069:T:C,174402,0.5062219500541687,0.2562606632709503,computed (both variants usable)
2:242236667:A:C,2:242411071:T:G,174404,0.5062219500541687,0.2562606632709503,computed (both variants usable)
2:242236667:A:C,2:242411190:A:G,174523,0.5158296227455139,0.26608020067214966,computed (both variants usable)
2:242236667:A:C,2:242411407:A:G,174740,0.5158296227455139,0.26608020067214966,computed (both variants usable)
2:242236667:A:C,2:242411836:G:A,175169,0.5158296227455139,0.26608020067214966,computed (both variants usable)
2:242236667:A:C,2:242412109:T:C,175442,0.44708022475242615,0.19988073408603668,computed (both variants usable)
2:242236667:A:C,2:242413908:A:C,177241,0.5158296227455139,0.26608020067214966,computed (both variants usable)
2:242236667:A:C,2:242415617:A:G,178950,0.5158296227455139,0.26608020067214966,computed (both variants usable)
2:242236667:A:C,2:242416009:C:T,179342,0.5158296227455139,0.26608020067214966,computed (both variants usable)
2:242236667:A:C,2:242418808:G:T,182141,0.5110791921615601,0.261201947927475,computed (both variants usable)
2:242236667:A:C,2:242422404:C:T,185737,0.9558762311935425,0.9136993885040283,computed (both variants usable)
2:242236667:A:C,2:242424110:T:C,187443,0.5158296227455139,0.26608020067214966,computed (both variants usable)
2:242236667:A:C,2:242425585:T:G,188918,0.5158296227455139,0.26608020067214966,computed (both variants usable)
2:242236667:A:C,2:242428809:G:T,192142,0.5147474408149719,0.2649649381637573,computed (both variants usable)
2:242236667:A:C,2:242428910:G:A,192243,0.5147474408149719,0.2649649381637573,computed (both variants usable)
2:242236667:A:C,2:242432704:G:C,196037,0.5099984407424927,0.260098397731781,computed (both variants usable)
2:242236667:A:C,2:242436238:C:T,199571,0.5000794529914856,0.2500794529914856,computed (both variants usable)
2:242236667:A:C,2:242437375:T:C,200708,0.5035797953605652,0.2535926103591919,computed (both variants usable)
2:242236667:A:C,2:242439071:G:A,202404,0.5099984407424927,0.260098397731781,computed (both variants usable)
2:242236667:A:C,2:242440663:G:A,203996,0.5052452087402344,0.2552727162837982,computed (both variants usable)
2:242236667:A:C,2:242442847:C:G,206180,0.49671095609664917,0.2467217743396759,computed (both variants usable)
2:242236667:A:C,2:242442856:G:A,206189,0.4956556558609009,0.24567453563213348,computed (both variants usable)
2:242236667:A:C,2:242443091:G:A,206424,0.49671095609664917,0.2467217743396759,computed (both variants usable)
2:242236667:A:C,2:242444758:C:T,208091,0.5004148483276367,0.25041502714157104,computed (both variants usable)
2:242236667:A:C,2:242445040:T:A,208373,0.5004148483276367,0.25041502714157104,computed (both variants usable)
2:242236667:A:C,2:242445336:A:G,208669,0.3975003659725189,0.15800653398036957,computed (both variants usable)
2:242236667:A:C,2:242530571:C:T,293904,0.06618497520685196,0.004380451049655676,computed (both variants usable)
2:242255378:G:A,2:242278018:A:T,22640,0.4569464921951294,0.20880009233951569,computed (both variants usable)
2:242255378:G:A,2:242316843:G:A,61465,0.4569464921951294,0.20880009233951569,computed (both variants usable)
2:242255378:G:A,2:242339656:A:G,84278,0.47759994864463806,0.2281017154455185,computed (both variants usable)
2:242255378:G:A,2:242345534:T:C,90156,0.4648991823196411,0.21613125503063202,computed (both variants usable)
2:242255378:G:A,2:242378138:G:A,122760,0.4492168724536896,0.2017958015203476,computed (both variants usable)
2:242255378:G:A,2:242396033:A:G,140655,0.8145661950111389,0.6635180711746216,computed (both variants usable)
2:242255378:G:A,2:242396087:A:T,140709,0.7970287799835205,0.6352548599243164,computed (both variants usable)
2:242255378:G:A,2:242396804:T:C,141426,0.47832006216049194,0.2287900745868683,computed (both variants usable)
2:242255378:G:A,2:242399927:G:A,144549,0.8222531676292419,0.6761002540588379,computed (both variants usable)
2:242255378:G:A,2:242400597:A:G,145219,0.8145661950111389,0.6635180711746216,computed (both variants usable)
2:242255378:G:A,2:242401002:T:C,145624,0.8222531676292419,0.6761002540588379,computed (both variants usable)
2:242255378:G:A,2:242403921:T:A,148543,0.7169778347015381,0.5140572190284729,computed (both variants usable)
2:242255378:G:A,2:242404135:G:T,148757,0.8145661950111389,0.6635180711746216,computed (both variants usable)
2:242255378:G:A,2:242404661:T:C,149283,0.8222531676292419,0.6761002540588379,computed (both variants usable)
2:242255378:G:A,2:242409895:A:G,154517,0.8222531676292419,0.6761002540588379,computed (both variants usable)
2:242255378:G:A,2:242409933:A:G,154555,0.8222531676292419,0.6761002540588379,computed (both variants usable)
2:242255378:G:A,2:242410081:T:C,154703,0.8157103061676025,0.6653832793235779,computed (both variants usable)
2:242255378:G:A,2:242410784:G:A,155406,0.8222531676292419,0.6761002540588379,computed (both variants usable)
2:242255378:G:A,2:242410948:A:G,155570,0.8145661950111389,0.6635180711746216,computed (both variants usable)
2:242255378:G:A,2:242411069:T:C,155691,0.8396698236465454,0.7050454020500183,computed (both variants usable)
2:242255378:G:A,2:242411071:T:G,155693,0.8396698236465454,0.7050454020500183,computed (both variants usable)
2:242255378:G:A,2:242411190:A:G,155812,0.8222531676292419,0.6761002540588379,computed (both variants usable)
2:242255378:G:A,2:242411407:A:G,156029,0.8222531676292419,0.6761002540588379,computed (both variants usable)
2:242255378:G:A,2:242411836:G:A,156458,0.8222531676292419,0.6761002540588379,computed (both variants usable)
2:242255378:G:A,2:242412109:T:C,156731,0.7169778347015381,0.5140572190284729,computed (both variants usable)
2:242255378:G:A,2:242413908:A:C,158530,0.8222531676292419,0.6761002540588379,computed (both variants usable)
2:242255378:G:A,2:242415617:A:G,160239,0.8222531676292419,0.6761002540588379,computed (both variants usable)
2:242255378:G:A,2:242416009:C:T,160631,0.8222531676292419,0.6761002540588379,computed (both variants usable)
2:242255378:G:A,2:242418808:G:T,163430,0.8203312754631042,0.6729434132575989,computed (both variants usable)
2:242255378:G:A,2:242422404:C:T,167026,0.4417608678340912,0.1951526701450348,computed (both variants usable)
2:242255378:G:A,2:242424110:T:C,168732,0.8222531676292419,0.6761002540588379,computed (both variants usable)
2:242255378:G:A,2:242425585:T:G,170207,0.8222531676292419,0.6761002540588379,computed (both variants usable)
2:242255378:G:A,2:242428809:G:T,173431,0.8200675845146179,0.6725108623504639,computed (both variants usable)
2:242255378:G:A,2:242428910:G:A,173532,0.8200675845146179,0.6725108623504639,computed (both variants usable)
2:242255378:G:A,2:242432704:G:C,177326,0.8181353807449341,0.669345498085022,computed (both variants usable)
2:242255378:G:A,2:242436238:C:T,180860,0.8046777248382568,0.6475062370300293,computed (both variants usable)
2:242255378:G:A,2:242437375:T:C,181997,0.8133167624473572,0.6614841818809509,computed (both variants usable)
2:242255378:G:A,2:242439071:G:A,183693,0.8181353807449341,0.669345498085022,computed (both variants usable)
2:242255378:G:A,2:242440663:G:A,185285,0.816211462020874,0.6662011742591858,computed (both variants usable)
2:242255378:G:A,2:242442847:C:G,187469,0.7988435626029968,0.6381510496139526,computed (both variants usable)
2:242255378:G:A,2:242442856:G:A,187478,0.7966982126235962,0.6347280144691467,computed (both variants usable)
2:242255378:G:A,2:242443091:G:A,187713,0.7988435626029968,0.6381510496139526,computed (both variants usable)
2:242255378:G:A,2:242444758:C:T,189380,0.802762508392334,0.6444276571273804,computed (both variants usable)
2:242255378:G:A,2:242445040:T:A,189662,0.802762508392334,0.6444276571273804,computed (both variants usable)
2:242255378:G:A,2:242445336:A:G,189958,0.6151381731033325,0.3783949613571167,computed (both variants usable)
2:242255378:G:A,2:242530571:C:T,275193,0.053981103003025055,0.0029139595571905375,computed (both variants usable)
2:242278018:A:T,2:242316843:G:A,38825,1.0000015497207642,1.0000030994415283,computed (both variants usable)
2:242278018:A:T,2:242339656:A:G,61638,0.9567555785179138,0.9153812527656555,computed (both variants usable)
2:242278018:A:T,2:242345534:T:C,67516,0.681063711643219,0.4638477861881256,computed (both variants usable)
2:242278018:A:T,2:242378138:G:A,100120,0.9917841553688049,0.9836357831954956,computed (both variants usable)
2:242278018:A:T,2:242396033:A:G,118015,0.5117237567901611,0.2618612051010132,computed (both variants usable)
2:242278018:A:T,2:242396087:A:T,118069,0.44815346598625183,0.2008415311574936,computed (both variants usable)
2:242278018:A:T,2:242396804:T:C,118786,0.6010586619377136,0.3612715005874634,computed (both variants usable)
2:242278018:A:T,2:242399927:G:A,121909,0.5074390769004822,0.25749441981315613,computed (both variants usable)
2:242278018:A:T,2:242400597:A:G,122579,0.5117237567901611,0.2618612051010132,computed (both variants usable)
2:242278018:A:T,2:242401002:T:C,122984,0.5074390769004822,0.25749441981315613,computed (both variants usable)
2:242278018:A:T,2:242403921:T:A,125903,0.439808189868927,0.19343124330043793,computed (both variants usable)
2:242278018:A:T,2:242404135:G:T,126117,0.5117237567901611,0.2618612051010132,computed (both variants usable)
2:242278018:A:T,2:242404661:T:C,126643,0.5074390769004822,0.25749441981315613,computed (both variants usable)
2:242278018:A:T,2:242409895:A:G,131877,0.5074390769004822,0.25749441981315613,computed (both variants usable)
2:242278018:A:T,2:242409933:A:G,131915,0.5074390769004822,0.25749441981315613,computed (both variants usable)
2:242278018:A:T,2:242410081:T:C,132063,0.5042591691017151,0.2542773187160492,computed (both variants usable)
2:242278018:A:T,2:242410784:G:A,132766,0.5074390769004822,0.25749441981315613,computed (both variants usable)
2:242278018:A:T,2:242410948:A:G,132930,0.5117237567901611,0.2618612051010132,computed (both variants usable)
2:242278018:A:T,2:242411069:T:C,133051,0.49798712134361267,0.2479911744594574,computed (both variants usable)
2:242278018:A:T,2:242411071:T:G,133053,0.49798712134361267,0.2479911744594574,computed (both variants usable)
2:242278018:A:T,2:242411190:A:G,133172,0.5074390769004822,0.25749441981315613,computed (both variants usable)
2:242278018:A:T,2:242411407:A:G,133389,0.5074390769004822,0.25749441981315613,computed (both variants usable)
2:242278018:A:T,2:242411836:G:A,133818,0.5074390769004822,0.25749441981315613,computed (both variants usable)
2:242278018:A:T,2:242412109:T:C,134091,0.439808189868927,0.19343124330043793,computed (both variants usable)
2:242278018:A:T,2:242413908:A:C,135890,0.5074390769004822,0.25749441981315613,computed (both variants usable)
2:242278018:A:T,2:242415617:A:G,137599,0.5074390769004822,0.25749441981315613,computed (both variants usable)
2:242278018:A:T,2:242416009:C:T,137991,0.5074390769004822,0.25749441981315613,computed (both variants usable)
2:242278018:A:T,2:242418808:G:T,140790,0.5026013255119324,0.2526080906391144,computed (both variants usable)
2:242278018:A:T,2:242422404:C:T,144386,0.9719512462615967,0.9446892142295837,computed (both variants usable)
2:242278018:A:T,2:242424110:T:C,146092,0.5074390769004822,0.25749441981315613,computed (both variants usable)
2:242278018:A:T,2:242425585:T:G,147567,0.5074390769004822,0.25749441981315613,computed (both variants usable)
2:242278018:A:T,2:242428809:G:T,150791,0.5063753128051758,0.2564159631729126,computed (both variants usable)
2:242278018:A:T,2:242428910:G:A,150892,0.5063753128051758,0.2564159631729126,computed (both variants usable)
2:242278018:A:T,2:242432704:G:C,154686,0.5015389323234558,0.25154128670692444,computed (both variants usable)
2:242278018:A:T,2:242436238:C:T,158220,0.5090499520301819,0.25913184881210327,computed (both variants usable)
2:242278018:A:T,2:242437375:T:C,159357,0.49522680044174194,0.24524958431720734,computed (both variants usable)
2:242278018:A:T,2:242439071:G:A,161053,0.5015389323234558,0.25154128670692444,computed (both variants usable)
2:242278018:A:T,2:242440663:G:A,162645,0.4966982901096344,0.2467091977596283,computed (both variants usable)
2:242278018:A:T,2:242442847:C:G,164829,0.4883035719394684,0.2384403795003891,computed (both variants usable)
2:242278018:A:T,2:242442856:G:A,164838,0.48726871609687805,0.23743079602718353,computed (both variants usable)
2:242278018:A:T,2:242443091:G:A,165073,0.4883035719394684,0.2384403795003891,computed (both variants usable)
2:242278018:A:T,2:242444758:C:T,166740,0.4921112656593323,0.24217349290847778,computed (both variants usable)
2:242278018:A:T,2:242445040:T:A,167022,0.4921112656593323,0.24217349290847778,computed (both variants usable)
2:242278018:A:T,2:242445336:A:G,167318,0.391033798456192,0.15290743112564087,computed (both variants usable)
2:242278018:A:T,2:242530571:C:T,252553,0.05702468380331993,0.00325181451626122,computed (both variants usable)
2:242316843:G:A,2:242339656:A:G,22813,0.9567555785179138,0.9153812527656555,computed (both variants usable)
2:242316843:G:A,2:242345534:T:C,28691,0.681063711643219,0.4638477861881256,computed (both variants usable)
2:242316843:G:A,2:242378138:G:A,61295,0.9917841553688049,0.9836357831954956,computed (both variants usable)
2:242316843:G:A,2:242396033:A:G,79190,0.5117237567901611,0.2618612051010132,computed (both variants usable)
2:242316843:G:A,2:242396087:A:T,79244,0.44815346598625183,0.2008415311574936,computed (both variants usable)
2:242316843:G:A,2:242396804:T:C,79961,0.6010586619377136,0.3612715005874634,computed (both variants usable)
2:242316843:G:A,2:242399927:G:A,83084,0.5074390769004822,0.25749441981315613,computed (both variants usable)
2:242316843:G:A,2:242400597:A:G,83754,0.5117237567901611,0.2618612051010132,computed (both variants usable)
2:242316843:G:A,2:242401002:T:C,84159,0.5074390769004822,0.25749441981315613,computed (both variants usable)
2:242316843:G:A,2:242403921:T:A,87078,0.439808189868927,0.19343124330043793,computed (both variants usable)
2:242316843:G:A,2:242404135:G:T,87292,0.5117237567901611,0.2618612051010132,computed (both variants usable)
2:242316843:G:A,2:242404661:T:C,87818,0.5074390769004822,0.25749441981315613,computed (both variants usable)
2:242316843:G:A,2:242409895:A:G,93052,0.5074390769004822,0.25749441981315613,computed (both variants usable)
2:242316843:G:A,2:242409933:A:G,93090,0.5074390769004822,0.25749441981315613,computed (both variants usable)
2:242316843:G:A,2:242410081:T:C,93238,0.5042591691017151,0.2542773187160492,computed (both variants usable)
2:242316843:G:A,2:242410784:G:A,93941,0.5074390769004822,0.25749441981315613,computed (both variants usable)
2:242316843:G:A,2:242410948:A:G,94105,0.5117237567901611,0.2618612051010132,computed (both variants usable)
2:242316843:G:A,2:242411069:T:C,94226,0.49798712134361267,0.2479911744594574,computed (both variants usable)
2:242316843:G:A,2:242411071:T:G,94228,0.49798712134361267,0.2479911744594574,computed (both variants usable)
2:242316843:G:A,2:242411190:A:G,94347,0.5074390769004822,0.25749441981315613,computed (both variants usable)
2:242316843:G:A,2:242411407:A:G,94564,0.5074390769004822,0.25749441981315613,computed (both variants usable)
2:242316843:G:A,2:242411836:G:A,94993,0.5074390769004822,0.25749441981315613,computed (both variants usable)
2:242316843:G:A,2:242412109:T:C,95266,0.439808189868927,0.19343124330043793,computed (both variants usable)
2:242316843:G:A,2:242413908:A:C,97065,0.5074390769004822,0.25749441981315613,computed (both variants usable)
2:242316843:G:A,2:242415617:A:G,98774,0.5074390769004822,0.25749441981315613,computed (both variants usable)
2:242316843:G:A,2:242416009:C:T,99166,0.5074390769004822,0.25749441981315613,computed (both variants usable)
2:242316843:G:A,2:242418808:G:T,101965,0.5026013255119324,0.2526080906391144,computed (both variants usable)
2:242316843:G:A,2:242422404:C:T,105561,0.9719512462615967,0.9446892142295837,computed (both variants usable)
2:242316843:G:A,2:242424110:T:C,107267,0.5074390769004822,0.25749441981315613,computed (both variants usable)
2:242316843:G:A,2:242425585:T:G,108742,0.5074390769004822,0.25749441981315613,computed (both variants usable)
2:242316843:G:A,2:242428809:G:T,111966,0.5063753128051758,0.2564159631729126,computed (both variants usable)
2:242316843:G:A,2:242428910:G:A,112067,0.5063753128051758,0.2564159631729126,computed (both variants usable)
2:242316843:G:A,2:242432704:G:C,115861,0.5015389323234558,0.25154128670692444,computed (both variants usable)
2:242316843:G:A,2:242436238:C:T,119395,0.5090499520301819,0.25913184881210327,computed (both variants usable)
2:242316843:G:A,2:242437375:T:C,120532,0.49522680044174194,0.24524958431720734,computed (both variants usable)
2:242316843:G:A,2:242439071:G:A,122228,0.5015389323234558,0.25154128670692444,computed (both variants usable)
2:242316843:G:A,2:242440663:G:A,123820,0.4966982901096344,0.2467091977596283,computed (both variants usable)
2:242316843:G:A,2:242442847:C:G,126004,0.4883035719394684,0.2384403795003891,computed (both variants usable)
2:242316843:G:A,2:242442856:G:A,126013,0.48726871609687805,0.23743079602718353,computed (both variants usable)
2:242316843:G:A,2:242443091:G:A,126248,0.4883035719394684,0.2384403795003891,computed (both variants usable)
2:242316843:G:A,2:242444758:C:T,127915,0.4921112656593323,0.24217349290847778,computed (both variants usable)
2:242316843:G:A,2:242445040:T:A,128197,0.4921112656593323,0.24217349290847778,computed (both variants usable)
2:242316843:G:A,2:242445336:A:G,128493,0.391033798456192,0.15290743112564087,computed (both variants usable)
2:242316843:G:A,2:242530571:C:T,213728,0.05702468380331993,0.00325181451626122,computed (both variants usable)
2:242339656:A:G,2:242345534:T:C,5878,0.6800628304481506,0.4624854624271393,computed (both variants usable)
2:242339656:A:G,2:242378138:G:A,38482,0.9486895799636841,0.9000118970870972,computed (both variants usable)
2:242339656:A:G,2:242396033:A:G,56377,0.4775662124156952,0.2280694842338562,computed (both variants usable)
2:242339656:A:G,2:242396087:A:T,56431,0.439333438873291,0.19301387667655945,computed (both variants usable)
2:242339656:A:G,2:242396804:T:C,57148,0.568006157875061,0.32263100147247314,computed (both variants usable)
2:242339656:A:G,2:242399927:G:A,60271,0.4960704445838928,0.24608588218688965,computed (both variants usable)
2:242339656:A:G,2:242400597:A:G,60941,0.4775662124156952,0.2280694842338562,computed (both variants usable)
2:242339656:A:G,2:242401002:T:C,61346,0.4960704445838928,0.24608588218688965,computed (both variants usable)
2:242339656:A:G,2:242403921:T:A,64265,0.4261547029018402,0.18160782754421234,computed (both variants usable)
2:242339656:A:G,2:242404135:G:T,64479,0.4775662124156952,0.2280694842338562,computed (both variants usable)
2:242339656:A:G,2:242404661:T:C,65005,0.4960704445838928,0.24608588218688965,computed (both variants usable)
2:242339656:A:G,2:242409895:A:G,70239,0.4960704445838928,0.24608588218688965,computed (both variants usable)
2:242339656:A:G,2:242409933:A:G,70277,0.4960704445838928,0.24608588218688965,computed (both variants usable)
2:242339656:A:G,2:242410081:T:C,70425,0.492795467376709,0.24284736812114716,computed (both variants usable)
2:242339656:A:G,2:242410784:G:A,71128,0.4960704445838928,0.24608588218688965,computed (both variants usable)
2:242339656:A:G,2:242410948:A:G,71292,0.4775662124156952,0.2280694842338562,computed (both variants usable)
2:242339656:A:G,2:242411069:T:C,71413,0.48633313179016113,0.236519917845726,computed (both variants usable)
2:242339656:A:G,2:242411071:T:G,71415,0.48633313179016113,0.236519917845726,computed (both variants usable)
2:242339656:A:G,2:242411190:A:G,71534,0.4960704445838928,0.24608588218688965,computed (both variants usable)
2:242339656:A:G,2:242411407:A:G,71751,0.4960704445838928,0.24608588218688965,computed (both variants usable)
2:242339656:A:G,2:242411836:G:A,72180,0.4960704445838928,0.24608588218688965,computed (both variants usable)
2:242339656:A:G,2:242412109:T:C,72453,0.4261547029018402,0.18160782754421234,computed (both variants usable)
2:242339656:A:G,2:242413908:A:C,74252,0.4960704445838928,0.24608588218688965,computed (both variants usable)
2:242339656:A:G,2:242415617:A:G,75961,0.4960704445838928,0.24608588218688965,computed (both variants usable)
2:242339656:A:G,2:242416009:C:T,76353,0.4960704445838928,0.24608588218688965,computed (both variants usable)
2:242339656:A:G,2:242418808:G:T,79152,0.49144646525382996,0.24151962995529175,computed (both variants usable)
2:242339656:A:G,2:242422404:C:T,82748,0.9292131662368774,0.8634371161460876,computed (both variants usable)
2:242339656:A:G,2:242424110:T:C,84454,0.4960704445838928,0.24608588218688965,computed (both variants usable)
2:242339656:A:G,2:242425585:T:G,85929,0.4960704445838928,0.24608588218688965,computed (both variants usable)
2:242339656:A:G,2:242428809:G:T,89153,0.49497631192207336,0.24500155448913574,computed (both variants usable)
2:242339656:A:G,2:242428910:G:A,89254,0.49497631192207336,0.24500155448913574,computed (both variants usable)
2:242339656:A:G,2:242432704:G:C,93048,0.4903528094291687,0.24044588208198547,computed (both variants usable)
2:242339656:A:G,2:242436238:C:T,96582,0.47513553500175476,0.2257537692785263,computed (both variants usable)
2:242339656:A:G,2:242437375:T:C,97719,0.4838491976261139,0.2341100424528122,computed (both variants usable)
2:242339656:A:G,2:242439071:G:A,99415,0.4903528094291687,0.24044588208198547,computed (both variants usable)
2:242339656:A:G,2:242440663:G:A,101007,0.4857262670993805,0.23593001067638397,computed (both variants usable)
2:242339656:A:G,2:242442847:C:G,103191,0.4770771563053131,0.22760261595249176,computed (both variants usable)
2:242339656:A:G,2:242442856:G:A,103200,0.4760081171989441,0.22658373415470123,computed (both variants usable)
2:242339656:A:G,2:242443091:G:A,103435,0.4770771563053131,0.22760261595249176,computed (both variants usable)
2:242339656:A:G,2:242444758:C:T,105102,0.4806390702724457,0.23101390898227692,computed (both variants usable)
2:242339656:A:G,2:242445040:T:A,105384,0.4806390702724457,0.23101390898227692,computed (both variants usable)
2:242339656:A:G,2:242445336:A:G,105680,0.38643699884414673,0.14933355152606964,computed (both variants usable)
2:242339656:A:G,2:242530571:C:T,190915,0.04503997042775154,0.002028598915785551,computed (both variants usable)
2:242345534:T:C,2:242378138:G:A,32604,0.6736642122268677,0.4538234770298004,computed (both variants usable)
2:242345534:T:C,2:242396033:A:G,50499,0.5550525784492493,0.30808335542678833,computed (both variants usable)
2:242345534:T:C,2:242396087:A:T,50553,0.5092551112174988,0.259340763092041,computed (both variants usable)
2:242345534:T:C,2:242396804:T:C,51270,0.6270412802696228,0.3931807577610016,computed (both variants usable)
2:242345534:T:C,2:242399927:G:A,54393,0.5491465330123901,0.3015619218349457,computed (both variants usable)
2:242345534:T:C,2:242400597:A:G,55063,0.5550525784492493,0.30808335542678833,computed (both variants usable)
2:242345534:T:C,2:242401002:T:C,55468,0.5491465330123901,0.3015619218349457,computed (both variants usable)
2:242345534:T:C,2:242403921:T:A,58387,0.5089804530143738,0.2590610980987549,computed (both variants usable)
2:242345534:T:C,2:242404135:G:T,58601,0.5550525784492493,0.30808335542678833,computed (both variants usable)
2:242345534:T:C,2:242404661:T:C,59127,0.5491465330123901,0.3015619218349457,computed (both variants usable)
2:242345534:T:C,2:242409895:A:G,64361,0.5491465330123901,0.3015619218349457,computed (both variants usable)
2:242345534:T:C,2:242409933:A:G,64399,0.5491465330123901,0.3015619218349457,computed (both variants usable)
2:242345534:T:C,2:242410081:T:C,64547,0.5494145154953003,0.30185630917549133,computed (both variants usable)
2:242345534:T:C,2:242410784:G:A,65250,0.5491465330123901,0.3015619218349457,computed (both variants usable)
2:242345534:T:C,2:242410948:A:G,65414,0.5550525784492493,0.30808335542678833,computed (both variants usable)
2:242345534:T:C,2:242411069:T:C,65535,0.5360773205757141,0.2873789072036743,computed (both variants usable)
2:242345534:T:C,2:242411071:T:G,65537,0.5360773205757141,0.2873789072036743,computed (both variants usable)
2:242345534:T:C,2:242411190:A:G,65656,0.5491465330123901,0.3015619218349457,computed (both variants usable)
2:242345534:T:C,2:242411407:A:G,65873,0.5491465330123901,0.3015619218349457,computed (both variants usable)
2:242345534:T:C,2:242411836:G:A,66302,0.5491465330123901,0.3015619218349457,computed (both variants usable)
2:242345534:T:C,2:242412109:T:C,66575,0.5089804530143738,0.2590610980987549,computed (both variants usable)
2:242345534:T:C,2:242413908:A:C,68374,0.5491465330123901,0.3015619218349457,computed (both variants usable)
2:242345534:T:C,2:242415617:A:G,70083,0.5491465330123901,0.3015619218349457,computed (both variants usable)
2:242345534:T:C,2:242416009:C:T,70475,0.5491465330123901,0.3015619218349457,computed (both variants usable)
2:242345534:T:C,2:242418808:G:T,73274,0.5459492206573486,0.2980605661869049,computed (both variants usable)
2:242345534:T:C,2:242422404:C:T,76870,0.6557233929634094,0.42997315526008606,computed (both variants usable)
2:242345534:T:C,2:242424110:T:C,78576,0.5491465330123901,0.3015619218349457,computed (both variants usable)
2:242345534:T:C,2:242425585:T:G,80051,0.5491465330123901,0.3015619218349457,computed (both variants usable)
2:242345534:T:C,2:242428809:G:T,83275,0.547679603099823,0.2999529540538788,computed (both variants usable)
2:242345534:T:C,2:242428910:G:A,83376,0.547679603099823,0.2999529540538788,computed (both variants usable)
2:242345534:T:C,2:242432704:G:C,87170,0.5444817543029785,0.2964603900909424,computed (both variants usable)
2:242345534:T:C,2:242436238:C:T,90704,0.5548427104949951,0.3078504204750061,computed (both variants usable)
2:242345534:T:C,2:242437375:T:C,91841,0.5357484817504883,0.28702643513679504,computed (both variants usable)
2:242345534:T:C,2:242439071:G:A,93537,0.5444817543029785,0.2964603900909424,computed (both variants usable)
2:242345534:T:C,2:242440663:G:A,95129,0.5412822365760803,0.2929864525794983,computed (both variants usable)
2:242345534:T:C,2:242442847:C:G,97313,0.5296565890312195,0.28053611516952515,computed (both variants usable)
2:242345534:T:C,2:242442856:G:A,97322,0.5282195806503296,0.2790159285068512,computed (both variants usable)
2:242345534:T:C,2:242443091:G:A,97557,0.5296565890312195,0.28053611516952515,computed (both variants usable)
2:242345534:T:C,2:242444758:C:T,99224,0.5314317345619202,0.28241968154907227,computed (both variants usable)
2:242345534:T:C,2:242445040:T:A,99506,0.5314317345619202,0.28241968154907227,computed (both variants usable)
2:242345534:T:C,2:242445336:A:G,99802,0.43331900238990784,0.18776535987854004,computed (both variants usable)
2:242345534:T:C,2:242530571:C:T,185037,0.06524016708135605,0.004256279207766056,computed (both variants usable)
2:242378138:G:A,2:242396033:A:G,17895,0.5042076110839844,0.25422531366348267,computed (both variants usable)
2:242378138:G:A,2:242396087:A:T,17949,0.44107940793037415,0.19455105066299438,computed (both variants usable)
2:242378138:G:A,2:242396804:T:C,18666,0.5936804413795471,0.3524564802646637,computed (both variants usable)
2:242378138:G:A,2:242399927:G:A,21789,0.49991199374198914,0.24991200864315033,computed (both variants usable)
2:242378138:G:A,2:242400597:A:G,22459,0.5042076110839844,0.25422531366348267,computed (both variants usable)
2:242378138:G:A,2:242401002:T:C,22864,0.49991199374198914,0.24991200864315033,computed (both variants usable)
2:242378138:G:A,2:242403921:T:A,25783,0.43198344111442566,0.18660970032215118,computed (both variants usable)
2:242378138:G:A,2:242404135:G:T,25997,0.5042076110839844,0.25422531366348267,computed (both variants usable)
2:242378138:G:A,2:242404661:T:C,26523,0.49991199374198914,0.24991200864315033,computed (both variants usable)
2:242378138:G:A,2:242409895:A:G,31757,0.49991199374198914,0.24991200864315033,computed (both variants usable)
2:242378138:G:A,2:242409933:A:G,31795,0.49991199374198914,0.24991200864315033,computed (both variants usable)
2:242378138:G:A,2:242410081:T:C,31943,0.49672120809555054,0.2467319518327713,computed (both variants usable)
2:242378138:G:A,2:242410784:G:A,32646,0.49991199374198914,0.24991200864315033,computed (both variants usable)
2:242378138:G:A,2:242410948:A:G,32810,0.5042076110839844,0.25422531366348267,computed (both variants usable)
2:242378138:G:A,2:242411069:T:C,32931,0.49043071269989014,0.24052228033542633,computed (both variants usable)
2:242378138:G:A,2:242411071:T:G,32933,0.49043071269989014,0.24052228033542633,computed (both variants usable)
2:242378138:G:A,2:242411190:A:G,33052,0.49991199374198914,0.24991200864315033,computed (both variants usable)
2:242378138:G:A,2:242411407:A:G,33269,0.49991199374198914,0.24991200864315033,computed (both variants usable)
2:242378138:G:A,2:242411836:G:A,33698,0.49991199374198914,0.24991200864315033,computed (both variants usable)
2:242378138:G:A,2:242412109:T:C,33971,0.43198344111442566,0.18660970032215118,computed (both variants usable)
2:242378138:G:A,2:242413908:A:C,35770,0.49991199374198914,0.24991200864315033,computed (both variants usable)
2:242378138:G:A,2:242415617:A:G,37479,0.49991199374198914,0.24991200864315033,computed (both variants usable)
2:242378138:G:A,2:242416009:C:T,37871,0.49991199374198914,0.24991200864315033,computed (both variants usable)
2:242378138:G:A,2:242418808:G:T,40670,0.4951116740703583,0.2451355755329132,computed (both variants usable)
2:242378138:G:A,2:242422404:C:T,44266,0.9638347029685974,0.9289773106575012,computed (both variants usable)
2:242378138:G:A,2:242424110:T:C,45972,0.49991199374198914,0.24991200864315033,computed (both variants usable)
2:242378138:G:A,2:242425585:T:G,47447,0.49991199374198914,0.24991200864315033,computed (both variants usable)
2:242378138:G:A,2:242428809:G:T,50671,0.4988439381122589,0.24884527921676636,computed (both variants usable)
2:242378138:G:A,2:242428910:G:A,50772,0.4988439381122589,0.24884527921676636,computed (both variants usable)
2:242378138:G:A,2:242432704:G:C,54566,0.49404671788215637,0.24408215284347534,computed (both variants usable)
2:242378138:G:A,2:242436238:C:T,58100,0.5015796422958374,0.25158214569091797,computed (both variants usable)
2:242378138:G:A,2:242437375:T:C,59237,0.4877133369445801,0.23786430060863495,computed (both variants usable)
2:242378138:G:A,2:242439071:G:A,60933,0.49404671788215637,0.24408215284347534,computed (both variants usable)
2:242378138:G:A,2:242440663:G:A,62525,0.48924362659454346,0.2393593192100525,computed (both variants usable)
2:242378138:G:A,2:242442847:C:G,64709,0.48082342743873596,0.23119117319583893,computed (both variants usable)
2:242378138:G:A,2:242442856:G:A,64718,0.47978338599205017,0.23019209504127502,computed (both variants usable)
2:242378138:G:A,2:242443091:G:A,64953,0.48082342743873596,0.23119117319583893,computed (both variants usable)
2:242378138:G:A,2:242444758:C:T,66620,0.4845896363258362,0.23482711613178253,computed (both variants usable)
2:242378138:G:A,2:242445040:T:A,66902,0.4845896363258362,0.23482711613178253,computed (both variants usable)
2:242378138:G:A,2:242445336:A:G,67198,0.3828476369380951,0.1465723067522049,computed (both variants usable)
2:242378138:G:A,2:242530571:C:T,152433,0.052589256316423416,0.002765629906207323,computed (both variants usable)
2:242396033:A:G,2:242396087:A:T,54,0.9641779661178589,0.9296391606330872,computed (both variants usable)
2:242396033:A:G,2:242396804:T:C,771,0.4351777136325836,0.18937964737415314,computed (both variants usable)
2:242396033:A:G,2:242399927:G:A,3894,0.9916270971298218,0.9833242893218994,computed (both variants usable)
2:242396033:A:G,2:242400597:A:G,4564,0.9999986886978149,0.9999973773956299,computed (both variants usable)
2:242396033:A:G,2:242401002:T:C,4969,0.9916270971298218,0.9833242893218994,computed (both variants usable)
2:242396033:A:G,2:242403921:T:A,7888,0.8594637513160706,0.7386779189109802,computed (both variants usable)
2:242396033:A:G,2:242404135:G:T,8102,0.9999986886978149,0.9999973773956299,computed (both variants usable)
2:242396033:A:G,2:242404661:T:C,8628,0.9916270971298218,0.9833242893218994,computed (both variants usable)
2:242396033:A:G,2:242409895:A:G,13862,0.9916270971298218,0.9833242893218994,computed (both variants usable)
2:242396033:A:G,2:242409933:A:G,13900,0.9916270971298218,0.9833242893218994,computed (both variants usable)
2:242396033:A:G,2:242410081:T:C,14048,0.985416829586029,0.9710463285446167,computed (both variants usable)
2:242396033:A:G,2:242410784:G:A,14751,0.9916270971298218,0.9833242893218994,computed (both variants usable)
2:242396033:A:G,2:242410948:A:G,14915,0.9999986886978149,0.9999973773956299,computed (both variants usable)
2:242396033:A:G,2:242411069:T:C,15036,0.9647860527038574,0.9308121204376221,computed (both variants usable)
2:242396033:A:G,2:242411071:T:G,15038,0.9647860527038574,0.9308121204376221,computed (both variants usable)
2:242396033:A:G,2:242411190:A:G,15157,0.9916270971298218,0.9833242893218994,computed (both variants usable)
2:242396033:A:G,2:242411407:A:G,15374,0.9916270971298218,0.9833242893218994,computed (both variants usable)
2:242396033:A:G,2:242411836:G:A,15803,0.9916270971298218,0.9833242893218994,computed (both variants usable)
2:242396033:A:G,2:242412109:T:C,16076,0.8594637513160706,0.7386779189109802,computed (both variants usable)
2:242396033:A:G,2:242413908:A:C,17875,0.9916270971298218,0.9833242893218994,computed (both variants usable)
2:242396033:A:G,2:242415617:A:G,19584,0.9916270971298218,0.9833242893218994,computed (both variants usable)
2:242396033:A:G,2:242416009:C:T,19976,0.9916270971298218,0.9833242893218994,computed (both variants usable)
2:242396033:A:G,2:242418808:G:T,22775,0.9895063042640686,0.9791226983070374,computed (both variants usable)
2:242396033:A:G,2:242422404:C:T,26371,0.5206992626190186,0.27112773060798645,computed (both variants usable)
2:242396033:A:G,2:242424110:T:C,28077,0.9916270971298218,0.9833242893218994,computed (both variants usable)
2:242396033:A:G,2:242425585:T:G,29552,0.9916270971298218,0.9833242893218994,computed (both variants usable)
2:242396033:A:G,2:242428809:G:T,32776,0.9895508289337158,0.9792108535766602,computed (both variants usable)
2:242396033:A:G,2:242428910:G:A,32877,0.9895508289337158,0.9792108535766602,computed (both variants usable)
2:242396033:A:G,2:242432704:G:C,36671,0.9874234795570374,0.9750051498413086,computed (both variants usable)
2:242396033:A:G,2:242436238:C:T,40205,0.9894730448722839,0.9790568947792053,computed (both variants usable)
2:242396033:A:G,2:242437375:T:C,41342,0.9750698208808899,0.9507611393928528,computed (both variants usable)
2:242396033:A:G,2:242439071:G:A,43038,0.9874234795570374,0.9750051498413086,computed (both variants usable)
2:242396033:A:G,2:242440663:G:A,44630,0.985300600528717,0.9708172678947449,computed (both variants usable)
2:242396033:A:G,2:242442847:C:G,46814,0.968840479850769,0.9386518597602844,computed (both variants usable)
2:242396033:A:G,2:242442856:G:A,46823,0.9668117165565491,0.9347248673439026,computed (both variants usable)
2:242396033:A:G,2:242443091:G:A,47058,0.968840479850769,0.9386518597602844,computed (both variants usable)
2:242396033:A:G,2:242444758:C:T,48725,0.9689724445343018,0.9389076232910156,computed (both variants usable)
2:242396033:A:G,2:242445040:T:A,49007,0.9689724445343018,0.9389076232910156,computed (both variants usable)
2:242396033:A:G,2:242445336:A:G,49303,0.7641516327857971,0.5839276909828186,computed (both variants usable)
2:242396033:A:G,2:242530571:C:T,134538,0.09699729084968567,0.00940847396850586,computed (both variants usable)
2:242396087:A:T,2:242396804:T:C,717,0.3974846303462982,0.15799403190612793,computed (both variants usable)
2:242396087:A:T,2:242399927:G:A,3840,0.9728465676307678,0.9464304447174072,computed (both variants usable)
2:242396087:A:T,2:242400597:A:G,4510,0.9641779661178589,0.9296391606330872,computed (both variants usable)
2:242396087:A:T,2:242401002:T:C,4915,0.9728465676307678,0.9464304447174072,computed (both variants usable)
2:242396087:A:T,2:242403921:T:A,7834,0.8427191972732544,0.710175633430481,computed (both variants usable)
2:242396087:A:T,2:242404135:G:T,8048,0.9641779661178589,0.9296391606330872,computed (both variants usable)
2:242396087:A:T,2:242404661:T:C,8574,0.9728465676307678,0.9464304447174072,computed (both variants usable)
2:242396087:A:T,2:242409895:A:G,13808,0.9728465676307678,0.9464304447174072,computed (both variants usable)
2:242396087:A:T,2:242409933:A:G,13846,0.9728465676307678,0.9464304447174072,computed (both variants usable)
2:242396087:A:T,2:242410081:T:C,13994,0.9667291045188904,0.9345651865005493,computed (both variants usable)
2:242396087:A:T,2:242410784:G:A,14697,0.9728465676307678,0.9464304447174072,computed (both variants usable)
2:242396087:A:T,2:242410948:A:G,14861,0.9641779661178589,0.9296391606330872,computed (both variants usable)
2:242396087:A:T,2:242411069:T:C,14982,0.9462615251541138,0.8954108953475952,computed (both variants usable)
2:242396087:A:T,2:242411071:T:G,14984,0.9462615251541138,0.8954108953475952,computed (both variants usable)
2:242396087:A:T,2:242411190:A:G,15103,0.9728465676307678,0.9464304447174072,computed (both variants usable)
2:242396087:A:T,2:242411407:A:G,15320,0.9728465676307678,0.9464304447174072,computed (both variants usable)
2:242396087:A:T,2:242411836:G:A,15749,0.9728465676307678,0.9464304447174072,computed (both variants usable)
2:242396087:A:T,2:242412109:T:C,16022,0.8427191972732544,0.710175633430481,computed (both variants usable)
2:242396087:A:T,2:242413908:A:C,17821,0.9728465676307678,0.9464304447174072,computed (both variants usable)
2:242396087:A:T,2:242415617:A:G,19530,0.9728465676307678,0.9464304447174072,computed (both variants usable)
2:242396087:A:T,2:242416009:C:T,19922,0.9728465676307678,0.9464304447174072,computed (both variants usable)
2:242396087:A:T,2:242418808:G:T,22721,0.9706772565841675,0.94221431016922,computed (both variants usable)
2:242396087:A:T,2:242422404:C:T,26317,0.45876216888427734,0.21046273410320282,computed (both variants usable)
2:242396087:A:T,2:242424110:T:C,28023,0.9728465676307678,0.9464304447174072,computed (both variants usable)
2:242396087:A:T,2:242425585:T:G,29498,0.9728465676307678,0.9464304447174072,computed (both variants usable)
2:242396087:A:T,2:242428809:G:T,32722,0.9707996845245361,0.9424520134925842,computed (both variants usable)
2:242396087:A:T,2:242428910:G:A,32823,0.9707996845245361,0.9424520134925842,computed (both variants usable)
2:242396087:A:T,2:242432704:G:C,36617,0.9686276316642761,0.9382395148277283,computed (both variants usable)
2:242396087:A:T,2:242436238:C:T,40151,0.9534698128700256,0.9091047048568726,computed (both variants usable)
2:242396087:A:T,2:242437375:T:C,41288,0.9564666748046875,0.9148284792900085,computed (both variants usable)
2:242396087:A:T,2:242439071:G:A,42984,0.9686276316642761,0.9382395148277283,computed (both variants usable)
2:242396087:A:T,2:242440663:G:A,44576,0.9664563536643982,0.9340378642082214,computed (both variants usable)
2:242396087:A:T,2:242442847:C:G,46760,0.9502533674240112,0.9029814600944519,computed (both variants usable)
2:242396087:A:T,2:242442856:G:A,46769,0.948257327079773,0.8991919755935669,computed (both variants usable)
2:242396087:A:T,2:242443091:G:A,47004,0.9502533674240112,0.9029814600944519,computed (both variants usable)
2:242396087:A:T,2:242444758:C:T,48671,0.9504629373550415,0.9033797979354858,computed (both variants usable)
2:242396087:A:T,2:242445040:T:A,48953,0.9504629373550415,0.9033797979354858,computed (both variants usable)
2:242396087:A:T,2:242445336:A:G,49249,0.7488230466842651,0.5607359409332275,computed (both variants usable)
2:242396087:A:T,2:242530571:C:T,134484,0.08598782122135162,0.0073939054273068905,computed (both variants usable)
2:242396804:T:C,2:242399927:G:A,3123,0.4332810938358307,0.1877325028181076,computed (both variants usable)
2:242396804:T:C,2:242400597:A:G,3793,0.4351777136325836,0.18937964737415314,computed (both variants usable)
2:242396804:T:C,2:242401002:T:C,4198,0.4332810938358307,0.1877325028181076,computed (both variants usable)
2:242396804:T:C,2:242403921:T:A,7117,0.54599529504776,0.29811087250709534,computed (both variants usable)
2:242396804:T:C,2:242404135:G:T,7331,0.4351777136325836,0.18937964737415314,computed (both variants usable)
2:242396804:T:C,2:242404661:T:C,7857,0.4332810938358307,0.1877325028181076,computed (both variants usable)
2:242396804:T:C,2:242409895:A:G,13091,0.4332810938358307,0.1877325028181076,computed (both variants usable)
2:242396804:T:C,2:242409933:A:G,13129,0.4332810938358307,0.1877325028181076,computed (both variants usable)
2:242396804:T:C,2:242410081:T:C,13277,0.4285757541656494,0.18367718160152435,computed (both variants usable)
2:242396804:T:C,2:242410784:G:A,13980,0.4332810938358307,0.1877325028181076,computed (both variants usable)
2:242396804:T:C,2:242410948:A:G,14144,0.4351777136325836,0.18937964737415314,computed (both variants usable)
2:242396804:T:C,2:242411069:T:C,14265,0.4192506968975067,0.17577114701271057,computed (both variants usable)
2:242396804:T:C,2:242411071:T:G,14267,0.4192506968975067,0.17577114701271057,computed (both variants usable)
2:242396804:T:C,2:242411190:A:G,14386,0.4332810938358307,0.1877325028181076,computed (both variants usable)
2:242396804:T:C,2:242411407:A:G,14603,0.4332810938358307,0.1877325028181076,computed (both variants usable)
2:242396804:T:C,2:242411836:G:A,15032,0.4332810938358307,0.1877325028181076,computed (both variants usable)
2:242396804:T:C,2:242412109:T:C,15305,0.54599529504776,0.29811087250709534,computed (both variants usable)
2:242396804:T:C,2:242413908:A:C,17104,0.4332810938358307,0.1877325028181076,computed (both variants usable)
2:242396804:T:C,2:242415617:A:G,18813,0.4332810938358307,0.1877325028181076,computed (both variants usable)
2:242396804:T:C,2:242416009:C:T,19205,0.4332810938358307,0.1877325028181076,computed (both variants usable)
2:242396804:T:C,2:242418808:G:T,22004,0.4304363429546356,0.18527545034885406,computed (both variants usable)
2:242396804:T:C,2:242422404:C:T,25600,0.6123185753822327,0.37493404746055603,computed (both variants usable)
2:242396804:T:C,2:242424110:T:C,27306,0.4332810938358307,0.1877325028181076,computed (both variants usable)
2:242396804:T:C,2:242425585:T:G,28781,0.4332810938358307,0.1877325028181076,computed (both variants usable)
2:242396804:T:C,2:242428809:G:T,32005,0.4317088723182678,0.1863725483417511,computed (both variants usable)
2:242396804:T:C,2:242428910:G:A,32106,0.4317088723182678,0.1863725483417511,computed (both variants usable)
2:242396804:T:C,2:242432704:G:C,35900,0.42886221408843994,0.18392279744148254,computed (both variants usable)
2:242396804:T:C,2:242436238:C:T,39434,0.4355161488056183,0.18967431783676147,computed (both variants usable)
2:242396804:T:C,2:242437375:T:C,40571,0.4238993227481842,0.1796906292438507,computed (both variants usable)
2:242396804:T:C,2:242439071:G:A,42267,0.42886221408843994,0.18392279744148254,computed (both variants usable)
2:242396804:T:C,2:242440663:G:A,43859,0.42601531744003296,0.18148905038833618,computed (both variants usable)
2:242396804:T:C,2:242442847:C:G,46043,0.41353654861450195,0.17101247608661652,computed (both variants usable)
2:242396804:T:C,2:242442856:G:A,46052,0.4119919240474701,0.1697373390197754,computed (both variants usable)
2:242396804:T:C,2:242443091:G:A,46287,0.41353654861450195,0.17101247608661652,computed (both variants usable)
2:242396804:T:C,2:242444758:C:T,47954,0.41485005617141724,0.17210057377815247,computed (both variants usable)
2:242396804:T:C,2:242445040:T:A,48236,0.41485005617141724,0.17210057377815247,computed (both variants usable)
2:242396804:T:C,2:242445336:A:G,48532,0.2632558345794678,0.06930363178253174,computed (both variants usable)
2:242396804:T:C,2:242530571:C:T,133767,0.06480706483125687,0.004199955612421036,computed (both variants usable)
2:242399927:G:A,2:242400597:A:G,670,0.9916270971298218,0.9833242893218994,computed (both variants usable)
2:242399927:G:A,2:242401002:T:C,1075,0.9999976754188538,0.9999953508377075,computed (both variants usable)
2:242399927:G:A,2:242403921:T:A,3994,0.8667204976081848,0.7512044310569763,computed (both variants usable)
2:242399927:G:A,2:242404135:G:T,4208,0.9916270971298218,0.9833242893218994,computed (both variants usable)
2:242399927:G:A,2:242404661:T:C,4734,0.9999976754188538,0.9999953508377075,computed (both variants usable)
2:242399927:G:A,2:242409895:A:G,9968,0.9999976754188538,0.9999953508377075,computed (both variants usable)
2:242399927:G:A,2:242409933:A:G,10006,0.9999976754188538,0.9999953508377075,computed (both variants usable)
2:242399927:G:A,2:242410081:T:C,10154,0.993732750415802,0.987504780292511,computed (both variants usable)
2:242399927:G:A,2:242410784:G:A,10857,0.9999976754188538,0.9999953508377075,computed (both variants usable)
2:242399927:G:A,2:242410948:A:G,11021,0.9916270971298218,0.9833242893218994,computed (both variants usable)
2:242399927:G:A,2:242411069:T:C,11142,0.9730195999145508,0.9467671513557434,computed (both variants usable)
2:242399927:G:A,2:242411071:T:G,11144,0.9730195999145508,0.9467671513557434,computed (both variants usable)
2:242399927:G:A,2:242411190:A:G,11263,0.9999976754188538,0.9999953508377075,computed (both variants usable)
2:242399927:G:A,2:242411407:A:G,11480,0.9999976754188538,0.9999953508377075,computed (both variants usable)
2:242399927:G:A,2:242411836:G:A,11909,0.9999976754188538,0.9999953508377075,computed (both variants usable)
2:242399927:G:A,2:242412109:T:C,12182,0.8667204976081848,0.7512044310569763,computed (both variants usable)
2:242399927:G:A,2:242413908:A:C,13981,0.9999976754188538,0.9999953508377075,computed (both variants usable)
2:242399927:G:A,2:242415617:A:G,15690,0.9999976754188538,0.9999953508377075,computed (both variants usable)
2:242399927:G:A,2:242416009:C:T,16082,0.9999976754188538,0.9999953508377075,computed (both variants usable)
2:242399927:G:A,2:242418808:G:T,18881,0.9978998303413391,0.9958040714263916,computed (both variants usable)
2:242399927:G:A,2:242422404:C:T,22477,0.5163028836250305,0.266568660736084,computed (both variants usable)
2:242399927:G:A,2:242424110:T:C,24183,0.9999976754188538,0.9999953508377075,computed (both variants usable)
2:242399927:G:A,2:242425585:T:G,25658,0.9999976754188538,0.9999953508377075,computed (both variants usable)
2:242399927:G:A,2:242428809:G:T,28882,0.9979044198989868,0.995813250541687,computed (both variants usable)
2:242399927:G:A,2:242428910:G:A,28983,0.9979044198989868,0.995813250541687,computed (both variants usable)
2:242399927:G:A,2:242432704:G:C,32777,0.9958022236824036,0.9916220903396606,computed (both variants usable)
2:242399927:G:A,2:242436238:C:T,36311,0.9811628460884094,0.9626805186271667,computed (both variants usable)
2:242399927:G:A,2:242437375:T:C,37448,0.9833453297615051,0.9669680595397949,computed (both variants usable)
2:242399927:G:A,2:242439071:G:A,39144,0.9958022236824036,0.9916220903396606,computed (both variants usable)
2:242399927:G:A,2:242440663:G:A,40736,0.9937024712562561,0.9874445796012878,computed (both variants usable)
2:242399927:G:A,2:242442847:C:G,42920,0.9771057963371277,0.9547357559204102,computed (both variants usable)
2:242399927:G:A,2:242442856:G:A,42929,0.9750601649284363,0.9507423043251038,computed (both variants usable)
2:242399927:G:A,2:242443091:G:A,43164,0.9771057963371277,0.9547357559204102,computed (both variants usable)
2:242399927:G:A,2:242444758:C:T,44831,0.9771977663040161,0.954915463924408,computed (both variants usable)
2:242399927:G:A,2:242445040:T:A,45113,0.9771977663040161,0.954915463924408,computed (both variants usable)
2:242399927:G:A,2:242445336:A:G,45409,0.7706032395362854,0.593829333782196,computed (both variants usable)
2:242399927:G:A,2:242530571:C:T,130644,0.0909450501203537,0.00827100221067667,computed (both variants usable)
2:242400597:A:G,2:242401002:T:C,405,0.9916270971298218,0.9833242893218994,computed (both variants usable)
2:242400597:A:G,2:242403921:T:A,3324,0.8594637513160706,0.7386779189109802,computed (both variants usable)
2:242400597:A:G,2:242404135:G:T,3538,0.9999986886978149,0.9999973773956299,computed (both variants usable)
2:242400597:A:G,2:242404661:T:C,4064,0.9916270971298218,0.9833242893218994,computed (both variants usable)
2:242400597:A:G,2:242409895:A:G,9298,0.9916270971298218,0.9833242893218994,computed (both variants usable)
2:242400597:A:G,2:242409933:A:G,9336,0.9916270971298218,0.9833242893218994,computed (both variants usable)
2:242400597:A:G,2:242410081:T:C,9484,0.985416829586029,0.9710463285446167,computed (both variants usable)
2:242400597:A:G,2:242410784:G:A,10187,0.9916270971298218,0.9833242893218994,computed (both variants usable)
2:242400597:A:G,2:242410948:A:G,10351,0.9999986886978149,0.9999973773956299,computed (both variants usable)
2:242400597:A:G,2:242411069:T:C,10472,0.9647860527038574,0.9308121204376221,computed (both variants usable)
2:242400597:A:G,2:242411071:T:G,10474,0.9647860527038574,0.9308121204376221,computed (both variants usable)
2:242400597:A:G,2:242411190:A:G,10593,0.9916270971298218,0.9833242893218994,computed (both variants usable)
2:242400597:A:G,2:242411407:A:G,10810,0.9916270971298218,0.9833242893218994,computed (both variants usable)
2:242400597:A:G,2:242411836:G:A,11239,0.9916270971298218,0.9833242893218994,computed (both variants usable)
2:242400597:A:G,2:242412109:T:C,11512,0.8594637513160706,0.7386779189109802,computed (both variants usable)
2:242400597:A:G,2:242413908:A:C,13311,0.9916270971298218,0.9833242893218994,computed (both variants usable)
2:242400597:A:G,2:242415617:A:G,15020,0.9916270971298218,0.9833242893218994,computed (both variants usable)
2:242400597:A:G,2:242416009:C:T,15412,0.9916270971298218,0.9833242893218994,computed (both variants usable)
2:242400597:A:G,2:242418808:G:T,18211,0.9895063042640686,0.9791226983070374,computed (both variants usable)
2:242400597:A:G,2:242422404:C:T,21807,0.5206992626190186,0.27112773060798645,computed (both variants usable)
2:242400597:A:G,2:242424110:T:C,23513,0.9916270971298218,0.9833242893218994,computed (both variants usable)
2:242400597:A:G,2:242425585:T:G,24988,0.9916270971298218,0.9833242893218994,computed (both variants usable)
2:242400597:A:G,2:242428809:G:T,28212,0.9895508289337158,0.9792108535766602,computed (both variants usable)
2:242400597:A:G,2:242428910:G:A,28313,0.9895508289337158,0.9792108535766602,computed (both variants usable)
2:242400597:A:G,2:242432704:G:C,32107,0.9874234795570374,0.9750051498413086,computed (both variants usable)
2:242400597:A:G,2:242436238:C:T,35641,0.9894730448722839,0.9790568947792053,computed (both variants usable)
2:242400597:A:G,2:242437375:T:C,36778,0.9750698208808899,0.9507611393928528,computed (both variants usable)
2:242400597:A:G,2:242439071:G:A,38474,0.9874234795570374,0.9750051498413086,computed (both variants usable)
2:242400597:A:G,2:242440663:G:A,40066,0.985300600528717,0.9708172678947449,computed (both variants usable)
2:242400597:A:G,2:242442847:C:G,42250,0.968840479850769,0.9386518597602844,computed (both variants usable)
2:242400597:A:G,2:242442856:G:A,42259,0.9668117165565491,0.9347248673439026,computed (both variants usable)
2:242400597:A:G,2:242443091:G:A,42494,0.968840479850769,0.9386518597602844,computed (both variants usable)
2:242400597:A:G,2:242444758:C:T,44161,0.9689724445343018,0.9389076232910156,computed (both variants usable)
2:242400597:A:G,2:242445040:T:A,44443,0.9689724445343018,0.9389076232910156,computed (both variants usable)
2:242400597:A:G,2:242445336:A:G,44739,0.7641516327857971,0.5839276909828186,computed (both variants usable)
2:242400597:A:G,2:242530571:C:T,129974,0.09699729084968567,0.00940847396850586,computed (both variants usable)
2:242401002:T:C,2:242403921:T:A,2919,0.8667204976081848,0.7512044310569763,computed (both variants usable)
2:242401002:T:C,2:242404135:G:T,3133,0.9916270971298218,0.9833242893218994,computed (both variants usable)
2:242401002:T:C,2:242404661:T:C,3659,0.9999976754188538,0.9999953508377075,computed (both variants usable)
2:242401002:T:C,2:242409895:A:G,8893,0.9999976754188538,0.9999953508377075,computed (both variants usable)
2:242401002:T:C,2:242409933:A:G,8931,0.9999976754188538,0.9999953508377075,computed (both variants usable)
2:242401002:T:C,2:242410081:T:C,9079,0.993732750415802,0.987504780292511,computed (both variants usable)
2:242401002:T:C,2:242410784:G:A,9782,0.9999976754188538,0.9999953508377075,computed (both variants usable)
2:242401002:T:C,2:242410948:A:G,9946,0.9916270971298218,0.9833242893218994,computed (both variants usable)
2:242401002:T:C,2:242411069:T:C,10067,0.9730195999145508,0.9467671513557434,computed (both variants usable)
2:242401002:T:C,2:242411071:T:G,10069,0.9730195999145508,0.9467671513557434,computed (both variants usable)
2:242401002:T:C,2:242411190:A:G,10188,0.9999976754188538,0.9999953508377075,computed (both variants usable)
2:242401002:T:C,2:242411407:A:G,10405,0.9999976754188538,0.9999953508377075,computed (both variants usable)
2:242401002:T:C,2:242411836:G:A,10834,0.9999976754188538,0.9999953508377075,computed (both variants usable)
2:242401002:T:C,2:242412109:T:C,11107,0.8667204976081848,0.7512044310569763,computed (both variants usable)
2:242401002:T:C,2:242413908:A:C,12906,0.9999976754188538,0.9999953508377075,computed (both variants usable)
2:242401002:T:C,2:242415617:A:G,14615,0.9999976754188538,0.9999953508377075,computed (both variants usable)
2:242401002:T:C,2:242416009:C:T,15007,0.9999976754188538,0.9999953508377075,computed (both variants usable)
2:242401002:T:C,2:242418808:G:T,17806,0.9978998303413391,0.9958040714263916,computed (both variants usable)
2:242401002:T:C,2:242422404:C:T,21402,0.5163028836250305,0.266568660736084,computed (both variants usable)
2:242401002:T:C,2:242424110:T:C,23108,0.9999976754188538,0.9999953508377075,computed (both variants usable)
2:242401002:T:C,2:242425585:T:G,24583,0.9999976754188538,0.9999953508377075,computed (both variants usable)
2:242401002:T:C,2:242428809:G:T,27807,0.9979044198989868,0.995813250541687,computed (both variants usable)
2:242401002:T:C,2:242428910:G:A,27908,0.9979044198989868,0.995813250541687,computed (both variants usable)
2:242401002:T:C,2:242432704:G:C,31702,0.9958022236824036,0.9916220903396606,computed (both variants usable)
2:242401002:T:C,2:242436238:C:T,35236,0.9811628460884094,0.9626805186271667,computed (both variants usable)
2:242401002:T:C,2:242437375:T:C,36373,0.9833453297615051,0.9669680595397949,computed (both variants usable)
2:242401002:T:C,2:242439071:G:A,38069,0.9958022236824036,0.9916220903396606,computed (both variants usable)
2:242401002:T:C,2:242440663:G:A,39661,0.9937024712562561,0.9874445796012878,computed (both variants usable)
2:242401002:T:C,2:242442847:C:G,41845,0.9771057963371277,0.9547357559204102,computed (both variants usable)
2:242401002:T:C,2:242442856:G:A,41854,0.9750601649284363,0.9507423043251038,computed (both variants usable)
2:242401002:T:C,2:242443091:G:A,42089,0.9771057963371277,0.9547357559204102,computed (both variants usable)
2:242401002:T:C,2:242444758:C:T,43756,0.9771977663040161,0.954915463924408,computed (both variants usable)
2:242401002:T:C,2:242445040:T:A,44038,0.9771977663040161,0.954915463924408,computed (both variants usable)
2:242401002:T:C,2:242445336:A:G,44334,0.7706032395362854,0.593829333782196,computed (both variants usable)
2:242401002:T:C,2:242530571:C:T,129569,0.0909450501203537,0.00827100221067667,computed (both variants usable)
2:242403921:T:A,2:242404135:G:T,214,0.8594637513160706,0.7386779189109802,computed (both variants usable)
2:242403921:T:A,2:242404661:T:C,740,0.8667204976081848,0.7512044310569763,computed (both variants usable)
2:242403921:T:A,2:242409895:A:G,5974,0.8667204976081848,0.7512044310569763,computed (both variants usable)
2:242403921:T:A,2:242409933:A:G,6012,0.8667204976081848,0.7512044310569763,computed (both variants usable)
2:242403921:T:A,2:242410081:T:C,6160,0.859900712966919,0.739429235458374,computed (both variants usable)
2:242403921:T:A,2:242410784:G:A,6863,0.8667204976081848,0.7512044310569763,computed (both variants usable)
2:242403921:T:A,2:242410948:A:G,7027,0.8594637513160706,0.7386779189109802,computed (both variants usable)
2:242403921:T:A,2:242411069:T:C,7148,0.8382477760314941,0.7026593089103699,computed (both variants usable)
2:242403921:T:A,2:242411071:T:G,7150,0.8382477760314941,0.7026593089103699,computed (both variants usable)
2:242403921:T:A,2:242411190:A:G,7269,0.8667204976081848,0.7512044310569763,computed (both variants usable)
2:242403921:T:A,2:242411407:A:G,7486,0.8667204976081848,0.7512044310569763,computed (both variants usable)
2:242403921:T:A,2:242411836:G:A,7915,0.8667204976081848,0.7512044310569763,computed (both variants usable)
2:242403921:T:A,2:242412109:T:C,8188,0.9999979138374329,0.9999958276748657,computed (both variants usable)
2:242403921:T:A,2:242413908:A:C,9987,0.8667204976081848,0.7512044310569763,computed (both variants usable)
2:242403921:T:A,2:242415617:A:G,11696,0.8667204976081848,0.7512044310569763,computed (both variants usable)
2:242403921:T:A,2:242416009:C:T,12088,0.8667204976081848,0.7512044310569763,computed (both variants usable)
2:242403921:T:A,2:242418808:G:T,14887,0.8649031519889832,0.74805748462677,computed (both variants usable)
2:242403921:T:A,2:242422404:C:T,18483,0.4468495547771454,0.19967453181743622,computed (both variants usable)
2:242403921:T:A,2:242424110:T:C,20189,0.8667204976081848,0.7512044310569763,computed (both variants usable)
2:242403921:T:A,2:242425585:T:G,21664,0.8667204976081848,0.7512044310569763,computed (both variants usable)
2:242403921:T:A,2:242428809:G:T,24888,0.8644408583641052,0.7472580075263977,computed (both variants usable)
2:242403921:T:A,2:242428910:G:A,24989,0.8644408583641052,0.7472580075263977,computed (both variants usable)
2:242403921:T:A,2:242432704:G:C,28783,0.8626196980476379,0.7441127300262451,computed (both variants usable)
2:242403921:T:A,2:242436238:C:T,32317,0.849931001663208,0.7223827242851257,computed (both variants usable)
2:242403921:T:A,2:242437375:T:C,33454,0.8490429520606995,0.7208739519119263,computed (both variants usable)
2:242403921:T:A,2:242439071:G:A,35150,0.8626196980476379,0.7441127300262451,computed (both variants usable)
2:242403921:T:A,2:242440663:G:A,36742,0.8608004450798035,0.74097740650177,computed (both variants usable)
2:242403921:T:A,2:242442847:C:G,38926,0.8427101373672485,0.7101603746414185,computed (both variants usable)
2:242403921:T:A,2:242442856:G:A,38935,0.8404768109321594,0.7064012885093689,computed (both variants usable)
2:242403921:T:A,2:242443091:G:A,39170,0.8427101373672485,0.7101603746414185,computed (both variants usable)
2:242403921:T:A,2:242444758:C:T,40837,0.8423317074775696,0.7095227241516113,computed (both variants usable)
2:242403921:T:A,2:242445040:T:A,41119,0.8423317074775696,0.7095227241516113,computed (both variants usable)
2:242403921:T:A,2:242445336:A:G,41415,0.6175323128700256,0.3813461661338806,computed (both variants usable)
2:242403921:T:A,2:242530571:C:T,126650,0.08553332090377808,0.007315949071198702,computed (both variants usable)
2:242404135:G:T,2:242404661:T:C,526,0.9916270971298218,0.9833242893218994,computed (both variants usable)
2:242404135:G:T,2:242409895:A:G,5760,0.9916270971298218,0.9833242893218994,computed (both variants usable)
2:242404135:G:T,2:242409933:A:G,5798,0.9916270971298218,0.9833242893218994,computed (both variants usable)
2:242404135:G:T,2:242410081:T:C,5946,0.985416829586029,0.9710463285446167,computed (both variants usable)
2:242404135:G:T,2:242410784:G:A,6649,0.9916270971298218,0.9833242893218994,computed (both variants usable)
2:242404135:G:T,2:242410948:A:G,6813,0.9999986886978149,0.9999973773956299,computed (both variants usable)
2:242404135:G:T,2:242411069:T:C,6934,0.9647860527038574,0.9308121204376221,computed (both variants usable)
2:242404135:G:T,2:242411071:T:G,6936,0.9647860527038574,0.9308121204376221,computed (both variants usable)
2:242404135:G:T,2:242411190:A:G,7055,0.9916270971298218,0.9833242893218994,computed (both variants usable)
2:242404135:G:T,2:242411407:A:G,7272,0.9916270971298218,0.9833242893218994,computed (both variants usable)
2:242404135:G:T,2:242411836:G:A,7701,0.9916270971298218,0.9833242893218994,computed (both variants usable)
2:242404135:G:T,2:242412109:T:C,7974,0.8594637513160706,0.7386779189109802,computed (both variants usable)
2:242404135:G:T,2:242413908:A:C,9773,0.9916270971298218,0.9833242893218994,computed (both variants usable)
2:242404135:G:T,2:242415617:A:G,11482,0.9916270971298218,0.9833242893218994,computed (both variants usable)
2:242404135:G:T,2:242416009:C:T,11874,0.9916270971298218,0.9833242893218994,computed (both variants usable)
2:242404135:G:T,2:242418808:G:T,14673,0.9895063042640686,0.9791226983070374,computed (both variants usable)
2:242404135:G:T,2:242422404:C:T,18269,0.5206992626190186,0.27112773060798645,computed (both variants usable)
2:242404135:G:T,2:242424110:T:C,19975,0.9916270971298218,0.9833242893218994,computed (both variants usable)
2:242404135:G:T,2:242425585:T:G,21450,0.9916270971298218,0.9833242893218994,computed (both variants usable)
2:242404135:G:T,2:242428809:G:T,24674,0.9895508289337158,0.9792108535766602,computed (both variants usable)
2:242404135:G:T,2:242428910:G:A,24775,0.9895508289337158,0.9792108535766602,computed (both variants usable)
2:242404135:G:T,2:242432704:G:C,28569,0.9874234795570374,0.9750051498413086,computed (both variants usable)
2:242404135:G:T,2:242436238:C:T,32103,0.9894730448722839,0.9790568947792053,computed (both variants usable)
2:242404135:G:T,2:242437375:T:C,33240,0.9750698208808899,0.9507611393928528,computed (both variants usable)
2:242404135:G:T,2:242439071:G:A,34936,0.9874234795570374,0.9750051498413086,computed (both variants usable)
2:242404135:G:T,2:242440663:G:A,36528,0.985300600528717,0.9708172678947449,computed (both variants usable)
2:242404135:G:T,2:242442847:C:G,38712,0.968840479850769,0.9386518597602844,computed (both variants usable)
2:242404135:G:T,2:242442856:G:A,38721,0.9668117165565491,0.9347248673439026,computed (both variants usable)
2:242404135:G:T,2:242443091:G:A,38956,0.968840479850769,0.9386518597602844,computed (both variants usable)
2:242404135:G:T,2:242444758:C:T,40623,0.9689724445343018,0.9389076232910156,computed (both variants usable)
2:242404135:G:T,2:242445040:T:A,40905,0.9689724445343018,0.9389076232910156,computed (both variants usable)
2:242404135:G:T,2:242445336:A:G,41201,0.7641516327857971,0.5839276909828186,computed (both variants usable)
2:242404135:G:T,2:242530571:C:T,126436,0.09699729084968567,0.00940847396850586,computed (both variants usable)
2:242404661:T:C,2:242409895:A:G,5234,0.9999976754188538,0.9999953508377075,computed (both variants usable)
2:242404661:T:C,2:242409933:A:G,5272,0.9999976754188538,0.9999953508377075,computed (both variants usable)
2:242404661:T:C,2:242410081:T:C,5420,0.993732750415802,0.987504780292511,computed (both variants usable)
2:242404661:T:C,2:242410784:G:A,6123,0.9999976754188538,0.9999953508377075,computed (both variants usable)
2:242404661:T:C,2:242410948:A:G,6287,0.9916270971298218,0.9833242893218994,computed (both variants usable)
2:242404661:T:C,2:242411069:T:C,6408,0.9730195999145508,0.9467671513557434,computed (both variants usable)
2:242404661:T:C,2:242411071:T:G,6410,0.9730195999145508,0.9467671513557434,computed (both variants usable)
2:242404661:T:C,2:242411190:A:G,6529,0.9999976754188538,0.9999953508377075,computed (both variants usable)
2:242404661:T:C,2:242411407:A:G,6746,0.9999976754188538,0.9999953508377075,computed (both variants usable)
2:242404661:T:C,2:242411836:G:A,7175,0.9999976754188538,0.9999953508377075,computed (both variants usable)
2:242404661:T:C,2:242412109:T:C,7448,0.8667204976081848,0.7512044310569763,computed (both variants usable)
2:242404661:T:C,2:242413908:A:C,9247,0.9999976754188538,0.9999953508377075,computed (both variants usable)
2:242404661:T:C,2:242415617:A:G,10956,0.9999976754188538,0.9999953508377075,computed (both variants usable)
2:242404661:T:C,2:242416009:C:T,11348,0.9999976754188538,0.9999953508377075,computed (both variants usable)
2:242404661:T:C,2:242418808:G:T,14147,0.9978998303413391,0.9958040714263916,computed (both variants usable)
2:242404661:T:C,2:242422404:C:T,17743,0.5163028836250305,0.266568660736084,computed (both variants usable)
2:242404661:T:C,2:242424110:T:C,19449,0.9999976754188538,0.9999953508377075,computed (both variants usable)
2:242404661:T:C,2:242425585:T:G,20924,0.9999976754188538,0.9999953508377075,computed (both variants usable)
2:242404661:T:C,2:242428809:G:T,24148,0.9979044198989868,0.995813250541687,computed (both variants usable)
2:242404661:T:C,2:242428910:G:A,24249,0.9979044198989868,0.995813250541687,computed (both variants usable)
2:242404661:T:C,2:242432704:G:C,28043,0.9958022236824036,0.9916220903396606,computed (both variants usable)
2:242404661:T:C,2:242436238:C:T,31577,0.9811628460884094,0.9626805186271667,computed (both variants usable)
2:242404661:T:C,2:242437375:T:C,32714,0.9833453297615051,0.9669680595397949,computed (both variants usable)
2:242404661:T:C,2:242439071:G:A,34410,0.9958022236824036,0.9916220903396606,computed (both variants usable)
2:242404661:T:C,2:242440663:G:A,36002,0.9937024712562561,0.9874445796012878,computed (both variants usable)
2:242404661:T:C,2:242442847:C:G,38186,0.9771057963371277,0.9547357559204102,computed (both variants usable)
2:242404661:T:C,2:242442856:G:A,38195,0.9750601649284363,0.9507423043251038,computed (both variants usable)
2:242404661:T:C,2:242443091:G:A,38430,0.9771057963371277,0.9547357559204102,computed (both variants usable)
2:242404661:T:C,2:242444758:C:T,40097,0.9771977663040161,0.954915463924408,computed (both variants usable)
2:242404661:T:C,2:242445040:T:A,40379,0.9771977663040161,0.954915463924408,computed (both variants usable)
2:242404661:T:C,2:242445336:A:G,40675,0.7706032395362854,0.593829333782196,computed (both variants usable)
2:242404661:T:C,2:242530571:C:T,125910,0.0909450501203537,0.00827100221067667,computed (both variants usable)
2:242409895:A:G,2:242409933:A:G,38,0.9999976754188538,0.9999953508377075,computed (both variants usable)
2:242409895:A:G,2:242410081:T:C,186,0.993732750415802,0.987504780292511,computed (both variants usable)
2:242409895:A:G,2:242410784:G:A,889,0.9999976754188538,0.9999953508377075,computed (both variants usable)
2:242409895:A:G,2:242410948:A:G,1053,0.9916270971298218,0.9833242893218994,computed (both variants usable)
2:242409895:A:G,2:242411069:T:C,1174,0.9730195999145508,0.9467671513557434,computed (both variants usable)
2:242409895:A:G,2:242411071:T:G,1176,0.9730195999145508,0.9467671513557434,computed (both variants usable)
2:242409895:A:G,2:242411190:A:G,1295,0.9999976754188538,0.9999953508377075,computed (both variants usable)
2:242409895:A:G,2:242411407:A:G,1512,0.9999976754188538,0.9999953508377075,computed (both variants usable)
2:242409895:A:G,2:242411836:G:A,1941,0.9999976754188538,0.9999953508377075,computed (both variants usable)
2:242409895:A:G,2:242412109:T:C,2214,0.8667204976081848,0.7512044310569763,computed (both variants usable)
2:242409895:A:G,2:242413908:A:C,4013,0.9999976754188538,0.9999953508377075,computed (both variants usable)
2:242409895:A:G,2:242415617:A:G,5722,0.9999976754188538,0.9999953508377075,computed (both variants usable)
2:242409895:A:G,2:242416009:C:T,6114,0.9999976754188538,0.9999953508377075,computed (both variants usable)
2:242409895:A:G,2:242418808:G:T,8913,0.9978998303413391,0.9958040714263916,computed (both variants usable)
2:242409895:A:G,2:242422404:C:T,12509,0.5163028836250305,0.266568660736084,computed (both variants usable)
2:242409895:A:G,2:242424110:T:C,14215,0.9999976754188538,0.9999953508377075,computed (both variants usable)
2:242409895:A:G,2:242425585:T:G,15690,0.9999976754188538,0.9999953508377075,computed (both variants usable)
2:242409895:A:G,2:242428809:G:T,18914,0.9979044198989868,0.995813250541687,computed (both variants usable)
2:242409895:A:G,2:242428910:G:A,19015,0.9979044198989868,0.995813250541687,computed (both variants usable)
2:242409895:A:G,2:242432704:G:C,22809,0.9958022236824036,0.9916220903396606,computed (both variants usable)
2:242409895:A:G,2:242436238:C:T,26343,0.9811628460884094,0.9626805186271667,computed (both variants usable)
2:242409895:A:G,2:242437375:T:C,27480,0.9833453297615051,0.9669680595397949,computed (both variants usable)
2:242409895:A:G,2:242439071:G:A,29176,0.9958022236824036,0.9916220903396606,computed (both variants usable)
2:242409895:A:G,2:242440663:G:A,30768,0.9937024712562561,0.9874445796012878,computed (both variants usable)
2:242409895:A:G,2:242442847:C:G,32952,0.9771057963371277,0.9547357559204102,computed (both variants usable)
2:242409895:A:G,2:242442856:G:A,32961,0.9750601649284363,0.9507423043251038,computed (both variants usable)
2:242409895:A:G,2:242443091:G:A,33196,0.9771057963371277,0.9547357559204102,computed (both variants usable)
2:242409895:A:G,2:242444758:C:T,34863,0.9771977663040161,0.954915463924408,computed (both variants usable)
2:242409895:A:G,2:242445040:T:A,35145,0.9771977663040161,0.954915463924408,computed (both variants usable)
2:242409895:A:G,2:242445336:A:G,35441,0.7706032395362854,0.593829333782196,computed (both variants usable)
2:242409895:A:G,2:242530571:C:T,120676,0.0909450501203537,0.00827100221067667,computed (both variants usable)
2:242409933:A:G,2:242410081:T:C,148,0.993732750415802,0.987504780292511,computed (both variants usable)
2:242409933:A:G,2:242410784:G:A,851,0.9999976754188538,0.9999953508377075,computed (both variants usable)
2:242409933:A:G,2:242410948:A:G,1015,0.9916270971298218,0.9833242893218994,computed (both variants usable)
2:242409933:A:G,2:242411069:T:C,1136,0.9730195999145508,0.9467671513557434,computed (both variants usable)
2:242409933:A:G,2:242411071:T:G,1138,0.9730195999145508,0.9467671513557434,computed (both variants usable)
2:242409933:A:G,2:242411190:A:G,1257,0.9999976754188538,0.9999953508377075,computed (both variants usable)
2:242409933:A:G,2:242411407:A:G,1474,0.9999976754188538,0.9999953508377075,computed (both variants usable)
2:242409933:A:G,2:242411836:G:A,1903,0.9999976754188538,0.9999953508377075,computed (both variants usable)
2:242409933:A:G,2:242412109:T:C,2176,0.8667204976081848,0.7512044310569763,computed (both variants usable)
2:242409933:A:G,2:242413908:A:C,3975,0.9999976754188538,0.9999953508377075,computed (both variants usable)
2:242409933:A:G,2:242415617:A:G,5684,0.9999976754188538,0.9999953508377075,computed (both variants usable)
2:242409933:A:G,2:242416009:C:T,6076,0.9999976754188538,0.9999953508377075,computed (both variants usable)
2:242409933:A:G,2:242418808:G:T,8875,0.9978998303413391,0.9958040714263916,computed (both variants usable)
2:242409933:A:G,2:242422404:C:T,12471,0.5163028836250305,0.266568660736084,computed (both variants usable)
2:242409933:A:G,2:242424110:T:C,14177,0.9999976754188538,0.9999953508377075,computed (both variants usable)
2:242409933:A:G,2:242425585:T:G,15652,0.9999976754188538,0.9999953508377075,computed (both variants usable)
2:242409933:A:G,2:242428809:G:T,18876,0.9979044198989868,0.995813250541687,computed (both variants usable)
2:242409933:A:G,2:242428910:G:A,18977,0.9979044198989868,0.995813250541687,computed (both variants usable)
2:242409933:A:G,2:242432704:G:C,22771,0.9958022236824036,0.9916220903396606,computed (both variants usable)
2:242409933:A:G,2:242436238:C:T,26305,0.9811628460884094,0.9626805186271667,computed (both variants usable)
2:242409933:A:G,2:242437375:T:C,27442,0.9833453297615051,0.9669680595397949,computed (both variants usable)
2:242409933:A:G,2:242439071:G:A,29138,0.9958022236824036,0.9916220903396606,computed (both variants usable)
2:242409933:A:G,2:242440663:G:A,30730,0.9937024712562561,0.9874445796012878,computed (both variants usable)
2:242409933:A:G,2:242442847:C:G,32914,0.9771057963371277,0.9547357559204102,computed (both variants usable)
2:242409933:A:G,2:242442856:G:A,32923,0.9750601649284363,0.9507423043251038,computed (both variants usable)
2:242409933:A:G,2:242443091:G:A,33158,0.9771057963371277,0.9547357559204102,computed (both variants usable)
2:242409933:A:G,2:242444758:C:T,34825,0.9771977663040161,0.954915463924408,computed (both variants usable)
2:242409933:A:G,2:242445040:T:A,35107,0.9771977663040161,0.954915463924408,computed (both variants usable)
2:242409933:A:G,2:242445336:A:G,35403,0.7706032395362854,0.593829333782196,computed (both variants usable)
2:242409933:A:G,2:242530571:C:T,120638,0.0909450501203537,0.00827100221067667,computed (both variants usable)
2:242410081:T:C,2:242410784:G:A,703,0.993732750415802,0.987504780292511,computed (both variants usable)
2:242410081:T:C,2:242410948:A:G,867,0.985416829586029,0.9710463285446167,computed (both variants usable)
2:242410081:T:C,2:242411069:T:C,988,0.96670001745224,0.9345089197158813,computed (both variants usable)
2:242410081:T:C,2:242411071:T:G,990,0.96670001745224,0.9345089197158813,computed (both variants usable)
2:242410081:T:C,2:242411190:A:G,1109,0.993732750415802,0.987504780292511,computed (both variants usable)
2:242410081:T:C,2:242411407:A:G,1326,0.993732750415802,0.987504780292511,computed (both variants usable)
2:242410081:T:C,2:242411836:G:A,1755,0.993732750415802,0.987504780292511,computed (both variants usable)
2:242410081:T:C,2:242412109:T:C,2028,0.859900712966919,0.739429235458374,computed (both variants usable)
2:242410081:T:C,2:242413908:A:C,3827,0.993732750415802,0.987504780292511,computed (both variants usable)
2:242410081:T:C,2:242415617:A:G,5536,0.993732750415802,0.987504780292511,computed (both variants usable)
2:242410081:T:C,2:242416009:C:T,5928,0.993732750415802,0.987504780292511,computed (both variants usable)
2:242410081:T:C,2:242418808:G:T,8727,0.9916528463363647,0.9833753705024719,computed (both variants usable)
2:242410081:T:C,2:242422404:C:T,12323,0.5130391716957092,0.26320919394493103,computed (both variants usable)
2:242410081:T:C,2:242424110:T:C,14029,0.993732750415802,0.987504780292511,computed (both variants usable)
2:242410081:T:C,2:242425585:T:G,15504,0.993732750415802,0.987504780292511,computed (both variants usable)
2:242410081:T:C,2:242428809:G:T,18728,0.9916350841522217,0.9833401441574097,computed (both variants usable)
2:242410081:T:C,2:242428910:G:A,18829,0.9916350841522217,0.9833401441574097,computed (both variants usable)
2:242410081:T:C,2:242432704:G:C,22623,0.9895433783531189,0.9791960716247559,computed (both variants usable)
2:242410081:T:C,2:242436238:C:T,26157,0.9749959707260132,0.9506171345710754,computed (both variants usable)
2:242410081:T:C,2:242437375:T:C,27294,0.97704017162323,0.9546074867248535,computed (both variants usable)
2:242410081:T:C,2:242439071:G:A,28990,0.9895433783531189,0.9791960716247559,computed (both variants usable)
2:242410081:T:C,2:242440663:G:A,30582,0.9874612092971802,0.9750796556472778,computed (both variants usable)
2:242410081:T:C,2:242442847:C:G,32766,0.9708045125007629,0.9424614310264587,computed (both variants usable)
2:242410081:T:C,2:242442856:G:A,32775,0.9687498807907104,0.9384763240814209,computed (both variants usable)
2:242410081:T:C,2:242443091:G:A,33010,0.9708045125007629,0.9424614310264587,computed (both variants usable)
2:242410081:T:C,2:242444758:C:T,34677,0.9708722829818726,0.942592978477478,computed (both variants usable)
2:242410081:T:C,2:242445040:T:A,34959,0.9708722829818726,0.942592978477478,computed (both variants usable)
2:242410081:T:C,2:242445336:A:G,35255,0.7672994136810303,0.5887483954429626,computed (both variants usable)
2:242410081:T:C,2:242530571:C:T,120490,0.09073056280612946,0.008232034742832184,computed (both variants usable)
2:242410784:G:A,2:242410948:A:G,164,0.9916270971298218,0.9833242893218994,computed (both variants usable)
2:242410784:G:A,2:242411069:T:C,285,0.9730195999145508,0.9467671513557434,computed (both variants usable)
2:242410784:G:A,2:242411071:T:G,287,0.9730195999145508,0.9467671513557434,computed (both variants usable)
2:242410784:G:A,2:242411190:A:G,406,0.9999976754188538,0.9999953508377075,computed (both variants usable)
2:242410784:G:A,2:242411407:A:G,623,0.9999976754188538,0.9999953508377075,computed (both variants usable)
2:242410784:G:A,2:242411836:G:A,1052,0.9999976754188538,0.9999953508377075,computed (both variants usable)
2:242410784:G:A,2:242412109:T:C,1325,0.8667204976081848,0.7512044310569763,computed (both variants usable)
2:242410784:G:A,2:242413908:A:C,3124,0.9999976754188538,0.9999953508377075,computed (both variants usable)
2:242410784:G:A,2:242415617:A:G,4833,0.9999976754188538,0.9999953508377075,computed (both variants usable)
2:242410784:G:A,2:242416009:C:T,5225,0.9999976754188538,0.9999953508377075,computed (both variants usable)
2:242410784:G:A,2:242418808:G:T,8024,0.9978998303413391,0.9958040714263916,computed (both variants usable)
2:242410784:G:A,2:242422404:C:T,11620,0.5163028836250305,0.266568660736084,computed (both variants usable)
2:242410784:G:A,2:242424110:T:C,13326,0.9999976754188538,0.9999953508377075,computed (both variants usable)
2:242410784:G:A,2:242425585:T:G,14801,0.9999976754188538,0.9999953508377075,computed (both variants usable)
2:242410784:G:A,2:242428809:G:T,18025,0.9979044198989868,0.995813250541687,computed (both variants usable)
2:242410784:G:A,2:242428910:G:A,18126,0.9979044198989868,0.995813250541687,computed (both variants usable)
2:242410784:G:A,2:242432704:G:C,21920,0.9958022236824036,0.9916220903396606,computed (both variants usable)
2:242410784:G:A,2:242436238:C:T,25454,0.9811628460884094,0.9626805186271667,computed (both variants usable)
2:242410784:G:A,2:242437375:T:C,26591,0.9833453297615051,0.9669680595397949,computed (both variants usable)
2:242410784:G:A,2:242439071:G:A,28287,0.9958022236824036,0.9916220903396606,computed (both variants usable)
2:242410784:G:A,2:242440663:G:A,29879,0.9937024712562561,0.9874445796012878,computed (both variants usable)
2:242410784:G:A,2:242442847:C:G,32063,0.9771057963371277,0.9547357559204102,computed (both variants usable)
2:242410784:G:A,2:242442856:G:A,32072,0.9750601649284363,0.9507423043251038,computed (both variants usable)
2:242410784:G:A,2:242443091:G:A,32307,0.9771057963371277,0.9547357559204102,computed (both variants usable)
2:242410784:G:A,2:242444758:C:T,33974,0.9771977663040161,0.954915463924408,computed (both variants usable)
2:242410784:G:A,2:242445040:T:A,34256,0.9771977663040161,0.954915463924408,computed (both variants usable)
2:242410784:G:A,2:242445336:A:G,34552,0.7706032395362854,0.593829333782196,computed (both variants usable)
2:242410784:G:A,2:242530571:C:T,119787,0.0909450501203537,0.00827100221067667,computed (both variants usable)
2:242410948:A:G,2:242411069:T:C,121,0.9647860527038574,0.9308121204376221,computed (both variants usable)
2:242410948:A:G,2:242411071:T:G,123,0.9647860527038574,0.9308121204376221,computed (both variants usable)
2:242410948:A:G,2:242411190:A:G,242,0.9916270971298218,0.9833242893218994,computed (both variants usable)
2:242410948:A:G,2:242411407:A:G,459,0.9916270971298218,0.9833242893218994,computed (both variants usable)
2:242410948:A:G,2:242411836:G:A,888,0.9916270971298218,0.9833242893218994,computed (both variants usable)
2:242410948:A:G,2:242412109:T:C,1161,0.8594637513160706,0.7386779189109802,computed (both variants usable)
2:242410948:A:G,2:242413908:A:C,2960,0.9916270971298218,0.9833242893218994,computed (both variants usable)
2:242410948:A:G,2:242415617:A:G,4669,0.9916270971298218,0.9833242893218994,computed (both variants usable)
2:242410948:A:G,2:242416009:C:T,5061,0.9916270971298218,0.9833242893218994,computed (both variants usable)
2:242410948:A:G,2:242418808:G:T,7860,0.9895063042640686,0.9791226983070374,computed (both variants usable)
2:242410948:A:G,2:242422404:C:T,11456,0.5206992626190186,0.27112773060798645,computed (both variants usable)
2:242410948:A:G,2:242424110:T:C,13162,0.9916270971298218,0.9833242893218994,computed (both variants usable)
2:242410948:A:G,2:242425585:T:G,14637,0.9916270971298218,0.9833242893218994,computed (both variants usable)
2:242410948:A:G,2:242428809:G:T,17861,0.9895508289337158,0.9792108535766602,computed (both variants usable)
2:242410948:A:G,2:242428910:G:A,17962,0.9895508289337158,0.9792108535766602,computed (both variants usable)
2:242410948:A:G,2:242432704:G:C,21756,0.9874234795570374,0.9750051498413086,computed (both variants usable)
2:242410948:A:G,2:242436238:C:T,25290,0.9894730448722839,0.9790568947792053,computed (both variants usable)
2:242410948:A:G,2:242437375:T:C,26427,0.9750698208808899,0.9507611393928528,computed (both variants usable)
2:242410948:A:G,2:242439071:G:A,28123,0.9874234795570374,0.9750051498413086,computed (both variants usable)
2:242410948:A:G,2:242440663:G:A,29715,0.985300600528717,0.9708172678947449,computed (both variants usable)
2:242410948:A:G,2:242442847:C:G,31899,0.968840479850769,0.9386518597602844,computed (both variants usable)
2:242410948:A:G,2:242442856:G:A,31908,0.9668117165565491,0.9347248673439026,computed (both variants usable)
2:242410948:A:G,2:242443091:G:A,32143,0.968840479850769,0.9386518597602844,computed (both variants usable)
2:242410948:A:G,2:242444758:C:T,33810,0.9689724445343018,0.9389076232910156,computed (both variants usable)
2:242410948:A:G,2:242445040:T:A,34092,0.9689724445343018,0.9389076232910156,computed (both variants usable)
2:242410948:A:G,2:242445336:A:G,34388,0.7641516327857971,0.5839276909828186,computed (both variants usable)
2:242410948:A:G,2:242530571:C:T,119623,0.09699729084968567,0.00940847396850586,computed (both variants usable)
2:242411069:T:C,2:242411071:T:G,2,0.9999994039535522,0.9999988079071045,computed (both variants usable)
2:242411069:T:C,2:242411190:A:G,121,0.9730195999145508,0.9467671513557434,computed (both variants usable)
2:242411069:T:C,2:242411407:A:G,338,0.9730195999145508,0.9467671513557434,computed (both variants usable)
2:242411069:T:C,2:242411836:G:A,767,0.9730195999145508,0.9467671513557434,computed (both variants usable)
2:242411069:T:C,2:242412109:T:C,1040,0.8382477760314941,0.7026593089103699,computed (both variants usable)
2:242411069:T:C,2:242413908:A:C,2839,0.9730195999145508,0.9467671513557434,computed (both variants usable)
2:242411069:T:C,2:242415617:A:G,4548,0.9730195999145508,0.9467671513557434,computed (both variants usable)
2:242411069:T:C,2:242416009:C:T,4940,0.9730195999145508,0.9467671513557434,computed (both variants usable)
2:242411069:T:C,2:242418808:G:T,7739,0.9709576368331909,0.9427587389945984,computed (both variants usable)
2:242411069:T:C,2:242422404:C:T,11335,0.5066022276878357,0.2566458284854889,computed (both variants usable)
2:242411069:T:C,2:242424110:T:C,13041,0.9730195999145508,0.9467671513557434,computed (both variants usable)
2:242411069:T:C,2:242425585:T:G,14516,0.9730195999145508,0.9467671513557434,computed (both variants usable)
2:242411069:T:C,2:242428809:G:T,17740,0.9709050059318542,0.9426565170288086,computed (both variants usable)
2:242411069:T:C,2:242428910:G:A,17841,0.9709050059318542,0.9426565170288086,computed (both variants usable)
2:242411069:T:C,2:242432704:G:C,21635,0.9688414335250854,0.9386537075042725,computed (both variants usable)
2:242411069:T:C,2:242436238:C:T,25169,0.9544457197189331,0.9109666347503662,computed (both variants usable)
2:242411069:T:C,2:242437375:T:C,26306,0.9562698006629944,0.9144519567489624,computed (both variants usable)
2:242411069:T:C,2:242439071:G:A,28002,0.9688414335250854,0.9386537075042725,computed (both variants usable)
2:242411069:T:C,2:242440663:G:A,29594,0.9667774438858032,0.9346586465835571,computed (both variants usable)
2:242411069:T:C,2:242442847:C:G,31778,0.950032651424408,0.9025620222091675,computed (both variants usable)
2:242411069:T:C,2:242442856:G:A,31787,0.9479680061340332,0.8986433148384094,computed (both variants usable)
2:242411069:T:C,2:242443091:G:A,32022,0.950032651424408,0.9025620222091675,computed (both variants usable)
2:242411069:T:C,2:242444758:C:T,33689,0.9500685334205627,0.9026302099227905,computed (both variants usable)
2:242411069:T:C,2:242445040:T:A,33971,0.9500685334205627,0.9026302099227905,computed (both variants usable)
2:242411069:T:C,2:242445336:A:G,34267,0.7404674291610718,0.5482920408248901,computed (both variants usable)
2:242411069:T:C,2:242530571:C:T,119502,0.08602065593004227,0.007399553433060646,computed (both variants usable)
2:242411071:T:G,2:242411190:A:G,119,0.9730195999145508,0.9467671513557434,computed (both variants usable)
2:242411071:T:G,2:242411407:A:G,336,0.9730195999145508,0.9467671513557434,computed (both variants usable)
2:242411071:T:G,2:242411836:G:A,765,0.9730195999145508,0.9467671513557434,computed (both variants usable)
2:242411071:T:G,2:242412109:T:C,1038,0.8382477760314941,0.7026593089103699,computed (both variants usable)
2:242411071:T:G,2:242413908:A:C,2837,0.9730195999145508,0.9467671513557434,computed (both variants usable)
2:242411071:T:G,2:242415617:A:G,4546,0.9730195999145508,0.9467671513557434,computed (both variants usable)
2:242411071:T:G,2:242416009:C:T,4938,0.9730195999145508,0.9467671513557434,computed (both variants usable)
2:242411071:T:G,2:242418808:G:T,7737,0.9709576368331909,0.9427587389945984,computed (both variants usable)
2:242411071:T:G,2:242422404:C:T,11333,0.5066022276878357,0.2566458284854889,computed (both variants usable)
2:242411071:T:G,2:242424110:T:C,13039,0.9730195999145508,0.9467671513557434,computed (both variants usable)
2:242411071:T:G,2:242425585:T:G,14514,0.9730195999145508,0.9467671513557434,computed (both variants usable)
2:242411071:T:G,2:242428809:G:T,17738,0.9709050059318542,0.9426565170288086,computed (both variants usable)
2:242411071:T:G,2:242428910:G:A,17839,0.9709050059318542,0.9426565170288086,computed (both variants usable)
2:242411071:T:G,2:242432704:G:C,21633,0.9688414335250854,0.9386537075042725,computed (both variants usable)
2:242411071:T:G,2:242436238:C:T,25167,0.9544457197189331,0.9109666347503662,computed (both variants usable)
2:242411071:T:G,2:242437375:T:C,26304,0.9562698006629944,0.9144519567489624,computed (both variants usable)
2:242411071:T:G,2:242439071:G:A,28000,0.9688414335250854,0.9386537075042725,computed (both variants usable)
2:242411071:T:G,2:242440663:G:A,29592,0.9667774438858032,0.9346586465835571,computed (both variants usable)
2:242411071:T:G,2:242442847:C:G,31776,0.950032651424408,0.9025620222091675,computed (both variants usable)
2:242411071:T:G,2:242442856:G:A,31785,0.9479680061340332,0.8986433148384094,computed (both variants usable)
2:242411071:T:G,2:242443091:G:A,32020,0.950032651424408,0.9025620222091675,computed (both variants usable)
2:242411071:T:G,2:242444758:C:T,33687,0.9500685334205627,0.9026302099227905,computed (both variants usable)
2:242411071:T:G,2:242445040:T:A,33969,0.9500685334205627,0.9026302099227905,computed (both variants usable)
2:242411071:T:G,2:242445336:A:G,34265,0.7404674291610718,0.5482920408248901,computed (both variants usable)
2:242411071:T:G,2:242530571:C:T,119500,0.08602065593004227,0.007399553433060646,computed (both variants usable)
2:242411190:A:G,2:242411407:A:G,217,0.9999976754188538,0.9999953508377075,computed (both variants usable)
2:242411190:A:G,2:242411836:G:A,646,0.9999976754188538,0.9999953508377075,computed (both variants usable)
2:242411190:A:G,2:242412109:T:C,919,0.8667204976081848,0.7512044310569763,computed (both variants usable)
2:242411190:A:G,2:242413908:A:C,2718,0.9999976754188538,0.9999953508377075,computed (both variants usable)
2:242411190:A:G,2:242415617:A:G,4427,0.9999976754188538,0.9999953508377075,computed (both variants usable)
2:242411190:A:G,2:242416009:C:T,4819,0.9999976754188538,0.9999953508377075,computed (both variants usable)
2:242411190:A:G,2:242418808:G:T,7618,0.9978998303413391,0.9958040714263916,computed (both variants usable)
2:242411190:A:G,2:242422404:C:T,11214,0.5163028836250305,0.266568660736084,computed (both variants usable)
2:242411190:A:G,2:242424110:T:C,12920,0.9999976754188538,0.9999953508377075,computed (both variants usable)
2:242411190:A:G,2:242425585:T:G,14395,0.9999976754188538,0.9999953508377075,computed (both variants usable)
2:242411190:A:G,2:242428809:G:T,17619,0.9979044198989868,0.995813250541687,computed (both variants usable)
2:242411190:A:G,2:242428910:G:A,17720,0.9979044198989868,0.995813250541687,computed (both variants usable)
2:242411190:A:G,2:242432704:G:C,21514,0.9958022236824036,0.9916220903396606,computed (both variants usable)
2:242411190:A:G,2:242436238:C:T,25048,0.9811628460884094,0.9626805186271667,computed (both variants usable)
2:242411190:A:G,2:242437375:T:C,26185,0.9833453297615051,0.9669680595397949,computed (both variants usable)
2:242411190:A:G,2:242439071:G:A,27881,0.9958022236824036,0.9916220903396606,computed (both variants usable)
2:242411190:A:G,2:242440663:G:A,29473,0.9937024712562561,0.9874445796012878,computed (both variants usable)
2:242411190:A:G,2:242442847:C:G,31657,0.9771057963371277,0.9547357559204102,computed (both variants usable)
2:242411190:A:G,2:242442856:G:A,31666,0.9750601649284363,0.9507423043251038,computed (both variants usable)
2:242411190:A:G,2:242443091:G:A,31901,0.9771057963371277,0.9547357559204102,computed (both variants usable)
2:242411190:A:G,2:242444758:C:T,33568,0.9771977663040161,0.954915463924408,computed (both variants usable)
2:242411190:A:G,2:242445040:T:A,33850,0.9771977663040161,0.954915463924408,computed (both variants usable)
2:242411190:A:G,2:242445336:A:G,34146,0.7706032395362854,0.593829333782196,computed (both variants usable)
2:242411190:A:G,2:242530571:C:T,119381,0.0909450501203537,0.00827100221067667,computed (both variants usable)
2:242411407:A:G,2:242411836:G:A,429,0.9999976754188538,0.9999953508377075,computed (both variants usable)
2:242411407:A:G,2:242412109:T:C,702,0.8667204976081848,0.7512044310569763,computed (both variants usable)
2:242411407:A:G,2:242413908:A:C,2501,0.9999976754188538,0.9999953508377075,computed (both variants usable)
2:242411407:A:G,2:242415617:A:G,4210,0.9999976754188538,0.9999953508377075,computed (both variants usable)
2:242411407:A:G,2:242416009:C:T,4602,0.9999976754188538,0.9999953508377075,computed (both variants usable)
2:242411407:A:G,2:242418808:G:T,7401,0.9978998303413391,0.9958040714263916,computed (both variants usable)
2:242411407:A:G,2:242422404:C:T,10997,0.5163028836250305,0.266568660736084,computed (both variants usable)
2:242411407:A:G,2:242424110:T:C,12703,0.9999976754188538,0.9999953508377075,computed (both variants usable)
2:242411407:A:G,2:242425585:T:G,14178,0.9999976754188538,0.9999953508377075,computed (both variants usable)
2:242411407:A:G,2:242428809:G:T,17402,0.9979044198989868,0.995813250541687,computed (both variants usable)
2:242411407:A:G,2:242428910:G:A,17503,0.9979044198989868,0.995813250541687,computed (both variants usable)
2:242411407:A:G,2:242432704:G:C,21297,0.9958022236824036,0.9916220903396606,computed (both variants usable)
2:242411407:A:G,2:242436238:C:T,24831,0.9811628460884094,0.9626805186271667,computed (both variants usable)
2:242411407:A:G,2:242437375:T:C,25968,0.9833453297615051,0.9669680595397949,computed (both variants usable)
2:242411407:A:G,2:242439071:G:A,27664,0.9958022236824036,0.9916220903396606,computed (both variants usable)
2:242411407:A:G,2:242440663:G:A,29256,0.9937024712562561,0.9874445796012878,computed (both variants usable)
2:242411407:A:G,2:242442847:C:G,31440,0.9771057963371277,0.9547357559204102,computed (both variants usable)
2:242411407:A:G,2:242442856:G:A,31449,0.9750601649284363,0.9507423043251038,computed (both variants usable)
2:242411407:A:G,2:242443091:G:A,31684,0.9771057963371277,0.9547357559204102,computed (both variants usable)
2:242411407:A:G,2:242444758:C:T,33351,0.9771977663040161,0.954915463924408,computed (both variants usable)
2:242411407:A:G,2:242445040:T:A,33633,0.9771977663040161,0.954915463924408,computed (both variants usable)
2:242411407:A:G,2:242445336:A:G,33929,0.7706032395362854,0.593829333782196,computed (both variants usable)
2:242411407:A:G,2:242530571:C:T,119164,0.0909450501203537,0.00827100221067667,computed (both variants usable)
2:242411836:G:A,2:242412109:T:C,273,0.8667204976081848,0.7512044310569763,computed (both variants usable)
2:242411836:G:A,2:242413908:A:C,2072,0.9999976754188538,0.9999953508377075,computed (both variants usable)
2:242411836:G:A,2:242415617:A:G,3781,0.9999976754188538,0.9999953508377075,computed (both variants usable)
2:242411836:G:A,2:242416009:C:T,4173,0.9999976754188538,0.9999953508377075,computed (both variants usable)
2:242411836:G:A,2:242418808:G:T,6972,0.9978998303413391,0.9958040714263916,computed (both variants usable)
2:242411836:G:A,2:242422404:C:T,10568,0.5163028836250305,0.266568660736084,computed (both variants usable)
2:242411836:G:A,2:242424110:T:C,12274,0.9999976754188538,0.9999953508377075,computed (both variants usable)
2:242411836:G:A,2:242425585:T:G,13749,0.9999976754188538,0.9999953508377075,computed (both variants usable)
2:242411836:G:A,2:242428809:G:T,16973,0.9979044198989868,0.995813250541687,computed (both variants usable)
2:242411836:G:A,2:242428910:G:A,17074,0.9979044198989868,0.995813250541687,computed (both variants usable)
2:242411836:G:A,2:242432704:G:C,20868,0.9958022236824036,0.9916220903396606,computed (both variants usable)
2:242411836:G:A,2:242436238:C:T,24402,0.9811628460884094,0.9626805186271667,computed (both variants usable)
2:242411836:G:A,2:242437375:T:C,25539,0.9833453297615051,0.9669680595397949,computed (both variants usable)
2:242411836:G:A,2:242439071:G:A,27235,0.9958022236824036,0.9916220903396606,computed (both variants usable)
2:242411836:G:A,2:242440663:G:A,28827,0.9937024712562561,0.9874445796012878,computed (both variants usable)
2:242411836:G:A,2:242442847:C:G,31011,0.9771057963371277,0.9547357559204102,computed (both variants usable)
2:242411836:G:A,2:242442856:G:A,31020,0.9750601649284363,0.9507423043251038,computed (both variants usable)
2:242411836:G:A,2:242443091:G:A,31255,0.9771057963371277,0.9547357559204102,computed (both variants usable)
2:242411836:G:A,2:242444758:C:T,32922,0.9771977663040161,0.954915463924408,computed (both variants usable)
2:242411836:G:A,2:242445040:T:A,33204,0.9771977663040161,0.954915463924408,computed (both variants usable)
2:242411836:G:A,2:242445336:A:G,33500,0.7706032395362854,0.593829333782196,computed (both variants usable)
2:242411836:G:A,2:242530571:C:T,118735,0.0909450501203537,0.00827100221067667,computed (both variants usable)
2:242412109:T:C,2:242413908:A:C,1799,0.8667204976081848,0.7512044310569763,computed (both variants usable)
2:242412109:T:C,2:242415617:A:G,3508,0.8667204976081848,0.7512044310569763,computed (both variants usable)
2:242412109:T:C,2:242416009:C:T,3900,0.8667204976081848,0.7512044310569763,computed (both variants usable)
2:242412109:T:C,2:242418808:G:T,6699,0.8649031519889832,0.74805748462677,computed (both variants usable)
2:242412109:T:C,2:242422404:C:T,10295,0.4468495547771454,0.19967453181743622,computed (both variants usable)
2:242412109:T:C,2:242424110:T:C,12001,0.8667204976081848,0.7512044310569763,computed (both variants usable)
2:242412109:T:C,2:242425585:T:G,13476,0.8667204976081848,0.7512044310569763,computed (both variants usable)
2:242412109:T:C,2:242428809:G:T,16700,0.8644408583641052,0.7472580075263977,computed (both variants usable)
2:242412109:T:C,2:242428910:G:A,16801,0.8644408583641052,0.7472580075263977,computed (both variants usable)
2:242412109:T:C,2:242432704:G:C,20595,0.8626196980476379,0.7441127300262451,computed (both variants usable)
2:242412109:T:C,2:242436238:C:T,24129,0.849931001663208,0.7223827242851257,computed (both variants usable)
2:242412109:T:C,2:242437375:T:C,25266,0.8490429520606995,0.7208739519119263,computed (both variants usable)
2:242412109:T:C,2:242439071:G:A,26962,0.8626196980476379,0.7441127300262451,computed (both variants usable)
2:242412109:T:C,2:242440663:G:A,28554,0.8608004450798035,0.74097740650177,computed (both variants usable)
2:242412109:T:C,2:242442847:C:G,30738,0.8427101373672485,0.7101603746414185,computed (both variants usable)
2:242412109:T:C,2:242442856:G:A,30747,0.8404768109321594,0.7064012885093689,computed (both variants usable)
2:242412109:T:C,2:242443091:G:A,30982,0.8427101373672485,0.7101603746414185,computed (both variants usable)
2:242412109:T:C,2:242444758:C:T,32649,0.8423317074775696,0.7095227241516113,computed (both variants usable)
2:242412109:T:C,2:242445040:T:A,32931,0.8423317074775696,0.7095227241516113,computed (both variants usable)
2:242412109:T:C,2:242445336:A:G,33227,0.6175323128700256,0.3813461661338806,computed (both variants usable)
2:242412109:T:C,2:242530571:C:T,118462,0.08553332090377808,0.007315949071198702,computed (both variants usable)
2:242413908:A:C,2:242415617:A:G,1709,0.9999976754188538,0.9999953508377075,computed (both variants usable)
2:242413908:A:C,2:242416009:C:T,2101,0.9999976754188538,0.9999953508377075,computed (both variants usable)
2:242413908:A:C,2:242418808:G:T,4900,0.9978998303413391,0.9958040714263916,computed (both variants usable)
2:242413908:A:C,2:242422404:C:T,8496,0.5163028836250305,0.266568660736084,computed (both variants usable)
2:242413908:A:C,2:242424110:T:C,10202,0.9999976754188538,0.9999953508377075,computed (both variants usable)
2:242413908:A:C,2:242425585:T:G,11677,0.9999976754188538,0.9999953508377075,computed (both variants usable)
2:242413908:A:C,2:242428809:G:T,14901,0.9979044198989868,0.995813250541687,computed (both variants usable)
2:242413908:A:C,2:242428910:G:A,15002,0.9979044198989868,0.995813250541687,computed (both variants usable)
2:242413908:A:C,2:242432704:G:C,18796,0.9958022236824036,0.9916220903396606,computed (both variants usable)
2:242413908:A:C,2:242436238:C:T,22330,0.9811628460884094,0.9626805186271667,computed (both variants usable)
2:242413908:A:C,2:242437375:T:C,23467,0.9833453297615051,0.9669680595397949,computed (both variants usable)
2:242413908:A:C,2:242439071:G:A,25163,0.9958022236824036,0.9916220903396606,computed (both variants usable)
2:242413908:A:C,2:242440663:G:A,26755,0.9937024712562561,0.9874445796012878,computed (both variants usable)
2:242413908:A:C,2:242442847:C:G,28939,0.9771057963371277,0.9547357559204102,computed (both variants usable)
2:242413908:A:C,2:242442856:G:A,28948,0.9750601649284363,0.9507423043251038,computed (both variants usable)
2:242413908:A:C,2:242443091:G:A,29183,0.9771057963371277,0.9547357559204102,computed (both variants usable)
2:242413908:A:C,2:242444758:C:T,30850,0.9771977663040161,0.954915463924408,computed (both variants usable)
2:242413908:A:C,2:242445040:T:A,31132,0.9771977663040161,0.954915463924408,computed (both variants usable)
2:242413908:A:C,2:242445336:A:G,31428,0.7706032395362854,0.593829333782196,computed (both variants usable)
2:242413908:A:C,2:242530571:C:T,116663,0.0909450501203537,0.00827100221067667,computed (both variants usable)
2:242415617:A:G,2:242416009:C:T,392,0.9999976754188538,0.9999953508377075,computed (both variants usable)
2:242415617:A:G,2:242418808:G:T,3191,0.9978998303413391,0.9958040714263916,computed (both variants usable)
2:242415617:A:G,2:242422404:C:T,6787,0.5163028836250305,0.266568660736084,computed (both variants usable)
2:242415617:A:G,2:242424110:T:C,8493,0.9999976754188538,0.9999953508377075,computed (both variants usable)
2:242415617:A:G,2:242425585:T:G,9968,0.9999976754188538,0.9999953508377075,computed (both variants usable)
2:242415617:A:G,2:242428809:G:T,13192,0.9979044198989868,0.995813250541687,computed (both variants usable)
2:242415617:A:G,2:242428910:G:A,13293,0.9979044198989868,0.995813250541687,computed (both variants usable)
2:242415617:A:G,2:242432704:G:C,17087,0.9958022236824036,0.9916220903396606,computed (both variants usable)
2:242415617:A:G,2:242436238:C:T,20621,0.9811628460884094,0.9626805186271667,computed (both variants usable)
2:242415617:A:G,2:242437375:T:C,21758,0.9833453297615051,0.9669680595397949,computed (both variants usable)
2:242415617:A:G,2:242439071:G:A,23454,0.9958022236824036,0.9916220903396606,computed (both variants usable)
2:242415617:A:G,2:242440663:G:A,25046,0.9937024712562561,0.9874445796012878,computed (both variants usable)
2:242415617:A:G,2:242442847:C:G,27230,0.9771057963371277,0.9547357559204102,computed (both variants usable)
2:242415617:A:G,2:242442856:G:A,27239,0.9750601649284363,0.9507423043251038,computed (both variants usable)
2:242415617:A:G,2:242443091:G:A,27474,0.9771057963371277,0.9547357559204102,computed (both variants usable)
2:242415617:A:G,2:242444758:C:T,29141,0.9771977663040161,0.954915463924408,computed (both variants usable)
2:242415617:A:G,2:242445040:T:A,29423,0.9771977663040161,0.954915463924408,computed (both variants usable)
2:242415617:A:G,2:242445336:A:G,29719,0.7706032395362854,0.593829333782196,computed (both variants usable)
2:242415617:A:G,2:242530571:C:T,114954,0.0909450501203537,0.00827100221067667,computed (both variants usable)
2:242416009:C:T,2:242418808:G:T,2799,0.9978998303413391,0.9958040714263916,computed (both variants usable)
2:242416009:C:T,2:242422404:C:T,6395,0.5163028836250305,0.266568660736084,computed (both variants usable)
2:242416009:C:T,2:242424110:T:C,8101,0.9999976754188538,0.9999953508377075,computed (both variants usable)
2:242416009:C:T,2:242425585:T:G,9576,0.9999976754188538,0.9999953508377075,computed (both variants usable)
2:242416009:C:T,2:242428809:G:T,12800,0.9979044198989868,0.995813250541687,computed (both variants usable)
2:242416009:C:T,2:242428910:G:A,12901,0.9979044198989868,0.995813250541687,computed (both variants usable)
2:242416009:C:T,2:242432704:G:C,16695,0.9958022236824036,0.9916220903396606,computed (both variants usable)
2:242416009:C:T,2:242436238:C:T,20229,0.9811628460884094,0.9626805186271667,computed (both variants usable)
2:242416009:C:T,2:242437375:T:C,21366,0.9833453297615051,0.9669680595397949,computed (both variants usable)
2:242416009:C:T,2:242439071:G:A,23062,0.9958022236824036,0.9916220903396606,computed (both variants usable)
2:242416009:C:T,2:242440663:G:A,24654,0.9937024712562561,0.9874445796012878,computed (both variants usable)
2:242416009:C:T,2:242442847:C:G,26838,0.9771057963371277,0.9547357559204102,computed (both variants usable)
2:242416009:C:T,2:242442856:G:A,26847,0.9750601649284363,0.9507423043251038,computed (both variants usable)
2:242416009:C:T,2:242443091:G:A,27082,0.9771057963371277,0.9547357559204102,computed (both variants usable)
2:242416009:C:T,2:242444758:C:T,28749,0.9771977663040161,0.954915463924408,computed (both variants usable)
2:242416009:C:T,2:242445040:T:A,29031,0.9771977663040161,0.954915463924408,computed (both variants usable)
2:242416009:C:T,2:242445336:A:G,29327,0.7706032395362854,0.593829333782196,computed (both variants usable)
2:242416009:C:T,2:242530571:C:T,114562,0.0909450501203537,0.00827100221067667,computed (both variants usable)
2:242418808:G:T,2:242422404:C:T,3596,0.511611819267273,0.2617466449737549,computed (both variants usable)
2:242418808:G:T,2:242424110:T:C,5302,0.9978998303413391,0.9958040714263916,computed (both variants usable)
2:242418808:G:T,2:242425585:T:G,6777,0.9978998303413391,0.9958040714263916,computed (both variants usable)
2:242418808:G:T,2:242428809:G:T,10001,0.9958130121231079,0.9916435480117798,computed (both variants usable)
2:242418808:G:T,2:242428910:G:A,10102,0.9958130121231079,0.9916435480117798,computed (both variants usable)
2:242418808:G:T,2:242432704:G:C,13896,0.9937024712562561,0.9874445796012878,computed (both variants usable)
2:242418808:G:T,2:242436238:C:T,17430,0.979019284248352,0.9584787487983704,computed (both variants usable)
2:242418808:G:T,2:242437375:T:C,18567,0.9812714457511902,0.9628936648368835,computed (both variants usable)
2:242418808:G:T,2:242439071:G:A,20263,0.9937024712562561,0.9874445796012878,computed (both variants usable)
2:242418808:G:T,2:242440663:G:A,21855,0.9915997385978699,0.9832700490951538,computed (both variants usable)
2:242418808:G:T,2:242442847:C:G,24039,0.9750358462333679,0.9506949186325073,computed (both variants usable)
2:242418808:G:T,2:242442856:G:A,24048,0.9729936718940735,0.9467166662216187,computed (both variants usable)
2:242418808:G:T,2:242443091:G:A,24283,0.9750358462333679,0.9506949186325073,computed (both variants usable)
2:242418808:G:T,2:242444758:C:T,25950,0.9751377701759338,0.9508937001228333,computed (both variants usable)
2:242418808:G:T,2:242445040:T:A,26232,0.9751377701759338,0.9508937001228333,computed (both variants usable)
2:242418808:G:T,2:242445336:A:G,26528,0.7689878940582275,0.5913423895835876,computed (both variants usable)
2:242418808:G:T,2:242530571:C:T,111763,0.09245537221431732,0.008547996170818806,computed (both variants usable)
2:242422404:C:T,2:242424110:T:C,1706,0.5163028836250305,0.266568660736084,computed (both variants usable)
2:242422404:C:T,2:242425585:T:G,3181,0.5163028836250305,0.266568660736084,computed (both variants usable)
2:242422404:C:T,2:242428809:G:T,6405,0.5152125358581543,0.26544395089149475,computed (both variants usable)
2:242422404:C:T,2:242428910:G:A,6506,0.5152125358581543,0.26544395089149475,computed (both variants usable)
2:242422404:C:T,2:242432704:G:C,10300,0.5105214715003967,0.260632187128067,computed (both variants usable)
2:242422404:C:T,2:242436238:C:T,13834,0.5182319283485413,0.2685643434524536,computed (both variants usable)
2:242422404:C:T,2:242437375:T:C,14971,0.504042387008667,0.25405871868133545,computed (both variants usable)
2:242422404:C:T,2:242439071:G:A,16667,0.5105214715003967,0.260632187128067,computed (both variants usable)
2:242422404:C:T,2:242440663:G:A,18259,0.5058278441429138,0.2558618187904358,computed (both variants usable)
2:242422404:C:T,2:242442847:C:G,20443,0.49721014499664307,0.24721792340278625,computed (both variants usable)
2:242422404:C:T,2:242442856:G:A,20452,0.49614715576171875,0.24616199731826782,computed (both variants usable)
2:242422404:C:T,2:242443091:G:A,20687,0.49721014499664307,0.24721792340278625,computed (both variants usable)
2:242422404:C:T,2:242444758:C:T,22354,0.5008447170257568,0.25084543228149414,computed (both variants usable)
2:242422404:C:T,2:242445040:T:A,22636,0.5008447170257568,0.25084543228149414,computed (both variants usable)
2:242422404:C:T,2:242445336:A:G,22932,0.4023194909095764,0.16186097264289856,computed (both variants usable)
2:242422404:C:T,2:242530571:C:T,108167,0.06550244987010956,0.004290570970624685,computed (both variants usable)
2:242424110:T:C,2:242425585:T:G,1475,0.9999976754188538,0.9999953508377075,computed (both variants usable)
2:242424110:T:C,2:242428809:G:T,4699,0.9979044198989868,0.995813250541687,computed (both variants usable)
2:242424110:T:C,2:242428910:G:A,4800,0.9979044198989868,0.995813250541687,computed (both variants usable)
2:242424110:T:C,2:242432704:G:C,8594,0.9958022236824036,0.9916220903396606,computed (both variants usable)
2:242424110:T:C,2:242436238:C:T,12128,0.9811628460884094,0.9626805186271667,computed (both variants usable)
2:242424110:T:C,2:242437375:T:C,13265,0.9833453297615051,0.9669680595397949,computed (both variants usable)
2:242424110:T:C,2:242439071:G:A,14961,0.9958022236824036,0.9916220903396606,computed (both variants usable)
2:242424110:T:C,2:242440663:G:A,16553,0.9937024712562561,0.9874445796012878,computed (both variants usable)
2:242424110:T:C,2:242442847:C:G,18737,0.9771057963371277,0.9547357559204102,computed (both variants usable)
2:242424110:T:C,2:242442856:G:A,18746,0.9750601649284363,0.9507423043251038,computed (both variants usable)
2:242424110:T:C,2:242443091:G:A,18981,0.9771057963371277,0.9547357559204102,computed (both variants usable)
2:242424110:T:C,2:242444758:C:T,20648,0.9771977663040161,0.954915463924408,computed (both variants usable)
2:242424110:T:C,2:242445040:T:A,20930,0.9771977663040161,0.954915463924408,computed (both variants usable)
2:242424110:T:C,2:242445336:A:G,21226,0.7706032395362854,0.593829333782196,computed (both variants usable)
2:242424110:T:C,2:242530571:C:T,106461,0.0909450501203537,0.00827100221067667,computed (both variants usable)
2:242425585:T:G,2:242428809:G:T,3224,0.9979044198989868,0.995813250541687,computed (both variants usable)
2:242425585:T:G,2:242428910:G:A,3325,0.9979044198989868,0.995813250541687,computed (both variants usable)
2:242425585:T:G,2:242432704:G:C,7119,0.9958022236824036,0.9916220903396606,computed (both variants usable)
2:242425585:T:G,2:242436238:C:T,10653,0.9811628460884094,0.9626805186271667,computed (both variants usable)
2:242425585:T:G,2:242437375:T:C,11790,0.9833453297615051,0.9669680595397949,computed (both variants usable)
2:242425585:T:G,2:242439071:G:A,13486,0.9958022236824036,0.9916220903396606,computed (both variants usable)
2:242425585:T:G,2:242440663:G:A,15078,0.9937024712562561,0.9874445796012878,computed (both variants usable)
2:242425585:T:G,2:242442847:C:G,17262,0.9771057963371277,0.9547357559204102,computed (both variants usable)
2:242425585:T:G,2:242442856:G:A,17271,0.9750601649284363,0.9507423043251038,computed (both variants usable)
2:242425585:T:G,2:242443091:G:A,17506,0.9771057963371277,0.9547357559204102,computed (both variants usable)
2:242425585:T:G,2:242444758:C:T,19173,0.9771977663040161,0.954915463924408,computed (both variants usable)
2:242425585:T:G,2:242445040:T:A,19455,0.9771977663040161,0.954915463924408,computed (both variants usable)
2:242425585:T:G,2:242445336:A:G,19751,0.7706032395362854,0.593829333782196,computed (both variants usable)
2:242425585:T:G,2:242530571:C:T,104986,0.0909450501203537,0.00827100221067667,computed (both variants usable)
2:242428809:G:T,2:242428910:G:A,101,0.9999971985816956,0.9999943971633911,computed (both variants usable)
2:242428809:G:T,2:242432704:G:C,3895,0.9979044198989868,0.995813250541687,computed (both variants usable)
2:242428809:G:T,2:242436238:C:T,7429,0.9833101034164429,0.9668987393379211,computed (both variants usable)
2:242428809:G:T,2:242437375:T:C,8566,0.9854189157485962,0.9710504412651062,computed (both variants usable)
2:242428809:G:T,2:242439071:G:A,10262,0.9979044198989868,0.995813250541687,computed (both variants usable)
2:242428809:G:T,2:242440663:G:A,11854,0.9958130121231079,0.9916435480117798,computed (both variants usable)
2:242428809:G:T,2:242442847:C:G,14038,0.9791803359985352,0.958794116973877,computed (both variants usable)
2:242428809:G:T,2:242442856:G:A,14047,0.977128267288208,0.9547796249389648,computed (both variants usable)
2:242428809:G:T,2:242443091:G:A,14282,0.9791803359985352,0.958794116973877,computed (both variants usable)
2:242428809:G:T,2:242444758:C:T,15949,0.9792572855949402,0.9589448571205139,computed (both variants usable)
2:242428809:G:T,2:242445040:T:A,16231,0.9792572855949402,0.9589448571205139,computed (both variants usable)
2:242428809:G:T,2:242445336:A:G,16527,0.7722233533859253,0.5963289141654968,computed (both variants usable)
2:242428809:G:T,2:242530571:C:T,101762,0.0894365981221199,0.007998905144631863,computed (both variants usable)
2:242428910:G:A,2:242432704:G:C,3794,0.9979044198989868,0.995813250541687,computed (both variants usable)
2:242428910:G:A,2:242436238:C:T,7328,0.9833101034164429,0.9668987393379211,computed (both variants usable)
2:242428910:G:A,2:242437375:T:C,8465,0.9854189157485962,0.9710504412651062,computed (both variants usable)
2:242428910:G:A,2:242439071:G:A,10161,0.9979044198989868,0.995813250541687,computed (both variants usable)
2:242428910:G:A,2:242440663:G:A,11753,0.9958130121231079,0.9916435480117798,computed (both variants usable)
2:242428910:G:A,2:242442847:C:G,13937,0.9791803359985352,0.958794116973877,computed (both variants usable)
2:242428910:G:A,2:242442856:G:A,13946,0.977128267288208,0.9547796249389648,computed (both variants usable)
2:242428910:G:A,2:242443091:G:A,14181,0.9791803359985352,0.958794116973877,computed (both variants usable)
2:242428910:G:A,2:242444758:C:T,15848,0.9792572855949402,0.9589448571205139,computed (both variants usable)
2:242428910:G:A,2:242445040:T:A,16130,0.9792572855949402,0.9589448571205139,computed (both variants usable)
2:242428910:G:A,2:242445336:A:G,16426,0.7722233533859253,0.5963289141654968,computed (both variants usable)
2:242428910:G:A,2:242530571:C:T,101661,0.0894365981221199,0.007998905144631863,computed (both variants usable)
2:242432704:G:C,2:242436238:C:T,3534,0.9853727221488953,0.9709594249725342,computed (both variants usable)
2:242432704:G:C,2:242437375:T:C,4671,0.9875290393829346,0.9752135872840881,computed (both variants usable)
2:242432704:G:C,2:242439071:G:A,6367,0.999997615814209,0.999995231628418,computed (both variants usable)
2:242432704:G:C,2:242440663:G:A,7959,0.9978999495506287,0.9958043098449707,computed (both variants usable)
2:242432704:G:C,2:242442847:C:G,10143,0.9812876582145691,0.9629254937171936,computed (both variants usable)
2:242432704:G:C,2:242442856:G:A,10152,0.9792401790618896,0.9589112997055054,computed (both variants usable)
2:242432704:G:C,2:242443091:G:A,10387,0.9812876582145691,0.9629254937171936,computed (both variants usable)
2:242432704:G:C,2:242444758:C:T,12054,0.9813759326934814,0.9630987048149109,computed (both variants usable)
2:242432704:G:C,2:242445040:T:A,12336,0.9813759326934814,0.9630987048149109,computed (both variants usable)
2:242432704:G:C,2:242445336:A:G,12632,0.7706031799316406,0.5938292741775513,computed (both variants usable)
2:242432704:G:C,2:242530571:C:T,97867,0.0909450501203537,0.00827100221067667,computed (both variants usable)
2:242436238:C:T,2:242437375:T:C,1137,0.9730837345123291,0.9468919634819031,computed (both variants usable)
2:242436238:C:T,2:242439071:G:A,2833,0.9853727221488953,0.9709594249725342,computed (both variants usable)
2:242436238:C:T,2:242440663:G:A,4425,0.9832313060760498,0.9667438268661499,computed (both variants usable)
2:242436238:C:T,2:242442847:C:G,6609,0.9668598771095276,0.9348180294036865,computed (both variants usable)
2:242436238:C:T,2:242442856:G:A,6618,0.9648416042327881,0.930919349193573,computed (both variants usable)
2:242436238:C:T,2:242443091:G:A,6853,0.9668598771095276,0.9348180294036865,computed (both variants usable)
2:242436238:C:T,2:242444758:C:T,8520,0.9670238494873047,0.9351351261138916,computed (both variants usable)
2:242436238:C:T,2:242445040:T:A,8802,0.9670238494873047,0.9351351261138916,computed (both variants usable)
2:242436238:C:T,2:242445336:A:G,9098,0.7593305110931396,0.5765828490257263,computed (both variants usable)
2:242436238:C:T,2:242530571:C:T,94333,0.08857797086238861,0.00784605648368597,computed (both variants usable)
2:242437375:T:C,2:242439071:G:A,1696,0.9875290393829346,0.9752135872840881,computed (both variants usable)
2:242437375:T:C,2:242440663:G:A,3288,0.9854570627212524,0.971125602722168,computed (both variants usable)
2:242437375:T:C,2:242442847:C:G,5472,0.9687235951423645,0.9384254217147827,computed (both variants usable)
2:242437375:T:C,2:242442856:G:A,5481,0.9666611552238464,0.9344338178634644,computed (both variants usable)
2:242437375:T:C,2:242443091:G:A,5716,0.9687235951423645,0.9384254217147827,computed (both variants usable)
2:242437375:T:C,2:242444758:C:T,7383,0.9687691330909729,0.9385136365890503,computed (both variants usable)
2:242437375:T:C,2:242445040:T:A,7665,0.9687691330909729,0.9385136365890503,computed (both variants usable)
2:242437375:T:C,2:242445336:A:G,7961,0.776260256767273,0.6025800108909607,computed (both variants usable)
2:242437375:T:C,2:242530571:C:T,93196,0.09052027016878128,0.00819391943514347,computed (both variants usable)
2:242439071:G:A,2:242440663:G:A,1592,0.9978999495506287,0.9958043098449707,computed (both variants usable)
2:242439071:G:A,2:242442847:C:G,3776,0.9812876582145691,0.9629254937171936,computed (both variants usable)
2:242439071:G:A,2:242442856:G:A,3785,0.9792401790618896,0.9589112997055054,computed (both variants usable)
2:242439071:G:A,2:242443091:G:A,4020,0.9812876582145691,0.9629254937171936,computed (both variants usable)
2:242439071:G:A,2:242444758:C:T,5687,0.9813759326934814,0.9630987048149109,computed (both variants usable)
2:242439071:G:A,2:242445040:T:A,5969,0.9813759326934814,0.9630987048149109,computed (both variants usable)
2:242439071:G:A,2:242445336:A:G,6265,0.7706031799316406,0.5938292741775513,computed (both variants usable)
2:242439071:G:A,2:242530571:C:T,91500,0.0909450501203537,0.00827100221067667,computed (both variants usable)
2:242440663:G:A,2:242442847:C:G,2184,0.9834035634994507,0.9670825600624084,computed (both variants usable)
2:242440663:G:A,2:242442856:G:A,2193,0.9813576936721802,0.9630629420280457,computed (both variants usable)
2:242440663:G:A,2:242443091:G:A,2428,0.9834035634994507,0.9670825600624084,computed (both variants usable)
2:242440663:G:A,2:242444758:C:T,4095,0.9793180227279663,0.9590637683868408,computed (both variants usable)
2:242440663:G:A,2:242445040:T:A,4377,0.9793180227279663,0.9590637683868408,computed (both variants usable)
2:242440663:G:A,2:242445336:A:G,4673,0.7689878940582275,0.5913423895835876,computed (both variants usable)
2:242440663:G:A,2:242530571:C:T,89908,0.08814217150211334,0.0077690426260232925,computed (both variants usable)
2:242442847:C:G,2:242442856:G:A,9,0.9979186058044434,0.9958415627479553,computed (both variants usable)
2:242442847:C:G,2:242443091:G:A,244,1.0000004768371582,1.0000009536743164,computed (both variants usable)
2:242442847:C:G,2:242444758:C:T,1911,0.9958439469337463,0.9917051792144775,computed (both variants usable)
2:242442847:C:G,2:242445040:T:A,2193,0.9958439469337463,0.9917051792144775,computed (both variants usable)
2:242442847:C:G,2:242445336:A:G,2489,0.781966507434845,0.6114715933799744,computed (both variants usable)
2:242442847:C:G,2:242530571:C:T,87724,0.08042414486408234,0.0064680431969463825,computed (both variants usable)
2:242442856:G:A,2:242443091:G:A,235,0.9979186058044434,0.9958415627479553,computed (both variants usable)
2:242442856:G:A,2:242444758:C:T,1902,0.9937584400177002,0.9875558614730835,computed (both variants usable)
2:242442856:G:A,2:242445040:T:A,2184,0.9937584400177002,0.9875558614730835,computed (both variants usable)
2:242442856:G:A,2:242445336:A:G,2480,0.7795231342315674,0.6076563000679016,computed (both variants usable)
2:242442856:G:A,2:242530571:C:T,87715,0.07892846316099167,0.0062297023832798,computed (both variants usable)
2:242443091:G:A,2:242444758:C:T,1667,0.9958439469337463,0.9917051792144775,computed (both variants usable)
2:242443091:G:A,2:242445040:T:A,1949,0.9958439469337463,0.9917051792144775,computed (both variants usable)
2:242443091:G:A,2:242445336:A:G,2245,0.781966507434845,0.6114715933799744,computed (both variants usable)
2:242443091:G:A,2:242530571:C:T,87480,0.08042414486408234,0.0064680431969463825,computed (both variants usable)
2:242444758:C:T,2:242445040:T:A,282,0.9999994039535522,0.9999988079071045,computed (both variants usable)
2:242444758:C:T,2:242445336:A:G,578,0.785226583480835,0.6165807843208313,computed (both variants usable)
2:242444758:C:T,2:242530571:C:T,85813,0.0817272961139679,0.0066793509759008884,computed (both variants usable)
2:242445040:T:A,2:242445336:A:G,296,0.785226583480835,0.6165807843208313,computed (both variants usable)
2:242445040:T:A,2:242530571:C:T,85531,0.0817272961139679,0.0066793509759008884,computed (both variants usable)
2:242445336:A:G,2:242530571:C:T,85235,0.05139285698533058,0.0026412256993353367,computed (both variants usable)
20:4102954:G:A,20:6327810:G:A,2224856,-0.023445818573236465,0.0005497063975781202,computed (both variants usable)
20:4102954:G:A,20:6331376:C:T,2228422,-0.02488848753273487,0.0006194367888383567,computed (both variants usable)
20:4102954:G:A,20:6365645:G:A,2262691,-0.026478897780179977,0.000701132055837661,computed (both variants usable)
20:4102954:G:A,20:6655348:T:C,2552394,-0.00834751222282648,6.968095840420574e-05,computed (both variants usable)
20:4102954:G:A,20:10669188:C:A,6566234,-0.07065035402774811,0.004991472698748112,computed (both variants usable)
20:4102954:G:A,20:10965998:G:A,6863044,0.024531157687306404,0.0006017776904627681,computed (both variants usable)
20:4102954:G:A,20:10967214:T:G,6864260,0.024531157687306404,0.0006017776904627681,computed (both variants usable)
20:4102954:G:A,20:11045176:G:T,6942222,-0.005704781040549278,3.254452531109564e-05,computed (both variants usable)
20:4102954:G:A,20:11170469:A:G,7067515,0.051915884017944336,0.002695258939638734,computed (both variants usable)
20:4102954:G:A,20:11192291:A:G,7089337,-0.018861331045627594,0.0003557497984729707,computed (both variants usable)
20:6327810:G:A,20:6331376:C:T,3566,0.9957216382026672,0.9914615750312805,computed (both variants usable)
20:6327810:G:A,20:6365645:G:A,37835,0.9415397644042969,0.8864971399307251,computed (both variants usable)
20:6327810:G:A,20:6655348:T:C,327538,0.029295772314071655,0.000858242274262011,computed (both variants usable)
20:6327810:G:A,20:10669188:C:A,4341378,0.01442069560289383,0.0002079564583254978,computed (both variants usable)
20:6327810:G:A,20:10965998:G:A,4638188,-0.0176630187779665,0.0003119822358712554,computed (both variants usable)
20:6327810:G:A,20:10967214:T:G,4639404,-0.0176630187779665,0.0003119822358712554,computed (both variants usable)
20:6327810:G:A,20:11045176:G:T,4717366,0.04016384109854698,0.0016131341690197587,computed (both variants usable)
20:6327810:G:A,20:11170469:A:G,4842659,-0.022854236885905266,0.0005223161424510181,computed (both variants usable)
20:6327810:G:A,20:11192291:A:G,4864481,0.018575098365545273,0.0003450342919677496,computed (both variants usable)
20:6331376:C:T,20:6365645:G:A,34269,0.9459081292152405,0.8947421908378601,computed (both variants usable)
20:6331376:C:T,20:6655348:T:C,323972,0.033437468111515045,0.0011180642759427428,computed (both variants usable)
20:6331376:C:T,20:10669188:C:A,4337812,0.014651349745690823,0.0002146620536223054,computed (both variants usable)
20:6331376:C:T,20:10965998:G:A,4634622,-0.017362188547849655,0.00030144560150802135,computed (both variants usable)
20:6331376:C:T,20:10967214:T:G,4635838,-0.017362188547849655,0.00030144560150802135,computed (both variants usable)
20:6331376:C:T,20:11045176:G:T,4713800,0.03977613151073456,0.0015821406850591302,computed (both variants usable)
20:6331376:C:T,20:11170469:A:G,4839093,-0.02704617939889431,0.0007314957911148667,computed (both variants usable)
20:6331376:C:T,20:11192291:A:G,4860915,0.021555593237280846,0.00046464361366815865,computed (both variants usable)
20:6365645:G:A,20:6655348:T:C,289703,0.033316720277071,0.0011100037954747677,computed (both variants usable)
20:6365645:G:A,20:10669188:C:A,4303543,0.008065787144005299,6.505691999336705e-05,computed (both variants usable)
20:6365645:G:A,20:10965998:G:A,4600353,-0.012460809201002121,0.00015527177311014384,computed (both variants usable)
20:6365645:G:A,20:10967214:T:G,4601569,-0.012460809201002121,0.00015527177311014384,computed (both variants usable)
20:6365645:G:A,20:11045176:G:T,4679531,0.04403747245669365,0.001939298934303224,computed (both variants usable)
20:6365645:G:A,20:11170469:A:G,4804824,-0.026374515146017075,0.0006956150755286217,computed (both variants usable)
20:6365645:G:A,20:11192291:A:G,4826646,0.010703828185796738,0.0001145719361375086,computed (both variants usable)
20:6655348:T:C,20:10669188:C:A,4013840,0.00429031066596508,1.8406764866085723e-05,computed (both variants usable)
20:6655348:T:C,20:10965998:G:A,4310650,0.03835185989737511,0.0014708650996908545,computed (both variants usable)
20:6655348:T:C,20:10967214:T:G,4311866,0.03835185989737511,0.0014708650996908545,computed (both variants usable)
20:6655348:T:C,20:11045176:G:T,4389828,-0.02930331602692604,0.0008586843032389879,computed (both variants usable)
20:6655348:T:C,20:11170469:A:G,4515121,-0.008000181056559086,6.400289566954598e-05,computed (both variants usable)
20:6655348:T:C,20:11192291:A:G,4536943,0.018970992416143417,0.0003598985495045781,computed (both variants usable)
20:10669188:C:A,20:10965998:G:A,296810,0.003961768466979265,1.569561027281452e-05,computed (both variants usable)
20:10669188:C:A,20:10967214:T:G,298026,0.003961768466979265,1.569561027281452e-05,computed (both variants usable)
20:10669188:C:A,20:11045176:G:T,375988,-0.004129225853830576,1.7050506357918493e-05,computed (both variants usable)
20:10669188:C:A,20:11170469:A:G,501281,-0.02546873316168785,0.0006486563943326473,computed (both variants usable)
20:10669188:C:A,20:11192291:A:G,523103,0.05335528030991554,0.002846785821020603,computed (both variants usable)
20:10669188:C:A,20:19455985:G:A,8786797,-0.031303416937589645,0.0009799039689823985,computed (both variants usable)
20:10669188:C:A,20:19470418:C:A,8801230,-0.02613467536866665,0.0006830212660133839,computed (both variants usable)
20:10965998:G:A,20:10967214:T:G,1216,1.0000001192092896,1.000000238418579,computed (both variants usable)
20:10965998:G:A,20:11045176:G:T,79178,-0.0014103746507316828,1.9891565443685977e-06,computed (both variants usable)
20:10965998:G:A,20:11170469:A:G,204471,-0.04325256869196892,0.0018707846757024527,computed (both variants usable)
20:10965998:G:A,20:11192291:A:G,226293,0.034881774336099625,0.0012167381355538964,computed (both variants usable)
20:10965998:G:A,20:19455985:G:A,8489987,0.06155743822455406,0.003789318259805441,computed (both variants usable)
20:10965998:G:A,20:19470418:C:A,8504420,0.06650244444608688,0.004422575235366821,computed (both variants usable)
20:10967214:T:G,20:11045176:G:T,77962,-0.0014103746507316828,1.9891565443685977e-06,computed (both variants usable)
20:10967214:T:G,20:11170469:A:G,203255,-0.04325256869196892,0.0018707846757024527,computed (both variants usable)
20:10967214:T:G,20:11192291:A:G,225077,0.034881774336099625,0.0012167381355538964,computed (both variants usable)
20:10967214:T:G,20:19455985:G:A,8488771,0.06155743822455406,0.003789318259805441,computed (both variants usable)
20:10967214:T:G,20:19470418:C:A,8503204,0.06650244444608688,0.004422575235366821,computed (both variants usable)
20:11045176:G:T,20:11170469:A:G,125293,-0.010394938290119171,0.00010805474448716268,computed (both variants usable)
20:11045176:G:T,20:11192291:A:G,147115,-0.025672851130366325,0.0006590952980332077,computed (both variants usable)
20:11045176:G:T,20:19455985:G:A,8410809,0.026078276336193085,0.0006800764822401106,computed (both variants usable)
20:11045176:G:T,20:19470418:C:A,8425242,0.024993233382701874,0.0006246617413125932,computed (both variants usable)
20:11170469:A:G,20:11192291:A:G,21822,-0.6852145791053772,0.4695190191268921,computed (both variants usable)
20:11170469:A:G,20:19455985:G:A,8285516,0.020414335653185844,0.00041674511157907546,computed (both variants usable)
20:11170469:A:G,20:19470418:C:A,8299949,0.02477506920695305,0.0006138040334917605,computed (both variants usable)
20:11192291:A:G,20:19455985:G:A,8263694,-0.018709836527705193,0.00035005799145437777,computed (both variants usable)
20:11192291:A:G,20:19470418:C:A,8278127,-0.0312834158539772,0.0009786521550267935,computed (both variants usable)
20:19455985:G:A,20:19470418:C:A,14433,0.9792551398277283,0.9589406251907349,computed (both variants usable)
20:30817782:C:T,20:30917159:T:C,99377,0.8566579222679138,0.7338628172874451,computed (both variants usable)
20:30817782:C:T,20:31213647:A:G,395865,0.030171075835824013,0.0009102938347496092,computed (both variants usable)
20:30817782:C:T,20:31222769:A:G,404987,0.009242483414709568,8.542349678464234e-05,computed (both variants usable)
20:30817782:C:T,20:31225752:G:A,407970,0.010422337800264359,0.00010862512863241136,computed (both variants usable)
20:30817782:C:T,20:33942261:G:A,3124479,0.01779455505311489,0.0003166461829096079,computed (both variants usable)
20:30817782:C:T,20:40258709:A:G,9440927,0.011503376998007298,0.00013232768105808645,computed (both variants usable)
20:30817782:C:T,20:40261579:T:C,9443797,0.007357564754784107,5.413375765783712e-05,computed (both variants usable)
20:30817782:C:T,20:40268334:T:A,9450552,0.01192396879196167,0.00014218103024177253,computed (both variants usable)
20:30917159:T:C,20:31213647:A:G,296488,0.004376724362373352,1.9155715563101694e-05,computed (both variants usable)
20:30917159:T:C,20:31222769:A:G,305610,-0.016103170812129974,0.0002593121025711298,computed (both variants usable)
20:30917159:T:C,20:31225752:G:A,308593,-0.014946294948458672,0.00022339173301588744,computed (both variants usable)
20:30917159:T:C,20:33942261:G:A,3025102,-0.002548973308876157,6.4972650761774275e-06,computed (both variants usable)
20:30917159:T:C,20:40258709:A:G,9341550,0.005956233944743872,3.547672167769633e-05,computed (both variants usable)
20:30917159:T:C,20:40261579:T:C,9344420,0.022899489849805832,0.000524386647157371,computed (both variants usable)
20:30917159:T:C,20:40268334:T:A,9351175,0.015437563881278038,0.00023831837461329997,computed (both variants usable)
20:31213647:A:G,20:31222769:A:G,9122,0.9225586652755737,0.8511145114898682,computed (both variants usable)
20:31213647:A:G,20:31225752:G:A,12105,0.9259607195854187,0.8574032783508301,computed (both variants usable)
20:31213647:A:G,20:33942261:G:A,2728614,-0.03408147022128105,0.0011615465627983212,computed (both variants usable)
20:31213647:A:G,20:40258709:A:G,9045062,-0.029809681698679924,0.0008886171272024512,computed (both variants usable)
20:31213647:A:G,20:40261579:T:C,9047932,0.007788697257637978,6.0663805925287306e-05,computed (both variants usable)
20:31213647:A:G,20:40268334:T:A,9054687,-0.010260950773954391,0.00010528710845392197,computed (both variants usable)
20:31222769:A:G,20:31225752:G:A,2983,0.9963753819465637,0.992763876914978,computed (both variants usable)
20:31222769:A:G,20:33942261:G:A,2719492,-0.0046423133462667465,2.1551073587033898e-05,computed (both variants usable)
20:31222769:A:G,20:40258709:A:G,9035940,-0.03801649436354637,0.0014452538453042507,computed (both variants usable)
20:31222769:A:G,20:40261579:T:C,9038810,0.0025040560867637396,6.270297035371186e-06,computed (both variants usable)
20:31222769:A:G,20:40268334:T:A,9045565,-0.015856748446822166,0.0002514364605303854,computed (both variants usable)
20:31225752:G:A,20:33942261:G:A,2716509,-0.00674589304253459,4.550707308226265e-05,computed (both variants usable)
20:31225752:G:A,20:40258709:A:G,9032957,-0.03624200075864792,0.0013134826440364122,computed (both variants usable)
20:31225752:G:A,20:40261579:T:C,9035827,0.0045060827396810055,2.0304782083258033e-05,computed (both variants usable)
20:31225752:G:A,20:40268334:T:A,9042582,-0.0138386320322752,0.0001915077300509438,computed (both variants usable)
20:33942261:G:A,20:40258709:A:G,6316448,0.018367407843470573,0.00033736167824827135,computed (both variants usable)
20:33942261:G:A,20:40261579:T:C,6319318,0.03213806822896004,0.0010328554781153798,computed (both variants usable)
20:33942261:G:A,20:40268334:T:A,6326073,0.01177898794412613,0.00013874455180484802,computed (both variants usable)
20:33942261:G:A,20:42797358:A:G,8855097,-0.022221554070711136,0.0004937974736094475,computed (both variants usable)
20:33942261:G:A,20:42801971:T:C,8859710,-0.002312764758244157,5.3488806770474184e-06,computed (both variants usable)
20:33942261:G:A,20:42804581:C:G,8862320,-0.002312764758244157,5.3488806770474184e-06,computed (both variants usable)
20:40258709:A:G,20:40261579:T:C,2870,0.7848739624023438,0.6160271167755127,computed (both variants usable)
20:40258709:A:G,20:40268334:T:A,9625,0.8507190346717834,0.7237228751182556,computed (both variants usable)
20:40258709:A:G,20:42797358:A:G,2538649,-0.03260006383061409,0.001062764204107225,computed (both variants usable)
20:40258709:A:G,20:42801971:T:C,2543262,0.015272077172994614,0.00023323633649852127,computed (both variants usable)
20:40258709:A:G,20:42804581:C:G,2545872,0.015272077172994614,0.00023323633649852127,computed (both variants usable)
20:40258709:A:G,20:50108980:G:A,9850271,-0.044716835021972656,0.001999595435336232,computed (both variants usable)
20:40258709:A:G,20:50131816:A:C,9873107,0.014812776818871498,0.00021941836166661233,computed (both variants usable)
20:40261579:T:C,20:40268334:T:A,6755,0.9315599799156189,0.8678039908409119,computed (both variants usable)
20:40261579:T:C,20:42797358:A:G,2535779,-0.025150315836071968,0.0006325384019874036,computed (both variants usable)
20:40261579:T:C,20:42801971:T:C,2540392,0.0023181571159511805,5.373852218326647e-06,computed (both variants usable)
20:40261579:T:C,20:42804581:C:G,2543002,0.0023181571159511805,5.373852218326647e-06,computed (both variants usable)
20:40261579:T:C,20:50108980:G:A,9847401,-0.040410298854112625,0.0016329922946169972,computed (both variants usable)
20:40261579:T:C,20:50131816:A:C,9870237,0.01984824426472187,0.00039395279600284994,computed (both variants usable)
20:40268334:T:A,20:42797358:A:G,2529024,-0.019612213596701622,0.0003846389299724251,computed (both variants usable)
20:40268334:T:A,20:42801971:T:C,2533637,0.020881064236164093,0.0004360188322607428,computed (both variants usable)
20:40268334:T:A,20:42804581:C:G,2536247,0.020881064236164093,0.0004360188322607428,computed (both variants usable)
20:40268334:T:A,20:50108980:G:A,9840646,-0.03410886228084564,0.0011634144466370344,computed (both variants usable)
20:40268334:T:A,20:50131816:A:C,9863482,0.013887014240026474,0.00019284916925244033,computed (both variants usable)
20:42797358:A:G,20:42801971:T:C,4613,0.4023889899253845,0.16191689670085907,computed (both variants usable)
20:42797358:A:G,20:42804581:C:G,7223,0.4023889899253845,0.16191689670085907,computed (both variants usable)
20:42797358:A:G,20:50108980:G:A,7311622,-0.056550391018390656,0.0031979468185454607,computed (both variants usable)
20:42797358:A:G,20:50131816:A:C,7334458,0.06631378829479218,0.004397518467158079,computed (both variants usable)
20:42797358:A:G,20:50931078:T:C,8133720,0.0029403194785118103,8.645478374091908e-06,computed (both variants usable)
20:42797358:A:G,20:50981999:G:T,8184641,0.005266639403998852,2.7737491109292023e-05,computed (both variants usable)
20:42801971:T:C,20:42804581:C:G,2610,1.0000005960464478,1.0000011920928955,computed (both variants usable)
20:42801971:T:C,20:50108980:G:A,7307009,-0.03458261117339134,0.0011959569528698921,computed (both variants usable)
20:42801971:T:C,20:50131816:A:C,7329845,0.054429616779088974,0.0029625832103192806,computed (both variants usable)
20:42801971:T:C,20:50931078:T:C,8129107,-0.031224172562360764,0.0009749489254318178,computed (both variants usable)
20:42801971:T:C,20:50981999:G:T,8180028,-0.03373194485902786,0.0011378440540283918,computed (both variants usable)
20:42804581:C:G,20:50108980:G:A,7304399,-0.03458261117339134,0.0011959569528698921,computed (both variants usable)
20:42804581:C:G,20:50131816:A:C,7327235,0.054429616779088974,0.0029625832103192806,computed (both variants usable)
20:42804581:C:G,20:50931078:T:C,8126497,-0.031224172562360764,0.0009749489254318178,computed (both variants usable)
20:42804581:C:G,20:50981999:G:T,8177418,-0.03373194485902786,0.0011378440540283918,computed (both variants usable)
20:50108980:G:A,20:50131816:A:C,22836,-0.7297863960266113,0.5325881838798523,computed (both variants usable)
20:50108980:G:A,20:50931078:T:C,822098,0.001366698881611228,1.867865876192809e-06,computed (both variants usable)
20:50108980:G:A,20:50981999:G:T,873019,0.007079628761857748,5.012114343116991e-05,computed (both variants usable)
20:50108980:G:A,20:57728269:C:T,7619289,0.05063232406973839,0.0025636323262006044,computed (both variants usable)
20:50108980:G:A,20:57739469:A:T,7630489,0.06098682060837746,0.0037193922325968742,computed (both variants usable)
20:50131816:A:C,20:50931078:T:C,799262,0.002299587009474635,5.288100510369986e-06,computed (both variants usable)
20:50131816:A:C,20:50981999:G:T,850183,0.004903065040707588,2.404004590061959e-05,computed (both variants usable)
20:50131816:A:C,20:57728269:C:T,7596453,-0.06692322343587875,0.004478717688471079,computed (both variants usable)
20:50131816:A:C,20:57739469:A:T,7607653,-0.06462955474853516,0.004176979418843985,computed (both variants usable)
20:50931078:T:C,20:50981999:G:T,50921,0.9637412428855896,0.92879718542099,computed (both variants usable)
20:50931078:T:C,20:57728269:C:T,6797191,0.03487776592373848,0.0012164585059508681,computed (both variants usable)
20:50931078:T:C,20:57739469:A:T,6808391,0.034070856869220734,0.0011608232744038105,computed (both variants usable)
20:50981999:G:T,20:57728269:C:T,6746270,0.01994006521999836,0.0003976061998400837,computed (both variants usable)
20:50981999:G:T,20:57739469:A:T,6757470,0.019484059885144234,0.00037962858914397657,computed (both variants usable)
20:57728269:C:T,20:57739469:A:T,11200,0.9511366486549377,0.9046609401702881,computed (both variants usable)
20:57728269:C:T,20:62446351:G:A,4718082,-0.03484594449400902,0.0012142398627474904,computed (both variants usable)
20:57728269:C:T,20:62692060:A:C,4963791,-0.006764618214219809,4.576005812850781e-05,computed (both variants usable)
20:57739469:A:T,20:62446351:G:A,4706882,-0.030393272638320923,0.0009237510384991765,computed (both variants usable)
20:57739469:A:T,20:62692060:A:C,4952591,-0.005238985177129507,2.7446965759736486e-05,computed (both variants usable)
20:62446351:G:A,20:62692060:A:C,245709,0.21932677924633026,0.048104237765073776,computed (both variants usable)
21:16556367:C:T,21:16576783:G:A,20416,0.7446621656417847,0.5545217394828796,computed (both variants usable)
21:30123533:A:G,21:30123544:C:T,11,1.000001311302185,1.0000026226043701,computed (both variants usable)
21:30123533:A:G,21:33781443:A:T,3657910,-0.039743442088365555,0.0015795411309227347,computed (both variants usable)
21:30123533:A:G,21:33814378:C:A,3690845,-0.023794325068593025,0.0005661699105985463,computed (both variants usable)
21:30123544:C:T,21:33781443:A:T,3657899,-0.039743442088365555,0.0015795411309227347,computed (both variants usable)
21:30123544:C:T,21:33814378:C:A,3690834,-0.023794325068593025,0.0005661699105985463,computed (both variants usable)
21:33781443:A:T,21:33814378:C:A,32935,0.6722621917724609,0.4519364535808563,computed (both variants usable)
21:33781443:A:T,21:40624171:G:A,6842728,-0.004170652478933334,1.7394342648913153e-05,computed (both variants usable)
21:33781443:A:T,21:43472148:G:A,9690705,-0.03978479653596878,0.0015828299801796675,computed (both variants usable)
21:33781443:A:T,21:43530671:T:C,9749228,-0.03723843768239021,0.00138670124579221,computed (both variants usable)
21:33814378:C:A,21:40624171:G:A,6809793,-0.03986078128218651,0.0015888818306848407,computed (both variants usable)
21:33814378:C:A,21:43472148:G:A,9657770,-0.032430097460746765,0.0010517112677916884,computed (both variants usable)
21:33814378:C:A,21:43530671:T:C,9716293,0.03631925582885742,0.0013190883910283446,computed (both variants usable)
21:40624171:G:A,21:43472148:G:A,2847977,-0.013433110900223255,0.00018044846365228295,computed (both variants usable)
21:40624171:G:A,21:43530671:T:C,2906500,0.031698886305093765,0.0010048194089904428,computed (both variants usable)
21:43472148:G:A,21:43530671:T:C,58523,-0.012412209995090961,0.00015406296006403863,computed (both variants usable)
22:19960198:G:C,22:29258140:T:A,9297942,0.016543986275792122,0.0002737034810706973,computed (both variants usable)
22:45729424:G:A,22:50727792:T:C,4998368,-0.03414896875619888,0.0011661520693451166,computed (both variants usable)
3:11413387:T:G,3:11418508:C:T,5121,0.9601903557777405,0.9219655394554138,computed (both variants usable)
3:11413387:T:G,3:11545719:T:C,132332,0.7977595925331116,0.6364203691482544,computed (both variants usable)
3:11413387:T:G,3:12859004:A:C,1445617,-0.050203561782836914,0.00252039753831923,computed (both variants usable)
3:11413387:T:G,3:13352608:T:G,1939221,-0.006341768428683281,4.021802669740282e-05,computed (both variants usable)
3:11413387:T:G,3:14926351:T:C,3512964,-0.0346037894487381,0.0011974222725257277,computed (both variants usable)
3:11413387:T:G,3:16846967:A:C,5433580,0.02268367074429989,0.000514548912178725,computed (both variants usable)
3:11413387:T:G,3:20112416:A:G,8699029,0.07918750494718552,0.0062706610187888145,computed (both variants usable)
3:11413387:T:G,3:20113989:C:A,8700602,0.07918750494718552,0.0062706610187888145,computed (both variants usable)
3:11413387:T:G,3:20117724:G:A,8704337,0.04165608435869217,0.0017352293943986297,computed (both variants usable)
3:11418508:C:T,3:11545719:T:C,127211,0.7724201679229736,0.5966328978538513,computed (both variants usable)
3:11418508:C:T,3:12859004:A:C,1440496,-0.04672487452626228,0.0021832138299942017,computed (both variants usable)
3:11418508:C:T,3:13352608:T:G,1934100,-0.0052683171816170216,2.7755166229326278e-05,computed (both variants usable)
3:11418508:C:T,3:14926351:T:C,3507843,-0.03450445830821991,0.0011905576102435589,computed (both variants usable)
3:11418508:C:T,3:16846967:A:C,5428459,0.02186472900211811,0.0004780663875862956,computed (both variants usable)
3:11418508:C:T,3:20112416:A:G,8693908,0.06650242954492569,0.004422572907060385,computed (both variants usable)
3:11418508:C:T,3:20113989:C:A,8695481,0.06650242954492569,0.004422572907060385,computed (both variants usable)
3:11418508:C:T,3:20117724:G:A,8699216,0.030173208564519882,0.0009104225318878889,computed (both variants usable)
3:11545719:T:C,3:12859004:A:C,1313285,-0.04593215510249138,0.002109762979671359,computed (both variants usable)
3:11545719:T:C,3:13352608:T:G,1806889,0.02085237018764019,0.0004348213551566005,computed (both variants usable)
3:11545719:T:C,3:14926351:T:C,3380632,-0.04033591225743294,0.0016269858460873365,computed (both variants usable)
3:11545719:T:C,3:16846967:A:C,5301248,0.0252876877784729,0.0006394671509042382,computed (both variants usable)
3:11545719:T:C,3:20112416:A:G,8566697,0.085380919277668,0.007289901375770569,computed (both variants usable)
3:11545719:T:C,3:20113989:C:A,8568270,0.085380919277668,0.007289901375770569,computed (both variants usable)
3:11545719:T:C,3:20117724:G:A,8572005,0.04070928692817688,0.0016572460299357772,computed (both variants usable)
3:12859004:A:C,3:13352608:T:G,493604,0.00291270250454545,8.48383569973521e-06,computed (both variants usable)
3:12859004:A:C,3:14926351:T:C,2067347,0.019661173224449158,0.00038656173273921013,computed (both variants usable)
3:12859004:A:C,3:16846967:A:C,3987963,-0.001861979835666716,3.466969019427779e-06,computed (both variants usable)
3:12859004:A:C,3:20112416:A:G,7253412,-0.009215078316628933,8.491766493534669e-05,computed (both variants usable)
3:12859004:A:C,3:20113989:C:A,7254985,-0.009215078316628933,8.491766493534669e-05,computed (both variants usable)
3:12859004:A:C,3:20117724:G:A,7258720,-0.022715963423252106,0.0005160149885341525,computed (both variants usable)
3:13352608:T:G,3:14926351:T:C,1573743,-0.00452884566038847,2.0510442482191138e-05,computed (both variants usable)
3:13352608:T:G,3:16846967:A:C,3494359,-0.020743992179632187,0.0004303132009226829,computed (both variants usable)
3:13352608:T:G,3:20112416:A:G,6759808,0.017419997602701187,0.00030345632694661617,computed (both variants usable)
3:13352608:T:G,3:20113989:C:A,6761381,0.017419997602701187,0.00030345632694661617,computed (both variants usable)
3:13352608:T:G,3:20117724:G:A,6765116,0.01403290405869484,0.0001969223958440125,computed (both variants usable)
3:14926351:T:C,3:16846967:A:C,1920616,0.0524199977517128,0.002747856080532074,computed (both variants usable)
3:14926351:T:C,3:20112416:A:G,5186065,-0.061674557626247406,0.003803750965744257,computed (both variants usable)
3:14926351:T:C,3:20113989:C:A,5187638,-0.061674557626247406,0.003803750965744257,computed (both variants usable)
3:14926351:T:C,3:20117724:G:A,5191373,-0.0643324926495552,0.004138669464737177,computed (both variants usable)
3:16846967:A:C,3:20112416:A:G,3265449,0.00899755023419857,8.095591329038143e-05,computed (both variants usable)
3:16846967:A:C,3:20113989:C:A,3267022,0.00899755023419857,8.095591329038143e-05,computed (both variants usable)
3:16846967:A:C,3:20117724:G:A,3270757,-0.017708105966448784,0.0003135770093649626,computed (both variants usable)
3:20112416:A:G,3:20113989:C:A,1573,0.9999975562095642,0.9999951124191284,computed (both variants usable)
3:20112416:A:G,3:20117724:G:A,5308,0.885325014591217,0.7838003635406494,computed (both variants usable)
3:20112416:A:G,3:27238349:C:G,7125933,-0.012865650467574596,0.00016552496526855975,computed (both variants usable)
3:20112416:A:G,3:27281146:C:T,7168730,0.0015483099268749356,2.3972636427060934e-06,computed (both variants usable)
3:20112416:A:G,3:27329540:C:T,7217124,-0.014543653465807438,0.00021151785040274262,computed (both variants usable)
3:20112416:A:G,3:27538731:G:A,7426315,0.015637483447790146,0.00024453087826259434,computed (both variants usable)
3:20112416:A:G,3:27562988:C:T,7450572,-0.02556036412715912,0.0006533322157338262,computed (both variants usable)
3:20113989:C:A,3:20117724:G:A,3735,0.885325014591217,0.7838003635406494,computed (both variants usable)
3:20113989:C:A,3:27238349:C:G,7124360,-0.012865650467574596,0.00016552496526855975,computed (both variants usable)
3:20113989:C:A,3:27281146:C:T,7167157,0.0015483099268749356,2.3972636427060934e-06,computed (both variants usable)
3:20113989:C:A,3:27329540:C:T,7215551,-0.014543653465807438,0.00021151785040274262,computed (both variants usable)
3:20113989:C:A,3:27538731:G:A,7424742,0.015637483447790146,0.00024453087826259434,computed (both variants usable)
3:20113989:C:A,3:27562988:C:T,7448999,-0.02556036412715912,0.0006533322157338262,computed (both variants usable)
3:20117724:G:A,3:27238349:C:G,7120625,-0.0010326978517696261,1.0664648470992688e-06,computed (both variants usable)
3:20117724:G:A,3:27281146:C:T,7163422,-0.017407340928912163,0.0003030155203305185,computed (both variants usable)
3:20117724:G:A,3:27329540:C:T,7211816,-0.01794418692588806,0.00032199383713304996,computed (both variants usable)
3:20117724:G:A,3:27538731:G:A,7421007,0.00900841411203146,8.115152741083875e-05,computed (both variants usable)
3:20117724:G:A,3:27562988:C:T,7445264,-0.017665361985564232,0.00031206500716507435,computed (both variants usable)
3:27238349:C:G,3:27281146:C:T,42797,0.19429881870746613,0.03775203227996826,computed (both variants usable)
3:27238349:C:G,3:27329540:C:T,91191,0.5117941498756409,0.26193323731422424,computed (both variants usable)
3:27238349:C:G,3:27538731:G:A,300382,-0.5531686544418335,0.30599555373191833,computed (both variants usable)
3:27238349:C:G,3:27562988:C:T,324639,0.29555001854896545,0.08734981715679169,computed (both variants usable)
3:27238349:C:G,3:30422563:C:T,3184214,0.013192185200750828,0.0001740337465889752,computed (both variants usable)
3:27238349:C:G,3:35645442:A:C,8407093,0.040667351335287094,0.0016538334311917424,computed (both variants usable)
3:27238349:C:G,3:35659344:T:G,8420995,0.03889211267232895,0.001512596383690834,computed (both variants usable)
3:27281146:C:T,3:27329540:C:T,48394,0.38021132349967957,0.14456064999103546,computed (both variants usable)
3:27281146:C:T,3:27538731:G:A,257585,-0.10497213155031204,0.011019148863852024,computed (both variants usable)
3:27281146:C:T,3:27562988:C:T,281842,0.0765058621764183,0.005853146780282259,computed (both variants usable)
3:27281146:C:T,3:30422563:C:T,3141417,-0.03439457342028618,0.001182986656203866,computed (both variants usable)
3:27281146:C:T,3:35645442:A:C,8364296,0.01843925751745701,0.0003400062269065529,computed (both variants usable)
3:27281146:C:T,3:35659344:T:G,8378198,0.018932024016976357,0.0003584215301088989,computed (both variants usable)
3:27329540:C:T,3:27538731:G:A,209191,-0.4392407238483429,0.19293241202831268,computed (both variants usable)
3:27329540:C:T,3:27562988:C:T,233448,0.5311343669891357,0.2821037173271179,computed (both variants usable)
3:27329540:C:T,3:30422563:C:T,3093023,-0.01347274612635374,0.0001815148862078786,computed (both variants usable)
3:27329540:C:T,3:35645442:A:C,8315902,0.028400182723999023,0.0008065704023465514,computed (both variants usable)
3:27329540:C:T,3:35659344:T:G,8329804,0.02496354654431343,0.000623178668320179,computed (both variants usable)
3:27538731:G:A,3:27562988:C:T,24257,-0.6979299187660217,0.48710617423057556,computed (both variants usable)
3:27538731:G:A,3:30422563:C:T,2883832,0.013366599567234516,0.00017866598500404507,computed (both variants usable)
3:27538731:G:A,3:35645442:A:C,8106711,-0.014762042090296745,0.00021791788458358496,computed (both variants usable)
3:27538731:G:A,3:35659344:T:G,8120613,-0.013110311701893806,0.0001718802668619901,computed (both variants usable)
3:27562988:C:T,3:30422563:C:T,2859575,-0.013626396656036377,0.0001856786839198321,computed (both variants usable)
3:27562988:C:T,3:35645442:A:C,8082454,0.018902510404586792,0.0003573049034457654,computed (both variants usable)
3:27562988:C:T,3:35659344:T:G,8096356,0.020789818838238716,0.0004322165623307228,computed (both variants usable)
3:30422563:C:T,3:35645442:A:C,5222879,0.009855233132839203,9.712562314234674e-05,computed (both variants usable)
3:30422563:C:T,3:35659344:T:G,5236781,0.011339686810970306,0.00012858849368058145,computed (both variants usable)
3:35645442:A:C,3:35659344:T:G,13902,0.9935715198516846,0.9871843457221985,computed (both variants usable)
3:35645442:A:C,3:41105947:G:T,5460505,-0.01659540645778179,0.00027540751034393907,computed (both variants usable)
3:35645442:A:C,3:41816673:G:C,6171231,0.025692762807011604,0.0006601180648431182,computed (both variants usable)
3:35659344:T:G,3:41105947:G:T,5446603,-0.01578862965106964,0.0002492808271199465,computed (both variants usable)
3:35659344:T:G,3:41816673:G:C,6157329,0.021414263173937798,0.0004585706628859043,computed (both variants usable)
3:41105947:G:T,3:41816673:G:C,710726,0.05544242262840271,0.003073862288147211,computed (both variants usable)
3:41105947:G:T,3:49789814:G:A,8683867,-0.020464276894927025,0.0004187866288702935,computed (both variants usable)
3:41816673:G:C,3:49789814:G:A,7973141,0.0642935112118721,0.0041336556896567345,computed (both variants usable)
3:49789814:G:A,3:53158831:T:A,3369017,0.06296990066766739,0.0039652083069086075,computed (both variants usable)
3:49789814:G:A,3:53553923:G:T,3764109,0.03857874497771263,0.0014883195981383324,computed (both variants usable)
3:49789814:G:A,3:53558012:G:A,3768198,-0.03846064954996109,0.0014792215079069138,computed (both variants usable)
3:49789814:G:A,3:53734195:A:T,3944381,-0.0028240878600627184,7.975471817189828e-06,computed (both variants usable)
3:49789814:G:A,3:53734443:T:C,3944629,0.013439959846436977,0.00018063251627609134,computed (both variants usable)
3:49789814:G:A,3:53735299:A:G,3945485,0.01544908992946148,0.00023867437266744673,computed (both variants usable)
3:49789814:G:A,3:56753662:C:T,6963848,-0.05218988656997681,0.0027237841859459877,computed (both variants usable)
3:53158831:T:A,3:53553923:G:T,395092,0.012412932701408863,0.0001540809025755152,computed (both variants usable)
3:53158831:T:A,3:53558012:G:A,399181,-0.055010661482810974,0.003026172984391451,computed (both variants usable)
3:53158831:T:A,3:53734195:A:T,575364,-0.004818120039999485,2.321428110008128e-05,computed (both variants usable)
3:53158831:T:A,3:53734443:T:C,575612,-0.011880668811500072,0.00014115028898231685,computed (both variants usable)
3:53158831:T:A,3:53735299:A:G,576468,-0.008660996332764626,7.501286017941311e-05,computed (both variants usable)
3:53158831:T:A,3:56753662:C:T,3594831,-0.0421113483607769,0.0017733656568452716,computed (both variants usable)
3:53553923:G:T,3:53558012:G:A,4089,-0.7817205190658569,0.6110869646072388,computed (both variants usable)
3:53553923:G:T,3:53734195:A:T,180272,-0.0609460212290287,0.0037144175730645657,computed (both variants usable)
3:53553923:G:T,3:53734443:T:C,180520,0.043005067855119705,0.0018494358519092202,computed (both variants usable)
3:53553923:G:T,3:53735299:A:G,181376,0.04177602007985115,0.0017452358733862638,computed (both variants usable)
3:53553923:G:T,3:56753662:C:T,3199739,0.03988054394721985,0.001590457744896412,computed (both variants usable)
3:53558012:G:A,3:53734195:A:T,176183,0.05751766264438629,0.003308281535282731,computed (both variants usable)
3:53558012:G:A,3:53734443:T:C,176431,-0.02681204490363598,0.0007188857416622341,computed (both variants usable)
3:53558012:G:A,3:53735299:A:G,177287,-0.025363905355334282,0.000643327715806663,computed (both variants usable)
3:53558012:G:A,3:56753662:C:T,3195650,-0.00407573813572526,1.6611640603514388e-05,computed (both variants usable)
3:53734195:A:T,3:53734443:T:C,248,0.7551828026771545,0.5703010559082031,computed (both variants usable)
3:53734195:A:T,3:53735299:A:G,1104,0.7586351633071899,0.5755273103713989,computed (both variants usable)
3:53734195:A:T,3:56753662:C:T,3019467,-0.007197553291916847,5.180477455724031e-05,computed (both variants usable)
3:53734443:T:C,3:53735299:A:G,856,0.997726321220398,0.9954578280448914,computed (both variants usable)
3:53734443:T:C,3:56753662:C:T,3019219,-0.010542583651840687,0.00011114607332274318,computed (both variants usable)
3:53735299:A:G,3:56753662:C:T,3018363,-0.011858292855322361,0.000140619114972651,computed (both variants usable)
3:56753662:C:T,3:66362386:A:G,9608724,-0.019730590283870697,0.00038929618312977254,computed (both variants usable)
3:66362386:A:G,3:68779288:G:T,2416902,-0.047396864742040634,0.0022464627400040627,computed (both variants usable)
3:66362386:A:G,3:70888609:A:G,4526223,-0.013246973045170307,0.0001754822878865525,computed (both variants usable)
3:66362386:A:G,3:70920485:A:T,4558099,0.03412264585494995,0.0011643549660220742,computed (both variants usable)
3:66362386:A:G,3:71664374:T:G,5301988,0.021083418279886246,0.0004445105150807649,computed (both variants usable)
3:68779288:G:T,3:70888609:A:G,2109321,-0.027426239103078842,0.0007521985680796206,computed (both variants usable)
3:68779288:G:T,3:70920485:A:T,2141197,0.0241970494389534,0.000585497182328254,computed (both variants usable)
3:68779288:G:T,3:71664374:T:G,2885086,-0.06148488447070122,0.0037803910672664642,computed (both variants usable)
3:68779288:G:T,3:78745866:G:A,9966578,0.008789975196123123,7.726366311544552e-05,computed (both variants usable)
3:68779288:G:T,3:78755473:G:A,9976185,0.013523835688829422,0.00018289413128513843,computed (both variants usable)
3:70888609:A:G,3:70920485:A:T,31876,-0.7358130216598511,0.5414208173751831,computed (both variants usable)
3:70888609:A:G,3:71664374:T:G,775765,-0.011072322726249695,0.000122596335131675,computed (both variants usable)
3:70888609:A:G,3:78745866:G:A,7857257,0.015302065759897232,0.0002341532235732302,computed (both variants usable)
3:70888609:A:G,3:78755473:G:A,7866864,0.01530206948518753,0.0002341533254366368,computed (both variants usable)
3:70920485:A:T,3:71664374:T:G,743889,0.02802078053355217,0.0007851641275919974,computed (both variants usable)
3:70920485:A:T,3:78745866:G:A,7825381,-0.03527723625302315,0.0012444833992049098,computed (both variants usable)
3:70920485:A:T,3:78755473:G:A,7834988,-0.03527723625302315,0.0012444833992049098,computed (both variants usable)
3:71664374:T:G,3:78745866:G:A,7081492,-0.03601687401533127,0.0012972152326256037,computed (both variants usable)
3:71664374:T:G,3:78755473:G:A,7091099,-0.036016836762428284,0.0012972125550732017,computed (both variants usable)
3:78745866:G:A,3:78755473:G:A,9607,0.9946475625038147,0.9893237948417664,computed (both variants usable)
3:115056225:C:T,3:123065490:G:C,8009265,0.026242941617965698,0.0006886919727548957,computed (both variants usable)
3:115056225:C:T,3:124606753:T:A,9550528,0.018428577110171318,0.0003396124520804733,computed (both variants usable)
3:115056225:C:T,3:124613271:C:A,9557046,0.013824766501784325,0.0001911241706693545,computed (both variants usable)
3:123065490:G:C,3:124606753:T:A,1541263,-0.01614900678396225,0.0002607904316391796,computed (both variants usable)
3:123065490:G:C,3:124613271:C:A,1547781,-0.03629425913095474,0.001317273243330419,computed (both variants usable)
3:124606753:T:A,3:124613271:C:A,6518,0.6277154088020325,0.39402663707733154,computed (both variants usable)
3:124606753:T:A,3:133940530:A:G,9333777,-0.04112467169761658,0.0016912386054173112,computed (both variants usable)
3:124606753:T:A,3:133985901:G:A,9379148,-0.033648181706666946,0.0011322001228109002,computed (both variants usable)
3:124606753:T:A,3:133995065:G:A,9388312,-0.024701910093426704,0.0006101843900978565,computed (both variants usable)
3:124613271:C:A,3:133940530:A:G,9327259,-0.009440300054848194,8.911926852306351e-05,computed (both variants usable)
3:124613271:C:A,3:133985901:G:A,9372630,0.007059687282890081,4.9839185521705076e-05,computed (both variants usable)
3:124613271:C:A,3:133995065:G:A,9381794,-0.009249283000826836,8.554923260817304e-05,computed (both variants usable)
3:133940530:A:G,3:133985901:G:A,45371,0.705381453037262,0.4975630044937134,computed (both variants usable)
3:133940530:A:G,3:133995065:G:A,54535,0.8642681837081909,0.7469595074653625,computed (both variants usable)
3:133985901:G:A,3:133995065:G:A,9164,0.6264106035232544,0.39239025115966797,computed (both variants usable)
3:149710185:G:A,3:153884517:T:A,4174332,0.00866763573139906,7.512790762120858e-05,computed (both variants usable)
3:149710185:G:A,3:154623332:G:T,4913147,-0.06549917161464691,0.0042901416309177876,computed (both variants usable)
3:149710185:G:A,3:154638514:A:G,4928329,-0.06736738234758377,0.004538364242762327,computed (both variants usable)
3:149710185:G:A,3:154700729:G:A,4990544,-0.07105773687362671,0.005049202125519514,computed (both variants usable)
3:153884517:T:A,3:154623332:G:T,738815,-0.0064923507161438465,4.215061926515773e-05,computed (both variants usable)
3:153884517:T:A,3:154638514:A:G,753997,-0.004594130907207727,2.110603963956237e-05,computed (both variants usable)
3:153884517:T:A,3:154700729:G:A,816212,-0.0008505688165314496,7.234673375933198e-07,computed (both variants usable)
3:153884517:T:A,3:160173831:G:T,6289314,0.014352883212268353,0.000206005250220187,computed (both variants usable)
3:153884517:T:A,3:160182911:C:G,6298394,0.007140190340578556,5.098231849842705e-05,computed (both variants usable)
3:154623332:G:T,3:154638514:A:G,15182,0.9942337870597839,0.9885008335113525,computed (both variants usable)
3:154623332:G:T,3:154700729:G:A,77397,0.9829521179199219,0.9661948680877686,computed (both variants usable)
3:154623332:G:T,3:160173831:G:T,5550499,0.028193416073918343,0.0007948686834424734,computed (both variants usable)
3:154623332:G:T,3:160182911:C:G,5559579,0.03378025069832802,0.0011411053128540516,computed (both variants usable)
3:154638514:A:G,3:154700729:G:A,62215,0.9772471785545349,0.9550120234489441,computed (both variants usable)
3:154638514:A:G,3:160173831:G:T,5535317,0.026178333908319473,0.0006853051600046456,computed (both variants usable)
3:154638514:A:G,3:160182911:C:G,5544397,0.03172328695654869,0.0010063669178634882,computed (both variants usable)
3:154700729:G:A,3:160173831:G:T,5473102,0.037981949746608734,0.0014426285633817315,computed (both variants usable)
3:154700729:G:A,3:160182911:C:G,5482182,0.04337777569890022,0.0018816314404830337,computed (both variants usable)
3:160173831:G:T,3:160182911:C:G,9080,0.9918127655982971,0.9836925864219666,computed (both variants usable)
3:160173831:G:T,3:168815099:T:C,8641268,-0.008982563391327858,8.068644820014015e-05,computed (both variants usable)
3:160173831:G:T,3:169092995:C:T,8919164,-0.021824898198246956,0.0004763261822517961,computed (both variants usable)
3:160173831:G:T,3:169113110:C:A,8939279,0.030713612213730812,0.000943325983826071,computed (both variants usable)
3:160173831:G:T,3:169186293:G:A,9012462,-0.025979168713092804,0.0006749171880073845,computed (both variants usable)
3:160173831:G:T,3:169477506:A:G,9303675,-0.01914210245013237,0.0003664200776256621,computed (both variants usable)
3:160173831:G:T,3:169486508:G:A,9312677,-0.01906677335500717,0.0003635418543126434,computed (both variants usable)
3:160182911:C:G,3:168815099:T:C,8632188,-0.0130912521854043,0.00017138088878709823,computed (both variants usable)
3:160182911:C:G,3:169092995:C:T,8910084,-0.02340095303952694,0.0005476045771501958,computed (both variants usable)
3:160182911:C:G,3:169113110:C:A,8930199,0.03259323164820671,0.001062318799085915,computed (both variants usable)
3:160182911:C:G,3:169186293:G:A,9003382,-0.031892064958810806,0.0010171037865802646,computed (both variants usable)
3:160182911:C:G,3:169477506:A:G,9294595,-0.017795098945498466,0.0003166655369568616,computed (both variants usable)
3:160182911:C:G,3:169486508:G:A,9303597,-0.01748627983033657,0.00030576999415643513,computed (both variants usable)
3:168815099:T:C,3:169092995:C:T,277896,0.06308163702487946,0.003979292698204517,computed (both variants usable)
3:168815099:T:C,3:169113110:C:A,298011,-0.06067768856883049,0.0036817819345742464,computed (both variants usable)
3:168815099:T:C,3:169186293:G:A,371194,0.09726782888174057,0.00946103036403656,computed (both variants usable)
3:168815099:T:C,3:169477506:A:G,662407,0.013899343088269234,0.00019319173588883132,computed (both variants usable)
3:168815099:T:C,3:169486508:G:A,671409,0.009723040275275707,9.45375140872784e-05,computed (both variants usable)
3:168815099:T:C,3:178750215:G:A,9935116,0.029225196689367294,0.000854112149681896,computed (both variants usable)
3:169092995:C:T,3:169113110:C:A,20115,-0.9232767820358276,0.8524399995803833,computed (both variants usable)
3:169092995:C:T,3:169186293:G:A,93298,0.8196528553962708,0.6718308329582214,computed (both variants usable)
3:169092995:C:T,3:169477506:A:G,384511,0.037666719406843185,0.0014187816996127367,computed (both variants usable)
3:169092995:C:T,3:169486508:G:A,393513,0.03776920586824417,0.0014265129575505853,computed (both variants usable)
3:169092995:C:T,3:178750215:G:A,9657220,0.017262127250432968,0.00029798102332279086,computed (both variants usable)
3:169113110:C:A,3:169186293:G:A,73183,-0.8744687438011169,0.7646955847740173,computed (both variants usable)
3:169113110:C:A,3:169477506:A:G,364396,-0.05415729805827141,0.0029330130200833082,computed (both variants usable)
3:169113110:C:A,3:169486508:G:A,373398,-0.06535373628139496,0.004271110985428095,computed (both variants usable)
3:169113110:C:A,3:178750215:G:A,9637105,-0.013392457738518715,0.0001793579285731539,computed (both variants usable)
3:169186293:G:A,3:169477506:A:G,291213,0.008449319750070572,7.139100489439443e-05,computed (both variants usable)
3:169186293:G:A,3:169486508:G:A,300215,0.025239164009690285,0.0006370153860189021,computed (both variants usable)
3:169186293:G:A,3:178750215:G:A,9563922,0.022053930908441544,0.00048637588042765856,computed (both variants usable)
3:169477506:A:G,3:169486508:G:A,9002,0.9659468531608582,0.9330533146858215,computed (both variants usable)
3:169477506:A:G,3:178750215:G:A,9272709,-0.010708062909543514,0.00011466260912129655,computed (both variants usable)
3:169486508:G:A,3:178750215:G:A,9263707,-0.004913939628750086,2.4146802388713695e-05,computed (both variants usable)
3:178750215:G:A,3:183498922:A:C,4748707,0.05460245534777641,0.0029814280569553375,computed (both variants usable)
3:178750215:G:A,3:183515314:A:G,4765099,0.013570025563240051,0.00018414559599477798,computed (both variants usable)
3:178750215:G:A,3:183538425:T:C,4788210,-0.002982576610520482,8.895763130567502e-06,computed (both variants usable)
3:183498922:A:C,3:183515314:A:G,16392,0.8768623471260071,0.7688875794410706,computed (both variants usable)
3:183498922:A:C,3:183538425:T:C,39503,0.7289034724235535,0.5313002467155457,computed (both variants usable)
3:183498922:A:C,3:191129707:G:A,7630785,-0.06721915304660797,0.004518414381891489,computed (both variants usable)
3:183515314:A:G,3:183538425:T:C,23111,0.8382940888404846,0.7027369737625122,computed (both variants usable)
3:183515314:A:G,3:191129707:G:A,7614393,-0.0530388206243515,0.0028131164144724607,computed (both variants usable)
3:183538425:T:C,3:191129707:G:A,7591282,-0.0339626669883728,0.0011534627992659807,computed (both variants usable)
4:3443931:A:G,4:3465788:C:A,21857,-0.21294645965099335,0.04534619301557541,computed (both variants usable)
4:18049216:T:C,4:26799390:A:G,8750174,-0.009462266229093075,8.953448559623212e-05,computed (both variants usable)
4:18049216:T:C,4:26806736:C:T,8757520,-0.010551189072430134,0.00011132759391330183,computed (both variants usable)
4:18049216:T:C,4:26812737:C:T,8763521,-0.014260164462029934,0.00020335229055490345,computed (both variants usable)
4:26799390:A:G,4:26806736:C:T,7346,0.9938952326774597,0.987827718257904,computed (both variants usable)
4:26799390:A:G,4:26812737:C:T,13347,0.9918563365936279,0.9837790131568909,computed (both variants usable)
4:26806736:C:T,4:26812737:C:T,6001,0.9898248314857483,0.9797531962394714,computed (both variants usable)
4:38372473:C:G,4:38385479:G:A,13006,0.6342893242835999,0.4023229479789734,computed (both variants usable)
4:38372473:C:G,4:38703073:T:C,330600,-0.0981241762638092,0.009628353640437126,computed (both variants usable)
4:38372473:C:G,4:45181334:A:T,6808861,0.00509765325114131,2.5986068067140877e-05,computed (both variants usable)
4:38385479:G:A,4:38703073:T:C,317594,-0.07345185428857803,0.005395174957811832,computed (both variants usable)
4:38385479:G:A,4:45181334:A:T,6795855,0.0490378811955452,0.0024047137703746557,computed (both variants usable)
4:38703073:T:C,4:45181334:A:T,6478261,0.028322406113147736,0.000802158669102937,computed (both variants usable)
4:45181334:A:T,4:48800910:G:A,3619576,-0.03968747705221176,0.0015750958118587732,computed (both variants usable)
4:45181334:A:T,4:54799245:T:C,9617911,-0.011058345437049866,0.0001222870050696656,computed (both variants usable)
4:45181334:A:T,4:54800759:T:C,9619425,-0.014501629397273064,0.00021029725030530244,computed (both variants usable)
4:48800910:G:A,4:54799245:T:C,5998335,-0.0013130505103617907,1.7241015939362114e-06,computed (both variants usable)
4:48800910:G:A,4:54800759:T:C,5999849,0.0006400063866749406,4.0960816249935306e-07,computed (both variants usable)
4:48800910:G:A,4:56482750:G:A,7681840,0.017423506826162338,0.0003035785921383649,computed (both variants usable)
4:54799245:T:C,4:54800759:T:C,1514,0.9957950711250305,0.9916078448295593,computed (both variants usable)
4:54799245:T:C,4:56482750:G:A,1683505,-0.06629789620637894,0.004395410884171724,computed (both variants usable)
4:54799245:T:C,4:62037108:A:G,7237863,-0.008770475164055824,7.692123472224921e-05,computed (both variants usable)
4:54800759:T:C,4:56482750:G:A,1681991,-0.06470585614442825,0.00418684771284461,computed (both variants usable)
4:54800759:T:C,4:62037108:A:G,7236349,-0.00612113531678915,3.746829679585062e-05,computed (both variants usable)
4:56482750:G:A,4:62037108:A:G,5554358,0.03828294575214386,0.0014655839186161757,computed (both variants usable)
4:77382068:T:C,4:77396854:G:C,14786,0.6859983205795288,0.4705936908721924,computed (both variants usable)
4:77382068:T:C,4:77404635:G:A,22567,0.7031002044677734,0.4943498969078064,computed (both variants usable)
4:77382068:T:C,4:81182554:T:C,3800486,0.0030577920842915773,9.35009211389115e-06,computed (both variants usable)
4:77382068:T:C,4:83886805:A:G,6504737,0.029274769127368927,0.0008570121135562658,computed (both variants usable)
4:77382068:T:C,4:83888726:T:G,6506658,0.029274769127368927,0.0008570121135562658,computed (both variants usable)
4:77382068:T:C,4:86719165:T:C,9337097,-0.01992814429104328,0.00039713093428872526,computed (both variants usable)
4:77382068:T:C,4:86730714:C:T,9348646,-0.01471597608178854,0.00021655995806213468,computed (both variants usable)
4:77396854:G:C,4:77404635:G:A,7781,0.7573581337928772,0.5735913515090942,computed (both variants usable)
4:77396854:G:C,4:81182554:T:C,3785700,0.018972396850585938,0.0003599518386181444,computed (both variants usable)
4:77396854:G:C,4:83886805:A:G,6489951,-0.001838004682213068,3.378261226316681e-06,computed (both variants usable)
4:77396854:G:C,4:83888726:T:G,6491872,-0.001838004682213068,3.378261226316681e-06,computed (both variants usable)
4:77396854:G:C,4:86719165:T:C,9322311,0.024723805487155914,0.0006112665287218988,computed (both variants usable)
4:77396854:G:C,4:86730714:C:T,9333860,0.011963502503931522,0.00014312539133243263,computed (both variants usable)
4:77404635:G:A,4:81182554:T:C,3777919,0.04296153411269188,0.0018456934485584497,computed (both variants usable)
4:77404635:G:A,4:83886805:A:G,6482170,-0.0013321839505806565,1.7747140645951731e-06,computed (both variants usable)
4:77404635:G:A,4:83888726:T:G,6484091,-0.0013321839505806565,1.7747140645951731e-06,computed (both variants usable)
4:77404635:G:A,4:86719165:T:C,9314530,0.021961838006973267,0.00048232232802547514,computed (both variants usable)
4:77404635:G:A,4:86730714:C:T,9326079,0.02869223803281784,0.0008232445106841624,computed (both variants usable)
4:81182554:T:C,4:83886805:A:G,2704251,0.03394906967878342,0.0011525392765179276,computed (both variants usable)
4:81182554:T:C,4:83888726:T:G,2706172,0.03394906967878342,0.0011525392765179276,computed (both variants usable)
4:81182554:T:C,4:86719165:T:C,5536611,-0.027126768603920937,0.0007358615985140204,computed (both variants usable)
4:81182554:T:C,4:86730714:C:T,5548160,-0.03574511036276817,0.0012777128722518682,computed (both variants usable)
4:81182554:T:C,4:89753225:A:G,8570671,-0.00898380484431982,8.070874901022762e-05,computed (both variants usable)
4:83886805:A:G,4:83888726:T:G,1921,0.9999998211860657,0.9999996423721313,computed (both variants usable)
4:83886805:A:G,4:86719165:T:C,2832360,-0.005717295687645674,3.268746877438389e-05,computed (both variants usable)
4:83886805:A:G,4:86730714:C:T,2843909,0.0006849095225334167,4.6910105311326333e-07,computed (both variants usable)
4:83886805:A:G,4:89753225:A:G,5866420,-0.02132868580520153,0.0004549128352664411,computed (both variants usable)
4:83888726:T:G,4:86719165:T:C,2830439,-0.005717295687645674,3.268746877438389e-05,computed (both variants usable)
4:83888726:T:G,4:86730714:C:T,2841988,0.0006849095225334167,4.6910105311326333e-07,computed (both variants usable)
4:83888726:T:G,4:89753225:A:G,5864499,-0.02132868580520153,0.0004549128352664411,computed (both variants usable)
4:86719165:T:C,4:86730714:C:T,11549,0.8434377908706665,0.7113873362541199,computed (both variants usable)
4:86719165:T:C,4:89753225:A:G,3034060,-0.0029477307107299566,8.689115929882973e-06,computed (both variants usable)
4:86730714:C:T,4:89753225:A:G,3022511,-0.014675607904791832,0.0002153734676539898,computed (both variants usable)
4:103188709:C:T,4:103198082:A:G,9373,0.9613522291183472,0.9241980910301208,computed (both variants usable)
4:103188709:C:T,4:106910958:C:T,3722249,-0.006209456827491522,3.855735485558398e-05,computed (both variants usable)
4:103188709:C:T,4:106911742:G:C,3723033,-0.00691579282283783,4.782819087267853e-05,computed (both variants usable)
4:103188709:C:T,4:109017528:G:A,5828819,-0.007147201802581549,5.1082493882859126e-05,computed (both variants usable)
4:103188709:C:T,4:109067898:G:T,5879189,-0.0004949037684127688,2.449297369366832e-07,computed (both variants usable)
4:103188709:C:T,4:111335722:C:T,8147013,-0.0750359445810318,0.005630393046885729,computed (both variants usable)
4:103188709:C:T,4:111337478:G:A,8148769,-0.0033322556409984827,1.11039280454861e-05,computed (both variants usable)
4:103188709:C:T,4:111404413:A:G,8215704,0.03203969448804855,0.0010265420423820615,computed (both variants usable)
4:103188709:C:T,4:111406496:G:A,8217787,0.02079549804329872,0.0004324527399148792,computed (both variants usable)
4:103198082:A:G,4:106910958:C:T,3712876,-0.011326778680086136,0.0001282959128729999,computed (both variants usable)
4:103198082:A:G,4:106911742:G:C,3713660,-0.012068959884345531,0.00014565979654435068,computed (both variants usable)
4:103198082:A:G,4:109017528:G:A,5819446,0.0013180862879380584,1.7373514538121526e-06,computed (both variants usable)
4:103198082:A:G,4:109067898:G:T,5869816,-0.005442489869892597,2.962069629575126e-05,computed (both variants usable)
4:103198082:A:G,4:111335722:C:T,8137640,-0.07039805501699448,0.00495588593184948,computed (both variants usable)
4:103198082:A:G,4:111337478:G:A,8139396,0.0008780437638051808,7.709608667028078e-07,computed (both variants usable)
4:103198082:A:G,4:111404413:A:G,8206331,0.02904346212744713,0.0008435227209702134,computed (both variants usable)
4:103198082:A:G,4:111406496:G:A,8208414,0.022167041897773743,0.0004913777229376137,computed (both variants usable)
4:106910958:C:T,4:106911742:G:C,784,0.997180700302124,0.9943693280220032,computed (both variants usable)
4:106910958:C:T,4:109017528:G:A,2106570,-0.04317852854728699,0.001864385325461626,computed (both variants usable)
4:106910958:C:T,4:109067898:G:T,2156940,-0.05801773443818092,0.003366057528182864,computed (both variants usable)
4:106910958:C:T,4:111335722:C:T,4424764,-6.943484186194837e-05,4.821197219229134e-09,computed (both variants usable)
4:106910958:C:T,4:111337478:G:A,4426520,0.0013514538295567036,1.826427478590631e-06,computed (both variants usable)
4:106910958:C:T,4:111404413:A:G,4493455,0.03573530167341232,0.0012770118191838264,computed (both variants usable)
4:106910958:C:T,4:111406496:G:A,4495538,0.04292501509189606,0.0018425568705424666,computed (both variants usable)
4:106911742:G:C,4:109017528:G:A,2105786,-0.04150152578949928,0.0017223766772076488,computed (both variants usable)
4:106911742:G:C,4:109067898:G:T,2156156,-0.05622408166527748,0.0031611474696546793,computed (both variants usable)
4:106911742:G:C,4:111335722:C:T,4423980,0.0011479634558781981,1.3178200788388494e-06,computed (both variants usable)
4:106911742:G:C,4:111337478:G:A,4425736,-0.0006048885989002883,3.658902301140188e-07,computed (both variants usable)
4:106911742:G:C,4:111404413:A:G,4492671,0.03795316070318222,0.0014404424000531435,computed (both variants usable)
4:106911742:G:C,4:111406496:G:A,4494754,0.04559973254799843,0.002079335507005453,computed (both variants usable)
4:109017528:G:A,4:109067898:G:T,50370,0.9045886397361755,0.8182805776596069,computed (both variants usable)
4:109017528:G:A,4:111335722:C:T,2318194,-0.029149990528821945,0.0008497219532728195,computed (both variants usable)
4:109017528:G:A,4:111337478:G:A,2319950,0.026152174919843674,0.0006839362322352827,computed (both variants usable)
4:109017528:G:A,4:111404413:A:G,2386885,0.006865356117486954,4.7133115003816783e-05,computed (both variants usable)
4:109017528:G:A,4:111406496:G:A,2388968,0.006934454198926687,4.808665471500717e-05,computed (both variants usable)
4:109067898:G:T,4:111335722:C:T,2267824,-0.0361754409968853,0.0013086625840514898,computed (both variants usable)
4:109067898:G:T,4:111337478:G:A,2269580,0.01149626076221466,0.000132164015667513,computed (both variants usable)
4:109067898:G:T,4:111404413:A:G,2336515,0.009376801550388336,8.792441076366231e-05,computed (both variants usable)
4:109067898:G:T,4:111406496:G:A,2338598,0.003852359252050519,1.484067161072744e-05,computed (both variants usable)
4:111335722:C:T,4:111337478:G:A,1756,0.42426013946533203,0.17999666929244995,computed (both variants usable)
4:111335722:C:T,4:111404413:A:G,68691,0.11103024333715439,0.012327714823186398,computed (both variants usable)
4:111335722:C:T,4:111406496:G:A,70774,0.3930360674858093,0.1544773429632187,computed (both variants usable)
4:111337478:G:A,4:111404413:A:G,66935,0.6153726577758789,0.37868350744247437,computed (both variants usable)
4:111337478:G:A,4:111406496:G:A,69018,0.7218625545501709,0.5210855603218079,computed (both variants usable)
4:111404413:A:G,4:111406496:G:A,2083,0.8290894031524658,0.6873892545700073,computed (both variants usable)
4:138411527:C:G,4:138439630:T:A,28103,0.9856990575790405,0.9716026186943054,computed (both variants usable)
4:138411527:C:G,4:138441530:A:G,30003,0.9856990575790405,0.9716026186943054,computed (both variants usable)
4:138411527:C:G,4:144043631:A:T,5632104,0.02272685058414936,0.000516509753651917,computed (both variants usable)
4:138411527:C:G,4:144052417:C:T,5640890,0.038763128221035004,0.0015025801258161664,computed (both variants usable)
4:138411527:C:G,4:144086245:G:A,5674718,0.033938467502593994,0.0011518195969983935,computed (both variants usable)
4:138411527:C:G,4:146821725:T:C,8410198,-0.03693314269185066,0.0013640570687130094,computed (both variants usable)
4:138439630:T:A,4:138441530:A:G,1900,1.0000022649765015,1.000004529953003,computed (both variants usable)
4:138439630:T:A,4:144043631:A:T,5604001,0.018577879294753075,0.000345137610565871,computed (both variants usable)
4:138439630:T:A,4:144052417:C:T,5612787,0.03799610957503319,0.0014437043573707342,computed (both variants usable)
4:138439630:T:A,4:144086245:G:A,5646615,0.03314262628555298,0.0010984336258843541,computed (both variants usable)
4:138439630:T:A,4:146821725:T:C,8382095,-0.03945348039269447,0.0015565771609544754,computed (both variants usable)
4:138441530:A:G,4:144043631:A:T,5602101,0.018577879294753075,0.000345137610565871,computed (both variants usable)
4:138441530:A:G,4:144052417:C:T,5610887,0.03799610957503319,0.0014437043573707342,computed (both variants usable)
4:138441530:A:G,4:144086245:G:A,5644715,0.03314262628555298,0.0010984336258843541,computed (both variants usable)
4:138441530:A:G,4:146821725:T:C,8380195,-0.03945348039269447,0.0015565771609544754,computed (both variants usable)
4:144043631:A:T,4:144052417:C:T,8786,0.846615731716156,0.7167581915855408,computed (both variants usable)
4:144043631:A:T,4:144086245:G:A,42614,0.8431176543235779,0.7108473777770996,computed (both variants usable)
4:144043631:A:T,4:146821725:T:C,2778094,0.007515766657888889,5.6486747780581936e-05,computed (both variants usable)
4:144052417:C:T,4:144086245:G:A,33828,0.9958645105361938,0.9917461276054382,computed (both variants usable)
4:144052417:C:T,4:146821725:T:C,2769308,-0.022995924577116966,0.0005288125248625875,computed (both variants usable)
4:144086245:G:A,4:146821725:T:C,2735480,-0.02328413724899292,0.0005421510431915522,computed (both variants usable)
4:146821725:T:C,4:156397273:T:C,9575548,0.009366555139422417,8.773235458647832e-05,computed (both variants usable)
4:146821725:T:C,4:156420605:A:T,9598880,-0.02924707531929016,0.0008553914376534522,computed (both variants usable)
4:146821725:T:C,4:156514725:T:A,9693000,-0.0231180377304554,0.0005344436503946781,computed (both variants usable)
4:146821725:T:C,4:156638867:A:G,9817142,0.0011458930093795061,1.313070811193029e-06,computed (both variants usable)
4:146821725:T:C,4:156641047:G:A,9819322,0.0005248910165391862,2.755105867890961e-07,computed (both variants usable)
4:146821725:T:C,4:156645513:C:A,9823788,0.01284782961010933,0.00016506672545801848,computed (both variants usable)
4:156397273:T:C,4:156420605:A:T,23332,0.46317243576049805,0.21452870965003967,computed (both variants usable)
4:156397273:T:C,4:156514725:T:A,117452,0.30434343218803406,0.09262492507696152,computed (both variants usable)
4:156397273:T:C,4:156638867:A:G,241594,0.034905169159173965,0.0012183708604425192,computed (both variants usable)
4:156397273:T:C,4:156641047:G:A,243774,0.026686927303671837,0.000712192093487829,computed (both variants usable)
4:156397273:T:C,4:156645513:C:A,248240,0.022860344499349594,0.00052259536460042,computed (both variants usable)
4:156397273:T:C,4:157678511:T:G,1281238,0.0007599934469908476,5.775900149274094e-07,computed (both variants usable)
4:156397273:T:C,4:157694651:C:T,1297378,0.0007204639841802418,5.190683509681548e-07,computed (both variants usable)
4:156420605:A:T,4:156514725:T:A,94120,0.3982895612716675,0.15863457322120667,computed (both variants usable)
4:156420605:A:T,4:156638867:A:G,218262,-0.021154319867491722,0.0004475052410271019,computed (both variants usable)
4:156420605:A:T,4:156641047:G:A,220442,-0.02226916514337063,0.0004959157085977495,computed (both variants usable)
4:156420605:A:T,4:156645513:C:A,224908,-0.026330547407269478,0.0006932977121323347,computed (both variants usable)
4:156420605:A:T,4:157678511:T:G,1257906,0.034772004932165146,0.0012090923264622688,computed (both variants usable)
4:156420605:A:T,4:157694651:C:T,1274046,0.03718592971563339,0.0013827934162691236,computed (both variants usable)
4:156514725:T:A,4:156638867:A:G,124142,-0.013267315924167633,0.00017602166917640716,computed (both variants usable)
4:156514725:T:A,4:156641047:G:A,126322,-0.013853219337761402,0.00019191169121768326,computed (both variants usable)
4:156514725:T:A,4:156645513:C:A,130788,-0.023726442828774452,0.0005629441002383828,computed (both variants usable)
4:156514725:T:A,4:157678511:T:G,1163786,-0.00031879518064670265,1.0163036989752072e-07,computed (both variants usable)
4:156514725:T:A,4:157694651:C:T,1179926,0.00477285822853446,2.2780175640946254e-05,computed (both variants usable)
4:156638867:A:G,4:156641047:G:A,2180,0.9915438294410706,0.9831591844558716,computed (both variants usable)
4:156638867:A:G,4:156645513:C:A,6646,0.4890182912349701,0.2391388863325119,computed (both variants usable)
4:156638867:A:G,4:157678511:T:G,1039644,-0.013967105187475681,0.00019508002151269466,computed (both variants usable)
4:156638867:A:G,4:157694651:C:T,1055784,-0.015436310321092606,0.00023827968107070774,computed (both variants usable)
4:156641047:G:A,4:156645513:C:A,4466,0.49492689967155457,0.24495263397693634,computed (both variants usable)
4:156641047:G:A,4:157678511:T:G,1037464,-0.01601591520011425,0.0002565095492172986,computed (both variants usable)
4:156641047:G:A,4:157694651:C:T,1053604,-0.017543356865644455,0.0003077693691011518,computed (both variants usable)
4:156645513:C:A,4:157678511:T:G,1032998,-0.0037795989774167538,1.4285368706623558e-05,computed (both variants usable)
4:156645513:C:A,4:157694651:C:T,1049138,-0.00680615333840251,4.632372292689979e-05,computed (both variants usable)
4:157678511:T:G,4:157694651:C:T,16140,0.9925982356071472,0.985251247882843,computed (both variants usable)
5:1279790:C:T,5:1280028:G:A,238,0.8005932569503784,0.640949547290802,computed (both variants usable)
5:1279790:C:T,5:1296072:A:G,16282,-0.4753877818584442,0.2259935438632965,computed (both variants usable)
5:1280028:G:A,5:1296072:A:G,16044,-0.5347414016723633,0.28594836592674255,computed (both variants usable)
5:26882085:T:C,5:32679090:G:A,5797005,-0.045423541218042374,0.0020632981322705746,computed (both variants usable)
5:26882085:T:C,5:32689718:C:G,5807633,-0.030055250972509384,0.0009033181122504175,computed (both variants usable)
5:26882085:T:C,5:32829975:C:G,5947890,-0.050502289086580276,0.0025504811201244593,computed (both variants usable)
5:26882085:T:C,5:32832474:C:A,5950389,-0.050502289086580276,0.0025504811201244593,computed (both variants usable)
5:26882085:T:C,5:33100969:G:A,6218884,-0.04403465613722801,0.0019390509696677327,computed (both variants usable)
5:26882085:T:C,5:33405025:G:A,6522940,-0.019099267199635506,0.0003647819976322353,computed (both variants usable)
5:32679090:G:A,5:32689718:C:G,10628,-0.22735939919948578,0.05169229581952095,computed (both variants usable)
5:32679090:G:A,5:32829975:C:G,150885,-0.08665227144956589,0.007508615963160992,computed (both variants usable)
5:32679090:G:A,5:32832474:C:A,153384,-0.08665227144956589,0.007508615963160992,computed (both variants usable)
5:32679090:G:A,5:33100969:G:A,421879,-0.06468785554170609,0.004184518475085497,computed (both variants usable)
5:32679090:G:A,5:33405025:G:A,725935,-0.011440937407314777,0.00013089504500385374,computed (both variants usable)
5:32679090:G:A,5:39445120:C:T,6766030,0.004192863125354052,1.7580101484782062e-05,computed (both variants usable)
5:32679090:G:A,5:40829779:G:A,8150689,-0.0003002152661792934,9.012920543227665e-08,computed (both variants usable)
5:32689718:C:G,5:32829975:C:G,140257,0.06463444977998734,0.004177612252533436,computed (both variants usable)
5:32689718:C:G,5:32832474:C:A,142756,0.06463444977998734,0.004177612252533436,computed (both variants usable)
5:32689718:C:G,5:33100969:G:A,411251,-0.011003641411662102,0.00012108012742828578,computed (both variants usable)
5:32689718:C:G,5:33405025:G:A,715307,-0.028926067054271698,0.0008367173722945154,computed (both variants usable)
5:32689718:C:G,5:39445120:C:T,6755402,-0.003133191028609872,9.816885722102597e-06,computed (both variants usable)
5:32689718:C:G,5:40829779:G:A,8140061,0.0008655288256704807,7.49140156131034e-07,computed (both variants usable)
5:32829975:C:G,5:32832474:C:A,2499,0.9999973177909851,0.9999946355819702,computed (both variants usable)
5:32829975:C:G,5:33100969:G:A,270994,0.11191654950380325,0.012525314465165138,computed (both variants usable)
5:32829975:C:G,5:33405025:G:A,575050,-0.05384640768170357,0.002899435581639409,computed (both variants usable)
5:32829975:C:G,5:39445120:C:T,6615145,-0.008460876531898975,7.158642983995378e-05,computed (both variants usable)
5:32829975:C:G,5:40829779:G:A,7999804,0.0023373563308268785,5.463234629132785e-06,computed (both variants usable)
5:32832474:C:A,5:33100969:G:A,268495,0.11191654950380325,0.012525314465165138,computed (both variants usable)
5:32832474:C:A,5:33405025:G:A,572551,-0.05384640768170357,0.002899435581639409,computed (both variants usable)
5:32832474:C:A,5:39445120:C:T,6612646,-0.008460876531898975,7.158642983995378e-05,computed (both variants usable)
5:32832474:C:A,5:40829779:G:A,7997305,0.0023373563308268785,5.463234629132785e-06,computed (both variants usable)
5:33100969:G:A,5:33405025:G:A,304056,-0.2595641613006592,0.06737355142831802,computed (both variants usable)
5:33100969:G:A,5:39445120:C:T,6344151,0.029081515967845917,0.0008457345538772643,computed (both variants usable)
5:33100969:G:A,5:40829779:G:A,7728810,-0.006917384918779135,4.7850215196376666e-05,computed (both variants usable)
5:33405025:G:A,5:39445120:C:T,6040095,0.004284584429115057,1.8357663066126406e-05,computed (both variants usable)
5:33405025:G:A,5:40829779:G:A,7424754,0.026218341663479805,0.0006874014507047832,computed (both variants usable)
5:39445120:C:T,5:40829779:G:A,1384659,-0.002210797742009163,4.887626801064471e-06,computed (both variants usable)
5:55854153:C:T,5:55860866:G:T,6713,0.8459360003471375,0.7156077027320862,computed (both variants usable)
5:55854153:C:T,5:57095011:G:T,1240858,-0.008862147107720375,7.853765418985859e-05,computed (both variants usable)
5:55854153:C:T,5:57179504:T:C,1325351,-0.00543232960626483,2.9510205422411673e-05,computed (both variants usable)
5:55854153:C:T,5:57179673:T:A,1325520,-0.007151995785534382,5.1151044317521155e-05,computed (both variants usable)
5:55860866:G:T,5:57095011:G:T,1234145,-0.012730891816318035,0.00016207560838665813,computed (both variants usable)
5:55860866:G:T,5:57179504:T:C,1318638,-0.010161415673792362,0.00010325436596758664,computed (both variants usable)
5:55860866:G:T,5:57179673:T:A,1318807,-0.011262447573244572,0.00012684272951446474,computed (both variants usable)
5:57095011:G:T,5:57179504:T:C,84493,0.8818860650062561,0.7777230143547058,computed (both variants usable)
5:57095011:G:T,5:57179673:T:A,84662,0.6030282378196716,0.3636430501937866,computed (both variants usable)
5:57179504:T:C,5:57179673:T:A,169,0.6881229281425476,0.4735131561756134,computed (both variants usable)
5:67596088:G:A,5:68043243:T:C,447155,-0.013367732986807823,0.00017869628209155053,computed (both variants usable)
5:68043243:T:C,5:77874854:C:G,9831611,-0.007586629595607519,5.755695019615814e-05,computed (both variants usable)
5:68043243:T:C,5:77882036:G:T,9838793,,,unknown: absent from panel
5:68043243:T:C,5:77882880:C:T,9839637,-0.012003379873931408,0.0001440811320208013,computed (both variants usable)
5:77874854:C:G,5:77882036:G:T,7182,,,unknown: absent from panel
5:77874854:C:G,5:77882880:C:T,8026,0.9920483827590942,0.9841600060462952,computed (both variants usable)
5:77882036:G:T,5:77882880:C:T,844,,,unknown: absent from panel
5:107475979:T:C,5:108200981:A:T,725002,0.26450231671333313,0.06996147334575653,computed (both variants usable)
5:107475979:T:C,5:114381312:T:C,6905333,0.003386871889233589,1.147090097219916e-05,computed (both variants usable)
5:107475979:T:C,5:114389826:A:G,6913847,-0.005965887103229761,3.559180913725868e-05,computed (both variants usable)
5:107475979:T:C,5:114393181:G:T,6917202,0.005965887103229761,3.559180913725868e-05,computed (both variants usable)
5:108200981:A:T,5:114381312:T:C,6180331,-0.005736575461924076,3.290829772595316e-05,computed (both variants usable)
5:108200981:A:T,5:114389826:A:G,6188845,-0.004693435970693827,2.2028341845725663e-05,computed (both variants usable)
5:108200981:A:T,5:114393181:G:T,6192200,0.004693435970693827,2.2028341845725663e-05,computed (both variants usable)
5:114381312:T:C,5:114389826:A:G,8514,0.9940261244773865,0.9880879521369934,computed (both variants usable)
5:114381312:T:C,5:114393181:G:T,11869,-0.9940261244773865,0.9880879521369934,computed (both variants usable)
5:114381312:T:C,5:122421420:C:T,8040108,-0.007884168066084385,6.216010660864413e-05,computed (both variants usable)
5:114381312:T:C,5:122465154:T:C,8083842,0.02039649896323681,0.00041601716657169163,computed (both variants usable)
5:114381312:T:C,5:122472768:A:G,8091456,0.02515518292784691,0.0006327832234092057,computed (both variants usable)
5:114381312:T:C,5:122835138:A:G,8453826,0.021127302199602127,0.0004463628865778446,computed (both variants usable)
5:114389826:A:G,5:114393181:G:T,3355,-0.9999979138374329,0.9999958276748657,computed (both variants usable)
5:114389826:A:G,5:122421420:C:T,8031594,-0.008279197849333286,6.854511593701318e-05,computed (both variants usable)
5:114389826:A:G,5:122465154:T:C,8075328,0.01985388994216919,0.0003941769537050277,computed (both variants usable)
5:114389826:A:G,5:122472768:A:G,8082942,0.018289998173713684,0.00033452402567490935,computed (both variants usable)
5:114389826:A:G,5:122835138:A:G,8445312,0.018440408632159233,0.00034004866029135883,computed (both variants usable)
5:114393181:G:T,5:122421420:C:T,8028239,0.008279197849333286,6.854511593701318e-05,computed (both variants usable)
5:114393181:G:T,5:122465154:T:C,8071973,-0.01985388994216919,0.0003941769537050277,computed (both variants usable)
5:114393181:G:T,5:122472768:A:G,8079587,-0.018289998173713684,0.00033452402567490935,computed (both variants usable)
5:114393181:G:T,5:122835138:A:G,8441957,-0.018440408632159233,0.00034004866029135883,computed (both variants usable)
5:122421420:C:T,5:122465154:T:C,43734,0.33516165614128113,0.11233333498239517,computed (both variants usable)
5:122421420:C:T,5:122472768:A:G,51348,-0.07236699014902115,0.005236981436610222,computed (both variants usable)
5:122421420:C:T,5:122835138:A:G,413718,0.059397537261247635,0.0035280673764646053,computed (both variants usable)
5:122421420:C:T,5:127420700:T:C,4999280,0.0038436795584857464,1.4773872862861026e-05,computed (both variants usable)
5:122421420:C:T,5:127843208:C:T,5421788,-0.020623665302991867,0.0004253355727996677,computed (both variants usable)
5:122421420:C:T,5:127845030:C:A,5423610,-0.020623665302991867,0.0004253355727996677,computed (both variants usable)
5:122421420:C:T,5:127881566:C:T,5460146,-0.0015661149518564343,2.4527159894205397e-06,computed (both variants usable)
5:122465154:T:C,5:122472768:A:G,7614,-0.3629550635814667,0.1317363828420639,computed (both variants usable)
5:122465154:T:C,5:122835138:A:G,369984,-0.05905894935131073,0.0034879595041275024,computed (both variants usable)
5:122465154:T:C,5:127420700:T:C,4955546,-0.0255044624209404,0.0006504775956273079,computed (both variants usable)
5:122465154:T:C,5:127843208:C:T,5378054,-0.024634748697280884,0.0006068708607926965,computed (both variants usable)
5:122465154:T:C,5:127845030:C:A,5379876,-0.024634748697280884,0.0006068708607926965,computed (both variants usable)
5:122465154:T:C,5:127881566:C:T,5416412,-0.026567719876766205,0.0007058437331579626,computed (both variants usable)
5:122472768:A:G,5:122835138:A:G,362370,0.12069886922836304,0.014568217098712921,computed (both variants usable)
5:122472768:A:G,5:127420700:T:C,4947932,0.08503210544586182,0.007230458781123161,computed (both variants usable)
5:122472768:A:G,5:127843208:C:T,5370440,0.02475975640118122,0.0006130455294623971,computed (both variants usable)
5:122472768:A:G,5:127845030:C:A,5372262,0.02475975640118122,0.0006130455294623971,computed (both variants usable)
5:122472768:A:G,5:127881566:C:T,5408798,0.03821459412574768,0.0014603552408516407,computed (both variants usable)
5:122835138:A:G,5:127420700:T:C,4585562,0.00370509410277009,1.3727722034673207e-05,computed (both variants usable)
5:122835138:A:G,5:127843208:C:T,5008070,-0.008590676821768284,7.379972521448508e-05,computed (both variants usable)
5:122835138:A:G,5:127845030:C:A,5009892,-0.008590676821768284,7.379972521448508e-05,computed (both variants usable)
5:122835138:A:G,5:127881566:C:T,5046428,0.03536493331193924,0.001250678556971252,computed (both variants usable)
5:127420700:T:C,5:127843208:C:T,422508,0.049340859055519104,0.002434520283713937,computed (both variants usable)
5:127420700:T:C,5:127845030:C:A,424330,0.049340859055519104,0.002434520283713937,computed (both variants usable)
5:127420700:T:C,5:127881566:C:T,460866,0.06406818330287933,0.004104732070118189,computed (both variants usable)
5:127420700:T:C,5:137406475:C:T,9985775,0.05928152799606323,0.0035142996348440647,computed (both variants usable)
5:127843208:C:T,5:127845030:C:A,1822,1.0000005960464478,1.0000011920928955,computed (both variants usable)
5:127843208:C:T,5:127881566:C:T,38358,0.8464349508285522,0.7164521217346191,computed (both variants usable)
5:127843208:C:T,5:137406475:C:T,9563267,-0.011999325826764107,0.00014398382336366922,computed (both variants usable)
5:127845030:C:A,5:127881566:C:T,36536,0.8464349508285522,0.7164521217346191,computed (both variants usable)
5:127845030:C:A,5:137406475:C:T,9561445,-0.011999325826764107,0.00014398382336366922,computed (both variants usable)
5:127881566:C:T,5:137406475:C:T,9524909,-0.024234581738710403,0.0005873149493709207,computed (both variants usable)
5:147871966:G:A,5:147884668:C:T,12702,0.9959408640861511,0.9918981790542603,computed (both variants usable)
5:147871966:G:A,5:157478630:G:A,9606664,-0.019835831597447395,0.0003934602136723697,computed (both variants usable)
5:147871966:G:A,5:157509770:A:G,9637804,-0.022558437660336494,0.0005088830948807299,computed (both variants usable)
5:147871966:G:A,5:157814228:T:C,9942262,-0.006017602980136871,3.6211546103004366e-05,computed (both variants usable)
5:147871966:G:A,5:157818018:A:G,9946052,-0.006017602980136871,3.6211546103004366e-05,computed (both variants usable)
5:147871966:G:A,5:157818150:C:G,9946184,-0.009196052327752113,8.456737850792706e-05,computed (both variants usable)
5:147884668:C:T,5:157478630:G:A,9593962,-0.022252026945352554,0.0004951527225784957,computed (both variants usable)
5:147884668:C:T,5:157509770:A:G,9625102,-0.024989064782857895,0.000624453357886523,computed (both variants usable)
5:147884668:C:T,5:157814228:T:C,9929560,-0.0071872565895318985,5.1656657888088375e-05,computed (both variants usable)
5:147884668:C:T,5:157818018:A:G,9933350,-0.0071872565895318985,5.1656657888088375e-05,computed (both variants usable)
5:147884668:C:T,5:157818150:C:G,9933482,-0.010458755306899548,0.00010938556079054251,computed (both variants usable)
5:157478630:G:A,5:157509770:A:G,31140,0.9864965677261353,0.9731754660606384,computed (both variants usable)
5:157478630:G:A,5:157814228:T:C,335598,-0.03570805490016937,0.0012750652385875583,computed (both variants usable)
5:157478630:G:A,5:157818018:A:G,339388,-0.03570805490016937,0.0012750652385875583,computed (both variants usable)
5:157478630:G:A,5:157818150:C:G,339520,-0.02411380410194397,0.0005814755568280816,computed (both variants usable)
5:157478630:G:A,5:158267473:G:A,788843,0.04153941199183464,0.0017255228012800217,computed (both variants usable)
5:157509770:A:G,5:157814228:T:C,304458,-0.038843922317028046,0.0015088502550497651,computed (both variants usable)
5:157509770:A:G,5:157818018:A:G,308248,-0.038843922317028046,0.0015088502550497651,computed (both variants usable)
5:157509770:A:G,5:157818150:C:G,308380,-0.027301209047436714,0.0007453560247085989,computed (both variants usable)
5:157509770:A:G,5:158267473:G:A,757703,0.048181068152189255,0.0023214153479784727,computed (both variants usable)
5:157814228:T:C,5:157818018:A:G,3790,1.000001072883606,1.000002145767212,computed (both variants usable)
5:157814228:T:C,5:157818150:C:G,3922,0.9785500168800354,0.957560122013092,computed (both variants usable)
5:157814228:T:C,5:158267473:G:A,453245,-0.009901680052280426,9.804326691664755e-05,computed (both variants usable)
5:157818018:A:G,5:157818150:C:G,132,0.9785500168800354,0.957560122013092,computed (both variants usable)
5:157818018:A:G,5:158267473:G:A,449455,-0.009901680052280426,9.804326691664755e-05,computed (both variants usable)
5:157818150:C:G,5:158267473:G:A,449323,-0.002521897666156292,6.359967755997786e-06,computed (both variants usable)
6:1679715:G:A,6:2070411:A:C,390696,0.030470652505755424,0.0009284606785513461,computed (both variants usable)
6:1679715:G:A,6:7247344:C:A,5567629,0.009623022750020027,9.26025677472353e-05,computed (both variants usable)
6:1679715:G:A,6:7723962:C:G,6044247,0.012841900810599327,0.00016491441056132317,computed (both variants usable)
6:1679715:G:A,6:9541091:A:G,7861376,-0.03313019499182701,0.0010976098710671067,computed (both variants usable)
6:2070411:A:C,6:7247344:C:A,5176933,0.01273652445524931,0.00016221906116697937,computed (both variants usable)
6:2070411:A:C,6:7723962:C:G,5653551,0.03364443778991699,0.0011319482000544667,computed (both variants usable)
6:2070411:A:C,6:9541091:A:G,7470680,-0.008724008686840534,7.610832835780457e-05,computed (both variants usable)
6:7247344:C:A,6:7723962:C:G,476618,0.06373411417007446,0.0040620374493300915,computed (both variants usable)
6:7247344:C:A,6:9541091:A:G,2293747,-0.06329483538866043,0.0040062363259494305,computed (both variants usable)
6:7247344:C:A,6:12295987:C:T,5048643,-0.009329495020210743,8.703947969479486e-05,computed (both variants usable)
6:7247344:C:A,6:12903957:A:G,5656613,0.0005704878130927682,3.254563409882394e-07,computed (both variants usable)
6:7723962:C:G,6:9541091:A:G,1817129,0.008982767350971699,8.069010800682008e-05,computed (both variants usable)
6:7723962:C:G,6:12295987:C:T,4572025,-0.03149402141571045,0.0009918734431266785,computed (both variants usable)
6:7723962:C:G,6:12903957:A:G,5179995,0.02334829978644848,0.0005451430915854871,computed (both variants usable)
6:9541091:A:G,6:12295987:C:T,2754896,0.008170317858457565,6.675409531453624e-05,computed (both variants usable)
6:9541091:A:G,6:12903957:A:G,3362866,0.013361366465687752,0.00017852611199487,computed (both variants usable)
6:12295987:C:T,6:12903957:A:G,607970,0.012709802016615868,0.00016153906472027302,computed (both variants usable)
6:12903957:A:G,6:22392260:A:G,9488303,0.03894006833434105,0.0015163288917392492,computed (both variants usable)
6:36090800:G:A,6:43349795:G:A,7258995,-0.00563819520175457,3.178924453095533e-05,computed (both variants usable)
6:36090800:G:A,6:43352980:A:G,7262180,0.006546755321323872,4.286000694264658e-05,computed (both variants usable)
6:36090800:G:A,6:43364494:G:A,7273694,0.004969273693859577,2.4693681552889757e-05,computed (both variants usable)
6:43349795:G:A,6:43352980:A:G,3185,-0.9978693127632141,0.9957431554794312,computed (both variants usable)
6:43349795:G:A,6:43364494:G:A,14699,-0.8196505308151245,0.6718270182609558,computed (both variants usable)
6:43349795:G:A,6:48858093:C:T,5508298,0.016869409009814262,0.0002845769631676376,computed (both variants usable)
6:43349795:G:A,6:51243950:G:A,7894155,-0.042625702917575836,0.0018169505055993795,computed (both variants usable)
6:43349795:G:A,6:51449442:G:A,8099647,-0.0779796838760376,0.0060808309353888035,computed (both variants usable)
6:43352980:A:G,6:43364494:G:A,11514,0.8213960528373718,0.6746914982795715,computed (both variants usable)
6:43352980:A:G,6:48858093:C:T,5505113,-0.016211066395044327,0.0002627986832521856,computed (both variants usable)
6:43352980:A:G,6:51243950:G:A,7890970,0.038810957223176956,0.0015062903985381126,computed (both variants usable)
6:43352980:A:G,6:51449442:G:A,8096462,0.07556396722793579,0.005709913093596697,computed (both variants usable)
6:43364494:G:A,6:48858093:C:T,5493599,-0.010945284739136696,0.00011979926057392731,computed (both variants usable)
6:43364494:G:A,6:51243950:G:A,7879456,0.03212698921561241,0.0010321434820070863,computed (both variants usable)
6:43364494:G:A,6:51449442:G:A,8084948,0.07809434086084366,0.00609872629866004,computed (both variants usable)
6:48858093:C:T,6:51243950:G:A,2385857,0.018887821584939957,0.0003567498060874641,computed (both variants usable)
6:48858093:C:T,6:51449442:G:A,2591349,0.04146400839090347,0.0017192639643326402,computed (both variants usable)
6:48858093:C:T,6:55986975:C:T,7128882,0.0006977534503675997,4.868599035035004e-07,computed (both variants usable)
6:48858093:C:T,6:55994438:C:T,7136345,-0.0043196589685976505,1.8659453417058103e-05,computed (both variants usable)
6:48858093:C:T,6:56065640:T:C,7207547,0.00909243430942297,8.26723626232706e-05,computed (both variants usable)
6:51243950:G:A,6:51449442:G:A,205492,0.3623678684234619,0.13131047785282135,computed (both variants usable)
6:51243950:G:A,6:55986975:C:T,4743025,0.015623485669493675,0.00024409330217167735,computed (both variants usable)
6:51243950:G:A,6:55994438:C:T,4750488,0.013093327172100544,0.00017143521108664572,computed (both variants usable)
6:51243950:G:A,6:56065640:T:C,4821690,0.008648031391203403,7.478844781871885e-05,computed (both variants usable)
6:51449442:G:A,6:55986975:C:T,4537533,-0.020905926823616028,0.00043705778080038726,computed (both variants usable)
6:51449442:G:A,6:55994438:C:T,4544996,-0.029038341715931892,0.0008432252798229456,computed (both variants usable)
6:51449442:G:A,6:56065640:T:C,4616198,-0.03101523220539093,0.0009619446354918182,computed (both variants usable)
6:55986975:C:T,6:55994438:C:T,7463,0.9787865281105042,0.9580230712890625,computed (both variants usable)
6:55986975:C:T,6:56065640:T:C,78665,-0.09936236590147018,0.009872879832983017,computed (both variants usable)
6:55994438:C:T,6:56065640:T:C,71202,-0.09075139462947845,0.008235815912485123,computed (both variants usable)
6:79513590:C:T,6:79739010:G:A,225420,0.9801088571548462,0.9606133699417114,computed (both variants usable)
6:79513590:C:T,6:79791042:A:G,277452,0.7751399278640747,0.6008418798446655,computed (both variants usable)
6:79513590:C:T,6:85305601:G:T,5792011,0.016532786190509796,0.00027333301841281354,computed (both variants usable)
6:79739010:G:A,6:79791042:A:G,52032,0.78531414270401,0.6167182922363281,computed (both variants usable)
6:79739010:G:A,6:85305601:G:T,5566591,0.013882408849895,0.00019272127246949822,computed (both variants usable)
6:79791042:A:G,6:85305601:G:T,5514559,0.015993833541870117,0.00025580270448699594,computed (both variants usable)
6:96885572:G:A,6:97034715:G:A,149143,0.9553136229515076,0.9126241207122803,computed (both variants usable)
6:96885572:G:A,6:97052164:C:T,166592,0.9430360794067383,0.8893170356750488,computed (both variants usable)
6:97034715:G:A,6:97052164:C:T,17449,0.9881452918052673,0.976431131362915,computed (both variants usable)
6:108029560:A:G,6:108177761:T:C,148201,-0.19002553820610046,0.03610970452427864,computed (both variants usable)
6:108029560:A:G,6:117901048:T:C,9871488,-0.030852416530251503,0.0009518716251477599,computed (both variants usable)
6:108177761:T:C,6:117901048:T:C,9723287,0.006577366031706333,4.326174530433491e-05,computed (both variants usable)
6:117901048:T:C,6:118572486:T:A,671438,-0.006016780622303486,3.620165080064908e-05,computed (both variants usable)
6:117901048:T:C,6:118612943:G:A,711895,0.0037808651104569435,1.4294941138359718e-05,computed (both variants usable)
6:117901048:T:C,6:122153737:A:G,4252689,-0.01554178074002266,0.0002415469498373568,computed (both variants usable)
6:117901048:T:C,6:126216403:C:G,8315355,-0.02605234645307064,0.0006787247839383781,computed (both variants usable)
6:117901048:T:C,6:127155711:C:T,9254663,0.04057595506310463,0.001646408112719655,computed (both variants usable)
6:117901048:T:C,6:127163126:C:T,9262078,0.03925171121954918,0.0015406968304887414,computed (both variants usable)
6:117901048:T:C,6:127177475:T:C,9276427,0.03792811185121536,0.0014385416870936751,computed (both variants usable)
6:118572486:T:A,6:118612943:G:A,40457,0.9699597358703613,0.9408218860626221,computed (both variants usable)
6:118572486:T:A,6:122153737:A:G,3581251,-0.0006591290002688766,4.3445103869999e-07,computed (both variants usable)
6:118572486:T:A,6:126216403:C:G,7643917,-0.049611229449510574,0.002461274154484272,computed (both variants usable)
6:118572486:T:A,6:127155711:C:T,8583225,0.05506977066397667,0.003032679669559002,computed (both variants usable)
6:118572486:T:A,6:127163126:C:T,8590640,0.05442357435822487,0.0029619254637509584,computed (both variants usable)
6:118572486:T:A,6:127177475:T:C,8604989,0.05377794802188873,0.0028920676559209824,computed (both variants usable)
6:118612943:G:A,6:122153737:A:G,3540794,-0.021657969802618027,0.0004690676578320563,computed (both variants usable)
6:118612943:G:A,6:126216403:C:G,7603460,-0.046738144010305405,0.002184454118832946,computed (both variants usable)
6:118612943:G:A,6:127155711:C:T,8542768,0.05845246464014053,0.0034166905097663403,computed (both variants usable)
6:118612943:G:A,6:127163126:C:T,8550183,0.057809483259916306,0.0033419362735003233,computed (both variants usable)
6:118612943:G:A,6:127177475:T:C,8564532,0.057167038321495056,0.003268070286139846,computed (both variants usable)
6:122153737:A:G,6:126216403:C:G,4062666,0.056344419717788696,0.0031746935565024614,computed (both variants usable)
6:122153737:A:G,6:127155711:C:T,5001974,-0.02624194137752056,0.0006886394694447517,computed (both variants usable)
6:122153737:A:G,6:127163126:C:T,5009389,-0.02693680115044117,0.0007255912641994655,computed (both variants usable)
6:122153737:A:G,6:127177475:T:C,5023738,-0.027631444856524467,0.0007634967332705855,computed (both variants usable)
6:126216403:C:G,6:127155711:C:T,939308,-0.039592891931533813,0.001567597035318613,computed (both variants usable)
6:126216403:C:G,6:127163126:C:T,946723,-0.04138283431529999,0.0017125390004366636,computed (both variants usable)
6:126216403:C:G,6:127177475:T:C,961072,-0.04317242652177811,0.0018638584297150373,computed (both variants usable)
6:126216403:C:G,6:134209837:T:C,7993434,0.04559534788131714,0.0020789357367902994,computed (both variants usable)
6:127155711:C:T,6:127163126:C:T,7415,0.997988760471344,0.9959815740585327,computed (both variants usable)
6:127155711:C:T,6:127177475:T:C,21764,0.9959864616394043,0.991989016532898,computed (both variants usable)
6:127155711:C:T,6:134209837:T:C,7054126,0.003331816988065839,1.11010040200199e-05,computed (both variants usable)
6:127163126:C:T,6:127177475:T:C,14349,0.9979909062385559,0.9959858655929565,computed (both variants usable)
6:127163126:C:T,6:134209837:T:C,7046711,0.002018621424213052,4.074832304468146e-06,computed (both variants usable)
6:127177475:T:C,6:134209837:T:C,7032362,0.0007059495546855032,4.983647841072525e-07,computed (both variants usable)
6:134209837:T:C,6:143627597:G:T,9417760,-0.001770630362443626,3.1351319194072857e-06,computed (both variants usable)
6:143627597:G:T,6:144303140:T:C,675543,0.014716507866978645,0.00021657560137100518,computed (both variants usable)
6:143627597:G:T,6:150997440:C:T,7369843,-0.051005031913518906,0.002601513173431158,computed (both variants usable)
6:143627597:G:T,6:150999751:C:T,7372154,-0.05440836772322655,0.0029602705035358667,computed (both variants usable)
6:143627597:G:T,6:151002371:T:C,7374774,-0.051757726818323135,0.0026788623072206974,computed (both variants usable)
6:143627597:G:T,6:151990859:G:A,8363262,-0.00840387586504221,7.062513031996787e-05,computed (both variants usable)
6:143627597:G:T,6:151991200:G:C,8363603,-0.005874252878129482,3.45068474416621e-05,computed (both variants usable)
6:143627597:G:T,6:152171147:G:T,8543550,-0.006524898577481508,4.257430191501044e-05,computed (both variants usable)
6:143627597:G:T,6:152404528:A:G,8776931,0.006510560866445303,4.238740439177491e-05,computed (both variants usable)
6:144303140:T:C,6:150997440:C:T,6694300,0.008134769275784492,6.617447070311755e-05,computed (both variants usable)
6:144303140:T:C,6:150999751:C:T,6696611,0.009895055554807186,9.791212505660951e-05,computed (both variants usable)
6:144303140:T:C,6:151002371:T:C,6699231,-0.015892572700977325,0.000252573867328465,computed (both variants usable)
6:144303140:T:C,6:151990859:G:A,7687719,0.01230969000607729,0.0001515284675406292,computed (both variants usable)
6:144303140:T:C,6:151991200:G:C,7688060,0.007716672495007515,5.954703374300152e-05,computed (both variants usable)
6:144303140:T:C,6:152171147:G:T,7868007,0.021714262664318085,0.00047150920727290213,computed (both variants usable)
6:144303140:T:C,6:152404528:A:G,8101388,0.019619250670075417,0.0003849150089081377,computed (both variants usable)
6:150997440:C:T,6:150999751:C:T,2311,0.9931922554969788,0.9864308834075928,computed (both variants usable)
6:150997440:C:T,6:151002371:T:C,4931,0.9375292658805847,0.8789611458778381,computed (both variants usable)
6:150997440:C:T,6:151990859:G:A,993419,0.043140679597854614,0.001861118245869875,computed (both variants usable)
6:150997440:C:T,6:151991200:G:C,993760,0.04380388930439949,0.0019187807338312268,computed (both variants usable)
6:150997440:C:T,6:152171147:G:T,1173707,-0.010765163227915764,0.00011588873894652352,computed (both variants usable)
6:150997440:C:T,6:152404528:A:G,1407088,0.01375496480613947,0.00018919905414804816,computed (both variants usable)
6:150999751:C:T,6:151002371:T:C,2620,0.9439552426338196,0.8910514712333679,computed (both variants usable)
6:150999751:C:T,6:151990859:G:A,991108,0.037991464138031006,0.001443351386114955,computed (both variants usable)
6:150999751:C:T,6:151991200:G:C,991449,0.03864605724811554,0.0014935177750885487,computed (both variants usable)
6:150999751:C:T,6:152171147:G:T,1171396,-0.009606501087546349,9.228486305801198e-05,computed (both variants usable)
6:150999751:C:T,6:152404528:A:G,1404777,0.015135621652007103,0.00022908704704605043,computed (both variants usable)
6:151002371:T:C,6:151990859:G:A,988488,0.036178357899188995,0.0013088735286146402,computed (both variants usable)
6:151002371:T:C,6:151991200:G:C,988829,0.036796607077121735,0.0013539902865886688,computed (both variants usable)
6:151002371:T:C,6:152171147:G:T,1168776,0.0001683732698438689,2.8349557368301248e-08,computed (both variants usable)
6:151002371:T:C,6:152404528:A:G,1402157,-0.010331186465919018,0.00010673341603251174,computed (both variants usable)
6:151990859:G:A,6:151991200:G:C,341,0.9793981909751892,0.959220826625824,computed (both variants usable)
6:151990859:G:A,6:152171147:G:T,180288,-0.011379661038517952,0.00012949667870998383,computed (both variants usable)
6:151990859:G:A,6:152404528:A:G,413669,-0.03007456101477146,0.0009044792386703193,computed (both variants usable)
6:151990859:G:A,6:161089307:C:T,9098448,0.03099801391363144,0.0009608768741600215,computed (both variants usable)
6:151991200:G:C,6:152171147:G:T,179947,-0.017849355936050415,0.000318599515594542,computed (both variants usable)
6:151991200:G:C,6:152404528:A:G,413328,-0.022535711526870728,0.0005078582908026874,computed (both variants usable)
6:151991200:G:C,6:161089307:C:T,9098107,0.03756279498338699,0.0014109635958448052,computed (both variants usable)
6:152171147:G:T,6:152404528:A:G,233381,-0.05244112014770508,0.0027500709984451532,computed (both variants usable)
6:152171147:G:T,6:161089307:C:T,8918160,-7.740929868305102e-05,5.992199625382e-09,computed (both variants usable)
6:152404528:A:G,6:161089307:C:T,8684779,0.031319521367549896,0.0009809124749153852,computed (both variants usable)
6:161089307:C:T,6:169587103:G:A,8497796,-0.059836309403181076,0.0035803839564323425,computed (both variants usable)
6:161089307:C:T,6:169591890:C:T,8502583,-0.015929613262414932,0.0002537525724619627,computed (both variants usable)
6:161089307:C:T,6:169633335:T:C,8544028,0.03115738369524479,0.0009707825374789536,computed (both variants usable)
6:161089307:C:T,6:169720906:G:A,8631599,0.08367286622524261,0.007001148536801338,computed (both variants usable)
6:161089307:C:T,6:170625014:G:A,9535707,-0.0628621056675911,0.003951644524931908,computed (both variants usable)
6:161089307:C:T,6:170694084:T:C,9604777,-0.0419309176504612,0.0017582018626853824,computed (both variants usable)
6:161089307:C:T,6:170702502:A:G,9613195,0.042127110064029694,0.0017746933735907078,computed (both variants usable)
6:169587103:G:A,6:169591890:C:T,4787,0.11187517642974854,0.012516055256128311,computed (both variants usable)
6:169587103:G:A,6:169633335:T:C,46232,-0.11023329943418503,0.012151380069553852,computed (both variants usable)
6:169587103:G:A,6:169720906:G:A,133803,0.016950268298387527,0.00028731158818118274,computed (both variants usable)
6:169587103:G:A,6:170625014:G:A,1037911,-0.0024555502459406853,6.02972704655258e-06,computed (both variants usable)
6:169587103:G:A,6:170694084:T:C,1106981,0.019290529191493988,0.00037212451570667326,computed (both variants usable)
6:169587103:G:A,6:170702502:A:G,1115399,-0.014995712786912918,0.00022487140086013824,computed (both variants usable)
6:169591890:C:T,6:169633335:T:C,41445,-0.019186049699783325,0.000368104490917176,computed (both variants usable)
6:169591890:C:T,6:169720906:G:A,129016,-0.004067092668265104,1.6541242075618356e-05,computed (both variants usable)
6:169591890:C:T,6:170625014:G:A,1033124,-0.002533513121306896,6.4186888266704045e-06,computed (both variants usable)
6:169591890:C:T,6:170694084:T:C,1102194,-0.00844394788146019,7.130025915103033e-05,computed (both variants usable)
6:169591890:C:T,6:170702502:A:G,1110612,-0.004424636252224445,1.957740641955752e-05,computed (both variants usable)
6:169633335:T:C,6:169720906:G:A,87571,0.00021361898689065129,4.563307243188319e-08,computed (both variants usable)
6:169633335:T:C,6:170625014:G:A,991679,-0.02467019110918045,0.0006086183129809797,computed (both variants usable)
6:169633335:T:C,6:170694084:T:C,1060749,-0.00045542747830040753,2.0741418893521768e-07,computed (both variants usable)
6:169633335:T:C,6:170702502:A:G,1069167,0.01852446049451828,0.00034315563971176744,computed (both variants usable)
6:169720906:G:A,6:170625014:G:A,904108,-0.034575313329696655,0.0011954522924497724,computed (both variants usable)
6:169720906:G:A,6:170694084:T:C,973178,-0.04024437069892883,0.0016196094220504165,computed (both variants usable)
6:169720906:G:A,6:170702502:A:G,981596,0.03455837443470955,0.0011942812707275152,computed (both variants usable)
6:170625014:G:A,6:170694084:T:C,69070,0.8293896913528442,0.6878872513771057,computed (both variants usable)
6:170625014:G:A,6:170702502:A:G,77488,-0.856813371181488,0.7341291308403015,computed (both variants usable)
6:170694084:T:C,6:170702502:A:G,8418,-0.9499330520629883,0.9023727774620056,computed (both variants usable)
7:1286217:G:A,7:1888051:G:A,601834,0.04421459510922432,0.001954930368810892,computed (both variants usable)
7:1286217:G:A,7:1947342:G:A,661125,-0.032843708992004395,0.0010787092614918947,computed (both variants usable)
7:1286217:G:A,7:1966831:A:G,680614,-0.061437029391527176,0.0037745086010545492,computed (both variants usable)
7:1888051:G:A,7:1947342:G:A,59291,-0.33530351519584656,0.1124284490942955,computed (both variants usable)
7:1888051:G:A,7:1966831:A:G,78780,-0.32251667976379395,0.10401701182126999,computed (both variants usable)
7:1947342:G:A,7:1966831:A:G,19489,0.8375210762023926,0.7014415264129639,computed (both variants usable)
7:19046177:T:G,7:19049388:G:A,3211,0.8875235915184021,0.7876981496810913,computed (both variants usable)
7:19046177:T:G,7:24613353:G:A,5567176,0.017097242176532745,0.00029231570078991354,computed (both variants usable)
7:19046177:T:G,7:27217359:G:A,8171182,0.01573674939572811,0.0002476452791597694,computed (both variants usable)
7:19046177:T:G,7:27242359:A:C,8196182,-0.03630407899618149,0.0013179861707612872,computed (both variants usable)
7:19046177:T:G,7:27242617:T:C,8196440,-0.03178577497601509,0.0010103355161845684,computed (both variants usable)
7:19046177:T:G,7:27243238:G:A,8197061,-0.03630407899618149,0.0013179861707612872,computed (both variants usable)
7:19046177:T:G,7:27320319:T:C,8274142,-0.028959622606635094,0.0008386597619391978,computed (both variants usable)
7:19046177:T:G,7:27324369:G:A,8278192,-0.028959622606635094,0.0008386597619391978,computed (both variants usable)
7:19046177:T:G,7:27328187:C:G,8282010,-0.030486909672617912,0.0009294516639783978,computed (both variants usable)
7:19046177:T:G,7:27428090:C:T,8381913,0.03212391957640648,0.0010319461580365896,computed (both variants usable)
7:19046177:T:G,7:28196222:A:G,9150045,0.018521232530474663,0.0003430360520724207,computed (both variants usable)
7:19049388:G:A,7:24613353:G:A,5563965,-0.012222180142998695,0.00014938168169464916,computed (both variants usable)
7:19049388:G:A,7:27217359:G:A,8167971,0.025433598086237907,0.0006468679057434201,computed (both variants usable)
7:19049388:G:A,7:27242359:A:C,8192971,-0.04180533066391945,0.0017476857174187899,computed (both variants usable)
7:19049388:G:A,7:27242617:T:C,8193229,-0.031335052102804184,0.0009818854741752148,computed (both variants usable)
7:19049388:G:A,7:27243238:G:A,8193850,-0.04180533066391945,0.0017476857174187899,computed (both variants usable)
7:19049388:G:A,7:27320319:T:C,8270931,-0.021202171221375465,0.00044953206088393927,computed (both variants usable)
7:19049388:G:A,7:27324369:G:A,8274981,-0.021202171221375465,0.00044953206088393927,computed (both variants usable)
7:19049388:G:A,7:27328187:C:G,8278799,-0.022647632285952568,0.0005129152559675276,computed (both variants usable)
7:19049388:G:A,7:27428090:C:T,8378702,0.02681088261306286,0.0007188234012573957,computed (both variants usable)
7:19049388:G:A,7:28196222:A:G,9146834,0.03181467205286026,0.0010121733648702502,computed (both variants usable)
7:24613353:G:A,7:27217359:G:A,2604006,-0.022028431296348572,0.0004852517740800977,computed (both variants usable)
7:24613353:G:A,7:27242359:A:C,2629006,0.02626638114452362,0.000689922773744911,computed (both variants usable)
7:24613353:G:A,7:27242617:T:C,2629264,0.009075947105884552,8.237281872425228e-05,computed (both variants usable)
7:24613353:G:A,7:27243238:G:A,2629885,0.02626638114452362,0.000689922773744911,computed (both variants usable)
7:24613353:G:A,7:27320319:T:C,2706966,-0.022772321477532387,0.0005185786285437644,computed (both variants usable)
7:24613353:G:A,7:27324369:G:A,2711016,-0.022772321477532387,0.0005185786285437644,computed (both variants usable)
7:24613353:G:A,7:27328187:C:G,2714834,-0.02422104962170124,0.0005866592400707304,computed (both variants usable)
7:24613353:G:A,7:27428090:C:T,2814737,-0.04601610079407692,0.0021174815483391285,computed (both variants usable)
7:24613353:G:A,7:28196222:A:G,3582869,-0.037329576909542084,0.001393497339449823,computed (both variants usable)
7:24613353:G:A,7:30910788:A:G,6297435,0.0223761647939682,0.0005006927531212568,computed (both variants usable)
7:24613353:G:A,7:30934659:C:T,6321306,0.04701758176088333,0.00221065292134881,computed (both variants usable)
7:24613353:G:A,7:30957616:A:T,6344263,-0.029792383313179016,0.000887586094904691,computed (both variants usable)
7:27217359:G:A,7:27242359:A:C,25000,0.140996053814888,0.019879886880517006,computed (both variants usable)
7:27217359:G:A,7:27242617:T:C,25258,0.09536242485046387,0.009093992412090302,computed (both variants usable)
7:27217359:G:A,7:27243238:G:A,25879,0.140996053814888,0.019879886880517006,computed (both variants usable)
7:27217359:G:A,7:27320319:T:C,102960,-0.03478795289993286,0.0012102016480639577,computed (both variants usable)
7:27217359:G:A,7:27324369:G:A,107010,-0.03478795289993286,0.0012102016480639577,computed (both variants usable)
7:27217359:G:A,7:27328187:C:G,110828,-0.03072180226445198,0.000943829130847007,computed (both variants usable)
7:27217359:G:A,7:27428090:C:T,210731,-0.042570777237415314,0.001812271075323224,computed (both variants usable)
7:27217359:G:A,7:28196222:A:G,978863,0.04572349414229393,0.002090637804940343,computed (both variants usable)
7:27217359:G:A,7:30910788:A:G,3693429,-0.02741239219903946,0.0007514392491430044,computed (both variants usable)
7:27217359:G:A,7:30934659:C:T,3717300,0.004441456403583288,1.9726534446817823e-05,computed (both variants usable)
7:27217359:G:A,7:30957616:A:T,3740257,-0.012546916492283344,0.00015742510731797665,computed (both variants usable)
7:27242359:A:C,7:27242617:T:C,258,0.8528608679771423,0.7273716330528259,computed (both variants usable)
7:27242359:A:C,7:27243238:G:A,879,1.000000238418579,1.0000004768371582,computed (both variants usable)
7:27242359:A:C,7:27320319:T:C,77960,0.0656026229262352,0.0043037040159106255,computed (both variants usable)
7:27242359:A:C,7:27324369:G:A,82010,0.0656026229262352,0.0043037040159106255,computed (both variants usable)
7:27242359:A:C,7:27328187:C:G,85828,0.051707662642002106,0.002673682291060686,computed (both variants usable)
7:27242359:A:C,7:27428090:C:T,185731,-0.06353931128978729,0.0040372442454099655,computed (both variants usable)
7:27242359:A:C,7:28196222:A:G,953863,-0.004920851904898882,2.4214783479692414e-05,computed (both variants usable)
7:27242359:A:C,7:30910788:A:G,3668429,-0.023179003968834877,0.0005372661980800331,computed (both variants usable)
7:27242359:A:C,7:30934659:C:T,3692300,0.00923632737249136,8.53097444633022e-05,computed (both variants usable)
7:27242359:A:C,7:30957616:A:T,3715257,-0.012524481862783432,0.00015686264669056982,computed (both variants usable)
7:27242617:T:C,7:27243238:G:A,621,0.8528608679771423,0.7273716330528259,computed (both variants usable)
7:27242617:T:C,7:27320319:T:C,77702,-0.007377769332379103,5.443147892947309e-05,computed (both variants usable)
7:27242617:T:C,7:27324369:G:A,81752,-0.007377769332379103,5.443147892947309e-05,computed (both variants usable)
7:27242617:T:C,7:27328187:C:G,85570,-0.018917586654424667,0.00035787507658824325,computed (both variants usable)
7:27242617:T:C,7:27428090:C:T,185473,-0.03190995007753372,0.0010182448895648122,computed (both variants usable)
7:27242617:T:C,7:28196222:A:G,953605,0.0016184746054932475,2.619460019559483e-06,computed (both variants usable)
7:27242617:T:C,7:30910788:A:G,3668171,-0.016052676364779472,0.0002576884289737791,computed (both variants usable)
7:27242617:T:C,7:30934659:C:T,3692042,0.011340725235641003,0.00012861205323133618,computed (both variants usable)
7:27242617:T:C,7:30957616:A:T,3714999,0.01596708409488201,0.0002549477794673294,computed (both variants usable)
7:27243238:G:A,7:27320319:T:C,77081,0.0656026229262352,0.0043037040159106255,computed (both variants usable)
7:27243238:G:A,7:27324369:G:A,81131,0.0656026229262352,0.0043037040159106255,computed (both variants usable)
7:27243238:G:A,7:27328187:C:G,84949,0.051707662642002106,0.002673682291060686,computed (both variants usable)
7:27243238:G:A,7:27428090:C:T,184852,-0.06353931128978729,0.0040372442454099655,computed (both variants usable)
7:27243238:G:A,7:28196222:A:G,952984,-0.004920851904898882,2.4214783479692414e-05,computed (both variants usable)
7:27243238:G:A,7:30910788:A:G,3667550,-0.023179003968834877,0.0005372661980800331,computed (both variants usable)
7:27243238:G:A,7:30934659:C:T,3691421,0.00923632737249136,8.53097444633022e-05,computed (both variants usable)
7:27243238:G:A,7:30957616:A:T,3714378,-0.012524481862783432,0.00015686264669056982,computed (both variants usable)
7:27320319:T:C,7:27324369:G:A,4050,1.0,1.0,computed (both variants usable)
7:27320319:T:C,7:27328187:C:G,7868,0.9940070509910583,0.9880500435829163,computed (both variants usable)
7:27320319:T:C,7:27428090:C:T,107771,-0.036201540380716324,0.0013105515390634537,computed (both variants usable)
7:27320319:T:C,7:28196222:A:G,875903,-0.012875556014478207,0.0001657799439271912,computed (both variants usable)
7:27320319:T:C,7:30910788:A:G,3590469,-0.026597442105412483,0.0007074239547364414,computed (both variants usable)
7:27320319:T:C,7:30934659:C:T,3614340,-0.018533116206526756,0.0003434763930272311,computed (both variants usable)
7:27320319:T:C,7:30957616:A:T,3637297,-0.01332372147589922,0.00017752154963091016,computed (both variants usable)
7:27324369:G:A,7:27328187:C:G,3818,0.9940070509910583,0.9880500435829163,computed (both variants usable)
7:27324369:G:A,7:27428090:C:T,103721,-0.036201540380716324,0.0013105515390634537,computed (both variants usable)
7:27324369:G:A,7:28196222:A:G,871853,-0.012875556014478207,0.0001657799439271912,computed (both variants usable)
7:27324369:G:A,7:30910788:A:G,3586419,-0.026597442105412483,0.0007074239547364414,computed (both variants usable)
7:27324369:G:A,7:30934659:C:T,3610290,-0.018533116206526756,0.0003434763930272311,computed (both variants usable)
7:27324369:G:A,7:30957616:A:T,3633247,-0.01332372147589922,0.00017752154963091016,computed (both variants usable)
7:27328187:C:G,7:27428090:C:T,99903,-0.03787487372756004,0.0014345060335472226,computed (both variants usable)
7:27328187:C:G,7:28196222:A:G,868035,-0.01636543497443199,0.0002678274759091437,computed (both variants usable)
7:27328187:C:G,7:30910788:A:G,3582601,-0.027988947927951813,0.0007833812269382179,computed (both variants usable)
7:27328187:C:G,7:30934659:C:T,3606472,-0.0192951038479805,0.00037230103043839335,computed (both variants usable)
7:27328187:C:G,7:30957616:A:T,3629429,-0.008054771460592747,6.487934297183529e-05,computed (both variants usable)
7:27428090:C:T,7:28196222:A:G,768132,-0.008853737264871597,7.838866440579295e-05,computed (both variants usable)
7:27428090:C:T,7:30910788:A:G,3482698,-0.01730719767510891,0.0002995390968862921,computed (both variants usable)
7:27428090:C:T,7:30934659:C:T,3506569,-0.020183997228741646,0.0004073937307111919,computed (both variants usable)
7:27428090:C:T,7:30957616:A:T,3529526,-0.0707816332578659,0.005010039545595646,computed (both variants usable)
7:28196222:A:G,7:30910788:A:G,2714566,0.0460626594722271,0.002121768658980727,computed (both variants usable)
7:28196222:A:G,7:30934659:C:T,2738437,0.02675279788672924,0.0007157122017815709,computed (both variants usable)
7:28196222:A:G,7:30957616:A:T,2761394,0.025581054389476776,0.0006543903145939112,computed (both variants usable)
7:30910788:A:G,7:30934659:C:T,23871,0.4450069069862366,0.19803114235401154,computed (both variants usable)
7:30910788:A:G,7:30957616:A:T,46828,0.09322565793991089,0.008691023103892803,computed (both variants usable)
7:30910788:A:G,7:40427000:G:A,9516212,0.024742119014263153,0.000612172472756356,computed (both variants usable)
7:30934659:C:T,7:30957616:A:T,22957,0.058348022401332855,0.003404491813853383,computed (both variants usable)
7:30934659:C:T,7:40427000:G:A,9492341,0.03781178593635559,0.001429731142707169,computed (both variants usable)
7:30957616:A:T,7:40427000:G:A,9469384,0.031997859477996826,0.0010238629765808582,computed (both variants usable)
7:40427000:G:A,7:41627933:A:T,1200933,0.031133534386754036,0.0009692969615571201,computed (both variants usable)
7:40427000:G:A,7:45987430:G:C,5560430,0.018342452123761177,0.0003364455478731543,computed (both variants usable)
7:40427000:G:A,7:45990641:T:C,5563641,0.021334514021873474,0.00045516149839386344,computed (both variants usable)
7:40427000:G:A,7:46437154:G:T,6010154,0.009089418686926365,8.261753100669011e-05,computed (both variants usable)
7:40427000:G:A,7:50098470:G:C,9671470,-0.013975981622934341,0.00019532805890776217,computed (both variants usable)
7:41627933:A:T,7:45987430:G:C,4359497,0.01482961792498827,0.00021991756511852145,computed (both variants usable)
7:41627933:A:T,7:45990641:T:C,4362708,0.016148395836353302,0.0002607706992421299,computed (both variants usable)
7:41627933:A:T,7:46437154:G:T,4809221,0.03233497962355614,0.0010455509182065725,computed (both variants usable)
7:41627933:A:T,7:50098470:G:C,8470537,-0.001238437369465828,1.5337270724558039e-06,computed (both variants usable)
7:45987430:G:C,7:45990641:T:C,3211,0.9880391359329224,0.9762213230133057,computed (both variants usable)
7:45987430:G:C,7:46437154:G:T,449724,-0.02333318255841732,0.0005444373819045722,computed (both variants usable)
7:45987430:G:C,7:50098470:G:C,4111040,0.0013279030099511147,1.763326395121112e-06,computed (both variants usable)
7:45990641:T:C,7:46437154:G:T,446513,-0.026778507977724075,0.0007170884637162089,computed (both variants usable)
7:45990641:T:C,7:50098470:G:C,4107829,-0.00891837663948536,7.953744352562353e-05,computed (both variants usable)
7:46437154:G:T,7:50098470:G:C,3661316,-0.013245523907244205,0.00017544389993418008,computed (both variants usable)
7:77474961:C:G,7:77512098:G:C,37137,0.8572321534156799,0.7348469495773315,computed (both variants usable)
7:92237426:G:A,7:92258736:A:C,21310,0.6783407330513,0.4601461589336395,computed (both variants usable)
7:92237426:G:A,7:100451732:C:T,8214306,-0.028519511222839355,0.0008133625378832221,computed (both variants usable)
7:92237426:G:A,7:101525302:T:A,9287876,0.025583181530237198,0.0006544991629198194,computed (both variants usable)
7:92258736:A:C,7:100451732:C:T,8192996,-0.03825076296925545,0.0014631209196522832,computed (both variants usable)
7:92258736:A:C,7:101525302:T:A,9266566,0.02351396717131138,0.0005529066547751427,computed (both variants usable)
7:100451732:C:T,7:101525302:T:A,1073570,0.028056232258677483,0.000787152152042836,computed (both variants usable)
7:100451732:C:T,7:103525864:T:A,3074132,-0.02644566260278225,0.000699373078532517,computed (both variants usable)
7:100451732:C:T,7:106412082:G:A,5960350,0.024138979613780975,0.0005826903507113457,computed (both variants usable)
7:100451732:C:T,7:106414069:T:G,5962337,0.02811017818748951,0.0007901820936240256,computed (both variants usable)
7:100451732:C:T,7:106416467:G:A,5964735,0.02811017818748951,0.0007901820936240256,computed (both variants usable)
7:100451732:C:T,7:106457975:C:G,6006243,,,unknown: absent from panel
7:101525302:T:A,7:103525864:T:A,2000562,0.030850470066070557,0.0009517514845356345,computed (both variants usable)
7:101525302:T:A,7:106412082:G:A,4886780,-0.04631204530596733,0.002144805621355772,computed (both variants usable)
7:101525302:T:A,7:106414069:T:G,4888767,-0.04800400137901306,0.0023043842520564795,computed (both variants usable)
7:101525302:T:A,7:106416467:G:A,4891165,-0.04800400137901306,0.0023043842520564795,computed (both variants usable)
7:101525302:T:A,7:106457975:C:G,4932673,,,unknown: absent from panel
7:103525864:T:A,7:106412082:G:A,2886218,0.010915590450167656,0.0001191501141875051,computed (both variants usable)
7:103525864:T:A,7:106414069:T:G,2888205,0.01214201096445322,0.0001474284363212064,computed (both variants usable)
7:103525864:T:A,7:106416467:G:A,2890603,0.01214201096445322,0.0001474284363212064,computed (both variants usable)
7:103525864:T:A,7:106457975:C:G,2932111,,,unknown: absent from panel
7:106412082:G:A,7:106414069:T:G,1987,0.9971363544464111,0.9942809343338013,computed (both variants usable)
7:106412082:G:A,7:106416467:G:A,4385,0.9971363544464111,0.9942809343338013,computed (both variants usable)
7:106412082:G:A,7:106457975:C:G,45893,,,unknown: absent from panel
7:106412082:G:A,7:114337652:C:T,7925570,0.016170864924788475,0.0002614968689158559,computed (both variants usable)
7:106412082:G:A,7:114349212:T:A,7937130,0.010146714746952057,0.00010295581887476146,computed (both variants usable)
7:106412082:G:A,7:116186241:A:G,9774159,0.04976125434041023,0.002476182533428073,computed (both variants usable)
7:106414069:T:G,7:106416467:G:A,2398,0.9999992847442627,0.9999985694885254,computed (both variants usable)
7:106414069:T:G,7:106457975:C:G,43906,,,unknown: absent from panel
7:106414069:T:G,7:114337652:C:T,7923583,0.018834514543414116,0.000354738935129717,computed (both variants usable)
7:106414069:T:G,7:114349212:T:A,7935143,0.013212029822170734,0.00017455773195251822,computed (both variants usable)
7:106414069:T:G,7:116186241:A:G,9772172,0.051604270935058594,0.0026630007196217775,computed (both variants usable)
7:106416467:G:A,7:106457975:C:G,41508,,,unknown: absent from panel
7:106416467:G:A,7:114337652:C:T,7921185,0.018834514543414116,0.000354738935129717,computed (both variants usable)
7:106416467:G:A,7:114349212:T:A,7932745,0.013212029822170734,0.00017455773195251822,computed (both variants usable)
7:106416467:G:A,7:116186241:A:G,9769774,0.051604270935058594,0.0026630007196217775,computed (both variants usable)
7:106457975:C:G,7:114337652:C:T,7879677,,,unknown: absent from panel
7:106457975:C:G,7:114349212:T:A,7891237,,,unknown: absent from panel
7:106457975:C:G,7:116186241:A:G,9728266,,,unknown: absent from panel
7:114337652:C:T,7:114349212:T:A,11560,0.8562175631523132,0.7331085205078125,computed (both variants usable)
7:114337652:C:T,7:116186241:A:G,1848589,-0.01892825961112976,0.00035827900865115225,computed (both variants usable)
7:114349212:T:A,7:116186241:A:G,1837029,-0.010921889916062355,0.00011928768071811646,computed (both variants usable)
7:130973495:C:T,7:131010429:C:T,36934,0.6892000436782837,0.4749966859817505,computed (both variants usable)
7:130973495:C:T,7:131069461:T:A,95966,0.333045095205307,0.1109190359711647,computed (both variants usable)
7:130973495:C:T,7:139404666:A:C,8431171,0.03175029158592224,0.001008081017062068,computed (both variants usable)
7:131010429:C:T,7:131069461:T:A,59032,0.5354271531105042,0.28668224811553955,computed (both variants usable)
7:131010429:C:T,7:139404666:A:C,8394237,0.012034956365823746,0.00014484017447102815,computed (both variants usable)
7:131069461:T:A,7:139404666:A:C,8335205,-0.0009719544905237854,9.446955573366722e-07,computed (both variants usable)
7:150068620:C:T,7:150072500:G:C,3880,0.8830280900001526,0.7797386050224304,computed (both variants usable)
7:150068620:C:T,7:151403260:T:C,1334640,0.025114750489592552,0.0006307506700977683,computed (both variants usable)
7:150068620:C:T,7:151413124:T:C,1344504,0.02035410888493061,0.00041428973781876266,computed (both variants usable)
7:150068620:C:T,7:151415041:A:G,1346421,0.01551115047186613,0.00024059579300228506,computed (both variants usable)
7:150068620:C:T,7:156312739:G:A,6244119,0.013213247060775757,0.00017458989168517292,computed (both variants usable)
7:150068620:C:T,7:156315173:G:A,6246553,0.00142007227987051,2.01660532184178e-06,computed (both variants usable)
7:150068620:C:T,7:156322655:A:T,6254035,0.030903834849596024,0.0009550470276735723,computed (both variants usable)
7:150072500:G:C,7:151403260:T:C,1330760,0.011034389026463032,0.0001217577446368523,computed (both variants usable)
7:150072500:G:C,7:151413124:T:C,1340624,0.02022635005414486,0.00040910523966886103,computed (both variants usable)
7:150072500:G:C,7:151415041:A:G,1342541,0.0154341422021389,0.00023821274226065725,computed (both variants usable)
7:150072500:G:C,7:156312739:G:A,6240239,0.02277660183608532,0.0005187735660001636,computed (both variants usable)
7:150072500:G:C,7:156315173:G:A,6242673,-0.006708022207021713,4.4997563236393034e-05,computed (both variants usable)
7:150072500:G:C,7:156322655:A:T,6250155,0.033551327884197235,0.0011256915749982,computed (both variants usable)
7:151403260:T:C,7:151413124:T:C,9864,0.8849544525146484,0.7831443548202515,computed (both variants usable)
7:151403260:T:C,7:151415041:A:G,11781,0.8945886492729187,0.8002888560295105,computed (both variants usable)
7:151403260:T:C,7:156312739:G:A,4909479,0.00895994808524847,8.028066804399714e-05,computed (both variants usable)
7:151403260:T:C,7:156315173:G:A,4911913,-0.007133867125958204,5.08920602442231e-05,computed (both variants usable)
7:151403260:T:C,7:156322655:A:T,4919395,-0.005092214327305555,2.5930647097993642e-05,computed (both variants usable)
7:151413124:T:C,7:151415041:A:G,1917,0.9714984893798828,0.9438093304634094,computed (both variants usable)
7:151413124:T:C,7:156312739:G:A,4899615,0.007112122140824795,5.0582282710820436e-05,computed (both variants usable)
7:151413124:T:C,7:156315173:G:A,4902049,-0.003311200998723507,1.0964052307826933e-05,computed (both variants usable)
7:151413124:T:C,7:156322655:A:T,4909531,-0.008258622139692307,6.820484122727066e-05,computed (both variants usable)
7:151415041:A:G,7:156312739:G:A,4897698,0.020510604605078697,0.0004206848971080035,computed (both variants usable)
7:151415041:A:G,7:156315173:G:A,4900132,-0.01652972586452961,0.0002732318243943155,computed (both variants usable)
7:151415041:A:G,7:156322655:A:T,4907614,0.005542353261262178,3.0717677873326465e-05,computed (both variants usable)
7:156312739:G:A,7:156315173:G:A,2434,-0.9298298954963684,0.8645836114883423,computed (both variants usable)
7:156312739:G:A,7:156322655:A:T,9916,0.8736667037010193,0.7632935047149658,computed (both variants usable)
7:156315173:G:A,7:156322655:A:T,7482,-0.831687331199646,0.6917037963867188,computed (both variants usable)
8:156504:G:A,8:1711918:G:C,1555414,0.03683559224009514,0.0013568608555942774,computed (both variants usable)
8:156504:G:A,8:1716616:T:A,1560112,0.046058688312768936,0.002121402882039547,computed (both variants usable)
8:1711918:G:C,8:1716616:T:A,4698,0.925096333026886,0.8558032512664795,computed (both variants usable)
8:32413240:T:C,8:42324765:T:C,9911525,-0.0254342183470726,0.0006468994542956352,computed (both variants usable)
8:42324765:T:C,8:51673767:C:G,9349002,0.025894831866025925,0.0006705423002131283,computed (both variants usable)
8:42324765:T:C,8:51871975:T:A,9547210,0.0034396082628518343,1.1830905350507237e-05,computed (both variants usable)
8:42324765:T:C,8:51937392:C:T,9612627,0.008656633086502552,7.493729935958982e-05,computed (both variants usable)
8:51673767:C:G,8:51871975:T:A,198208,0.8197610378265381,0.6720081567764282,computed (both variants usable)
8:51673767:C:G,8:51937392:C:T,263625,0.8536556959152222,0.7287280559539795,computed (both variants usable)
8:51871975:T:A,8:51937392:C:T,65417,0.9297984838485718,0.8645251989364624,computed (both variants usable)
8:74245445:A:G,8:76660225:G:A,2414780,-0.03400873765349388,0.0011565942550078034,computed (both variants usable)
8:74245445:A:G,8:76727925:G:A,2482480,0.02145424298942089,0.00046028452925384045,computed (both variants usable)
8:74245445:A:G,8:76767584:A:G,2522139,-0.029086731374263763,0.0008460379322059453,computed (both variants usable)
8:74245445:A:G,8:77220973:G:C,2975528,0.06104971468448639,0.0037270677275955677,computed (both variants usable)
8:74245445:A:G,8:81395746:T:G,7150301,0.008255373686552048,6.815119559178129e-05,computed (both variants usable)
8:74245445:A:G,8:81404008:G:C,7158563,0.01133442297577858,0.00012846913887187839,computed (both variants usable)
8:76660225:G:A,8:76727925:G:A,67700,-0.5625776648521423,0.3164936304092407,computed (both variants usable)
8:76660225:G:A,8:76767584:A:G,107359,0.08103441447019577,0.0065665761940181255,computed (both variants usable)
8:76660225:G:A,8:77220973:G:C,560748,-0.09084777534008026,0.008253318257629871,computed (both variants usable)
8:76660225:G:A,8:81395746:T:G,4735521,0.07039547711610794,0.004955523181706667,computed (both variants usable)
8:76660225:G:A,8:81404008:G:C,4743783,0.06787842512130737,0.004607480484992266,computed (both variants usable)
8:76727925:G:A,8:76767584:A:G,39659,-0.46294522285461426,0.21431827545166016,computed (both variants usable)
8:76727925:G:A,8:77220973:G:C,493048,0.29050204157829285,0.08439143747091293,computed (both variants usable)
8:76727925:G:A,8:81395746:T:G,4667821,-0.058678630739450455,0.003443181747570634,computed (both variants usable)
8:76727925:G:A,8:81404008:G:C,4676083,-0.06020171567797661,0.0036242464557290077,computed (both variants usable)
8:76767584:A:G,8:77220973:G:C,453389,-0.07090375572443008,0.005027342587709427,computed (both variants usable)
8:76767584:A:G,8:81395746:T:G,4628162,0.001859996817074716,3.4595882425492164e-06,computed (both variants usable)
8:76767584:A:G,8:81404008:G:C,4636424,0.005015350412577391,2.5153740352834575e-05,computed (both variants usable)
8:77220973:G:C,8:81395746:T:G,4174773,-0.015639495104551315,0.0002445938007440418,computed (both variants usable)
8:77220973:G:C,8:81404008:G:C,4183035,-0.01776215434074402,0.00031549413688480854,computed (both variants usable)
8:81395746:T:G,8:81404008:G:C,8262,0.9975438117980957,0.9950936436653137,computed (both variants usable)
8:95260225:A:G,8:95278307:G:C,18082,0.8943816423416138,0.799918532371521,computed (both variants usable)
8:95260225:A:G,8:95965743:G:A,705518,0.08591356128454208,0.007381139788776636,computed (both variants usable)
8:95260225:A:G,8:103854031:T:A,8593806,0.009682618081569672,9.375309309689328e-05,computed (both variants usable)
8:95278307:G:C,8:95965743:G:A,687436,0.1117401048541069,0.012485850602388382,computed (both variants usable)
8:95278307:G:C,8:103854031:T:A,8575724,0.047091949731111526,0.0022176518104970455,computed (both variants usable)
8:95965743:G:A,8:103854031:T:A,7888288,0.0011947323800995946,1.4273854276325437e-06,computed (both variants usable)
8:103854031:T:A,8:105966258:G:A,2112227,0.04210889711976051,0.0017731592524796724,computed (both variants usable)
8:103854031:T:A,8:106632940:A:G,2778909,0.04360520467162132,0.0019014138961210847,computed (both variants usable)
8:103854031:T:A,8:108291878:C:G,4437847,0.012529557570815086,0.00015698981587775052,computed (both variants usable)
8:105966258:G:A,8:106632940:A:G,666682,-0.008952796459197998,8.015256753424183e-05,computed (both variants usable)
8:105966258:G:A,8:108291878:C:G,2325620,0.03774191066622734,0.0014244518242776394,computed (both variants usable)
8:106632940:A:G,8:108291878:C:G,1658938,-0.04744896665215492,0.0022514043375849724,computed (both variants usable)
8:120423129:C:T,8:120456197:A:T,33068,0.9581511616706848,0.9180536270141602,computed (both variants usable)
8:120423129:C:T,8:124780824:C:A,4357695,0.009655076079070568,9.322049299953505e-05,computed (both variants usable)
8:120423129:C:T,8:129343201:C:A,8920072,0.01100847776979208,0.0001211865819641389,computed (both variants usable)
8:120423129:C:T,8:129418074:T:A,8994945,0.022555338218808174,0.0005087432800792158,computed (both variants usable)
8:120423129:C:T,8:129474006:A:G,9050877,-0.002999388612806797,8.996332326205447e-06,computed (both variants usable)
8:120456197:A:T,8:124780824:C:A,4324627,0.00844263844192028,7.127814023988321e-05,computed (both variants usable)
8:120456197:A:T,8:129343201:C:A,8887004,-0.0010215904330834746,1.0436469892738387e-06,computed (both variants usable)
8:120456197:A:T,8:129418074:T:A,8961877,0.011630888096988201,0.0001352775580016896,computed (both variants usable)
8:120456197:A:T,8:129474006:A:G,9017809,0.009645332582294941,9.303243859903887e-05,computed (both variants usable)
8:124780824:C:A,8:129343201:C:A,4562377,0.03399334475398064,0.0011555474484339356,computed (both variants usable)
8:124780824:C:A,8:129418074:T:A,4637250,0.0242630485445261,0.0005886955186724663,computed (both variants usable)
8:124780824:C:A,8:129474006:A:G,4693182,-0.03775160387158394,0.0014251836109906435,computed (both variants usable)
8:129343201:C:A,8:129418074:T:A,74873,0.8111213445663452,0.657917857170105,computed (both variants usable)
8:129343201:C:A,8:129474006:A:G,130805,-0.8453191518783569,0.7145644426345825,computed (both variants usable)
8:129343201:C:A,8:135613624:A:G,6270423,-0.015961917117238045,0.00025478278985247016,computed (both variants usable)
8:129343201:C:A,8:135661278:G:A,6318077,-0.016135675832629204,0.0002603600441943854,computed (both variants usable)
8:129343201:C:A,8:135802892:G:A,6459691,0.007982614450156689,6.372213101712987e-05,computed (both variants usable)
8:129418074:T:A,8:129474006:A:G,55932,-0.8190466165542603,0.6708373427391052,computed (both variants usable)
8:129418074:T:A,8:135613624:A:G,6195550,-0.02672584168612957,0.000714270630851388,computed (both variants usable)
8:129418074:T:A,8:135661278:G:A,6243204,-0.04252616688609123,0.0018084748880937696,computed (both variants usable)
8:129418074:T:A,8:135802892:G:A,6384818,0.016909288242459297,0.0002859240339603275,computed (both variants usable)
8:129474006:A:G,8:135613624:A:G,6139618,-0.001596114132553339,2.547580379541614e-06,computed (both variants usable)
8:129474006:A:G,8:135661278:G:A,6187272,0.020079199224710464,0.0004031742282677442,computed (both variants usable)
8:129474006:A:G,8:135802892:G:A,6328886,-0.024049414321780205,0.000578374310862273,computed (both variants usable)
8:135613624:A:G,8:135661278:G:A,47654,0.6572956442832947,0.4320375621318817,computed (both variants usable)
8:135613624:A:G,8:135802892:G:A,189268,0.022443564608693123,0.000503713614307344,computed (both variants usable)
8:135613624:A:G,8:142367087:C:T,6753463,-0.031016366556286812,0.0009620150085538626,computed (both variants usable)
8:135613624:A:G,8:143992864:C:A,8379240,0.018778620287775993,0.0003526365908328444,computed (both variants usable)
8:135613624:A:G,8:144060955:G:A,8447331,0.03845687955617905,0.0014789316337555647,computed (both variants usable)
8:135661278:G:A,8:135802892:G:A,141614,-0.055387601256370544,0.0030677863396704197,computed (both variants usable)
8:135661278:G:A,8:142367087:C:T,6705809,-0.06037209928035736,0.003644790267571807,computed (both variants usable)
8:135661278:G:A,8:143992864:C:A,8331586,-0.002325058216229081,5.405895535659511e-06,computed (both variants usable)
8:135661278:G:A,8:144060955:G:A,8399677,0.00841849111020565,7.087099220370874e-05,computed (both variants usable)
8:135802892:G:A,8:142367087:C:T,6564195,0.028045494109392166,0.0007865497609600425,computed (both variants usable)
8:135802892:G:A,8:143992864:C:A,8189972,-0.012119535356760025,0.0001468831324018538,computed (both variants usable)
8:135802892:G:A,8:144060955:G:A,8258063,-0.0178079754114151,0.0003171239804942161,computed (both variants usable)
8:142367087:C:T,8:143992864:C:A,1625777,0.022059382870793343,0.00048661636537872255,computed (both variants usable)
8:142367087:C:T,8:144060955:G:A,1693868,0.006076185964047909,3.692003519972786e-05,computed (both variants usable)
8:143992864:C:A,8:144060955:G:A,68091,0.9165336489677429,0.8400339484214783,computed (both variants usable)
9:4334791:G:C,9:8089306:A:G,3754515,-0.0553884394466877,0.0030678792390972376,computed (both variants usable)
9:37551525:T:A,9:38095909:C:T,544384,-0.0067378501407802105,4.5398624934023246e-05,computed (both variants usable)
9:110506031:T:C,9:113153647:T:C,2647616,-0.005683105904608965,3.2297692087013274e-05,computed (both variants usable)
9:110506031:T:C,9:113250200:G:T,2744169,-0.059840407222509384,0.0035808742977678776,computed (both variants usable)
9:110506031:T:C,9:115577067:T:C,5071036,-0.036679793149232864,0.0013454072177410126,computed (both variants usable)
9:113153647:T:C,9:113250200:G:T,96553,0.4902028739452362,0.24029885232448578,computed (both variants usable)
9:113153647:T:C,9:115577067:T:C,2423420,-0.011888967826962471,0.0001413475547451526,computed (both variants usable)
9:113250200:G:T,9:115577067:T:C,2326867,0.010103974491357803,0.00010209030006080866,computed (both variants usable)
9:115577067:T:C,9:123593159:C:T,8016092,-0.025205308571457863,0.0006353075732477009,computed (both variants usable)
9:123593159:C:T,9:125780932:A:C,2187773,0.007481525652110577,5.59732252440881e-05,computed (both variants usable)
9:123593159:C:T,9:125845307:A:G,2252148,0.005629899445921183,3.169576666550711e-05,computed (both variants usable)
9:123593159:C:T,9:127089775:A:G,3496616,0.037852369248867035,0.0014328018296509981,computed (both variants usable)
9:123593159:C:T,9:127867256:T:A,4274097,,,unknown: absent from panel
9:123593159:C:T,9:127900996:T:C,4307837,-0.033875722438097,0.001147564616985619,computed (both variants usable)
9:123593159:C:T,9:128438005:A:G,4844846,0.01527671329677105,0.00023337797028943896,computed (both variants usable)
9:123593159:C:T,9:128490151:C:T,4896992,-0.020961225032806396,0.00043937296140938997,computed (both variants usable)
9:123593159:C:T,9:130303640:A:G,6710481,-0.019612206146121025,0.00038463863893412054,computed (both variants usable)
9:125780932:A:C,9:125845307:A:G,64375,0.9558594822883606,0.9136673212051392,computed (both variants usable)
9:125780932:A:C,9:127089775:A:G,1308843,0.028057919815182686,0.0007872468559071422,computed (both variants usable)
9:125780932:A:C,9:127867256:T:A,2086324,,,unknown: absent from panel
9:125780932:A:C,9:127900996:T:C,2120064,0.0004930662689730525,2.43114357090235e-07,computed (both variants usable)
9:125780932:A:C,9:128438005:A:G,2657073,0.0009077862487174571,8.240758688771166e-07,computed (both variants usable)
9:125780932:A:C,9:128490151:C:T,2709219,-0.014485864900052547,0.00020984027651138604,computed (both variants usable)
9:125780932:A:C,9:130303640:A:G,4522708,0.020599108189344406,0.00042432325426489115,computed (both variants usable)
9:125845307:A:G,9:127089775:A:G,1244468,0.02567729726433754,0.0006593235884793103,computed (both variants usable)
9:125845307:A:G,9:127867256:T:A,2021949,,,unknown: absent from panel
9:125845307:A:G,9:127900996:T:C,2055689,-0.009675777517259121,9.362067066831514e-05,computed (both variants usable)
9:125845307:A:G,9:128438005:A:G,2592698,0.009545841254293919,9.112308180192485e-05,computed (both variants usable)
9:125845307:A:G,9:128490151:C:T,2644844,-0.011747402139008045,0.00013800145825371146,computed (both variants usable)
9:125845307:A:G,9:130303640:A:G,4458333,0.009828714653849602,9.660363139118999e-05,computed (both variants usable)
9:127089775:A:G,9:127867256:T:A,777481,,,unknown: absent from panel
9:127089775:A:G,9:127900996:T:C,811221,-0.059378962963819504,0.003525861306115985,computed (both variants usable)
9:127089775:A:G,9:128438005:A:G,1348230,-0.06258302927017212,0.0039166356436908245,computed (both variants usable)
9:127089775:A:G,9:128490151:C:T,1400376,0.07202447950839996,0.005187525879591703,computed (both variants usable)
9:127089775:A:G,9:130303640:A:G,3213865,0.023124122992157936,0.0005347250844351947,computed (both variants usable)
9:127089775:A:G,9:136522274:C:T,9432499,0.05392119288444519,0.0029074950143694878,computed (both variants usable)
9:127089775:A:G,9:136535677:G:A,9445902,0.0747833102941513,0.0055925436317920685,computed (both variants usable)
9:127089775:A:G,9:136906752:G:A,9816977,0.0471300333738327,0.0022212399635463953,computed (both variants usable)
9:127867256:T:A,9:127900996:T:C,33740,,,unknown: absent from panel
9:127867256:T:A,9:128438005:A:G,570749,,,unknown: absent from panel
9:127867256:T:A,9:128490151:C:T,622895,,,unknown: absent from panel
9:127867256:T:A,9:130303640:A:G,2436384,,,unknown: absent from panel
9:127867256:T:A,9:136522274:C:T,8655018,,,unknown: absent from panel
9:127867256:T:A,9:136535677:G:A,8668421,,,unknown: absent from panel
9:127867256:T:A,9:136906752:G:A,9039496,,,unknown: absent from panel
9:127900996:T:C,9:128438005:A:G,537009,0.1479196399450302,0.021880220621824265,computed (both variants usable)
9:127900996:T:C,9:128490151:C:T,589155,-0.20548905432224274,0.04222575202584267,computed (both variants usable)
9:127900996:T:C,9:130303640:A:G,2402644,-0.01662578247487545,0.00027641665656119585,computed (both variants usable)
9:127900996:T:C,9:136522274:C:T,8621278,-0.02512982301414013,0.0006315080099739134,computed (both variants usable)
9:127900996:T:C,9:136535677:G:A,8634681,-0.04293394461274147,0.0018433235818520188,computed (both variants usable)
9:127900996:T:C,9:136906752:G:A,9005756,-0.019055111333727837,0.00036309726419858634,computed (both variants usable)
9:128438005:A:G,9:128490151:C:T,52146,-0.8548874258995056,0.7308325171470642,computed (both variants usable)
9:128438005:A:G,9:130303640:A:G,1865635,0.028043150901794434,0.0007864183280616999,computed (both variants usable)
9:128438005:A:G,9:136522274:C:T,8084269,-0.00014167721383273602,2.0072432604933965e-08,computed (both variants usable)
9:128438005:A:G,9:136535677:G:A,8097672,-0.01015622727572918,0.00010314895189367235,computed (both variants usable)
9:128438005:A:G,9:136906752:G:A,8468747,-0.00956285372376442,9.144817158812657e-05,computed (both variants usable)
9:128490151:C:T,9:130303640:A:G,1813489,0.006394999101758003,4.089601497980766e-05,computed (both variants usable)
9:128490151:C:T,9:136522274:C:T,8032123,0.01776677928864956,0.00031565845711156726,computed (both variants usable)
9:128490151:C:T,9:136535677:G:A,8045526,0.019719989970326424,0.00038887799018993974,computed (both variants usable)
9:128490151:C:T,9:136906752:G:A,8416601,0.01925867609679699,0.0003708965959958732,computed (both variants usable)
9:130303640:A:G,9:136522274:C:T,6218634,-0.01710326038300991,0.00029252152307890356,computed (both variants usable)
9:130303640:A:G,9:136535677:G:A,6232037,-0.022489121183753014,0.000505760544911027,computed (both variants usable)
9:130303640:A:G,9:136906752:G:A,6603112,0.009764629416167736,9.53479902818799e-05,computed (both variants usable)
9:136522274:C:T,9:136535677:G:A,13403,0.8819782137870789,0.7778855562210083,computed (both variants usable)
9:136522274:C:T,9:136906752:G:A,384478,0.0780201330780983,0.006087141111493111,computed (both variants usable)
9:136535677:G:A,9:136906752:G:A,371075,0.08334532380104065,0.006946443114429712,computed (both variants usable)
