a,b,dist,r,r2,ld_status
1:6645867:G:A,1:8489302:C:T,1843435,0.04390413,0.0019275725,computed (both variants usable)
1:6645867:G:A,1:10796866:T:C,4150999,-0.024965785,0.0006232904,computed (both variants usable)
1:6645867:G:A,1:10800746:C:T,4154879,0.008413859,7.0793016e-05,computed (both variants usable)
1:6645867:G:A,1:10802849:C:T,4156982,-0.05061793,0.0025621748,computed (both variants usable)
1:6645867:G:A,1:11864586:T:C,5218719,0.015862107,0.00025160646,computed (both variants usable)
1:6645867:G:A,1:11865804:A:G,5219937,0.015928501,0.00025371715,computed (both variants usable)
1:6645867:G:A,1:11892615:G:C,5246748,0.013847569,0.00019175517,computed (both variants usable)
1:6645867:G:A,1:16308447:T:C,9662580,0.0026947262,7.2615494e-06,computed (both variants usable)
1:6645867:G:A,1:16348729:G:A,9702862,-0.009087086,8.257513e-05,computed (both variants usable)
1:8489302:C:T,1:10796866:T:C,2307564,0.024373136,0.0005940498,computed (both variants usable)
1:8489302:C:T,1:10800746:C:T,2311444,-0.031345233,0.0009825237,computed (both variants usable)
1:8489302:C:T,1:10802849:C:T,2313547,0.06285408,0.0039506354,computed (both variants usable)
1:8489302:C:T,1:11864586:T:C,3375284,-0.0073655373,5.425114e-05,computed (both variants usable)
1:8489302:C:T,1:11865804:A:G,3376502,-0.010601149,0.00011238436,computed (both variants usable)
1:8489302:C:T,1:11892615:G:C,3403313,-0.004638257,2.1513428e-05,computed (both variants usable)
1:8489302:C:T,1:16308447:T:C,7819145,-0.019316398,0.0003731232,computed (both variants usable)
1:8489302:C:T,1:16348729:G:A,7859427,-0.046513367,0.0021634933,computed (both variants usable)
1:10796866:T:C,1:10800746:C:T,3880,0.5258436,0.27651152,computed (both variants usable)
1:10796866:T:C,1:10802849:C:T,5983,0.63908213,0.408426,computed (both variants usable)
1:10796866:T:C,1:11864586:T:C,1067720,-0.07361922,0.005419789,computed (both variants usable)
1:10796866:T:C,1:11865804:A:G,1068938,-0.067468114,0.0045519467,computed (both variants usable)
1:10796866:T:C,1:11892615:G:C,1095749,-0.06360979,0.004046205,computed (both variants usable)
1:10796866:T:C,1:16308447:T:C,5511581,0.02596552,0.0006742082,computed (both variants usable)
1:10796866:T:C,1:16348729:G:A,5551863,0.019851511,0.0003940825,computed (both variants usable)
1:10800746:C:T,1:10802849:C:T,2103,0.07303901,0.005334697,computed (both variants usable)
1:10800746:C:T,1:11864586:T:C,1063840,-0.023709249,0.0005621285,computed (both variants usable)
1:10800746:C:T,1:11865804:A:G,1065058,-0.027163455,0.0007378533,computed (both variants usable)
1:10800746:C:T,1:11892615:G:C,1091869,-0.024867015,0.00061836845,computed (both variants usable)
1:10800746:C:T,1:16308447:T:C,5507701,-0.020928275,0.00043799268,computed (both variants usable)
1:10800746:C:T,1:16348729:G:A,5547983,0.013001903,0.00016904948,computed (both variants usable)
1:10802849:C:T,1:11864586:T:C,1061737,-0.052994285,0.0028083941,computed (both variants usable)
1:10802849:C:T,1:11865804:A:G,1062955,-0.039085995,0.001527715,computed (both variants usable)
1:10802849:C:T,1:11892615:G:C,1089766,-0.04201435,0.0017652055,computed (both variants usable)
1:10802849:C:T,1:16308447:T:C,5505598,0.043132864,0.001860444,computed (both variants usable)
1:10802849:C:T,1:16348729:G:A,5545880,0.015113674,0.00022842315,computed (both variants usable)
1:11864586:T:C,1:11865804:A:G,1218,0.987812,0.9757725,computed (both variants usable)
1:11864586:T:C,1:11892615:G:C,28029,0.9876691,0.9754903,computed (both variants usable)
1:11864586:T:C,1:16308447:T:C,4443861,0.020838743,0.00043425322,computed (both variants usable)
1:11864586:T:C,1:16348729:G:A,4484143,-0.0046863947,2.1962296e-05,computed (both variants usable)
1:11865804:A:G,1:11892615:G:C,26811,0.9837315,0.96772766,computed (both variants usable)
1:11865804:A:G,1:16308447:T:C,4442643,0.02207614,0.00048735592,computed (both variants usable)
1:11865804:A:G,1:16348729:G:A,4482925,-0.0016030493,2.5697673e-06,computed (both variants usable)
1:11892615:G:C,1:16308447:T:C,4415832,0.023184428,0.0005375177,computed (both variants usable)
1:11892615:G:C,1:16348729:G:A,4456114,-0.0017488061,3.0583228e-06,computed (both variants usable)
1:16308447:T:C,1:16348729:G:A,40282,0.7950118,0.6320438,computed (both variants usable)
1:40043752:C:G,1:40045300:A:C,1548,0.9010136,0.8118255,computed (both variants usable)
1:40043752:C:G,1:40836794:G:A,793042,-0.019079613,0.0003640316,computed (both variants usable)
1:40045300:A:C,1:40836794:G:A,791494,-0.032534763,0.0010585109,computed (both variants usable)
1:56627805:A:C,1:56980222:A:C,352417,-0.0029951842,8.971128e-06,computed (both variants usable)
1:89295765:C:A,1:89332099:T:C,36334,-0.96028537,0.922148,computed (both variants usable)
1:89295765:C:A,1:89362631:G:A,66866,0.81825817,0.6695464,computed (both variants usable)
1:89295765:C:A,1:94619077:C:G,5323312,-0.0022596614,5.1060697e-06,computed (both variants usable)
1:89295765:C:A,1:94680185:A:G,5384420,0.0022596582,5.106055e-06,computed (both variants usable)
1:89295765:C:A,1:94769368:C:T,5473603,-0.01184869,0.00014039145,computed (both variants usable)
1:89332099:T:C,1:89362631:G:A,30532,-0.8575187,0.7353383,computed (both variants usable)
1:89332099:T:C,1:94619077:C:G,5286978,0.009786543,9.5776435e-05,computed (both variants usable)
1:89332099:T:C,1:94680185:A:G,5348086,-0.009786541,9.577638e-05,computed (both variants usable)
1:89332099:T:C,1:94769368:C:T,5437269,0.006306387,3.977052e-05,computed (both variants usable)
1:89362631:G:A,1:94619077:C:G,5256446,-0.024515485,0.000601009,computed (both variants usable)
1:89362631:G:A,1:94680185:A:G,5317554,0.024515476,0.0006010086,computed (both variants usable)
1:89362631:G:A,1:94769368:C:T,5406737,0.01808963,0.0003272347,computed (both variants usable)
1:94619077:C:G,1:94680185:A:G,61108,-1.0000011,1.0000021,computed (both variants usable)
1:94619077:C:G,1:94769368:C:T,150291,-0.8127971,0.66063917,computed (both variants usable)
1:94680185:A:G,1:94769368:C:T,89183,0.8127971,0.66063917,computed (both variants usable)
1:112343100:C:A,1:113044328:G:T,701228,0.04671223,0.0021820324,computed (both variants usable)
1:112343100:C:A,1:113046879:C:A,703779,0.054266747,0.00294488,computed (both variants usable)
1:112343100:C:A,1:113230758:A:G,887658,-0.011061245,0.00012235114,computed (both variants usable)
1:112343100:C:A,1:113244433:T:C,901333,-0.011061245,0.00012235114,computed (both variants usable)
1:113044328:G:T,1:113046879:C:A,2551,0.99303424,0.986117,computed (both variants usable)
1:113044328:G:T,1:113230758:A:G,186430,0.09453182,0.008936265,computed (both variants usable)
1:113044328:G:T,1:113244433:T:C,200105,0.09453182,0.008936265,computed (both variants usable)
1:113046879:C:A,1:113230758:A:G,183879,0.09559085,0.009137611,computed (both variants usable)
1:113046879:C:A,1:113244433:T:C,197554,0.09559085,0.009137611,computed (both variants usable)
1:113230758:A:G,1:113244433:T:C,13675,0.99999875,0.9999975,computed (both variants usable)
1:217736417:A:G,1:217737629:C:T,1212,0.9999996,0.99999917,computed (both variants usable)
1:217736417:A:G,1:221346974:T:C,3610557,0.0008899319,7.9197883e-07,computed (both variants usable)
1:217737629:C:T,1:221346974:T:C,3609345,0.0008899319,7.9197883e-07,computed (both variants usable)
1:221346974:T:C,1:230844992:C:T,9498018,0.05015339,0.0025153626,computed (both variants usable)
1:221346974:T:C,1:230851536:C:T,9504562,0.05104376,0.0026054655,computed (both variants usable)
1:221346974:T:C,1:231105480:C:A,9758506,-0.025572604,0.00065395806,computed (both variants usable)
1:230844992:C:T,1:230851536:C:T,6544,0.8922391,0.7960906,computed (both variants usable)
1:230844992:C:T,1:231105480:C:A,260488,0.0656347,0.0043079136,computed (both variants usable)
1:230851536:C:T,1:231105480:C:A,253944,0.13284771,0.017648514,computed (both variants usable)
1:243385307:A:G,1:243410208:A:G,24901,0.9649112,0.93105364,computed (both variants usable)
10:18443726:T:C,10:18445088:G:A,1362,0.99404,0.98811555,computed (both variants usable)
10:18443726:T:C,10:18451836:A:G,8110,0.947268,0.8973167,computed (both variants usable)
10:18443726:T:C,10:18708798:A:T,265072,-0.074928254,0.0056142434,computed (both variants usable)
10:18443726:T:C,10:18727959:C:G,284233,-0.032648847,0.0010659472,computed (both variants usable)
10:18445088:G:A,10:18451836:A:G,6748,0.9529714,0.9081545,computed (both variants usable)
10:18445088:G:A,10:18708798:A:T,263710,-0.07083378,0.0050174245,computed (both variants usable)
10:18445088:G:A,10:18727959:C:G,282871,-0.028875764,0.0008338098,computed (both variants usable)
10:18451836:A:G,10:18708798:A:T,256962,-0.057875413,0.0033495636,computed (both variants usable)
10:18451836:A:G,10:18727959:C:G,276123,-0.018815141,0.00035400953,computed (both variants usable)
10:18708798:A:T,10:18727959:C:G,19161,0.7447373,0.5546337,computed (both variants usable)
10:63511306:G:A,10:63515681:T:G,4375,1.0000007,1.0000014,computed (both variants usable)
10:96038686:G:A,10:96039597:G:C,911,0.9979995,0.996003,computed (both variants usable)
10:96038686:G:A,10:96231169:G:A,192483,0.09852754,0.009707677,computed (both variants usable)
10:96038686:G:A,10:104652323:C:T,8613637,-0.03478776,0.0012101881,computed (both variants usable)
10:96038686:G:A,10:104769709:T:C,8731023,-0.03478776,0.0012101881,computed (both variants usable)
10:96038686:G:A,10:104901491:T:C,8862805,-0.035774402,0.0012798079,computed (both variants usable)
10:96039597:G:C,10:96231169:G:A,191572,0.09780721,0.009566251,computed (both variants usable)
10:96039597:G:C,10:104652323:C:T,8612726,-0.035407133,0.0012536651,computed (both variants usable)
10:96039597:G:C,10:104769709:T:C,8730112,-0.035407133,0.0012536651,computed (both variants usable)
10:96039597:G:C,10:104901491:T:C,8861894,-0.036386136,0.001323951,computed (both variants usable)
10:96231169:G:A,10:104652323:C:T,8421154,-0.010342342,0.000106964035,computed (both variants usable)
10:96231169:G:A,10:104769709:T:C,8538540,-0.010342342,0.000106964035,computed (both variants usable)
10:96231169:G:A,10:104901491:T:C,8670322,-0.01919971,0.00036862888,computed (both variants usable)
10:104652323:C:T,10:104769709:T:C,117386,0.99999636,0.9999927,computed (both variants usable)
10:104652323:C:T,10:104901491:T:C,249168,0.98774904,0.97564816,computed (both variants usable)
10:104769709:T:C,10:104901491:T:C,131782,0.98774904,0.97564816,computed (both variants usable)
10:104769709:T:C,10:114750380:G:A,9980671,-0.010027526,0.000100551275,computed (both variants usable)
10:104769709:T:C,10:114765747:C:A,9996038,-0.014974286,0.00022422924,computed (both variants usable)
10:104901491:T:C,10:114750380:G:A,9848889,-0.0059755687,3.570742e-05,computed (both variants usable)
10:104901491:T:C,10:114765747:C:A,9864256,-0.010020979,0.00010042002,computed (both variants usable)
10:114750380:G:A,10:114765747:C:A,15367,0.74669427,0.55755234,computed (both variants usable)
10:114750380:G:A,10:115789375:C:T,1038995,-0.021986403,0.0004834019,computed (both variants usable)
10:114750380:G:A,10:115792787:G:A,1042407,-0.025571879,0.000653921,computed (both variants usable)
10:114750380:G:A,10:115805056:G:C,1054676,-0.015012862,0.00022538603,computed (both variants usable)
10:114750380:G:A,10:121426312:G:A,6675932,0.011144097,0.00012419089,computed (both variants usable)
10:114765747:C:A,10:115789375:C:T,1023628,0.006326723,4.0027422e-05,computed (both variants usable)
10:114765747:C:A,10:115792787:G:A,1027040,0.003389773,1.1490561e-05,computed (both variants usable)
10:114765747:C:A,10:115805056:G:C,1039309,0.015048028,0.00022644314,computed (both variants usable)
10:114765747:C:A,10:121426312:G:A,6660565,0.006994834,4.8927704e-05,computed (both variants usable)
10:115789375:C:T,10:115792787:G:A,3412,0.9977264,0.99545795,computed (both variants usable)
10:115789375:C:T,10:115805056:G:C,15681,0.98176175,0.96385616,computed (both variants usable)
10:115789375:C:T,10:121426312:G:A,5636937,-0.0001237131,1.5304929e-08,computed (both variants usable)
10:115792787:G:A,10:115805056:G:C,12269,0.9841003,0.96845335,computed (both variants usable)
10:115792787:G:A,10:121426312:G:A,5633525,0.0011780186,1.3877279e-06,computed (both variants usable)
10:115805056:G:C,10:121426312:G:A,5621256,0.0016340584,2.6701468e-06,computed (both variants usable)
11:1887068:T:G,11:1887806:T:A,738,0.6362745,0.40484527,computed (both variants usable)
11:1887068:T:G,11:1888614:C:T,1546,0.9515644,0.9054748,computed (both variants usable)
11:1887068:T:G,11:2152755:G:A,265687,-0.06483748,0.0042038984,computed (both variants usable)
11:1887068:T:G,11:9957324:A:C,8070256,-0.037914097,0.0014374788,computed (both variants usable)
11:1887068:T:G,11:10157776:A:G,8270708,-0.009387963,8.813386e-05,computed (both variants usable)
11:1887068:T:G,11:10273128:C:T,8386060,-0.006489098,4.2108393e-05,computed (both variants usable)
11:1887068:T:G,11:10296756:A:G,8409688,-0.00039287854,1.5435356e-07,computed (both variants usable)
11:1887806:T:A,11:1888614:C:T,808,0.6094407,0.37141794,computed (both variants usable)
11:1887806:T:A,11:2152755:G:A,264949,-0.027504073,0.00075647404,computed (both variants usable)
11:1887806:T:A,11:9957324:A:C,8069518,-0.06186866,0.0038277311,computed (both variants usable)
11:1887806:T:A,11:10157776:A:G,8269970,0.010437394,0.00010893918,computed (both variants usable)
11:1887806:T:A,11:10273128:C:T,8385322,0.017286591,0.00029882623,computed (both variants usable)
11:1887806:T:A,11:10296756:A:G,8408950,0.021899022,0.00047956718,computed (both variants usable)
11:1888614:C:T,11:2152755:G:A,264141,-0.063151404,0.0039880998,computed (both variants usable)
11:1888614:C:T,11:9957324:A:C,8068710,-0.043669395,0.001907016,computed (both variants usable)
11:1888614:C:T,11:10157776:A:G,8269162,-0.0038651568,1.4939437e-05,computed (both variants usable)
11:1888614:C:T,11:10273128:C:T,8384514,-0.00082904834,6.873211e-07,computed (both variants usable)
11:1888614:C:T,11:10296756:A:G,8408142,0.0049992986,2.4992987e-05,computed (both variants usable)
11:2152755:G:A,11:9957324:A:C,7804569,-0.0020764682,4.31172e-06,computed (both variants usable)
11:2152755:G:A,11:10157776:A:G,8005021,-0.0077225314,5.9637492e-05,computed (both variants usable)
11:2152755:G:A,11:10273128:C:T,8120373,-0.016668886,0.00027785177,computed (both variants usable)
11:2152755:G:A,11:10296756:A:G,8144001,-0.014355903,0.00020609194,computed (both variants usable)
11:9957324:A:C,11:10157776:A:G,200452,0.040564362,0.0016454675,computed (both variants usable)
11:9957324:A:C,11:10273128:C:T,315804,0.042249147,0.0017849904,computed (both variants usable)
11:9957324:A:C,11:10296756:A:G,339432,0.04230196,0.0017894559,computed (both variants usable)
11:9957324:A:C,11:13293905:C:T,3336581,0.0018048283,3.257405e-06,computed (both variants usable)
11:9957324:A:C,11:13340710:T:A,3383386,0.0006804243,4.629772e-07,computed (both variants usable)
11:9957324:A:C,11:16295390:G:A,6338066,0.052579127,0.0027645647,computed (both variants usable)
11:9957324:A:C,11:16304089:A:C,6346765,-0.05305995,0.0028153583,computed (both variants usable)
11:9957324:A:C,11:16352545:T:C,6395221,-0.035947863,0.0012922488,computed (both variants usable)
11:10157776:A:G,11:10273128:C:T,115352,0.97342896,0.94756395,computed (both variants usable)
11:10157776:A:G,11:10296756:A:G,138980,0.9822097,0.96473587,computed (both variants usable)
11:10157776:A:G,11:13293905:C:T,3136129,-0.019447763,0.00037821545,computed (both variants usable)
11:10157776:A:G,11:13340710:T:A,3182934,0.024163775,0.00058388803,computed (both variants usable)
11:10157776:A:G,11:16295390:G:A,6137614,0.010274594,0.00010556728,computed (both variants usable)
11:10157776:A:G,11:16304089:A:C,6146313,-0.006379148,4.069353e-05,computed (both variants usable)
11:10157776:A:G,11:16352545:T:C,6194769,0.0002592853,6.722887e-08,computed (both variants usable)
11:10273128:C:T,11:10296756:A:G,23628,0.9911506,0.98237956,computed (both variants usable)
11:10273128:C:T,11:13293905:C:T,3020777,-0.023332447,0.0005444031,computed (both variants usable)
11:10273128:C:T,11:13340710:T:A,3067582,0.017055271,0.00029088228,computed (both variants usable)
11:10273128:C:T,11:16295390:G:A,6022262,0.0053202994,2.8305585e-05,computed (both variants usable)
11:10273128:C:T,11:16304089:A:C,6030961,-0.0013839967,1.9154468e-06,computed (both variants usable)
11:10273128:C:T,11:16352545:T:C,6079417,0.0051033017,2.6043688e-05,computed (both variants usable)
11:10296756:A:G,11:13293905:C:T,2997149,-0.022521487,0.00050721737,computed (both variants usable)
11:10296756:A:G,11:13340710:T:A,3043954,0.015382611,0.00023662472,computed (both variants usable)
11:10296756:A:G,11:16295390:G:A,5998634,0.0017682055,3.1265508e-06,computed (both variants usable)
11:10296756:A:G,11:16304089:A:C,6007333,0.002154091,4.640108e-06,computed (both variants usable)
11:10296756:A:G,11:16352545:T:C,6055789,0.008777029,7.703624e-05,computed (both variants usable)
11:13293905:C:T,11:13340710:T:A,46805,-0.7672554,0.58868086,computed (both variants usable)
11:13293905:C:T,11:16295390:G:A,3001485,0.00063722127,4.0605093e-07,computed (both variants usable)
11:13293905:C:T,11:16304089:A:C,3010184,0.00032610225,1.06342675e-07,computed (both variants usable)
11:13293905:C:T,11:16352545:T:C,3058640,-0.008090192,6.545121e-05,computed (both variants usable)
11:13340710:T:A,11:16295390:G:A,2954680,0.0069382885,4.8139846e-05,computed (both variants usable)
11:13340710:T:A,11:16304089:A:C,2963379,-0.008809322,7.760415e-05,computed (both variants usable)
11:13340710:T:A,11:16352545:T:C,3011835,-0.0032626553,1.064492e-05,computed (both variants usable)
11:16295390:G:A,11:16304089:A:C,8699,-0.9904485,0.9809882,computed (both variants usable)
11:16295390:G:A,11:16352545:T:C,57155,-0.9687366,0.9384506,computed (both variants usable)
11:16304089:A:C,11:16352545:T:C,48456,0.97193485,0.9446574,computed (both variants usable)
11:30429438:A:G,11:30760335:T:C,330897,-0.003953503,1.5630187e-05,computed (both variants usable)
11:30429438:A:G,11:38490580:A:T,8061142,0.04950006,0.002450256,computed (both variants usable)
11:30760335:T:C,11:38490580:A:T,7730245,0.05184113,0.0026875027,computed (both variants usable)
11:38490580:A:T,11:47361838:A:G,8871258,-0.010302035,0.00010613193,computed (both variants usable)
11:47361838:A:G,11:48633537:C:T,1271699,0.09345272,0.008733411,computed (both variants usable)
11:47361838:A:G,11:55112643:T:C,7750805,0.20394935,0.041595336,computed (both variants usable)
11:47361838:A:G,11:55123720:C:T,7761882,0.19591631,0.0383832,computed (both variants usable)
11:47361838:A:G,11:55213614:C:T,7851776,0.19591631,0.0383832,computed (both variants usable)
11:48633537:C:T,11:55112643:T:C,6479106,0.6202661,0.38473,computed (both variants usable)
11:48633537:C:T,11:55123720:C:T,6490183,0.6061806,0.36745492,computed (both variants usable)
11:48633537:C:T,11:55213614:C:T,6580077,0.6061806,0.36745492,computed (both variants usable)
11:48633537:C:T,11:58370698:G:A,9737161,-0.0456186,0.0020810568,computed (both variants usable)
11:48633537:C:T,11:58376276:C:T,9742739,-0.0456186,0.0020810568,computed (both variants usable)
11:48633537:C:T,11:58407740:C:G,9774203,-0.04662067,0.0021734869,computed (both variants usable)
11:55112643:T:C,11:55123720:C:T,11077,0.97749233,0.95549124,computed (both variants usable)
11:55112643:T:C,11:55213614:C:T,100971,0.97749233,0.95549124,computed (both variants usable)
11:55112643:T:C,11:58370698:G:A,3258055,-0.055512484,0.0030816358,computed (both variants usable)
11:55112643:T:C,11:58376276:C:T,3263633,-0.055512484,0.0030816358,computed (both variants usable)
11:55112643:T:C,11:58407740:C:G,3295097,-0.05631427,0.003171297,computed (both variants usable)
11:55112643:T:C,11:61272565:T:C,6159922,-0.03298332,0.0010878996,computed (both variants usable)
11:55112643:T:C,11:61274790:T:G,6162147,-0.061881464,0.0038293155,computed (both variants usable)
11:55112643:T:C,11:61278246:T:C,6165603,-0.019776898,0.00039112568,computed (both variants usable)
11:55123720:C:T,11:55213614:C:T,89894,1.0000017,1.0000033,computed (both variants usable)
11:55123720:C:T,11:58370698:G:A,3246978,-0.047697965,0.0022750958,computed (both variants usable)
11:55123720:C:T,11:58376276:C:T,3252556,-0.047697965,0.0022750958,computed (both variants usable)
11:55123720:C:T,11:58407740:C:G,3284020,-0.048490167,0.0023512964,computed (both variants usable)
11:55123720:C:T,11:61272565:T:C,6148845,-0.028127942,0.0007911811,computed (both variants usable)
11:55123720:C:T,11:61274790:T:G,6151070,-0.058672633,0.003442478,computed (both variants usable)
11:55123720:C:T,11:61278246:T:C,6154526,-0.014560477,0.0002120075,computed (both variants usable)
11:55213614:C:T,11:58370698:G:A,3157084,-0.047697965,0.0022750958,computed (both variants usable)
11:55213614:C:T,11:58376276:C:T,3162662,-0.047697965,0.0022750958,computed (both variants usable)
11:55213614:C:T,11:58407740:C:G,3194126,-0.048490167,0.0023512964,computed (both variants usable)
11:55213614:C:T,11:61272565:T:C,6058951,-0.028127942,0.0007911811,computed (both variants usable)
11:55213614:C:T,11:61274790:T:G,6061176,-0.058672633,0.003442478,computed (both variants usable)
11:55213614:C:T,11:61278246:T:C,6064632,-0.014560477,0.0002120075,computed (both variants usable)
11:58370698:G:A,11:58376276:C:T,5578,0.9999996,0.99999917,computed (both variants usable)
11:58370698:G:A,11:58407740:C:G,37042,0.9973563,0.99471956,computed (both variants usable)
11:58370698:G:A,11:61272565:T:C,2901867,0.024920331,0.0006210229,computed (both variants usable)
11:58370698:G:A,11:61274790:T:G,2904092,0.039222617,0.0015384137,computed (both variants usable)
11:58370698:G:A,11:61278246:T:C,2907548,0.015562805,0.00024220091,computed (both variants usable)
11:58370698:G:A,11:65405600:G:T,7034902,-0.00057138735,3.264835e-07,computed (both variants usable)
11:58370698:G:A,11:65564786:G:A,7194088,-0.008130975,6.6112756e-05,computed (both variants usable)
11:58376276:C:T,11:58407740:C:G,31464,0.9973563,0.99471956,computed (both variants usable)
11:58376276:C:T,11:61272565:T:C,2896289,0.024920331,0.0006210229,computed (both variants usable)
11:58376276:C:T,11:61274790:T:G,2898514,0.039222617,0.0015384137,computed (both variants usable)
11:58376276:C:T,11:61278246:T:C,2901970,0.015562805,0.00024220091,computed (both variants usable)
11:58376276:C:T,11:65405600:G:T,7029324,-0.00057138735,3.264835e-07,computed (both variants usable)
11:58376276:C:T,11:65564786:G:A,7188510,-0.008130975,6.6112756e-05,computed (both variants usable)
11:58407740:C:G,11:61272565:T:C,2864825,0.024068736,0.000579304,computed (both variants usable)
11:58407740:C:G,11:61274790:T:G,2867050,0.03852557,0.0014842196,computed (both variants usable)
11:58407740:C:G,11:61278246:T:C,2870506,0.014703118,0.00021618168,computed (both variants usable)
11:58407740:C:G,11:65405600:G:T,6997860,-0.00171195,2.930773e-06,computed (both variants usable)
11:58407740:C:G,11:65564786:G:A,7157046,-0.004840969,2.3434983e-05,computed (both variants usable)
11:61272565:T:C,11:61274790:T:G,2225,0.77618915,0.6024696,computed (both variants usable)
11:61272565:T:C,11:61278246:T:C,5681,0.96631026,0.9337555,computed (both variants usable)
11:61272565:T:C,11:65405600:G:T,4133035,-0.013074741,0.00017094884,computed (both variants usable)
11:61272565:T:C,11:65564786:G:A,4292221,-0.07611501,0.005793495,computed (both variants usable)
11:61272565:T:C,11:69257221:A:G,7984656,0.012801215,0.00016387111,computed (both variants usable)
11:61274790:T:G,11:61278246:T:C,3456,0.7693015,0.59182477,computed (both variants usable)
11:61274790:T:G,11:65405600:G:T,4130810,-0.025872627,0.0006693928,computed (both variants usable)
11:61274790:T:G,11:65564786:G:A,4289996,-0.06710857,0.0045035603,computed (both variants usable)
11:61274790:T:G,11:69257221:A:G,7982431,0.040572066,0.0016460925,computed (both variants usable)
11:61278246:T:C,11:65405600:G:T,4127354,-0.012787453,0.00016351895,computed (both variants usable)
11:61278246:T:C,11:65564786:G:A,4286540,-0.07234945,0.005234443,computed (both variants usable)
11:61278246:T:C,11:69257221:A:G,7978975,0.010035863,0.00010071855,computed (both variants usable)
11:65405600:G:T,11:65564786:G:A,159186,0.09757835,0.009521534,computed (both variants usable)
11:65405600:G:T,11:69257221:A:G,3851621,-0.03200816,0.0010245224,computed (both variants usable)
11:65564786:G:A,11:69257221:A:G,3692435,-0.0046415655,2.154413e-05,computed (both variants usable)
11:100593538:G:C,11:100610546:T:C,17008,0.9529787,0.9081684,computed (both variants usable)
11:113528519:C:T,11:113670751:G:A,142232,0.8868494,0.7865019,computed (both variants usable)
11:113528519:C:T,11:116648917:G:C,3120398,-0.0057016835,3.2509193e-05,computed (both variants usable)
11:113528519:C:T,11:122524741:G:A,8996222,-0.012078721,0.00014589551,computed (both variants usable)
11:113528519:C:T,11:122527212:G:C,8998693,-0.012078721,0.00014589551,computed (both variants usable)
11:113670751:G:A,11:116648917:G:C,2978166,-0.036615286,0.0013406791,computed (both variants usable)
11:113670751:G:A,11:122524741:G:A,8853990,0.019043224,0.00036264438,computed (both variants usable)
11:113670751:G:A,11:122527212:G:C,8856461,0.019043224,0.00036264438,computed (both variants usable)
11:116648917:G:C,11:122524741:G:A,5875824,0.03431279,0.0011773674,computed (both variants usable)
11:116648917:G:C,11:122527212:G:C,5878295,0.03431279,0.0011773674,computed (both variants usable)
11:122524741:G:A,11:122527212:G:C,2471,0.9999983,0.99999654,computed (both variants usable)
12:12627409:C:A,12:12887977:C:T,260568,-0.067600146,0.0045697796,computed (both variants usable)
12:12627409:C:A,12:20000315:A:C,7372906,0.0030678774,9.411871e-06,computed (both variants usable)
12:12627409:C:A,12:20007597:C:A,7380188,0.004602827,2.1186017e-05,computed (both variants usable)
12:12627409:C:A,12:20161168:A:G,7533759,0.0006812664,4.6412393e-07,computed (both variants usable)
12:12627409:C:A,12:20190630:A:T,7563221,0.007333727,5.378355e-05,computed (both variants usable)
12:12627409:C:A,12:20368269:T:C,7740860,0.021165043,0.00044795906,computed (both variants usable)
12:12627409:C:A,12:20373541:A:G,7746132,0.01883766,0.00035485745,computed (both variants usable)
12:12627409:C:A,12:20380250:C:T,7752841,0.0053280704,2.8388335e-05,computed (both variants usable)
12:12887977:C:T,12:20000315:A:C,7112338,-0.024011498,0.00057655206,computed (both variants usable)
12:12887977:C:T,12:20007597:C:A,7119620,-0.028149819,0.0007924123,computed (both variants usable)
12:12887977:C:T,12:20161168:A:G,7273191,0.0048057563,2.3095294e-05,computed (both variants usable)
12:12887977:C:T,12:20190630:A:T,7302653,-0.010346367,0.00010704731,computed (both variants usable)
12:12887977:C:T,12:20368269:T:C,7480292,0.04418255,0.0019520978,computed (both variants usable)
12:12887977:C:T,12:20373541:A:G,7485564,0.0422125,0.0017818953,computed (both variants usable)
12:12887977:C:T,12:20380250:C:T,7492273,0.022926519,0.00052562525,computed (both variants usable)
12:20000315:A:C,12:20007597:C:A,7282,0.9966568,0.99332476,computed (both variants usable)
12:20000315:A:C,12:20161168:A:G,160853,0.049675085,0.0024676141,computed (both variants usable)
12:20000315:A:C,12:20190630:A:T,190315,-0.03875975,0.0015023182,computed (both variants usable)
12:20000315:A:C,12:20368269:T:C,367954,-0.031076552,0.0009657521,computed (both variants usable)
12:20000315:A:C,12:20373541:A:G,373226,-0.034685835,0.0012031072,computed (both variants usable)
12:20000315:A:C,12:20380250:C:T,379935,-0.027700147,0.0007672981,computed (both variants usable)
12:20000315:A:C,12:26452656:C:G,6452341,0.09615163,0.009245136,computed (both variants usable)
12:20000315:A:C,12:26471958:G:A,6471643,0.09724391,0.009456378,computed (both variants usable)
12:20007597:C:A,12:20161168:A:G,153571,0.0513728,0.0026391647,computed (both variants usable)
12:20007597:C:A,12:20190630:A:T,183033,-0.040474012,0.0016381457,computed (both variants usable)
12:20007597:C:A,12:20368269:T:C,360672,-0.029415455,0.000865269,computed (both variants usable)
12:20007597:C:A,12:20373541:A:G,365944,-0.033040304,0.0010916616,computed (both variants usable)
12:20007597:C:A,12:20380250:C:T,372653,-0.026135659,0.00068307266,computed (both variants usable)
12:20007597:C:A,12:26452656:C:G,6445059,0.09810846,0.009625271,computed (both variants usable)
12:20007597:C:A,12:26471958:G:A,6464361,0.09919889,0.00984042,computed (both variants usable)
12:20161168:A:G,12:20190630:A:T,29462,-0.97073203,0.9423207,computed (both variants usable)
12:20161168:A:G,12:20368269:T:C,207101,0.07399517,0.0054752855,computed (both variants usable)
12:20161168:A:G,12:20373541:A:G,212373,0.076784335,0.005895834,computed (both variants usable)
12:20161168:A:G,12:20380250:C:T,219082,0.0914916,0.008370713,computed (both variants usable)
12:20161168:A:G,12:26452656:C:G,6291488,0.013004124,0.00016910724,computed (both variants usable)
12:20161168:A:G,12:26471958:G:A,6310790,0.014335344,0.00020550207,computed (both variants usable)
12:20190630:A:T,12:20368269:T:C,177639,-0.08229013,0.006771665,computed (both variants usable)
12:20190630:A:T,12:20373541:A:G,182911,-0.08516001,0.007252227,computed (both variants usable)
12:20190630:A:T,12:20380250:C:T,189620,-0.101093076,0.01021981,computed (both variants usable)
12:20190630:A:T,12:26452656:C:G,6262026,-0.0074094865,5.490049e-05,computed (both variants usable)
12:20190630:A:T,12:26471958:G:A,6281328,-0.008768796,7.689178e-05,computed (both variants usable)
12:20368269:T:C,12:20373541:A:G,5272,0.9906834,0.98145354,computed (both variants usable)
12:20368269:T:C,12:20380250:C:T,11981,0.9255484,0.8566398,computed (both variants usable)
12:20368269:T:C,12:26452656:C:G,6084387,-0.018515542,0.0003428253,computed (both variants usable)
12:20368269:T:C,12:26471958:G:A,6103689,-0.021732843,0.00047231643,computed (both variants usable)
12:20373541:A:G,12:20380250:C:T,6709,0.92991406,0.86474013,computed (both variants usable)
12:20373541:A:G,12:26452656:C:G,6079115,-0.020264013,0.00041063022,computed (both variants usable)
12:20373541:A:G,12:26471958:G:A,6098417,-0.023497641,0.0005521391,computed (both variants usable)
12:20380250:C:T,12:26452656:C:G,6072406,-0.0038280995,1.4654345e-05,computed (both variants usable)
12:20380250:C:T,12:26471958:G:A,6091708,-0.007237728,5.238471e-05,computed (both variants usable)
12:26452656:C:G,12:26471958:G:A,19302,0.99769825,0.9954018,computed (both variants usable)
12:50263148:G:A,12:50537815:A:G,274667,0.04554916,0.0020747262,computed (both variants usable)
12:50263148:G:A,12:50561998:A:G,298850,-0.045790955,0.0020968115,computed (both variants usable)
12:50263148:G:A,12:54441498:C:T,4178350,-0.0590758,0.00348995,computed (both variants usable)
12:50537815:A:G,12:50561998:A:G,24183,-0.9938028,0.98764396,computed (both variants usable)
12:50537815:A:G,12:54441498:C:T,3903683,0.049387626,0.0024391375,computed (both variants usable)
12:50561998:A:G,12:54441498:C:T,3879500,-0.0532646,0.0028371175,computed (both variants usable)
12:84265826:T:C,12:84356791:T:C,90965,0.89917916,0.8085232,computed (both variants usable)
12:84265826:T:C,12:90025622:G:A,5759796,0.0008632475,7.4519625e-07,computed (both variants usable)
12:84265826:T:C,12:90062376:G:A,5796550,-0.009411884,8.8583554e-05,computed (both variants usable)
12:84265826:T:C,12:90301665:C:T,6035839,-0.021583043,0.00046582776,computed (both variants usable)
12:84356791:T:C,12:90025622:G:A,5668831,0.009054423,8.198258e-05,computed (both variants usable)
12:84356791:T:C,12:90062376:G:A,5705585,-0.015259091,0.00023283986,computed (both variants usable)
12:84356791:T:C,12:90301665:C:T,5944874,-0.01523291,0.00023204157,computed (both variants usable)
12:90025622:G:A,12:90062376:G:A,36754,-0.52339196,0.27393913,computed (both variants usable)
12:90025622:G:A,12:90301665:C:T,276043,-0.34559608,0.119436644,computed (both variants usable)
12:90062376:G:A,12:90301665:C:T,239289,0.08049814,0.00647995,computed (both variants usable)
12:111835990:A:G,12:111884608:T:C,48618,0.48425674,0.2345046,computed (both variants usable)
12:111835990:A:G,12:112007756:C:T,171766,0.47661024,0.22715732,computed (both variants usable)
12:111835990:A:G,12:115552878:G:C,3716888,0.06661081,0.0044370005,computed (both variants usable)
12:111835990:A:G,12:115555867:A:G,3719877,0.0643982,0.004147128,computed (both variants usable)
12:111835990:A:G,12:115921518:T:C,4085528,0.006765166,4.576747e-05,computed (both variants usable)
12:111835990:A:G,12:115934758:G:A,4098768,-0.0020362746,4.1464145e-06,computed (both variants usable)
12:111835990:A:G,12:117577899:A:T,5741909,-0.0044542546,1.9840385e-05,computed (both variants usable)
12:111884608:T:C,12:112007756:C:T,123148,0.9720387,0.9448592,computed (both variants usable)
12:111884608:T:C,12:115552878:G:C,3668270,0.01939215,0.00037605545,computed (both variants usable)
12:111884608:T:C,12:115555867:A:G,3671259,0.02315672,0.00053623365,computed (both variants usable)
12:111884608:T:C,12:115921518:T:C,4036910,0.011683512,0.00013650444,computed (both variants usable)
12:111884608:T:C,12:115934758:G:A,4050150,-0.030390164,0.00092356204,computed (both variants usable)
12:111884608:T:C,12:117577899:A:T,5693291,-0.03818288,0.0014579324,computed (both variants usable)
12:112007756:C:T,12:115552878:G:C,3545122,0.0063110427,3.982926e-05,computed (both variants usable)
12:112007756:C:T,12:115555867:A:G,3548111,0.0101018995,0.000102048376,computed (both variants usable)
12:112007756:C:T,12:115921518:T:C,3913762,0.008333871,6.945341e-05,computed (both variants usable)
12:112007756:C:T,12:115934758:G:A,3927002,-0.027628673,0.0007633436,computed (both variants usable)
12:112007756:C:T,12:117577899:A:T,5570143,-0.050466385,0.002546856,computed (both variants usable)
12:115552878:G:C,12:115555867:A:G,2989,0.99585354,0.99172425,computed (both variants usable)
12:115552878:G:C,12:115921518:T:C,368640,0.0023962639,5.7420807e-06,computed (both variants usable)
12:115552878:G:C,12:115934758:G:A,381880,-0.01120893,0.00012564012,computed (both variants usable)
12:115552878:G:C,12:117577899:A:T,2025021,0.0008382877,7.0272625e-07,computed (both variants usable)
12:115555867:A:G,12:115921518:T:C,365651,0.0016807836,2.8250333e-06,computed (both variants usable)
12:115555867:A:G,12:115934758:G:A,378891,-0.009662227,9.335863e-05,computed (both variants usable)
12:115555867:A:G,12:117577899:A:T,2022032,-0.0013241809,1.753455e-06,computed (both variants usable)
12:115921518:T:C,12:115934758:G:A,13240,-0.81407654,0.6627206,computed (both variants usable)
12:115921518:T:C,12:117577899:A:T,1656381,0.02336897,0.00054610876,computed (both variants usable)
12:115934758:G:A,12:117577899:A:T,1643141,-0.008814509,7.769557e-05,computed (both variants usable)
13:73824424:C:T,13:73830066:A:G,5642,0.9191845,0.84490013,computed (both variants usable)
13:73824424:C:T,13:73839550:G:T,15126,-0.85349464,0.7284531,computed (both variants usable)
13:73824424:C:T,13:73995877:G:C,171453,-0.04713845,0.0022220335,computed (both variants usable)
13:73830066:A:G,13:73839550:G:T,9484,-0.92960155,0.86415905,computed (both variants usable)
13:73830066:A:G,13:73995877:G:C,165811,-0.044091165,0.0019440309,computed (both variants usable)
13:73839550:G:T,13:73995877:G:C,156327,0.03234862,0.0010464333,computed (both variants usable)
13:110873556:G:C,13:113636156:C:T,2762600,-0.013108833,0.0001718415,computed (both variants usable)
13:110873556:G:C,13:114995733:T:C,4122177,0.035318363,0.0012473868,computed (both variants usable)
13:113636156:C:T,13:114995733:T:C,1359577,-0.0033056987,1.0927644e-05,computed (both variants usable)
14:72468149:G:A,14:72470336:C:T,2187,1.0000001,1.0000002,computed (both variants usable)
14:103859962:C:T,14:103959289:G:T,99327,0.99542916,0.99087924,computed (both variants usable)
14:103859962:C:T,14:103984537:T:C,124575,0.28180006,0.079411276,computed (both variants usable)
14:103959289:G:T,14:103984537:T:C,25248,0.28051186,0.0786869,computed (both variants usable)
15:41311799:T:C,15:41410705:G:A,98906,-0.96635467,0.93384135,computed (both variants usable)
15:41311799:T:C,15:41462468:G:A,150669,-0.8438256,0.7120416,computed (both variants usable)
15:41410705:G:A,15:41462468:G:A,51763,0.8635983,0.745802,computed (both variants usable)
15:64832036:A:G,15:68080886:A:T,3248850,0.04105927,0.0016858637,computed (both variants usable)
15:64832036:A:G,15:69682916:A:G,4850880,-0.04174039,0.0017422603,computed (both variants usable)
15:68080886:A:T,15:69682916:A:G,1602030,-0.027713308,0.00076802744,computed (both variants usable)
15:68080886:A:T,15:75077367:C:A,6996481,0.046052694,0.0021208506,computed (both variants usable)
15:68080886:A:T,15:75082552:C:G,7001666,0.046052694,0.0021208506,computed (both variants usable)
15:68080886:A:T,15:75115895:G:A,7035009,0.05227647,0.0027328292,computed (both variants usable)
15:69682916:A:G,15:75077367:C:A,5394451,0.044549823,0.0019846868,computed (both variants usable)
15:69682916:A:G,15:75082552:C:G,5399636,0.044549823,0.0019846868,computed (both variants usable)
15:69682916:A:G,15:75115895:G:A,5432979,-0.004778497,2.2834032e-05,computed (both variants usable)
15:75077367:C:A,15:75082552:C:G,5185,0.9999973,0.99999464,computed (both variants usable)
15:75077367:C:A,15:75115895:G:A,38528,0.807572,0.65217257,computed (both variants usable)
15:75077367:C:A,15:81025457:G:C,5948090,-0.007216725,5.208112e-05,computed (both variants usable)
15:75077367:C:A,15:81028965:C:G,5951598,-0.009376824,8.7924825e-05,computed (both variants usable)
15:75077367:C:A,15:81042816:A:G,5965449,-0.002377061,5.6504186e-06,computed (both variants usable)
15:75082552:C:G,15:75115895:G:A,33343,0.807572,0.65217257,computed (both variants usable)
15:75082552:C:G,15:81025457:G:C,5942905,-0.007216725,5.208112e-05,computed (both variants usable)
15:75082552:C:G,15:81028965:C:G,5946413,-0.009376824,8.7924825e-05,computed (both variants usable)
15:75082552:C:G,15:81042816:A:G,5960264,-0.002377061,5.6504186e-06,computed (both variants usable)
15:75115895:G:A,15:81025457:G:C,5909562,-0.015542352,0.00024156469,computed (both variants usable)
15:75115895:G:A,15:81028965:C:G,5913070,-0.015569896,0.00024242168,computed (both variants usable)
15:75115895:G:A,15:81042816:A:G,5926921,-0.010299592,0.0001060816,computed (both variants usable)
15:81025457:G:C,15:81028965:C:G,3508,0.8767872,0.7687558,computed (both variants usable)
15:81025457:G:C,15:81042816:A:G,17359,0.8612229,0.74170494,computed (both variants usable)
15:81028965:C:G,15:81042816:A:G,13851,0.9860808,0.97235537,computed (both variants usable)
15:91418394:C:T,15:91429176:G:T,10782,0.9726799,0.9461062,computed (both variants usable)
15:91418394:C:T,15:91437388:A:T,18994,0.949879,0.9022701,computed (both variants usable)
15:91429176:G:T,15:91437388:A:T,8212,0.97254854,0.9458507,computed (both variants usable)
16:4012480:T:C,16:4020732:C:T,8252,0.68118364,0.46401113,computed (both variants usable)
16:4012480:T:C,16:4918326:G:T,905846,-0.00334844,1.121205e-05,computed (both variants usable)
16:4020732:C:T,16:4918326:G:T,897594,0.054547224,0.0029753996,computed (both variants usable)
16:15817195:G:C,16:20359633:C:T,4542438,-0.0067103175,4.502836e-05,computed (both variants usable)
16:15817195:G:C,16:24733141:A:G,8915946,-0.018653624,0.00034795768,computed (both variants usable)
16:15817195:G:C,16:24824248:G:A,9007053,0.023402136,0.00054765993,computed (both variants usable)
16:20359633:C:T,16:24733141:A:G,4373508,-0.036651164,0.0013433079,computed (both variants usable)
16:20359633:C:T,16:24824248:G:A,4464615,0.03521599,0.0012401659,computed (both variants usable)
16:24733141:A:G,16:24824248:G:A,91107,-0.9963535,0.9927203,computed (both variants usable)
16:49761470:G:A,16:49771659:A:G,10189,-0.9070372,0.8227165,computed (both variants usable)
16:49761470:G:A,16:53810546:C:A,4049076,0.059536308,0.003544572,computed (both variants usable)
16:49761470:G:A,16:53825905:G:A,4064435,0.057547554,0.003311721,computed (both variants usable)
16:49771659:A:G,16:53810546:C:A,4038887,-0.04403918,0.0019394492,computed (both variants usable)
16:49771659:A:G,16:53825905:G:A,4054246,-0.042402755,0.0017979937,computed (both variants usable)
16:53810546:C:A,16:53825905:G:A,15359,0.99591064,0.99183804,computed (both variants usable)
16:75390316:T:A,16:75419373:G:A,29057,0.9720594,0.94489956,computed (both variants usable)
16:75390316:T:A,16:75443816:T:C,53500,0.9939078,0.98785275,computed (both variants usable)
16:75390316:T:A,16:81510155:G:A,6119839,-0.089674376,0.008041494,computed (both variants usable)
16:75390316:T:A,16:81510471:C:G,6120155,-0.08621267,0.0074326247,computed (both variants usable)
16:75390316:T:A,16:81510742:C:T,6120426,-0.0901289,0.008123218,computed (both variants usable)
16:75390316:T:A,16:81603235:T:C,6212919,0.00284117,8.072247e-06,computed (both variants usable)
16:75390316:T:A,16:81603771:G:A,6213455,0.01642302,0.00026971562,computed (both variants usable)
16:75390316:T:A,16:81607756:A:G,6217440,-0.0035029582,1.2270716e-05,computed (both variants usable)
16:75390316:T:A,16:82874522:C:T,7484206,-0.0053573577,2.870128e-05,computed (both variants usable)
16:75419373:G:A,16:75443816:T:C,24443,0.96999,0.94088066,computed (both variants usable)
16:75419373:G:A,16:81510155:G:A,6090782,-0.09089288,0.008261516,computed (both variants usable)
16:75419373:G:A,16:81510471:C:G,6091098,-0.089434676,0.0079985615,computed (both variants usable)
16:75419373:G:A,16:81510742:C:T,6091369,-0.08908355,0.00793588,computed (both variants usable)
16:75419373:G:A,16:81603235:T:C,6183862,-0.0030780705,9.474518e-06,computed (both variants usable)
16:75419373:G:A,16:81603771:G:A,6184398,0.013596521,0.00018486538,computed (both variants usable)
16:75419373:G:A,16:81607756:A:G,6188383,-0.0093434155,8.729941e-05,computed (both variants usable)
16:75419373:G:A,16:82874522:C:T,7455149,0.008987471,8.077464e-05,computed (both variants usable)
16:75443816:T:C,16:81510155:G:A,6066339,-0.08396444,0.0070500267,computed (both variants usable)
16:75443816:T:C,16:81510471:C:G,6066655,-0.08048588,0.006477977,computed (both variants usable)
16:75443816:T:C,16:81510742:C:T,6066926,-0.084398866,0.0071231686,computed (both variants usable)
16:75443816:T:C,16:81603235:T:C,6159419,0.005007738,2.5077437e-05,computed (both variants usable)
16:75443816:T:C,16:81603771:G:A,6159955,0.018850876,0.00035535553,computed (both variants usable)
16:75443816:T:C,16:81607756:A:G,6163940,-0.0013301765,1.7693695e-06,computed (both variants usable)
16:75443816:T:C,16:82874522:C:T,7430706,-0.0040180725,1.6144906e-05,computed (both variants usable)
16:81510155:G:A,16:81510471:C:G,316,0.9104572,0.8289323,computed (both variants usable)
16:81510155:G:A,16:81510742:C:T,587,0.9060194,0.8208711,computed (both variants usable)
16:81510155:G:A,16:81603235:T:C,93080,-0.12320127,0.015178554,computed (both variants usable)
16:81510155:G:A,16:81603771:G:A,93616,-0.09871874,0.009745389,computed (both variants usable)
16:81510155:G:A,16:81607756:A:G,97601,-0.11614778,0.013490306,computed (both variants usable)
16:81510155:G:A,16:82874522:C:T,1364367,-0.06082451,0.003699621,computed (both variants usable)
16:81510155:G:A,16:88572647:T:C,7062492,-0.055539273,0.003084611,computed (both variants usable)
16:81510471:C:G,16:81510742:C:T,271,0.99526095,0.9905444,computed (both variants usable)
16:81510471:C:G,16:81603235:T:C,92764,-0.099576466,0.009915473,computed (both variants usable)
16:81510471:C:G,16:81603771:G:A,93300,-0.14114422,0.01992169,computed (both variants usable)
16:81510471:C:G,16:81607756:A:G,97285,-0.09218547,0.00849816,computed (both variants usable)
16:81510471:C:G,16:82874522:C:T,1364051,-0.058606144,0.0034346802,computed (both variants usable)
16:81510471:C:G,16:88572647:T:C,7062176,-0.05238709,0.0027444072,computed (both variants usable)
16:81510742:C:T,16:81603235:T:C,92493,-0.103800595,0.010774563,computed (both variants usable)
16:81510742:C:T,16:81603771:G:A,93029,-0.14500818,0.021027371,computed (both variants usable)
16:81510742:C:T,16:81607756:A:G,97014,-0.096387014,0.009290457,computed (both variants usable)
16:81510742:C:T,16:82874522:C:T,1363780,-0.060536917,0.0036647182,computed (both variants usable)
16:81510742:C:T,16:88572647:T:C,7061905,-0.05091715,0.002592556,computed (both variants usable)
16:81603235:T:C,16:81603771:G:A,536,0.8422178,0.70933086,computed (both variants usable)
16:81603235:T:C,16:81607756:A:G,4521,0.9860047,0.9722053,computed (both variants usable)
16:81603235:T:C,16:82874522:C:T,1271287,0.020866424,0.00043540765,computed (both variants usable)
16:81603235:T:C,16:88572647:T:C,6969412,0.03507144,0.0012300059,computed (both variants usable)
16:81603771:G:A,16:81607756:A:G,3985,0.83993435,0.7054897,computed (both variants usable)
16:81603771:G:A,16:82874522:C:T,1270751,0.0145702725,0.00021229284,computed (both variants usable)
16:81603771:G:A,16:88572647:T:C,6968876,0.025644079,0.0006576188,computed (both variants usable)
16:81607756:A:G,16:82874522:C:T,1266766,0.01954183,0.00038188312,computed (both variants usable)
16:81607756:A:G,16:88572647:T:C,6964891,0.028113501,0.00079036894,computed (both variants usable)
16:82874522:C:T,16:88572647:T:C,5698125,-0.037984315,0.0014428082,computed (both variants usable)
17:3981148:G:C,17:3985864:G:A,4716,0.9977265,0.9954582,computed (both variants usable)
17:3981148:G:C,17:7185092:G:A,3203944,0.011929349,0.00014230936,computed (both variants usable)
17:3981148:G:C,17:7781019:T:C,3799871,-0.053169947,0.0028270432,computed (both variants usable)
17:3981148:G:C,17:7790048:C:A,3808900,-0.05237405,0.0027430411,computed (both variants usable)
17:3981148:G:C,17:7898537:T:G,3917389,-0.025393717,0.0006448409,computed (both variants usable)
17:3985864:G:A,17:7185092:G:A,3199228,0.01438322,0.00020687703,computed (both variants usable)
17:3985864:G:A,17:7781019:T:C,3795155,-0.052529786,0.0027593784,computed (both variants usable)
17:3985864:G:A,17:7790048:C:A,3804184,-0.051838934,0.0026872752,computed (both variants usable)
17:3985864:G:A,17:7898537:T:G,3912673,-0.024902321,0.0006201256,computed (both variants usable)
17:7185092:G:A,17:7781019:T:C,595927,0.045186836,0.0020418502,computed (both variants usable)
17:7185092:G:A,17:7790048:C:A,604956,0.053738113,0.0028877847,computed (both variants usable)
17:7185092:G:A,17:7898537:T:G,713445,0.094708435,0.008969688,computed (both variants usable)
17:7781019:T:C,17:7790048:C:A,9029,0.83174175,0.69179434,computed (both variants usable)
17:7781019:T:C,17:7898537:T:G,117518,0.65893286,0.4341925,computed (both variants usable)
17:7790048:C:A,17:7898537:T:G,108489,0.7997118,0.639539,computed (both variants usable)
17:43173273:T:C,17:45013271:T:C,1839998,0.015392081,0.00023691615,computed (both variants usable)
17:43173273:T:C,17:45036112:A:T,1862839,0.016593197,0.0002753342,computed (both variants usable)
17:43173273:T:C,17:46653999:G:A,3480726,0.034179654,0.0011682487,computed (both variants usable)
17:43173273:T:C,17:47037024:A:T,3863751,-0.009778242,9.561401e-05,computed (both variants usable)
17:43173273:T:C,17:47037194:G:T,3863921,-0.015851827,0.00025128043,computed (both variants usable)
17:43173273:T:C,17:47045862:G:A,3872589,-0.05139557,0.0026415044,computed (both variants usable)
17:43173273:T:C,17:47046899:A:C,3873626,-0.011706141,0.00013703373,computed (both variants usable)
17:43173273:T:C,17:47379486:T:C,4206213,0.050595827,0.0025599378,computed (both variants usable)
17:43173273:T:C,17:47448346:G:A,4275073,0.044204224,0.0019540135,computed (both variants usable)
17:43173273:T:C,17:47453444:A:G,4280171,0.04558622,0.0020781036,computed (both variants usable)
17:43173273:T:C,17:47476235:G:A,4302962,0.007596638,5.770891e-05,computed (both variants usable)
17:45013271:T:C,17:45036112:A:T,22841,0.9511863,0.90475535,computed (both variants usable)
17:45013271:T:C,17:46653999:G:A,1640728,-0.032741643,0.0010720153,computed (both variants usable)
17:45013271:T:C,17:47037024:A:T,2023753,0.012152959,0.0001476944,computed (both variants usable)
17:45013271:T:C,17:47037194:G:T,2023923,0.015002482,0.00022507446,computed (both variants usable)
17:45013271:T:C,17:47045862:G:A,2032591,-0.0034448814,1.1867208e-05,computed (both variants usable)
17:45013271:T:C,17:47046899:A:C,2033628,0.010575473,0.000111840636,computed (both variants usable)
17:45013271:T:C,17:47379486:T:C,2366215,-0.03541747,0.0012543972,computed (both variants usable)
17:45013271:T:C,17:47448346:G:A,2435075,-0.032752547,0.0010727294,computed (both variants usable)
17:45013271:T:C,17:47453444:A:G,2440173,-0.03208762,0.0010296154,computed (both variants usable)
17:45013271:T:C,17:47476235:G:A,2462964,0.033321366,0.0011103135,computed (both variants usable)
17:45036112:A:T,17:46653999:G:A,1617887,-0.03412694,0.0011646481,computed (both variants usable)
17:45036112:A:T,17:47037024:A:T,2000912,-0.008369173,7.0043054e-05,computed (both variants usable)
17:45036112:A:T,17:47037194:G:T,2001082,-0.005690636,3.238334e-05,computed (both variants usable)
17:45036112:A:T,17:47045862:G:A,2009750,-0.0119253,0.00014221277,computed (both variants usable)
17:45036112:A:T,17:47046899:A:C,2010787,0.011193202,0.00012528777,computed (both variants usable)
17:45036112:A:T,17:47379486:T:C,2343374,-0.030531073,0.00093214645,computed (both variants usable)
17:45036112:A:T,17:47448346:G:A,2412234,-0.033180255,0.0011009293,computed (both variants usable)
17:45036112:A:T,17:47453444:A:G,2417332,-0.031640463,0.0010011189,computed (both variants usable)
17:45036112:A:T,17:47476235:G:A,2440123,0.025597448,0.0006552293,computed (both variants usable)
17:46653999:G:A,17:47037024:A:T,383025,-0.0589028,0.0034695398,computed (both variants usable)
17:46653999:G:A,17:47037194:G:T,383195,-0.057310753,0.0032845223,computed (both variants usable)
17:46653999:G:A,17:47045862:G:A,391863,-0.08216833,0.006751635,computed (both variants usable)
17:46653999:G:A,17:47046899:A:C,392900,0.030812582,0.0009494152,computed (both variants usable)
17:46653999:G:A,17:47379486:T:C,725487,0.045520756,0.0020721392,computed (both variants usable)
17:46653999:G:A,17:47448346:G:A,794347,0.043747917,0.0019138802,computed (both variants usable)
17:46653999:G:A,17:47453444:A:G,799445,0.037314232,0.0013923519,computed (both variants usable)
17:46653999:G:A,17:47476235:G:A,822236,-0.02250539,0.00050649256,computed (both variants usable)
17:47037024:A:T,17:47037194:G:T,170,0.98940724,0.9789267,computed (both variants usable)
17:47037024:A:T,17:47045862:G:A,8838,0.7415052,0.54982996,computed (both variants usable)
17:47037024:A:T,17:47046899:A:C,9875,-0.395899,0.15673602,computed (both variants usable)
17:47037024:A:T,17:47379486:T:C,342462,0.08474626,0.007181928,computed (both variants usable)
17:47037024:A:T,17:47448346:G:A,411322,0.08831747,0.007799975,computed (both variants usable)
17:47037024:A:T,17:47453444:A:G,416420,0.0872222,0.007607713,computed (both variants usable)
17:47037024:A:T,17:47476235:G:A,439211,0.06556607,0.0042989096,computed (both variants usable)
17:47037194:G:T,17:47045862:G:A,8668,0.7323001,0.53626347,computed (both variants usable)
17:47037194:G:T,17:47046899:A:C,9705,-0.40109736,0.16087909,computed (both variants usable)
17:47037194:G:T,17:47379486:T:C,342292,0.07670916,0.005884295,computed (both variants usable)
17:47037194:G:T,17:47448346:G:A,411152,0.08033854,0.0064542806,computed (both variants usable)
17:47037194:G:T,17:47453444:A:G,416250,0.07942948,0.0063090418,computed (both variants usable)
17:47037194:G:T,17:47476235:G:A,439041,0.07130932,0.0050850194,computed (both variants usable)
17:47045862:G:A,17:47046899:A:C,1037,-0.0913444,0.0083438,computed (both variants usable)
17:47045862:G:A,17:47379486:T:C,333624,0.013851285,0.0001918581,computed (both variants usable)
17:47045862:G:A,17:47448346:G:A,402484,0.014855375,0.00022068215,computed (both variants usable)
17:47045862:G:A,17:47453444:A:G,407582,0.010723711,0.00011499798,computed (both variants usable)
17:47045862:G:A,17:47476235:G:A,430373,0.10788155,0.01163843,computed (both variants usable)
17:47046899:A:C,17:47379486:T:C,332587,-0.055492956,0.0030794682,computed (both variants usable)
17:47046899:A:C,17:47448346:G:A,401447,-0.0637618,0.004065567,computed (both variants usable)
17:47046899:A:C,17:47453444:A:G,406545,-0.068129085,0.004641572,computed (both variants usable)
17:47046899:A:C,17:47476235:G:A,429336,-0.028905507,0.00083552836,computed (both variants usable)
17:47379486:T:C,17:47448346:G:A,68860,0.97641045,0.95337737,computed (both variants usable)
17:47379486:T:C,17:47453444:A:G,73958,0.9492469,0.90106964,computed (both variants usable)
17:47379486:T:C,17:47476235:G:A,96749,-0.12526171,0.015690496,computed (both variants usable)
17:47448346:G:A,17:47453444:A:G,5098,0.97258985,0.945931,computed (both variants usable)
17:47448346:G:A,17:47476235:G:A,27889,-0.11827024,0.0139878495,computed (both variants usable)
17:47453444:A:G,17:47476235:G:A,22791,-0.13406882,0.017974447,computed (both variants usable)
17:57979002:A:G,17:59241469:T:C,1262467,-0.033502534,0.0011224198,computed (both variants usable)
17:57979002:A:G,17:59475642:C:T,1496640,0.014756682,0.00021775968,computed (both variants usable)
17:57979002:A:G,17:59485393:C:T,1506391,0.015686497,0.0002460662,computed (both variants usable)
17:57979002:A:G,17:61545779:C:T,3566777,-0.03159512,0.0009982515,computed (both variants usable)
17:57979002:A:G,17:61550729:C:A,3571727,-0.038102455,0.0014517971,computed (both variants usable)
17:57979002:A:G,17:62377645:C:T,4398643,0.039265193,0.0015417554,computed (both variants usable)
17:57979002:A:G,17:62381714:T:C,4402712,0.04004636,0.0016037109,computed (both variants usable)
17:57979002:A:G,17:64494105:G:T,6515103,-0.031675234,0.0010033204,computed (both variants usable)
17:59241469:T:C,17:59475642:C:T,234173,-0.0029030682,8.427805e-06,computed (both variants usable)
17:59241469:T:C,17:59485393:C:T,243924,-0.009322928,8.691699e-05,computed (both variants usable)
17:59241469:T:C,17:61545779:C:T,2304310,0.0014298164,2.044375e-06,computed (both variants usable)
17:59241469:T:C,17:61550729:C:A,2309260,0.0008893069,7.9086675e-07,computed (both variants usable)
17:59241469:T:C,17:62377645:C:T,3136176,0.022961088,0.0005272115,computed (both variants usable)
17:59241469:T:C,17:62381714:T:C,3140245,0.035429288,0.0012552345,computed (both variants usable)
17:59241469:T:C,17:64494105:G:T,5252636,0.022198655,0.0004927803,computed (both variants usable)
17:59475642:C:T,17:59485393:C:T,9751,0.99245316,0.9849633,computed (both variants usable)
17:59475642:C:T,17:61545779:C:T,2070137,0.029380895,0.000863237,computed (both variants usable)
17:59475642:C:T,17:61550729:C:A,2075087,0.03267702,0.0010677876,computed (both variants usable)
17:59475642:C:T,17:62377645:C:T,2902003,0.0145327905,0.000211202,computed (both variants usable)
17:59475642:C:T,17:62381714:T:C,2906072,0.030207297,0.00091248075,computed (both variants usable)
17:59475642:C:T,17:64494105:G:T,5018463,0.006844619,4.6848807e-05,computed (both variants usable)
17:59485393:C:T,17:61545779:C:T,2060386,0.032309473,0.001043902,computed (both variants usable)
17:59485393:C:T,17:61550729:C:A,2065336,0.035526693,0.0012621459,computed (both variants usable)
17:59485393:C:T,17:62377645:C:T,2892252,0.012918744,0.00016689395,computed (both variants usable)
17:59485393:C:T,17:62381714:T:C,2896321,0.028474651,0.00081080577,computed (both variants usable)
17:59485393:C:T,17:64494105:G:T,5008712,0.007978044,6.36492e-05,computed (both variants usable)
17:61545779:C:T,17:61550729:C:A,4950,0.97043204,0.94173837,computed (both variants usable)
17:61545779:C:T,17:62377645:C:T,831866,-0.0059434613,3.5324734e-05,computed (both variants usable)
17:61545779:C:T,17:62381714:T:C,835935,0.010649609,0.00011341418,computed (both variants usable)
17:61545779:C:T,17:64494105:G:T,2948326,-0.033349395,0.0011121822,computed (both variants usable)
17:61550729:C:A,17:62377645:C:T,826916,-0.010486645,0.00010996972,computed (both variants usable)
17:61550729:C:A,17:62381714:T:C,830985,0.00038974124,1.5189823e-07,computed (both variants usable)
17:61550729:C:A,17:64494105:G:T,2943376,-0.025615646,0.0006561613,computed (both variants usable)
17:62377645:C:T,17:62381714:T:C,4069,0.9320545,0.8687256,computed (both variants usable)
17:62377645:C:T,17:64494105:G:T,2116460,-0.014019756,0.00019655355,computed (both variants usable)
17:62381714:T:C,17:64494105:G:T,2112391,-0.019938264,0.00039753437,computed (both variants usable)
17:64494105:G:T,17:73840243:G:A,9346138,-0.004409004,1.9439316e-05,computed (both variants usable)
17:64494105:G:T,17:73953404:T:C,9459299,-0.009138239,8.35074e-05,computed (both variants usable)
17:73840243:G:A,17:73953404:T:C,113161,-0.8433002,0.7111553,computed (both variants usable)
18:42777478:C:T,18:42948994:T:G,171516,0.35212642,0.12399302,computed (both variants usable)
18:42777478:C:T,18:50338593:T:C,7561115,-0.016777122,0.00028147185,computed (both variants usable)
18:42948994:T:G,18:50338593:T:C,7389599,0.042462535,0.0018030669,computed (both variants usable)
18:50338593:T:C,18:54578482:C:T,4239889,-0.0073019,5.3317744e-05,computed (both variants usable)
19:4980864:T:C,19:5066330:G:A,85466,0.66301435,0.43958804,computed (both variants usable)
19:4980864:T:C,19:7257990:C:G,2277126,0.040178683,0.0016143265,computed (both variants usable)
19:4980864:T:C,19:7295991:A:G,2315127,0.029239314,0.0008549375,computed (both variants usable)
19:4980864:T:C,19:7296283:C:T,2315419,-0.020928947,0.00043802083,computed (both variants usable)
19:4980864:T:C,19:7297710:G:A,2316846,0.02631787,0.0006926303,computed (both variants usable)
19:4980864:T:C,19:11526759:G:A,6545895,0.03917112,0.0015343765,computed (both variants usable)
19:5066330:G:A,19:7257990:C:G,2191660,-0.0026956939,7.2667654e-06,computed (both variants usable)
19:5066330:G:A,19:7295991:A:G,2229661,0.009160764,8.391959e-05,computed (both variants usable)
19:5066330:G:A,19:7296283:C:T,2229953,-0.00079888216,6.382127e-07,computed (both variants usable)
19:5066330:G:A,19:7297710:G:A,2231380,0.007125336,5.0770417e-05,computed (both variants usable)
19:5066330:G:A,19:11526759:G:A,6460429,0.05622399,0.003161137,computed (both variants usable)
19:7257990:C:G,19:7295991:A:G,38001,0.117357194,0.013772711,computed (both variants usable)
19:7257990:C:G,19:7296283:C:T,38293,-0.07457967,0.005562127,computed (both variants usable)
19:7257990:C:G,19:7297710:G:A,39720,0.11671604,0.013622634,computed (both variants usable)
19:7257990:C:G,19:11526759:G:A,4268769,0.046234775,0.0021376545,computed (both variants usable)
19:7257990:C:G,19:17214073:C:T,9956083,-0.031849105,0.0010143655,computed (both variants usable)
19:7257990:C:G,19:17219105:G:A,9961115,-0.022880746,0.00052352855,computed (both variants usable)
19:7295991:A:G,19:7296283:C:T,292,-0.712771,0.5080425,computed (both variants usable)
19:7295991:A:G,19:7297710:G:A,1719,0.9974168,0.99484026,computed (both variants usable)
19:7295991:A:G,19:11526759:G:A,4230768,0.009093244,8.268708e-05,computed (both variants usable)
19:7295991:A:G,19:17214073:C:T,9918082,-0.014836673,0.00022012685,computed (both variants usable)
19:7295991:A:G,19:17219105:G:A,9923114,-0.015635492,0.00024446863,computed (both variants usable)
19:7296283:C:T,19:7297710:G:A,1427,-0.7146199,0.51068157,computed (both variants usable)
19:7296283:C:T,19:11526759:G:A,4230476,-0.008001774,6.402838e-05,computed (both variants usable)
19:7296283:C:T,19:17214073:C:T,9917790,0.08479452,0.0071901106,computed (both variants usable)
19:7296283:C:T,19:17219105:G:A,9922822,0.07218221,0.005210271,computed (both variants usable)
19:7297710:G:A,19:11526759:G:A,4229049,0.01095312,0.000119970835,computed (both variants usable)
19:7297710:G:A,19:17214073:C:T,9916363,-0.016244449,0.0002638821,computed (both variants usable)
19:7297710:G:A,19:17219105:G:A,9921395,-0.01700244,0.00028908293,computed (both variants usable)
19:11526759:G:A,19:17214073:C:T,5687314,-0.040047605,0.0016038106,computed (both variants usable)
19:11526759:G:A,19:17219105:G:A,5692346,-0.05812457,0.0033784655,computed (both variants usable)
19:11526759:G:A,19:18455657:T:C,6928898,0.033337526,0.0011113907,computed (both variants usable)
19:11526759:G:A,19:18460956:G:A,6934197,0.02222661,0.00049402216,computed (both variants usable)
19:11526759:G:A,19:18829770:A:G,7303011,0.0012864711,1.655008e-06,computed (both variants usable)
19:17214073:C:T,19:17219105:G:A,5032,0.93432426,0.8729618,computed (both variants usable)
19:17214073:C:T,19:18455657:T:C,1241584,0.0051847813,2.6881957e-05,computed (both variants usable)
19:17214073:C:T,19:18460956:G:A,1246883,-0.012404785,0.00015387867,computed (both variants usable)
19:17214073:C:T,19:18829770:A:G,1615697,0.017572029,0.0003087762,computed (both variants usable)
19:17219105:G:A,19:18455657:T:C,1236552,-0.016165392,0.00026131992,computed (both variants usable)
19:17219105:G:A,19:18460956:G:A,1241851,-0.023940451,0.0005731452,computed (both variants usable)
19:17219105:G:A,19:18829770:A:G,1610665,0.019047901,0.00036282252,computed (both variants usable)
19:18455657:T:C,19:18460956:G:A,5299,0.95129645,0.9049649,computed (both variants usable)
19:18455657:T:C,19:18829770:A:G,374113,0.008225625,6.766091e-05,computed (both variants usable)
19:18460956:G:A,19:18829770:A:G,368814,-0.005698156,3.2468983e-05,computed (both variants usable)
19:45412079:C:T,19:45744552:T:C,332473,-0.013726672,0.00018842153,computed (both variants usable)
19:45412079:C:T,19:45744842:A:G,332763,-0.013726672,0.00018842153,computed (both variants usable)
19:45412079:C:T,19:45749484:G:C,337405,-0.011444715,0.0001309815,computed (both variants usable)
19:45744552:T:C,19:45744842:A:G,290,1.0000006,1.0000012,computed (both variants usable)
19:45744552:T:C,19:45749484:G:C,4932,0.9897049,0.9795158,computed (both variants usable)
19:45744842:A:G,19:45749484:G:C,4642,0.9897049,0.9795158,computed (both variants usable)
2:632591:T:C,2:641159:A:C,8568,0.9722271,0.94522554,computed (both variants usable)
2:17443270:C:G,2:25110289:T:C,7667019,0.051037136,0.0026047893,computed (both variants usable)
2:17443270:C:G,2:26914364:C:T,9471094,-0.042918287,0.0018419793,computed (both variants usable)
2:17443270:C:G,2:26923568:T:C,9480298,-0.046278026,0.0021416557,computed (both variants usable)
2:17443270:C:G,2:26929282:T:G,9486012,-0.042589962,0.0018139048,computed (both variants usable)
2:25110289:T:C,2:26914364:C:T,1804075,-0.013530303,0.00018306909,computed (both variants usable)
2:25110289:T:C,2:26923568:T:C,1813279,-0.008014629,6.423427e-05,computed (both variants usable)
2:25110289:T:C,2:26929282:T:G,1818993,-0.008624278,7.437817e-05,computed (both variants usable)
2:26914364:C:T,2:26923568:T:C,9204,0.9938533,0.98774433,computed (both variants usable)
2:26914364:C:T,2:26929282:T:G,14918,0.9753696,0.9513458,computed (both variants usable)
2:26923568:T:C,2:26929282:T:G,5714,0.98148435,0.96331155,computed (both variants usable)
2:40525932:C:T,2:43166683:G:A,2640751,-0.032044496,0.0010268497,computed (both variants usable)
2:40525932:C:T,2:45878760:G:T,5352828,0.0538163,0.002896194,computed (both variants usable)
2:40525932:C:T,2:45880122:G:C,5354190,0.052036826,0.0027078313,computed (both variants usable)
2:43166683:G:A,2:45878760:G:T,2712077,0.029237382,0.0008548245,computed (both variants usable)
2:43166683:G:A,2:45880122:G:C,2713439,0.027006274,0.00072933885,computed (both variants usable)
2:45878760:G:T,2:45880122:G:C,1362,0.8711702,0.75893754,computed (both variants usable)
2:56200399:G:T,2:59311536:G:A,3111137,0.03421105,0.001170396,computed (both variants usable)
2:56200399:G:T,2:65276452:T:C,9076053,-0.005159529,2.6620739e-05,computed (both variants usable)
2:56200399:G:T,2:65287896:A:G,9087497,-0.010666518,0.00011377459,computed (both variants usable)
2:59311536:G:A,2:65276452:T:C,5964916,-0.0056843976,3.2312375e-05,computed (both variants usable)
2:59311536:G:A,2:65287896:A:G,5976360,-0.0060334457,3.6402467e-05,computed (both variants usable)
2:65276452:T:C,2:65287896:A:G,11444,0.9748939,0.9504182,computed (both variants usable)
2:112689281:A:G,2:112744260:C:T,54979,0.8926872,0.79689044,computed (both variants usable)
2:112689281:A:G,2:112769721:G:A,80440,0.89195025,0.79557526,computed (both variants usable)
2:112689281:A:G,2:121998898:C:T,9309617,-0.010252765,0.0001051192,computed (both variants usable)
2:112744260:C:T,2:112769721:G:A,25461,0.9905831,0.98125494,computed (both variants usable)
2:112744260:C:T,2:121998898:C:T,9254638,-0.020043336,0.0004017353,computed (both variants usable)
2:112769721:G:A,2:121998898:C:T,9229177,-0.018295119,0.00033471137,computed (both variants usable)
2:144183002:G:A,2:144204338:C:T,21336,0.72054654,0.51918733,computed (both variants usable)
2:144183002:G:A,2:145240715:A:G,1057713,0.009078818,8.2424944e-05,computed (both variants usable)
2:144183002:G:A,2:145796251:G:A,1613249,0.011348245,0.00012878266,computed (both variants usable)
2:144183002:G:A,2:145807415:G:A,1624413,0.018991932,0.0003606935,computed (both variants usable)
2:144204338:C:T,2:145240715:A:G,1036377,0.009595432,9.207232e-05,computed (both variants usable)
2:144204338:C:T,2:145796251:G:A,1591913,0.051421575,0.0026441785,computed (both variants usable)
2:144204338:C:T,2:145807415:G:A,1603077,-0.019177701,0.00036778423,computed (both variants usable)
2:145240715:A:G,2:145796251:G:A,555536,0.0015203645,2.3115083e-06,computed (both variants usable)
2:145240715:A:G,2:145807415:G:A,566700,-0.034787025,0.0012101372,computed (both variants usable)
2:145796251:G:A,2:145807415:G:A,11164,-0.8558296,0.7324443,computed (both variants usable)
2:158496502:A:C,2:158503739:C:T,7237,0.9845353,0.9693097,computed (both variants usable)
2:158496502:A:C,2:164954174:T:A,6457672,-0.0024427352,5.9669555e-06,computed (both variants usable)
2:158496502:A:C,2:165008166:C:G,6511664,0.036805566,0.0013546497,computed (both variants usable)
2:158496502:A:C,2:165085214:C:T,6588712,-0.009583294,9.183953e-05,computed (both variants usable)
2:158496502:A:C,2:165620175:A:G,7123673,0.021501727,0.00046232427,computed (both variants usable)
2:158496502:A:C,2:165620305:A:G,7123803,0.021501727,0.00046232427,computed (both variants usable)
2:158503739:C:T,2:164954174:T:A,6450435,-0.0034216957,1.1708002e-05,computed (both variants usable)
2:158503739:C:T,2:165008166:C:G,6504427,0.031176439,0.0009719703,computed (both variants usable)
2:158503739:C:T,2:165085214:C:T,6581475,-0.008312236,6.909326e-05,computed (both variants usable)
2:158503739:C:T,2:165620175:A:G,7116436,0.024717845,0.0006109719,computed (both variants usable)
2:158503739:C:T,2:165620305:A:G,7116566,0.024717845,0.0006109719,computed (both variants usable)
2:164954174:T:A,2:165008166:C:G,53992,0.60661566,0.36798257,computed (both variants usable)
2:164954174:T:A,2:165085214:C:T,131040,-0.73949075,0.54684657,computed (both variants usable)
2:164954174:T:A,2:165620175:A:G,666001,0.022508297,0.0005066234,computed (both variants usable)
2:164954174:T:A,2:165620305:A:G,666131,0.022508297,0.0005066234,computed (both variants usable)
2:165008166:C:G,2:165085214:C:T,77048,-0.5702764,0.32521516,computed (both variants usable)
2:165008166:C:G,2:165620175:A:G,612009,-0.019179728,0.00036786197,computed (both variants usable)
2:165008166:C:G,2:165620305:A:G,612139,-0.019179728,0.00036786197,computed (both variants usable)
2:165085214:C:T,2:165620175:A:G,534961,0.034120526,0.0011642103,computed (both variants usable)
2:165085214:C:T,2:165620305:A:G,535091,0.034120526,0.0011642103,computed (both variants usable)
2:165620175:A:G,2:165620305:A:G,130,0.9999966,0.9999932,computed (both variants usable)
2:183305099:C:T,2:185195472:A:G,1890373,0.0054089394,2.9256626e-05,computed (both variants usable)
2:219231012:A:G,2:227093745:T:C,7862733,0.0060733897,3.6886064e-05,computed (both variants usable)
2:219231012:A:G,2:227099180:C:T,7868168,0.008015541,6.42489e-05,computed (both variants usable)
2:219231012:A:G,2:227138947:G:A,7907935,0.02343782,0.0005493314,computed (both variants usable)
2:227093745:T:C,2:227099180:C:T,5435,0.99576616,0.99155027,computed (both variants usable)
2:227093745:T:C,2:227138947:G:A,45202,0.91065717,0.82929647,computed (both variants usable)
2:227099180:C:T,2:227138947:G:A,39767,0.9150497,0.8373159,computed (both variants usable)
20:8616588:A:G,20:10965998:G:A,2349410,0.04413922,0.0019482708,computed (both variants usable)
20:8616588:A:G,20:10967214:T:G,2350626,0.04413922,0.0019482708,computed (both variants usable)
20:10965998:G:A,20:10967214:T:G,1216,1.0000001,1.0000002,computed (both variants usable)
20:40258709:A:G,20:40261579:T:C,2870,0.78487396,0.6160271,computed (both variants usable)
20:40258709:A:G,20:40268334:T:A,9625,0.85071903,0.7237229,computed (both variants usable)
20:40258709:A:G,20:42797358:A:G,2538649,-0.032600064,0.0010627642,computed (both variants usable)
20:40258709:A:G,20:42801971:T:C,2543262,0.015272077,0.00023323634,computed (both variants usable)
20:40258709:A:G,20:42804581:C:G,2545872,0.015272077,0.00023323634,computed (both variants usable)
20:40258709:A:G,20:47408414:A:G,7149705,0.0060983673,3.7190082e-05,computed (both variants usable)
20:40261579:T:C,20:40268334:T:A,6755,0.93156,0.867804,computed (both variants usable)
20:40261579:T:C,20:42797358:A:G,2535779,-0.025150316,0.0006325384,computed (both variants usable)
20:40261579:T:C,20:42801971:T:C,2540392,0.002318157,5.373852e-06,computed (both variants usable)
20:40261579:T:C,20:42804581:C:G,2543002,0.002318157,5.373852e-06,computed (both variants usable)
20:40261579:T:C,20:47408414:A:G,7146835,0.028779127,0.00082823815,computed (both variants usable)
20:40268334:T:A,20:42797358:A:G,2529024,-0.019612214,0.00038463893,computed (both variants usable)
20:40268334:T:A,20:42801971:T:C,2533637,0.020881064,0.00043601883,computed (both variants usable)
20:40268334:T:A,20:42804581:C:G,2536247,0.020881064,0.00043601883,computed (both variants usable)
20:40268334:T:A,20:47408414:A:G,7140080,0.013801186,0.00019047274,computed (both variants usable)
20:42797358:A:G,20:42801971:T:C,4613,0.402389,0.1619169,computed (both variants usable)
20:42797358:A:G,20:42804581:C:G,7223,0.402389,0.1619169,computed (both variants usable)
20:42797358:A:G,20:47408414:A:G,4611056,0.009298303,8.645844e-05,computed (both variants usable)
20:42797358:A:G,20:50931078:T:C,8133720,0.0029403195,8.645478e-06,computed (both variants usable)
20:42797358:A:G,20:50981999:G:T,8184641,0.0052666394,2.7737491e-05,computed (both variants usable)
20:42797358:A:G,20:51034311:A:G,8236953,-0.0038222757,1.4609791e-05,computed (both variants usable)
20:42801971:T:C,20:42804581:C:G,2610,1.0000006,1.0000012,computed (both variants usable)
20:42801971:T:C,20:47408414:A:G,4606443,-0.050396223,0.0025397793,computed (both variants usable)
20:42801971:T:C,20:50931078:T:C,8129107,-0.031224173,0.0009749489,computed (both variants usable)
20:42801971:T:C,20:50981999:G:T,8180028,-0.033731945,0.001137844,computed (both variants usable)
20:42801971:T:C,20:51034311:A:G,8232340,0.045657463,0.002084604,computed (both variants usable)
20:42804581:C:G,20:47408414:A:G,4603833,-0.050396223,0.0025397793,computed (both variants usable)
20:42804581:C:G,20:50931078:T:C,8126497,-0.031224173,0.0009749489,computed (both variants usable)
20:42804581:C:G,20:50981999:G:T,8177418,-0.033731945,0.001137844,computed (both variants usable)
20:42804581:C:G,20:51034311:A:G,8229730,0.045657463,0.002084604,computed (both variants usable)
20:47408414:A:G,20:50931078:T:C,3522664,0.00897739,8.059353e-05,computed (both variants usable)
20:47408414:A:G,20:50981999:G:T,3573585,0.012254857,0.00015018153,computed (both variants usable)
20:47408414:A:G,20:51034311:A:G,3625897,-0.019948037,0.0003979242,computed (both variants usable)
20:50931078:T:C,20:50981999:G:T,50921,0.96374124,0.9287972,computed (both variants usable)
20:50931078:T:C,20:51034311:A:G,103233,-0.91023874,0.82853454,computed (both variants usable)
20:50931078:T:C,20:57728269:C:T,6797191,0.034877766,0.0012164585,computed (both variants usable)
20:50931078:T:C,20:57739469:A:T,6808391,0.034070857,0.0011608233,computed (both variants usable)
20:50981999:G:T,20:51034311:A:G,52312,-0.9464572,0.8957812,computed (both variants usable)
20:50981999:G:T,20:57728269:C:T,6746270,0.019940065,0.0003976062,computed (both variants usable)
20:50981999:G:T,20:57739469:A:T,6757470,0.01948406,0.0003796286,computed (both variants usable)
20:51034311:A:G,20:57728269:C:T,6693958,0.010855087,0.00011783292,computed (both variants usable)
20:51034311:A:G,20:57739469:A:T,6705158,0.010643899,0.0001132926,computed (both variants usable)
20:57728269:C:T,20:57739469:A:T,11200,0.95113665,0.90466094,computed (both variants usable)
20:57728269:C:T,20:62446351:G:A,4718082,-0.034845944,0.0012142399,computed (both variants usable)
20:57728269:C:T,20:62483911:T:C,4755642,-0.0045218556,2.0447178e-05,computed (both variants usable)
20:57728269:C:T,20:62694319:G:T,4966050,-0.021141917,0.00044698064,computed (both variants usable)
20:57739469:A:T,20:62446351:G:A,4706882,-0.030393273,0.00092375104,computed (both variants usable)
20:57739469:A:T,20:62483911:T:C,4744442,-0.008951345,8.0126585e-05,computed (both variants usable)
20:57739469:A:T,20:62694319:G:T,4954850,-0.03125821,0.0009770758,computed (both variants usable)
20:62446351:G:A,20:62483911:T:C,37560,0.38177067,0.14574884,computed (both variants usable)
20:62446351:G:A,20:62694319:G:T,247968,-0.07917815,0.006269179,computed (both variants usable)
20:62483911:T:C,20:62694319:G:T,210408,-0.19213332,0.036915213,computed (both variants usable)
21:16556367:C:T,21:16576783:G:A,20416,0.74466217,0.55452174,computed (both variants usable)
21:43530671:T:C,21:44759440:C:G,1228769,-0.0058336607,3.4031596e-05,computed (both variants usable)
21:43530671:T:C,21:44760603:G:A,1229932,-0.0067290193,4.5279703e-05,computed (both variants usable)
21:43530671:T:C,21:44989547:A:G,1458876,0.05678941,0.0032250371,computed (both variants usable)
21:43530671:T:C,21:45042419:C:T,1511748,0.049011998,0.002402176,computed (both variants usable)
21:43530671:T:C,21:45122573:G:A,1591902,0.037346758,0.0013947804,computed (both variants usable)
21:44759440:C:G,21:44760603:G:A,1163,0.9722445,0.9452594,computed (both variants usable)
21:44759440:C:G,21:44989547:A:G,230107,0.06349161,0.004031185,computed (both variants usable)
21:44759440:C:G,21:45042419:C:T,282979,0.06754993,0.004562993,computed (both variants usable)
21:44759440:C:G,21:45122573:G:A,363133,0.070819646,0.005015422,computed (both variants usable)
21:44760603:G:A,21:44989547:A:G,228944,0.070193894,0.0049271826,computed (both variants usable)
21:44760603:G:A,21:45042419:C:T,281816,0.07414438,0.005497389,computed (both variants usable)
21:44760603:G:A,21:45122573:G:A,361970,0.09362833,0.008766265,computed (both variants usable)
21:44989547:A:G,21:45042419:C:T,52872,0.9592927,0.9202425,computed (both variants usable)
21:44989547:A:G,21:45122573:G:A,133026,0.84447145,0.713132,computed (both variants usable)
21:45042419:C:T,21:45122573:G:A,80154,0.88010025,0.7745764,computed (both variants usable)
3:11413387:T:G,3:11418508:C:T,5121,0.96019036,0.92196554,computed (both variants usable)
3:11413387:T:G,3:11545719:T:C,132332,0.7977596,0.63642037,computed (both variants usable)
3:11413387:T:G,3:14889756:T:C,3476369,0.025691796,0.0006600684,computed (both variants usable)
3:11413387:T:G,3:14926351:T:C,3512964,-0.03460379,0.0011974223,computed (both variants usable)
3:11413387:T:G,3:14954411:C:T,3541024,0.0068601533,4.70617e-05,computed (both variants usable)
3:11413387:T:G,3:16846967:A:C,5433580,0.02268367,0.0005145489,computed (both variants usable)
3:11413387:T:G,3:20112416:A:G,8699029,0.079187505,0.006270661,computed (both variants usable)
3:11413387:T:G,3:20113989:C:A,8700602,0.079187505,0.006270661,computed (both variants usable)
3:11413387:T:G,3:20117724:G:A,8704337,0.041656084,0.0017352294,computed (both variants usable)
3:11418508:C:T,3:11545719:T:C,127211,0.77242017,0.5966329,computed (both variants usable)
3:11418508:C:T,3:14889756:T:C,3471248,0.031190136,0.00097282464,computed (both variants usable)
3:11418508:C:T,3:14926351:T:C,3507843,-0.03450446,0.0011905576,computed (both variants usable)
3:11418508:C:T,3:14954411:C:T,3535903,0.0025460357,6.4822975e-06,computed (both variants usable)
3:11418508:C:T,3:16846967:A:C,5428459,0.021864729,0.0004780664,computed (both variants usable)
3:11418508:C:T,3:20112416:A:G,8693908,0.06650243,0.004422573,computed (both variants usable)
3:11418508:C:T,3:20113989:C:A,8695481,0.06650243,0.004422573,computed (both variants usable)
3:11418508:C:T,3:20117724:G:A,8699216,0.030173209,0.00091042253,computed (both variants usable)
3:11545719:T:C,3:14889756:T:C,3344037,0.012306159,0.00015144156,computed (both variants usable)
3:11545719:T:C,3:14926351:T:C,3380632,-0.040335912,0.0016269858,computed (both variants usable)
3:11545719:T:C,3:14954411:C:T,3408692,-0.01209555,0.00014630234,computed (both variants usable)
3:11545719:T:C,3:16846967:A:C,5301248,0.025287688,0.00063946715,computed (both variants usable)
3:11545719:T:C,3:20112416:A:G,8566697,0.08538092,0.0072899014,computed (both variants usable)
3:11545719:T:C,3:20113989:C:A,8568270,0.08538092,0.0072899014,computed (both variants usable)
3:11545719:T:C,3:20117724:G:A,8572005,0.040709287,0.001657246,computed (both variants usable)
3:14889756:T:C,3:14926351:T:C,36595,0.60554934,0.36669,computed (both variants usable)
3:14889756:T:C,3:14954411:C:T,64655,0.6863011,0.47100922,computed (both variants usable)
3:14889756:T:C,3:16846967:A:C,1957211,0.035119172,0.0012333563,computed (both variants usable)
3:14889756:T:C,3:20112416:A:G,5222660,-0.038721275,0.0014993371,computed (both variants usable)
3:14889756:T:C,3:20113989:C:A,5224233,-0.038721275,0.0014993371,computed (both variants usable)
3:14889756:T:C,3:20117724:G:A,5227968,-0.03728832,0.0013904187,computed (both variants usable)
3:14926351:T:C,3:14954411:C:T,28060,0.73538244,0.54078734,computed (both variants usable)
3:14926351:T:C,3:16846967:A:C,1920616,0.052419998,0.002747856,computed (both variants usable)
3:14926351:T:C,3:20112416:A:G,5186065,-0.061674558,0.003803751,computed (both variants usable)
3:14926351:T:C,3:20113989:C:A,5187638,-0.061674558,0.003803751,computed (both variants usable)
3:14926351:T:C,3:20117724:G:A,5191373,-0.06433249,0.0041386695,computed (both variants usable)
3:14954411:C:T,3:16846967:A:C,1892556,0.018145768,0.0003292689,computed (both variants usable)
3:14954411:C:T,3:20112416:A:G,5158005,-0.045010757,0.0020259682,computed (both variants usable)
3:14954411:C:T,3:20113989:C:A,5159578,-0.045010757,0.0020259682,computed (both variants usable)
3:14954411:C:T,3:20117724:G:A,5163313,-0.05238597,0.00274429,computed (both variants usable)
3:16846967:A:C,3:20112416:A:G,3265449,0.00899755,8.095591e-05,computed (both variants usable)
3:16846967:A:C,3:20113989:C:A,3267022,0.00899755,8.095591e-05,computed (both variants usable)
3:16846967:A:C,3:20117724:G:A,3270757,-0.017708106,0.000313577,computed (both variants usable)
3:20112416:A:G,3:20113989:C:A,1573,0.99999756,0.9999951,computed (both variants usable)
3:20112416:A:G,3:20117724:G:A,5308,0.885325,0.78380036,computed (both variants usable)
3:20112416:A:G,3:27238349:C:G,7125933,-0.0128656505,0.00016552497,computed (both variants usable)
3:20112416:A:G,3:27329540:C:T,7217124,-0.0145436535,0.00021151785,computed (both variants usable)
3:20112416:A:G,3:27538731:G:A,7426315,0.015637483,0.00024453088,computed (both variants usable)
3:20112416:A:G,3:27562988:C:T,7450572,-0.025560364,0.0006533322,computed (both variants usable)
3:20113989:C:A,3:20117724:G:A,3735,0.885325,0.78380036,computed (both variants usable)
3:20113989:C:A,3:27238349:C:G,7124360,-0.0128656505,0.00016552497,computed (both variants usable)
3:20113989:C:A,3:27329540:C:T,7215551,-0.0145436535,0.00021151785,computed (both variants usable)
3:20113989:C:A,3:27538731:G:A,7424742,0.015637483,0.00024453088,computed (both variants usable)
3:20113989:C:A,3:27562988:C:T,7448999,-0.025560364,0.0006533322,computed (both variants usable)
3:20117724:G:A,3:27238349:C:G,7120625,-0.0010326979,1.0664648e-06,computed (both variants usable)
3:20117724:G:A,3:27329540:C:T,7211816,-0.017944187,0.00032199384,computed (both variants usable)
3:20117724:G:A,3:27538731:G:A,7421007,0.009008414,8.115153e-05,computed (both variants usable)
3:20117724:G:A,3:27562988:C:T,7445264,-0.017665362,0.000312065,computed (both variants usable)
3:27238349:C:G,3:27329540:C:T,91191,0.51179415,0.26193324,computed (both variants usable)
3:27238349:C:G,3:27538731:G:A,300382,-0.55316865,0.30599555,computed (both variants usable)
3:27238349:C:G,3:27562988:C:T,324639,0.29555002,0.08734982,computed (both variants usable)
3:27238349:C:G,3:35645442:A:C,8407093,0.04066735,0.0016538334,computed (both variants usable)
3:27238349:C:G,3:35659344:T:G,8420995,0.038892113,0.0015125964,computed (both variants usable)
3:27329540:C:T,3:27538731:G:A,209191,-0.43924072,0.19293241,computed (both variants usable)
3:27329540:C:T,3:27562988:C:T,233448,0.53113437,0.28210372,computed (both variants usable)
3:27329540:C:T,3:35645442:A:C,8315902,0.028400183,0.0008065704,computed (both variants usable)
3:27329540:C:T,3:35659344:T:G,8329804,0.024963547,0.00062317867,computed (both variants usable)
3:27538731:G:A,3:27562988:C:T,24257,-0.6979299,0.48710617,computed (both variants usable)
3:27538731:G:A,3:35645442:A:C,8106711,-0.014762042,0.00021791788,computed (both variants usable)
3:27538731:G:A,3:35659344:T:G,8120613,-0.013110312,0.00017188027,computed (both variants usable)
3:27562988:C:T,3:35645442:A:C,8082454,0.01890251,0.0003573049,computed (both variants usable)
3:27562988:C:T,3:35659344:T:G,8096356,0.020789819,0.00043221656,computed (both variants usable)
3:35645442:A:C,3:35659344:T:G,13902,0.9935715,0.98718435,computed (both variants usable)
3:35645442:A:C,3:41105947:G:T,5460505,-0.016595406,0.0002754075,computed (both variants usable)
3:35659344:T:G,3:41105947:G:T,5446603,-0.01578863,0.00024928083,computed (both variants usable)
3:41105947:G:T,3:48108442:T:C,7002495,-0.013659488,0.00018658163,computed (both variants usable)
3:41105947:G:T,3:48185266:A:G,7079319,-0.028551446,0.0008151851,computed (both variants usable)
3:41105947:G:T,3:48282695:A:G,7176748,0.015290719,0.0002338061,computed (both variants usable)
3:41105947:G:T,3:48866313:C:G,7760366,0.0014705978,2.162658e-06,computed (both variants usable)
3:41105947:G:T,3:49789814:G:A,8683867,-0.020464277,0.00041878663,computed (both variants usable)
3:48108442:T:C,3:48185266:A:G,76824,0.74996257,0.56244385,computed (both variants usable)
3:48108442:T:C,3:48282695:A:G,174253,-0.58667415,0.34418657,computed (both variants usable)
3:48108442:T:C,3:48866313:C:G,757871,0.0063092546,3.980669e-05,computed (both variants usable)
3:48108442:T:C,3:49789814:G:A,1681372,-0.054312013,0.0029497948,computed (both variants usable)
3:48108442:T:C,3:53558012:G:A,5449570,0.046759315,0.0021864334,computed (both variants usable)
3:48185266:A:G,3:48282695:A:G,97429,-0.8383286,0.70279485,computed (both variants usable)
3:48185266:A:G,3:48866313:C:G,681047,0.047841363,0.002288796,computed (both variants usable)
3:48185266:A:G,3:49789814:G:A,1604548,-0.06394886,0.004089457,computed (both variants usable)
3:48185266:A:G,3:53558012:G:A,5372746,0.039961502,0.0015969216,computed (both variants usable)
3:48282695:A:G,3:48866313:C:G,583618,-0.09497506,0.009020262,computed (both variants usable)
3:48282695:A:G,3:49789814:G:A,1507119,0.047879517,0.0022924482,computed (both variants usable)
3:48282695:A:G,3:53558012:G:A,5275317,-0.038450897,0.0014784714,computed (both variants usable)
3:48866313:C:G,3:49789814:G:A,923501,-0.2868961,0.08230938,computed (both variants usable)
3:48866313:C:G,3:53558012:G:A,4691699,0.03843919,0.0014775712,computed (both variants usable)
3:49789814:G:A,3:53558012:G:A,3768198,-0.03846065,0.0014792215,computed (both variants usable)
3:133940530:A:G,3:133985901:G:A,45371,0.70538145,0.497563,computed (both variants usable)
3:133940530:A:G,3:133995065:G:A,54535,0.8642682,0.7469595,computed (both variants usable)
3:133940530:A:G,3:135876125:A:G,1935595,-8.003496e-05,6.4055947e-09,computed (both variants usable)
3:133940530:A:G,3:143722233:A:G,9781703,-0.01662683,0.00027645146,computed (both variants usable)
3:133985901:G:A,3:133995065:G:A,9164,0.6264106,0.39239025,computed (both variants usable)
3:133985901:G:A,3:135876125:A:G,1890224,-0.006675903,4.4567685e-05,computed (both variants usable)
3:133985901:G:A,3:143722233:A:G,9736332,-0.024326565,0.00059178175,computed (both variants usable)
3:133995065:G:A,3:135876125:A:G,1881060,0.013676853,0.0001870563,computed (both variants usable)
3:133995065:G:A,3:143722233:A:G,9727168,-0.039137457,0.0015317405,computed (both variants usable)
3:135876125:A:G,3:143722233:A:G,7846108,0.011605299,0.00013468297,computed (both variants usable)
3:160173831:G:T,3:160182911:C:G,9080,0.99181277,0.9836926,computed (both variants usable)
3:160173831:G:T,3:168814206:G:A,8640375,-0.032745026,0.0010722367,computed (both variants usable)
3:160173831:G:T,3:168815099:T:C,8641268,-0.008982563,8.068645e-05,computed (both variants usable)
3:160182911:C:G,3:168814206:G:A,8631295,-0.03471317,0.0012050043,computed (both variants usable)
3:160182911:C:G,3:168815099:T:C,8632188,-0.013091252,0.00017138089,computed (both variants usable)
3:168814206:G:A,3:168815099:T:C,893,-0.38659167,0.14945312,computed (both variants usable)
3:168814206:G:A,3:171833266:G:C,3019060,-0.0029345432,8.611543e-06,computed (both variants usable)
3:168815099:T:C,3:171833266:G:C,3018167,-0.049858425,0.0024858625,computed (both variants usable)
4:38385479:G:A,4:38387075:T:G,1596,0.9979991,0.99600214,computed (both variants usable)
4:38385479:G:A,4:45181334:A:T,6795855,0.04903788,0.0024047138,computed (both variants usable)
4:38387075:T:G,4:45181334:A:T,6794259,0.046681363,0.0021791498,computed (both variants usable)
4:81182554:T:C,4:86719165:T:C,5536611,-0.027126769,0.0007358616,computed (both variants usable)
4:103915310:T:G,4:106910958:C:T,2995648,0.03909766,0.001528627,computed (both variants usable)
4:103915310:T:G,4:106911742:G:C,2996432,0.041585766,0.0017293759,computed (both variants usable)
4:103915310:T:G,4:111335722:C:T,7420412,0.04646053,0.002158581,computed (both variants usable)
4:103915310:T:G,4:111337478:G:A,7422168,-0.00053943467,2.9098976e-07,computed (both variants usable)
4:103915310:T:G,4:111404413:A:G,7489103,-0.011787509,0.00013894535,computed (both variants usable)
4:103915310:T:G,4:111406496:G:A,7491186,0.011696575,0.00013680987,computed (both variants usable)
4:106910958:C:T,4:106911742:G:C,784,0.9971807,0.9943693,computed (both variants usable)
4:106910958:C:T,4:111335722:C:T,4424764,-6.943484e-05,4.821197e-09,computed (both variants usable)
4:106910958:C:T,4:111337478:G:A,4426520,0.0013514538,1.8264275e-06,computed (both variants usable)
4:106910958:C:T,4:111404413:A:G,4493455,0.0357353,0.0012770118,computed (both variants usable)
4:106910958:C:T,4:111406496:G:A,4495538,0.042925015,0.0018425569,computed (both variants usable)
4:106911742:G:C,4:111335722:C:T,4423980,0.0011479635,1.3178201e-06,computed (both variants usable)
4:106911742:G:C,4:111337478:G:A,4425736,-0.0006048886,3.6589023e-07,computed (both variants usable)
4:106911742:G:C,4:111404413:A:G,4492671,0.03795316,0.0014404424,computed (both variants usable)
4:106911742:G:C,4:111406496:G:A,4494754,0.045599733,0.0020793355,computed (both variants usable)
4:111335722:C:T,4:111337478:G:A,1756,0.42426014,0.17999667,computed (both variants usable)
4:111335722:C:T,4:111404413:A:G,68691,0.11103024,0.012327715,computed (both variants usable)
4:111335722:C:T,4:111406496:G:A,70774,0.39303607,0.15447734,computed (both variants usable)
4:111337478:G:A,4:111404413:A:G,66935,0.61537266,0.3786835,computed (both variants usable)
4:111337478:G:A,4:111406496:G:A,69018,0.72186255,0.52108556,computed (both variants usable)
4:111404413:A:G,4:111406496:G:A,2083,0.8290894,0.68738925,computed (both variants usable)
4:138411527:C:G,4:138439630:T:A,28103,0.98569906,0.9716026,computed (both variants usable)
4:138411527:C:G,4:138441530:A:G,30003,0.98569906,0.9716026,computed (both variants usable)
4:138411527:C:G,4:144043631:A:T,5632104,0.02272685,0.00051650975,computed (both variants usable)
4:138411527:C:G,4:144052417:C:T,5640890,0.03876313,0.0015025801,computed (both variants usable)
4:138411527:C:G,4:144086245:G:A,5674718,0.033938468,0.0011518196,computed (both variants usable)
4:138411527:C:G,4:148396280:G:A,9984753,0.018605832,0.000346177,computed (both variants usable)
4:138411527:C:G,4:148410414:A:G,9998887,0.016542945,0.00027366902,computed (both variants usable)
4:138439630:T:A,4:138441530:A:G,1900,1.0000023,1.0000045,computed (both variants usable)
4:138439630:T:A,4:144043631:A:T,5604001,0.01857788,0.0003451376,computed (both variants usable)
4:138439630:T:A,4:144052417:C:T,5612787,0.03799611,0.0014437044,computed (both variants usable)
4:138439630:T:A,4:144086245:G:A,5646615,0.033142626,0.0010984336,computed (both variants usable)
4:138439630:T:A,4:148396280:G:A,9956650,0.022627287,0.0005119941,computed (both variants usable)
4:138439630:T:A,4:148410414:A:G,9970784,0.020684704,0.00042785698,computed (both variants usable)
4:138441530:A:G,4:144043631:A:T,5602101,0.01857788,0.0003451376,computed (both variants usable)
4:138441530:A:G,4:144052417:C:T,5610887,0.03799611,0.0014437044,computed (both variants usable)
4:138441530:A:G,4:144086245:G:A,5644715,0.033142626,0.0010984336,computed (both variants usable)
4:138441530:A:G,4:148396280:G:A,9954750,0.022627287,0.0005119941,computed (both variants usable)
4:138441530:A:G,4:148410414:A:G,9968884,0.020684704,0.00042785698,computed (both variants usable)
4:144043631:A:T,4:144052417:C:T,8786,0.84661573,0.7167582,computed (both variants usable)
4:144043631:A:T,4:144086245:G:A,42614,0.84311765,0.7108474,computed (both variants usable)
4:144043631:A:T,4:148396280:G:A,4352649,-0.015940582,0.00025410217,computed (both variants usable)
4:144043631:A:T,4:148410414:A:G,4366783,-0.02404812,0.0005783121,computed (both variants usable)
4:144052417:C:T,4:144086245:G:A,33828,0.9958645,0.9917461,computed (both variants usable)
4:144052417:C:T,4:148396280:G:A,4343863,-0.026592288,0.0007071498,computed (both variants usable)
4:144052417:C:T,4:148410414:A:G,4357997,-0.03858514,0.0014888131,computed (both variants usable)
4:144086245:G:A,4:148396280:G:A,4310035,-0.032706585,0.0010697207,computed (both variants usable)
4:144086245:G:A,4:148410414:A:G,4324169,-0.044506833,0.0019808582,computed (both variants usable)
4:148396280:G:A,4:148410414:A:G,14134,0.9517032,0.90573895,computed (both variants usable)
4:148396280:G:A,4:156420605:A:T,8024325,0.0042161853,1.7776218e-05,computed (both variants usable)
4:148396280:G:A,4:156638867:A:G,8242587,9.74663e-05,9.499679e-09,computed (both variants usable)
4:148396280:G:A,4:156641047:G:A,8244767,0.0010664932,1.1374078e-06,computed (both variants usable)
4:148396280:G:A,4:156645513:C:A,8249233,0.029191073,0.00085211877,computed (both variants usable)
4:148396280:G:A,4:157678511:T:G,9282231,-0.0469811,0.0022072238,computed (both variants usable)
4:148396280:G:A,4:157694651:C:T,9298371,-0.043616537,0.0019024023,computed (both variants usable)
4:148396280:G:A,4:157703526:C:T,9307246,0.0049884757,2.488489e-05,computed (both variants usable)
4:148410414:A:G,4:156420605:A:T,8010191,0.00893333,7.9804384e-05,computed (both variants usable)
4:148410414:A:G,4:156638867:A:G,8228453,0.0006050424,3.6607628e-07,computed (both variants usable)
4:148410414:A:G,4:156641047:G:A,8230633,0.0017925459,3.2132207e-06,computed (both variants usable)
4:148410414:A:G,4:156645513:C:A,8235099,0.031982895,0.0010229056,computed (both variants usable)
4:148410414:A:G,4:157678511:T:G,9268097,-0.04109009,0.0016883955,computed (both variants usable)
4:148410414:A:G,4:157694651:C:T,9284237,-0.037585203,0.0014126474,computed (both variants usable)
4:148410414:A:G,4:157703526:C:T,9293112,0.0065993457,4.3551365e-05,computed (both variants usable)
4:156420605:A:T,4:156638867:A:G,218262,-0.02115432,0.00044750524,computed (both variants usable)
4:156420605:A:T,4:156641047:G:A,220442,-0.022269165,0.0004959157,computed (both variants usable)
4:156420605:A:T,4:156645513:C:A,224908,-0.026330547,0.0006932977,computed (both variants usable)
4:156420605:A:T,4:157678511:T:G,1257906,0.034772005,0.0012090923,computed (both variants usable)
4:156420605:A:T,4:157694651:C:T,1274046,0.03718593,0.0013827934,computed (both variants usable)
4:156420605:A:T,4:157703526:C:T,1282921,0.0046223407,2.1366033e-05,computed (both variants usable)
4:156638867:A:G,4:156641047:G:A,2180,0.9915438,0.9831592,computed (both variants usable)
4:156638867:A:G,4:156645513:C:A,6646,0.4890183,0.23913889,computed (both variants usable)
4:156638867:A:G,4:157678511:T:G,1039644,-0.013967105,0.00019508002,computed (both variants usable)
4:156638867:A:G,4:157694651:C:T,1055784,-0.01543631,0.00023827968,computed (both variants usable)
4:156638867:A:G,4:157703526:C:T,1064659,0.023505596,0.00055251305,computed (both variants usable)
4:156641047:G:A,4:156645513:C:A,4466,0.4949269,0.24495263,computed (both variants usable)
4:156641047:G:A,4:157678511:T:G,1037464,-0.016015915,0.00025650955,computed (both variants usable)
4:156641047:G:A,4:157694651:C:T,1053604,-0.017543357,0.00030776937,computed (both variants usable)
4:156641047:G:A,4:157703526:C:T,1062479,0.021079147,0.00044433045,computed (both variants usable)
4:156645513:C:A,4:157678511:T:G,1032998,-0.003779599,1.4285369e-05,computed (both variants usable)
4:156645513:C:A,4:157694651:C:T,1049138,-0.0068061533,4.6323723e-05,computed (both variants usable)
4:156645513:C:A,4:157703526:C:T,1058013,-0.021459324,0.0004605026,computed (both variants usable)
4:157678511:T:G,4:157694651:C:T,16140,0.99259824,0.98525125,computed (both variants usable)
4:157678511:T:G,4:157703526:C:T,25015,0.5872619,0.34487656,computed (both variants usable)
4:157694651:C:T,4:157703526:C:T,8875,0.58291227,0.3397867,computed (both variants usable)
5:214413:C:T,5:3704181:C:T,3489768,0.0021657918,4.6906544e-06,computed (both variants usable)
5:32829975:C:G,5:32832474:C:A,2499,0.9999973,0.99999464,computed (both variants usable)
5:32829975:C:G,5:33405025:G:A,575050,-0.053846408,0.0028994356,computed (both variants usable)
5:32832474:C:A,5:33405025:G:A,572551,-0.053846408,0.0028994356,computed (both variants usable)
5:53300835:T:C,5:55860866:G:T,2560031,0.014406979,0.00020756104,computed (both variants usable)
5:53300835:T:C,5:55868097:C:T,2567262,-0.018293861,0.00033466535,computed (both variants usable)
5:55860866:G:T,5:55868097:C:T,7231,0.6400219,0.40962806,computed (both variants usable)
5:107475979:T:C,5:114381312:T:C,6905333,0.003386872,1.1470901e-05,computed (both variants usable)
5:107475979:T:C,5:114389826:A:G,6913847,-0.005965887,3.559181e-05,computed (both variants usable)
5:107475979:T:C,5:114393181:G:T,6917202,0.005965887,3.559181e-05,computed (both variants usable)
5:114381312:T:C,5:114389826:A:G,8514,0.9940261,0.98808795,computed (both variants usable)
5:114381312:T:C,5:114393181:G:T,11869,-0.9940261,0.98808795,computed (both variants usable)
5:114381312:T:C,5:117880113:T:G,3498801,0.009199972,8.463949e-05,computed (both variants usable)
5:114381312:T:C,5:122450771:G:A,8069459,-0.0064604976,4.173803e-05,computed (both variants usable)
5:114381312:T:C,5:122457125:A:G,8075813,-0.017822852,0.00031765408,computed (both variants usable)
5:114381312:T:C,5:122465154:T:C,8083842,0.020396499,0.00041601717,computed (both variants usable)
5:114381312:T:C,5:122835138:A:G,8453826,0.021127302,0.0004463629,computed (both variants usable)
5:114389826:A:G,5:114393181:G:T,3355,-0.9999979,0.9999958,computed (both variants usable)
5:114389826:A:G,5:117880113:T:G,3490287,0.010167127,0.00010337046,computed (both variants usable)
5:114389826:A:G,5:122450771:G:A,8060945,-0.0056476663,3.1896136e-05,computed (both variants usable)
5:114389826:A:G,5:122457125:A:G,8067299,-0.017010957,0.00028937266,computed (both variants usable)
5:114389826:A:G,5:122465154:T:C,8075328,0.01985389,0.00039417695,computed (both variants usable)
5:114389826:A:G,5:122835138:A:G,8445312,0.018440409,0.00034004866,computed (both variants usable)
5:114393181:G:T,5:117880113:T:G,3486932,-0.010167127,0.00010337046,computed (both variants usable)
5:114393181:G:T,5:122450771:G:A,8057590,0.0056476663,3.1896136e-05,computed (both variants usable)
5:114393181:G:T,5:122457125:A:G,8063944,0.017010957,0.00028937266,computed (both variants usable)
5:114393181:G:T,5:122465154:T:C,8071973,-0.01985389,0.00039417695,computed (both variants usable)
5:114393181:G:T,5:122835138:A:G,8441957,-0.018440409,0.00034004866,computed (both variants usable)
5:117880113:T:G,5:122450771:G:A,4570658,0.010956133,0.00012003684,computed (both variants usable)
5:117880113:T:G,5:122457125:A:G,4577012,0.0037334177,1.3938408e-05,computed (both variants usable)
5:117880113:T:G,5:122465154:T:C,4585041,0.013518784,0.00018275753,computed (both variants usable)
5:117880113:T:G,5:122835138:A:G,4955025,-0.068475045,0.004688832,computed (both variants usable)
5:117880113:T:G,5:127843208:C:T,9963095,-0.01669992,0.0002788873,computed (both variants usable)
5:117880113:T:G,5:127845030:C:A,9964917,-0.01669992,0.0002788873,computed (both variants usable)
5:122450771:G:A,5:122457125:A:G,6354,0.97568494,0.9519611,computed (both variants usable)
5:122450771:G:A,5:122465154:T:C,14383,0.11177311,0.012493229,computed (both variants usable)
5:122450771:G:A,5:122835138:A:G,384367,0.018055469,0.00032599995,computed (both variants usable)
5:122450771:G:A,5:127843208:C:T,5392437,-0.01993038,0.00039722002,computed (both variants usable)
5:122450771:G:A,5:127845030:C:A,5394259,-0.01993038,0.00039722002,computed (both variants usable)
5:122450771:G:A,5:127881566:C:T,5430795,0.00032867322,1.08026086e-07,computed (both variants usable)
5:122450771:G:A,5:132444128:G:A,9993357,0.035073362,0.0012301408,computed (both variants usable)
5:122457125:A:G,5:122465154:T:C,8029,0.111773096,0.012493225,computed (both variants usable)
5:122457125:A:G,5:122835138:A:G,378013,0.018055482,0.00032600042,computed (both variants usable)
5:122457125:A:G,5:127843208:C:T,5386083,-0.019930383,0.00039722017,computed (both variants usable)
5:122457125:A:G,5:127845030:C:A,5387905,-0.019930383,0.00039722017,computed (both variants usable)
5:122457125:A:G,5:127881566:C:T,5424441,-0.005796818,3.36031e-05,computed (both variants usable)
5:122457125:A:G,5:132444128:G:A,9987003,0.04630308,0.002143975,computed (both variants usable)
5:122465154:T:C,5:122835138:A:G,369984,-0.05905895,0.0034879595,computed (both variants usable)
5:122465154:T:C,5:127843208:C:T,5378054,-0.024634749,0.00060687086,computed (both variants usable)
5:122465154:T:C,5:127845030:C:A,5379876,-0.024634749,0.00060687086,computed (both variants usable)
5:122465154:T:C,5:127881566:C:T,5416412,-0.02656772,0.00070584373,computed (both variants usable)
5:122465154:T:C,5:132444128:G:A,9978974,0.05875378,0.0034520067,computed (both variants usable)
5:122835138:A:G,5:127843208:C:T,5008070,-0.008590677,7.3799725e-05,computed (both variants usable)
5:122835138:A:G,5:127845030:C:A,5009892,-0.008590677,7.3799725e-05,computed (both variants usable)
5:122835138:A:G,5:127881566:C:T,5046428,0.035364933,0.0012506786,computed (both variants usable)
5:122835138:A:G,5:132444128:G:A,9608990,-0.019883262,0.0003953441,computed (both variants usable)
5:127843208:C:T,5:127845030:C:A,1822,1.0000006,1.0000012,computed (both variants usable)
5:127843208:C:T,5:127881566:C:T,38358,0.84643495,0.7164521,computed (both variants usable)
5:127843208:C:T,5:132444128:G:A,4600920,0.011533571,0.00013302326,computed (both variants usable)
5:127843208:C:T,5:136991751:G:A,9148543,0.006525614,4.2583637e-05,computed (both variants usable)
5:127845030:C:A,5:127881566:C:T,36536,0.84643495,0.7164521,computed (both variants usable)
5:127845030:C:A,5:132444128:G:A,4599098,0.011533571,0.00013302326,computed (both variants usable)
5:127845030:C:A,5:136991751:G:A,9146721,0.006525614,4.2583637e-05,computed (both variants usable)
5:127881566:C:T,5:132444128:G:A,4562562,0.02090691,0.0004370989,computed (both variants usable)
5:127881566:C:T,5:136991751:G:A,9110185,0.01753731,0.00030755726,computed (both variants usable)
5:132444128:G:A,5:136991751:G:A,4547623,-0.031200154,0.0009734496,computed (both variants usable)
5:148361622:A:C,5:148366371:T:C,4749,1.0000013,1.0000026,computed (both variants usable)
5:148361622:A:C,5:148385614:G:A,23992,0.9931965,0.9864393,computed (both variants usable)
5:148361622:A:C,5:157814228:T:C,9452606,-0.0047172764,2.2252698e-05,computed (both variants usable)
5:148361622:A:C,5:157818018:A:G,9456396,-0.0047172764,2.2252698e-05,computed (both variants usable)
5:148361622:A:C,5:157818150:C:G,9456528,-0.0005925194,3.5107925e-07,computed (both variants usable)
5:148366371:T:C,5:148385614:G:A,19243,0.9931965,0.9864393,computed (both variants usable)
5:148366371:T:C,5:157814228:T:C,9447857,-0.0047172764,2.2252698e-05,computed (both variants usable)
5:148366371:T:C,5:157818018:A:G,9451647,-0.0047172764,2.2252698e-05,computed (both variants usable)
5:148366371:T:C,5:157818150:C:G,9451779,-0.0005925194,3.5107925e-07,computed (both variants usable)
5:148385614:G:A,5:157814228:T:C,9428614,-0.008602322,7.3999945e-05,computed (both variants usable)
5:148385614:G:A,5:157818018:A:G,9432404,-0.008602322,7.3999945e-05,computed (both variants usable)
5:148385614:G:A,5:157818150:C:G,9432536,-0.0044119107,1.9464956e-05,computed (both variants usable)
5:157814228:T:C,5:157818018:A:G,3790,1.0000011,1.0000021,computed (both variants usable)
5:157814228:T:C,5:157818150:C:G,3922,0.97855,0.9575601,computed (both variants usable)
5:157814228:T:C,5:158421240:A:C,607012,-0.058788996,0.003456146,computed (both variants usable)
5:157814228:T:C,5:158444274:C:T,630046,-0.06506017,0.0042328257,computed (both variants usable)
5:157814228:T:C,5:158460212:G:A,645984,-0.071446165,0.0051045544,computed (both variants usable)
5:157814228:T:C,5:167589015:C:G,9774787,-0.018947206,0.00035899662,computed (both variants usable)
5:157818018:A:G,5:157818150:C:G,132,0.97855,0.9575601,computed (both variants usable)
5:157818018:A:G,5:158421240:A:C,603222,-0.058788996,0.003456146,computed (both variants usable)
5:157818018:A:G,5:158444274:C:T,626256,-0.06506017,0.0042328257,computed (both variants usable)
5:157818018:A:G,5:158460212:G:A,642194,-0.071446165,0.0051045544,computed (both variants usable)
5:157818018:A:G,5:167589015:C:G,9770997,-0.018947206,0.00035899662,computed (both variants usable)
5:157818150:C:G,5:158421240:A:C,603090,-0.05901347,0.0034825897,computed (both variants usable)
5:157818150:C:G,5:158444274:C:T,626124,-0.06258109,0.003916393,computed (both variants usable)
5:157818150:C:G,5:158460212:G:A,642062,-0.08226045,0.006766782,computed (both variants usable)
5:157818150:C:G,5:167589015:C:G,9770865,-0.01875226,0.00035164726,computed (both variants usable)
5:158421240:A:C,5:158444274:C:T,23034,0.83973116,0.7051484,computed (both variants usable)
5:158421240:A:C,5:158460212:G:A,38972,0.49123347,0.24131031,computed (both variants usable)
5:158421240:A:C,5:167589015:C:G,9167775,0.012207366,0.00014901978,computed (both variants usable)
5:158444274:C:T,5:158460212:G:A,15938,0.5226006,0.27311137,computed (both variants usable)
5:158444274:C:T,5:167589015:C:G,9144741,0.0164121,0.00026935703,computed (both variants usable)
5:158460212:G:A,5:167589015:C:G,9128803,0.03538895,0.0012523778,computed (both variants usable)
5:167589015:C:G,5:173340496:T:G,5751481,0.0021330232,4.549788e-06,computed (both variants usable)
5:167589015:C:G,5:173356752:G:C,5767737,0.0029244057,8.552149e-06,computed (both variants usable)
5:167589015:C:G,5:173392398:A:T,5803383,0.013641076,0.00018607896,computed (both variants usable)
5:173340496:T:G,5:173356752:G:C,16256,0.99276537,0.98558307,computed (both variants usable)
5:173340496:T:G,5:173392398:A:T,51902,0.9420275,0.8874158,computed (both variants usable)
5:173356752:G:C,5:173392398:A:T,35646,0.93492997,0.87409407,computed (both variants usable)
6:15503696:G:C,6:20675792:C:A,5172096,0.0211368,0.00044676432,computed (both variants usable)
6:15503696:G:C,6:20686996:C:A,5183300,0.014665505,0.00021507703,computed (both variants usable)
6:15503696:G:C,6:22125964:T:C,6622268,0.010113882,0.00010229061,computed (both variants usable)
6:15503696:G:C,6:22392260:A:G,6888564,-0.009569055,9.156682e-05,computed (both variants usable)
6:20675792:C:A,6:20686996:C:A,11204,0.9926057,0.98526603,computed (both variants usable)
6:20675792:C:A,6:22125964:T:C,1450172,-0.07380607,0.005447336,computed (both variants usable)
6:20675792:C:A,6:22392260:A:G,1716468,-0.010094693,0.00010190283,computed (both variants usable)
6:20686996:C:A,6:22125964:T:C,1438968,-0.066894256,0.0044748415,computed (both variants usable)
6:20686996:C:A,6:22392260:A:G,1705264,-0.011468381,0.00013152376,computed (both variants usable)
6:22125964:T:C,6:22392260:A:G,266296,0.04200303,0.0017642546,computed (both variants usable)
6:43349795:G:A,6:43352980:A:G,3185,-0.9978693,0.99574316,computed (both variants usable)
6:43349795:G:A,6:43364494:G:A,14699,-0.81965053,0.671827,computed (both variants usable)
6:43349795:G:A,6:51243950:G:A,7894155,-0.042625703,0.0018169505,computed (both variants usable)
6:43349795:G:A,6:51449442:G:A,8099647,-0.077979684,0.006080831,computed (both variants usable)
6:43352980:A:G,6:43364494:G:A,11514,0.82139605,0.6746915,computed (both variants usable)
6:43352980:A:G,6:51243950:G:A,7890970,0.038810957,0.0015062904,computed (both variants usable)
6:43352980:A:G,6:51449442:G:A,8096462,0.07556397,0.005709913,computed (both variants usable)
6:43364494:G:A,6:51243950:G:A,7879456,0.03212699,0.0010321435,computed (both variants usable)
6:43364494:G:A,6:51449442:G:A,8084948,0.07809434,0.0060987263,computed (both variants usable)
6:51243950:G:A,6:51449442:G:A,205492,0.36236787,0.13131048,computed (both variants usable)
6:79513590:C:T,6:79739010:G:A,225420,0.98010886,0.96061337,computed (both variants usable)
6:79513590:C:T,6:79791042:A:G,277452,0.7751399,0.6008419,computed (both variants usable)
6:79739010:G:A,6:79791042:A:G,52032,0.78531414,0.6167183,computed (both variants usable)
6:96885572:G:A,6:97034715:G:A,149143,0.9553136,0.9126241,computed (both variants usable)
6:96885572:G:A,6:97052164:C:T,166592,0.9430361,0.88931704,computed (both variants usable)
6:97034715:G:A,6:97052164:C:T,17449,0.9881453,0.97643113,computed (both variants usable)
6:117901048:T:C,6:127155711:C:T,9254663,0.040575955,0.0016464081,computed (both variants usable)
6:117901048:T:C,6:127163126:C:T,9262078,0.03925171,0.0015406968,computed (both variants usable)
6:117901048:T:C,6:127177475:T:C,9276427,0.03792811,0.0014385417,computed (both variants usable)
6:127155711:C:T,6:127163126:C:T,7415,0.99798876,0.9959816,computed (both variants usable)
6:127155711:C:T,6:127177475:T:C,21764,0.99598646,0.991989,computed (both variants usable)
6:127155711:C:T,6:134184972:G:A,7029261,-0.0014364755,2.063462e-06,computed (both variants usable)
6:127155711:C:T,6:134196674:C:A,7040963,-0.0014364755,2.063462e-06,computed (both variants usable)
6:127155711:C:T,6:134209837:T:C,7054126,0.003331817,1.1101004e-05,computed (both variants usable)
6:127163126:C:T,6:127177475:T:C,14349,0.9979909,0.99598587,computed (both variants usable)
6:127163126:C:T,6:134184972:G:A,7021846,-0.0027145667,7.368872e-06,computed (both variants usable)
6:127163126:C:T,6:134196674:C:A,7033548,-0.0027145667,7.368872e-06,computed (both variants usable)
6:127163126:C:T,6:134209837:T:C,7046711,0.0020186214,4.0748323e-06,computed (both variants usable)
6:127177475:T:C,6:134184972:G:A,7007497,-0.003992217,1.5937798e-05,computed (both variants usable)
6:127177475:T:C,6:134196674:C:A,7019199,-0.003992217,1.5937798e-05,computed (both variants usable)
6:127177475:T:C,6:134209837:T:C,7032362,0.00070594955,4.983648e-07,computed (both variants usable)
6:134184972:G:A,6:134196674:C:A,11702,1.0000025,1.000005,computed (both variants usable)
6:134184972:G:A,6:134209837:T:C,24865,0.91680557,0.8405324,computed (both variants usable)
6:134196674:C:A,6:134209837:T:C,13163,0.91680557,0.8405324,computed (both variants usable)
6:150997440:C:T,6:150999751:C:T,2311,0.99319226,0.9864309,computed (both variants usable)
6:150997440:C:T,6:151002371:T:C,4931,0.93752927,0.87896115,computed (both variants usable)
6:150999751:C:T,6:151002371:T:C,2620,0.94395524,0.8910515,computed (both variants usable)
6:161089307:C:T,6:170625014:G:A,9535707,-0.062862106,0.0039516445,computed (both variants usable)
6:161089307:C:T,6:170702502:A:G,9613195,0.04212711,0.0017746934,computed (both variants usable)
6:170625014:G:A,6:170702502:A:G,77488,-0.8568134,0.73412913,computed (both variants usable)
7:1888051:G:A,7:1947342:G:A,59291,-0.33530352,0.11242845,computed (both variants usable)
7:1888051:G:A,7:1966831:A:G,78780,-0.32251668,0.10401701,computed (both variants usable)
7:1947342:G:A,7:1966831:A:G,19489,0.8375211,0.7014415,computed (both variants usable)
7:27242359:A:C,7:27242617:T:C,258,0.85286087,0.72737163,computed (both variants usable)
7:27242359:A:C,7:27243238:G:A,879,1.0000002,1.0000005,computed (both variants usable)
7:27242359:A:C,7:27320319:T:C,77960,0.06560262,0.004303704,computed (both variants usable)
7:27242359:A:C,7:27324369:G:A,82010,0.06560262,0.004303704,computed (both variants usable)
7:27242359:A:C,7:27328187:C:G,85828,0.051707663,0.0026736823,computed (both variants usable)
7:27242359:A:C,7:28196222:A:G,953863,-0.004920852,2.4214783e-05,computed (both variants usable)
7:27242617:T:C,7:27243238:G:A,621,0.85286087,0.72737163,computed (both variants usable)
7:27242617:T:C,7:27320319:T:C,77702,-0.0073777693,5.443148e-05,computed (both variants usable)
7:27242617:T:C,7:27324369:G:A,81752,-0.0073777693,5.443148e-05,computed (both variants usable)
7:27242617:T:C,7:27328187:C:G,85570,-0.018917587,0.00035787508,computed (both variants usable)
7:27242617:T:C,7:28196222:A:G,953605,0.0016184746,2.61946e-06,computed (both variants usable)
7:27243238:G:A,7:27320319:T:C,77081,0.06560262,0.004303704,computed (both variants usable)
7:27243238:G:A,7:27324369:G:A,81131,0.06560262,0.004303704,computed (both variants usable)
7:27243238:G:A,7:27328187:C:G,84949,0.051707663,0.0026736823,computed (both variants usable)
7:27243238:G:A,7:28196222:A:G,952984,-0.004920852,2.4214783e-05,computed (both variants usable)
7:27320319:T:C,7:27324369:G:A,4050,1.0,1.0,computed (both variants usable)
7:27320319:T:C,7:27328187:C:G,7868,0.99400705,0.98805004,computed (both variants usable)
7:27320319:T:C,7:28196222:A:G,875903,-0.012875556,0.00016577994,computed (both variants usable)
7:27324369:G:A,7:27328187:C:G,3818,0.99400705,0.98805004,computed (both variants usable)
7:27324369:G:A,7:28196222:A:G,871853,-0.012875556,0.00016577994,computed (both variants usable)
7:27328187:C:G,7:28196222:A:G,868035,-0.016365435,0.00026782748,computed (both variants usable)
7:75077419:G:A,7:75123519:G:T,46100,0.62378573,0.38910863,computed (both variants usable)
7:106412082:G:A,7:106414069:T:G,1987,0.99713635,0.99428093,computed (both variants usable)
7:106412082:G:A,7:106416467:G:A,4385,0.99713635,0.99428093,computed (both variants usable)
7:106414069:T:G,7:106416467:G:A,2398,0.9999993,0.99999857,computed (both variants usable)
7:123420442:C:A,7:129663496:C:T,6243054,-0.018117884,0.00032825774,computed (both variants usable)
7:123420442:C:A,7:129685597:G:A,6265155,-0.024312435,0.0005910945,computed (both variants usable)
7:123420442:C:A,7:130434500:T:C,7014058,-0.0043719225,1.9113706e-05,computed (both variants usable)
7:123420442:C:A,7:130439058:C:G,7018616,-0.01602185,0.00025669966,computed (both variants usable)
7:129663496:C:T,7:129685597:G:A,22101,0.9306408,0.8660923,computed (both variants usable)
7:129663496:C:T,7:130434500:T:C,771004,0.1374549,0.01889385,computed (both variants usable)
7:129663496:C:T,7:130439058:C:G,775562,-0.045994133,0.0021154603,computed (both variants usable)
7:129685597:G:A,7:130434500:T:C,748903,0.11609695,0.013478502,computed (both variants usable)
7:129685597:G:A,7:130439058:C:G,753461,-0.012174122,0.00014820925,computed (both variants usable)
7:130434500:T:C,7:130439058:C:G,4558,-0.5585506,0.31197876,computed (both variants usable)
7:150408956:A:C,7:150580651:G:A,171695,-0.071967475,0.0051793177,computed (both variants usable)
7:150408956:A:C,7:150690176:C:T,281220,-0.0035185947,1.2380508e-05,computed (both variants usable)
7:150408956:A:C,7:150704843:G:A,295887,-0.005412078,2.9290588e-05,computed (both variants usable)
7:150408956:A:C,7:151403260:T:C,994304,0.014317099,0.00020497933,computed (both variants usable)
7:150408956:A:C,7:151413124:T:C,1004168,0.0026711407,7.1349928e-06,computed (both variants usable)
7:150408956:A:C,7:151415041:A:G,1006085,-0.0019943279,3.9773436e-06,computed (both variants usable)
7:150580651:G:A,7:150690176:C:T,109525,-0.08106638,0.0065717576,computed (both variants usable)
7:150580651:G:A,7:150704843:G:A,124192,0.26359704,0.0694834,computed (both variants usable)
7:150580651:G:A,7:151403260:T:C,822609,0.005687621,3.234903e-05,computed (both variants usable)
7:150580651:G:A,7:151413124:T:C,832473,0.03006333,0.00090380374,computed (both variants usable)
7:150580651:G:A,7:151415041:A:G,834390,0.013518595,0.00018275241,computed (both variants usable)
7:150690176:C:T,7:150704843:G:A,14667,-0.22741465,0.051717423,computed (both variants usable)
7:150690176:C:T,7:151403260:T:C,713084,0.02851965,0.0008133705,computed (both variants usable)
7:150690176:C:T,7:151413124:T:C,722948,0.03995498,0.0015964004,computed (both variants usable)
7:150690176:C:T,7:151415041:A:G,724865,0.032659955,0.0010666727,computed (both variants usable)
7:150704843:G:A,7:151403260:T:C,698417,-0.083140835,0.0069123986,computed (both variants usable)
7:150704843:G:A,7:151413124:T:C,708281,-0.09436207,0.008904201,computed (both variants usable)
7:150704843:G:A,7:151415041:A:G,710198,-0.11738053,0.013778189,computed (both variants usable)
7:151403260:T:C,7:151413124:T:C,9864,0.88495445,0.78314435,computed (both variants usable)
7:151403260:T:C,7:151415041:A:G,11781,0.89458865,0.80028886,computed (both variants usable)
7:151413124:T:C,7:151415041:A:G,1917,0.9714985,0.94380933,computed (both variants usable)
8:23414147:A:G,8:25900405:G:T,2486258,-0.011147827,0.00012427404,computed (both variants usable)
8:23414147:A:G,8:25987666:G:T,2573519,0.0098171905,9.6377225e-05,computed (both variants usable)
8:25900405:G:T,8:25987666:G:T,87261,0.034772933,0.0012091568,computed (both variants usable)
8:81395746:T:G,8:81404008:G:C,8262,0.9975438,0.99509364,computed (both variants usable)
8:81395746:T:G,8:81440788:G:A,45042,0.90446645,0.81805956,computed (both variants usable)
8:81404008:G:C,8:81440788:G:A,36780,0.9066969,0.82209927,computed (both variants usable)
8:95965743:G:A,8:95967372:A:G,1629,-0.8467971,0.71706533,computed (both variants usable)
8:95967372:A:G,8:105966258:G:A,9998886,0.03908212,0.0015274122,computed (both variants usable)
9:14765030:T:C,9:22093299:A:T,7328269,0.023865087,0.0005695424,computed (both variants usable)
9:14765030:T:C,9:22124744:C:G,7359714,0.004458629,1.9879373e-05,computed (both variants usable)
9:22093299:A:T,9:22124744:C:G,31445,0.9287656,0.8626055,computed (both variants usable)
9:113153647:T:C,9:113250200:G:T,96553,0.49020287,0.24029885,computed (both variants usable)
9:136522274:C:T,9:136535677:G:A,13403,0.8819782,0.77788556,computed (both variants usable)
