a,b,dist,r,r2,ld_status
1:3327032:C:T,1:3328659:C:T,1627,0.9856052994728088,0.9714177846908569,computed (both variants usable)
1:3327032:C:T,1:3329384:C:T,2352,0.9669806957244873,0.935051679611206,computed (both variants usable)
1:3327032:C:T,1:7765320:C:G,4438288,-0.03358704224228859,0.0011280893813818693,computed (both variants usable)
1:3327032:C:T,1:8448404:A:G,5121372,0.0013357717543840408,1.78428615527082e-06,computed (both variants usable)
1:3327032:C:T,1:9207732:C:T,5880700,0.007132332306355238,5.087016324978322e-05,computed (both variants usable)
1:3327032:C:T,1:9439983:T:G,6112951,0.0841108113527298,0.0070746284909546375,computed (both variants usable)
1:3327032:C:T,1:10796866:T:C,7469834,0.021578285843133926,0.0004656224336940795,computed (both variants usable)
1:3327032:C:T,1:10800746:C:T,7473714,-0.018125243484973907,0.00032852444564923644,computed (both variants usable)
1:3327032:C:T,1:10802849:C:T,7475817,-0.009930869564414024,9.862217120826244e-05,computed (both variants usable)
1:3327032:C:T,1:11864586:T:C,8537554,0.024509893730282784,0.0006007349002175033,computed (both variants usable)
1:3327032:C:T,1:11865804:A:G,8538772,0.0205514058470726,0.00042236028821207583,computed (both variants usable)
1:3327032:C:T,1:11892615:G:C,8565583,0.030930541455745697,0.0009566983790136874,computed (both variants usable)
1:3327032:C:T,1:11903241:T:C,8576209,0.07947511225938797,0.0063162934966385365,computed (both variants usable)
1:3328659:C:T,1:3329384:C:T,725,0.9819952845573425,0.9643147587776184,computed (both variants usable)
1:3328659:C:T,1:7765320:C:G,4436661,-0.03140656650066376,0.0009863724699243903,computed (both variants usable)
1:3328659:C:T,1:8448404:A:G,5119745,0.00845453329384327,7.147913129301742e-05,computed (both variants usable)
1:3328659:C:T,1:9207732:C:T,5879073,0.0034279499668627977,1.1750840712920763e-05,computed (both variants usable)
1:3328659:C:T,1:9439983:T:G,6111324,0.08631438761949539,0.007450173608958721,computed (both variants usable)
1:3328659:C:T,1:10796866:T:C,7468207,0.013409074395895004,0.00017980327538680285,computed (both variants usable)
1:3328659:C:T,1:10800746:C:T,7472087,-0.02254493720829487,0.0005082741845399141,computed (both variants usable)
1:3328659:C:T,1:10802849:C:T,7474190,-0.016602614894509315,0.0002756468311417848,computed (both variants usable)
1:3328659:C:T,1:11864586:T:C,8535927,0.01995798945426941,0.0003983213391620666,computed (both variants usable)
1:3328659:C:T,1:11865804:A:G,8537145,0.015984369441866875,0.00025550005375407636,computed (both variants usable)
1:3328659:C:T,1:11892615:G:C,8563956,0.02629838138818741,0.0006916048587299883,computed (both variants usable)
1:3328659:C:T,1:11903241:T:C,8574582,0.07285398244857788,0.00530770281329751,computed (both variants usable)
1:3329384:C:T,1:7765320:C:G,4435936,-0.02539549209177494,0.0006449310458265245,computed (both variants usable)
1:3329384:C:T,1:8448404:A:G,5119020,0.022962646558880806,0.0005272831185720861,computed (both variants usable)
1:3329384:C:T,1:9207732:C:T,5878348,0.005213557742536068,2.7181184123037383e-05,computed (both variants usable)
1:3329384:C:T,1:9439983:T:G,6110599,0.07661718130111694,0.005870192311704159,computed (both variants usable)
1:3329384:C:T,1:10796866:T:C,7467482,0.006711284164339304,4.504133539739996e-05,computed (both variants usable)
1:3329384:C:T,1:10800746:C:T,7471362,-0.02445940673351288,0.0005982625880278647,computed (both variants usable)
1:3329384:C:T,1:10802849:C:T,7473465,-0.02020866423845291,0.00040839010034687817,computed (both variants usable)
1:3329384:C:T,1:11864586:T:C,8535202,0.017872780561447144,0.0003194362798240036,computed (both variants usable)
1:3329384:C:T,1:11865804:A:G,8536420,0.01398568693548441,0.00019559943757485598,computed (both variants usable)
1:3329384:C:T,1:11892615:G:C,8563231,0.02433641254901886,0.0005922609707340598,computed (both variants usable)
1:3329384:C:T,1:11903241:T:C,8573857,0.07473330199718475,0.005585066508501768,computed (both variants usable)
1:7765320:C:G,1:8448404:A:G,683084,0.0874302014708519,0.007644040044397116,computed (both variants usable)
1:7765320:C:G,1:9207732:C:T,1442412,0.023736847564578056,0.0005634379340335727,computed (both variants usable)
1:7765320:C:G,1:9439983:T:G,1674663,-0.02991299517452717,0.0008947872556746006,computed (both variants usable)
1:7765320:C:G,1:10796866:T:C,3031546,0.0018140081083402038,3.290625500085298e-06,computed (both variants usable)
1:7765320:C:G,1:10800746:C:T,3035426,0.023269688710570335,0.0005414783954620361,computed (both variants usable)
1:7765320:C:G,1:10802849:C:T,3037529,0.001843271660618484,3.3976505164901027e-06,computed (both variants usable)
1:7765320:C:G,1:11864586:T:C,4099266,-0.02806653268635273,0.0007877302705310285,computed (both variants usable)
1:7765320:C:G,1:11865804:A:G,4100484,-0.03184940665960312,0.0010143846739083529,computed (both variants usable)
1:7765320:C:G,1:11892615:G:C,4127295,-0.02194974012672901,0.0004817910958081484,computed (both variants usable)
1:7765320:C:G,1:11903241:T:C,4137921,-0.014854376204311848,0.0002206524950452149,computed (both variants usable)
1:8448404:A:G,1:9207732:C:T,759328,0.04511876776814461,0.0020357032772153616,computed (both variants usable)
1:8448404:A:G,1:9439983:T:G,991579,0.008046718314290047,6.474967813119292e-05,computed (both variants usable)
1:8448404:A:G,1:10796866:T:C,2348462,-0.006173301488161087,3.8109650631668046e-05,computed (both variants usable)
1:8448404:A:G,1:10800746:C:T,2352342,0.031913287937641144,0.0010184579296037555,computed (both variants usable)
1:8448404:A:G,1:10802849:C:T,2354445,-0.0250160600990057,0.0006258032517507672,computed (both variants usable)
1:8448404:A:G,1:11864586:T:C,3416182,0.039995159953832626,0.0015996127622202039,computed (both variants usable)
1:8448404:A:G,1:11865804:A:G,3417400,0.03918082267045975,0.001535136834718287,computed (both variants usable)
1:8448404:A:G,1:11892615:G:C,3444211,0.04178263992071152,0.0017457889625802636,computed (both variants usable)
1:8448404:A:G,1:11903241:T:C,3454837,-0.02304491214454174,0.0005310679553076625,computed (both variants usable)
1:9207732:C:T,1:9439983:T:G,232251,0.020702190697193146,0.00042858070810325444,computed (both variants usable)
1:9207732:C:T,1:10796866:T:C,1589134,0.055620357394218445,0.0030936242546886206,computed (both variants usable)
1:9207732:C:T,1:10800746:C:T,1593014,0.04755053669214249,0.0022610535379499197,computed (both variants usable)
1:9207732:C:T,1:10802849:C:T,1595117,-0.02033759281039238,0.00041361767216585577,computed (both variants usable)
1:9207732:C:T,1:11864586:T:C,2656854,-0.03149035945534706,0.0009916427079588175,computed (both variants usable)
1:9207732:C:T,1:11865804:A:G,2658072,-0.03111335262656212,0.0009680407238192856,computed (both variants usable)
1:9207732:C:T,1:11892615:G:C,2684883,-0.02935291826725006,0.0008615938131697476,computed (both variants usable)
1:9207732:C:T,1:11903241:T:C,2695509,-0.03669136017560959,0.001346255885437131,computed (both variants usable)
1:9439983:T:G,1:10796866:T:C,1356883,0.0007449861150234938,5.550043056246068e-07,computed (both variants usable)
1:9439983:T:G,1:10800746:C:T,1360763,-0.0063815973699092865,4.0724786231294274e-05,computed (both variants usable)
1:9439983:T:G,1:10802849:C:T,1362866,-0.028660431504249573,0.0008214203407987952,computed (both variants usable)
1:9439983:T:G,1:11864586:T:C,2424603,-0.025494486093521118,0.0006499688024632633,computed (both variants usable)
1:9439983:T:G,1:11865804:A:G,2425821,-0.018495872616767883,0.00034209730802103877,computed (both variants usable)
1:9439983:T:G,1:11892615:G:C,2452632,-0.023147404193878174,0.0005358023336157203,computed (both variants usable)
1:9439983:T:G,1:11903241:T:C,2463258,-0.0002888162271119654,8.34148110584465e-08,computed (both variants usable)
1:10796866:T:C,1:10800746:C:T,3880,0.525843620300293,0.2765115201473236,computed (both variants usable)
1:10796866:T:C,1:10802849:C:T,5983,0.639082133769989,0.4084259867668152,computed (both variants usable)
1:10796866:T:C,1:11864586:T:C,1067720,-0.07361921668052673,0.005419788882136345,computed (both variants usable)
1:10796866:T:C,1:11865804:A:G,1068938,-0.06746811419725418,0.004551946651190519,computed (both variants usable)
1:10796866:T:C,1:11892615:G:C,1095749,-0.0636097863316536,0.004046204965561628,computed (both variants usable)
1:10796866:T:C,1:11903241:T:C,1106375,-0.023601097986102104,0.0005570118082687259,computed (both variants usable)
1:10800746:C:T,1:10802849:C:T,2103,0.07303901016712189,0.00533469719812274,computed (both variants usable)
1:10800746:C:T,1:11864586:T:C,1063840,-0.0237092487514019,0.0005621284944936633,computed (both variants usable)
1:10800746:C:T,1:11865804:A:G,1065058,-0.02716345526278019,0.0007378532900474966,computed (both variants usable)
1:10800746:C:T,1:11892615:G:C,1091869,-0.024867014959454536,0.000618368445429951,computed (both variants usable)
1:10800746:C:T,1:11903241:T:C,1102495,-0.05986698716878891,0.0035840561613440514,computed (both variants usable)
1:10802849:C:T,1:11864586:T:C,1061737,-0.05299428477883339,0.002808394143357873,computed (both variants usable)
1:10802849:C:T,1:11865804:A:G,1062955,-0.0390859954059124,0.0015277150087058544,computed (both variants usable)
1:10802849:C:T,1:11892615:G:C,1089766,-0.04201434925198555,0.0017652055248618126,computed (both variants usable)
1:10802849:C:T,1:11903241:T:C,1100392,-0.023062190040946007,0.0005318645853549242,computed (both variants usable)
1:11864586:T:C,1:11865804:A:G,1218,0.9878119826316833,0.975772500038147,computed (both variants usable)
1:11864586:T:C,1:11892615:G:C,28029,0.9876691102981567,0.9754902720451355,computed (both variants usable)
1:11864586:T:C,1:11903241:T:C,38655,0.050868209451436996,0.002587574766948819,computed (both variants usable)
1:11865804:A:G,1:11892615:G:C,26811,0.9837315082550049,0.9677276611328125,computed (both variants usable)
1:11865804:A:G,1:11903241:T:C,37437,0.04576130583882332,0.002094097202643752,computed (both variants usable)
1:11892615:G:C,1:11903241:T:C,10626,0.055932968854904175,0.003128496930003166,computed (both variants usable)
1:25044111:C:T,1:25054223:C:G,10112,0.9849956631660461,0.9702164530754089,computed (both variants usable)
1:25044111:C:T,1:26996179:G:A,1952068,0.05993987247347832,0.003592788241803646,computed (both variants usable)
1:25044111:C:T,1:27229369:G:A,2185258,0.005761315114796162,3.319275128887966e-05,computed (both variants usable)
1:25044111:C:T,1:27248440:C:T,2204329,0.005761348642408848,3.3193136914633214e-05,computed (both variants usable)
1:25054223:C:G,1:26996179:G:A,1941956,0.05236288905143738,0.002741872100159526,computed (both variants usable)
1:25054223:C:G,1:27229369:G:A,2175146,0.018775347620248795,0.0003525136853568256,computed (both variants usable)
1:25054223:C:G,1:27248440:C:T,2194217,0.018775340169668198,0.000352513394318521,computed (both variants usable)
1:26996179:G:A,1:27229369:G:A,233190,-0.13491599261760712,0.018202325329184532,computed (both variants usable)
1:26996179:G:A,1:27248440:C:T,252261,-0.1349160373210907,0.018202336505055428,computed (both variants usable)
1:27229369:G:A,1:27248440:C:T,19071,0.9857665300369263,0.9717356562614441,computed (both variants usable)
1:38361396:G:A,1:38446986:G:A,85590,0.3464929759502411,0.12005738168954849,computed (both variants usable)
1:38361396:G:A,1:46365532:T:A,8004136,-0.06104036420583725,0.0037259261589497328,computed (both variants usable)
1:38361396:G:A,1:47944812:T:C,9583416,-0.02603127993643284,0.0006776275113224983,computed (both variants usable)
1:38446986:G:A,1:46365532:T:A,7918546,-0.05641394853591919,0.003182533662766218,computed (both variants usable)
1:38446986:G:A,1:47944812:T:C,9497826,-0.06535458564758301,0.004271221812814474,computed (both variants usable)
1:46365532:T:A,1:47944812:T:C,1579280,-0.012262064963579178,0.0001503582316217944,computed (both variants usable)
1:46365532:T:A,1:51490266:T:C,5124734,0.02357802912592888,0.0005559234414249659,computed (both variants usable)
1:47944812:T:C,1:51490266:T:C,3545454,0.01567649096250534,0.00024575236602686346,computed (both variants usable)
1:51490266:T:C,1:59673900:A:G,8183634,-0.0008884378476068377,7.893218025856186e-07,computed (both variants usable)
1:59673900:A:G,1:66159417:C:G,6485517,0.05718045309185982,0.0032696041744202375,computed (both variants usable)
1:79352340:T:C,1:86831973:A:G,7479633,0.012596567161381245,0.00015867350157350302,computed (both variants usable)
1:110229787:C:T,1:113044328:G:T,2814541,0.04673819988965988,0.002184459241107106,computed (both variants usable)
1:110229787:C:T,1:113046879:C:A,2817092,0.04154760390520096,0.001726203365251422,computed (both variants usable)
1:110229787:C:T,1:113230758:A:G,3000971,0.04965640604496002,0.002465758705511689,computed (both variants usable)
1:110229787:C:T,1:113244433:T:C,3014646,0.04965640604496002,0.002465758705511689,computed (both variants usable)
1:110229787:C:T,1:115827266:G:T,5597479,-0.019828926771879196,0.00039318634662777185,computed (both variants usable)
1:110229787:C:T,1:118228061:A:G,7998274,-0.014515812508761883,0.0002107088075717911,computed (both variants usable)
1:113044328:G:T,1:113046879:C:A,2551,0.9930342435836792,0.9861170053482056,computed (both variants usable)
1:113044328:G:T,1:113230758:A:G,186430,0.0945318192243576,0.008936264552175999,computed (both variants usable)
1:113044328:G:T,1:113244433:T:C,200105,0.0945318192243576,0.008936264552175999,computed (both variants usable)
1:113044328:G:T,1:115827266:G:T,2782938,0.0416354276239872,0.0017335087759420276,computed (both variants usable)
1:113044328:G:T,1:118228061:A:G,5183733,-0.04125090315937996,0.0017016370547935367,computed (both variants usable)
1:113046879:C:A,1:113230758:A:G,183879,0.09559085220098495,0.009137610904872417,computed (both variants usable)
1:113046879:C:A,1:113244433:T:C,197554,0.09559085220098495,0.009137610904872417,computed (both variants usable)
1:113046879:C:A,1:115827266:G:T,2780387,0.040999531745910645,0.0016809615772217512,computed (both variants usable)
1:113046879:C:A,1:118228061:A:G,5181182,-0.043842658400535583,0.0019221786642447114,computed (both variants usable)
1:113230758:A:G,1:113244433:T:C,13675,0.9999987483024597,0.9999974966049194,computed (both variants usable)
1:113230758:A:G,1:115827266:G:T,2596508,0.01958918198943138,0.00038373604184016585,computed (both variants usable)
1:113230758:A:G,1:118228061:A:G,4997303,0.004773616790771484,2.278741703776177e-05,computed (both variants usable)
1:113244433:T:C,1:115827266:G:T,2582833,0.01958918198943138,0.00038373604184016585,computed (both variants usable)
1:113244433:T:C,1:118228061:A:G,4983628,0.004773616790771484,2.278741703776177e-05,computed (both variants usable)
1:115827266:G:T,1:118228061:A:G,2400795,-0.020729046314954758,0.00042969334754161537,computed (both variants usable)
1:197773734:T:C,1:201746768:G:A,3973034,-0.0021755173802375793,4.732875822810456e-06,computed (both variants usable)
1:197773734:T:C,1:201870221:A:G,4096487,-0.005348215810954571,2.860341191990301e-05,computed (both variants usable)
1:197773734:T:C,1:203703829:A:G,5930095,0.05096794664859772,0.002597731538116932,computed (both variants usable)
1:197773734:T:C,1:204156016:C:A,6382282,-0.015799518674612045,0.00024962477618828416,computed (both variants usable)
1:197773734:T:C,1:204175728:T:C,6401994,-0.0004407277738209814,1.9424096819875558e-07,computed (both variants usable)
1:197773734:T:C,1:204318983:C:T,6545249,-0.047057438641786575,0.002214402426034212,computed (both variants usable)
1:197773734:T:C,1:204449434:A:G,6675700,0.010031282901763916,0.00010062663932330906,computed (both variants usable)
1:197773734:T:C,1:204492631:C:A,6718897,0.025201119482517242,0.0006350963958539069,computed (both variants usable)
1:201746768:G:A,1:201870221:A:G,123453,-0.16349999606609344,0.026732249185442924,computed (both variants usable)
1:201746768:G:A,1:203703829:A:G,1957061,0.03121340647339821,0.000974276743363589,computed (both variants usable)
1:201746768:G:A,1:204156016:C:A,2409248,0.01981859840452671,0.0003927768557332456,computed (both variants usable)
1:201746768:G:A,1:204175728:T:C,2428960,-0.01537497341632843,0.0002363898092880845,computed (both variants usable)
1:201746768:G:A,1:204318983:C:T,2572215,-0.0365416593849659,0.0013352928217500448,computed (both variants usable)
1:201746768:G:A,1:204449434:A:G,2702666,-0.002350441413000226,5.524575044546509e-06,computed (both variants usable)
1:201746768:G:A,1:204492631:C:A,2745863,-0.02447502687573433,0.0005990269128233194,computed (both variants usable)
1:201870221:A:G,1:203703829:A:G,1833608,0.006083815358579159,3.7012810935266316e-05,computed (both variants usable)
1:201870221:A:G,1:204156016:C:A,2285795,-0.014314722269773483,0.00020491128088906407,computed (both variants usable)
1:201870221:A:G,1:204175728:T:C,2305507,-0.02797136828303337,0.0007823974592611194,computed (both variants usable)
1:201870221:A:G,1:204318983:C:T,2448762,-0.018645504489541054,0.00034765482996590436,computed (both variants usable)
1:201870221:A:G,1:204449434:A:G,2579213,-0.005382493603974581,2.8971237043151632e-05,computed (both variants usable)
1:201870221:A:G,1:204492631:C:A,2622410,0.02829185500741005,0.0008004290866665542,computed (both variants usable)
1:203703829:A:G,1:204156016:C:A,452187,-0.02585950680077076,0.0006687141139991581,computed (both variants usable)
1:203703829:A:G,1:204175728:T:C,471899,-0.02803618833422661,0.0007860278710722923,computed (both variants usable)
1:203703829:A:G,1:204318983:C:T,615154,-0.03004394844174385,0.0009026388288475573,computed (both variants usable)
1:203703829:A:G,1:204449434:A:G,745605,-0.061233777552843094,0.0037495754659175873,computed (both variants usable)
1:203703829:A:G,1:204492631:C:A,788802,-0.008918339386582375,7.953677413752303e-05,computed (both variants usable)
1:204156016:C:A,1:204175728:T:C,19712,0.23973441123962402,0.0574725866317749,computed (both variants usable)
1:204156016:C:A,1:204318983:C:T,162967,0.0955507904291153,0.009129953570663929,computed (both variants usable)
1:204156016:C:A,1:204449434:A:G,293418,-0.02406931482255459,0.0005793319432996213,computed (both variants usable)
1:204156016:C:A,1:204492631:C:A,336615,-0.012927783653140068,0.00016712759679649025,computed (both variants usable)
1:204175728:T:C,1:204318983:C:T,143255,0.0769687071442604,0.005924182012677193,computed (both variants usable)
1:204175728:T:C,1:204449434:A:G,273706,-0.03112107701599598,0.00096852146089077,computed (both variants usable)
1:204175728:T:C,1:204492631:C:A,316903,0.013623692095279694,0.00018560499302111566,computed (both variants usable)
1:204318983:C:T,1:204449434:A:G,130451,0.007562101352959871,5.7185377954738215e-05,computed (both variants usable)
1:204318983:C:T,1:204492631:C:A,173648,-0.009088996797800064,8.260986214736477e-05,computed (both variants usable)
1:204449434:A:G,1:204492631:C:A,43197,0.09184005111455917,0.008434594608843327,computed (both variants usable)
1:218537310:T:C,1:218546170:A:C,8860,0.9133635759353638,0.8342330455780029,computed (both variants usable)
1:218537310:T:C,1:218548521:C:T,11211,0.9442221522331238,0.8915554881095886,computed (both variants usable)
1:218537310:T:C,1:220876353:A:T,2339043,-0.004934526979923248,2.4349556042579934e-05,computed (both variants usable)
1:218537310:T:C,1:227342582:C:T,8805272,-0.0030442022252827883,9.2671671154676e-06,computed (both variants usable)
1:218546170:A:C,1:218548521:C:T,2351,0.901232898235321,0.8122207522392273,computed (both variants usable)
1:218546170:A:C,1:220876353:A:T,2330183,-0.0013526895781978965,1.8297690758117824e-06,computed (both variants usable)
1:218546170:A:C,1:227342582:C:T,8796412,-7.427374657709152e-05,5.5165894075059896e-09,computed (both variants usable)
1:218548521:C:T,1:220876353:A:T,2327832,0.012306264601647854,0.00015144415374379605,computed (both variants usable)
1:218548521:C:T,1:227342582:C:T,8794061,-0.0007507976260967553,5.636970854538959e-07,computed (both variants usable)
1:220876353:A:T,1:227342582:C:T,6466229,0.0009920105803757906,9.840849770625937e-07,computed (both variants usable)
1:220876353:A:T,1:230844992:C:T,9968639,0.018673688173294067,0.0003487066423986107,computed (both variants usable)
1:220876353:A:T,1:230851536:C:T,9975183,0.02690102346241474,0.000723665056284517,computed (both variants usable)
1:227342582:C:T,1:230844992:C:T,3502410,-0.018818840384483337,0.00035414876765571535,computed (both variants usable)
1:227342582:C:T,1:230851536:C:T,3508954,0.01163801085203886,0.00013544328976422548,computed (both variants usable)
1:230844992:C:T,1:230851536:C:T,6544,0.8922390937805176,0.7960906028747559,computed (both variants usable)
1:243385307:A:G,1:243410208:A:G,24901,0.9649112224578857,0.931053638458252,computed (both variants usable)
1:243385307:A:G,1:243463189:C:T,77882,0.8896457552909851,0.7914695739746094,computed (both variants usable)
1:243385307:A:G,1:249191706:G:A,5806399,0.03233145549893379,0.0010453229770064354,computed (both variants usable)
1:243410208:A:G,1:243463189:C:T,52981,0.9180387854576111,0.842795193195343,computed (both variants usable)
1:243410208:A:G,1:249191706:G:A,5781498,0.0399295836687088,0.0015943716280162334,computed (both variants usable)
1:243463189:C:T,1:249191706:G:A,5728517,0.0279676616191864,0.0007821901235729456,computed (both variants usable)
10:13523937:C:T,10:17244898:C:T,3720961,0.02247818559408188,0.00050526880659163,computed (both variants usable)
10:13523937:C:T,10:18443726:T:C,4919789,0.027089841663837433,0.0007338595460169017,computed (both variants usable)
10:13523937:C:T,10:18445088:G:A,4921151,0.027268119156360626,0.0007435503066517413,computed (both variants usable)
10:13523937:C:T,10:18451836:A:G,4927899,0.025813309475779533,0.0006663269596174359,computed (both variants usable)
10:13523937:C:T,10:18708798:A:T,5184861,-0.033079762011766434,0.001094270613975823,computed (both variants usable)
10:13523937:C:T,10:18727959:C:G,5204022,-0.03655611723661423,0.0013363497564569116,computed (both variants usable)
10:13523937:C:T,10:21037294:C:T,7513357,0.022484684363007545,0.0005055610090494156,computed (both variants usable)
10:13523937:C:T,10:21040607:A:T,7516670,0.028087660670280457,0.0007889166590757668,computed (both variants usable)
10:13523937:C:T,10:22862838:G:A,9338901,0.006595580372959375,4.350168092059903e-05,computed (both variants usable)
10:17244898:C:T,10:18443726:T:C,1198828,-0.018043246120214462,0.0003255587362218648,computed (both variants usable)
10:17244898:C:T,10:18445088:G:A,1200190,-0.013619078323245049,0.00018547929357737303,computed (both variants usable)
10:17244898:C:T,10:18451836:A:G,1206938,-0.014468152076005936,0.0002093274233629927,computed (both variants usable)
10:17244898:C:T,10:18708798:A:T,1463900,-0.017687100917100906,0.0003128335520159453,computed (both variants usable)
10:17244898:C:T,10:18727959:C:G,1483061,-0.03770022094249725,0.001421306631527841,computed (both variants usable)
10:17244898:C:T,10:21037294:C:T,3792396,0.0695870891213417,0.004842362832278013,computed (both variants usable)
10:17244898:C:T,10:21040607:A:T,3795709,0.0654284730553627,0.004280885215848684,computed (both variants usable)
10:17244898:C:T,10:22862838:G:A,5617940,0.029342107474803925,0.0008609592914581299,computed (both variants usable)
10:18443726:T:C,10:18445088:G:A,1362,0.9940400123596191,0.9881155490875244,computed (both variants usable)
10:18443726:T:C,10:18451836:A:G,8110,0.947268009185791,0.8973166942596436,computed (both variants usable)
10:18443726:T:C,10:18708798:A:T,265072,-0.07492825388908386,0.005614243447780609,computed (both variants usable)
10:18443726:T:C,10:18727959:C:G,284233,-0.03264884650707245,0.001065947231836617,computed (both variants usable)
10:18443726:T:C,10:21037294:C:T,2593568,-0.0036209479440003633,1.311126379732741e-05,computed (both variants usable)
10:18443726:T:C,10:21040607:A:T,2596881,0.031009046360850334,0.0009615609305910766,computed (both variants usable)
10:18443726:T:C,10:22862838:G:A,4419112,0.02117377333343029,0.00044832867570221424,computed (both variants usable)
10:18445088:G:A,10:18451836:A:G,6748,0.9529713988304138,0.9081544876098633,computed (both variants usable)
10:18445088:G:A,10:18708798:A:T,263710,-0.07083377987146378,0.005017424467951059,computed (both variants usable)
10:18445088:G:A,10:18727959:C:G,282871,-0.028875764459371567,0.0008338097832165658,computed (both variants usable)
10:18445088:G:A,10:21037294:C:T,2592206,-0.0031110220588743687,9.678457900008652e-06,computed (both variants usable)
10:18445088:G:A,10:21040607:A:T,2595519,0.03179066255688667,0.0010106462286785245,computed (both variants usable)
10:18445088:G:A,10:22862838:G:A,4417750,0.01979985274374485,0.0003920341550838202,computed (both variants usable)
10:18451836:A:G,10:18708798:A:T,256962,-0.057875413447618484,0.0033495635725557804,computed (both variants usable)
10:18451836:A:G,10:18727959:C:G,276123,-0.018815141171216965,0.00035400953493081033,computed (both variants usable)
10:18451836:A:G,10:21037294:C:T,2585458,-0.014489931985735893,0.00020995813247282058,computed (both variants usable)
10:18451836:A:G,10:21040607:A:T,2588771,0.01444326713681221,0.00020860796212218702,computed (both variants usable)
10:18451836:A:G,10:22862838:G:A,4411002,0.009710270911455154,9.428936027688906e-05,computed (both variants usable)
10:18708798:A:T,10:18727959:C:G,19161,0.7447373270988464,0.5546336770057678,computed (both variants usable)
10:18708798:A:T,10:21037294:C:T,2328496,0.011340788565576077,0.00012861347931902856,computed (both variants usable)
10:18708798:A:T,10:21040607:A:T,2331809,-0.0021960712037980556,4.822728897124762e-06,computed (both variants usable)
10:18708798:A:T,10:22862838:G:A,4154040,-0.03466320037841797,0.001201537437736988,computed (both variants usable)
10:18727959:C:G,10:21037294:C:T,2309335,0.05484110862016678,0.0030075472313910723,computed (both variants usable)
10:18727959:C:G,10:21040607:A:T,2312648,0.05292482301592827,0.0028010369278490543,computed (both variants usable)
10:18727959:C:G,10:22862838:G:A,4134879,-0.03407851606607437,0.0011613452807068825,computed (both variants usable)
10:21037294:C:T,10:21040607:A:T,3313,0.9087173342704773,0.8257672190666199,computed (both variants usable)
10:21037294:C:T,10:22862838:G:A,1825544,-0.036391984671354294,0.0013243765570223331,computed (both variants usable)
10:21037294:C:T,10:30333623:A:T,9296329,0.010259287431836128,0.00010525297693675384,computed (both variants usable)
10:21040607:A:T,10:22862838:G:A,1822231,-0.03494171425700188,0.0012209233827888966,computed (both variants usable)
10:21040607:A:T,10:30333623:A:T,9293016,0.017794784158468246,0.00031665433198213577,computed (both variants usable)
10:22862838:G:A,10:30333623:A:T,7470785,-0.03207229822874069,0.001028632279485464,computed (both variants usable)
10:22862838:G:A,10:31240999:T:A,8378161,-0.04025822505354881,0.0016207246808335185,computed (both variants usable)
10:30333623:A:T,10:31240999:T:A,907376,-0.007755753118544817,6.015170583850704e-05,computed (both variants usable)
10:45377839:C:A,10:45379759:T:C,1920,0.9950299859046936,0.9900846481323242,computed (both variants usable)
10:45377839:C:A,10:45385828:A:C,7989,0.9588353633880615,0.9193652272224426,computed (both variants usable)
10:45379759:T:C,10:45385828:A:C,6069,0.9588353633880615,0.9193652272224426,computed (both variants usable)
10:63511306:G:A,10:63515681:T:G,4375,1.0000007152557373,1.0000014305114746,computed (both variants usable)
10:63511306:G:A,10:64533904:T:A,1022598,0.010839913971722126,0.00011750373232644051,computed (both variants usable)
10:63511306:G:A,10:64552607:G:A,1041301,0.011911067180335522,0.00014187351916916668,computed (both variants usable)
10:63511306:G:A,10:64564934:C:G,1053628,0.00669676810503006,4.4846703531220555e-05,computed (both variants usable)
10:63511306:G:A,10:65337153:T:C,1825847,-0.0120551073923707,0.00014532561181113124,computed (both variants usable)
10:63511306:G:A,10:65340897:G:A,1829591,-0.001299502793699503,1.6887074707483407e-06,computed (both variants usable)
10:63515681:T:G,10:64533904:T:A,1018223,0.010839913971722126,0.00011750373232644051,computed (both variants usable)
10:63515681:T:G,10:64552607:G:A,1036926,0.011911067180335522,0.00014187351916916668,computed (both variants usable)
10:63515681:T:G,10:64564934:C:G,1049253,0.00669676810503006,4.4846703531220555e-05,computed (both variants usable)
10:63515681:T:G,10:65337153:T:C,1821472,-0.0120551073923707,0.00014532561181113124,computed (both variants usable)
10:63515681:T:G,10:65340897:G:A,1825216,-0.001299502793699503,1.6887074707483407e-06,computed (both variants usable)
10:64533904:T:A,10:64552607:G:A,18703,0.8672854900360107,0.7521840929985046,computed (both variants usable)
10:64533904:T:A,10:64564934:C:G,31030,0.9406771659851074,0.8848735094070435,computed (both variants usable)
10:64533904:T:A,10:65337153:T:C,803249,0.05997670814394951,0.0035972055047750473,computed (both variants usable)
10:64533904:T:A,10:65340897:G:A,806993,-0.04123887047171593,0.0017006443813443184,computed (both variants usable)
10:64552607:G:A,10:64564934:C:G,12327,0.8666714429855347,0.7511193752288818,computed (both variants usable)
10:64552607:G:A,10:65337153:T:C,784546,0.03285595402121544,0.0010795136913657188,computed (both variants usable)
10:64552607:G:A,10:65340897:G:A,788290,-0.03850811347365379,0.0014828748535364866,computed (both variants usable)
10:64564934:C:G,10:65337153:T:C,772219,0.06935543566942215,0.004810176324099302,computed (both variants usable)
10:64564934:C:G,10:65340897:G:A,775963,-0.04517149552702904,0.0020404639653861523,computed (both variants usable)
10:65337153:T:C,10:65340897:G:A,3744,-0.9438543915748596,0.8908610939979553,computed (both variants usable)
10:75722748:A:G,10:79422975:T:C,3700227,0.004088336136192083,1.671449172135908e-05,computed (both variants usable)
10:94429467:C:T,10:94466915:C:T,37448,-0.8488572239875793,0.7205585837364197,computed (both variants usable)
10:94429467:C:T,10:95899933:C:T,1470466,-0.06420636922121048,0.004122457932680845,computed (both variants usable)
10:94429467:C:T,10:96038686:G:A,1609219,0.03519956022500992,0.00123900908511132,computed (both variants usable)
10:94429467:C:T,10:96039597:G:C,1610130,0.037036165595054626,0.0013716776156798005,computed (both variants usable)
10:94429467:C:T,10:96145246:T:C,1715779,-0.04710603877902031,0.0022189789451658726,computed (both variants usable)
10:94429467:C:T,10:96231169:G:A,1801702,-0.018546152859926224,0.000343959778547287,computed (both variants usable)
10:94429467:C:T,10:96327669:T:G,1898202,-0.08589313179254532,0.007377630099654198,computed (both variants usable)
10:94429467:C:T,10:99861312:C:G,5431845,0.03551008552312851,0.0012609661789610982,computed (both variants usable)
10:94466915:C:T,10:95899933:C:T,1433018,0.02641790173947811,0.0006979055469855666,computed (both variants usable)
10:94466915:C:T,10:96038686:G:A,1571771,-0.046805087476968765,0.0021907160989940166,computed (both variants usable)
10:94466915:C:T,10:96039597:G:C,1572682,-0.04877268522977829,0.002378774806857109,computed (both variants usable)
10:94466915:C:T,10:96145246:T:C,1678331,0.03288424760103226,0.0010813737753778696,computed (both variants usable)
10:94466915:C:T,10:96231169:G:A,1764254,0.013019346632063389,0.0001695033861324191,computed (both variants usable)
10:94466915:C:T,10:96327669:T:G,1860754,0.07165303081274033,0.005134156905114651,computed (both variants usable)
10:94466915:C:T,10:99861312:C:G,5394397,-0.012775090523064137,0.00016320293070748448,computed (both variants usable)
10:95899933:C:T,10:96038686:G:A,138753,0.07878967374563217,0.006207812577486038,computed (both variants usable)
10:95899933:C:T,10:96039597:G:C,139664,0.0766701027750969,0.005878304596990347,computed (both variants usable)
10:95899933:C:T,10:96145246:T:C,245313,0.00011951899068662897,1.4284789351393101e-08,computed (both variants usable)
10:95899933:C:T,10:96231169:G:A,331236,-0.07294447720050812,0.005320896860212088,computed (both variants usable)
10:95899933:C:T,10:96327669:T:G,427736,-0.002293569501489401,5.260460966383107e-06,computed (both variants usable)
10:95899933:C:T,10:99861312:C:G,3961379,0.01815558411180973,0.0003296252398286015,computed (both variants usable)
10:95899933:C:T,10:104800044:T:C,8900111,-0.029924502596259117,0.0008954758523032069,computed (both variants usable)
10:96038686:G:A,10:96039597:G:C,911,0.9979994893074036,0.9960029721260071,computed (both variants usable)
10:96038686:G:A,10:96145246:T:C,106560,0.08819703757762909,0.007778717204928398,computed (both variants usable)
10:96038686:G:A,10:96231169:G:A,192483,0.09852754324674606,0.00970767717808485,computed (both variants usable)
10:96038686:G:A,10:96327669:T:G,288983,0.00990445725619793,9.809827315621078e-05,computed (both variants usable)
10:96038686:G:A,10:99861312:C:G,3822626,-0.007260223850607872,5.271084955893457e-05,computed (both variants usable)
10:96038686:G:A,10:104800044:T:C,8761358,-0.020268810912966728,0.00041082469397224486,computed (both variants usable)
10:96039597:G:C,10:96145246:T:C,105649,0.08640037477016449,0.007465024944394827,computed (both variants usable)
10:96039597:G:C,10:96231169:G:A,191572,0.09780721366405487,0.009566251188516617,computed (both variants usable)
10:96039597:G:C,10:96327669:T:G,288072,0.008721403777599335,7.606288272654638e-05,computed (both variants usable)
10:96039597:G:C,10:99861312:C:G,3821715,-0.0042616273276507854,1.816146686905995e-05,computed (both variants usable)
10:96039597:G:C,10:104800044:T:C,8760447,-0.021050971001386642,0.0004431433917488903,computed (both variants usable)
10:96145246:T:C,10:96231169:G:A,85923,0.39461812376976013,0.1557234674692154,computed (both variants usable)
10:96145246:T:C,10:96327669:T:G,182423,0.6541060209274292,0.4278546869754791,computed (both variants usable)
10:96145246:T:C,10:99861312:C:G,3716066,0.039072100073099136,0.001526628970168531,computed (both variants usable)
10:96145246:T:C,10:104800044:T:C,8654798,-0.022605735808610916,0.0005110193160362542,computed (both variants usable)
10:96231169:G:A,10:96327669:T:G,96500,0.3127012550830841,0.09778207540512085,computed (both variants usable)
10:96231169:G:A,10:99861312:C:G,3630143,0.00622829794883728,3.879169526044279e-05,computed (both variants usable)
10:96231169:G:A,10:104800044:T:C,8568875,0.0009713640320114791,9.435480592401291e-07,computed (both variants usable)
10:96327669:T:G,10:99861312:C:G,3533643,-0.015573547221720219,0.0002425353741273284,computed (both variants usable)
10:96327669:T:G,10:104800044:T:C,8472375,-0.046737004071474075,0.0021843474823981524,computed (both variants usable)
10:99861312:C:G,10:104800044:T:C,4938732,-0.0029471474699676037,8.685678039910272e-06,computed (both variants usable)
10:104800044:T:C,10:114750380:G:A,9950336,0.014051093719899654,0.00019743324082810432,computed (both variants usable)
10:104800044:T:C,10:114765747:C:A,9965703,-0.009604989551007748,9.225582471117377e-05,computed (both variants usable)
10:114750380:G:A,10:114765747:C:A,15367,0.7466942667961121,0.5575523376464844,computed (both variants usable)
10:114750380:G:A,10:115472282:T:C,721902,0.03780664503574371,0.001429342431947589,computed (both variants usable)
10:114750380:G:A,10:115789375:C:T,1038995,-0.021986402571201324,0.0004834019055124372,computed (both variants usable)
10:114750380:G:A,10:115792787:G:A,1042407,-0.025571878999471664,0.0006539209862239659,computed (both variants usable)
10:114750380:G:A,10:115805056:G:C,1054676,-0.015012862160801888,0.00022538602934218943,computed (both variants usable)
10:114750380:G:A,10:118523933:A:G,3773553,0.018499718979001045,0.00034223959664814174,computed (both variants usable)
10:114750380:G:A,10:121426312:G:A,6675932,0.011144096963107586,0.00012419089034665376,computed (both variants usable)
10:114750380:G:A,10:121433675:C:T,6683295,0.013202923350036144,0.00017431718879379332,computed (both variants usable)
10:114750380:G:A,10:121461334:A:G,6710954,-0.04940084367990494,0.0024404432624578476,computed (both variants usable)
10:114765747:C:A,10:115472282:T:C,706535,0.04625796526670456,0.0021397992968559265,computed (both variants usable)
10:114765747:C:A,10:115789375:C:T,1023628,0.006326722912490368,4.0027422073762864e-05,computed (both variants usable)
10:114765747:C:A,10:115792787:G:A,1027040,0.0033897729590535164,1.1490560609672684e-05,computed (both variants usable)
10:114765747:C:A,10:115805056:G:C,1039309,0.015048027969896793,0.0002264431386720389,computed (both variants usable)
10:114765747:C:A,10:118523933:A:G,3758186,0.03599047660827637,0.0012953144032508135,computed (both variants usable)
10:114765747:C:A,10:121426312:G:A,6660565,0.006994834169745445,4.8927704483503476e-05,computed (both variants usable)
10:114765747:C:A,10:121433675:C:T,6667928,0.02260175161063671,0.000510839163325727,computed (both variants usable)
10:114765747:C:A,10:121461334:A:G,6695587,0.001338460249826312,1.7914758245751727e-06,computed (both variants usable)
10:115472282:T:C,10:115789375:C:T,317093,-0.05938412621617317,0.0035264743492007256,computed (both variants usable)
10:115472282:T:C,10:115792787:G:A,320505,-0.05882417410612106,0.0034602833911776543,computed (both variants usable)
10:115472282:T:C,10:115805056:G:C,332774,-0.06276926398277283,0.003939980641007423,computed (both variants usable)
10:115472282:T:C,10:118523933:A:G,3051651,-0.012886199168860912,0.00016605413111392409,computed (both variants usable)
10:115472282:T:C,10:121426312:G:A,5954030,0.010017220862209797,0.00010034471051767468,computed (both variants usable)
10:115472282:T:C,10:121433675:C:T,5961393,0.021475067362189293,0.00046117851161397994,computed (both variants usable)
10:115472282:T:C,10:121461334:A:G,5989052,0.06892866641283035,0.004751161206513643,computed (both variants usable)
10:115789375:C:T,10:115792787:G:A,3412,0.9977263808250427,0.9954579472541809,computed (both variants usable)
10:115789375:C:T,10:115805056:G:C,15681,0.9817617535591125,0.9638561606407166,computed (both variants usable)
10:115789375:C:T,10:118523933:A:G,2734558,-0.004653886891901493,2.1658663172274828e-05,computed (both variants usable)
10:115789375:C:T,10:121426312:G:A,5636937,-0.00012371309276204556,1.5304928879800173e-08,computed (both variants usable)
10:115789375:C:T,10:121433675:C:T,5644300,-0.013851789757609367,0.00019187208090443164,computed (both variants usable)
10:115789375:C:T,10:121461334:A:G,5671959,-0.007290672045201063,5.3153897169977427e-05,computed (both variants usable)
10:115792787:G:A,10:115805056:G:C,12269,0.9841002821922302,0.9684533476829529,computed (both variants usable)
10:115792787:G:A,10:118523933:A:G,2731146,-0.007921268232166767,6.27464905846864e-05,computed (both variants usable)
10:115792787:G:A,10:121426312:G:A,5633525,0.0011780186323449016,1.3877279343432747e-06,computed (both variants usable)
10:115792787:G:A,10:121433675:C:T,5640888,-0.012718231417238712,0.00016175341443158686,computed (both variants usable)
10:115792787:G:A,10:121461334:A:G,5668547,-0.006693917792290449,4.480853385757655e-05,computed (both variants usable)
10:115805056:G:C,10:118523933:A:G,2718877,-0.01302629429847002,0.00016968433919828385,computed (both variants usable)
10:115805056:G:C,10:121426312:G:A,5621256,0.0016340584261342883,2.6701468414103147e-06,computed (both variants usable)
10:115805056:G:C,10:121433675:C:T,5628619,-0.01032351516187191,0.00010657496750354767,computed (both variants usable)
10:115805056:G:C,10:121461334:A:G,5656278,-0.010891676880419254,0.00011862862447742373,computed (both variants usable)
10:118523933:A:G,10:121426312:G:A,2902379,0.03206266462802887,0.0010280144633725286,computed (both variants usable)
10:118523933:A:G,10:121433675:C:T,2909742,0.02587532438337803,0.0006695323972962797,computed (both variants usable)
10:118523933:A:G,10:121461334:A:G,2937401,0.030378183349967003,0.0009228340350091457,computed (both variants usable)
10:118523933:A:G,10:126545779:G:C,8021846,-0.03117140382528305,0.0009716564090922475,computed (both variants usable)
10:121426312:G:A,10:121433675:C:T,7363,0.8622135519981384,0.7434121966362,computed (both variants usable)
10:121426312:G:A,10:121461334:A:G,35022,0.39317333698272705,0.15458527207374573,computed (both variants usable)
10:121426312:G:A,10:126545779:G:C,5119467,-0.058798614889383316,0.0034572770819067955,computed (both variants usable)
10:121433675:C:T,10:121461334:A:G,27659,0.46092021465301514,0.21244744956493378,computed (both variants usable)
10:121433675:C:T,10:126545779:G:C,5112104,-0.07183045148849487,0.00515961367636919,computed (both variants usable)
10:121461334:A:G,10:126545779:G:C,5084445,-0.04407491907477379,0.001942598493769765,computed (both variants usable)
10:126545779:G:C,10:134413500:G:T,7867721,0.012581564486026764,0.00015829576295800507,computed (both variants usable)
10:126545779:G:C,10:134517013:A:C,7971234,-0.024898037314414978,0.0006199122872203588,computed (both variants usable)
10:134413500:G:T,10:134517013:A:C,103513,0.6745395064353943,0.455003559589386,computed (both variants usable)
11:746086:C:G,11:752371:C:T,6285,-0.0974416434764862,0.009494873695075512,computed (both variants usable)
11:746086:C:G,11:1874221:C:T,1128135,-0.02292597107589245,0.000525600160472095,computed (both variants usable)
11:746086:C:G,11:1887068:T:G,1140982,-0.008113685995340347,6.583190406672657e-05,computed (both variants usable)
11:746086:C:G,11:1887806:T:A,1141720,-0.034247756004333496,0.001172908814623952,computed (both variants usable)
11:746086:C:G,11:1888614:C:T,1142528,-0.0016241237754002213,2.637777924974216e-06,computed (both variants usable)
11:746086:C:G,11:1948186:T:C,1202100,-0.024223018437623978,0.0005867546424269676,computed (both variants usable)
11:746086:C:G,11:9780892:G:A,9034806,0.03075144626200199,0.000945651438087225,computed (both variants usable)
11:746086:C:G,11:9793769:G:A,9047683,-0.05144130811095238,0.0026462082751095295,computed (both variants usable)
11:746086:C:G,11:9824865:C:G,9078779,-0.03706791251897812,0.0013740301365032792,computed (both variants usable)
11:746086:C:G,11:9973062:T:G,9226976,0.0071496982127428055,5.11181860929355e-05,computed (both variants usable)
11:746086:C:G,11:10157776:A:G,9411690,0.024879680946469307,0.0006189985433593392,computed (both variants usable)
11:746086:C:G,11:10273128:C:T,9527042,0.038389869034290314,0.0014737820019945502,computed (both variants usable)
11:746086:C:G,11:10296756:A:G,9550670,0.02683095447719097,0.0007199001265689731,computed (both variants usable)
11:746086:C:G,11:10660067:T:G,9913981,0.047068994492292404,0.002215490210801363,computed (both variants usable)
11:746086:C:G,11:10675738:A:G,9929652,-0.048411522060632706,0.0023436753544956446,computed (both variants usable)
11:752371:C:T,11:1874221:C:T,1121850,0.004048666451126337,1.6391699318774045e-05,computed (both variants usable)
11:752371:C:T,11:1887068:T:G,1134697,-0.03573019802570343,0.0012766470899805427,computed (both variants usable)
11:752371:C:T,11:1887806:T:A,1135435,-0.013514257036149502,0.00018263513629790395,computed (both variants usable)
11:752371:C:T,11:1888614:C:T,1136243,-0.04927417263388634,0.0024279439821839333,computed (both variants usable)
11:752371:C:T,11:1948186:T:C,1195815,0.015541795641183853,0.0002415474154986441,computed (both variants usable)
11:752371:C:T,11:9780892:G:A,9028521,-0.03515525162220001,0.0012358917156234384,computed (both variants usable)
11:752371:C:T,11:9793769:G:A,9041398,0.0426468551158905,0.001818754244595766,computed (both variants usable)
11:752371:C:T,11:9824865:C:G,9072494,0.027210786938667297,0.0007404269417747855,computed (both variants usable)
11:752371:C:T,11:9973062:T:G,9220691,0.001159231411293149,1.34381741645484e-06,computed (both variants usable)
11:752371:C:T,11:10157776:A:G,9405405,-0.04101521149277687,0.0016822476172819734,computed (both variants usable)
11:752371:C:T,11:10273128:C:T,9520757,-0.04156097397208214,0.00172731454949826,computed (both variants usable)
11:752371:C:T,11:10296756:A:G,9544385,-0.039919085800647736,0.0015935334376990795,computed (both variants usable)
11:752371:C:T,11:10660067:T:G,9907696,-0.009090041741728783,8.26288596726954e-05,computed (both variants usable)
11:752371:C:T,11:10675738:A:G,9923367,0.006108309607952833,3.731144533958286e-05,computed (both variants usable)
11:1874221:C:T,11:1887068:T:G,12847,0.039621200412511826,0.0015698395436629653,computed (both variants usable)
11:1874221:C:T,11:1887806:T:A,13585,0.34178438782691956,0.11681656539440155,computed (both variants usable)
11:1874221:C:T,11:1888614:C:T,14393,0.07458515465259552,0.005562945269048214,computed (both variants usable)
11:1874221:C:T,11:1948186:T:C,73965,-0.1114320382475853,0.012417099438607693,computed (both variants usable)
11:1874221:C:T,11:9780892:G:A,7906671,0.05647696927189827,0.003189648035913706,computed (both variants usable)
11:1874221:C:T,11:9793769:G:A,7919548,-0.03707130253314972,0.0013742814771831036,computed (both variants usable)
11:1874221:C:T,11:9824865:C:G,7950644,-0.011942225508391857,0.0001426167436875403,computed (both variants usable)
11:1874221:C:T,11:9973062:T:G,8098841,-0.019987748935818672,0.0003995101142209023,computed (both variants usable)
11:1874221:C:T,11:10157776:A:G,8283555,0.020313244313001633,0.0004126278799958527,computed (both variants usable)
11:1874221:C:T,11:10273128:C:T,8398907,0.028307488188147545,0.0008013139013200998,computed (both variants usable)
11:1874221:C:T,11:10296756:A:G,8422535,0.02423856034874916,0.000587507791351527,computed (both variants usable)
11:1874221:C:T,11:10660067:T:G,8785846,-0.013633563183248043,0.00018587404338177294,computed (both variants usable)
11:1874221:C:T,11:10675738:A:G,8801517,0.016798362135887146,0.00028218497755005956,computed (both variants usable)
11:1887068:T:G,11:1887806:T:A,738,0.636274516582489,0.404845267534256,computed (both variants usable)
11:1887068:T:G,11:1888614:C:T,1546,0.951564371585846,0.9054747819900513,computed (both variants usable)
11:1887068:T:G,11:1948186:T:C,61118,-0.40145379304885864,0.16116514801979065,computed (both variants usable)
11:1887068:T:G,11:9780892:G:A,7893824,0.009997762739658356,9.99552576104179e-05,computed (both variants usable)
11:1887068:T:G,11:9793769:G:A,7906701,-0.03135722130537033,0.0009832753567025065,computed (both variants usable)
11:1887068:T:G,11:9824865:C:G,7937797,-0.029077904298901558,0.0008455245406366885,computed (both variants usable)
11:1887068:T:G,11:9973062:T:G,8085994,0.023628076538443565,0.0005582859739661217,computed (both variants usable)
11:1887068:T:G,11:10157776:A:G,8270708,-0.009387963451445103,8.813385647954419e-05,computed (both variants usable)
11:1887068:T:G,11:10273128:C:T,8386060,-0.006489098072052002,4.2108393245143816e-05,computed (both variants usable)
11:1887068:T:G,11:10296756:A:G,8409688,-0.00039287854451686144,1.543535574910493e-07,computed (both variants usable)
11:1887068:T:G,11:10660067:T:G,8772999,0.018982160836458206,0.00036032241769135,computed (both variants usable)
11:1887068:T:G,11:10675738:A:G,8788670,-0.007165596354752779,5.1345770771149546e-05,computed (both variants usable)
11:1887806:T:A,11:1888614:C:T,808,0.6094406843185425,0.37141793966293335,computed (both variants usable)
11:1887806:T:A,11:1948186:T:C,60380,-0.07042612880468369,0.004959839396178722,computed (both variants usable)
11:1887806:T:A,11:9780892:G:A,7893086,0.027408022433519363,0.0007511996664106846,computed (both variants usable)
11:1887806:T:A,11:9793769:G:A,7905963,-0.012259100563824177,0.0001502855448052287,computed (both variants usable)
11:1887806:T:A,11:9824865:C:G,7937059,-0.00020454663899727166,4.183932844625815e-08,computed (both variants usable)
11:1887806:T:A,11:9973062:T:G,8085256,0.01632949337363243,0.00026665235054679215,computed (both variants usable)
11:1887806:T:A,11:10157776:A:G,8269970,0.010437393561005592,0.00010893918079091236,computed (both variants usable)
11:1887806:T:A,11:10273128:C:T,8385322,0.017286591231822968,0.00029882622766308486,computed (both variants usable)
11:1887806:T:A,11:10296756:A:G,8408950,0.021899022161960602,0.000479567184811458,computed (both variants usable)
11:1887806:T:A,11:10660067:T:G,8772261,-0.013881122693419456,0.0001926855620695278,computed (both variants usable)
11:1887806:T:A,11:10675738:A:G,8787932,0.01216424722224474,0.00014796890900470316,computed (both variants usable)
11:1888614:C:T,11:1948186:T:C,59572,-0.442414253950119,0.19573037326335907,computed (both variants usable)
11:1888614:C:T,11:9780892:G:A,7892278,0.02276160940527916,0.0005180908483453095,computed (both variants usable)
11:1888614:C:T,11:9793769:G:A,7905155,-0.04110531136393547,0.0016896466258913279,computed (both variants usable)
11:1888614:C:T,11:9824865:C:G,7936251,-0.04075261205434799,0.0016607753932476044,computed (both variants usable)
11:1888614:C:T,11:9973062:T:G,8084448,0.017982972785830498,0.0003233872994314879,computed (both variants usable)
11:1888614:C:T,11:10157776:A:G,8269162,-0.003865156788378954,1.493943727837177e-05,computed (both variants usable)
11:1888614:C:T,11:10273128:C:T,8384514,-0.0008290483383461833,6.873211191305018e-07,computed (both variants usable)
11:1888614:C:T,11:10296756:A:G,8408142,0.004999298602342606,2.499298716429621e-05,computed (both variants usable)
11:1888614:C:T,11:10660067:T:G,8771453,0.022260913625359535,0.0004955483018420637,computed (both variants usable)
11:1888614:C:T,11:10675738:A:G,8787124,-0.013197142630815506,0.0001741645683068782,computed (both variants usable)
11:1948186:T:C,11:9780892:G:A,7832706,-0.005497332662343979,3.0220666303648613e-05,computed (both variants usable)
11:1948186:T:C,11:9793769:G:A,7845583,0.026444178074598312,0.0006992945563979447,computed (both variants usable)
11:1948186:T:C,11:9824865:C:G,7876679,0.04365328699350357,0.0019056095043197274,computed (both variants usable)
11:1948186:T:C,11:9973062:T:G,8024876,-0.03415809944272041,0.0011667757062241435,computed (both variants usable)
11:1948186:T:C,11:10157776:A:G,8209590,0.04174032807350159,0.0017422549426555634,computed (both variants usable)
11:1948186:T:C,11:10273128:C:T,8324942,0.024654343724250793,0.0006078366423025727,computed (both variants usable)
11:1948186:T:C,11:10296756:A:G,8348570,0.030112244188785553,0.0009067472419701517,computed (both variants usable)
11:1948186:T:C,11:10660067:T:G,8711881,-0.03918727487325668,0.0015356425428763032,computed (both variants usable)
11:1948186:T:C,11:10675738:A:G,8727552,0.02335125394165516,0.000545281043741852,computed (both variants usable)
11:9780892:G:A,11:9793769:G:A,12877,-0.7966905236244202,0.6347157955169678,computed (both variants usable)
11:9780892:G:A,11:9824865:C:G,43973,-0.7233319282531738,0.5232090950012207,computed (both variants usable)
11:9780892:G:A,11:9973062:T:G,192170,-0.16652816534042358,0.027731629088521004,computed (both variants usable)
11:9780892:G:A,11:10157776:A:G,376884,-0.00413094088435173,1.706467264739331e-05,computed (both variants usable)
11:9780892:G:A,11:10273128:C:T,492236,-0.005052494816482067,2.5527704565320164e-05,computed (both variants usable)
11:9780892:G:A,11:10296756:A:G,515864,-0.002278698841109872,5.1924685067206156e-06,computed (both variants usable)
11:9780892:G:A,11:10660067:T:G,879175,-0.02590171806514263,0.0006708989967592061,computed (both variants usable)
11:9780892:G:A,11:10675738:A:G,894846,-0.003257302800193429,1.06100214907201e-05,computed (both variants usable)
11:9780892:G:A,11:16012114:A:T,6231222,-0.011969475075602531,0.00014326833479572088,computed (both variants usable)
11:9780892:G:A,11:16295390:G:A,6514498,0.02260035090148449,0.0005107758333906531,computed (both variants usable)
11:9780892:G:A,11:16304089:A:C,6523197,-0.01982387714087963,0.0003929861122742295,computed (both variants usable)
11:9780892:G:A,11:16352545:T:C,6571653,-0.028064018115401268,0.0007875891169533134,computed (both variants usable)
11:9793769:G:A,11:9824865:C:G,31096,0.9054201245307922,0.8197855949401855,computed (both variants usable)
11:9793769:G:A,11:9973062:T:G,179293,0.12070146203041077,0.014568842947483063,computed (both variants usable)
11:9793769:G:A,11:10157776:A:G,364007,0.027326587587594986,0.0007467424147762358,computed (both variants usable)
11:9793769:G:A,11:10273128:C:T,479359,0.03617570176720619,0.0013086814433336258,computed (both variants usable)
11:9793769:G:A,11:10296756:A:G,502987,0.03393542394042015,0.0011516129598021507,computed (both variants usable)
11:9793769:G:A,11:10660067:T:G,866298,-0.008650895208120346,7.483798981411383e-05,computed (both variants usable)
11:9793769:G:A,11:10675738:A:G,881969,0.01718227006494999,0.0002952303912024945,computed (both variants usable)
11:9793769:G:A,11:16012114:A:T,6218345,-0.023936893790960312,0.0005729749100282788,computed (both variants usable)
11:9793769:G:A,11:16295390:G:A,6501621,-0.028437931090593338,0.0008087159367278218,computed (both variants usable)
11:9793769:G:A,11:16304089:A:C,6510320,0.02608516439795494,0.0006804357981309295,computed (both variants usable)
11:9793769:G:A,11:16352545:T:C,6558776,0.03306999057531357,0.0010936242761090398,computed (both variants usable)
11:9824865:C:G,11:9973062:T:G,148197,0.09070275723934174,0.008226989768445492,computed (both variants usable)
11:9824865:C:G,11:10157776:A:G,332911,0.04542124643921852,0.0020630895160138607,computed (both variants usable)
11:9824865:C:G,11:10273128:C:T,448263,0.0613248273730278,0.0037607343401759863,computed (both variants usable)
11:9824865:C:G,11:10296756:A:G,471891,0.05899025872349739,0.003479850711300969,computed (both variants usable)
11:9824865:C:G,11:10660067:T:G,835202,-0.04452286660671234,0.0019822856411337852,computed (both variants usable)
11:9824865:C:G,11:10675738:A:G,850873,0.041568368673324585,0.0017279292223975062,computed (both variants usable)
11:9824865:C:G,11:16012114:A:T,6187249,-0.01261870563030243,0.0001592317275935784,computed (both variants usable)
11:9824865:C:G,11:16295390:G:A,6470525,-0.021012963727116585,0.00044154463103041053,computed (both variants usable)
11:9824865:C:G,11:16304089:A:C,6479224,0.018384471535682678,0.00033798880758695304,computed (both variants usable)
11:9824865:C:G,11:16352545:T:C,6527680,0.026185225695371628,0.0006856660475023091,computed (both variants usable)
11:9973062:T:G,11:10157776:A:G,184714,0.09438680112361908,0.008908867835998535,computed (both variants usable)
11:9973062:T:G,11:10273128:C:T,300066,0.10183293372392654,0.010369946248829365,computed (both variants usable)
11:9973062:T:G,11:10296756:A:G,323694,0.09412441402673721,0.008859405294060707,computed (both variants usable)
11:9973062:T:G,11:10660067:T:G,687005,-0.005809089168906212,3.37455167027656e-05,computed (both variants usable)
11:9973062:T:G,11:10675738:A:G,702676,0.01142706349492073,0.00013057778414804488,computed (both variants usable)
11:9973062:T:G,11:16012114:A:T,6039052,-0.017066434025764465,0.00029126316076144576,computed (both variants usable)
11:9973062:T:G,11:16295390:G:A,6322328,0.019601969048380852,0.00038423718069680035,computed (both variants usable)
11:9973062:T:G,11:16304089:A:C,6331027,-0.01808207482099533,0.00032696142443455756,computed (both variants usable)
11:9973062:T:G,11:16352545:T:C,6379483,-0.007571314927190542,5.732481076847762e-05,computed (both variants usable)
11:10157776:A:G,11:10273128:C:T,115352,0.9734289646148682,0.9475639462471008,computed (both variants usable)
11:10157776:A:G,11:10296756:A:G,138980,0.9822096824645996,0.9647358655929565,computed (both variants usable)
11:10157776:A:G,11:10660067:T:G,502291,0.022502735257148743,0.0005063731223344803,computed (both variants usable)
11:10157776:A:G,11:10675738:A:G,517962,-0.03248792514204979,0.0010554653126746416,computed (both variants usable)
11:10157776:A:G,11:16012114:A:T,5854338,-0.045370638370513916,0.0020584948360919952,computed (both variants usable)
11:10157776:A:G,11:16295390:G:A,6137614,0.010274593718349934,0.00010556727647781372,computed (both variants usable)
11:10157776:A:G,11:16304089:A:C,6146313,-0.006379147991538048,4.069352871738374e-05,computed (both variants usable)
11:10157776:A:G,11:16352545:T:C,6194769,0.00025928529794327915,6.72288678060795e-08,computed (both variants usable)
11:10273128:C:T,11:10296756:A:G,23628,0.9911506175994873,0.9823795557022095,computed (both variants usable)
11:10273128:C:T,11:10660067:T:G,386939,0.026362955570220947,0.000695005408488214,computed (both variants usable)
11:10273128:C:T,11:10675738:A:G,402610,-0.0360773466527462,0.0013015749864280224,computed (both variants usable)
11:10273128:C:T,11:16012114:A:T,5738986,-0.04289243370294571,0.0018397609237581491,computed (both variants usable)
11:10273128:C:T,11:16295390:G:A,6022262,0.005320299416780472,2.830558514688164e-05,computed (both variants usable)
11:10273128:C:T,11:16304089:A:C,6030961,-0.0013839966850355268,1.915446773637086e-06,computed (both variants usable)
11:10273128:C:T,11:16352545:T:C,6079417,0.005103301722556353,2.6043688194477e-05,computed (both variants usable)
11:10296756:A:G,11:10660067:T:G,363311,0.020172754302620888,0.0004069400019943714,computed (both variants usable)
11:10296756:A:G,11:10675738:A:G,378982,-0.030552253127098083,0.0009334401693195105,computed (both variants usable)
11:10296756:A:G,11:16012114:A:T,5715358,-0.03575382009148598,0.0012783356942236423,computed (both variants usable)
11:10296756:A:G,11:16295390:G:A,5998634,0.0017682055477052927,3.126550836896058e-06,computed (both variants usable)
11:10296756:A:G,11:16304089:A:C,6007333,0.0021540909074246883,4.640107817976968e-06,computed (both variants usable)
11:10296756:A:G,11:16352545:T:C,6055789,0.008777028881013393,7.703623850829899e-05,computed (both variants usable)
11:10660067:T:G,11:10675738:A:G,15671,-0.8578976988792419,0.735988438129425,computed (both variants usable)
11:10660067:T:G,11:16012114:A:T,5352047,-0.018247023224830627,0.0003329538449179381,computed (both variants usable)
11:10660067:T:G,11:16295390:G:A,5635323,0.023982474580407143,0.0005751590942963958,computed (both variants usable)
11:10660067:T:G,11:16304089:A:C,5644022,-0.019411854445934296,0.0003768200986087322,computed (both variants usable)
11:10660067:T:G,11:16352545:T:C,5692478,-0.03297298774123192,0.0010872179409489036,computed (both variants usable)
11:10675738:A:G,11:16012114:A:T,5336376,0.005282653030008078,2.790642247418873e-05,computed (both variants usable)
11:10675738:A:G,11:16295390:G:A,5619652,-0.014740698039531708,0.00021728817955590785,computed (both variants usable)
11:10675738:A:G,11:16304089:A:C,5628351,0.009787001647055149,9.578539902577177e-05,computed (both variants usable)
11:10675738:A:G,11:16352545:T:C,5676807,0.013693773187696934,0.00018751942843664438,computed (both variants usable)
11:16012114:A:T,11:16295390:G:A,283276,-0.13440914452075958,0.018065817654132843,computed (both variants usable)
11:16012114:A:T,11:16304089:A:C,291975,0.13273589313030243,0.01761881820857525,computed (both variants usable)
11:16012114:A:T,11:16352545:T:C,340431,0.11784480512142181,0.013887397944927216,computed (both variants usable)
11:16295390:G:A,11:16304089:A:C,8699,-0.9904484748840332,0.9809882044792175,computed (both variants usable)
11:16295390:G:A,11:16352545:T:C,57155,-0.9687365889549255,0.9384505748748779,computed (both variants usable)
11:16304089:A:C,11:16352545:T:C,48456,0.9719348549842834,0.9446573853492737,computed (both variants usable)
11:27303438:T:C,11:27734420:T:C,430982,0.14932076632976532,0.022296691313385963,computed (both variants usable)
11:27303438:T:C,11:30760335:T:C,3456897,0.012900627218186855,0.00016642617993056774,computed (both variants usable)
11:27734420:T:C,11:30760335:T:C,3025915,-0.053793035447597504,0.0028936907183378935,computed (both variants usable)
11:47361838:A:G,11:47676170:A:G,314332,-0.3958989977836609,0.15673601627349854,computed (both variants usable)
11:47361838:A:G,11:48810512:A:G,1448674,-0.0019436506554484367,3.777777919822256e-06,computed (both variants usable)
11:47361838:A:G,11:55112643:T:C,7750805,0.20394934713840485,0.04159533604979515,computed (both variants usable)
11:47361838:A:G,11:55123720:C:T,7761882,0.1959163099527359,0.03838320076465607,computed (both variants usable)
11:47361838:A:G,11:55213614:C:T,7851776,0.1959163099527359,0.03838320076465607,computed (both variants usable)
11:47676170:A:G,11:48810512:A:G,1134342,-0.05620444193482399,0.003158939303830266,computed (both variants usable)
11:47676170:A:G,11:55112643:T:C,7436473,-0.2893035411834717,0.08369653671979904,computed (both variants usable)
11:47676170:A:G,11:55123720:C:T,7447550,-0.28530535101890564,0.08139914274215698,computed (both variants usable)
11:47676170:A:G,11:55213614:C:T,7537444,-0.28530535101890564,0.08139914274215698,computed (both variants usable)
11:48810512:A:G,11:55112643:T:C,6302131,0.3953520953655243,0.1563032865524292,computed (both variants usable)
11:48810512:A:G,11:55123720:C:T,6313208,0.3989635705947876,0.159171923995018,computed (both variants usable)
11:48810512:A:G,11:55213614:C:T,6403102,0.3989635705947876,0.159171923995018,computed (both variants usable)
11:55112643:T:C,11:55123720:C:T,11077,0.9774923324584961,0.9554912447929382,computed (both variants usable)
11:55112643:T:C,11:55213614:C:T,100971,0.9774923324584961,0.9554912447929382,computed (both variants usable)
11:55112643:T:C,11:61272565:T:C,6159922,-0.03298332169651985,0.0010878995526582003,computed (both variants usable)
11:55112643:T:C,11:61274790:T:G,6162147,-0.06188146397471428,0.003829315537586808,computed (both variants usable)
11:55112643:T:C,11:61278246:T:C,6165603,-0.019776897504925728,0.0003911256790161133,computed (both variants usable)
11:55123720:C:T,11:55213614:C:T,89894,1.0000016689300537,1.0000033378601074,computed (both variants usable)
11:55123720:C:T,11:61272565:T:C,6148845,-0.028127942234277725,0.0007911811117082834,computed (both variants usable)
11:55123720:C:T,11:61274790:T:G,6151070,-0.05867263302206993,0.0034424779005348682,computed (both variants usable)
11:55123720:C:T,11:61278246:T:C,6154526,-0.014560476876795292,0.0002120074932463467,computed (both variants usable)
11:55213614:C:T,11:61272565:T:C,6058951,-0.028127942234277725,0.0007911811117082834,computed (both variants usable)
11:55213614:C:T,11:61274790:T:G,6061176,-0.05867263302206993,0.0034424779005348682,computed (both variants usable)
11:55213614:C:T,11:61278246:T:C,6064632,-0.014560476876795292,0.0002120074932463467,computed (both variants usable)
11:61272565:T:C,11:61274790:T:G,2225,0.7761891484260559,0.6024696230888367,computed (both variants usable)
11:61272565:T:C,11:61278246:T:C,5681,0.9663102626800537,0.9337555170059204,computed (both variants usable)
11:61272565:T:C,11:65405600:G:T,4133035,-0.013074740767478943,0.00017094884242396802,computed (both variants usable)
11:61272565:T:C,11:69075538:C:T,7802973,0.04958433285355568,0.0024586061481386423,computed (both variants usable)
11:61272565:T:C,11:69079707:C:T,7807142,-0.0021841670386493206,4.770585746882716e-06,computed (both variants usable)
11:61272565:T:C,11:69462910:G:A,8190345,0.04603583365678787,0.002119298093020916,computed (both variants usable)
11:61274790:T:G,11:61278246:T:C,3456,0.7693014740943909,0.5918247699737549,computed (both variants usable)
11:61274790:T:G,11:65405600:G:T,4130810,-0.025872627273201942,0.0006693928153254092,computed (both variants usable)
11:61274790:T:G,11:69075538:C:T,7800748,0.038649026304483414,0.0014937472296878695,computed (both variants usable)
11:61274790:T:G,11:69079707:C:T,7804917,-0.008275396190583706,6.848217890365049e-05,computed (both variants usable)
11:61274790:T:G,11:69462910:G:A,8188120,0.054991044104099274,0.003024014877155423,computed (both variants usable)
11:61278246:T:C,11:65405600:G:T,4127354,-0.012787452898919582,0.00016351895465049893,computed (both variants usable)
11:61278246:T:C,11:69075538:C:T,7797292,0.043358661234378815,0.0018799734534695745,computed (both variants usable)
11:61278246:T:C,11:69079707:C:T,7801461,-0.006967789027839899,4.8550082283327356e-05,computed (both variants usable)
11:61278246:T:C,11:69462910:G:A,8184664,0.0421990342438221,0.0017807584954425693,computed (both variants usable)
11:65405600:G:T,11:69075538:C:T,3669938,-0.05067289248108864,0.002567742019891739,computed (both variants usable)
11:65405600:G:T,11:69079707:C:T,3674107,-0.02524268999695778,0.0006371933850459754,computed (both variants usable)
11:65405600:G:T,11:69462910:G:A,4057310,0.007952477782964706,6.324190326267853e-05,computed (both variants usable)
11:65405600:G:T,11:74378499:C:T,8972899,-0.07366356998682022,0.005426321644335985,computed (both variants usable)
11:69075538:C:T,11:69079707:C:T,4169,0.6261566281318665,0.3920721113681793,computed (both variants usable)
11:69075538:C:T,11:69462910:G:A,387372,-0.03340959548950195,0.0011162010487169027,computed (both variants usable)
11:69075538:C:T,11:74378499:C:T,5302961,-0.0033611273393034935,1.129717657022411e-05,computed (both variants usable)
11:69079707:C:T,11:69462910:G:A,383203,-0.046890825033187866,0.002198749454692006,computed (both variants usable)
11:69079707:C:T,11:74378499:C:T,5298792,0.043916281312704086,0.0019286397146061063,computed (both variants usable)
11:69462910:G:A,11:74378499:C:T,4915589,-0.001764027401804924,3.1117926937440643e-06,computed (both variants usable)
11:89224453:A:C,11:89224477:G:A,24,-0.7933593988418579,0.6294191479682922,computed (both variants usable)
11:89224453:A:C,11:95308854:T:A,6084401,0.011677300557494164,0.0001363593473797664,computed (both variants usable)
11:89224477:G:A,11:95308854:T:A,6084377,-0.03395070508122444,0.0011526503367349505,computed (both variants usable)
11:95308854:T:A,11:100593538:G:C,5284684,-0.042020514607429504,0.0017657236894592643,computed (both variants usable)
11:95308854:T:A,11:100610546:T:C,5301692,-0.042989581823349,0.001848104177042842,computed (both variants usable)
11:100593538:G:C,11:100610546:T:C,17008,0.9529786705970764,0.908168375492096,computed (both variants usable)
11:117193203:C:T,11:117256384:C:G,63181,-0.5673412084579468,0.32187604904174805,computed (both variants usable)
11:130273230:A:T,11:130280725:C:A,7495,-0.912495493888855,0.8326480388641357,computed (both variants usable)
12:8831954:T:A,12:8832203:A:G,249,0.9767327308654785,0.9540068507194519,computed (both variants usable)
12:8831954:T:A,12:12887977:C:T,4056023,0.02186940237879753,0.0004782707546837628,computed (both variants usable)
12:8831954:T:A,12:12888438:T:A,4056484,0.023761553689837456,0.0005646114586852491,computed (both variants usable)
12:8831954:T:A,12:12889289:A:C,4057335,-0.03328484669327736,0.0011078809620812535,computed (both variants usable)
12:8831954:T:A,12:15310339:C:T,6478385,-0.00867572333663702,7.52681735320948e-05,computed (both variants usable)
12:8832203:A:G,12:12887977:C:T,4055774,0.010838442482054234,0.00011747183452825993,computed (both variants usable)
12:8832203:A:G,12:12888438:T:A,4056235,0.013476059772074223,0.00018160419131163508,computed (both variants usable)
12:8832203:A:G,12:12889289:A:C,4057086,-0.03111473098397255,0.0009681264637038112,computed (both variants usable)
12:8832203:A:G,12:15310339:C:T,6478136,-0.010673228651285172,0.00011391781299607828,computed (both variants usable)
12:12887977:C:T,12:12888438:T:A,461,0.7508717179298401,0.5638083219528198,computed (both variants usable)
12:12887977:C:T,12:12889289:A:C,1312,-0.5649688243865967,0.31918978691101074,computed (both variants usable)
12:12887977:C:T,12:15310339:C:T,2422362,-0.028039386495947838,0.0007862072088755667,computed (both variants usable)
12:12887977:C:T,12:20016505:T:A,7128528,0.023213636130094528,0.0005388729041442275,computed (both variants usable)
12:12887977:C:T,12:20161168:A:G,7273191,0.004805756267160177,2.309529372723773e-05,computed (both variants usable)
12:12887977:C:T,12:20190630:A:T,7302653,-0.01034636702388525,0.00010704730811994523,computed (both variants usable)
12:12887977:C:T,12:20215558:G:A,7327581,0.00993252545595169,9.865505853667855e-05,computed (both variants usable)
12:12887977:C:T,12:20368269:T:C,7480292,0.04418255016207695,0.0019520977512001991,computed (both variants usable)
12:12887977:C:T,12:20373541:A:G,7485564,0.04221250116825104,0.0017818952910602093,computed (both variants usable)
12:12887977:C:T,12:20380250:C:T,7492273,0.022926518693566322,0.0005256252479739487,computed (both variants usable)
12:12887977:C:T,12:20449361:A:G,7561384,0.024005670100450516,0.000576272199396044,computed (both variants usable)
12:12888438:T:A,12:12889289:A:C,851,-0.7524166703224182,0.5661308169364929,computed (both variants usable)
12:12888438:T:A,12:15310339:C:T,2421901,-0.053083986043930054,0.0028179094661027193,computed (both variants usable)
12:12888438:T:A,12:20016505:T:A,7128067,0.015730084851384163,0.0002474355569574982,computed (both variants usable)
12:12888438:T:A,12:20161168:A:G,7272730,-0.01725604012608528,0.0002977709227707237,computed (both variants usable)
12:12888438:T:A,12:20190630:A:T,7302192,0.008781621232628822,7.711687067057937e-05,computed (both variants usable)
12:12888438:T:A,12:20215558:G:A,7327120,0.029317103326320648,0.0008594925748184323,computed (both variants usable)
12:12888438:T:A,12:20368269:T:C,7479831,0.052771493792533875,0.002784830518066883,computed (both variants usable)
12:12888438:T:A,12:20373541:A:G,7485103,0.052118271589279175,0.0027163142804056406,computed (both variants usable)
12:12888438:T:A,12:20380250:C:T,7491812,0.03521401807665825,0.0012400270206853747,computed (both variants usable)
12:12888438:T:A,12:20449361:A:G,7560923,0.007374378386884928,5.4381456720875576e-05,computed (both variants usable)
12:12889289:A:C,12:15310339:C:T,2421050,0.03205626457929611,0.0010276040993630886,computed (both variants usable)
12:12889289:A:C,12:20016505:T:A,7127216,0.0006966041401028633,4.852573169955576e-07,computed (both variants usable)
12:12889289:A:C,12:20161168:A:G,7271879,0.004117861390113831,1.6956782928900793e-05,computed (both variants usable)
12:12889289:A:C,12:20190630:A:T,7301341,0.0023208260536193848,5.386233624449233e-06,computed (both variants usable)
12:12889289:A:C,12:20215558:G:A,7326269,0.014629153534770012,0.00021401213598437607,computed (both variants usable)
12:12889289:A:C,12:20368269:T:C,7478980,-0.0008132947259582579,6.614483254452352e-07,computed (both variants usable)
12:12889289:A:C,12:20373541:A:G,7484252,-0.0012974991695955396,1.68350413787266e-06,computed (both variants usable)
12:12889289:A:C,12:20380250:C:T,7490961,0.001619697199203074,2.6234190499963006e-06,computed (both variants usable)
12:12889289:A:C,12:20449361:A:G,7560072,-0.026705915108323097,0.0007132058963179588,computed (both variants usable)
12:15310339:C:T,12:20016505:T:A,4706166,-0.04895034432411194,0.002396136289462447,computed (both variants usable)
12:15310339:C:T,12:20161168:A:G,4850829,-0.012349529191851616,0.00015251086733769625,computed (both variants usable)
12:15310339:C:T,12:20190630:A:T,4880291,0.010457203723490238,0.00010935311001958326,computed (both variants usable)
12:15310339:C:T,12:20215558:G:A,4905219,0.025041230022907257,0.0006270632147789001,computed (both variants usable)
12:15310339:C:T,12:20368269:T:C,5057930,0.029411932453513145,0.0008650617673993111,computed (both variants usable)
12:15310339:C:T,12:20373541:A:G,5063202,0.019941512495279312,0.0003976639127358794,computed (both variants usable)
12:15310339:C:T,12:20380250:C:T,5069911,0.009136560373008251,8.347673428943381e-05,computed (both variants usable)
12:15310339:C:T,12:20449361:A:G,5139022,-0.05113586038351059,0.0026148762553930283,computed (both variants usable)
12:20016505:T:A,12:20161168:A:G,144663,0.0036067694891244173,1.3008786481805146e-05,computed (both variants usable)
12:20016505:T:A,12:20190630:A:T,174125,-0.014351067133247852,0.000205953125259839,computed (both variants usable)
12:20016505:T:A,12:20215558:G:A,199053,0.01331284362822771,0.00017723180644679815,computed (both variants usable)
12:20016505:T:A,12:20368269:T:C,351764,-0.04382270574569702,0.0019204295240342617,computed (both variants usable)
12:20016505:T:A,12:20373541:A:G,357036,-0.039072129875421524,0.0015266312984749675,computed (both variants usable)
12:20016505:T:A,12:20380250:C:T,363745,-0.042843885719776154,0.001835598493926227,computed (both variants usable)
12:20016505:T:A,12:20449361:A:G,432856,-0.021373210474848747,0.0004568141303025186,computed (both variants usable)
12:20016505:T:A,12:27964864:A:C,7948359,-0.003894702298566699,1.5168706340773497e-05,computed (both variants usable)
12:20161168:A:G,12:20190630:A:T,29462,-0.9707320332527161,0.942320704460144,computed (both variants usable)
12:20161168:A:G,12:20215558:G:A,54390,-0.4362383186817169,0.19030387699604034,computed (both variants usable)
12:20161168:A:G,12:20368269:T:C,207101,0.07399517297744751,0.005475285463035107,computed (both variants usable)
12:20161168:A:G,12:20373541:A:G,212373,0.07678433507680893,0.0058958339504897594,computed (both variants usable)
12:20161168:A:G,12:20380250:C:T,219082,0.09149160236120224,0.008370713330805302,computed (both variants usable)
12:20161168:A:G,12:20449361:A:G,288193,0.06833594292402267,0.004669800866395235,computed (both variants usable)
12:20161168:A:G,12:27964864:A:C,7803696,0.023494891822338104,0.0005520099657587707,computed (both variants usable)
12:20190630:A:T,12:20215558:G:A,24928,0.452243447303772,0.20452412962913513,computed (both variants usable)
12:20190630:A:T,12:20368269:T:C,177639,-0.08229012787342072,0.006771665066480637,computed (both variants usable)
12:20190630:A:T,12:20373541:A:G,182911,-0.08516000956296921,0.007252227049320936,computed (both variants usable)
12:20190630:A:T,12:20380250:C:T,189620,-0.10109307616949081,0.010219809599220753,computed (both variants usable)
12:20190630:A:T,12:20449361:A:G,258731,-0.06601330637931824,0.004357756581157446,computed (both variants usable)
12:20190630:A:T,12:27964864:A:C,7774234,-0.023362822830677032,0.0005458215018734336,computed (both variants usable)
12:20215558:G:A,12:20368269:T:C,152711,0.11198937892913818,0.01254162099212408,computed (both variants usable)
12:20215558:G:A,12:20373541:A:G,157983,0.11081406474113464,0.012279757298529148,computed (both variants usable)
12:20215558:G:A,12:20380250:C:T,164692,0.06875430047512054,0.004727154038846493,computed (both variants usable)
12:20215558:G:A,12:20449361:A:G,233803,-0.0880494937300682,0.007752713281661272,computed (both variants usable)
12:20215558:G:A,12:27964864:A:C,7749306,-0.027424057945609093,0.0007520789513364434,computed (both variants usable)
12:20368269:T:C,12:20373541:A:G,5272,0.990683376789093,0.981453537940979,computed (both variants usable)
12:20368269:T:C,12:20380250:C:T,11981,0.9255483746528625,0.8566398024559021,computed (both variants usable)
12:20368269:T:C,12:20449361:A:G,81092,0.07810985296964645,0.006101149134337902,computed (both variants usable)
12:20368269:T:C,12:27964864:A:C,7596595,0.01879129745066166,0.00035311284591443837,computed (both variants usable)
12:20373541:A:G,12:20380250:C:T,6709,0.9299140572547913,0.8647401332855225,computed (both variants usable)
12:20373541:A:G,12:20449361:A:G,75820,0.08130156248807907,0.00660994416102767,computed (both variants usable)
12:20373541:A:G,12:27964864:A:C,7591323,0.020964888855814934,0.0004395265714265406,computed (both variants usable)
12:20380250:C:T,12:20449361:A:G,69111,0.10669557750225067,0.011383946053683758,computed (both variants usable)
12:20380250:C:T,12:27964864:A:C,7584614,0.020064953714609146,0.0004026023671030998,computed (both variants usable)
12:20449361:A:G,12:27964864:A:C,7515503,0.013411303982138634,0.0001798630692064762,computed (both variants usable)
12:27964864:A:C,12:33537387:T:C,5572523,0.01486536581069231,0.00022097909823060036,computed (both variants usable)
12:33537387:T:C,12:42424698:T:C,8887311,0.021992826834321022,0.0004836844454985112,computed (both variants usable)
12:42424698:T:C,12:48186563:T:A,5761865,0.0622614286839962,0.0038764853961765766,computed (both variants usable)
12:42424698:T:C,12:48202941:C:T,5778243,0.061406511813402176,0.0037707597948610783,computed (both variants usable)
12:42424698:T:C,12:48204499:C:G,5779801,0.061406511813402176,0.0037707597948610783,computed (both variants usable)
12:42424698:T:C,12:48254353:T:A,5829655,-0.02358502522110939,0.0005562534206546843,computed (both variants usable)
12:42424698:T:C,12:50537815:A:G,8113117,-0.02958531491458416,0.0008752908324822783,computed (both variants usable)
12:42424698:T:C,12:50561998:A:G,8137300,0.03233078867197037,0.0010452799033373594,computed (both variants usable)
12:48186563:T:A,12:48202941:C:T,16378,0.9036610722541809,0.8166033625602722,computed (both variants usable)
12:48186563:T:A,12:48204499:C:G,17936,0.9036610722541809,0.8166033625602722,computed (both variants usable)
12:48186563:T:A,12:48254353:T:A,67790,0.06502830982208252,0.004228680860251188,computed (both variants usable)
12:48186563:T:A,12:50537815:A:G,2351252,0.022359881550073624,0.0004999642842449248,computed (both variants usable)
12:48186563:T:A,12:50561998:A:G,2375435,-0.020864341408014297,0.00043532074778340757,computed (both variants usable)
12:48186563:T:A,12:53448320:C:T,5261757,-0.008522894233465195,7.263972656801343e-05,computed (both variants usable)
12:48186563:T:A,12:54441498:C:T,6254935,0.037253644317388535,0.0013878339668735862,computed (both variants usable)
12:48186563:T:A,12:57137828:T:A,8951265,0.029638905078172684,0.000878464721608907,computed (both variants usable)
12:48202941:C:T,12:48204499:C:G,1558,1.0,1.0,computed (both variants usable)
12:48202941:C:T,12:48254353:T:A,51412,-0.0380253791809082,0.0014459295198321342,computed (both variants usable)
12:48202941:C:T,12:50537815:A:G,2334874,0.03596100956201553,0.0012931942474097013,computed (both variants usable)
12:48202941:C:T,12:50561998:A:G,2359057,-0.039107486605644226,0.0015293954638764262,computed (both variants usable)
12:48202941:C:T,12:53448320:C:T,5245379,-0.011778728105127811,0.0001387384400004521,computed (both variants usable)
12:48202941:C:T,12:54441498:C:T,6238557,0.052639711648225784,0.0027709391433745623,computed (both variants usable)
12:48202941:C:T,12:57137828:T:A,8934887,0.015512369573116302,0.0002406336134299636,computed (both variants usable)
12:48204499:C:G,12:48254353:T:A,49854,-0.0380253791809082,0.0014459295198321342,computed (both variants usable)
12:48204499:C:G,12:50537815:A:G,2333316,0.03596100956201553,0.0012931942474097013,computed (both variants usable)
12:48204499:C:G,12:50561998:A:G,2357499,-0.039107486605644226,0.0015293954638764262,computed (both variants usable)
12:48204499:C:G,12:53448320:C:T,5243821,-0.011778728105127811,0.0001387384400004521,computed (both variants usable)
12:48204499:C:G,12:54441498:C:T,6236999,0.052639711648225784,0.0027709391433745623,computed (both variants usable)
12:48204499:C:G,12:57137828:T:A,8933329,0.015512369573116302,0.0002406336134299636,computed (both variants usable)
12:48254353:T:A,12:50537815:A:G,2283462,0.03892884403467178,0.0015154548455029726,computed (both variants usable)
12:48254353:T:A,12:50561998:A:G,2307645,-0.03072548471391201,0.0009440553840249777,computed (both variants usable)
12:48254353:T:A,12:53448320:C:T,5193967,-0.024084508419036865,0.0005800635553896427,computed (both variants usable)
12:48254353:T:A,12:54441498:C:T,6187145,-0.02219453826546669,0.0004925975226797163,computed (both variants usable)
12:48254353:T:A,12:57137828:T:A,8883475,0.03798101469874382,0.0014425574336200953,computed (both variants usable)
12:50537815:A:G,12:50561998:A:G,24183,-0.9938027858734131,0.9876439571380615,computed (both variants usable)
12:50537815:A:G,12:53448320:C:T,2910505,-0.05474080145359039,0.002996555296704173,computed (both variants usable)
12:50537815:A:G,12:54441498:C:T,3903683,0.049387626349925995,0.0024391375482082367,computed (both variants usable)
12:50537815:A:G,12:57137828:T:A,6600013,-0.006309859454631805,3.981432746513747e-05,computed (both variants usable)
12:50561998:A:G,12:53448320:C:T,2886322,0.05996456369757652,0.0035957489162683487,computed (both variants usable)
12:50561998:A:G,12:54441498:C:T,3879500,-0.05326459929347038,0.0028371175285428762,computed (both variants usable)
12:50561998:A:G,12:57137828:T:A,6575830,0.00681048259139061,4.6382672735489905e-05,computed (both variants usable)
12:53448320:C:T,12:54441498:C:T,993178,-0.04073710739612579,0.0016595119377598166,computed (both variants usable)
12:53448320:C:T,12:57137828:T:A,3689508,0.015045933425426483,0.00022638011432718486,computed (both variants usable)
12:54441498:C:T,12:57137828:T:A,2696330,-0.06753840297460556,0.0045614358969032764,computed (both variants usable)
12:69197737:A:C,12:69792102:C:A,594365,0.11717776954174042,0.013730629347264767,computed (both variants usable)
12:69197737:A:C,12:69922738:A:G,725001,-0.0991978794336319,0.009840219281613827,computed (both variants usable)
12:69197737:A:C,12:69930370:T:C,732633,-0.05995690077543259,0.003594829933717847,computed (both variants usable)
12:69197737:A:C,12:70365840:G:A,1168103,-0.029292184859514236,0.0008580320863984525,computed (both variants usable)
12:69792102:C:A,12:69922738:A:G,130636,-0.234292671084404,0.05489305406808853,computed (both variants usable)
12:69792102:C:A,12:69930370:T:C,138268,-0.15097306668758392,0.022792866453528404,computed (both variants usable)
12:69792102:C:A,12:70365840:G:A,573738,-0.09375295788049698,0.00878961756825447,computed (both variants usable)
12:69922738:A:G,12:69930370:T:C,7632,0.5137383937835693,0.2639271318912506,computed (both variants usable)
12:69922738:A:G,12:70365840:G:A,443102,0.1484135240316391,0.02202657423913479,computed (both variants usable)
12:69930370:T:C,12:70365840:G:A,435470,0.08745229244232178,0.007647903636097908,computed (both variants usable)
12:90025622:G:A,12:90062376:G:A,36754,-0.5233919620513916,0.2739391326904297,computed (both variants usable)
12:90025622:G:A,12:90152858:C:T,127236,0.11571032553911209,0.013388879597187042,computed (both variants usable)
12:90025622:G:A,12:90247669:A:G,222047,-0.07117199152708054,0.005065452307462692,computed (both variants usable)
12:90025622:G:A,12:90301665:C:T,276043,-0.3455960750579834,0.11943664401769638,computed (both variants usable)
12:90025622:G:A,12:94774519:G:A,4748897,0.004315170459449291,1.862069620983675e-05,computed (both variants usable)
12:90025622:G:A,12:94877428:A:G,4851806,0.01915166899561882,0.00036678643664345145,computed (both variants usable)
12:90025622:G:A,12:94878542:T:C,4852920,0.01915166899561882,0.00036678643664345145,computed (both variants usable)
12:90025622:G:A,12:95512031:G:A,5486409,0.02072947844862938,0.0004297112755011767,computed (both variants usable)
12:90062376:G:A,12:90152858:C:T,90482,-0.1297023594379425,0.016822701320052147,computed (both variants usable)
12:90062376:G:A,12:90247669:A:G,185293,0.2261950671672821,0.051164209842681885,computed (both variants usable)
12:90062376:G:A,12:90301665:C:T,239289,0.08049813657999039,0.006479950156062841,computed (both variants usable)
12:90062376:G:A,12:94774519:G:A,4712143,0.0020456372294574976,4.184631507087033e-06,computed (both variants usable)
12:90062376:G:A,12:94877428:A:G,4815052,-0.026105478405952454,0.0006814959924668074,computed (both variants usable)
12:90062376:G:A,12:94878542:T:C,4816166,-0.026105478405952454,0.0006814959924668074,computed (both variants usable)
12:90062376:G:A,12:95512031:G:A,5449655,-0.030732208862900734,0.0009444686584174633,computed (both variants usable)
12:90152858:C:T,12:90247669:A:G,94811,-0.09214235097169876,0.008490213192999363,computed (both variants usable)
12:90152858:C:T,12:90301665:C:T,148807,-0.297014445066452,0.08821757882833481,computed (both variants usable)
12:90152858:C:T,12:94774519:G:A,4621661,-0.020990587770938873,0.0004406047810334712,computed (both variants usable)
12:90152858:C:T,12:94877428:A:G,4724570,-0.01660345308482647,0.0002756746544037014,computed (both variants usable)
12:90152858:C:T,12:94878542:T:C,4725684,-0.01660345308482647,0.0002756746544037014,computed (both variants usable)
12:90152858:C:T,12:95512031:G:A,5359173,0.05318823456764221,0.0028289882466197014,computed (both variants usable)
12:90247669:A:G,12:90301665:C:T,53996,0.5161115527153015,0.26637113094329834,computed (both variants usable)
12:90247669:A:G,12:94774519:G:A,4526850,-0.038815587759017944,0.0015066498890519142,computed (both variants usable)
12:90247669:A:G,12:94877428:A:G,4629759,0.05664312466979027,0.003208443522453308,computed (both variants usable)
12:90247669:A:G,12:94878542:T:C,4630873,0.05664312466979027,0.003208443522453308,computed (both variants usable)
12:90247669:A:G,12:95512031:G:A,5264362,0.009433324448764324,8.898761007003486e-05,computed (both variants usable)
12:90301665:C:T,12:94774519:G:A,4472854,-0.053946882486343384,0.002910266164690256,computed (both variants usable)
12:90301665:C:T,12:94877428:A:G,4575763,0.018185708671808243,0.000330720009515062,computed (both variants usable)
12:90301665:C:T,12:94878542:T:C,4576877,0.018185708671808243,0.000330720009515062,computed (both variants usable)
12:90301665:C:T,12:95512031:G:A,5210366,-0.04866257682442665,0.002368046436458826,computed (both variants usable)
12:94774519:G:A,12:94877428:A:G,102909,-0.07880381494760513,0.006210041232407093,computed (both variants usable)
12:94774519:G:A,12:94878542:T:C,104023,-0.07880381494760513,0.006210041232407093,computed (both variants usable)
12:94774519:G:A,12:95512031:G:A,737512,-0.05900665372610092,0.0034817850682884455,computed (both variants usable)
12:94877428:A:G,12:94878542:T:C,1114,1.0000027418136597,1.0000054836273193,computed (both variants usable)
12:94877428:A:G,12:95512031:G:A,634603,-0.015073282644152641,0.00022720385459251702,computed (both variants usable)
12:94878542:T:C,12:95512031:G:A,633489,-0.015073282644152641,0.00022720385459251702,computed (both variants usable)
12:111835990:A:G,12:111884608:T:C,48618,0.4842567443847656,0.2345045953989029,computed (both variants usable)
12:111835990:A:G,12:112007756:C:T,171766,0.4766102433204651,0.227157324552536,computed (both variants usable)
12:111835990:A:G,12:115359424:G:A,3523434,0.03505202382802963,0.0012286443961784244,computed (both variants usable)
12:111835990:A:G,12:115552878:G:C,3716888,0.06661081314086914,0.0044370004907250404,computed (both variants usable)
12:111835990:A:G,12:115555867:A:G,3719877,0.06439819931983948,0.004147128202021122,computed (both variants usable)
12:111835990:A:G,12:115921518:T:C,4085528,0.0067651658318936825,4.5767468691337854e-05,computed (both variants usable)
12:111835990:A:G,12:115934758:G:A,4098768,-0.002036274643614888,4.146414539718535e-06,computed (both variants usable)
12:111835990:A:G,12:116227734:G:A,4391744,0.02783101610839367,0.0007745654438622296,computed (both variants usable)
12:111884608:T:C,12:112007756:C:T,123148,0.9720386862754822,0.9448592066764832,computed (both variants usable)
12:111884608:T:C,12:115359424:G:A,3474816,-0.01309556420892477,0.00017149379709735513,computed (both variants usable)
12:111884608:T:C,12:115552878:G:C,3668270,0.01939214952290058,0.00037605545367114246,computed (both variants usable)
12:111884608:T:C,12:115555867:A:G,3671259,0.023156719282269478,0.0005362336523830891,computed (both variants usable)
12:111884608:T:C,12:115921518:T:C,4036910,0.011683511547744274,0.00013650444452650845,computed (both variants usable)
12:111884608:T:C,12:115934758:G:A,4050150,-0.030390163883566856,0.0009235620382241905,computed (both variants usable)
12:111884608:T:C,12:116227734:G:A,4343126,-0.017684902995824814,0.0003127557865809649,computed (both variants usable)
12:111884608:T:C,12:121882098:T:G,9997490,0.009741009213030338,9.488726209383458e-05,computed (both variants usable)
12:112007756:C:T,12:115359424:G:A,3351668,-0.006151440087705851,3.784021464525722e-05,computed (both variants usable)
12:112007756:C:T,12:115552878:G:C,3545122,0.006311042699962854,3.982926136814058e-05,computed (both variants usable)
12:112007756:C:T,12:115555867:A:G,3548111,0.01010189950466156,0.00010204837599303573,computed (both variants usable)
12:112007756:C:T,12:115921518:T:C,3913762,0.008333871141076088,6.945341010577977e-05,computed (both variants usable)
12:112007756:C:T,12:115934758:G:A,3927002,-0.027628673240542412,0.0007633435889147222,computed (both variants usable)
12:112007756:C:T,12:116227734:G:A,4219978,-0.017473692074418068,0.00030532991513609886,computed (both variants usable)
12:112007756:C:T,12:121882098:T:G,9874342,0.0008551363716833293,7.312582397389633e-07,computed (both variants usable)
12:112007756:C:T,12:121916308:T:G,9908552,0.005113048013299704,2.61432596744271e-05,computed (both variants usable)
12:115359424:G:A,12:115552878:G:C,193454,-0.06227564811706543,0.003878256306052208,computed (both variants usable)
12:115359424:G:A,12:115555867:A:G,196443,-0.0648263692855835,0.0042024580761790276,computed (both variants usable)
12:115359424:G:A,12:115921518:T:C,562094,0.0007153792539611459,5.117674959365104e-07,computed (both variants usable)
12:115359424:G:A,12:115934758:G:A,575334,-0.021787898615002632,0.0004747125203721225,computed (both variants usable)
12:115359424:G:A,12:116227734:G:A,868310,-0.03975237160921097,0.0015802510315552354,computed (both variants usable)
12:115359424:G:A,12:121882098:T:G,6522674,-0.08390972018241882,0.007040841039270163,computed (both variants usable)
12:115359424:G:A,12:121916308:T:G,6556884,0.06441958248615265,0.004149882588535547,computed (both variants usable)
12:115359424:G:A,12:123659542:C:T,8300118,-0.03665069118142128,0.001343273208476603,computed (both variants usable)
12:115359424:G:A,12:124820705:A:G,9461281,-0.00661978917196393,4.382160841487348e-05,computed (both variants usable)
12:115359424:G:A,12:125003705:G:A,9644281,-0.04331016167998314,0.0018757701618596911,computed (both variants usable)
12:115552878:G:C,12:115555867:A:G,2989,0.9958535432815552,0.9917242527008057,computed (both variants usable)
12:115552878:G:C,12:115921518:T:C,368640,0.0023962638806551695,5.742080702475505e-06,computed (both variants usable)
12:115552878:G:C,12:115934758:G:A,381880,-0.011208930052816868,0.00012564011558424681,computed (both variants usable)
12:115552878:G:C,12:116227734:G:A,674856,0.011047929525375366,0.00012205675011500716,computed (both variants usable)
12:115552878:G:C,12:121882098:T:G,6329220,0.07280384004116058,0.005300398916006088,computed (both variants usable)
12:115552878:G:C,12:121916308:T:G,6363430,-0.05793784186244011,0.0033567934297025204,computed (both variants usable)
12:115552878:G:C,12:123659542:C:T,8106664,-0.01948598399758339,0.0003797035606112331,computed (both variants usable)
12:115552878:G:C,12:124820705:A:G,9267827,0.017240634188055992,0.0002972394577227533,computed (both variants usable)
12:115552878:G:C,12:125003705:G:A,9450827,-0.014644096605479717,0.00021444956655614078,computed (both variants usable)
12:115555867:A:G,12:115921518:T:C,365651,0.0016807835781946778,2.8250333343748935e-06,computed (both variants usable)
12:115555867:A:G,12:115934758:G:A,378891,-0.009662226773798466,9.335862705484033e-05,computed (both variants usable)
12:115555867:A:G,12:116227734:G:A,671867,0.010828206315636635,0.0001172500487882644,computed (both variants usable)
12:115555867:A:G,12:121882098:T:G,6326231,0.07765915989875793,0.006030945107340813,computed (both variants usable)
12:115555867:A:G,12:121916308:T:G,6360441,-0.06238538771867752,0.0038919365033507347,computed (both variants usable)
12:115555867:A:G,12:123659542:C:T,8103675,-0.01732022687792778,0.0002999902644660324,computed (both variants usable)
12:115555867:A:G,12:124820705:A:G,9264838,0.01308656670153141,0.00017125823069363832,computed (both variants usable)
12:115555867:A:G,12:125003705:G:A,9447838,-0.016437338665127754,0.0002701861085370183,computed (both variants usable)
12:115921518:T:C,12:115934758:G:A,13240,-0.8140765428543091,0.6627206206321716,computed (both variants usable)
12:115921518:T:C,12:116227734:G:A,306216,-0.025258909910917282,0.0006380125414580107,computed (both variants usable)
12:115921518:T:C,12:121882098:T:G,5960580,0.03994108736515045,0.0015952904941514134,computed (both variants usable)
12:115921518:T:C,12:121916308:T:G,5994790,-0.011810574680566788,0.0001394896680722013,computed (both variants usable)
12:115921518:T:C,12:123659542:C:T,7738024,-0.014523232355713844,0.00021092427778057754,computed (both variants usable)
12:115921518:T:C,12:124820705:A:G,8899187,0.08330224454402924,0.006939264014363289,computed (both variants usable)
12:115921518:T:C,12:125003705:G:A,9082187,-0.007373032625764608,5.436161154648289e-05,computed (both variants usable)
12:115934758:G:A,12:116227734:G:A,292976,-0.00808651465922594,6.539171590702608e-05,computed (both variants usable)
12:115934758:G:A,12:121882098:T:G,5947340,-0.0035029081627726555,1.2270365914446302e-05,computed (both variants usable)
12:115934758:G:A,12:121916308:T:G,5981550,-0.021264400333166122,0.00045217471779324114,computed (both variants usable)
12:115934758:G:A,12:123659542:C:T,7724784,0.010663038119673729,0.00011370038555469364,computed (both variants usable)
12:115934758:G:A,12:124820705:A:G,8885947,-0.015046852640807629,0.00022640777751803398,computed (both variants usable)
12:115934758:G:A,12:125003705:G:A,9068947,-0.009323903359472752,8.693517156643793e-05,computed (both variants usable)
12:116227734:G:A,12:121882098:T:G,5654364,-0.014371855184435844,0.00020655021944548935,computed (both variants usable)
12:116227734:G:A,12:121916308:T:G,5688574,0.026741696521639824,0.0007151183090172708,computed (both variants usable)
12:116227734:G:A,12:123659542:C:T,7431808,-0.04967290163040161,0.0024673971347510815,computed (both variants usable)
12:116227734:G:A,12:124820705:A:G,8592971,-0.0015820908593013883,2.5030115011759335e-06,computed (both variants usable)
12:116227734:G:A,12:125003705:G:A,8775971,0.009169415570795536,8.407817949773744e-05,computed (both variants usable)
12:121882098:T:G,12:121916308:T:G,34210,-0.8859713673591614,0.7849452495574951,computed (both variants usable)
12:121882098:T:G,12:123659542:C:T,1777444,0.08436150848865509,0.0071168639697134495,computed (both variants usable)
12:121882098:T:G,12:124820705:A:G,2938607,0.025444332510232925,0.0006474140682257712,computed (both variants usable)
12:121882098:T:G,12:125003705:G:A,3121607,-0.007221490144729614,5.214992052060552e-05,computed (both variants usable)
12:121916308:T:G,12:123659542:C:T,1743234,-0.05727376788854599,0.003280284581705928,computed (both variants usable)
12:121916308:T:G,12:124820705:A:G,2904397,-0.009699258953332901,9.40756217460148e-05,computed (both variants usable)
12:121916308:T:G,12:125003705:G:A,3087397,0.008530502207577229,7.276947144418955e-05,computed (both variants usable)
12:123659542:C:T,12:124820705:A:G,1161163,0.07216066867113113,0.005207161884754896,computed (both variants usable)
12:123659542:C:T,12:125003705:G:A,1344163,-0.06282825767993927,0.003947389777749777,computed (both variants usable)
12:124820705:A:G,12:125003705:G:A,183000,0.028762174770236015,0.0008272627019323409,computed (both variants usable)
13:30137828:T:C,13:30146201:C:T,8373,0.997423529624939,0.994853675365448,computed (both variants usable)
13:30137828:T:C,13:32124747:A:G,1986919,-0.029644811525940895,0.0008788148406893015,computed (both variants usable)
13:30137828:T:C,13:38280770:C:T,8142942,-0.038954295217990875,0.0015174371656030416,computed (both variants usable)
13:30146201:C:T,13:32124747:A:G,1978546,-0.03159495070576668,0.0009982408955693245,computed (both variants usable)
13:30146201:C:T,13:38280770:C:T,8134569,-0.0362144410610199,0.0013114857720211148,computed (both variants usable)
13:32124747:A:G,13:38280770:C:T,6156023,-0.01071383710950613,0.00011478630767669529,computed (both variants usable)
13:50513535:T:A,13:50564490:C:G,50955,0.9961445331573486,0.9923039078712463,computed (both variants usable)
13:50513535:T:A,13:58686522:A:T,8172987,0.008019664324820042,6.43150124233216e-05,computed (both variants usable)
13:50513535:T:A,13:59911420:G:C,9397885,0.00922530796378851,8.510630868840963e-05,computed (both variants usable)
13:50564490:C:G,13:58686522:A:T,8122032,0.009207868948578835,8.478484960505739e-05,computed (both variants usable)
13:50564490:C:G,13:59911420:G:C,9346930,0.01083335280418396,0.00011736153101082891,computed (both variants usable)
13:58686522:A:T,13:59911420:G:C,1224898,0.0318494476377964,0.0010143873514607549,computed (both variants usable)
13:73466948:G:A,13:73824424:C:T,357476,-0.08162426203489304,0.0066625201143324375,computed (both variants usable)
13:73466948:G:A,13:73830066:A:G,363118,-0.0639800950884819,0.0040934523567557335,computed (both variants usable)
13:73824424:C:T,13:73830066:A:G,5642,0.9191845059394836,0.8449001312255859,computed (both variants usable)
13:114995733:T:C,13:115027462:T:A,31729,0.7693642377853394,0.591921329498291,computed (both variants usable)
13:114995733:T:C,13:115042155:A:G,46422,0.7633591890335083,0.58271723985672,computed (both variants usable)
13:115027462:T:A,13:115042155:A:G,14693,0.9947884678840637,0.989604115486145,computed (both variants usable)
14:23414104:C:T,14:23861811:A:G,447707,-0.024349531158804893,0.0005928996833972633,computed (both variants usable)
14:23414104:C:T,14:23867144:T:C,453040,0.008461789228022099,7.160187669796869e-05,computed (both variants usable)
14:23414104:C:T,14:31381351:T:C,7967247,0.02213387005031109,0.0004899082123301923,computed (both variants usable)
14:23861811:A:G,14:23867144:T:C,5333,0.5635573863983154,0.3175969421863556,computed (both variants usable)
14:23861811:A:G,14:31381351:T:C,7519540,-0.002469620667397976,6.099026450101519e-06,computed (both variants usable)
14:23867144:T:C,14:31381351:T:C,7514207,0.02753826230764389,0.000758355890866369,computed (both variants usable)
14:31381351:T:C,14:36158828:T:C,4777477,-0.06718646734952927,0.004514021333307028,computed (both variants usable)
14:72464810:G:A,14:72468149:G:A,3339,0.8541050553321838,0.7294954657554626,computed (both variants usable)
14:72464810:G:A,14:72470336:C:T,5526,0.8541050553321838,0.7294954657554626,computed (both variants usable)
14:72464810:G:A,14:73275445:C:T,810635,0.006533924024552107,4.269216151442379e-05,computed (both variants usable)
14:72468149:G:A,14:72470336:C:T,2187,1.0000001192092896,1.000000238418579,computed (both variants usable)
14:72468149:G:A,14:73275445:C:T,807296,-0.029585573822259903,0.0008753061993047595,computed (both variants usable)
14:72470336:C:T,14:73275445:C:T,805109,-0.029585573822259903,0.0008753061993047595,computed (both variants usable)
14:85796733:A:T,14:89562165:A:G,3765432,-0.01863444596529007,0.0003472425742074847,computed (both variants usable)
14:85796733:A:T,14:92386379:C:T,6589646,0.021109633147716522,0.00044561660615727305,computed (both variants usable)
14:89562165:A:G,14:92386379:C:T,2824214,0.024981077760457993,0.0006240542279556394,computed (both variants usable)
14:92386379:C:T,14:100113207:A:G,7726828,-0.03071710467338562,0.0009435405372641981,computed (both variants usable)
14:92386379:C:T,14:100133250:C:T,7746871,-0.01206289418041706,0.00014551341882906854,computed (both variants usable)
14:92386379:C:T,14:101175967:G:A,8789588,-0.0069251940585672855,4.795831409865059e-05,computed (both variants usable)
14:100113207:A:G,14:100133250:C:T,20043,-0.36165452003479004,0.1307939887046814,computed (both variants usable)
14:100113207:A:G,14:101175967:G:A,1062760,0.015680432319641113,0.0002458759699948132,computed (both variants usable)
14:100113207:A:G,14:103859962:C:T,3746755,0.019270991906523705,0.00037137113395147026,computed (both variants usable)
14:100113207:A:G,14:103959289:G:T,3846082,0.02068173699080944,0.0004277342522982508,computed (both variants usable)
14:100133250:C:T,14:101175967:G:A,1042717,-0.027477292343974113,0.0007550016161985695,computed (both variants usable)
14:100133250:C:T,14:103859962:C:T,3726712,0.004233884625136852,1.792577859305311e-05,computed (both variants usable)
14:100133250:C:T,14:103959289:G:T,3826039,0.006855756975710392,4.700140198110603e-05,computed (both variants usable)
14:101175967:G:A,14:103859962:C:T,2683995,-0.012144776061177254,0.00014749557885807008,computed (both variants usable)
14:101175967:G:A,14:103959289:G:T,2783322,-0.010689632967114449,0.00011426825221860781,computed (both variants usable)
14:103859962:C:T,14:103959289:G:T,99327,0.9954291582107544,0.990879237651825,computed (both variants usable)
15:42032383:C:G,15:42124673:G:C,92290,0.941424548625946,0.8862801790237427,computed (both variants usable)
15:42032383:C:G,15:48801804:A:G,6769421,0.03168464079499245,0.001003916491754353,computed (both variants usable)
15:42124673:G:C,15:48801804:A:G,6677131,0.015406887046992779,0.00023737216542940587,computed (both variants usable)
15:62739174:T:C,15:62757722:A:G,18548,0.5648517608642578,0.31905752420425415,computed (both variants usable)
15:62739174:T:C,15:67645013:G:C,4905839,0.010875547304749489,0.00011827753041870892,computed (both variants usable)
15:62739174:T:C,15:68080886:A:T,5341712,-0.032773539423942566,0.0010741049190983176,computed (both variants usable)
15:62739174:T:C,15:68467760:G:C,5728586,-0.03501991182565689,0.0012263942044228315,computed (both variants usable)
15:62739174:T:C,15:69523654:G:C,6784480,0.004270209930837154,1.8234692106489092e-05,computed (both variants usable)
15:62739174:T:C,15:69682916:A:G,6943742,0.04317723214626312,0.0018642733339220285,computed (both variants usable)
15:62739174:T:C,15:71609306:G:C,8870132,-0.038912493735551834,0.0015141821932047606,computed (both variants usable)
15:62757722:A:G,15:67645013:G:C,4887291,-0.014509477652609348,0.0002105249441228807,computed (both variants usable)
15:62757722:A:G,15:68080886:A:T,5323164,0.00515080476179719,2.6530789909884334e-05,computed (both variants usable)
15:62757722:A:G,15:68467760:G:C,5710038,0.010032311081886292,0.00010064726666314527,computed (both variants usable)
15:62757722:A:G,15:69523654:G:C,6765932,0.005430764984339476,2.949320878542494e-05,computed (both variants usable)
15:62757722:A:G,15:69682916:A:G,6925194,0.0589948371052742,0.003480390878394246,computed (both variants usable)
15:62757722:A:G,15:71609306:G:C,8851584,-0.04779094085097313,0.0022839740850031376,computed (both variants usable)
15:67645013:G:C,15:68080886:A:T,435873,0.3516120910644531,0.1236310601234436,computed (both variants usable)
15:67645013:G:C,15:68467760:G:C,822747,0.07827623188495636,0.006127168424427509,computed (both variants usable)
15:67645013:G:C,15:69523654:G:C,1878641,0.035292088985443115,0.0012455316027626395,computed (both variants usable)
15:67645013:G:C,15:69682916:A:G,2037903,-0.043046675622463226,0.0018530163215473294,computed (both variants usable)
15:67645013:G:C,15:71609306:G:C,3964293,-0.0018245326355099678,3.3289193197560962e-06,computed (both variants usable)
15:67645013:G:C,15:75077367:C:A,7432354,0.01137642189860344,0.00012942297325935215,computed (both variants usable)
15:67645013:G:C,15:75082552:C:G,7437539,0.01137642189860344,0.00012942297325935215,computed (both variants usable)
15:67645013:G:C,15:75115895:G:A,7470882,0.017323102802038193,0.0003000898868776858,computed (both variants usable)
15:68080886:A:T,15:68467760:G:C,386874,0.10153303295373917,0.010308956727385521,computed (both variants usable)
15:68080886:A:T,15:69523654:G:C,1442768,-0.04283921793103218,0.0018351986072957516,computed (both variants usable)
15:68080886:A:T,15:69682916:A:G,1602030,-0.027713308110833168,0.0007680274429731071,computed (both variants usable)
15:68080886:A:T,15:71609306:G:C,3528420,0.009209133684635162,8.480813994538039e-05,computed (both variants usable)
15:68080886:A:T,15:75077367:C:A,6996481,0.04605269432067871,0.0021208506077528,computed (both variants usable)
15:68080886:A:T,15:75082552:C:G,7001666,0.04605269432067871,0.0021208506077528,computed (both variants usable)
15:68080886:A:T,15:75115895:G:A,7035009,0.05227646976709366,0.0027328291907906532,computed (both variants usable)
15:68467760:G:C,15:69523654:G:C,1055894,-0.013636160641908646,0.00018594488210510463,computed (both variants usable)
15:68467760:G:C,15:69682916:A:G,1215156,-0.002007453702390194,4.029870524391299e-06,computed (both variants usable)
15:68467760:G:C,15:71609306:G:C,3141546,-0.014386512339115143,0.00020697173022199422,computed (both variants usable)
15:68467760:G:C,15:75077367:C:A,6609607,-0.03554602339863777,0.001263519749045372,computed (both variants usable)
15:68467760:G:C,15:75082552:C:G,6614792,-0.03554602339863777,0.001263519749045372,computed (both variants usable)
15:68467760:G:C,15:75115895:G:A,6648135,-0.00721457414329052,5.2050079830223694e-05,computed (both variants usable)
15:69523654:G:C,15:69682916:A:G,159262,0.09449534118175507,0.008929369039833546,computed (both variants usable)
15:69523654:G:C,15:71609306:G:C,2085652,-0.018403787165880203,0.0003386993776075542,computed (both variants usable)
15:69523654:G:C,15:75077367:C:A,5553713,-0.05622682347893715,0.003161455737426877,computed (both variants usable)
15:69523654:G:C,15:75082552:C:G,5558898,-0.05622682347893715,0.003161455737426877,computed (both variants usable)
15:69523654:G:C,15:75115895:G:A,5592241,-0.069070003926754,0.004770665429532528,computed (both variants usable)
15:69523654:G:C,15:79058013:C:T,9534359,-0.035186976194381714,0.0012381232809275389,computed (both variants usable)
15:69523654:G:C,15:79202362:C:T,9678708,0.009401622228324413,8.839050133246928e-05,computed (both variants usable)
15:69682916:A:G,15:71609306:G:C,1926390,0.007959160953760147,6.334824138320982e-05,computed (both variants usable)
15:69682916:A:G,15:75077367:C:A,5394451,0.04454982280731201,0.0019846868235617876,computed (both variants usable)
15:69682916:A:G,15:75082552:C:G,5399636,0.04454982280731201,0.0019846868235617876,computed (both variants usable)
15:69682916:A:G,15:75115895:G:A,5432979,-0.0047784969210624695,2.283403227920644e-05,computed (both variants usable)
15:69682916:A:G,15:79058013:C:T,9375097,-0.048369333148002625,0.0023395924363285303,computed (both variants usable)
15:69682916:A:G,15:79202362:C:T,9519446,0.005934092681854963,3.5213455703342333e-05,computed (both variants usable)
15:71609306:G:C,15:75077367:C:A,3468061,0.03431912511587143,0.0011778023326769471,computed (both variants usable)
15:71609306:G:C,15:75082552:C:G,3473246,0.03431912511587143,0.0011778023326769471,computed (both variants usable)
15:71609306:G:C,15:75115895:G:A,3506589,0.0470990426838398,0.0022183198016136885,computed (both variants usable)
15:71609306:G:C,15:79058013:C:T,7448707,0.01228472962975502,0.00015091458044480532,computed (both variants usable)
15:71609306:G:C,15:79202362:C:T,7593056,0.017754733562469482,0.00031523057259619236,computed (both variants usable)
15:71609306:G:C,15:81028965:C:G,9419659,-0.017424220219254494,0.00030360344680957496,computed (both variants usable)
15:71609306:G:C,15:81042816:A:G,9433510,-0.006918305531144142,4.7862951760180295e-05,computed (both variants usable)
15:75077367:C:A,15:75082552:C:G,5185,0.9999973177909851,0.9999946355819702,computed (both variants usable)
15:75077367:C:A,15:75115895:G:A,38528,0.8075720071792603,0.6521725654602051,computed (both variants usable)
15:75077367:C:A,15:79058013:C:T,3980646,-0.010472713969647884,0.00010967774142045528,computed (both variants usable)
15:75077367:C:A,15:79202362:C:T,4124995,-0.03487661853432655,0.001216378528624773,computed (both variants usable)
15:75077367:C:A,15:81028965:C:G,5951598,-0.009376823902130127,8.792482549324632e-05,computed (both variants usable)
15:75077367:C:A,15:81042816:A:G,5965449,-0.002377060940489173,5.650418643199373e-06,computed (both variants usable)
15:75077367:C:A,15:83899262:C:T,8821895,0.020236624404788017,0.000409520958783105,computed (both variants usable)
15:75082552:C:G,15:75115895:G:A,33343,0.8075720071792603,0.6521725654602051,computed (both variants usable)
15:75082552:C:G,15:79058013:C:T,3975461,-0.010472713969647884,0.00010967774142045528,computed (both variants usable)
15:75082552:C:G,15:79202362:C:T,4119810,-0.03487661853432655,0.001216378528624773,computed (both variants usable)
15:75082552:C:G,15:81028965:C:G,5946413,-0.009376823902130127,8.792482549324632e-05,computed (both variants usable)
15:75082552:C:G,15:81042816:A:G,5960264,-0.002377060940489173,5.650418643199373e-06,computed (both variants usable)
15:75082552:C:G,15:83899262:C:T,8816710,0.020236624404788017,0.000409520958783105,computed (both variants usable)
15:75115895:G:A,15:79058013:C:T,3942118,-0.02830342762172222,0.0008010840392671525,computed (both variants usable)
15:75115895:G:A,15:79202362:C:T,4086467,-0.023211611434817314,0.0005387788987718523,computed (both variants usable)
15:75115895:G:A,15:81028965:C:G,5913070,-0.015569896437227726,0.00024242168001364917,computed (both variants usable)
15:75115895:G:A,15:81042816:A:G,5926921,-0.010299592278897762,0.00010608159936964512,computed (both variants usable)
15:75115895:G:A,15:83899262:C:T,8783367,0.02839813381433487,0.0008064539870247245,computed (both variants usable)
15:79058013:C:T,15:79202362:C:T,144349,-0.13091932237148285,0.017139868810772896,computed (both variants usable)
15:79058013:C:T,15:81028965:C:G,1970952,0.04434334486722946,0.0019663323182612658,computed (both variants usable)
15:79058013:C:T,15:81042816:A:G,1984803,0.05212535336613655,0.0027170523535460234,computed (both variants usable)
15:79058013:C:T,15:83899262:C:T,4841249,0.056552983820438385,0.003198239952325821,computed (both variants usable)
15:79202362:C:T,15:81028965:C:G,1826603,-0.036040645092725754,0.0012989280512556434,computed (both variants usable)
15:79202362:C:T,15:81042816:A:G,1840454,-0.03543056547641754,0.0012553249252960086,computed (both variants usable)
15:79202362:C:T,15:83899262:C:T,4696900,-0.027641039341688156,0.0007640270632691681,computed (both variants usable)
15:81028965:C:G,15:81042816:A:G,13851,0.9860808253288269,0.9723553657531738,computed (both variants usable)
15:81028965:C:G,15:83899262:C:T,2870297,0.013027596287429333,0.00016971825971268117,computed (both variants usable)
15:81042816:A:G,15:83899262:C:T,2856446,0.016092320904135704,0.0002589627983979881,computed (both variants usable)
15:83899262:C:T,15:91418394:C:T,7519132,0.03580861911177635,0.0012822572607547045,computed (both variants usable)
15:83899262:C:T,15:91429176:G:T,7529914,0.045515526086091995,0.002071663038805127,computed (both variants usable)
15:83899262:C:T,15:91437388:A:T,7538126,0.05086896941065788,0.0025876520667225122,computed (both variants usable)
15:91418394:C:T,15:91429176:G:T,10782,0.9726799130439758,0.9461061954498291,computed (both variants usable)
15:91418394:C:T,15:91437388:A:T,18994,0.949878990650177,0.9022700786590576,computed (both variants usable)
15:91418394:C:T,15:96637443:T:C,5219049,0.04189756140112877,0.0017554056830704212,computed (both variants usable)
15:91429176:G:T,15:91437388:A:T,8212,0.9725485444068909,0.945850670337677,computed (both variants usable)
15:91429176:G:T,15:96637443:T:C,5208267,0.040264349430799484,0.0016212178161367774,computed (both variants usable)
15:91437388:A:T,15:96637443:T:C,5200055,0.040264345705509186,0.0016212175833061337,computed (both variants usable)
16:2080571:T:C,16:2080653:A:T,82,1.0000014305114746,1.0000028610229492,computed (both variants usable)
16:2080571:T:C,16:2210407:G:A,129836,0.06730534881353378,0.004530009813606739,computed (both variants usable)
16:2080571:T:C,16:2221157:T:C,140586,0.05874330550432205,0.003450775984674692,computed (both variants usable)
16:2080571:T:C,16:4020732:C:T,1940161,-0.011038349941372871,0.00012184517254354432,computed (both variants usable)
16:2080571:T:C,16:4918326:G:T,2837755,0.02475118823349476,0.0006126213120296597,computed (both variants usable)
16:2080571:T:C,16:6605594:A:G,4525023,0.04032589867711067,0.0016261781565845013,computed (both variants usable)
16:2080653:A:T,16:2210407:G:A,129754,0.06730534881353378,0.004530009813606739,computed (both variants usable)
16:2080653:A:T,16:2221157:T:C,140504,0.05874330550432205,0.003450775984674692,computed (both variants usable)
16:2080653:A:T,16:4020732:C:T,1940079,-0.011038349941372871,0.00012184517254354432,computed (both variants usable)
16:2080653:A:T,16:4918326:G:T,2837673,0.02475118823349476,0.0006126213120296597,computed (both variants usable)
16:2080653:A:T,16:6605594:A:G,4524941,0.04032589867711067,0.0016261781565845013,computed (both variants usable)
16:2210407:G:A,16:2221157:T:C,10750,0.9833149313926697,0.9669082760810852,computed (both variants usable)
16:2210407:G:A,16:4020732:C:T,1810325,-0.001569039304740727,2.461884378135437e-06,computed (both variants usable)
16:2210407:G:A,16:4918326:G:T,2707919,-0.002208312740549445,4.8766451072879136e-06,computed (both variants usable)
16:2210407:G:A,16:6605594:A:G,4395187,0.033170320093631744,0.001100270077586174,computed (both variants usable)
16:2221157:T:C,16:4020732:C:T,1799575,-0.0015690437285229564,2.461898247929639e-06,computed (both variants usable)
16:2221157:T:C,16:4918326:G:T,2697169,-0.002208312042057514,4.876641924056457e-06,computed (both variants usable)
16:2221157:T:C,16:6605594:A:G,4384437,0.03317030146718025,0.0011002689134329557,computed (both variants usable)
16:4020732:C:T,16:4918326:G:T,897594,0.05454722419381142,0.0029753996059298515,computed (both variants usable)
16:4020732:C:T,16:6605594:A:G,2584862,0.018400460481643677,0.0003385769377928227,computed (both variants usable)
16:4918326:G:T,16:6605594:A:G,1687268,0.0019377116113901138,3.7547263218584703e-06,computed (both variants usable)
16:69693038:T:A,16:70096679:C:A,403641,-0.07353730499744415,0.005407735239714384,computed (both variants usable)
16:81603235:T:C,16:81603771:G:A,536,0.8422178030014038,0.7093308568000793,computed (both variants usable)
16:81603235:T:C,16:81607756:A:G,4521,0.9860047101974487,0.9722052812576294,computed (both variants usable)
16:81603235:T:C,16:83043712:G:C,1440477,0.006885478738695383,4.740981603390537e-05,computed (both variants usable)
16:81603235:T:C,16:83045790:A:G,1442555,-0.06389129161834717,0.004082097206264734,computed (both variants usable)
16:81603235:T:C,16:89693761:A:C,8090526,-0.016100820153951645,0.00025923640350811183,computed (both variants usable)
16:81603235:T:C,16:89700881:G:A,8097646,-0.009407350793480873,8.849825098877773e-05,computed (both variants usable)
16:81603235:T:C,16:89711120:C:T,8107885,-0.030313640832901,0.0009189168340526521,computed (both variants usable)
16:81603771:G:A,16:81607756:A:G,3985,0.8399343490600586,0.7054896950721741,computed (both variants usable)
16:81603771:G:A,16:83043712:G:C,1439941,0.02254081703722477,0.0005080884438939393,computed (both variants usable)
16:81603771:G:A,16:83045790:A:G,1442019,-0.07846834510564804,0.006157281342893839,computed (both variants usable)
16:81603771:G:A,16:89693761:A:C,8089990,-0.014553818851709366,0.00021181364718358964,computed (both variants usable)
16:81603771:G:A,16:89700881:G:A,8097110,-0.011727314442396164,0.00013752990344073623,computed (both variants usable)
16:81603771:G:A,16:89711120:C:T,8107349,-0.03945651277899742,0.0015568163944408298,computed (both variants usable)
16:81607756:A:G,16:83043712:G:C,1435956,0.012893022038042545,0.00016623002011328936,computed (both variants usable)
16:81607756:A:G,16:83045790:A:G,1438034,-0.06503241509199142,0.00422921497374773,computed (both variants usable)
16:81607756:A:G,16:89693761:A:C,8086005,-0.018101157620549202,0.00032765191281214356,computed (both variants usable)
16:81607756:A:G,16:89700881:G:A,8093125,-0.011336755007505417,0.00012852202053181827,computed (both variants usable)
16:81607756:A:G,16:89711120:C:T,8103364,-0.03221934661269188,0.0010380862513557076,computed (both variants usable)
16:83043712:G:C,16:83045790:A:G,2078,-0.5514096617698669,0.3040526211261749,computed (both variants usable)
16:83043712:G:C,16:89693761:A:C,6650049,0.023882361128926277,0.0005703671486116946,computed (both variants usable)
16:83043712:G:C,16:89700881:G:A,6657169,0.027447551488876343,0.000753368076402694,computed (both variants usable)
16:83043712:G:C,16:89711120:C:T,6667408,0.01734444871544838,0.00030082990997470915,computed (both variants usable)
16:83045790:A:G,16:89693761:A:C,6647971,-0.040498822927474976,0.0016401546308770776,computed (both variants usable)
16:83045790:A:G,16:89700881:G:A,6655091,-0.010936755686998367,0.0001196126249851659,computed (both variants usable)
16:83045790:A:G,16:89711120:C:T,6665330,0.010873758234083652,0.00011823861859738827,computed (both variants usable)
16:89693761:A:C,16:89700881:G:A,7120,0.8415017127990723,0.708125114440918,computed (both variants usable)
16:89693761:A:C,16:89711120:C:T,17359,0.780308187007904,0.608880877494812,computed (both variants usable)
16:89700881:G:A,16:89711120:C:T,10239,0.9184495806694031,0.8435496091842651,computed (both variants usable)
17:3981148:G:C,17:3985864:G:A,4716,0.9977265000343323,0.99545818567276,computed (both variants usable)
17:3981148:G:C,17:6473828:T:C,2492680,-0.04330459609627724,0.0018752880860120058,computed (both variants usable)
17:3981148:G:C,17:7134129:A:G,3152981,-0.00593876838684082,3.526897125993855e-05,computed (both variants usable)
17:3981148:G:C,17:7171356:C:T,3190208,0.009484805166721344,8.996152610052377e-05,computed (both variants usable)
17:3981148:G:C,17:7185092:G:A,3203944,0.011929349042475224,0.0001423093635821715,computed (both variants usable)
17:3981148:G:C,17:7455536:C:T,3474388,-0.006732568610459566,4.532748062047176e-05,computed (both variants usable)
17:3981148:G:C,17:7474539:C:T,3493391,-0.004359246231615543,1.900302777357865e-05,computed (both variants usable)
17:3981148:G:C,17:7560742:C:T,3579594,-0.00675948616117239,4.569065276882611e-05,computed (both variants usable)
17:3981148:G:C,17:7781019:T:C,3799871,-0.05316994711756706,0.002827043179422617,computed (both variants usable)
17:3981148:G:C,17:7790048:C:A,3808900,-0.05237405002117157,0.002743041142821312,computed (both variants usable)
17:3981148:G:C,17:7898537:T:G,3917389,-0.025393716990947723,0.0006448408821597695,computed (both variants usable)
17:3981148:G:C,17:12623060:T:A,8641912,0.03400439769029617,0.0011562990257516503,computed (both variants usable)
17:3985864:G:A,17:6473828:T:C,2487964,-0.04156295210123062,0.0017274790443480015,computed (both variants usable)
17:3985864:G:A,17:7134129:A:G,3148265,-0.003418229054659605,1.1684290257107932e-05,computed (both variants usable)
17:3985864:G:A,17:7171356:C:T,3185492,0.011840158142149448,0.00014018933870829642,computed (both variants usable)
17:3985864:G:A,17:7185092:G:A,3199228,0.014383220113813877,0.000206877026357688,computed (both variants usable)
17:3985864:G:A,17:7455536:C:T,3469672,-0.008259264752268791,6.821545684942976e-05,computed (both variants usable)
17:3985864:G:A,17:7474539:C:T,3488675,-0.002686374355107546,7.216607173177181e-06,computed (both variants usable)
17:3985864:G:A,17:7560742:C:T,3574878,-0.005243775434792042,2.7497180781210773e-05,computed (both variants usable)
17:3985864:G:A,17:7781019:T:C,3795155,-0.05252978578209877,0.0027593784034252167,computed (both variants usable)
17:3985864:G:A,17:7790048:C:A,3804184,-0.05183893442153931,0.0026872751768678427,computed (both variants usable)
17:3985864:G:A,17:7898537:T:G,3912673,-0.02490232139825821,0.0006201256182976067,computed (both variants usable)
17:3985864:G:A,17:12623060:T:A,8637196,0.03677630051970482,0.0013524963287636638,computed (both variants usable)
17:6473828:T:C,17:7134129:A:G,660301,-0.013923187740147114,0.00019385515770409256,computed (both variants usable)
17:6473828:T:C,17:7171356:C:T,697528,0.00561870913952589,3.1569892598781735e-05,computed (both variants usable)
17:6473828:T:C,17:7185092:G:A,711264,-0.00745414337143302,5.556425458053127e-05,computed (both variants usable)
17:6473828:T:C,17:7455536:C:T,981708,0.06656647473573685,0.004431095439940691,computed (both variants usable)
17:6473828:T:C,17:7474539:C:T,1000711,-0.02517966367304325,0.0006340154795907438,computed (both variants usable)
17:6473828:T:C,17:7560742:C:T,1086914,-0.02811961993575096,0.0007907130056992173,computed (both variants usable)
17:6473828:T:C,17:7781019:T:C,1307191,-0.01104219164699316,0.00012192999565741047,computed (both variants usable)
17:6473828:T:C,17:7790048:C:A,1316220,-0.04258772358298302,0.0018137141596525908,computed (both variants usable)
17:6473828:T:C,17:7898537:T:G,1424709,-0.04959298297762871,0.002459463896229863,computed (both variants usable)
17:6473828:T:C,17:12623060:T:A,6149232,-0.04930391162633896,0.002430875785648823,computed (both variants usable)
17:6473828:T:C,17:16238376:G:A,9764548,0.02814287319779396,0.0007920213392935693,computed (both variants usable)
17:7134129:A:G,17:7171356:C:T,37227,0.7108109593391418,0.5052522420883179,computed (both variants usable)
17:7134129:A:G,17:7185092:G:A,50963,0.7358064651489258,0.5414111614227295,computed (both variants usable)
17:7134129:A:G,17:7455536:C:T,321407,0.011631383560597897,0.00013528908311855048,computed (both variants usable)
17:7134129:A:G,17:7474539:C:T,340410,0.020625993609428406,0.00042543161544017494,computed (both variants usable)
17:7134129:A:G,17:7560742:C:T,426613,0.018218567594885826,0.0003319162060506642,computed (both variants usable)
17:7134129:A:G,17:7781019:T:C,646890,0.048912469297647476,0.0023924296256154776,computed (both variants usable)
17:7134129:A:G,17:7790048:C:A,655919,0.05322939530014992,0.0028333684895187616,computed (both variants usable)
17:7134129:A:G,17:7898537:T:G,764408,0.06967543810606003,0.004854666534811258,computed (both variants usable)
17:7134129:A:G,17:12623060:T:A,5488931,-0.016915954649448395,0.0002861495304387063,computed (both variants usable)
17:7134129:A:G,17:16238376:G:A,9104247,0.042389754205942154,0.001796891214326024,computed (both variants usable)
17:7171356:C:T,17:7185092:G:A,13736,0.9201497435569763,0.8466755747795105,computed (both variants usable)
17:7171356:C:T,17:7455536:C:T,284180,-0.0018554189009591937,3.44257932738401e-06,computed (both variants usable)
17:7171356:C:T,17:7474539:C:T,303183,0.08526879549026489,0.007270767353475094,computed (both variants usable)
17:7171356:C:T,17:7560742:C:T,389386,0.03141671419143677,0.0009870099602267146,computed (both variants usable)
17:7171356:C:T,17:7781019:T:C,609663,0.05093665048480034,0.002594542456790805,computed (both variants usable)
17:7171356:C:T,17:7790048:C:A,618692,0.05642278492450714,0.003183530643582344,computed (both variants usable)
17:7171356:C:T,17:7898537:T:G,727181,0.10386919975280762,0.010788810439407825,computed (both variants usable)
17:7171356:C:T,17:12623060:T:A,5451704,-0.002427227795124054,5.891434739169199e-06,computed (both variants usable)
17:7171356:C:T,17:16238376:G:A,9067020,0.01315400656312704,0.00017302788910456002,computed (both variants usable)
17:7185092:G:A,17:7455536:C:T,270444,-0.01985716074705124,0.0003943068441003561,computed (both variants usable)
17:7185092:G:A,17:7474539:C:T,289447,0.09948955476284027,0.00989817176014185,computed (both variants usable)
17:7185092:G:A,17:7560742:C:T,375650,0.028343187645077705,0.0008033362682908773,computed (both variants usable)
17:7185092:G:A,17:7781019:T:C,595927,0.045186836272478104,0.0020418502390384674,computed (both variants usable)
17:7185092:G:A,17:7790048:C:A,604956,0.05373811349272728,0.0028877847362309694,computed (both variants usable)
17:7185092:G:A,17:7898537:T:G,713445,0.09470843523740768,0.008969687856733799,computed (both variants usable)
17:7185092:G:A,17:12623060:T:A,5437968,-0.025169337168335915,0.0006334955105558038,computed (both variants usable)
17:7185092:G:A,17:16238376:G:A,9053284,0.005666442681103945,3.210857175872661e-05,computed (both variants usable)
17:7455536:C:T,17:7474539:C:T,19003,-0.6523491144180298,0.4255593717098236,computed (both variants usable)
17:7455536:C:T,17:7560742:C:T,105206,-0.45355018973350525,0.20570777356624603,computed (both variants usable)
17:7455536:C:T,17:7781019:T:C,325483,-0.1388525515794754,0.019280031323432922,computed (both variants usable)
17:7455536:C:T,17:7790048:C:A,334512,-0.12205345928668976,0.014897046610713005,computed (both variants usable)
17:7455536:C:T,17:7898537:T:G,443001,-0.13321715593338013,0.017746809870004654,computed (both variants usable)
17:7455536:C:T,17:12623060:T:A,5167524,-0.0293037798255682,0.0008587114862166345,computed (both variants usable)
17:7455536:C:T,17:16238376:G:A,8782840,-0.07997851073741913,0.006396562326699495,computed (both variants usable)
17:7474539:C:T,17:7560742:C:T,86203,0.5572289228439331,0.31050407886505127,computed (both variants usable)
17:7474539:C:T,17:7781019:T:C,306480,0.1407187283039093,0.019801760092377663,computed (both variants usable)
17:7474539:C:T,17:7790048:C:A,315509,0.1099911630153656,0.012098056264221668,computed (both variants usable)
17:7474539:C:T,17:7898537:T:G,423998,0.11650996655225754,0.013574572280049324,computed (both variants usable)
17:7474539:C:T,17:12623060:T:A,5148521,0.019686566665768623,0.00038756089634262025,computed (both variants usable)
17:7474539:C:T,17:16238376:G:A,8763837,0.04416266083717346,0.0019503405783325434,computed (both variants usable)
17:7560742:C:T,17:7781019:T:C,220277,0.11719144135713577,0.013733834028244019,computed (both variants usable)
17:7560742:C:T,17:7790048:C:A,229306,0.10542494803667068,0.011114419437944889,computed (both variants usable)
17:7560742:C:T,17:7898537:T:G,337795,0.17943571507930756,0.03219717741012573,computed (both variants usable)
17:7560742:C:T,17:12623060:T:A,5062318,0.07703322917222977,0.005934118293225765,computed (both variants usable)
17:7560742:C:T,17:16238376:G:A,8677634,0.05475899204611778,0.002998547162860632,computed (both variants usable)
17:7781019:T:C,17:7790048:C:A,9029,0.8317417502403259,0.6917943358421326,computed (both variants usable)
17:7781019:T:C,17:7898537:T:G,117518,0.6589328646659851,0.4341925084590912,computed (both variants usable)
17:7781019:T:C,17:12623060:T:A,4842041,0.05162090063095093,0.0026647173799574375,computed (both variants usable)
17:7781019:T:C,17:16238376:G:A,8457357,0.010661042295396328,0.00011365782120265067,computed (both variants usable)
17:7790048:C:A,17:7898537:T:G,108489,0.7997118234634399,0.6395390033721924,computed (both variants usable)
17:7790048:C:A,17:12623060:T:A,4833012,0.015643421560525894,0.0002447166480123997,computed (both variants usable)
17:7790048:C:A,17:16238376:G:A,8448328,0.007170455530285835,5.141543078934774e-05,computed (both variants usable)
17:7898537:T:G,17:12623060:T:A,4724523,0.015041027218103409,0.0002262324996991083,computed (both variants usable)
17:7898537:T:G,17:16238376:G:A,8339839,0.033478595316410065,0.0011208163341507316,computed (both variants usable)
17:12623060:T:A,17:16238376:G:A,3615316,0.007165791932493448,5.1348575652809814e-05,computed (both variants usable)
17:12623060:T:A,17:18185510:G:A,5562450,-0.024732107296586037,0.0006116771255619824,computed (both variants usable)
17:12623060:T:A,17:18221799:T:C,5598739,-0.02732277475297451,0.0007465340313501656,computed (both variants usable)
17:12623060:T:A,17:18244770:C:T,5621710,-0.022140013054013252,0.00049018015852198,computed (both variants usable)
17:16238376:G:A,17:18185510:G:A,1947134,-0.030286379158496857,0.0009172647842206061,computed (both variants usable)
17:16238376:G:A,17:18221799:T:C,1983423,-0.028235306963324547,0.0007972325547598302,computed (both variants usable)
17:16238376:G:A,17:18244770:C:T,2006394,-0.028302926570177078,0.0008010556339286268,computed (both variants usable)
17:18185510:G:A,17:18221799:T:C,36289,0.9979549050331116,0.9959139823913574,computed (both variants usable)
17:18185510:G:A,17:18244770:C:T,59260,0.9979566335678101,0.9959174394607544,computed (both variants usable)
17:18221799:T:C,17:18244770:C:T,22971,0.9959166049957275,0.9918498992919922,computed (both variants usable)
17:29168078:A:C,17:29247715:G:A,79637,0.753312885761261,0.5674803256988525,computed (both variants usable)
17:41318171:G:C,17:47379486:T:C,6061315,0.026475852355360985,0.0007009707624092698,computed (both variants usable)
17:41318171:G:C,17:47448346:G:A,6130175,0.03321782127022743,0.0011034236522391438,computed (both variants usable)
17:41318171:G:C,17:47453444:A:G,6135273,0.03115900047123432,0.0009708832949399948,computed (both variants usable)
17:47379486:T:C,17:47448346:G:A,68860,0.976410448551178,0.953377366065979,computed (both variants usable)
17:47379486:T:C,17:47453444:A:G,73958,0.949246883392334,0.9010696411132812,computed (both variants usable)
17:47448346:G:A,17:47453444:A:G,5098,0.9725898504257202,0.9459310173988342,computed (both variants usable)
17:59240473:C:T,17:59241469:T:C,996,0.8651730418205261,0.7485243678092957,computed (both variants usable)
17:59240473:C:T,17:59475642:C:T,235169,-0.002807649550959468,7.882896170485765e-06,computed (both variants usable)
17:59240473:C:T,17:59485393:C:T,244920,-0.009459218010306358,8.947680180426687e-05,computed (both variants usable)
17:59240473:C:T,17:60769803:A:G,1529330,0.046787362545728683,0.002189057180657983,computed (both variants usable)
17:59240473:C:T,17:62638924:A:T,3398451,0.018229950219392776,0.0003323310811538249,computed (both variants usable)
17:59240473:C:T,17:66054771:G:A,6814298,0.002001118380576372,4.004474703833694e-06,computed (both variants usable)
17:59241469:T:C,17:59475642:C:T,234173,-0.0029030682053416967,8.427805369137786e-06,computed (both variants usable)
17:59241469:T:C,17:59485393:C:T,243924,-0.00932292826473713,8.691698894836009e-05,computed (both variants usable)
17:59241469:T:C,17:60769803:A:G,1528334,0.03520580381155014,0.0012394486693665385,computed (both variants usable)
17:59241469:T:C,17:62638924:A:T,3397455,0.027138197794556618,0.0007364818011410534,computed (both variants usable)
17:59241469:T:C,17:66054771:G:A,6813302,-0.013713862746953964,0.0001880700292531401,computed (both variants usable)
17:59475642:C:T,17:59485393:C:T,9751,0.9924531579017639,0.9849632978439331,computed (both variants usable)
17:59475642:C:T,17:60769803:A:G,1294161,0.0051231239922344685,2.6246400011586957e-05,computed (both variants usable)
17:59475642:C:T,17:62638924:A:T,3163282,0.05047504976391792,0.002547730691730976,computed (both variants usable)
17:59475642:C:T,17:66054771:G:A,6579129,-0.014797086827456951,0.0002189537772210315,computed (both variants usable)
17:59485393:C:T,17:60769803:A:G,1284410,0.0024275078903883696,5.8927944337483495e-06,computed (both variants usable)
17:59485393:C:T,17:62638924:A:T,3153531,0.059252865612506866,0.0035109021700918674,computed (both variants usable)
17:59485393:C:T,17:66054771:G:A,6569378,-0.008328521624207497,6.93642723490484e-05,computed (both variants usable)
17:60769803:A:G,17:62638924:A:T,1869121,0.03325006738305092,0.0011055669747292995,computed (both variants usable)
17:60769803:A:G,17:66054771:G:A,5284968,0.009547224268317223,9.114949352806434e-05,computed (both variants usable)
17:62638924:A:T,17:66054771:G:A,3415847,0.02061905525624752,0.0004251454374752939,computed (both variants usable)
17:66054771:G:A,17:75316880:A:G,9262109,-0.04801100119948387,0.0023050562012940645,computed (both variants usable)
18:10873221:A:G,18:20017609:C:A,9144388,0.01112891361117363,0.00012385271838866174,computed (both variants usable)
18:10873221:A:G,18:20177738:G:C,9304517,0.01602981984615326,0.0002569551288615912,computed (both variants usable)
18:20017609:C:A,18:20177738:G:C,160129,0.08259004354476929,0.006821115501224995,computed (both variants usable)
18:31161426:T:G,18:31168982:T:C,7556,0.9999964833259583,0.9999929666519165,computed (both variants usable)
18:42202927:G:A,18:42395357:C:T,192430,-0.09806135296821594,0.009616028517484665,computed (both variants usable)
18:42202927:G:A,18:43083792:G:C,880865,-0.03998113423585892,0.0015984911005944014,computed (both variants usable)
18:42202927:G:A,18:43097750:C:A,894823,0.021500492468476295,0.00046227118582464755,computed (both variants usable)
18:42202927:G:A,18:48788464:T:C,6585537,0.015161295421421528,0.0002298648760188371,computed (both variants usable)
18:42202927:G:A,18:48790842:A:C,6587915,-0.0070524741895496845,4.973739123670384e-05,computed (both variants usable)
18:42202927:G:A,18:51851616:C:A,9648689,0.0012921984307467937,1.669776793278288e-06,computed (both variants usable)
18:42395357:C:T,18:43083792:G:C,688435,-0.053865112364292145,0.002901450265198946,computed (both variants usable)
18:42395357:C:T,18:43097750:C:A,702393,0.001515834592282772,2.2977544631430646e-06,computed (both variants usable)
18:42395357:C:T,18:48788464:T:C,6393107,0.02080964855849743,0.00043304148130118847,computed (both variants usable)
18:42395357:C:T,18:48790842:A:C,6395485,-0.011327150277793407,0.00012830433843191713,computed (both variants usable)
18:42395357:C:T,18:51851616:C:A,9456259,-0.04919535294175148,0.002420182805508375,computed (both variants usable)
18:43083792:G:C,18:43097750:C:A,13958,-0.6690323352813721,0.4476042687892914,computed (both variants usable)
18:43083792:G:C,18:48788464:T:C,5704672,0.0023112862836569548,5.342044460121542e-06,computed (both variants usable)
18:43083792:G:C,18:48790842:A:C,5707050,0.015555382706224918,0.00024196993035729975,computed (both variants usable)
18:43083792:G:C,18:51851616:C:A,8767824,-0.0066378554329276085,4.4061125663574785e-05,computed (both variants usable)
18:43097750:C:A,18:48788464:T:C,5690714,0.029678385704755783,0.0008808065904304385,computed (both variants usable)
18:43097750:C:A,18:48790842:A:C,5693092,-0.026948118582367897,0.0007262011058628559,computed (both variants usable)
18:43097750:C:A,18:51851616:C:A,8753866,-0.02175908535718918,0.0004734577960334718,computed (both variants usable)
18:48788464:T:C,18:48790842:A:C,2378,-0.8207547068595886,0.6736382842063904,computed (both variants usable)
18:48788464:T:C,18:51851616:C:A,3063152,0.07154308259487152,0.005118412896990776,computed (both variants usable)
18:48790842:A:C,18:51851616:C:A,3060774,-0.06253761798143387,0.0039109536446630955,computed (both variants usable)
19:1219702:G:A,19:1224999:A:G,5297,0.8938032388687134,0.7988842129707336,computed (both variants usable)
19:1219702:G:A,19:7249785:C:T,6030083,0.011928416788578033,0.00014228712825570256,computed (both variants usable)
19:1219702:G:A,19:7257990:C:G,6038288,0.009767499752342701,9.540405153529719e-05,computed (both variants usable)
19:1224999:A:G,19:7249785:C:T,6024786,-0.002082938328385353,4.338632152212085e-06,computed (both variants usable)
19:1224999:A:G,19:7257990:C:G,6032991,0.03665595501661301,0.0013436590088531375,computed (both variants usable)
19:7249785:C:T,19:7257990:C:G,8205,-0.09322309494018555,0.008690545335412025,computed (both variants usable)
19:7249785:C:T,19:11271714:G:A,4021929,-0.04174691438674927,0.0017428048886358738,computed (both variants usable)
19:7249785:C:T,19:11501240:A:G,4251455,-0.029014751315116882,0.0008418557699769735,computed (both variants usable)
19:7249785:C:T,19:11526759:G:A,4276974,-0.0057267090305686,3.279519660281949e-05,computed (both variants usable)
19:7249785:C:T,19:15304598:C:A,8054813,0.0218618456274271,0.0004779402806889266,computed (both variants usable)
19:7257990:C:G,19:11271714:G:A,4013724,-0.0540999211370945,0.0029268015641719103,computed (both variants usable)
19:7257990:C:G,19:11501240:A:G,4243250,-0.005971433594822884,3.565802035154775e-05,computed (both variants usable)
19:7257990:C:G,19:11526759:G:A,4268769,0.046234775334596634,0.002137654460966587,computed (both variants usable)
19:7257990:C:G,19:15304598:C:A,8046608,0.0009318106458522379,8.682710586072062e-07,computed (both variants usable)
19:11271714:G:A,19:11501240:A:G,229526,0.07356719672679901,0.005412132479250431,computed (both variants usable)
19:11271714:G:A,19:11526759:G:A,255045,0.007088484708219767,5.02466136822477e-05,computed (both variants usable)
19:11271714:G:A,19:15304598:C:A,4032884,-0.06751669943332672,0.004558504559099674,computed (both variants usable)
19:11271714:G:A,19:17417252:C:A,6145538,-0.01578807644546032,0.00024926336482167244,computed (both variants usable)
19:11271714:G:A,19:18620411:A:G,7348697,0.08074646443128586,0.006519991438835859,computed (both variants usable)
19:11271714:G:A,19:18916914:C:A,7645200,0.030349083244800568,0.0009210668504238129,computed (both variants usable)
19:11271714:G:A,19:19329924:C:T,8058210,0.06140156835317612,0.003770152572542429,computed (both variants usable)
19:11271714:G:A,19:19379549:C:T,8107835,0.052704084664583206,0.002777720568701625,computed (both variants usable)
19:11501240:A:G,19:11526759:G:A,25519,0.10406488925218582,0.01082950085401535,computed (both variants usable)
19:11501240:A:G,19:15304598:C:A,3803358,0.00039456915692426264,1.556848161499147e-07,computed (both variants usable)
19:11501240:A:G,19:17417252:C:A,5916012,0.012112145312130451,0.00014670407108496875,computed (both variants usable)
19:11501240:A:G,19:18620411:A:G,7119171,-0.009939377196133137,9.879122080747038e-05,computed (both variants usable)
19:11501240:A:G,19:18916914:C:A,7415674,-0.017893677577376366,0.00032018369529396296,computed (both variants usable)
19:11501240:A:G,19:19329924:C:T,7828684,-3.2943469705060124e-05,1.0852722054366382e-09,computed (both variants usable)
19:11501240:A:G,19:19379549:C:T,7878309,0.01653878204524517,0.00027353130280971527,computed (both variants usable)
19:11526759:G:A,19:15304598:C:A,3777839,-0.021609803661704063,0.00046698361984454095,computed (both variants usable)
19:11526759:G:A,19:17417252:C:A,5890493,-0.027018873021006584,0.0007300195284187794,computed (both variants usable)
19:11526759:G:A,19:18620411:A:G,7093652,0.008596330881118774,7.389690290438011e-05,computed (both variants usable)
19:11526759:G:A,19:18916914:C:A,7390155,0.015586706809699535,0.00024294543254654855,computed (both variants usable)
19:11526759:G:A,19:19329924:C:T,7803165,0.00893926341086626,7.991043094079942e-05,computed (both variants usable)
19:11526759:G:A,19:19379549:C:T,7852790,-0.015321913175284863,0.00023476102796848863,computed (both variants usable)
19:15304598:C:A,19:17417252:C:A,2112654,0.021476518362760544,0.00046124085201881826,computed (both variants usable)
19:15304598:C:A,19:18620411:A:G,3315813,-0.011998090893030167,0.00014395418111234903,computed (both variants usable)
19:15304598:C:A,19:18916914:C:A,3612316,-0.015500100329518318,0.00024025310995057225,computed (both variants usable)
19:15304598:C:A,19:19329924:C:T,4025326,0.012663345783948898,0.00016036033048294485,computed (both variants usable)
19:15304598:C:A,19:19379549:C:T,4074951,0.001547089428640902,2.3934856017149286e-06,computed (both variants usable)
19:15304598:C:A,19:21921709:T:C,6617111,0.015064050443470478,0.00022692562197335064,computed (both variants usable)
19:17417252:C:A,19:18620411:A:G,1203159,-0.024337410926818848,0.0005923095741309226,computed (both variants usable)
19:17417252:C:A,19:18916914:C:A,1499662,-0.00848115049302578,7.192991324700415e-05,computed (both variants usable)
19:17417252:C:A,19:19329924:C:T,1912672,-0.005524059757590294,3.0515237085637636e-05,computed (both variants usable)
19:17417252:C:A,19:19379549:C:T,1962297,-0.005524050910025835,3.0515138860209845e-05,computed (both variants usable)
19:17417252:C:A,19:21921709:T:C,4504457,0.0288923978805542,0.0008347706752829254,computed (both variants usable)
19:18620411:A:G,19:18916914:C:A,296503,0.0239222664386034,0.0005722748464904726,computed (both variants usable)
19:18620411:A:G,19:19329924:C:T,709513,-0.02952450141310692,0.0008716961601749063,computed (both variants usable)
19:18620411:A:G,19:19379549:C:T,759138,-0.014261458069086075,0.00020338917966000736,computed (both variants usable)
19:18620411:A:G,19:21921709:T:C,3301298,-0.001329320715740323,1.7670935221758555e-06,computed (both variants usable)
19:18916914:C:A,19:19329924:C:T,413010,-0.05726359784603119,0.0032791197299957275,computed (both variants usable)
19:18916914:C:A,19:19379549:C:T,462635,-0.03865663334727287,0.0014943353598937392,computed (both variants usable)
19:18916914:C:A,19:21921709:T:C,3004795,-0.041063617914915085,0.0016862207558006048,computed (both variants usable)
19:19329924:C:T,19:19379549:C:T,49625,0.8738223314285278,0.7635654807090759,computed (both variants usable)
19:19329924:C:T,19:21921709:T:C,2591785,0.02421191707253456,0.000586216920055449,computed (both variants usable)
19:19379549:C:T,19:21921709:T:C,2542160,0.014999628998339176,0.00022498886391986161,computed (both variants usable)
19:21921709:T:C,19:30302546:C:T,8380837,0.07621363550424576,0.0058085182681679726,computed (both variants usable)
19:21921709:T:C,19:31863085:G:A,9941376,-0.005581107456237078,3.11487601720728e-05,computed (both variants usable)
19:21921709:T:C,19:31867132:A:T,9945423,-0.005581107456237078,3.11487601720728e-05,computed (both variants usable)
19:30302546:C:T,19:31863085:G:A,1560539,0.026932520791888237,0.0007253607036545873,computed (both variants usable)
19:30302546:C:T,19:31867132:A:T,1564586,0.026932520791888237,0.0007253607036545873,computed (both variants usable)
19:30302546:C:T,19:32590773:C:T,2288227,0.02949359081685543,0.0008698718738742173,computed (both variants usable)
19:30302546:C:T,19:32590871:A:T,2288325,0.02949359081685543,0.0008698718738742173,computed (both variants usable)
19:30302546:C:T,19:32607260:T:A,2304714,0.03246752545237541,0.0010541401570662856,computed (both variants usable)
19:31863085:G:A,19:31867132:A:T,4047,0.9999998211860657,0.9999996423721313,computed (both variants usable)
19:31863085:G:A,19:32590773:C:T,727688,0.03239475563168526,0.0010494202142581344,computed (both variants usable)
19:31863085:G:A,19:32590871:A:T,727786,0.03239475563168526,0.0010494202142581344,computed (both variants usable)
19:31863085:G:A,19:32607260:T:A,744175,0.03885840252041817,0.0015099754091352224,computed (both variants usable)
19:31863085:G:A,19:40828730:G:A,8965645,0.05721503123641014,0.003273559734225273,computed (both variants usable)
19:31863085:G:A,19:41042755:A:G,9179670,-0.03795015811920166,0.0014402144588530064,computed (both variants usable)
19:31863085:G:A,19:41100406:C:G,9237321,-0.0239560604095459,0.0005738928448408842,computed (both variants usable)
19:31863085:G:A,19:41754217:G:T,9891132,0.006952187046408653,4.83329058624804e-05,computed (both variants usable)
19:31867132:A:T,19:32590773:C:T,723641,0.03239475563168526,0.0010494202142581344,computed (both variants usable)
19:31867132:A:T,19:32590871:A:T,723739,0.03239475563168526,0.0010494202142581344,computed (both variants usable)
19:31867132:A:T,19:32607260:T:A,740128,0.03885840252041817,0.0015099754091352224,computed (both variants usable)
19:31867132:A:T,19:40828730:G:A,8961598,0.05721503123641014,0.003273559734225273,computed (both variants usable)
19:31867132:A:T,19:41042755:A:G,9175623,-0.03795015811920166,0.0014402144588530064,computed (both variants usable)
19:31867132:A:T,19:41100406:C:G,9233274,-0.0239560604095459,0.0005738928448408842,computed (both variants usable)
19:31867132:A:T,19:41754217:G:T,9887085,0.006952187046408653,4.83329058624804e-05,computed (both variants usable)
19:32590773:C:T,19:32590871:A:T,98,1.0000014305114746,1.0000028610229492,computed (both variants usable)
19:32590773:C:T,19:32607260:T:A,16487,0.9412181973457336,0.8858916759490967,computed (both variants usable)
19:32590773:C:T,19:40828730:G:A,8237957,-0.0034326231107115746,1.178290131065296e-05,computed (both variants usable)
19:32590773:C:T,19:41042755:A:G,8451982,0.04179069772362709,0.0017464624252170324,computed (both variants usable)
19:32590773:C:T,19:41100406:C:G,8509633,0.017010653391480446,0.00028936233138665557,computed (both variants usable)
19:32590773:C:T,19:41754217:G:T,9163444,-0.03567405045032501,0.0012726378627121449,computed (both variants usable)
19:32590773:C:T,19:41881222:T:C,9290449,-0.01711254194378853,0.00029283910407684743,computed (both variants usable)
19:32590871:A:T,19:32607260:T:A,16389,0.9412181973457336,0.8858916759490967,computed (both variants usable)
19:32590871:A:T,19:40828730:G:A,8237859,-0.0034326231107115746,1.178290131065296e-05,computed (both variants usable)
19:32590871:A:T,19:41042755:A:G,8451884,0.04179069772362709,0.0017464624252170324,computed (both variants usable)
19:32590871:A:T,19:41100406:C:G,8509535,0.017010653391480446,0.00028936233138665557,computed (both variants usable)
19:32590871:A:T,19:41754217:G:T,9163346,-0.03567405045032501,0.0012726378627121449,computed (both variants usable)
19:32590871:A:T,19:41881222:T:C,9290351,-0.01711254194378853,0.00029283910407684743,computed (both variants usable)
19:32607260:T:A,19:40828730:G:A,8221470,0.0018909272039309144,3.5756056604441255e-06,computed (both variants usable)
19:32607260:T:A,19:41042755:A:G,8435495,0.04146526753902435,0.001719368388876319,computed (both variants usable)
19:32607260:T:A,19:41100406:C:G,8493146,-0.002280572662129998,5.2010118452017196e-06,computed (both variants usable)
19:32607260:T:A,19:41754217:G:T,9146957,-0.04603813588619232,0.002119509968906641,computed (both variants usable)
19:32607260:T:A,19:41881222:T:C,9273962,-0.020310871303081512,0.00041253148810938,computed (both variants usable)
19:40828730:G:A,19:41042755:A:G,214025,-0.060740724205970764,0.0036894355434924364,computed (both variants usable)
19:40828730:G:A,19:41100406:C:G,271676,-0.04428991675376892,0.0019615967757999897,computed (both variants usable)
19:40828730:G:A,19:41754217:G:T,925487,-0.015333712100982666,0.00023512273037340492,computed (both variants usable)
19:40828730:G:A,19:41881222:T:C,1052492,0.041814032942056656,0.0017484133131802082,computed (both variants usable)
19:41042755:A:G,19:41100406:C:G,57651,-0.04729268327355385,0.002236597938463092,computed (both variants usable)
19:41042755:A:G,19:41754217:G:T,711462,-0.008490174077451229,7.208305760286748e-05,computed (both variants usable)
19:41042755:A:G,19:41881222:T:C,838467,-0.03628094121813774,0.00131630664691329,computed (both variants usable)
19:41100406:C:G,19:41754217:G:T,653811,0.0016967840492725372,2.879076191675267e-06,computed (both variants usable)
19:41100406:C:G,19:41881222:T:C,780816,0.051932334899902344,0.002696967450901866,computed (both variants usable)
19:41754217:G:T,19:41881222:T:C,127005,0.04488174617290497,0.0020143711008131504,computed (both variants usable)
2:3639909:C:G,2:9299947:G:A,5660038,-0.04293835535645485,0.0018437023973092437,computed (both variants usable)
2:19342467:T:C,2:19344757:T:C,2290,0.9826210737228394,0.9655441641807556,computed (both variants usable)
2:19342467:T:C,2:19711073:C:A,368606,0.04359801486134529,0.0019007868831977248,computed (both variants usable)
2:19342467:T:C,2:19735548:C:A,393081,-0.05491313710808754,0.003015452530235052,computed (both variants usable)
2:19342467:T:C,2:26914364:C:T,7571897,-0.016365274786949158,0.000267822208115831,computed (both variants usable)
2:19342467:T:C,2:26923568:T:C,7581101,-0.013155082240700722,0.0001730561925796792,computed (both variants usable)
2:19342467:T:C,2:26929282:T:G,7586815,-0.007205439731478691,5.191836316953413e-05,computed (both variants usable)
2:19342467:T:C,2:29097013:A:G,9754546,-0.010519998148083687,0.00011067036393797025,computed (both variants usable)
2:19344757:T:C,2:19711073:C:A,366316,0.05586450546979904,0.003120842855423689,computed (both variants usable)
2:19344757:T:C,2:19735548:C:A,390791,-0.06410185992717743,0.004109048284590244,computed (both variants usable)
2:19344757:T:C,2:26914364:C:T,7569607,-0.02705654501914978,0.000732056621927768,computed (both variants usable)
2:19344757:T:C,2:26923568:T:C,7578811,-0.023876937106251717,0.0005701081245206296,computed (both variants usable)
2:19344757:T:C,2:26929282:T:G,7584525,-0.01792183704674244,0.00032119223033078015,computed (both variants usable)
2:19344757:T:C,2:29097013:A:G,9752256,-0.010372449643909931,0.00010758770804386586,computed (both variants usable)
2:19711073:C:A,2:19735548:C:A,24475,-0.5857165455818176,0.3430638611316681,computed (both variants usable)
2:19711073:C:A,2:26914364:C:T,7203291,-0.06339053064584732,0.0040183593519032,computed (both variants usable)
2:19711073:C:A,2:26923568:T:C,7212495,-0.06331466138362885,0.004008746240288019,computed (both variants usable)
2:19711073:C:A,2:26929282:T:G,7218209,-0.06906215101480484,0.004769580904394388,computed (both variants usable)
2:19711073:C:A,2:29097013:A:G,9385940,-0.0037498476449400187,1.406135743309278e-05,computed (both variants usable)
2:19735548:C:A,2:26914364:C:T,7178816,0.043076369911432266,0.0018555736169219017,computed (both variants usable)
2:19735548:C:A,2:26923568:T:C,7188020,0.041981976479291916,0.001762486295774579,computed (both variants usable)
2:19735548:C:A,2:26929282:T:G,7193734,0.04843428358435631,0.0023458797950297594,computed (both variants usable)
2:19735548:C:A,2:29097013:A:G,9361465,0.05069645121693611,0.0025701301638036966,computed (both variants usable)
2:26914364:C:T,2:26923568:T:C,9204,0.9938532710075378,0.9877443313598633,computed (both variants usable)
2:26914364:C:T,2:26929282:T:G,14918,0.9753695726394653,0.9513458013534546,computed (both variants usable)
2:26914364:C:T,2:29097013:A:G,2182649,-0.0275680273771286,0.0007599961245432496,computed (both variants usable)
2:26914364:C:T,2:36585272:G:A,9670908,-0.015573348850011826,0.00024252918956335634,computed (both variants usable)
2:26923568:T:C,2:26929282:T:G,5714,0.9814843535423279,0.9633115530014038,computed (both variants usable)
2:26923568:T:C,2:29097013:A:G,2173445,-0.029392868280410767,0.0008639406878501177,computed (both variants usable)
2:26923568:T:C,2:36585272:G:A,9661704,-0.019589636474847794,0.0003837538533844054,computed (both variants usable)
2:26929282:T:G,2:29097013:A:G,2167731,-0.031352002173662186,0.0009829479968175292,computed (both variants usable)
2:26929282:T:G,2:36585272:G:A,9655990,-0.013870134018361568,0.00019238061213400215,computed (both variants usable)
2:29097013:A:G,2:36585272:G:A,7488259,0.04296811670064926,0.0018462591106072068,computed (both variants usable)
2:36585272:G:A,2:40525932:C:T,3940660,-0.05183599144220352,0.0026869699358940125,computed (both variants usable)
2:36585272:G:A,2:40527128:T:G,3941856,-0.01223070826381445,0.00014959022519178689,computed (both variants usable)
2:36585272:G:A,2:40614339:G:T,4029067,0.007960531860589981,6.337006925605237e-05,computed (both variants usable)
2:36585272:G:A,2:43166683:G:A,6581411,0.026776375249028206,0.0007169742602854967,computed (both variants usable)
2:36585272:G:A,2:43196694:A:T,6611422,0.026776384562253952,0.0007169747841544449,computed (both variants usable)
2:36585272:G:A,2:43386568:G:A,6801296,0.005480468273162842,3.0035533200134523e-05,computed (both variants usable)
2:36585272:G:A,2:43389409:A:G,6804137,0.0031674837227910757,1.003295346890809e-05,computed (both variants usable)
2:36585272:G:A,2:43582074:C:G,6996802,-0.017793290317058563,0.0003166011883877218,computed (both variants usable)
2:36585272:G:A,2:46353166:A:G,9767894,0.0011293590068817139,1.2754517229041085e-06,computed (both variants usable)
2:36585272:G:A,2:46363336:A:C,9778064,-0.024232104420661926,0.0005871948669664562,computed (both variants usable)
2:36585272:G:A,2:46374181:G:A,9788909,-0.020416874438524246,0.0004168487503193319,computed (both variants usable)
2:40525932:C:T,2:40527128:T:G,1196,0.8124527931213379,0.6600795388221741,computed (both variants usable)
2:40525932:C:T,2:40614339:G:T,88407,-0.3380142152309418,0.11425361037254333,computed (both variants usable)
2:40525932:C:T,2:43166683:G:A,2640751,-0.03204449638724327,0.00102684972807765,computed (both variants usable)
2:40525932:C:T,2:43196694:A:T,2670762,-0.05433836579322815,0.0029526581056416035,computed (both variants usable)
2:40525932:C:T,2:43386568:G:A,2860636,0.052708081901073456,0.0027781419921666384,computed (both variants usable)
2:40525932:C:T,2:43389409:A:G,2863477,0.05891503766179085,0.003470981726422906,computed (both variants usable)
2:40525932:C:T,2:43582074:C:G,3056142,0.04101405665278435,0.0016821528552100062,computed (both variants usable)
2:40525932:C:T,2:46353166:A:G,5827234,0.044567517936229706,0.0019862635526806116,computed (both variants usable)
2:40525932:C:T,2:46363336:A:C,5837404,-0.02366788126528263,0.000560168584343046,computed (both variants usable)
2:40525932:C:T,2:46374181:G:A,5848249,-0.0037887687794864178,1.4354768609337043e-05,computed (both variants usable)
2:40527128:T:G,2:40614339:G:T,87211,-0.31671932339668274,0.10031113028526306,computed (both variants usable)
2:40527128:T:G,2:43166683:G:A,2639555,-0.0003792541101574898,1.4383367386017198e-07,computed (both variants usable)
2:40527128:T:G,2:43196694:A:T,2669566,-0.016277991235256195,0.0002649730013217777,computed (both variants usable)
2:40527128:T:G,2:43386568:G:A,2859440,0.017952358350157738,0.0003222871746402234,computed (both variants usable)
2:40527128:T:G,2:43389409:A:G,2862281,0.022610744461417198,0.0005112457438372076,computed (both variants usable)
2:40527128:T:G,2:43582074:C:G,3054946,0.038721367716789246,0.0014993443619459867,computed (both variants usable)
2:40527128:T:G,2:46353166:A:G,5826038,0.04572553560137749,0.0020908245351165533,computed (both variants usable)
2:40527128:T:G,2:46363336:A:C,5836208,0.01116848737001419,0.00012473510287236422,computed (both variants usable)
2:40527128:T:G,2:46374181:G:A,5847053,0.0029784359503537416,8.871080353856087e-06,computed (both variants usable)
2:40614339:G:T,2:43166683:G:A,2552344,0.01736372336745262,0.00030149889062158763,computed (both variants usable)
2:40614339:G:T,2:43196694:A:T,2582355,0.03896463289856911,0.0015182426432147622,computed (both variants usable)
2:40614339:G:T,2:43386568:G:A,2772229,-0.03448393568396568,0.0011891417670994997,computed (both variants usable)
2:40614339:G:T,2:43389409:A:G,2775070,-0.037614405155181885,0.0014148434856906533,computed (both variants usable)
2:40614339:G:T,2:43582074:C:G,2967735,0.03285019099712372,0.0010791349923238158,computed (both variants usable)
2:40614339:G:T,2:46353166:A:G,5738827,-0.04421655461192131,0.0019551035948097706,computed (both variants usable)
2:40614339:G:T,2:46363336:A:C,5748997,0.014147862792015076,0.00020016201597172767,computed (both variants usable)
2:40614339:G:T,2:46374181:G:A,5759842,-0.0038036273326724768,1.4467580513155553e-05,computed (both variants usable)
2:43166683:G:A,2:43196694:A:T,30011,0.948040783405304,0.8987812995910645,computed (both variants usable)
2:43166683:G:A,2:43386568:G:A,219885,0.017285168170928955,0.000298777042189613,computed (both variants usable)
2:43166683:G:A,2:43389409:A:G,222726,0.012967560440301895,0.00016815762501209974,computed (both variants usable)
2:43166683:G:A,2:43582074:C:G,415391,-0.02676619216799736,0.0007164290291257203,computed (both variants usable)
2:43166683:G:A,2:46353166:A:G,3186483,0.018253063783049583,0.00033317433553747833,computed (both variants usable)
2:43166683:G:A,2:46363336:A:C,3196653,-0.0223927590996027,0.0005014356574974954,computed (both variants usable)
2:43166683:G:A,2:46374181:G:A,3207498,-0.01697470247745514,0.00028814052348025143,computed (both variants usable)
2:43196694:A:T,2:43386568:G:A,189874,0.024767454713582993,0.0006134267896413803,computed (both variants usable)
2:43196694:A:T,2:43389409:A:G,192715,0.027996955439448357,0.0007838295423425734,computed (both variants usable)
2:43196694:A:T,2:43582074:C:G,385380,-0.004767136182636023,2.2725587768945843e-05,computed (both variants usable)
2:43196694:A:T,2:46353166:A:G,3156472,-0.004912354052066803,2.4131222744472325e-05,computed (both variants usable)
2:43196694:A:T,2:46363336:A:C,3166642,-0.022392788901925087,0.0005014369962736964,computed (both variants usable)
2:43196694:A:T,2:46374181:G:A,3177487,-0.01697470434010029,0.00028814058168791234,computed (both variants usable)
2:43386568:G:A,2:43389409:A:G,2841,0.9763056039810181,0.9531726241111755,computed (both variants usable)
2:43386568:G:A,2:43582074:C:G,195506,0.0271034874022007,0.0007345990161411464,computed (both variants usable)
2:43386568:G:A,2:46353166:A:G,2966598,0.022713052108883858,0.0005158827407285571,computed (both variants usable)
2:43386568:G:A,2:46363336:A:C,2976768,0.0019171166932210326,3.675336301967036e-06,computed (both variants usable)
2:43386568:G:A,2:46374181:G:A,2987613,0.022233108058571815,0.0004943110980093479,computed (both variants usable)
2:43389409:A:G,2:43582074:C:G,192665,0.02805168181657791,0.0007868968532420695,computed (both variants usable)
2:43389409:A:G,2:46353166:A:G,2963757,0.02183006890118122,0.00047655191156081855,computed (both variants usable)
2:43389409:A:G,2:46363336:A:C,2973927,-0.0034299397375434637,1.1764486771426164e-05,computed (both variants usable)
2:43389409:A:G,2:46374181:G:A,2984772,0.016190312802791595,0.00026212623924948275,computed (both variants usable)
2:43582074:C:G,2:46353166:A:G,2771092,-0.04703758284449577,0.0022125341929495335,computed (both variants usable)
2:43582074:C:G,2:46363336:A:C,2781262,-0.012965288013219833,0.00016809868975542486,computed (both variants usable)
2:43582074:C:G,2:46374181:G:A,2792107,-0.010708983987569809,0.00011468234151834622,computed (both variants usable)
2:46353166:A:G,2:46363336:A:C,10170,-0.24418893456459045,0.059628237038850784,computed (both variants usable)
2:46353166:A:G,2:46374181:G:A,21015,-0.1025821641087532,0.010523100383579731,computed (both variants usable)
2:46353166:A:G,2:55818419:C:T,9465253,0.06197093799710274,0.003840397112071514,computed (both variants usable)
2:46353166:A:G,2:56071109:C:T,9717943,0.030410122126340866,0.0009247755515389144,computed (both variants usable)
2:46363336:A:C,2:46374181:G:A,10845,0.8466408252716064,0.7168006896972656,computed (both variants usable)
2:46363336:A:C,2:55818419:C:T,9455083,-0.04158363491296768,0.001729198731482029,computed (both variants usable)
2:46363336:A:C,2:56071109:C:T,9707773,0.001947449054569006,3.7925578908470925e-06,computed (both variants usable)
2:46374181:G:A,2:55818419:C:T,9444238,-0.022609291598200798,0.0005111800855956972,computed (both variants usable)
2:46374181:G:A,2:56071109:C:T,9696928,0.002232392318546772,4.9835753088700585e-06,computed (both variants usable)
2:55818419:C:T,2:56071109:C:T,252690,0.030573800206184387,0.0009347572340629995,computed (both variants usable)
2:55818419:C:T,2:64217786:T:C,8399367,0.025039058178663254,0.0006269544246606529,computed (both variants usable)
2:55818419:C:T,2:64909691:A:G,9091272,-0.08667642623186111,0.0075128027237951756,computed (both variants usable)
2:56071109:C:T,2:64217786:T:C,8146677,0.0004903062945231795,2.40400254369888e-07,computed (both variants usable)
2:56071109:C:T,2:64909691:A:G,8838582,0.02801264449954033,0.0007847082451917231,computed (both variants usable)
2:64217786:T:C,2:64909691:A:G,691905,-0.017761988565325737,0.0003154882288072258,computed (both variants usable)
2:134513437:G:A,2:144183002:G:A,9669565,0.023399971425533295,0.0005475586513057351,computed (both variants usable)
2:134513437:G:A,2:144204338:C:T,9690901,0.018525464460253716,0.00034319283440709114,computed (both variants usable)
2:144183002:G:A,2:144204338:C:T,21336,0.720546543598175,0.519187331199646,computed (both variants usable)
2:144183002:G:A,2:145720139:A:G,1537137,-0.045719213783741,0.0020902464166283607,computed (both variants usable)
2:144183002:G:A,2:145796251:G:A,1613249,0.011348244734108448,0.00012878265988547355,computed (both variants usable)
2:144183002:G:A,2:145807415:G:A,1624413,0.018991932272911072,0.00036069349152967334,computed (both variants usable)
2:144183002:G:A,2:146171033:A:G,1988031,0.02839909866452217,0.000806508818641305,computed (both variants usable)
2:144204338:C:T,2:145720139:A:G,1515801,-0.03178877383470535,0.001010526088066399,computed (both variants usable)
2:144204338:C:T,2:145796251:G:A,1591913,0.051421575248241425,0.002644178457558155,computed (both variants usable)
2:144204338:C:T,2:145807415:G:A,1603077,-0.019177701324224472,0.0003677842323668301,computed (both variants usable)
2:144204338:C:T,2:146171033:A:G,1966695,-0.0009739690576680005,9.48615706874989e-07,computed (both variants usable)
2:145720139:A:G,2:145796251:G:A,76112,-0.4740222990512848,0.22469714283943176,computed (both variants usable)
2:145720139:A:G,2:145807415:G:A,87276,0.41622352600097656,0.1732420176267624,computed (both variants usable)
2:145720139:A:G,2:146171033:A:G,450894,-0.26070189476013184,0.06796547770500183,computed (both variants usable)
2:145796251:G:A,2:145807415:G:A,11164,-0.8558295965194702,0.7324442863464355,computed (both variants usable)
2:145796251:G:A,2:146171033:A:G,374782,0.10279333591461182,0.010566470213234425,computed (both variants usable)
2:145807415:G:A,2:146171033:A:G,363618,-0.08441998064517975,0.00712673319503665,computed (both variants usable)
2:164954174:T:A,2:165008166:C:G,53992,0.6066156625747681,0.36798256635665894,computed (both variants usable)
2:164954174:T:A,2:165085214:C:T,131040,-0.7394907474517822,0.5468465685844421,computed (both variants usable)
2:165008166:C:G,2:165085214:C:T,77048,-0.5702763795852661,0.3252151608467102,computed (both variants usable)
2:176584776:G:C,2:177692996:C:A,1108220,0.008542894385755062,7.298104173969477e-05,computed (both variants usable)
2:176584776:G:C,2:179680971:T:C,3096195,-0.013324961997568607,0.000177554611582309,computed (both variants usable)
2:176584776:G:C,2:179725237:G:T,3140461,-0.0010498382616788149,1.1021603540939395e-06,computed (both variants usable)
2:176584776:G:C,2:183211443:G:A,6626667,-0.021027348935604095,0.00044214940862730145,computed (both variants usable)
2:176584776:G:C,2:183305099:C:T,6720323,0.041573554277420044,0.0017283604247495532,computed (both variants usable)
2:177692996:C:A,2:179680971:T:C,1987975,0.013810321688652039,0.00019072498253080994,computed (both variants usable)
2:177692996:C:A,2:179725237:G:T,2032241,-0.046475816518068314,0.0021600015461444855,computed (both variants usable)
2:177692996:C:A,2:183211443:G:A,5518447,-0.0396820567548275,0.0015746656572446227,computed (both variants usable)
2:177692996:C:A,2:183305099:C:T,5612103,0.023276247084140778,0.0005417836946435273,computed (both variants usable)
2:179680971:T:C,2:179725237:G:T,44266,0.4580880105495453,0.20984461903572083,computed (both variants usable)
2:179680971:T:C,2:183211443:G:A,3530472,0.054459813982248306,0.0029658712446689606,computed (both variants usable)
2:179680971:T:C,2:183305099:C:T,3624128,-0.04551107436418533,0.0020712579134851694,computed (both variants usable)
2:179725237:G:T,2:183211443:G:A,3486206,0.04963245242834091,0.002463380340486765,computed (both variants usable)
2:179725237:G:T,2:183305099:C:T,3579862,-0.03352945297956467,0.0011242241598665714,computed (both variants usable)
2:183211443:G:A,2:183305099:C:T,93656,-0.5836458802223206,0.340642511844635,computed (both variants usable)
2:201195602:C:T,2:203651201:A:G,2455599,0.07341670244932175,0.0053900121711194515,computed (both variants usable)
2:201195602:C:T,2:207996447:T:C,6800845,0.019881756976246834,0.00039528426714241505,computed (both variants usable)
2:201195602:C:T,2:208855135:A:G,7659533,0.004857274238020182,2.3593112928210758e-05,computed (both variants usable)
2:201195602:C:T,2:208882584:C:T,7686982,0.022658688947558403,0.0005134161910973489,computed (both variants usable)
2:201195602:C:T,2:208886206:G:A,7690604,0.026204245164990425,0.0006866624462418258,computed (both variants usable)
2:203651201:A:G,2:207996447:T:C,4345246,0.013368112035095692,0.0001787064247764647,computed (both variants usable)
2:203651201:A:G,2:208855135:A:G,5203934,0.055550217628479004,0.0030858267564326525,computed (both variants usable)
2:203651201:A:G,2:208882584:C:T,5231383,0.05836748331785202,0.0034067630767822266,computed (both variants usable)
2:203651201:A:G,2:208886206:G:A,5235005,0.056953269988298416,0.0032436749897897243,computed (both variants usable)
2:207996447:T:C,2:208855135:A:G,858688,0.0309203639626503,0.0009560689213685691,computed (both variants usable)
2:207996447:T:C,2:208882584:C:T,886137,0.025193078443408012,0.0006346912123262882,computed (both variants usable)
2:207996447:T:C,2:208886206:G:A,889759,0.032340988516807556,0.0010459395125508308,computed (both variants usable)
2:208855135:A:G,2:208882584:C:T,27449,0.9714545607566833,0.9437239766120911,computed (both variants usable)
2:208855135:A:G,2:208886206:G:A,31071,0.9667760729789734,0.9346559643745422,computed (both variants usable)
2:208855135:A:G,2:218305715:C:T,9450580,-0.027442719787359238,0.0007531028822995722,computed (both variants usable)
2:208882584:C:T,2:208886206:G:A,3622,0.9952244758605957,0.9904717803001404,computed (both variants usable)
2:208882584:C:T,2:218305715:C:T,9423131,-0.02367292530834675,0.0005604074103757739,computed (both variants usable)
2:208886206:G:A,2:218305715:C:T,9419509,-0.02556445635855198,0.0006535414140671492,computed (both variants usable)
2:218305715:C:T,2:219560492:C:G,1254777,0.00897573959082365,8.056389924604446e-05,computed (both variants usable)
2:218305715:C:T,2:219699999:G:A,1394284,0.05943512171506882,0.0035325337667018175,computed (both variants usable)
2:218305715:C:T,2:220422774:A:G,2117059,-0.04990116506814957,0.002490126295015216,computed (both variants usable)
2:219560492:C:G,2:219699999:G:A,139507,-0.0559316985309124,0.0031283549033105373,computed (both variants usable)
2:219560492:C:G,2:220422774:A:G,862282,0.0004811140534002334,2.3147073591189837e-07,computed (both variants usable)
2:219699999:G:A,2:220422774:A:G,722775,-0.06549478322267532,0.0042895665392279625,computed (both variants usable)
2:232065864:G:C,2:239865055:A:G,7799191,-0.027988096699118614,0.0007833335548639297,computed (both variants usable)
2:239865055:A:G,2:242530571:C:T,2665516,0.0007461945060640574,5.568062420024944e-07,computed (both variants usable)
2:239865055:A:G,2:242637583:G:A,2772528,0.0181121863424778,0.0003280513046775013,computed (both variants usable)
2:239865055:A:G,2:242641864:C:T,2776809,0.0018745566485449672,3.5139626106683863e-06,computed (both variants usable)
2:239865055:A:G,2:242643998:G:A,2778943,-0.014316405169665813,0.0002049594622803852,computed (both variants usable)
2:239865055:A:G,2:242645892:A:C,2780837,0.0018745566485449672,3.5139626106683863e-06,computed (both variants usable)
2:239865055:A:G,2:242645911:G:A,2780856,0.0018745566485449672,3.5139626106683863e-06,computed (both variants usable)
2:239865055:A:G,2:242645923:A:G,2780868,0.0018745566485449672,3.5139626106683863e-06,computed (both variants usable)
2:239865055:A:G,2:242647197:A:G,2782142,0.0018745566485449672,3.5139626106683863e-06,computed (both variants usable)
2:239865055:A:G,2:242651331:A:C,2786276,0.0018745566485449672,3.5139626106683863e-06,computed (both variants usable)
2:239865055:A:G,2:242654211:A:T,2789156,0.0018745566485449672,3.5139626106683863e-06,computed (both variants usable)
2:239865055:A:G,2:242655374:A:G,2790319,7.057412585709244e-05,4.980707402069129e-09,computed (both variants usable)
2:239865055:A:G,2:242658285:T:G,2793230,-0.0006494243862107396,4.217520199745195e-07,computed (both variants usable)
2:239865055:A:G,2:242663935:G:C,2798880,7.057412585709244e-05,4.980707402069129e-09,computed (both variants usable)
2:239865055:A:G,2:242665455:G:A,2800400,-0.012134168297052383,0.00014723803906235844,computed (both variants usable)
2:239865055:A:G,2:242668070:T:G,2803015,-0.020821142941713333,0.0004335200064815581,computed (both variants usable)
2:239865055:A:G,2:242668154:C:T,2803099,-0.019130248576402664,0.0003659664071165025,computed (both variants usable)
2:239865055:A:G,2:242671698:G:A,2806643,-0.013972043991088867,0.00019521801732480526,computed (both variants usable)
2:239865055:A:G,2:242671712:G:C,2806657,-0.013972043991088867,0.00019521801732480526,computed (both variants usable)
2:239865055:A:G,2:242671714:T:C,2806659,-0.013972043991088867,0.00019521801732480526,computed (both variants usable)
2:239865055:A:G,2:242671723:T:C,2806668,-0.013972043991088867,0.00019521801732480526,computed (both variants usable)
2:239865055:A:G,2:242671952:C:A,2806897,-0.025279199704527855,0.0006390379276126623,computed (both variants usable)
2:242530571:C:T,2:242637583:G:A,107012,-0.016237813979387283,0.00026366658858023584,computed (both variants usable)
2:242530571:C:T,2:242641864:C:T,111293,-0.013999282382428646,0.00019597991195041686,computed (both variants usable)
2:242530571:C:T,2:242643998:G:A,113427,0.00039657202432863414,1.5726936908322386e-07,computed (both variants usable)
2:242530571:C:T,2:242645892:A:C,115321,-0.013999282382428646,0.00019597991195041686,computed (both variants usable)
2:242530571:C:T,2:242645911:G:A,115340,-0.013999282382428646,0.00019597991195041686,computed (both variants usable)
2:242530571:C:T,2:242645923:A:G,115352,-0.013999282382428646,0.00019597991195041686,computed (both variants usable)
2:242530571:C:T,2:242647197:A:G,116626,-0.013999282382428646,0.00019597991195041686,computed (both variants usable)
2:242530571:C:T,2:242651331:A:C,120760,-0.013999282382428646,0.00019597991195041686,computed (both variants usable)
2:242530571:C:T,2:242654211:A:T,123640,-0.013999282382428646,0.00019597991195041686,computed (both variants usable)
2:242530571:C:T,2:242655374:A:G,124803,-0.01631123200058937,0.0002660562749952078,computed (both variants usable)
2:242530571:C:T,2:242658285:T:G,127714,-0.048442743718624115,0.002346699358895421,computed (both variants usable)
2:242530571:C:T,2:242663935:G:C,133364,-0.009328647516667843,8.702366176294163e-05,computed (both variants usable)
2:242530571:C:T,2:242665455:G:A,134884,0.008705800399184227,7.57909583626315e-05,computed (both variants usable)
2:242530571:C:T,2:242668070:T:G,137499,0.025117579847574234,0.000630892813205719,computed (both variants usable)
2:242530571:C:T,2:242668154:C:T,137583,0.027578264474868774,0.0007605606806464493,computed (both variants usable)
2:242530571:C:T,2:242671698:G:A,141127,0.021068373695015907,0.0004438763717189431,computed (both variants usable)
2:242530571:C:T,2:242671712:G:C,141141,0.021068373695015907,0.0004438763717189431,computed (both variants usable)
2:242530571:C:T,2:242671714:T:C,141143,0.021068373695015907,0.0004438763717189431,computed (both variants usable)
2:242530571:C:T,2:242671723:T:C,141152,0.021068373695015907,0.0004438763717189431,computed (both variants usable)
2:242530571:C:T,2:242671952:C:A,141381,0.016157099977135658,0.0002610518713481724,computed (both variants usable)
2:242637583:G:A,2:242641864:C:T,4281,0.9784150123596191,0.9572959542274475,computed (both variants usable)
2:242637583:G:A,2:242643998:G:A,6415,0.8034110069274902,0.6454692482948303,computed (both variants usable)
2:242637583:G:A,2:242645892:A:C,8309,0.9784150123596191,0.9572959542274475,computed (both variants usable)
2:242637583:G:A,2:242645911:G:A,8328,0.9784150123596191,0.9572959542274475,computed (both variants usable)
2:242637583:G:A,2:242645923:A:G,8340,0.9784150123596191,0.9572959542274475,computed (both variants usable)
2:242637583:G:A,2:242647197:A:G,9614,0.9784150123596191,0.9572959542274475,computed (both variants usable)
2:242637583:G:A,2:242651331:A:C,13748,0.9784150123596191,0.9572959542274475,computed (both variants usable)
2:242637583:G:A,2:242654211:A:T,16628,0.9784150123596191,0.9572959542274475,computed (both variants usable)
2:242637583:G:A,2:242655374:A:G,17791,0.9729762077331543,0.9466826915740967,computed (both variants usable)
2:242637583:G:A,2:242658285:T:G,20702,0.8866060972213745,0.7860703468322754,computed (both variants usable)
2:242637583:G:A,2:242663935:G:C,26352,0.9729762077331543,0.9466826915740967,computed (both variants usable)
2:242637583:G:A,2:242665455:G:A,27872,0.9053010940551758,0.8195700645446777,computed (both variants usable)
2:242637583:G:A,2:242668070:T:G,30487,0.903484046459198,0.8162834048271179,computed (both variants usable)
2:242637583:G:A,2:242668154:C:T,30571,0.9084686040878296,0.8253151774406433,computed (both variants usable)
2:242637583:G:A,2:242671698:G:A,34115,0.902029275894165,0.8136568069458008,computed (both variants usable)
2:242637583:G:A,2:242671712:G:C,34129,0.902029275894165,0.8136568069458008,computed (both variants usable)
2:242637583:G:A,2:242671714:T:C,34131,0.902029275894165,0.8136568069458008,computed (both variants usable)
2:242637583:G:A,2:242671723:T:C,34140,0.902029275894165,0.8136568069458008,computed (both variants usable)
2:242637583:G:A,2:242671952:C:A,34369,0.9135291576385498,0.834535539150238,computed (both variants usable)
2:242641864:C:T,2:242643998:G:A,2134,0.8228781223297119,0.6771283745765686,computed (both variants usable)
2:242641864:C:T,2:242645892:A:C,4028,1.0000025033950806,1.0000050067901611,computed (both variants usable)
2:242641864:C:T,2:242645911:G:A,4047,1.0000025033950806,1.0000050067901611,computed (both variants usable)
2:242641864:C:T,2:242645923:A:G,4059,1.0000025033950806,1.0000050067901611,computed (both variants usable)
2:242641864:C:T,2:242647197:A:G,5333,1.0000025033950806,1.0000050067901611,computed (both variants usable)
2:242641864:C:T,2:242651331:A:C,9467,1.0000025033950806,1.0000050067901611,computed (both variants usable)
2:242641864:C:T,2:242654211:A:T,12347,1.0000025033950806,1.0000050067901611,computed (both variants usable)
2:242641864:C:T,2:242655374:A:G,13510,0.994485080242157,0.9890005588531494,computed (both variants usable)
2:242641864:C:T,2:242658285:T:G,16421,0.9070363640785217,0.8227149844169617,computed (both variants usable)
2:242641864:C:T,2:242663935:G:C,22071,0.994485080242157,0.9890005588531494,computed (both variants usable)
2:242641864:C:T,2:242665455:G:A,23591,0.925795316696167,0.8570969700813293,computed (both variants usable)
2:242641864:C:T,2:242668070:T:G,26206,0.9238535761833191,0.8535054326057434,computed (both variants usable)
2:242641864:C:T,2:242668154:C:T,26290,0.9289024472236633,0.8628597855567932,computed (both variants usable)
2:242641864:C:T,2:242671698:G:A,29834,0.9222764372825623,0.8505938053131104,computed (both variants usable)
2:242641864:C:T,2:242671712:G:C,29848,0.9222764372825623,0.8505938053131104,computed (both variants usable)
2:242641864:C:T,2:242671714:T:C,29850,0.9222764372825623,0.8505938053131104,computed (both variants usable)
2:242641864:C:T,2:242671723:T:C,29859,0.9222764372825623,0.8505938053131104,computed (both variants usable)
2:242641864:C:T,2:242671952:C:A,30088,0.9340203404426575,0.8723940253257751,computed (both variants usable)
2:242643998:G:A,2:242645892:A:C,1894,0.8228781223297119,0.6771283745765686,computed (both variants usable)
2:242643998:G:A,2:242645911:G:A,1913,0.8228781223297119,0.6771283745765686,computed (both variants usable)
2:242643998:G:A,2:242645923:A:G,1925,0.8228781223297119,0.6771283745765686,computed (both variants usable)
2:242643998:G:A,2:242647197:A:G,3199,0.8228781223297119,0.6771283745765686,computed (both variants usable)
2:242643998:G:A,2:242651331:A:C,7333,0.8228781223297119,0.6771283745765686,computed (both variants usable)
2:242643998:G:A,2:242654211:A:T,10213,0.8228781223297119,0.6771283745765686,computed (both variants usable)
2:242643998:G:A,2:242655374:A:G,11376,0.8179116249084473,0.6689794063568115,computed (both variants usable)
2:242643998:G:A,2:242658285:T:G,14287,0.7387519478797913,0.5457544326782227,computed (both variants usable)
2:242643998:G:A,2:242663935:G:C,19937,0.8179116249084473,0.6689794063568115,computed (both variants usable)
2:242643998:G:A,2:242665455:G:A,21457,0.7572119832038879,0.5733699798583984,computed (both variants usable)
2:242643998:G:A,2:242668070:T:G,24072,0.7563857436180115,0.572119414806366,computed (both variants usable)
2:242643998:G:A,2:242668154:C:T,24156,0.7609527707099915,0.5790491104125977,computed (both variants usable)
2:242643998:G:A,2:242671698:G:A,27700,0.7558873891830444,0.5713657736778259,computed (both variants usable)
2:242643998:G:A,2:242671712:G:C,27714,0.7558873891830444,0.5713657736778259,computed (both variants usable)
2:242643998:G:A,2:242671714:T:C,27716,0.7558873891830444,0.5713657736778259,computed (both variants usable)
2:242643998:G:A,2:242671723:T:C,27725,0.7558873891830444,0.5713657736778259,computed (both variants usable)
2:242643998:G:A,2:242671952:C:A,27954,0.765580415725708,0.5861133933067322,computed (both variants usable)
2:242645892:A:C,2:242645911:G:A,19,1.0000025033950806,1.0000050067901611,computed (both variants usable)
2:242645892:A:C,2:242645923:A:G,31,1.0000025033950806,1.0000050067901611,computed (both variants usable)
2:242645892:A:C,2:242647197:A:G,1305,1.0000025033950806,1.0000050067901611,computed (both variants usable)
2:242645892:A:C,2:242651331:A:C,5439,1.0000025033950806,1.0000050067901611,computed (both variants usable)
2:242645892:A:C,2:242654211:A:T,8319,1.0000025033950806,1.0000050067901611,computed (both variants usable)
2:242645892:A:C,2:242655374:A:G,9482,0.994485080242157,0.9890005588531494,computed (both variants usable)
2:242645892:A:C,2:242658285:T:G,12393,0.9070363640785217,0.8227149844169617,computed (both variants usable)
2:242645892:A:C,2:242663935:G:C,18043,0.994485080242157,0.9890005588531494,computed (both variants usable)
2:242645892:A:C,2:242665455:G:A,19563,0.925795316696167,0.8570969700813293,computed (both variants usable)
2:242645892:A:C,2:242668070:T:G,22178,0.9238535761833191,0.8535054326057434,computed (both variants usable)
2:242645892:A:C,2:242668154:C:T,22262,0.9289024472236633,0.8628597855567932,computed (both variants usable)
2:242645892:A:C,2:242671698:G:A,25806,0.9222764372825623,0.8505938053131104,computed (both variants usable)
2:242645892:A:C,2:242671712:G:C,25820,0.9222764372825623,0.8505938053131104,computed (both variants usable)
2:242645892:A:C,2:242671714:T:C,25822,0.9222764372825623,0.8505938053131104,computed (both variants usable)
2:242645892:A:C,2:242671723:T:C,25831,0.9222764372825623,0.8505938053131104,computed (both variants usable)
2:242645892:A:C,2:242671952:C:A,26060,0.9340203404426575,0.8723940253257751,computed (both variants usable)
2:242645911:G:A,2:242645923:A:G,12,1.0000025033950806,1.0000050067901611,computed (both variants usable)
2:242645911:G:A,2:242647197:A:G,1286,1.0000025033950806,1.0000050067901611,computed (both variants usable)
2:242645911:G:A,2:242651331:A:C,5420,1.0000025033950806,1.0000050067901611,computed (both variants usable)
2:242645911:G:A,2:242654211:A:T,8300,1.0000025033950806,1.0000050067901611,computed (both variants usable)
2:242645911:G:A,2:242655374:A:G,9463,0.994485080242157,0.9890005588531494,computed (both variants usable)
2:242645911:G:A,2:242658285:T:G,12374,0.9070363640785217,0.8227149844169617,computed (both variants usable)
2:242645911:G:A,2:242663935:G:C,18024,0.994485080242157,0.9890005588531494,computed (both variants usable)
2:242645911:G:A,2:242665455:G:A,19544,0.925795316696167,0.8570969700813293,computed (both variants usable)
2:242645911:G:A,2:242668070:T:G,22159,0.9238535761833191,0.8535054326057434,computed (both variants usable)
2:242645911:G:A,2:242668154:C:T,22243,0.9289024472236633,0.8628597855567932,computed (both variants usable)
2:242645911:G:A,2:242671698:G:A,25787,0.9222764372825623,0.8505938053131104,computed (both variants usable)
2:242645911:G:A,2:242671712:G:C,25801,0.9222764372825623,0.8505938053131104,computed (both variants usable)
2:242645911:G:A,2:242671714:T:C,25803,0.9222764372825623,0.8505938053131104,computed (both variants usable)
2:242645911:G:A,2:242671723:T:C,25812,0.9222764372825623,0.8505938053131104,computed (both variants usable)
2:242645911:G:A,2:242671952:C:A,26041,0.9340203404426575,0.8723940253257751,computed (both variants usable)
2:242645923:A:G,2:242647197:A:G,1274,1.0000025033950806,1.0000050067901611,computed (both variants usable)
2:242645923:A:G,2:242651331:A:C,5408,1.0000025033950806,1.0000050067901611,computed (both variants usable)
2:242645923:A:G,2:242654211:A:T,8288,1.0000025033950806,1.0000050067901611,computed (both variants usable)
2:242645923:A:G,2:242655374:A:G,9451,0.994485080242157,0.9890005588531494,computed (both variants usable)
2:242645923:A:G,2:242658285:T:G,12362,0.9070363640785217,0.8227149844169617,computed (both variants usable)
2:242645923:A:G,2:242663935:G:C,18012,0.994485080242157,0.9890005588531494,computed (both variants usable)
2:242645923:A:G,2:242665455:G:A,19532,0.925795316696167,0.8570969700813293,computed (both variants usable)
2:242645923:A:G,2:242668070:T:G,22147,0.9238535761833191,0.8535054326057434,computed (both variants usable)
2:242645923:A:G,2:242668154:C:T,22231,0.9289024472236633,0.8628597855567932,computed (both variants usable)
2:242645923:A:G,2:242671698:G:A,25775,0.9222764372825623,0.8505938053131104,computed (both variants usable)
2:242645923:A:G,2:242671712:G:C,25789,0.9222764372825623,0.8505938053131104,computed (both variants usable)
2:242645923:A:G,2:242671714:T:C,25791,0.9222764372825623,0.8505938053131104,computed (both variants usable)
2:242645923:A:G,2:242671723:T:C,25800,0.9222764372825623,0.8505938053131104,computed (both variants usable)
2:242645923:A:G,2:242671952:C:A,26029,0.9340203404426575,0.8723940253257751,computed (both variants usable)
2:242647197:A:G,2:242651331:A:C,4134,1.0000025033950806,1.0000050067901611,computed (both variants usable)
2:242647197:A:G,2:242654211:A:T,7014,1.0000025033950806,1.0000050067901611,computed (both variants usable)
2:242647197:A:G,2:242655374:A:G,8177,0.994485080242157,0.9890005588531494,computed (both variants usable)
2:242647197:A:G,2:242658285:T:G,11088,0.9070363640785217,0.8227149844169617,computed (both variants usable)
2:242647197:A:G,2:242663935:G:C,16738,0.994485080242157,0.9890005588531494,computed (both variants usable)
2:242647197:A:G,2:242665455:G:A,18258,0.925795316696167,0.8570969700813293,computed (both variants usable)
2:242647197:A:G,2:242668070:T:G,20873,0.9238535761833191,0.8535054326057434,computed (both variants usable)
2:242647197:A:G,2:242668154:C:T,20957,0.9289024472236633,0.8628597855567932,computed (both variants usable)
2:242647197:A:G,2:242671698:G:A,24501,0.9222764372825623,0.8505938053131104,computed (both variants usable)
2:242647197:A:G,2:242671712:G:C,24515,0.9222764372825623,0.8505938053131104,computed (both variants usable)
2:242647197:A:G,2:242671714:T:C,24517,0.9222764372825623,0.8505938053131104,computed (both variants usable)
2:242647197:A:G,2:242671723:T:C,24526,0.9222764372825623,0.8505938053131104,computed (both variants usable)
2:242647197:A:G,2:242671952:C:A,24755,0.9340203404426575,0.8723940253257751,computed (both variants usable)
2:242651331:A:C,2:242654211:A:T,2880,1.0000025033950806,1.0000050067901611,computed (both variants usable)
2:242651331:A:C,2:242655374:A:G,4043,0.994485080242157,0.9890005588531494,computed (both variants usable)
2:242651331:A:C,2:242658285:T:G,6954,0.9070363640785217,0.8227149844169617,computed (both variants usable)
2:242651331:A:C,2:242663935:G:C,12604,0.994485080242157,0.9890005588531494,computed (both variants usable)
2:242651331:A:C,2:242665455:G:A,14124,0.925795316696167,0.8570969700813293,computed (both variants usable)
2:242651331:A:C,2:242668070:T:G,16739,0.9238535761833191,0.8535054326057434,computed (both variants usable)
2:242651331:A:C,2:242668154:C:T,16823,0.9289024472236633,0.8628597855567932,computed (both variants usable)
2:242651331:A:C,2:242671698:G:A,20367,0.9222764372825623,0.8505938053131104,computed (both variants usable)
2:242651331:A:C,2:242671712:G:C,20381,0.9222764372825623,0.8505938053131104,computed (both variants usable)
2:242651331:A:C,2:242671714:T:C,20383,0.9222764372825623,0.8505938053131104,computed (both variants usable)
2:242651331:A:C,2:242671723:T:C,20392,0.9222764372825623,0.8505938053131104,computed (both variants usable)
2:242651331:A:C,2:242671952:C:A,20621,0.9340203404426575,0.8723940253257751,computed (both variants usable)
2:242654211:A:T,2:242655374:A:G,1163,0.994485080242157,0.9890005588531494,computed (both variants usable)
2:242654211:A:T,2:242658285:T:G,4074,0.9070363640785217,0.8227149844169617,computed (both variants usable)
2:242654211:A:T,2:242663935:G:C,9724,0.994485080242157,0.9890005588531494,computed (both variants usable)
2:242654211:A:T,2:242665455:G:A,11244,0.925795316696167,0.8570969700813293,computed (both variants usable)
2:242654211:A:T,2:242668070:T:G,13859,0.9238535761833191,0.8535054326057434,computed (both variants usable)
2:242654211:A:T,2:242668154:C:T,13943,0.9289024472236633,0.8628597855567932,computed (both variants usable)
2:242654211:A:T,2:242671698:G:A,17487,0.9222764372825623,0.8505938053131104,computed (both variants usable)
2:242654211:A:T,2:242671712:G:C,17501,0.9222764372825623,0.8505938053131104,computed (both variants usable)
2:242654211:A:T,2:242671714:T:C,17503,0.9222764372825623,0.8505938053131104,computed (both variants usable)
2:242654211:A:T,2:242671723:T:C,17512,0.9222764372825623,0.8505938053131104,computed (both variants usable)
2:242654211:A:T,2:242671952:C:A,17741,0.9340203404426575,0.8723940253257751,computed (both variants usable)
2:242655374:A:G,2:242658285:T:G,2911,0.9018170237541199,0.8132739663124084,computed (both variants usable)
2:242655374:A:G,2:242663935:G:C,8561,0.9889951348304749,0.9781113862991333,computed (both variants usable)
2:242655374:A:G,2:242665455:G:A,10081,0.9205633997917175,0.8474369645118713,computed (both variants usable)
2:242655374:A:G,2:242668070:T:G,12696,0.9186554551124573,0.8439278602600098,computed (both variants usable)
2:242655374:A:G,2:242668154:C:T,12780,0.9236840605735779,0.8531922698020935,computed (both variants usable)
2:242655374:A:G,2:242671698:G:A,16324,0.9171020984649658,0.8410762548446655,computed (both variants usable)
2:242655374:A:G,2:242671712:G:C,16338,0.9171020984649658,0.8410762548446655,computed (both variants usable)
2:242655374:A:G,2:242671714:T:C,16340,0.9171020984649658,0.8410762548446655,computed (both variants usable)
2:242655374:A:G,2:242671723:T:C,16349,0.9171020984649658,0.8410762548446655,computed (both variants usable)
2:242655374:A:G,2:242671952:C:A,16578,0.9287872910499573,0.8626458048820496,computed (both variants usable)
2:242658285:T:G,2:242663935:G:C,5650,0.9018170237541199,0.8132739663124084,computed (both variants usable)
2:242658285:T:G,2:242665455:G:A,7170,0.8374359607696533,0.7012990117073059,computed (both variants usable)
2:242658285:T:G,2:242668070:T:G,9785,0.8360573649406433,0.6989918947219849,computed (both variants usable)
2:242658285:T:G,2:242668154:C:T,9869,0.8408455848693848,0.7070212960243225,computed (both variants usable)
2:242658285:T:G,2:242671698:G:A,13413,0.8350257277488708,0.6972679495811462,computed (both variants usable)
2:242658285:T:G,2:242671712:G:C,13427,0.8350257277488708,0.6972679495811462,computed (both variants usable)
2:242658285:T:G,2:242671714:T:C,13429,0.8350257277488708,0.6972679495811462,computed (both variants usable)
2:242658285:T:G,2:242671723:T:C,13438,0.8350257277488708,0.6972679495811462,computed (both variants usable)
2:242658285:T:G,2:242671952:C:A,13667,0.8456921577453613,0.7151952385902405,computed (both variants usable)
2:242663935:G:C,2:242665455:G:A,1520,0.931248128414154,0.8672230839729309,computed (both variants usable)
2:242663935:G:C,2:242668070:T:G,4135,0.9295195937156677,0.8640066981315613,computed (both variants usable)
2:242663935:G:C,2:242668154:C:T,4219,0.9345947504043579,0.8734673261642456,computed (both variants usable)
2:242663935:G:C,2:242671698:G:A,7763,0.928156852722168,0.8614751696586609,computed (both variants usable)
2:242663935:G:C,2:242671712:G:C,7777,0.928156852722168,0.8614751696586609,computed (both variants usable)
2:242663935:G:C,2:242671714:T:C,7779,0.928156852722168,0.8614751696586609,computed (both variants usable)
2:242663935:G:C,2:242671723:T:C,7788,0.928156852722168,0.8614751696586609,computed (both variants usable)
2:242663935:G:C,2:242671952:C:A,8017,0.9397452473640442,0.883121132850647,computed (both variants usable)
2:242665455:G:A,2:242668070:T:G,2615,0.8947542309761047,0.800585150718689,computed (both variants usable)
2:242665455:G:A,2:242668154:C:T,2699,0.8997257351875305,0.8095064163208008,computed (both variants usable)
2:242665455:G:A,2:242671698:G:A,6243,0.8935994505882263,0.7985199689865112,computed (both variants usable)
2:242665455:G:A,2:242671712:G:C,6257,0.8935994505882263,0.7985199689865112,computed (both variants usable)
2:242665455:G:A,2:242671714:T:C,6259,0.8935994505882263,0.7985199689865112,computed (both variants usable)
2:242665455:G:A,2:242671723:T:C,6268,0.8935994505882263,0.7985199689865112,computed (both variants usable)
2:242665455:G:A,2:242671952:C:A,6497,0.9047662615776062,0.8186019659042358,computed (both variants usable)
2:242668070:T:G,2:242668154:C:T,84,0.9946287870407104,0.9892864227294922,computed (both variants usable)
2:242668070:T:G,2:242671698:G:A,3628,0.9675027132034302,0.9360615015029907,computed (both variants usable)
2:242668070:T:G,2:242671712:G:C,3642,0.9675027132034302,0.9360615015029907,computed (both variants usable)
2:242668070:T:G,2:242671714:T:C,3644,0.9675027132034302,0.9360615015029907,computed (both variants usable)
2:242668070:T:G,2:242671723:T:C,3653,0.9675027132034302,0.9360615015029907,computed (both variants usable)
2:242668070:T:G,2:242671952:C:A,3882,0.97842937707901,0.9573240280151367,computed (both variants usable)
2:242668154:C:T,2:242671698:G:A,3544,0.9727386832237244,0.9462205171585083,computed (both variants usable)
2:242668154:C:T,2:242671712:G:C,3558,0.9727386832237244,0.9462205171585083,computed (both variants usable)
2:242668154:C:T,2:242671714:T:C,3560,0.9727386832237244,0.9462205171585083,computed (both variants usable)
2:242668154:C:T,2:242671723:T:C,3569,0.9727386832237244,0.9462205171585083,computed (both variants usable)
2:242668154:C:T,2:242671952:C:A,3798,0.983721137046814,0.9677072763442993,computed (both variants usable)
2:242671698:G:A,2:242671712:G:C,14,1.0000026226043701,1.0000052452087402,computed (both variants usable)
2:242671698:G:A,2:242671714:T:C,16,1.0000026226043701,1.0000052452087402,computed (both variants usable)
2:242671698:G:A,2:242671723:T:C,25,1.0000026226043701,1.0000052452087402,computed (both variants usable)
2:242671698:G:A,2:242671952:C:A,254,0.9560334086418152,0.9139998555183411,computed (both variants usable)
2:242671712:G:C,2:242671714:T:C,2,1.0000026226043701,1.0000052452087402,computed (both variants usable)
2:242671712:G:C,2:242671723:T:C,11,1.0000026226043701,1.0000052452087402,computed (both variants usable)
2:242671712:G:C,2:242671952:C:A,240,0.9560334086418152,0.9139998555183411,computed (both variants usable)
2:242671714:T:C,2:242671723:T:C,9,1.0000026226043701,1.0000052452087402,computed (both variants usable)
2:242671714:T:C,2:242671952:C:A,238,0.9560334086418152,0.9139998555183411,computed (both variants usable)
2:242671723:T:C,2:242671952:C:A,229,0.9560334086418152,0.9139998555183411,computed (both variants usable)
20:4273526:T:C,20:6327810:G:A,2054284,0.02837797999382019,0.0008053097408264875,computed (both variants usable)
20:4273526:T:C,20:6331376:C:T,2057850,0.027616187930107117,0.0007626538281328976,computed (both variants usable)
20:4273526:T:C,20:6365645:G:A,2092119,0.02345830388367176,0.0005502920248545706,computed (both variants usable)
20:4273526:T:C,20:6701629:G:A,2428103,0.008036266081035137,6.458157440647483e-05,computed (both variants usable)
20:4273526:T:C,20:10420795:A:T,6147269,-0.010000811889767647,0.00010001623741118237,computed (both variants usable)
20:4273526:T:C,20:10471729:C:A,6198203,0.021691175177693367,0.0004705070750787854,computed (both variants usable)
20:4273526:T:C,20:10485093:G:T,6211567,0.02780149132013321,0.0007729229400865734,computed (both variants usable)
20:4273526:T:C,20:10669188:C:A,6395662,-0.0346439890563488,0.0012002059957012534,computed (both variants usable)
20:4273526:T:C,20:10712810:T:C,6439284,0.03562074527144432,0.0012688374845311046,computed (both variants usable)
20:4273526:T:C,20:10743612:A:T,6470086,0.013539908453822136,0.00018332911713514477,computed (both variants usable)
20:4273526:T:C,20:10752610:C:T,6479084,0.01527894102036953,0.00023344604414887726,computed (both variants usable)
20:4273526:T:C,20:10965998:G:A,6692472,-0.03580832481384277,0.001282236073166132,computed (both variants usable)
20:4273526:T:C,20:10967214:T:G,6693688,-0.03580832481384277,0.001282236073166132,computed (both variants usable)
20:4273526:T:C,20:11886643:C:T,7613117,-0.018523577600717545,0.00034312292700633407,computed (both variants usable)
20:6327810:G:A,20:6331376:C:T,3566,0.9957216382026672,0.9914615750312805,computed (both variants usable)
20:6327810:G:A,20:6365645:G:A,37835,0.9415397644042969,0.8864971399307251,computed (both variants usable)
20:6327810:G:A,20:6701629:G:A,373819,-0.018125692382454872,0.00032854071469046175,computed (both variants usable)
20:6327810:G:A,20:10420795:A:T,4092985,-0.027815332636237144,0.000773692736402154,computed (both variants usable)
20:6327810:G:A,20:10471729:C:A,4143919,-0.024613605812191963,0.0006058295839466155,computed (both variants usable)
20:6327810:G:A,20:10485093:G:T,4157283,-0.025941232219338417,0.0006729475571773946,computed (both variants usable)
20:6327810:G:A,20:10669188:C:A,4341378,0.01442069560289383,0.0002079564583254978,computed (both variants usable)
20:6327810:G:A,20:10712810:T:C,4385000,-0.008341530337929726,6.958112498978153e-05,computed (both variants usable)
20:6327810:G:A,20:10743612:A:T,4415802,0.037491269409656525,0.0014055953361093998,computed (both variants usable)
20:6327810:G:A,20:10752610:C:T,4424800,0.02189425565302372,0.00047935842303559184,computed (both variants usable)
20:6327810:G:A,20:10965998:G:A,4638188,-0.0176630187779665,0.0003119822358712554,computed (both variants usable)
20:6327810:G:A,20:10967214:T:G,4639404,-0.0176630187779665,0.0003119822358712554,computed (both variants usable)
20:6327810:G:A,20:11886643:C:T,5558833,0.04227806627750397,0.001787434914149344,computed (both variants usable)
20:6331376:C:T,20:6365645:G:A,34269,0.9459081292152405,0.8947421908378601,computed (both variants usable)
20:6331376:C:T,20:6701629:G:A,370253,-0.02138008549809456,0.00045710804988630116,computed (both variants usable)
20:6331376:C:T,20:10420795:A:T,4089419,-0.028729740530252457,0.0008253980195149779,computed (both variants usable)
20:6331376:C:T,20:10471729:C:A,4140353,-0.019608158618211746,0.00038447987753897905,computed (both variants usable)
20:6331376:C:T,20:10485093:G:T,4153717,-0.022731207311153412,0.0005167077761143446,computed (both variants usable)
20:6331376:C:T,20:10669188:C:A,4337812,0.014651349745690823,0.0002146620536223054,computed (both variants usable)
20:6331376:C:T,20:10712810:T:C,4381434,-0.007407356519252062,5.486893132911064e-05,computed (both variants usable)
20:6331376:C:T,20:10743612:A:T,4412236,0.03940068930387497,0.001552414265461266,computed (both variants usable)
20:6331376:C:T,20:10752610:C:T,4421234,0.023829061537981033,0.000567824172321707,computed (both variants usable)
20:6331376:C:T,20:10965998:G:A,4634622,-0.017362188547849655,0.00030144560150802135,computed (both variants usable)
20:6331376:C:T,20:10967214:T:G,4635838,-0.017362188547849655,0.00030144560150802135,computed (both variants usable)
20:6331376:C:T,20:11886643:C:T,5555267,0.038878750056028366,0.0015115572605282068,computed (both variants usable)
20:6365645:G:A,20:6701629:G:A,335984,-0.015434549190104008,0.00023822531511541456,computed (both variants usable)
20:6365645:G:A,20:10420795:A:T,4055150,-0.0313350073993206,0.000981882680207491,computed (both variants usable)
20:6365645:G:A,20:10471729:C:A,4106084,-0.02414030209183693,0.0005827542045153677,computed (both variants usable)
20:6365645:G:A,20:10485093:G:T,4119448,-0.03245874494314194,0.0010535700712352991,computed (both variants usable)
20:6365645:G:A,20:10669188:C:A,4303543,0.008065787144005299,6.505691999336705e-05,computed (both variants usable)
20:6365645:G:A,20:10712810:T:C,4347165,-0.0008245490025728941,6.798810545660672e-07,computed (both variants usable)
20:6365645:G:A,20:10743612:A:T,4377967,0.03210023045539856,0.0010304248426109552,computed (both variants usable)
20:6365645:G:A,20:10752610:C:T,4386965,0.02078828029334545,0.0004321525921113789,computed (both variants usable)
20:6365645:G:A,20:10965998:G:A,4600353,-0.012460809201002121,0.00015527177311014384,computed (both variants usable)
20:6365645:G:A,20:10967214:T:G,4601569,-0.012460809201002121,0.00015527177311014384,computed (both variants usable)
20:6365645:G:A,20:11886643:C:T,5520998,0.05101267993450165,0.002602293621748686,computed (both variants usable)
20:6701629:G:A,20:10420795:A:T,3719166,-0.05810076370835304,0.0033756988123059273,computed (both variants usable)
20:6701629:G:A,20:10471729:C:A,3770100,0.005064862314611673,2.565283102740068e-05,computed (both variants usable)
20:6701629:G:A,20:10485093:G:T,3783464,0.027137549594044685,0.0007364465855062008,computed (both variants usable)
20:6701629:G:A,20:10669188:C:A,3967559,-0.01282756682485342,0.0001645464653847739,computed (both variants usable)
20:6701629:G:A,20:10712810:T:C,4011181,0.01903008297085762,0.0003621440555434674,computed (both variants usable)
20:6701629:G:A,20:10743612:A:T,4041983,0.020686229690909386,0.0004279201093595475,computed (both variants usable)
20:6701629:G:A,20:10752610:C:T,4050981,0.01859797164797783,0.00034588456037454307,computed (both variants usable)
20:6701629:G:A,20:10965998:G:A,4264369,-0.017219439148902893,0.00029650909709744155,computed (both variants usable)
20:6701629:G:A,20:10967214:T:G,4265585,-0.017219439148902893,0.00029650909709744155,computed (both variants usable)
20:6701629:G:A,20:11886643:C:T,5185014,0.04236455261707306,0.0017947553424164653,computed (both variants usable)
20:10420795:A:T,20:10471729:C:A,50934,0.009237966500222683,8.534002699889243e-05,computed (both variants usable)
20:10420795:A:T,20:10485093:G:T,64298,-0.027316924184560776,0.0007462143548764288,computed (both variants usable)
20:10420795:A:T,20:10669188:C:A,248393,0.023261388763785362,0.0005410921876318753,computed (both variants usable)
20:10420795:A:T,20:10712810:T:C,292015,-0.04299744591116905,0.0018487803172320127,computed (both variants usable)
20:10420795:A:T,20:10743612:A:T,322817,-0.04413967579603195,0.0019483109936118126,computed (both variants usable)
20:10420795:A:T,20:10752610:C:T,331815,-0.05140405148267746,0.0026423765812069178,computed (both variants usable)
20:10420795:A:T,20:10965998:G:A,545203,0.03087281621992588,0.00095313077326864,computed (both variants usable)
20:10420795:A:T,20:10967214:T:G,546419,0.03087281621992588,0.00095313077326864,computed (both variants usable)
20:10420795:A:T,20:11886643:C:T,1465848,0.014023780822753906,0.00019666642765514553,computed (both variants usable)
20:10420795:A:T,20:19455985:G:A,9035190,-0.06676717847585678,0.004457856062799692,computed (both variants usable)
20:10420795:A:T,20:19470418:C:A,9049623,-0.06836747378110886,0.004674111492931843,computed (both variants usable)
20:10471729:C:A,20:10485093:G:T,13364,0.6185957193374634,0.3826606571674347,computed (both variants usable)
20:10471729:C:A,20:10669188:C:A,197459,-0.15844403207302094,0.02510451152920723,computed (both variants usable)
20:10471729:C:A,20:10712810:T:C,241081,0.031558554619550705,0.0009959423914551735,computed (both variants usable)
20:10471729:C:A,20:10743612:A:T,271883,0.05264129117131233,0.0027711056172847748,computed (both variants usable)
20:10471729:C:A,20:10752610:C:T,280881,0.06450898200273514,0.004161408636718988,computed (both variants usable)
20:10471729:C:A,20:10965998:G:A,494269,-0.0357782244682312,0.0012800813419744372,computed (both variants usable)
20:10471729:C:A,20:10967214:T:G,495485,-0.0357782244682312,0.0012800813419744372,computed (both variants usable)
20:10471729:C:A,20:11886643:C:T,1414914,-0.03406446799635887,0.0011603879975154996,computed (both variants usable)
20:10471729:C:A,20:19455985:G:A,8984256,0.002490056212991476,6.200380084919743e-06,computed (both variants usable)
20:10471729:C:A,20:19470418:C:A,8998689,-0.0049689533188939095,2.4690496502444148e-05,computed (both variants usable)
20:10485093:G:T,20:10669188:C:A,184095,-0.08773098886013031,0.007696726359426975,computed (both variants usable)
20:10485093:G:T,20:10712810:T:C,227717,0.0120107252150774,0.00014425751578528434,computed (both variants usable)
20:10485093:G:T,20:10743612:A:T,258519,0.025570135563611984,0.0006538318120874465,computed (both variants usable)
20:10485093:G:T,20:10752610:C:T,267517,0.027824509888887405,0.0007742033340036869,computed (both variants usable)
20:10485093:G:T,20:10965998:G:A,480905,0.031425002962350845,0.0009875308023765683,computed (both variants usable)
20:10485093:G:T,20:10967214:T:G,482121,0.031425002962350845,0.0009875308023765683,computed (both variants usable)
20:10485093:G:T,20:11886643:C:T,1401550,-0.019827289506793022,0.0003931214159820229,computed (both variants usable)
20:10485093:G:T,20:19455985:G:A,8970892,0.03212575241923332,0.0010320639703422785,computed (both variants usable)
20:10485093:G:T,20:19470418:C:A,8985325,0.02039477787911892,0.00041594696813263,computed (both variants usable)
20:10669188:C:A,20:10712810:T:C,43622,-0.41409599781036377,0.17147549986839294,computed (both variants usable)
20:10669188:C:A,20:10743612:A:T,74424,-0.23742978274822235,0.056372903287410736,computed (both variants usable)
20:10669188:C:A,20:10752610:C:T,83422,-0.25199124217033386,0.0634995847940445,computed (both variants usable)
20:10669188:C:A,20:10965998:G:A,296810,0.003961768466979265,1.569561027281452e-05,computed (both variants usable)
20:10669188:C:A,20:10967214:T:G,298026,0.003961768466979265,1.569561027281452e-05,computed (both variants usable)
20:10669188:C:A,20:11886643:C:T,1217455,0.008797477930784225,7.739561988273636e-05,computed (both variants usable)
20:10669188:C:A,20:19455985:G:A,8786797,-0.031303416937589645,0.0009799039689823985,computed (both variants usable)
20:10669188:C:A,20:19470418:C:A,8801230,-0.02613467536866665,0.0006830212660133839,computed (both variants usable)
20:10712810:T:C,20:10743612:A:T,30802,0.11167140305042267,0.012470502406358719,computed (both variants usable)
20:10712810:T:C,20:10752610:C:T,39800,0.10113134235143661,0.010227547958493233,computed (both variants usable)
20:10712810:T:C,20:10965998:G:A,253188,-0.009580477140843868,9.178554319078103e-05,computed (both variants usable)
20:10712810:T:C,20:10967214:T:G,254404,-0.009580477140843868,9.178554319078103e-05,computed (both variants usable)
20:10712810:T:C,20:11886643:C:T,1173833,-0.051900215446949005,0.002693632384762168,computed (both variants usable)
20:10712810:T:C,20:19455985:G:A,8743175,-0.022854220122098923,0.0005223153857514262,computed (both variants usable)
20:10712810:T:C,20:19470418:C:A,8757608,-0.020667457953095436,0.00042714382288977504,computed (both variants usable)
20:10743612:A:T,20:10752610:C:T,8998,0.9423728585243225,0.8880665898323059,computed (both variants usable)
20:10743612:A:T,20:10965998:G:A,222386,-0.02855193242430687,0.0008152128430083394,computed (both variants usable)
20:10743612:A:T,20:10967214:T:G,223602,-0.02855193242430687,0.0008152128430083394,computed (both variants usable)
20:10743612:A:T,20:11886643:C:T,1143031,0.01987045258283615,0.0003948348748963326,computed (both variants usable)
20:10743612:A:T,20:19455985:G:A,8712373,0.041922494769096375,0.0017574955709278584,computed (both variants usable)
20:10743612:A:T,20:19470418:C:A,8726806,0.04580749571323395,0.0020983265712857246,computed (both variants usable)
20:10752610:C:T,20:10965998:G:A,213388,-0.01616721600294113,0.0002613788819871843,computed (both variants usable)
20:10752610:C:T,20:10967214:T:G,214604,-0.01616721600294113,0.0002613788819871843,computed (both variants usable)
20:10752610:C:T,20:11886643:C:T,1134033,0.022808654233813286,0.0005202346947044134,computed (both variants usable)
20:10752610:C:T,20:19455985:G:A,8703375,0.032156847417354584,0.001034062821418047,computed (both variants usable)
20:10752610:C:T,20:19470418:C:A,8717808,0.036186862736940384,0.0013094890164211392,computed (both variants usable)
20:10965998:G:A,20:10967214:T:G,1216,1.0000001192092896,1.000000238418579,computed (both variants usable)
20:10965998:G:A,20:11886643:C:T,920645,-0.0019823831971734762,3.92984293284826e-06,computed (both variants usable)
20:10965998:G:A,20:19455985:G:A,8489987,0.06155743822455406,0.003789318259805441,computed (both variants usable)
20:10965998:G:A,20:19470418:C:A,8504420,0.06650244444608688,0.004422575235366821,computed (both variants usable)
20:10967214:T:G,20:11886643:C:T,919429,-0.0019823831971734762,3.92984293284826e-06,computed (both variants usable)
20:10967214:T:G,20:19455985:G:A,8488771,0.06155743822455406,0.003789318259805441,computed (both variants usable)
20:10967214:T:G,20:19470418:C:A,8503204,0.06650244444608688,0.004422575235366821,computed (both variants usable)
20:11886643:C:T,20:19455985:G:A,7569342,-0.08111914247274399,0.006580315064638853,computed (both variants usable)
20:11886643:C:T,20:19470418:C:A,7583775,-0.07445117086172104,0.0055429767817258835,computed (both variants usable)
20:11886643:C:T,20:21242969:C:T,9356326,-0.05939248949289322,0.0035274678375571966,computed (both variants usable)
20:19455985:G:A,20:19470418:C:A,14433,0.9792551398277283,0.9589406251907349,computed (both variants usable)
20:19455985:G:A,20:21242969:C:T,1786984,0.02500811219215393,0.0006254056934267282,computed (both variants usable)
20:19470418:C:A,20:21242969:C:T,1772551,0.022535249590873718,0.0005078374524600804,computed (both variants usable)
20:21242969:C:T,20:30196356:C:G,8953387,0.003965386189520359,1.5724288459750824e-05,computed (both variants usable)
20:21242969:C:T,20:30198480:T:C,8955511,0.0060441577807068825,3.653184467111714e-05,computed (both variants usable)
20:21242969:C:T,20:30228157:G:A,8985188,-0.010403494350612164,0.00010823269258253276,computed (both variants usable)
20:30196356:C:G,20:30198480:T:C,2124,0.9889991283416748,0.9781192541122437,computed (both variants usable)
20:30196356:C:G,20:30228157:G:A,31801,0.8180673122406006,0.6692341566085815,computed (both variants usable)
20:30196356:C:G,20:32300671:G:A,2104315,-0.012905134819447994,0.0001665425079409033,computed (both variants usable)
20:30196356:C:G,20:35244926:C:T,5048570,0.07302496582269669,0.005332645494490862,computed (both variants usable)
20:30196356:C:G,20:36838422:T:C,6642066,0.00888356938958168,7.891780842328444e-05,computed (both variants usable)
20:30198480:T:C,20:30228157:G:A,29677,0.8146615624427795,0.663673460483551,computed (both variants usable)
20:30198480:T:C,20:32300671:G:A,2102191,-0.021181724965572357,0.00044866546522825956,computed (both variants usable)
20:30198480:T:C,20:35244926:C:T,5046446,0.08150283992290497,0.0066427127458155155,computed (both variants usable)
20:30198480:T:C,20:36838422:T:C,6639942,0.011939863674342632,0.00014256034046411514,computed (both variants usable)
20:30228157:G:A,20:32300671:G:A,2072514,-0.019317129626870155,0.000373151502572,computed (both variants usable)
20:30228157:G:A,20:35244926:C:T,5016769,0.04838942736387253,0.00234153657220304,computed (both variants usable)
20:30228157:G:A,20:36838422:T:C,6610265,-0.026511618867516518,0.0007028659456409514,computed (both variants usable)
20:32300671:G:A,20:35244926:C:T,2944255,0.038110896944999695,0.0014524405123665929,computed (both variants usable)
20:32300671:G:A,20:36838422:T:C,4537751,-0.019697116687893867,0.00038797641173005104,computed (both variants usable)
20:32300671:G:A,20:40258709:A:G,7958038,-0.05650981888175011,0.003193359589204192,computed (both variants usable)
20:32300671:G:A,20:40261579:T:C,7960908,-0.06258729100227356,0.003917168825864792,computed (both variants usable)
20:32300671:G:A,20:40268334:T:A,7967663,-0.05932639166712761,0.0035196207463741302,computed (both variants usable)
20:35244926:C:T,20:36838422:T:C,1593496,0.03064107336103916,0.0009388753678649664,computed (both variants usable)
20:35244926:C:T,20:40258709:A:G,5013783,-0.0069460379891097546,4.8247442464344203e-05,computed (both variants usable)
20:35244926:C:T,20:40261579:T:C,5016653,0.02499447390437126,0.0006247237324714661,computed (both variants usable)
20:35244926:C:T,20:40268334:T:A,5023408,0.023056374862790108,0.0005315964226610959,computed (both variants usable)
20:35244926:C:T,20:42801971:T:C,7557045,-0.011433322913944721,0.00013072087313048542,computed (both variants usable)
20:35244926:C:T,20:42804581:C:G,7559655,-0.011433322913944721,0.00013072087313048542,computed (both variants usable)
20:36838422:T:C,20:40258709:A:G,3420287,0.046896036714315414,0.0021992381662130356,computed (both variants usable)
20:36838422:T:C,20:40261579:T:C,3423157,0.03739229589700699,0.001398183754645288,computed (both variants usable)
20:36838422:T:C,20:40268334:T:A,3429912,0.03674321994185448,0.0013500641798600554,computed (both variants usable)
20:36838422:T:C,20:42801971:T:C,5963549,0.0028537840116769075,8.14408303995151e-06,computed (both variants usable)
20:36838422:T:C,20:42804581:C:G,5966159,0.0028537840116769075,8.14408303995151e-06,computed (both variants usable)
20:40258709:A:G,20:40261579:T:C,2870,0.7848739624023438,0.6160271167755127,computed (both variants usable)
20:40258709:A:G,20:40268334:T:A,9625,0.8507190346717834,0.7237228751182556,computed (both variants usable)
20:40258709:A:G,20:42801971:T:C,2543262,0.015272077172994614,0.00023323633649852127,computed (both variants usable)
20:40258709:A:G,20:42804581:C:G,2545872,0.015272077172994614,0.00023323633649852127,computed (both variants usable)
20:40258709:A:G,20:47308798:G:A,7050089,-0.030668389052152634,0.0009405500604771078,computed (both variants usable)
20:40258709:A:G,20:50108980:G:A,9850271,-0.044716835021972656,0.001999595435336232,computed (both variants usable)
20:40258709:A:G,20:50131816:A:C,9873107,0.014812776818871498,0.00021941836166661233,computed (both variants usable)
20:40261579:T:C,20:40268334:T:A,6755,0.9315599799156189,0.8678039908409119,computed (both variants usable)
20:40261579:T:C,20:42801971:T:C,2540392,0.0023181571159511805,5.373852218326647e-06,computed (both variants usable)
20:40261579:T:C,20:42804581:C:G,2543002,0.0023181571159511805,5.373852218326647e-06,computed (both variants usable)
20:40261579:T:C,20:47308798:G:A,7047219,-0.016207179054617882,0.0002626726636663079,computed (both variants usable)
20:40261579:T:C,20:50108980:G:A,9847401,-0.040410298854112625,0.0016329922946169972,computed (both variants usable)
20:40261579:T:C,20:50131816:A:C,9870237,0.01984824426472187,0.00039395279600284994,computed (both variants usable)
20:40268334:T:A,20:42801971:T:C,2533637,0.020881064236164093,0.0004360188322607428,computed (both variants usable)
20:40268334:T:A,20:42804581:C:G,2536247,0.020881064236164093,0.0004360188322607428,computed (both variants usable)
20:40268334:T:A,20:47308798:G:A,7040464,-0.0176763404160738,0.0003124530194327235,computed (both variants usable)
20:40268334:T:A,20:50108980:G:A,9840646,-0.03410886228084564,0.0011634144466370344,computed (both variants usable)
20:40268334:T:A,20:50131816:A:C,9863482,0.013887014240026474,0.00019284916925244033,computed (both variants usable)
20:42801971:T:C,20:42804581:C:G,2610,1.0000005960464478,1.0000011920928955,computed (both variants usable)
20:42801971:T:C,20:47308798:G:A,4506827,0.026137951761484146,0.0006831925129517913,computed (both variants usable)
20:42801971:T:C,20:50108980:G:A,7307009,-0.03458261117339134,0.0011959569528698921,computed (both variants usable)
20:42801971:T:C,20:50131816:A:C,7329845,0.054429616779088974,0.0029625832103192806,computed (both variants usable)
20:42804581:C:G,20:47308798:G:A,4504217,0.026137951761484146,0.0006831925129517913,computed (both variants usable)
20:42804581:C:G,20:50108980:G:A,7304399,-0.03458261117339134,0.0011959569528698921,computed (both variants usable)
20:42804581:C:G,20:50131816:A:C,7327235,0.054429616779088974,0.0029625832103192806,computed (both variants usable)
20:47308798:G:A,20:50108980:G:A,2800182,-0.007009172812104225,4.91285027237609e-05,computed (both variants usable)
20:47308798:G:A,20:50131816:A:C,2823018,0.004483975935727358,2.0106039301026613e-05,computed (both variants usable)
20:50108980:G:A,20:50131816:A:C,22836,-0.7297863960266113,0.5325881838798523,computed (both variants usable)
20:50108980:G:A,20:57589516:C:T,7480536,-0.023767810314893723,0.0005649087834171951,computed (both variants usable)
20:50108980:G:A,20:57607645:G:C,7498665,0.0009205436217598617,8.474005426251097e-07,computed (both variants usable)
20:50108980:G:A,20:57728269:C:T,7619289,0.05063232406973839,0.0025636323262006044,computed (both variants usable)
20:50108980:G:A,20:57739469:A:T,7630489,0.06098682060837746,0.0037193922325968742,computed (both variants usable)
20:50131816:A:C,20:57589516:C:T,7457700,0.03178562596440315,0.0010103259701281786,computed (both variants usable)
20:50131816:A:C,20:57607645:G:C,7475829,0.01629474386572838,0.000265518669039011,computed (both variants usable)
20:50131816:A:C,20:57728269:C:T,7596453,-0.06692322343587875,0.004478717688471079,computed (both variants usable)
20:50131816:A:C,20:57739469:A:T,7607653,-0.06462955474853516,0.004176979418843985,computed (both variants usable)
20:57589516:C:T,20:57607645:G:C,18129,0.7787597179412842,0.6064667105674744,computed (both variants usable)
20:57589516:C:T,20:57728269:C:T,138753,-0.06534679979085922,0.004270204342901707,computed (both variants usable)
20:57589516:C:T,20:57739469:A:T,149953,-0.07019111514091492,0.004926792811602354,computed (both variants usable)
20:57607645:G:C,20:57728269:C:T,120624,-0.10447441041469574,0.010914902202785015,computed (both variants usable)
20:57607645:G:C,20:57739469:A:T,131824,-0.1062389388680458,0.011286712251603603,computed (both variants usable)
20:57728269:C:T,20:57739469:A:T,11200,0.9511366486549377,0.9046609401702881,computed (both variants usable)
21:16576783:G:A,21:18930412:T:A,2353629,0.02968098223209381,0.0008809607243165374,computed (both variants usable)
21:30123533:A:G,21:30123544:C:T,11,1.000001311302185,1.0000026226043701,computed (both variants usable)
21:30123533:A:G,21:35293087:G:A,5169554,0.029929742217063904,0.0008957894751802087,computed (both variants usable)
21:30123533:A:G,21:35593827:G:A,5470294,-0.017977958545088768,0.00032320700120180845,computed (both variants usable)
21:30123533:A:G,21:39819830:C:T,9696297,0.005894462112337351,3.474468394415453e-05,computed (both variants usable)
21:30123544:C:T,21:35293087:G:A,5169543,0.029929742217063904,0.0008957894751802087,computed (both variants usable)
21:30123544:C:T,21:35593827:G:A,5470283,-0.017977958545088768,0.00032320700120180845,computed (both variants usable)
21:30123544:C:T,21:39819830:C:T,9696286,0.005894462112337351,3.474468394415453e-05,computed (both variants usable)
21:35293087:G:A,21:35593827:G:A,300740,-0.11203135550022125,0.012551024556159973,computed (both variants usable)
21:35293087:G:A,21:39819830:C:T,4526743,-0.022274630144238472,0.0004961591330356896,computed (both variants usable)
21:35293087:G:A,21:43472148:G:A,8179061,-0.038184963166713715,0.0014580914285033941,computed (both variants usable)
21:35593827:G:A,21:39819830:C:T,4226003,-0.0008563546580262482,7.333433131861966e-07,computed (both variants usable)
21:35593827:G:A,21:43472148:G:A,7878321,-0.013235379010438919,0.0001751752570271492,computed (both variants usable)
21:39819830:C:T,21:43472148:G:A,3652318,0.052124008536338806,0.0027169121894985437,computed (both variants usable)
22:18468105:A:G,22:18468369:A:C,264,0.9006861448287964,0.8112355470657349,computed (both variants usable)
22:18468105:A:G,22:28068309:G:A,9600204,-0.011578365229070187,0.00013405854406300932,computed (both variants usable)
22:18468369:A:C,22:28068309:G:A,9599940,-0.0225196685642004,0.000507135468069464,computed (both variants usable)
22:28068309:G:A,22:29453193:G:C,1384884,-0.020834023132920265,0.0004340565064921975,computed (both variants usable)
22:28068309:G:A,22:33173427:T:C,5105118,-0.01756221614778042,0.0003084314230363816,computed (both variants usable)
22:29453193:G:C,22:33173427:T:C,3720234,0.022859487682580948,0.0005225561908446252,computed (both variants usable)
22:33173427:T:C,22:40528572:A:C,7355145,0.021535411477088928,0.00046377393300645053,computed (both variants usable)
22:33173427:T:C,22:40729614:A:G,7556187,-0.005848465487360954,3.420454959268682e-05,computed (both variants usable)
22:40528572:A:C,22:40729614:A:G,201042,0.5284255743026733,0.27923357486724854,computed (both variants usable)
3:27329540:C:T,3:27538731:G:A,209191,-0.4392407238483429,0.19293241202831268,computed (both variants usable)
3:27329540:C:T,3:27562988:C:T,233448,0.5311343669891357,0.2821037173271179,computed (both variants usable)
3:27538731:G:A,3:27562988:C:T,24257,-0.6979299187660217,0.48710617423057556,computed (both variants usable)
3:41816673:G:C,3:48185266:A:G,6368593,0.016432588919997215,0.0002700299664866179,computed (both variants usable)
3:41816673:G:C,3:48282695:A:G,6466022,0.005339507013559341,2.8510336051112972e-05,computed (both variants usable)
3:41816673:G:C,3:49789814:G:A,7973141,0.0642935112118721,0.0041336556896567345,computed (both variants usable)
3:48185266:A:G,3:48282695:A:G,97429,-0.8383285999298096,0.7027948498725891,computed (both variants usable)
3:48185266:A:G,3:49789814:G:A,1604548,-0.0639488622546196,0.004089456982910633,computed (both variants usable)
3:48185266:A:G,3:53553923:G:T,5368657,-0.06422129273414612,0.004124374594539404,computed (both variants usable)
3:48185266:A:G,3:53558012:G:A,5372746,0.03996150195598602,0.0015969215892255306,computed (both variants usable)
3:48185266:A:G,3:53734195:A:T,5548929,0.04398695379495621,0.0019348521018400788,computed (both variants usable)
3:48185266:A:G,3:53734443:T:C,5549177,0.017538607120513916,0.000307602749671787,computed (both variants usable)
3:48185266:A:G,3:53735299:A:G,5550033,0.018957749009132385,0.00035939624649472535,computed (both variants usable)
3:48185266:A:G,3:56753662:C:T,8568396,0.017728343605995178,0.00031429415685124695,computed (both variants usable)
3:48185266:A:G,3:57765862:T:C,9580596,-0.016879037022590637,0.00028490187833085656,computed (both variants usable)
3:48282695:A:G,3:49789814:G:A,1507119,0.04787951707839966,0.002292448189109564,computed (both variants usable)
3:48282695:A:G,3:53553923:G:T,5271228,0.08103340864181519,0.006566413212567568,computed (both variants usable)
3:48282695:A:G,3:53558012:G:A,5275317,-0.03845089673995972,0.0014784714439883828,computed (both variants usable)
3:48282695:A:G,3:53734195:A:T,5451500,-0.020836109295487404,0.0004341434396337718,computed (both variants usable)
3:48282695:A:G,3:53734443:T:C,5451748,0.004336708690971136,1.8807042579283006e-05,computed (both variants usable)
3:48282695:A:G,3:53735299:A:G,5452604,0.00296934787184,8.817026355245616e-06,computed (both variants usable)
3:48282695:A:G,3:56753662:C:T,8470967,-0.013858411461114883,0.00019205556600354612,computed (both variants usable)
3:48282695:A:G,3:57765862:T:C,9483167,-0.03204754367470741,0.0010270450729876757,computed (both variants usable)
3:49789814:G:A,3:53553923:G:T,3764109,0.03857874497771263,0.0014883195981383324,computed (both variants usable)
3:49789814:G:A,3:53558012:G:A,3768198,-0.03846064954996109,0.0014792215079069138,computed (both variants usable)
3:49789814:G:A,3:53734195:A:T,3944381,-0.0028240878600627184,7.975471817189828e-06,computed (both variants usable)
3:49789814:G:A,3:53734443:T:C,3944629,0.013439959846436977,0.00018063251627609134,computed (both variants usable)
3:49789814:G:A,3:53735299:A:G,3945485,0.01544908992946148,0.00023867437266744673,computed (both variants usable)
3:49789814:G:A,3:56753662:C:T,6963848,-0.05218988656997681,0.0027237841859459877,computed (both variants usable)
3:49789814:G:A,3:57765862:T:C,7976048,0.04352164641022682,0.0018941337475553155,computed (both variants usable)
3:53553923:G:T,3:53558012:G:A,4089,-0.7817205190658569,0.6110869646072388,computed (both variants usable)
3:53553923:G:T,3:53734195:A:T,180272,-0.0609460212290287,0.0037144175730645657,computed (both variants usable)
3:53553923:G:T,3:53734443:T:C,180520,0.043005067855119705,0.0018494358519092202,computed (both variants usable)
3:53553923:G:T,3:53735299:A:G,181376,0.04177602007985115,0.0017452358733862638,computed (both variants usable)
3:53553923:G:T,3:56753662:C:T,3199739,0.03988054394721985,0.001590457744896412,computed (both variants usable)
3:53553923:G:T,3:57765862:T:C,4211939,0.036815445870161057,0.0013553770259022713,computed (both variants usable)
3:53558012:G:A,3:53734195:A:T,176183,0.05751766264438629,0.003308281535282731,computed (both variants usable)
3:53558012:G:A,3:53734443:T:C,176431,-0.02681204490363598,0.0007188857416622341,computed (both variants usable)
3:53558012:G:A,3:53735299:A:G,177287,-0.025363905355334282,0.000643327715806663,computed (both variants usable)
3:53558012:G:A,3:56753662:C:T,3195650,-0.00407573813572526,1.6611640603514388e-05,computed (both variants usable)
3:53558012:G:A,3:57765862:T:C,4207850,-0.04676833748817444,0.0021872774232178926,computed (both variants usable)
3:53734195:A:T,3:53734443:T:C,248,0.7551828026771545,0.5703010559082031,computed (both variants usable)
3:53734195:A:T,3:53735299:A:G,1104,0.7586351633071899,0.5755273103713989,computed (both variants usable)
3:53734195:A:T,3:56753662:C:T,3019467,-0.007197553291916847,5.180477455724031e-05,computed (both variants usable)
3:53734195:A:T,3:57765862:T:C,4031667,-0.01691441796720028,0.0002860975218936801,computed (both variants usable)
3:53734443:T:C,3:53735299:A:G,856,0.997726321220398,0.9954578280448914,computed (both variants usable)
3:53734443:T:C,3:56753662:C:T,3019219,-0.010542583651840687,0.00011114607332274318,computed (both variants usable)
3:53734443:T:C,3:57765862:T:C,4031419,0.007416729815304279,5.50078802916687e-05,computed (both variants usable)
3:53735299:A:G,3:56753662:C:T,3018363,-0.011858292855322361,0.000140619114972651,computed (both variants usable)
3:53735299:A:G,3:57765862:T:C,4030563,0.00969164539128542,9.392799256602302e-05,computed (both variants usable)
3:56753662:C:T,3:57765862:T:C,1012200,0.06341312825679779,0.004021225031465292,computed (both variants usable)
3:56753662:C:T,3:63905352:C:T,7151690,-0.03815288841724396,0.0014556428650394082,computed (both variants usable)
3:57765862:T:C,3:63905352:C:T,6139490,0.0312630757689476,0.000977379851974547,computed (both variants usable)
3:63905352:C:T,3:71164421:C:T,7259069,0.023278072476387024,0.0005418686778284609,computed (both variants usable)
3:63905352:C:T,3:71175440:A:C,7270088,0.016895070672035217,0.000285443413304165,computed (both variants usable)
3:71164421:C:T,3:71175440:A:C,11019,0.8711354732513428,0.7588770389556885,computed (both variants usable)
3:111513720:G:T,3:111521268:T:C,7548,-0.9570901989936829,0.9160216450691223,computed (both variants usable)
3:133940530:A:G,3:133985901:G:A,45371,0.705381453037262,0.4975630044937134,computed (both variants usable)
3:133940530:A:G,3:133995065:G:A,54535,0.8642681837081909,0.7469595074653625,computed (both variants usable)
3:133940530:A:G,3:141137035:G:A,7196505,-0.03291231021285057,0.0010832201223820448,computed (both variants usable)
3:133940530:A:G,3:141202982:G:A,7262452,0.02441079542040825,0.0005958869587630033,computed (both variants usable)
3:133940530:A:G,3:142614811:C:A,8674281,0.05452602729201317,0.0029730875976383686,computed (both variants usable)
3:133985901:G:A,3:133995065:G:A,9164,0.6264106035232544,0.39239025115966797,computed (both variants usable)
3:133985901:G:A,3:141137035:G:A,7151134,-0.00527935242280364,2.7871561542269774e-05,computed (both variants usable)
3:133985901:G:A,3:141202982:G:A,7217081,0.026811858639121056,0.0007188757881522179,computed (both variants usable)
3:133985901:G:A,3:142614811:C:A,8628910,0.06317252665758133,0.003990767989307642,computed (both variants usable)
3:133995065:G:A,3:141137035:G:A,7141970,-0.022092796862125397,0.00048809166764840484,computed (both variants usable)
3:133995065:G:A,3:141202982:G:A,7207917,0.03242071717977524,0.0010511028813198209,computed (both variants usable)
3:133995065:G:A,3:142614811:C:A,8619746,0.020082328468561172,0.0004032999277114868,computed (both variants usable)
3:141137035:G:A,3:141202982:G:A,65947,0.07662613689899445,0.005871565081179142,computed (both variants usable)
3:141137035:G:A,3:142614811:C:A,1477776,-0.031131982803344727,0.0009692003368400037,computed (both variants usable)
3:141202982:G:A,3:142614811:C:A,1411829,0.026551013812422752,0.0007049563573673368,computed (both variants usable)
3:160526204:T:C,3:168815099:T:C,8288895,-0.012805613689124584,0.00016398374282289296,computed (both variants usable)
3:160526204:T:C,3:169092995:C:T,8566791,-0.0074937171302735806,5.6155797210521996e-05,computed (both variants usable)
3:160526204:T:C,3:169113110:C:A,8586906,0.017556605860590935,0.00030823441920801997,computed (both variants usable)
3:160526204:T:C,3:169186293:G:A,8660089,-0.01948566921055317,0.00037969130789861083,computed (both variants usable)
3:160526204:T:C,3:169295764:A:C,8769560,0.01605725847184658,0.00025783554883673787,computed (both variants usable)
3:160526204:T:C,3:169311841:A:G,8785637,0.03633763641119003,0.0013204237911850214,computed (both variants usable)
3:168815099:T:C,3:169092995:C:T,277896,0.06308163702487946,0.003979292698204517,computed (both variants usable)
3:168815099:T:C,3:169113110:C:A,298011,-0.06067768856883049,0.0036817819345742464,computed (both variants usable)
3:168815099:T:C,3:169186293:G:A,371194,0.09726782888174057,0.00946103036403656,computed (both variants usable)
3:168815099:T:C,3:169295764:A:C,480665,-0.02287406474351883,0.0005232228431850672,computed (both variants usable)
3:168815099:T:C,3:169311841:A:G,496742,0.003868351224809885,1.4964140973461326e-05,computed (both variants usable)
3:168815099:T:C,3:171833266:G:C,3018167,-0.04985842481255531,0.0024858624674379826,computed (both variants usable)
3:169092995:C:T,3:169113110:C:A,20115,-0.9232767820358276,0.8524399995803833,computed (both variants usable)
3:169092995:C:T,3:169186293:G:A,93298,0.8196528553962708,0.6718308329582214,computed (both variants usable)
3:169092995:C:T,3:169295764:A:C,202769,0.052302565425634384,0.002735558431595564,computed (both variants usable)
3:169092995:C:T,3:169311841:A:G,218846,-0.010894572362303734,0.0001186917070299387,computed (both variants usable)
3:169092995:C:T,3:171833266:G:C,2740271,-0.037941284477710724,0.0014395411126315594,computed (both variants usable)
3:169113110:C:A,3:169186293:G:A,73183,-0.8744687438011169,0.7646955847740173,computed (both variants usable)
3:169113110:C:A,3:169295764:A:C,182654,-0.06826801598072052,0.004660522099584341,computed (both variants usable)
3:169113110:C:A,3:169311841:A:G,198731,-0.01755101978778839,0.00030803828849457204,computed (both variants usable)
3:169113110:C:A,3:171833266:G:C,2720156,0.03472601994872093,0.0012058964930474758,computed (both variants usable)
3:169186293:G:A,3:169295764:A:C,109471,0.09146828949451447,0.008366447873413563,computed (both variants usable)
3:169186293:G:A,3:169311841:A:G,125548,0.011547273024916649,0.0001333395193796605,computed (both variants usable)
3:169186293:G:A,3:171833266:G:C,2646973,-0.04370918124914169,0.0019104925449937582,computed (both variants usable)
3:169295764:A:C,3:169311841:A:G,16077,0.7287414073944092,0.5310640335083008,computed (both variants usable)
3:169295764:A:C,3:171833266:G:C,2537502,0.05146903917193413,0.002649062080308795,computed (both variants usable)
3:169311841:A:G,3:171833266:G:C,2521425,0.06823556870222092,0.00465609272941947,computed (both variants usable)
3:183515314:A:G,3:185518910:G:A,2003596,-0.0014918590895831585,2.22564358409727e-06,computed (both variants usable)
3:185518910:G:A,3:194299967:G:T,8781057,-0.013940339908003807,0.00019433307170402259,computed (both variants usable)
4:8275261:C:G,4:14905402:T:C,6630141,0.029040856286883354,0.0008433713228441775,computed (both variants usable)
4:8275261:C:G,4:16031448:C:T,7756187,0.007046920713037252,4.965909101883881e-05,computed (both variants usable)
4:14905402:T:C,4:16031448:C:T,1126046,-0.0192014891654253,0.0003686971904244274,computed (both variants usable)
4:54799245:T:C,4:54800759:T:C,1514,0.9957950711250305,0.9916078448295593,computed (both variants usable)
4:73504077:G:T,4:77382068:T:C,3877991,-0.014944413676857948,0.00022333550441544503,computed (both variants usable)
4:73504077:G:T,4:77396854:G:C,3892777,0.0010171179892495275,1.034528963828052e-06,computed (both variants usable)
4:73504077:G:T,4:77404635:G:A,3900558,-0.03199170529842377,0.0010234692599624395,computed (both variants usable)
4:73504077:G:T,4:81182554:T:C,7678477,-0.07404938340187073,0.0054833111353218555,computed (both variants usable)
4:77382068:T:C,4:77396854:G:C,14786,0.6859983205795288,0.4705936908721924,computed (both variants usable)
4:77382068:T:C,4:77404635:G:A,22567,0.7031002044677734,0.4943498969078064,computed (both variants usable)
4:77382068:T:C,4:81182554:T:C,3800486,0.0030577920842915773,9.35009211389115e-06,computed (both variants usable)
4:77396854:G:C,4:77404635:G:A,7781,0.7573581337928772,0.5735913515090942,computed (both variants usable)
4:77396854:G:C,4:81182554:T:C,3785700,0.018972396850585938,0.0003599518386181444,computed (both variants usable)
4:77404635:G:A,4:81182554:T:C,3777919,0.04296153411269188,0.0018456934485584497,computed (both variants usable)
4:102477777:A:G,4:102498208:G:A,20431,0.9959684610366821,0.9919531941413879,computed (both variants usable)
4:102477777:A:G,4:103188709:C:T,710932,-0.06830112636089325,0.004665043670684099,computed (both variants usable)
4:102477777:A:G,4:103198082:A:G,720305,-0.07784999161958694,0.006060621235519648,computed (both variants usable)
4:102477777:A:G,4:103732866:C:T,1255089,-0.057442232966423035,0.00329961022362113,computed (both variants usable)
4:102477777:A:G,4:103915310:T:G,1437533,-0.0409228578209877,0.0016746802721172571,computed (both variants usable)
4:102477777:A:G,4:106910958:C:T,4433181,0.015650464221835136,0.00024493702221661806,computed (both variants usable)
4:102477777:A:G,4:106911742:G:C,4433965,0.013571628369390965,0.00018418909166939557,computed (both variants usable)
4:102477777:A:G,4:109017528:G:A,6539751,-0.0400838740170002,0.0016067170072346926,computed (both variants usable)
4:102477777:A:G,4:109067898:G:T,6590121,-0.04399885982275009,0.0019358997233211994,computed (both variants usable)
4:102477777:A:G,4:111337478:G:A,8859701,0.025830907747149467,0.0006672358140349388,computed (both variants usable)
4:102477777:A:G,4:111404413:A:G,8926636,0.0492384172976017,0.0024244217202067375,computed (both variants usable)
4:102477777:A:G,4:111406496:G:A,8928719,0.06693293899297714,0.004480018280446529,computed (both variants usable)
4:102498208:G:A,4:103188709:C:T,690501,-0.06830113381147385,0.004665045067667961,computed (both variants usable)
4:102498208:G:A,4:103198082:A:G,699874,-0.07785000652074814,0.006060623563826084,computed (both variants usable)
4:102498208:G:A,4:103732866:C:T,1234658,-0.061690956354141235,0.0038057740312069654,computed (both variants usable)
4:102498208:G:A,4:103915310:T:G,1417102,-0.04492873698472977,0.0020185913890600204,computed (both variants usable)
4:102498208:G:A,4:106910958:C:T,4412750,0.020418576896190643,0.000416918279370293,computed (both variants usable)
4:102498208:G:A,4:106911742:G:C,4413534,0.01834706775844097,0.000336614903062582,computed (both variants usable)
4:102498208:G:A,4:109017528:G:A,6519320,-0.040083881467580795,0.0016067175893113017,computed (both variants usable)
4:102498208:G:A,4:109067898:G:T,6569690,-0.04399886727333069,0.0019359003053978086,computed (both variants usable)
4:102498208:G:A,4:111337478:G:A,8839270,0.025830913335084915,0.0006672361050732434,computed (both variants usable)
4:102498208:G:A,4:111404413:A:G,8906205,0.049238421022892,0.002424422185868025,computed (both variants usable)
4:102498208:G:A,4:111406496:G:A,8908288,0.06693294644355774,0.004480019211769104,computed (both variants usable)
4:103188709:C:T,4:103198082:A:G,9373,0.9613522291183472,0.9241980910301208,computed (both variants usable)
4:103188709:C:T,4:103732866:C:T,544157,-0.04396983981132507,0.0019333468517288566,computed (both variants usable)
4:103188709:C:T,4:103915310:T:G,726601,-0.04443760961294174,0.0019747011829167604,computed (both variants usable)
4:103188709:C:T,4:106910958:C:T,3722249,-0.006209456827491522,3.855735485558398e-05,computed (both variants usable)
4:103188709:C:T,4:106911742:G:C,3723033,-0.00691579282283783,4.782819087267853e-05,computed (both variants usable)
4:103188709:C:T,4:109017528:G:A,5828819,-0.007147201802581549,5.1082493882859126e-05,computed (both variants usable)
4:103188709:C:T,4:109067898:G:T,5879189,-0.0004949037684127688,2.449297369366832e-07,computed (both variants usable)
4:103188709:C:T,4:111337478:G:A,8148769,-0.0033322556409984827,1.11039280454861e-05,computed (both variants usable)
4:103188709:C:T,4:111404413:A:G,8215704,0.03203969448804855,0.0010265420423820615,computed (both variants usable)
4:103188709:C:T,4:111406496:G:A,8217787,0.02079549804329872,0.0004324527399148792,computed (both variants usable)
4:103198082:A:G,4:103732866:C:T,534784,-0.05007476359605789,0.0025074819568544626,computed (both variants usable)
4:103198082:A:G,4:103915310:T:G,717228,-0.03537771850824356,0.0012515829876065254,computed (both variants usable)
4:103198082:A:G,4:106910958:C:T,3712876,-0.011326778680086136,0.0001282959128729999,computed (both variants usable)
4:103198082:A:G,4:106911742:G:C,3713660,-0.012068959884345531,0.00014565979654435068,computed (both variants usable)
4:103198082:A:G,4:109017528:G:A,5819446,0.0013180862879380584,1.7373514538121526e-06,computed (both variants usable)
4:103198082:A:G,4:109067898:G:T,5869816,-0.005442489869892597,2.962069629575126e-05,computed (both variants usable)
4:103198082:A:G,4:111337478:G:A,8139396,0.0008780437638051808,7.709608667028078e-07,computed (both variants usable)
4:103198082:A:G,4:111404413:A:G,8206331,0.02904346212744713,0.0008435227209702134,computed (both variants usable)
4:103198082:A:G,4:111406496:G:A,8208414,0.022167041897773743,0.0004913777229376137,computed (both variants usable)
4:103732866:C:T,4:103915310:T:G,182444,0.7025439143180847,0.49356794357299805,computed (both variants usable)
4:103732866:C:T,4:106910958:C:T,3178092,0.028077924624085426,0.0007883698563091457,computed (both variants usable)
4:103732866:C:T,4:106911742:G:C,3178876,0.026446053758263588,0.0006993937422521412,computed (both variants usable)
4:103732866:C:T,4:109017528:G:A,5284662,0.05104359611868858,0.0026054487098008394,computed (both variants usable)
4:103732866:C:T,4:109067898:G:T,5335032,0.0456400029361248,0.002083009807392955,computed (both variants usable)
4:103732866:C:T,4:111337478:G:A,7604612,0.0005808172281831503,3.3734866633494676e-07,computed (both variants usable)
4:103732866:C:T,4:111404413:A:G,7671547,-0.033118464052677155,0.00109683268237859,computed (both variants usable)
4:103732866:C:T,4:111406496:G:A,7673630,-0.03185029327869415,0.001014441135339439,computed (both variants usable)
4:103915310:T:G,4:106910958:C:T,2995648,0.039097659289836884,0.0015286270063370466,computed (both variants usable)
4:103915310:T:G,4:106911742:G:C,2996432,0.0415857657790184,0.0017293759156018496,computed (both variants usable)
4:103915310:T:G,4:109017528:G:A,5102218,0.04287397861480713,0.0018381780246272683,computed (both variants usable)
4:103915310:T:G,4:109067898:G:T,5152588,0.04843006283044815,0.002345470944419503,computed (both variants usable)
4:103915310:T:G,4:111337478:G:A,7422168,-0.0005394346662797034,2.909897602876299e-07,computed (both variants usable)
4:103915310:T:G,4:111404413:A:G,7489103,-0.011787508614361286,0.00013894535368308425,computed (both variants usable)
4:103915310:T:G,4:111406496:G:A,7491186,0.011696575209498405,0.00013680987467523664,computed (both variants usable)
4:106910958:C:T,4:106911742:G:C,784,0.997180700302124,0.9943693280220032,computed (both variants usable)
4:106910958:C:T,4:109017528:G:A,2106570,-0.04317852854728699,0.001864385325461626,computed (both variants usable)
4:106910958:C:T,4:109067898:G:T,2156940,-0.05801773443818092,0.003366057528182864,computed (both variants usable)
4:106910958:C:T,4:111337478:G:A,4426520,0.0013514538295567036,1.826427478590631e-06,computed (both variants usable)
4:106910958:C:T,4:111404413:A:G,4493455,0.03573530167341232,0.0012770118191838264,computed (both variants usable)
4:106910958:C:T,4:111406496:G:A,4495538,0.04292501509189606,0.0018425568705424666,computed (both variants usable)
4:106911742:G:C,4:109017528:G:A,2105786,-0.04150152578949928,0.0017223766772076488,computed (both variants usable)
4:106911742:G:C,4:109067898:G:T,2156156,-0.05622408166527748,0.0031611474696546793,computed (both variants usable)
4:106911742:G:C,4:111337478:G:A,4425736,-0.0006048885989002883,3.658902301140188e-07,computed (both variants usable)
4:106911742:G:C,4:111404413:A:G,4492671,0.03795316070318222,0.0014404424000531435,computed (both variants usable)
4:106911742:G:C,4:111406496:G:A,4494754,0.04559973254799843,0.002079335507005453,computed (both variants usable)
4:109017528:G:A,4:109067898:G:T,50370,0.9045886397361755,0.8182805776596069,computed (both variants usable)
4:109017528:G:A,4:111337478:G:A,2319950,0.026152174919843674,0.0006839362322352827,computed (both variants usable)
4:109017528:G:A,4:111404413:A:G,2386885,0.006865356117486954,4.7133115003816783e-05,computed (both variants usable)
4:109017528:G:A,4:111406496:G:A,2388968,0.006934454198926687,4.808665471500717e-05,computed (both variants usable)
4:109067898:G:T,4:111337478:G:A,2269580,0.01149626076221466,0.000132164015667513,computed (both variants usable)
4:109067898:G:T,4:111404413:A:G,2336515,0.009376801550388336,8.792441076366231e-05,computed (both variants usable)
4:109067898:G:T,4:111406496:G:A,2338598,0.003852359252050519,1.484067161072744e-05,computed (both variants usable)
4:111337478:G:A,4:111404413:A:G,66935,0.6153726577758789,0.37868350744247437,computed (both variants usable)
4:111337478:G:A,4:111406496:G:A,69018,0.7218625545501709,0.5210855603218079,computed (both variants usable)
4:111404413:A:G,4:111406496:G:A,2083,0.8290894031524658,0.6873892545700073,computed (both variants usable)
4:138411527:C:G,4:138439630:T:A,28103,0.9856990575790405,0.9716026186943054,computed (both variants usable)
4:138411527:C:G,4:138441530:A:G,30003,0.9856990575790405,0.9716026186943054,computed (both variants usable)
4:138439630:T:A,4:138441530:A:G,1900,1.0000022649765015,1.000004529953003,computed (both variants usable)
4:156638867:A:G,4:156641047:G:A,2180,0.9915438294410706,0.9831591844558716,computed (both variants usable)
4:156638867:A:G,4:156645513:C:A,6646,0.4890182912349701,0.2391388863325119,computed (both variants usable)
4:156641047:G:A,4:156645513:C:A,4466,0.49492689967155457,0.24495263397693634,computed (both variants usable)
4:169688000:C:A,4:169692236:A:C,4236,-0.777215301990509,0.6040636301040649,computed (both variants usable)
5:1280028:G:A,5:1296072:A:G,16044,-0.5347414016723633,0.28594836592674255,computed (both variants usable)
5:32829975:C:G,5:32832474:C:A,2499,0.9999973177909851,0.9999946355819702,computed (both variants usable)
5:32829975:C:G,5:42476047:A:C,9646072,-0.01187929604202509,0.00014111767814029008,computed (both variants usable)
5:32832474:C:A,5:42476047:A:C,9643573,-0.01187929604202509,0.00014111767814029008,computed (both variants usable)
5:56224124:A:G,5:57179673:T:A,955549,-0.012178640812635422,0.00014831929001957178,computed (both variants usable)
5:56224124:A:G,5:61558805:A:T,5334681,0.03614243492484093,0.0013062756042927504,computed (both variants usable)
5:56224124:A:G,5:61951416:C:T,5727292,0.026627007871866226,0.000708997540641576,computed (both variants usable)
5:57179673:T:A,5:61558805:A:T,4379132,-0.015520825050771236,0.0002408960135653615,computed (both variants usable)
5:57179673:T:A,5:61951416:C:T,4771743,-0.019587939605116844,0.0003836873802356422,computed (both variants usable)
5:61558805:A:T,5:61951416:C:T,392611,0.7344240546226501,0.5393787026405334,computed (both variants usable)
5:75003678:T:C,5:77687137:G:A,2683459,-0.023609399795532227,0.0005574037786573172,computed (both variants usable)
5:75003678:T:C,5:77882036:G:T,2878358,,,unknown: absent from panel
5:77687137:G:A,5:77882036:G:T,194899,,,unknown: absent from panel
5:114381312:T:C,5:114389826:A:G,8514,0.9940261244773865,0.9880879521369934,computed (both variants usable)
5:114381312:T:C,5:114393181:G:T,11869,-0.9940261244773865,0.9880879521369934,computed (both variants usable)
5:114381312:T:C,5:115728045:T:A,1346733,-0.031055597588419914,0.0009644501260481775,computed (both variants usable)
5:114381312:T:C,5:122653399:G:A,8272087,-0.0639069527387619,0.004084098618477583,computed (both variants usable)
5:114381312:T:C,5:123010967:A:G,8629655,-0.022825786843895912,0.0005210165400058031,computed (both variants usable)
5:114389826:A:G,5:114393181:G:T,3355,-0.9999979138374329,0.9999958276748657,computed (both variants usable)
5:114389826:A:G,5:115728045:T:A,1338219,-0.03291020914912224,0.0010830818209797144,computed (both variants usable)
5:114389826:A:G,5:122653399:G:A,8263573,-0.06591391563415527,0.004344644490629435,computed (both variants usable)
5:114389826:A:G,5:123010967:A:G,8621141,-0.017150187864899635,0.0002941289567388594,computed (both variants usable)
5:114393181:G:T,5:115728045:T:A,1334864,0.03291020914912224,0.0010830818209797144,computed (both variants usable)
5:114393181:G:T,5:122653399:G:A,8260218,0.06591391563415527,0.004344644490629435,computed (both variants usable)
5:114393181:G:T,5:123010967:A:G,8617786,0.017150187864899635,0.0002941289567388594,computed (both variants usable)
5:115728045:T:A,5:122653399:G:A,6925354,0.0442788228392601,0.0019606142304837704,computed (both variants usable)
5:115728045:T:A,5:123010967:A:G,7282922,0.013429663144052029,0.00018035585526376963,computed (both variants usable)
5:122653399:G:A,5:123010967:A:G,357568,-0.14771786332130432,0.021820567548274994,computed (both variants usable)
5:122653399:G:A,5:127843208:C:T,5189809,0.0354488343000412,0.0012566198129206896,computed (both variants usable)
5:122653399:G:A,5:127845030:C:A,5191631,0.0354488343000412,0.0012566198129206896,computed (both variants usable)
5:122653399:G:A,5:127881566:C:T,5228167,0.008308264426887035,6.902725726831704e-05,computed (both variants usable)
5:122653399:G:A,5:131799961:T:C,9146562,0.0362376905977726,0.0013131701853126287,computed (both variants usable)
5:122653399:G:A,5:132444128:G:A,9790729,0.021283015608787537,0.0004529667494352907,computed (both variants usable)
5:123010967:A:G,5:127843208:C:T,4832241,0.0328514501452446,0.0010792177636176348,computed (both variants usable)
5:123010967:A:G,5:127845030:C:A,4834063,0.0328514501452446,0.0010792177636176348,computed (both variants usable)
5:123010967:A:G,5:127881566:C:T,4870599,0.05743367224931717,0.003298626746982336,computed (both variants usable)
5:123010967:A:G,5:131799961:T:C,8788994,-0.05216675251722336,0.0027213699650019407,computed (both variants usable)
5:123010967:A:G,5:132444128:G:A,9433161,-0.02598673850297928,0.0006753105553798378,computed (both variants usable)
5:127843208:C:T,5:127845030:C:A,1822,1.0000005960464478,1.0000011920928955,computed (both variants usable)
5:127843208:C:T,5:127881566:C:T,38358,0.8464349508285522,0.7164521217346191,computed (both variants usable)
5:127843208:C:T,5:131799961:T:C,3956753,0.031253840774297714,0.0009768025483936071,computed (both variants usable)
5:127843208:C:T,5:132444128:G:A,4600920,0.011533571407198906,0.0001330232626060024,computed (both variants usable)
5:127845030:C:A,5:127881566:C:T,36536,0.8464349508285522,0.7164521217346191,computed (both variants usable)
5:127845030:C:A,5:131799961:T:C,3954931,0.031253840774297714,0.0009768025483936071,computed (both variants usable)
5:127845030:C:A,5:132444128:G:A,4599098,0.011533571407198906,0.0001330232626060024,computed (both variants usable)
5:127881566:C:T,5:131799961:T:C,3918395,0.008199648931622505,6.723424303345382e-05,computed (both variants usable)
5:127881566:C:T,5:132444128:G:A,4562562,0.020906910300254822,0.00043709890451282263,computed (both variants usable)
5:131799961:T:C,5:132444128:G:A,644167,-0.07012344151735306,0.004917297046631575,computed (both variants usable)
5:131799961:T:C,5:140185225:T:C,8385264,0.024404864758253098,0.0005955974338576198,computed (both variants usable)
5:132444128:G:A,5:140185225:T:C,7741097,-0.03248351439833641,0.0010551786981523037,computed (both variants usable)
5:140185225:T:C,5:147871966:G:A,7686741,0.006518085952848196,4.248544428264722e-05,computed (both variants usable)
5:140185225:T:C,5:147884668:C:T,7699443,0.007508143782615662,5.637222420773469e-05,computed (both variants usable)
5:140185225:T:C,5:148361622:A:C,8176397,0.022258048877120018,0.0004954207688570023,computed (both variants usable)
5:140185225:T:C,5:148366371:T:C,8181146,0.022258048877120018,0.0004954207688570023,computed (both variants usable)
5:140185225:T:C,5:148385614:G:A,8200389,0.020886164158582687,0.0004362318431958556,computed (both variants usable)
5:147871966:G:A,5:147884668:C:T,12702,0.9959408640861511,0.9918981790542603,computed (both variants usable)
5:147871966:G:A,5:148361622:A:C,489656,0.008954335935413837,8.018012886168435e-05,computed (both variants usable)
5:147871966:G:A,5:148366371:T:C,494405,0.008954335935413837,8.018012886168435e-05,computed (both variants usable)
5:147871966:G:A,5:148385614:G:A,513648,0.009698640555143356,9.406363096786663e-05,computed (both variants usable)
5:147884668:C:T,5:148361622:A:C,476954,0.010819010436534882,0.00011705098586389795,computed (both variants usable)
5:147884668:C:T,5:148366371:T:C,481703,0.010819010436534882,0.00011705098586389795,computed (both variants usable)
5:147884668:C:T,5:148385614:G:A,500946,0.011576536111533642,0.00013401618343777955,computed (both variants usable)
5:148361622:A:C,5:148366371:T:C,4749,1.000001311302185,1.0000026226043701,computed (both variants usable)
5:148361622:A:C,5:148385614:G:A,23992,0.9931964874267578,0.9864392876625061,computed (both variants usable)
5:148366371:T:C,5:148385614:G:A,19243,0.9931964874267578,0.9864392876625061,computed (both variants usable)
5:171749429:C:T,5:172196711:G:T,447282,,,unknown: absent from panel
5:171749429:C:T,5:172503742:C:G,754313,,,unknown: absent from panel
5:171749429:C:T,5:173340496:T:G,1591067,,,unknown: absent from panel
5:171749429:C:T,5:173356752:G:C,1607323,,,unknown: absent from panel
5:171749429:C:T,5:173392398:A:T,1642969,,,unknown: absent from panel
5:172196711:G:T,5:172503742:C:G,307031,-0.008721774443984032,7.606935105286539e-05,computed (both variants usable)
5:172196711:G:T,5:173340496:T:G,1143785,0.025089003145694733,0.0006294580525718629,computed (both variants usable)
5:172196711:G:T,5:173356752:G:C,1160041,0.017241396009922028,0.0002972657384816557,computed (both variants usable)
5:172196711:G:T,5:173392398:A:T,1195687,0.017765168100595474,0.00031560120987705886,computed (both variants usable)
5:172503742:C:G,5:173340496:T:G,836754,0.006342827342450619,4.02314581151586e-05,computed (both variants usable)
5:172503742:C:G,5:173356752:G:C,853010,0.005454926751554012,2.9756225558230653e-05,computed (both variants usable)
5:172503742:C:G,5:173392398:A:T,888656,-0.0030122571624815464,9.07369303604355e-06,computed (both variants usable)
5:173340496:T:G,5:173356752:G:C,16256,0.9927653670310974,0.9855830669403076,computed (both variants usable)
5:173340496:T:G,5:173392398:A:T,51902,0.9420275092124939,0.8874158263206482,computed (both variants usable)
5:173356752:G:C,5:173392398:A:T,35646,0.9349299669265747,0.8740940690040588,computed (both variants usable)
6:36644498:T:C,6:43349795:G:A,6705297,-0.03679480031132698,0.0013538573402911425,computed (both variants usable)
6:36644498:T:C,6:43352980:A:G,6708482,0.034670859575271606,0.0012020685244351625,computed (both variants usable)
6:36644498:T:C,6:43364494:G:A,6719996,0.017426801845431328,0.0003036934358533472,computed (both variants usable)
6:36644498:T:C,6:43806609:G:A,7162111,-0.020974185317754745,0.000439916446339339,computed (both variants usable)
6:36644498:T:C,6:44181315:C:T,7536817,-0.010280197486281395,0.00010568246216280386,computed (both variants usable)
6:43349795:G:A,6:43352980:A:G,3185,-0.9978693127632141,0.9957431554794312,computed (both variants usable)
6:43349795:G:A,6:43364494:G:A,14699,-0.8196505308151245,0.6718270182609558,computed (both variants usable)
6:43349795:G:A,6:43806609:G:A,456814,-0.0647377148270607,0.0041909716092050076,computed (both variants usable)
6:43349795:G:A,6:44181315:C:T,831520,0.03370053693652153,0.0011357262264937162,computed (both variants usable)
6:43349795:G:A,6:51243950:G:A,7894155,-0.042625702917575836,0.0018169505055993795,computed (both variants usable)
6:43349795:G:A,6:51449442:G:A,8099647,-0.0779796838760376,0.0060808309353888035,computed (both variants usable)
6:43349795:G:A,6:51838263:A:G,8488468,0.06937042623758316,0.004812255967408419,computed (both variants usable)
6:43352980:A:G,6:43364494:G:A,11514,0.8213960528373718,0.6746914982795715,computed (both variants usable)
6:43352980:A:G,6:43806609:G:A,453629,0.06780719757080078,0.004597816150635481,computed (both variants usable)
6:43352980:A:G,6:44181315:C:T,828335,-0.034649159759283066,0.0012005643220618367,computed (both variants usable)
6:43352980:A:G,6:51243950:G:A,7890970,0.038810957223176956,0.0015062903985381126,computed (both variants usable)
6:43352980:A:G,6:51449442:G:A,8096462,0.07556396722793579,0.005709913093596697,computed (both variants usable)
6:43352980:A:G,6:51838263:A:G,8485283,-0.07156065851449966,0.005120927933603525,computed (both variants usable)
6:43364494:G:A,6:43806609:G:A,442115,0.05571708083152771,0.0031043931376188993,computed (both variants usable)
6:43364494:G:A,6:44181315:C:T,816821,-0.009570635855197906,9.159707406070083e-05,computed (both variants usable)
6:43364494:G:A,6:51243950:G:A,7879456,0.03212698921561241,0.0010321434820070863,computed (both variants usable)
6:43364494:G:A,6:51449442:G:A,8084948,0.07809434086084366,0.00609872629866004,computed (both variants usable)
6:43364494:G:A,6:51838263:A:G,8473769,-0.044569142162799835,0.0019864083733409643,computed (both variants usable)
6:43806609:G:A,6:44181315:C:T,374706,-0.047894760966300964,0.0022939080372452736,computed (both variants usable)
6:43806609:G:A,6:51243950:G:A,7437341,0.0199943408370018,0.0003997736785095185,computed (both variants usable)
6:43806609:G:A,6:51449442:G:A,7642833,0.007993808016180992,6.390096677932888e-05,computed (both variants usable)
6:43806609:G:A,6:51838263:A:G,8031654,0.04025011509656906,0.0016200717072933912,computed (both variants usable)
6:44181315:C:T,6:51243950:G:A,7062635,0.008803145959973335,7.749538053758442e-05,computed (both variants usable)
6:44181315:C:T,6:51449442:G:A,7268127,0.016459142789244652,0.0002709033724386245,computed (both variants usable)
6:44181315:C:T,6:51838263:A:G,7656948,-0.011587615124881268,0.00013427282101474702,computed (both variants usable)
6:51243950:G:A,6:51449442:G:A,205492,0.3623678684234619,0.13131047785282135,computed (both variants usable)
6:51243950:G:A,6:51838263:A:G,594313,-0.016146220266819,0.00026070044259540737,computed (both variants usable)
6:51243950:G:A,6:55551632:G:A,4307682,-0.019182510673999786,0.00036796872154809535,computed (both variants usable)
6:51243950:G:A,6:55653619:C:T,4409669,0.0021677485201507807,4.6991335693746805e-06,computed (both variants usable)
6:51243950:G:A,6:55986975:C:T,4743025,0.015623485669493675,0.00024409330217167735,computed (both variants usable)
6:51243950:G:A,6:55994438:C:T,4750488,0.013093327172100544,0.00017143521108664572,computed (both variants usable)
6:51449442:G:A,6:51838263:A:G,388821,-0.02749091386795044,0.0007557503413408995,computed (both variants usable)
6:51449442:G:A,6:55551632:G:A,4102190,-0.0009942203760147095,9.884741984933498e-07,computed (both variants usable)
6:51449442:G:A,6:55653619:C:T,4204177,0.03382755070924759,0.0011443032417446375,computed (both variants usable)
6:51449442:G:A,6:55986975:C:T,4537533,-0.020905926823616028,0.00043705778080038726,computed (both variants usable)
6:51449442:G:A,6:55994438:C:T,4544996,-0.029038341715931892,0.0008432252798229456,computed (both variants usable)
6:51838263:A:G,6:55551632:G:A,3713369,0.01470437366515398,0.00021621859923470765,computed (both variants usable)
6:51838263:A:G,6:55653619:C:T,3815356,-0.029073381796479225,0.0008452615002170205,computed (both variants usable)
6:51838263:A:G,6:55986975:C:T,4148712,-0.05891947075724602,0.0034715039655566216,computed (both variants usable)
6:51838263:A:G,6:55994438:C:T,4156175,-0.0621272474527359,0.003859794931486249,computed (both variants usable)
6:55551632:G:A,6:55653619:C:T,101987,0.09381034970283508,0.008800381794571877,computed (both variants usable)
6:55551632:G:A,6:55986975:C:T,435343,0.021807363256812096,0.0004755611007567495,computed (both variants usable)
6:55551632:G:A,6:55994438:C:T,442806,0.022956429049372673,0.0005269976099953055,computed (both variants usable)
6:55653619:C:T,6:55986975:C:T,333356,0.1325659453868866,0.017573729157447815,computed (both variants usable)
6:55653619:C:T,6:55994438:C:T,340819,0.1359785497188568,0.01849016547203064,computed (both variants usable)
6:55986975:C:T,6:55994438:C:T,7463,0.9787865281105042,0.9580230712890625,computed (both variants usable)
6:72206620:C:A,6:79513590:C:T,7306970,-0.015651917085051537,0.00024498251150362194,computed (both variants usable)
6:72206620:C:A,6:79739010:G:A,7532390,-0.010062902234494686,0.0001012619977700524,computed (both variants usable)
6:72206620:C:A,6:79791042:A:G,7584422,-0.006948473863303661,4.8281290219165385e-05,computed (both variants usable)
6:72206620:C:A,6:80859477:T:C,8652857,0.03656432777643204,0.001336950110271573,computed (both variants usable)
6:79513590:C:T,6:79739010:G:A,225420,0.9801088571548462,0.9606133699417114,computed (both variants usable)
6:79513590:C:T,6:79791042:A:G,277452,0.7751399278640747,0.6008418798446655,computed (both variants usable)
6:79513590:C:T,6:80859477:T:C,1345887,0.05820378288626671,0.0033876802772283554,computed (both variants usable)
6:79739010:G:A,6:79791042:A:G,52032,0.78531414270401,0.6167182922363281,computed (both variants usable)
6:79739010:G:A,6:80859477:T:C,1120467,0.06275979429483414,0.003938791807740927,computed (both variants usable)
6:79791042:A:G,6:80859477:T:C,1068435,0.041660331189632416,0.0017355831805616617,computed (both variants usable)
6:117901048:T:C,6:118572486:T:A,671438,-0.006016780622303486,3.620165080064908e-05,computed (both variants usable)
6:117901048:T:C,6:118612943:G:A,711895,0.0037808651104569435,1.4294941138359718e-05,computed (both variants usable)
6:117901048:T:C,6:119112591:T:G,1211543,-0.035753097385168076,0.0012782840058207512,computed (both variants usable)
6:117901048:T:C,6:119113317:T:C,1212269,-0.01996922492980957,0.00039876994560472667,computed (both variants usable)
6:117901048:T:C,6:119160491:C:T,1259443,-0.008350182324647903,6.972554547246546e-05,computed (both variants usable)
6:117901048:T:C,6:121816207:C:G,3915159,0.00040284395799972117,1.6228325705469615e-07,computed (both variants usable)
6:117901048:T:C,6:122153737:A:G,4252689,-0.01554178074002266,0.0002415469498373568,computed (both variants usable)
6:117901048:T:C,6:126996230:C:T,9095182,0.014899888075888157,0.00022200666717253625,computed (both variants usable)
6:117901048:T:C,6:127155711:C:T,9254663,0.04057595506310463,0.001646408112719655,computed (both variants usable)
6:117901048:T:C,6:127163126:C:T,9262078,0.03925171121954918,0.0015406968304887414,computed (both variants usable)
6:117901048:T:C,6:127177475:T:C,9276427,0.03792811185121536,0.0014385416870936751,computed (both variants usable)
6:118572486:T:A,6:118612943:G:A,40457,0.9699597358703613,0.9408218860626221,computed (both variants usable)
6:118572486:T:A,6:119112591:T:G,540105,-0.019960112869739532,0.00039840611862018704,computed (both variants usable)
6:118572486:T:A,6:119113317:T:C,540831,-0.07112690806388855,0.0050590368919074535,computed (both variants usable)
6:118572486:T:A,6:119160491:C:T,588005,-0.00882828887552023,7.793868280714378e-05,computed (both variants usable)
6:118572486:T:A,6:121816207:C:G,3243721,-0.023472947999835014,0.0005509792827069759,computed (both variants usable)
6:118572486:T:A,6:122153737:A:G,3581251,-0.0006591290002688766,4.3445103869999e-07,computed (both variants usable)
6:118572486:T:A,6:126996230:C:T,8423744,-0.030048083513975143,0.0009028873173519969,computed (both variants usable)
6:118572486:T:A,6:127155711:C:T,8583225,0.05506977066397667,0.003032679669559002,computed (both variants usable)
6:118572486:T:A,6:127163126:C:T,8590640,0.05442357435822487,0.0029619254637509584,computed (both variants usable)
6:118572486:T:A,6:127177475:T:C,8604989,0.05377794802188873,0.0028920676559209824,computed (both variants usable)
6:118612943:G:A,6:119112591:T:G,499648,-0.02272433042526245,0.0005163952009752393,computed (both variants usable)
6:118612943:G:A,6:119113317:T:C,500374,-0.06954822689294815,0.004836956039071083,computed (both variants usable)
6:118612943:G:A,6:119160491:C:T,547548,-0.007161732297390699,5.1290408009663224e-05,computed (both variants usable)
6:118612943:G:A,6:121816207:C:G,3203264,-0.025145800784230232,0.0006323112756945193,computed (both variants usable)
6:118612943:G:A,6:122153737:A:G,3540794,-0.021657969802618027,0.0004690676578320563,computed (both variants usable)
6:118612943:G:A,6:126996230:C:T,8383287,-0.03378819301724434,0.0011416419874876738,computed (both variants usable)
6:118612943:G:A,6:127155711:C:T,8542768,0.05845246464014053,0.0034166905097663403,computed (both variants usable)
6:118612943:G:A,6:127163126:C:T,8550183,0.057809483259916306,0.0033419362735003233,computed (both variants usable)
6:118612943:G:A,6:127177475:T:C,8564532,0.057167038321495056,0.003268070286139846,computed (both variants usable)
6:119112591:T:G,6:119113317:T:C,726,0.4282378852367401,0.18338768184185028,computed (both variants usable)
6:119112591:T:G,6:119160491:C:T,47900,-0.631111741065979,0.39830201864242554,computed (both variants usable)
6:119112591:T:G,6:121816207:C:G,2703616,-0.00456103915348649,2.0803077859454788e-05,computed (both variants usable)
6:119112591:T:G,6:122153737:A:G,3041146,-0.000694682530593127,4.825838004762772e-07,computed (both variants usable)
6:119112591:T:G,6:126996230:C:T,7883639,0.050664931535720825,0.0025669352617114782,computed (both variants usable)
6:119112591:T:G,6:127155711:C:T,8043120,-0.0044501773081719875,1.9804077965090983e-05,computed (both variants usable)
6:119112591:T:G,6:127163126:C:T,8050535,-0.002911227522417903,8.475245522276964e-06,computed (both variants usable)
6:119112591:T:G,6:127177475:T:C,8064884,-0.0013731555081903934,1.8855560028896434e-06,computed (both variants usable)
6:119113317:T:C,6:119160491:C:T,47174,-0.2747054100036621,0.07546306401491165,computed (both variants usable)
6:119113317:T:C,6:121816207:C:G,2702890,0.043682679533958435,0.0019081764621660113,computed (both variants usable)
6:119113317:T:C,6:122153737:A:G,3040420,0.007316281087696552,5.3527968702837825e-05,computed (both variants usable)
6:119113317:T:C,6:126996230:C:T,7882913,0.029295891523361206,0.0008582492591813207,computed (both variants usable)
6:119113317:T:C,6:127155711:C:T,8042394,-0.02458304353058338,0.0006043260218575597,computed (both variants usable)
6:119113317:T:C,6:127163126:C:T,8049809,-0.02569066546857357,0.0006600102642551064,computed (both variants usable)
6:119113317:T:C,6:127177475:T:C,8064158,-0.02679797075688839,0.0007181312539614737,computed (both variants usable)
6:119160491:C:T,6:121816207:C:G,2655716,-0.05296830087900162,0.002805640920996666,computed (both variants usable)
6:119160491:C:T,6:122153737:A:G,2993246,0.01171303540468216,0.00013719519483856857,computed (both variants usable)
6:119160491:C:T,6:126996230:C:T,7835739,-0.06504505127668381,0.004230858758091927,computed (both variants usable)
6:119160491:C:T,6:127155711:C:T,7995220,0.005414531100541353,2.9317146982066333e-05,computed (both variants usable)
6:119160491:C:T,6:127163126:C:T,8002635,0.004427099600434303,1.9599210645537823e-05,computed (both variants usable)
6:119160491:C:T,6:127177475:T:C,8016984,0.003439723514020443,1.1831697520392481e-05,computed (both variants usable)
6:121816207:C:G,6:122153737:A:G,337530,-0.07259827852249146,0.005270509980618954,computed (both variants usable)
6:121816207:C:G,6:126996230:C:T,5180023,0.045102328062057495,0.002034219913184643,computed (both variants usable)
6:121816207:C:G,6:127155711:C:T,5339504,-0.0351487435400486,0.0012354342034086585,computed (both variants usable)
6:121816207:C:G,6:127163126:C:T,5346919,-0.03424306586384773,0.0011725875083357096,computed (both variants usable)
6:121816207:C:G,6:127177475:T:C,5361268,-0.033337678760290146,0.001111400779336691,computed (both variants usable)
6:122153737:A:G,6:126996230:C:T,4842493,-0.00020278888405300677,4.112333229500109e-08,computed (both variants usable)
6:122153737:A:G,6:127155711:C:T,5001974,-0.02624194137752056,0.0006886394694447517,computed (both variants usable)
6:122153737:A:G,6:127163126:C:T,5009389,-0.02693680115044117,0.0007255912641994655,computed (both variants usable)
6:122153737:A:G,6:127177475:T:C,5023738,-0.027631444856524467,0.0007634967332705855,computed (both variants usable)
6:126996230:C:T,6:127155711:C:T,159481,0.11418712884187698,0.013038700446486473,computed (both variants usable)
6:126996230:C:T,6:127163126:C:T,166896,0.11223388463258743,0.01259644515812397,computed (both variants usable)
6:126996230:C:T,6:127177475:T:C,181245,0.11428201198577881,0.013060377910733223,computed (both variants usable)
6:126996230:C:T,6:135146944:G:A,8150714,0.01476020086556673,0.00021786353318020701,computed (both variants usable)
6:126996230:C:T,6:135419042:G:A,8422812,-0.0374232642352581,0.0014005006523802876,computed (both variants usable)
6:127155711:C:T,6:127163126:C:T,7415,0.997988760471344,0.9959815740585327,computed (both variants usable)
6:127155711:C:T,6:127177475:T:C,21764,0.9959864616394043,0.991989016532898,computed (both variants usable)
6:127155711:C:T,6:135146944:G:A,7991233,0.016624415293335915,0.00027637119637802243,computed (both variants usable)
6:127155711:C:T,6:135419042:G:A,8263331,0.03259280323982239,0.0010622908594086766,computed (both variants usable)
6:127163126:C:T,6:127177475:T:C,14349,0.9979909062385559,0.9959858655929565,computed (both variants usable)
6:127163126:C:T,6:135146944:G:A,7983818,0.015990309417247772,0.000255689985351637,computed (both variants usable)
6:127163126:C:T,6:135419042:G:A,8255916,0.03139336779713631,0.0009855435928329825,computed (both variants usable)
6:127177475:T:C,6:135146944:G:A,7969469,0.015356856398284435,0.00023583303845953196,computed (both variants usable)
6:127177475:T:C,6:135419042:G:A,8241567,0.034737661480903625,0.0012067051138728857,computed (both variants usable)
6:135146944:G:A,6:135419042:G:A,272098,-0.0778307393193245,0.006057623773813248,computed (both variants usable)
6:135146944:G:A,6:139829666:C:T,4682722,0.014545172452926636,0.00021156204456929117,computed (both variants usable)
6:135146944:G:A,6:143150223:T:C,8003279,0.023426460102200508,0.0005487990565598011,computed (both variants usable)
6:135419042:G:A,6:139829666:C:T,4410624,-0.03483743965625763,0.0012136471923440695,computed (both variants usable)
6:135419042:G:A,6:143150223:T:C,7731181,-0.0038533913902938366,1.4848625141894445e-05,computed (both variants usable)
6:139829666:C:T,6:143150223:T:C,3320557,-0.015400228090584278,0.00023716702708043158,computed (both variants usable)
6:143150223:T:C,6:150997440:C:T,7847217,0.03405868262052536,0.0011599938152357936,computed (both variants usable)
6:143150223:T:C,6:150999751:C:T,7849528,0.031029820442199707,0.0009628497646190226,computed (both variants usable)
6:143150223:T:C,6:151002371:T:C,7852148,0.028993230313062668,0.0008406073902733624,computed (both variants usable)
6:143150223:T:C,6:152404528:A:G,9254305,-0.02563568204641342,0.0006571881822310388,computed (both variants usable)
6:150997440:C:T,6:150999751:C:T,2311,0.9931922554969788,0.9864308834075928,computed (both variants usable)
6:150997440:C:T,6:151002371:T:C,4931,0.9375292658805847,0.8789611458778381,computed (both variants usable)
6:150997440:C:T,6:152404528:A:G,1407088,0.01375496480613947,0.00018919905414804816,computed (both variants usable)
6:150997440:C:T,6:154414446:A:T,3417006,0.03753497824072838,0.0014088746393099427,computed (both variants usable)
6:150997440:C:T,6:159717362:G:C,8719922,-0.0070371781475842,4.952187737217173e-05,computed (both variants usable)
6:150999751:C:T,6:151002371:T:C,2620,0.9439552426338196,0.8910514712333679,computed (both variants usable)
6:150999751:C:T,6:152404528:A:G,1404777,0.015135621652007103,0.00022908704704605043,computed (both variants usable)
6:150999751:C:T,6:154414446:A:T,3414695,0.0357397235929966,0.0012773278867825866,computed (both variants usable)
6:150999751:C:T,6:159717362:G:C,8717611,-0.008424811996519566,7.097745401551947e-05,computed (both variants usable)
6:151002371:T:C,6:152404528:A:G,1402157,-0.010331186465919018,0.00010673341603251174,computed (both variants usable)
6:151002371:T:C,6:154414446:A:T,3412075,0.02063378319144249,0.00042575300903990865,computed (both variants usable)
6:151002371:T:C,6:159717362:G:C,8714991,-0.020167160779237747,0.00040671435999684036,computed (both variants usable)
6:152404528:A:G,6:154414446:A:T,2009918,0.03307350352406502,0.0010938566410914063,computed (both variants usable)
6:152404528:A:G,6:159717362:G:C,7312834,0.05935593321919441,0.0035231267102062702,computed (both variants usable)
6:154414446:A:T,6:159717362:G:C,5302916,0.06636708974838257,0.004404590465128422,computed (both variants usable)
6:159717362:G:C,6:166162335:T:C,6444973,0.03179905191063881,0.0010111797600984573,computed (both variants usable)
6:159717362:G:C,6:166175188:A:C,6457826,-0.007456314750015736,5.559662895393558e-05,computed (both variants usable)
6:159717362:G:C,6:166180947:C:G,6463585,0.006132461596280336,3.760708568734117e-05,computed (both variants usable)
6:159717362:G:C,6:169587103:G:A,9869741,-0.02679952047765255,0.0007182143162935972,computed (both variants usable)
6:159717362:G:C,6:169633335:T:C,9915973,-0.008352820761501789,6.976961594773456e-05,computed (both variants usable)
6:166162335:T:C,6:166175188:A:C,12853,0.1921544373035431,0.036923326551914215,computed (both variants usable)
6:166162335:T:C,6:166180947:C:G,18612,0.1921544373035431,0.036923326551914215,computed (both variants usable)
6:166162335:T:C,6:169587103:G:A,3424768,-0.002210423117503524,4.885970156465191e-06,computed (both variants usable)
6:166162335:T:C,6:169633335:T:C,3471000,-0.02922593243420124,0.0008541551069356501,computed (both variants usable)
6:166175188:A:C,6:166180947:C:G,5759,0.9807640910148621,0.9618982076644897,computed (both variants usable)
6:166175188:A:C,6:169587103:G:A,3411915,0.004294469021260738,1.8442464352119714e-05,computed (both variants usable)
6:166175188:A:C,6:169633335:T:C,3458147,-0.02917359210550785,0.0008510984480381012,computed (both variants usable)
6:166180947:C:G,6:169587103:G:A,3406156,0.004294461105018854,1.8442397049511783e-05,computed (both variants usable)
6:166180947:C:G,6:169633335:T:C,3452388,-0.03791874647140503,0.0014378313207998872,computed (both variants usable)
6:169587103:G:A,6:169633335:T:C,46232,-0.11023329943418503,0.012151380069553852,computed (both variants usable)
7:2522782:A:G,7:2524359:A:G,1577,0.36691009998321533,0.13462302088737488,computed (both variants usable)
7:2522782:A:G,7:2563672:G:A,40890,0.07311633229255676,0.005345997866243124,computed (both variants usable)
7:2522782:A:G,7:2565268:C:A,42486,0.16619527339935303,0.027620868757367134,computed (both variants usable)
7:2522782:A:G,7:2830498:C:T,307716,0.006749150808900595,4.5551038056146353e-05,computed (both variants usable)
7:2522782:A:G,7:5971723:G:A,3448941,-0.045827481895685196,0.002100158017128706,computed (both variants usable)
7:2524359:A:G,7:2563672:G:A,39313,0.31292077898979187,0.09791941195726395,computed (both variants usable)
7:2524359:A:G,7:2565268:C:A,40909,0.36152759194374084,0.1307021975517273,computed (both variants usable)
7:2524359:A:G,7:2830498:C:T,306139,-0.029421262443065643,0.0008656106656417251,computed (both variants usable)
7:2524359:A:G,7:5971723:G:A,3447364,-0.049983203411102295,0.00249832053668797,computed (both variants usable)
7:2563672:G:A,7:2565268:C:A,1596,0.7889498472213745,0.6224418878555298,computed (both variants usable)
7:2563672:G:A,7:2830498:C:T,266826,-0.026444358751177788,0.0006993041024543345,computed (both variants usable)
7:2563672:G:A,7:5971723:G:A,3408051,-0.008784904144704342,7.717453991062939e-05,computed (both variants usable)
7:2565268:C:A,7:2830498:C:T,265230,-0.03788425400853157,0.001435216749086976,computed (both variants usable)
7:2565268:C:A,7:5971723:G:A,3406455,0.013726838864386082,0.000188426100066863,computed (both variants usable)
7:2830498:C:T,7:5971723:G:A,3141225,0.003145033959299326,9.891238732961938e-06,computed (both variants usable)
7:19046177:T:G,7:19049388:G:A,3211,0.8875235915184021,0.7876981496810913,computed (both variants usable)
7:19046177:T:G,7:22770149:G:A,3723972,0.014215432107448578,0.00020207850320730358,computed (both variants usable)
7:19046177:T:G,7:22809909:A:G,3763732,0.0009193335426971316,8.451741564385884e-07,computed (both variants usable)
7:19046177:T:G,7:27217359:G:A,8171182,0.01573674939572811,0.0002476452791597694,computed (both variants usable)
7:19046177:T:G,7:27242359:A:C,8196182,-0.03630407899618149,0.0013179861707612872,computed (both variants usable)
7:19046177:T:G,7:27242617:T:C,8196440,-0.03178577497601509,0.0010103355161845684,computed (both variants usable)
7:19046177:T:G,7:27243238:G:A,8197061,-0.03630407899618149,0.0013179861707612872,computed (both variants usable)
7:19046177:T:G,7:27320319:T:C,8274142,-0.028959622606635094,0.0008386597619391978,computed (both variants usable)
7:19046177:T:G,7:27324369:G:A,8278192,-0.028959622606635094,0.0008386597619391978,computed (both variants usable)
7:19046177:T:G,7:27328187:C:G,8282010,-0.030486909672617912,0.0009294516639783978,computed (both variants usable)
7:19049388:G:A,7:22770149:G:A,3720761,0.022773930802941322,0.0005186519119888544,computed (both variants usable)
7:19049388:G:A,7:22809909:A:G,3760521,0.0013150002341717482,1.7292255733991624e-06,computed (both variants usable)
7:19049388:G:A,7:27217359:G:A,8167971,0.025433598086237907,0.0006468679057434201,computed (both variants usable)
7:19049388:G:A,7:27242359:A:C,8192971,-0.04180533066391945,0.0017476857174187899,computed (both variants usable)
7:19049388:G:A,7:27242617:T:C,8193229,-0.031335052102804184,0.0009818854741752148,computed (both variants usable)
7:19049388:G:A,7:27243238:G:A,8193850,-0.04180533066391945,0.0017476857174187899,computed (both variants usable)
7:19049388:G:A,7:27320319:T:C,8270931,-0.021202171221375465,0.00044953206088393927,computed (both variants usable)
7:19049388:G:A,7:27324369:G:A,8274981,-0.021202171221375465,0.00044953206088393927,computed (both variants usable)
7:19049388:G:A,7:27328187:C:G,8278799,-0.022647632285952568,0.0005129152559675276,computed (both variants usable)
7:22770149:G:A,7:22809909:A:G,39760,0.19361808896064758,0.03748796507716179,computed (both variants usable)
7:22770149:G:A,7:27217359:G:A,4447210,-0.021976372227072716,0.0004829609242733568,computed (both variants usable)
7:22770149:G:A,7:27242359:A:C,4472210,-0.037295982241630554,0.0013909903354942799,computed (both variants usable)
7:22770149:G:A,7:27242617:T:C,4472468,-0.05526812747120857,0.0030545659828931093,computed (both variants usable)
7:22770149:G:A,7:27243238:G:A,4473089,-0.037295982241630554,0.0013909903354942799,computed (both variants usable)
7:22770149:G:A,7:27320319:T:C,4550170,0.024052759632468224,0.0005785352550446987,computed (both variants usable)
7:22770149:G:A,7:27324369:G:A,4554220,0.024052759632468224,0.0005785352550446987,computed (both variants usable)
7:22770149:G:A,7:27328187:C:G,4558038,0.019991621375083923,0.0003996649174951017,computed (both variants usable)
7:22770149:G:A,7:30957616:A:T,8187467,-0.030259758234024048,0.0009156529558822513,computed (both variants usable)
7:22809909:A:G,7:27217359:G:A,4407450,-0.006169854663312435,3.8067108107497916e-05,computed (both variants usable)
7:22809909:A:G,7:27242359:A:C,4432450,0.03650974854826927,0.0013329617213457823,computed (both variants usable)
7:22809909:A:G,7:27242617:T:C,4432708,0.048734962940216064,0.0023750965483486652,computed (both variants usable)
7:22809909:A:G,7:27243238:G:A,4433329,0.03650974854826927,0.0013329617213457823,computed (both variants usable)
7:22809909:A:G,7:27320319:T:C,4510410,-0.02055109664797783,0.00042234756983816624,computed (both variants usable)
7:22809909:A:G,7:27324369:G:A,4514460,-0.02055109664797783,0.00042234756983816624,computed (both variants usable)
7:22809909:A:G,7:27328187:C:G,4518278,-0.021213725209236145,0.0004500221402850002,computed (both variants usable)
7:22809909:A:G,7:30957616:A:T,8147707,0.02717900276184082,0.0007386981742456555,computed (both variants usable)
7:27217359:G:A,7:27242359:A:C,25000,0.140996053814888,0.019879886880517006,computed (both variants usable)
7:27217359:G:A,7:27242617:T:C,25258,0.09536242485046387,0.009093992412090302,computed (both variants usable)
7:27217359:G:A,7:27243238:G:A,25879,0.140996053814888,0.019879886880517006,computed (both variants usable)
7:27217359:G:A,7:27320319:T:C,102960,-0.03478795289993286,0.0012102016480639577,computed (both variants usable)
7:27217359:G:A,7:27324369:G:A,107010,-0.03478795289993286,0.0012102016480639577,computed (both variants usable)
7:27217359:G:A,7:27328187:C:G,110828,-0.03072180226445198,0.000943829130847007,computed (both variants usable)
7:27217359:G:A,7:30957616:A:T,3740257,-0.012546916492283344,0.00015742510731797665,computed (both variants usable)
7:27242359:A:C,7:27242617:T:C,258,0.8528608679771423,0.7273716330528259,computed (both variants usable)
7:27242359:A:C,7:27243238:G:A,879,1.000000238418579,1.0000004768371582,computed (both variants usable)
7:27242359:A:C,7:27320319:T:C,77960,0.0656026229262352,0.0043037040159106255,computed (both variants usable)
7:27242359:A:C,7:27324369:G:A,82010,0.0656026229262352,0.0043037040159106255,computed (both variants usable)
7:27242359:A:C,7:27328187:C:G,85828,0.051707662642002106,0.002673682291060686,computed (both variants usable)
7:27242359:A:C,7:30957616:A:T,3715257,-0.012524481862783432,0.00015686264669056982,computed (both variants usable)
7:27242617:T:C,7:27243238:G:A,621,0.8528608679771423,0.7273716330528259,computed (both variants usable)
7:27242617:T:C,7:27320319:T:C,77702,-0.007377769332379103,5.443147892947309e-05,computed (both variants usable)
7:27242617:T:C,7:27324369:G:A,81752,-0.007377769332379103,5.443147892947309e-05,computed (both variants usable)
7:27242617:T:C,7:27328187:C:G,85570,-0.018917586654424667,0.00035787507658824325,computed (both variants usable)
7:27242617:T:C,7:30957616:A:T,3714999,0.01596708409488201,0.0002549477794673294,computed (both variants usable)
7:27243238:G:A,7:27320319:T:C,77081,0.0656026229262352,0.0043037040159106255,computed (both variants usable)
7:27243238:G:A,7:27324369:G:A,81131,0.0656026229262352,0.0043037040159106255,computed (both variants usable)
7:27243238:G:A,7:27328187:C:G,84949,0.051707662642002106,0.002673682291060686,computed (both variants usable)
7:27243238:G:A,7:30957616:A:T,3714378,-0.012524481862783432,0.00015686264669056982,computed (both variants usable)
7:27320319:T:C,7:27324369:G:A,4050,1.0,1.0,computed (both variants usable)
7:27320319:T:C,7:27328187:C:G,7868,0.9940070509910583,0.9880500435829163,computed (both variants usable)
7:27320319:T:C,7:30957616:A:T,3637297,-0.01332372147589922,0.00017752154963091016,computed (both variants usable)
7:27324369:G:A,7:27328187:C:G,3818,0.9940070509910583,0.9880500435829163,computed (both variants usable)
7:27324369:G:A,7:30957616:A:T,3633247,-0.01332372147589922,0.00017752154963091016,computed (both variants usable)
7:27328187:C:G,7:30957616:A:T,3629429,-0.008054771460592747,6.487934297183529e-05,computed (both variants usable)
7:45987430:G:C,7:45990641:T:C,3211,0.9880391359329224,0.9762213230133057,computed (both variants usable)
7:45987430:G:C,7:50914298:G:A,4926868,-0.02366217039525509,0.0005598983261734247,computed (both variants usable)
7:45990641:T:C,7:50914298:G:A,4923657,-0.02439895272254944,0.0005953088984824717,computed (both variants usable)
7:73750008:G:C,7:74034475:G:A,284467,0.0468774251639843,0.00219749310053885,computed (both variants usable)
7:73750008:G:C,7:80397808:C:T,6647800,-0.03960585966706276,0.001568624167703092,computed (both variants usable)
7:74034475:G:A,7:80397808:C:T,6363333,-0.054568614810705185,0.0029777337331324816,computed (both variants usable)
7:80397808:C:T,7:89761619:A:G,9363811,0.011021517217159271,0.00012147384404670447,computed (both variants usable)
7:89761619:A:G,7:92237426:G:A,2475807,0.024182507768273354,0.0005847936845384538,computed (both variants usable)
7:89761619:A:G,7:92258736:A:C,2497117,-0.04022648558020592,0.00161817017942667,computed (both variants usable)
7:89761619:A:G,7:96463812:C:T,6702193,-0.013475453481078148,0.00018158784951083362,computed (both variants usable)
7:89761619:A:G,7:96470332:C:T,6708713,-0.015506120398640633,0.00024043976736720651,computed (both variants usable)
7:89761619:A:G,7:99612405:G:T,9850786,-0.052113667130470276,0.00271583441644907,computed (both variants usable)
7:89761619:A:G,7:99720994:A:C,9959375,0.06396070122718811,0.004090971313416958,computed (both variants usable)
7:92237426:G:A,7:92258736:A:C,21310,0.6783407330513,0.4601461589336395,computed (both variants usable)
7:92237426:G:A,7:96463812:C:T,4226386,0.016399163752794266,0.0002689325774554163,computed (both variants usable)
7:92237426:G:A,7:96470332:C:T,4232906,0.01971086487174034,0.00038851817953400314,computed (both variants usable)
7:92237426:G:A,7:99612405:G:T,7374979,-0.02554507739841938,0.0006525509525090456,computed (both variants usable)
7:92237426:G:A,7:99720994:A:C,7483568,0.02978575974702835,0.0008871915051713586,computed (both variants usable)
7:92237426:G:A,7:100496887:A:G,8259461,0.032589711248874664,0.0010620892280712724,computed (both variants usable)
7:92258736:A:C,7:96463812:C:T,4205076,0.019558388739824295,0.00038253056118264794,computed (both variants usable)
7:92258736:A:C,7:96470332:C:T,4211596,0.02254393883049488,0.000508229190018028,computed (both variants usable)
7:92258736:A:C,7:99612405:G:T,7353669,-0.0029809812549501657,8.886248906492256e-06,computed (both variants usable)
7:92258736:A:C,7:99720994:A:C,7462258,0.0006122620543465018,3.748648111923103e-07,computed (both variants usable)
7:92258736:A:C,7:100496887:A:G,8238151,-0.023596663028001785,0.000556802493520081,computed (both variants usable)
7:96463812:C:T,7:96470332:C:T,6520,0.9979847073554993,0.9959734678268433,computed (both variants usable)
7:96463812:C:T,7:99612405:G:T,3148593,0.06505876779556274,0.00423264317214489,computed (both variants usable)
7:96463812:C:T,7:99720994:A:C,3257182,-0.052678756415843964,0.002775051398202777,computed (both variants usable)
7:96463812:C:T,7:100496887:A:G,4033075,0.01990978978574276,0.0003963997296523303,computed (both variants usable)
7:96463812:C:T,7:102429288:C:T,5965476,-0.026115408167243004,0.0006820145645178854,computed (both variants usable)
7:96463812:C:T,7:106412082:G:A,9948270,0.026080701500177383,0.0006802029674872756,computed (both variants usable)
7:96463812:C:T,7:106414069:T:G,9950257,0.02815106324851513,0.000792482343968004,computed (both variants usable)
7:96463812:C:T,7:106416467:G:A,9952655,0.02815106324851513,0.000792482343968004,computed (both variants usable)
7:96463812:C:T,7:106457975:C:G,9994163,,,unknown: absent from panel
7:96470332:C:T,7:99612405:G:T,3142073,0.0665222778916359,0.004425213672220707,computed (both variants usable)
7:96470332:C:T,7:99720994:A:C,3250662,-0.053923558443784714,0.0029077501967549324,computed (both variants usable)
7:96470332:C:T,7:100496887:A:G,4026555,0.018966829404234886,0.0003597406321205199,computed (both variants usable)
7:96470332:C:T,7:102429288:C:T,5958956,-0.027527812868356705,0.0007577805081382394,computed (both variants usable)
7:96470332:C:T,7:106412082:G:A,9941750,0.025014860555529594,0.0006257432396523654,computed (both variants usable)
7:96470332:C:T,7:106414069:T:G,9943737,0.027082839980721474,0.0007334802066907287,computed (both variants usable)
7:96470332:C:T,7:106416467:G:A,9946135,0.027082839980721474,0.0007334802066907287,computed (both variants usable)
7:96470332:C:T,7:106457975:C:G,9987643,,,unknown: absent from panel
7:99612405:G:T,7:99720994:A:C,108589,-0.7947858572006226,0.6316845417022705,computed (both variants usable)
7:99612405:G:T,7:100496887:A:G,884482,-0.05903569981455803,0.003485213965177536,computed (both variants usable)
7:99612405:G:T,7:102429288:C:T,2816883,-0.03181102126836777,0.0010119411163032055,computed (both variants usable)
7:99612405:G:T,7:106412082:G:A,6799677,-0.026077479124069214,0.0006800349219702184,computed (both variants usable)
7:99612405:G:T,7:106414069:T:G,6801664,-0.02431282214820385,0.0005911133484914899,computed (both variants usable)
7:99612405:G:T,7:106416467:G:A,6804062,-0.02431282214820385,0.0005911133484914899,computed (both variants usable)
7:99612405:G:T,7:106457975:C:G,6845570,,,unknown: absent from panel
7:99720994:A:C,7:100496887:A:G,775893,0.11248456686735153,0.012652778066694736,computed (both variants usable)
7:99720994:A:C,7:102429288:C:T,2708294,0.042235806584358215,0.0017838634084910154,computed (both variants usable)
7:99720994:A:C,7:106412082:G:A,6691088,0.024336766451597214,0.0005922782002016902,computed (both variants usable)
7:99720994:A:C,7:106414069:T:G,6693075,0.02283145673573017,0.0005212753894738853,computed (both variants usable)
7:99720994:A:C,7:106416467:G:A,6695473,0.02283145673573017,0.0005212753894738853,computed (both variants usable)
7:99720994:A:C,7:106457975:C:G,6736981,,,unknown: absent from panel
7:100496887:A:G,7:102429288:C:T,1932401,-0.01489397045224905,0.00022183035616762936,computed (both variants usable)
7:100496887:A:G,7:106412082:G:A,5915195,-0.005996265914291143,3.595520320232026e-05,computed (both variants usable)
7:100496887:A:G,7:106414069:T:G,5917182,-0.00711540412157774,5.062897616880946e-05,computed (both variants usable)
7:100496887:A:G,7:106416467:G:A,5919580,-0.00711540412157774,5.062897616880946e-05,computed (both variants usable)
7:100496887:A:G,7:106457975:C:G,5961088,,,unknown: absent from panel
7:102429288:C:T,7:106412082:G:A,3982794,0.030871406197547913,0.0009530436946079135,computed (both variants usable)
7:102429288:C:T,7:106414069:T:G,3984781,0.029148133471608162,0.0008496136870235205,computed (both variants usable)
7:102429288:C:T,7:106416467:G:A,3987179,0.029148133471608162,0.0008496136870235205,computed (both variants usable)
7:102429288:C:T,7:106457975:C:G,4028687,,,unknown: absent from panel
7:106412082:G:A,7:106414069:T:G,1987,0.9971363544464111,0.9942809343338013,computed (both variants usable)
7:106412082:G:A,7:106416467:G:A,4385,0.9971363544464111,0.9942809343338013,computed (both variants usable)
7:106412082:G:A,7:106457975:C:G,45893,,,unknown: absent from panel
7:106414069:T:G,7:106416467:G:A,2398,0.9999992847442627,0.9999985694885254,computed (both variants usable)
7:106414069:T:G,7:106457975:C:G,43906,,,unknown: absent from panel
7:106416467:G:A,7:106457975:C:G,41508,,,unknown: absent from panel
7:129663496:C:T,7:129685597:G:A,22101,0.9306408166885376,0.866092324256897,computed (both variants usable)
7:129663496:C:T,7:135189297:G:C,5525801,-0.037507470697164536,0.0014068103628233075,computed (both variants usable)
7:129685597:G:A,7:135189297:G:C,5503700,-0.02501535974442959,0.0006257682107388973,computed (both variants usable)
7:150690176:C:T,7:150704843:G:A,14667,-0.22741465270519257,0.051717422902584076,computed (both variants usable)
7:150690176:C:T,7:150878260:C:G,188084,0.08820691704750061,0.007780460175126791,computed (both variants usable)
7:150690176:C:T,7:151403260:T:C,713084,0.028519650921225548,0.0008133705123327672,computed (both variants usable)
7:150690176:C:T,7:151413124:T:C,722948,0.039954978972673416,0.0015964003978297114,computed (both variants usable)
7:150690176:C:T,7:151415041:A:G,724865,0.03265995532274246,0.0010666727321222425,computed (both variants usable)
7:150690176:C:T,7:156312739:G:A,5622563,-0.007438866421580315,5.5336735385935754e-05,computed (both variants usable)
7:150690176:C:T,7:156315173:G:A,5624997,0.0022467421367764473,5.047850208939053e-06,computed (both variants usable)
7:150690176:C:T,7:156322655:A:T,5632479,-0.030115289613604546,0.00090693065430969,computed (both variants usable)
7:150704843:G:A,7:150878260:C:G,173417,-0.09839120507240295,0.009680829010903835,computed (both variants usable)
7:150704843:G:A,7:151403260:T:C,698417,-0.08314083516597748,0.0069123986177146435,computed (both variants usable)
7:150704843:G:A,7:151413124:T:C,708281,-0.09436207264661789,0.008904200978577137,computed (both variants usable)
7:150704843:G:A,7:151415041:A:G,710198,-0.1173805296421051,0.013778189197182655,computed (both variants usable)
7:150704843:G:A,7:156312739:G:A,5607896,0.036183957010507584,0.0013092787703499198,computed (both variants usable)
7:150704843:G:A,7:156315173:G:A,5610330,-0.02265240252017975,0.0005131313228048384,computed (both variants usable)
7:150704843:G:A,7:156322655:A:T,5617812,0.034660160541534424,0.0012013267260044813,computed (both variants usable)
7:150878260:C:G,7:151403260:T:C,525000,0.002442367607727647,5.965159743936965e-06,computed (both variants usable)
7:150878260:C:G,7:151413124:T:C,534864,0.005726238247007132,3.278980511822738e-05,computed (both variants usable)
7:150878260:C:G,7:151415041:A:G,536781,0.010212762281298637,0.00010430051042931154,computed (both variants usable)
7:150878260:C:G,7:156312739:G:A,5434479,-0.0144004225730896,0.00020737216982524842,computed (both variants usable)
7:150878260:C:G,7:156315173:G:A,5436913,0.020032120868563652,0.0004012858553323895,computed (both variants usable)
7:150878260:C:G,7:156322655:A:T,5444395,-0.008699308149516582,7.567796274088323e-05,computed (both variants usable)
7:151403260:T:C,7:151413124:T:C,9864,0.8849544525146484,0.7831443548202515,computed (both variants usable)
7:151403260:T:C,7:151415041:A:G,11781,0.8945886492729187,0.8002888560295105,computed (both variants usable)
7:151403260:T:C,7:156312739:G:A,4909479,0.00895994808524847,8.028066804399714e-05,computed (both variants usable)
7:151403260:T:C,7:156315173:G:A,4911913,-0.007133867125958204,5.08920602442231e-05,computed (both variants usable)
7:151403260:T:C,7:156322655:A:T,4919395,-0.005092214327305555,2.5930647097993642e-05,computed (both variants usable)
7:151413124:T:C,7:151415041:A:G,1917,0.9714984893798828,0.9438093304634094,computed (both variants usable)
7:151413124:T:C,7:156312739:G:A,4899615,0.007112122140824795,5.0582282710820436e-05,computed (both variants usable)
7:151413124:T:C,7:156315173:G:A,4902049,-0.003311200998723507,1.0964052307826933e-05,computed (both variants usable)
7:151413124:T:C,7:156322655:A:T,4909531,-0.008258622139692307,6.820484122727066e-05,computed (both variants usable)
7:151415041:A:G,7:156312739:G:A,4897698,0.020510604605078697,0.0004206848971080035,computed (both variants usable)
7:151415041:A:G,7:156315173:G:A,4900132,-0.01652972586452961,0.0002732318243943155,computed (both variants usable)
7:151415041:A:G,7:156322655:A:T,4907614,0.005542353261262178,3.0717677873326465e-05,computed (both variants usable)
7:156312739:G:A,7:156315173:G:A,2434,-0.9298298954963684,0.8645836114883423,computed (both variants usable)
7:156312739:G:A,7:156322655:A:T,9916,0.8736667037010193,0.7632935047149658,computed (both variants usable)
7:156315173:G:A,7:156322655:A:T,7482,-0.831687331199646,0.6917037963867188,computed (both variants usable)
8:23400615:C:T,8:23403424:T:C,2809,0.9973692893981934,0.9947454929351807,computed (both variants usable)
8:23400615:C:T,8:23414147:A:G,13532,0.7775301933288574,0.60455322265625,computed (both variants usable)
8:23400615:C:T,8:26060013:T:C,2659398,0.011259679682552814,0.0001267803891096264,computed (both variants usable)
8:23400615:C:T,8:26063734:T:C,2663119,0.011259679682552814,0.0001267803891096264,computed (both variants usable)
8:23400615:C:T,8:27296004:A:G,3895389,0.030250174924731255,0.0009150730911642313,computed (both variants usable)
8:23403424:T:C,8:23414147:A:G,10723,0.7752851247787476,0.6010670065879822,computed (both variants usable)
8:23403424:T:C,8:26060013:T:C,2656589,0.010414951480925083,0.00010847121302504092,computed (both variants usable)
8:23403424:T:C,8:26063734:T:C,2660310,0.010414951480925083,0.00010847121302504092,computed (both variants usable)
8:23403424:T:C,8:27296004:A:G,3892580,0.028131473809480667,0.000791379832662642,computed (both variants usable)
8:23414147:A:G,8:26060013:T:C,2645866,0.013632209971547127,0.00018583715427666903,computed (both variants usable)
8:23414147:A:G,8:26063734:T:C,2649587,0.013632209971547127,0.00018583715427666903,computed (both variants usable)
8:23414147:A:G,8:27296004:A:G,3881857,0.03947262465953827,0.0015580881154164672,computed (both variants usable)
8:26060013:T:C,8:26063734:T:C,3721,1.0000028610229492,1.0000057220458984,computed (both variants usable)
8:26060013:T:C,8:27296004:A:G,1235991,0.019203372299671173,0.0003687695134431124,computed (both variants usable)
8:26063734:T:C,8:27296004:A:G,1232270,0.019203372299671173,0.0003687695134431124,computed (both variants usable)
8:87157578:A:G,8:92149429:T:C,4991851,,,unknown: absent from panel
8:87157578:A:G,8:95707623:C:T,8550045,,,unknown: absent from panel
8:92149429:T:C,8:95707623:C:T,3558194,0.0227101631462574,0.0005157514824531972,computed (both variants usable)
8:120423129:C:T,8:120456197:A:T,33068,0.9581511616706848,0.9180536270141602,computed (both variants usable)
8:120423129:C:T,8:120749166:C:T,326037,-0.09829384088516235,0.009661679156124592,computed (both variants usable)
8:120423129:C:T,8:122362656:G:A,1939527,0.022711018100380898,0.0005157903651706874,computed (both variants usable)
8:120456197:A:T,8:120749166:C:T,292969,-0.09901445358991623,0.009803862310945988,computed (both variants usable)
8:120456197:A:T,8:122362656:G:A,1906459,0.02789710834622383,0.0007782486500218511,computed (both variants usable)
8:120749166:C:T,8:122362656:G:A,1613490,0.028141586109995842,0.0007919488707557321,computed (both variants usable)
8:120749166:C:T,8:130748007:C:G,9998841,0.010900638997554779,0.00011882393300766125,computed (both variants usable)
8:122362656:G:A,8:130748007:C:G,8385351,0.0032473127357661724,1.0545039913267829e-05,computed (both variants usable)
8:130748007:C:G,8:135802892:G:A,5054885,0.04740997031331062,0.0022477053571492434,computed (both variants usable)
8:135802892:G:A,8:142367087:C:T,6564195,0.028045494109392166,0.0007865497609600425,computed (both variants usable)
8:135802892:G:A,8:143992864:C:A,8189972,-0.012119535356760025,0.0001468831324018538,computed (both variants usable)
8:135802892:G:A,8:144060955:G:A,8258063,-0.0178079754114151,0.0003171239804942161,computed (both variants usable)
8:142367087:C:T,8:143992864:C:A,1625777,0.022059382870793343,0.00048661636537872255,computed (both variants usable)
8:142367087:C:T,8:144060955:G:A,1693868,0.006076185964047909,3.692003519972786e-05,computed (both variants usable)
8:143992864:C:A,8:144060955:G:A,68091,0.9165336489677429,0.8400339484214783,computed (both variants usable)
9:21818310:C:T,9:22093299:A:T,274989,-0.03930206596851349,0.001544652390293777,computed (both variants usable)
9:21818310:C:T,9:22124744:C:G,306434,-0.03390219435095787,0.0011493588099256158,computed (both variants usable)
9:22093299:A:T,9:22124744:C:G,31445,0.928765594959259,0.8626055121421814,computed (both variants usable)
9:127867256:T:A,9:130642106:C:A,2774850,,,unknown: absent from panel
9:127867256:T:A,9:131217803:A:G,3350547,,,unknown: absent from panel
9:127867256:T:A,9:136522274:C:T,8655018,,,unknown: absent from panel
9:127867256:T:A,9:136535677:G:A,8668421,,,unknown: absent from panel
9:130642106:C:A,9:131217803:A:G,575697,0.05434688180685043,0.0029535836074501276,computed (both variants usable)
9:130642106:C:A,9:136522274:C:T,5880168,0.028740936890244484,0.0008260414469987154,computed (both variants usable)
9:130642106:C:A,9:136535677:G:A,5893571,0.03799561411142349,0.0014436666388064623,computed (both variants usable)
9:130642106:C:A,9:139109059:G:C,8466953,0.008789485320448875,7.725505565758795e-05,computed (both variants usable)
9:130642106:C:A,9:139297921:A:G,8655815,-0.03885074332356453,0.0015093802940100431,computed (both variants usable)
9:131217803:A:G,9:136522274:C:T,5304471,0.05339338257908821,0.0028508533723652363,computed (both variants usable)
9:131217803:A:G,9:136535677:G:A,5317874,0.056951854377985,0.0032435136381536722,computed (both variants usable)
9:131217803:A:G,9:139109059:G:C,7891256,-0.024481626227498055,0.0005993500235490501,computed (both variants usable)
9:131217803:A:G,9:139297921:A:G,8080118,-0.020900240167975426,0.0004368200316093862,computed (both variants usable)
9:136522274:C:T,9:136535677:G:A,13403,0.8819782137870789,0.7778855562210083,computed (both variants usable)
9:136522274:C:T,9:139109059:G:C,2586785,0.007926405407488346,6.28279012744315e-05,computed (both variants usable)
9:136522274:C:T,9:139297921:A:G,2775647,0.02068343199789524,0.00042780436342582107,computed (both variants usable)
9:136535677:G:A,9:139109059:G:C,2573382,-0.0028229698073118925,7.96915810497012e-06,computed (both variants usable)
9:136535677:G:A,9:139297921:A:G,2762244,0.013537122868001461,0.00018325369455851614,computed (both variants usable)
9:139109059:G:C,9:139297921:A:G,188862,-0.030317163094878197,0.0009191303979605436,computed (both variants usable)
