varId,source_trait,LTL_b,LTL_p,LTL_n,BMI_b,BMI_p,BMI_n,LYM_b,LYM_p,LYM_n,S_mvpEU_b,S_mvpEU_p,S_mvpEU_n,D_mvpEU_b,D_mvpEU_p,D_mvpEU_n,H_mvpEU_b,H_mvpEU_p,H_mvpEU_n,panel_status,sign,idx,palindromic,eur_af_alt,LTL_se,BMI_se,LYM_se,S_mvpEU_se,D_mvpEU_se,H_mvpEU_se,own_p,usable,min_p
3:169489946:A:G,LTL,-0.0824307,1.3e-293,472174,-0.0036,0.06535,642120.0,0.006629,0.002015,523512,-0.03152,6.303e-29,425740.0,-0.008373,0.002366,425743.0,-0.028587457,1.432e-07,318397.62,matched,1,406,False,0.2654075546719682,0.002250881393969806,0.0019534893080059693,0.0021466882065534496,0.002824032164000252,0.002754301518442925,0.005433746563260061,1.3e-293,True,1.3e-293
14:20812951:G:A,LTL,-0.028973,1.5e-10,472174,-0.0032,0.4552,484680.0,0.005562,0.194339,524917,0.001114,0.8412,425740.0,0.005045,0.3523,425743.0,0.027371196,0.0181,318397.62,matched,1,1161,False,0.06461232604373758,0.004523232271538975,0.004285098374528017,0.004285550289019848,0.005560026061235659,0.005423930419180126,0.011580465890649079,1.5e-10,True,1.5e-10
20:62377158:C:G,LTL,0.047429,5.4e-24,472174,0.007,0.1193,484680.0,-0.008507,0.062385,481442,0.001523,0.8108,425740.0,0.01527,0.01386,425743.0,-0.024692612,0.1507,318397.62,matched,1,1547,True,0.05467196819085487,0.004694903960382898,0.004493751683367309,0.0045649445645515145,0.006361894310342946,0.0062051188139131555,0.017182688828883123,5.4e-24,True,5.4e-24
10:101271789:A:C,LTL,-0.0223309,4.1e-27,472174,-0.003,0.1306,484680.0,-0.011543,3.56e-09,524899,0.005818,0.02854,425740.0,-0.00294,0.2565,425743.0,0.008132983,0.251,318397.62,matched,1,920,False,0.38767395626242546,0.0020707577096884975,0.0019844681332867498,0.001955300771072139,0.0026568846309437985,0.00259098756277775,0.007084949907591846,4.1e-27,True,4.1e-27
17:7772242:G:A,LTL,-0.054521,3.2e-68,472174,-0.0035,0.2435,484680.0,0.004027,0.182294,524922,-0.005122,0.1963,425740.0,-0.003048,0.4305,425743.0,0.002904213,0.7861,318397.62,matched,1,1329,False,0.09443339960238568,0.003123666309001507,0.0030009866148100095,0.0030193630728945634,0.003963889974813765,0.0038663700599504735,0.010701709553966033,3.2e-68,True,3.2e-68
20:62321128:G:A,LTL,-0.209011,9.6e-195,472174,0.0081,0.227,484680.0,0.036644,6.01e-08,523362,-0.04185,0.000204,425740.0,-0.02047,0.06248,425743.0,0.012578783,0.6746,318397.62,matched,1,1544,False,0.011928429423459244,0.007020895833214966,0.006704616005066264,0.00676275298996152,0.011268141400130915,0.010988397681461698,0.02996066827434419,9.6e-195,True,9.6e-195
10:105676465:C:A,LTL,-0.0808691,4.4e-167,472174,0.0108,8.045e-06,718589.0,-0.004977,0.074249,524923,-0.0289,1.216e-14,425740.0,-0.01523,3.061e-05,425743.0,-0.026641931,0.0005244,318397.62,matched,1,934,False,0.8697813121272365,0.0029353353279840213,0.002419364124047249,0.0027881166782413812,0.00374626489733624,0.0036532593319866433,0.007682277544533904,4.4e-167,True,4.4e-167
4:164034530:A:T,LTL,0.0535463,6.9e-110,472174,,,,-0.002712,0.246731,489309,0.001015,0.7438,425740.0,-0.0007837,0.7959,425743.0,-0.00796817,0.315,318397.62,matched,1,486,True,0.7614314115308151,0.0024041946170626203,,0.0023413096630451303,0.0031056344377518893,0.00302988279393055,0.00793021751686577,6.9e-110,False,6.9e-110
16:82203758:C:T,LTL,-0.0469485,2.9e-85,472174,-0.004,0.05355,668047.0,0.001846,0.413146,523383,-0.009043,0.002533,425740.0,-0.009554,0.001072,425743.0,-0.0069756135,0.3828,318397.62,matched,1,1299,False,0.7852882703777336,0.0023992523453851707,0.0020720461595437755,0.0022557036684694733,0.002994994489008454,0.002920894926761957,0.00799269310918952,2.9e-85,True,2.9e-85
18:658423:A:G,LTL,-0.0425685,1.2e-70,472174,-0.0073,0.001382,484680.0,0.006805,0.002935,522087,-0.02243,8.997e-12,425740.0,-0.01652,2.605e-07,425743.0,-0.022739487,0.0003579,318397.62,matched,1,1409,False,0.2415506958250497,0.0023954827619252906,0.0022824024342158553,0.0022878064300622374,0.003288037167961568,0.003207773062990173,0.0063708058896547225,1.2e-70,True,1.2e-70
11:108141701:G:T,LTL,-0.0367753,6e-73,472174,0.0017,0.3682,484680.0,0.00448,0.019847,524919,0.001219,0.6418,425740.0,0.008297,0.001173,425743.0,0.009848336,0.1566,318397.62,matched,1,1024,False,0.4542743538767396,0.0020357083768973707,0.0018892034340815189,0.0019233842077227344,0.0026204708539494426,0.0025565688174773744,0.006952095279963539,6e-73,True,6e-73
20:35525640:A:C,LTL,0.0493145,1.8e-69,472174,0.004,0.1333,484680.0,-0.008892,0.000935,524922,-0.0008785,0.8077,425740.0,0.007475,0.03368,425743.0,0.018673265,0.05127,318397.62,matched,1,1520,False,0.8479125248508946,0.002799136040903958,0.0026645086792763642,0.002686901223115111,0.0036093704371782855,0.003519498493390217,0.009579899966079263,1.8e-69,True,1.8e-69
2:54479005:C:T,LTL,-0.101691,2e-55,472174,-0.0247,6.055e-05,484680.0,0.006837,0.255958,524919,-0.02833,0.000805,425740.0,0.0004611,0.9554,425743.0,-0.042101175,0.06132,318397.62,matched,1,163,False,0.03479125248508946,0.006484459565157673,0.006158591845330353,0.006018504089881603,0.008454016606390469,0.008244683202129115,0.02249978779485133,2e-55,True,2e-55
1:226577306:C:T,LTL,-0.0402052,7.3e-47,472174,-0.0014,0.5401,718685.0,-0.003649,0.171488,524919,-0.01029,0.003025,425740.0,-0.01774,1.594e-07,425743.0,-0.0059820716,0.4831,318397.62,matched,1,111,False,0.1540755467196819,0.0027966511627550853,0.002285110722966491,0.002668493564803114,0.0034702713718026365,0.0033846196836696085,0.00852966692399226,7.3e-47,True,7.3e-47
19:22215441:A:G,LTL,0.0328384,2.5e-50,472174,-0.0048,0.01009,718635.0,-0.00696,0.000883,524918,0.01641,6.088e-09,425740.0,0.006582,0.01678,425743.0,0.01399751,0.06244,318397.62,matched,1,1471,False,0.2773359840954274,0.002201193283363104,0.0018657226812807915,0.002092997657894704,0.0028223409391509757,0.002752255500183393,0.007512786281213136,2.5e-50,True,2.5e-50
7:128576086:T:C,LTL,-0.0202729,8.2e-24,472174,0.0,0.9807,484680.0,-0.01154,1.79e-09,524912,-0.01291,2.878e-07,425740.0,-0.007872,0.001338,425743.0,-0.022739487,2.561e-06,318397.62,matched,1,753,False,0.4542743538767396,0.002014960194973457,0.002039910723661052,0.00191828172389601,0.0025159483528857315,0.0024540932045672066,0.004834884334447971,8.2e-24,True,8.2e-24
10:105768158:A:T,LTL,-0.0867148,1.6e-20,472174,0.0011,0.8946,484680.0,0.004891,0.611237,479091,0.01691,0.0006898,425740.0,0.01633,0.0007811,425743.0,0.0014009809,0.9134,318397.62,matched,1,931,True,0.8011928429423459,0.009338098690282301,0.008302772322615656,0.009622109139432448,0.004982906858291005,0.004860977276128437,0.012882466089771465,1.6e-20,True,1.6e-20
1:114443899:G:A,LTL,-0.0324422,6.6e-36,472174,0.0026,0.225,718683.0,0.004508,0.063062,523522,0.0005268,0.8689,425740.0,0.00128,0.6809,425743.0,0.009343515,0.2722,318397.62,matched,1,88,False,0.18190854870775347,0.0025933452726739177,0.00214284603569402,0.0024252804494056283,0.003191646386141682,0.0031125731975712133,0.008509496825649904,6.6e-36,True,6.6e-36
19:56733425:C:A,LTL,-0.0126852,1.2e-08,472174,-0.0031,0.1484,484680.0,0.007524,0.000391,523840,0.001053,0.7037,425740.0,0.00279,0.3015,425743.0,0.012781334,0.08362,318397.62,matched,1,1486,False,0.2813121272365805,0.0022255805888200864,0.0021450227571124616,0.00212177652439726,0.0027686436796597286,0.0027002908248218655,0.007387808727267924,1.2e-08,True,1.2e-08
19:45411941:T:C,LTL,0.0173498,3.8e-10,472174,-0.0257,2.599e-22,484680.0,-0.004245,0.105893,524913,-0.0139,0.0001145,425740.0,-0.01533,1.297e-05,425743.0,-0.014888613,0.02766,318397.62,matched,1,1476,False,0.1550695825049702,0.002770635479411794,0.002645356492984306,0.0026253426154887478,0.0036032650069432164,0.003515562700992986,0.006761173864805378,3.8e-10,True,2.599e-22
17:29161503:A:G,LTL,0.012408,3.2e-09,472174,0.0032,0.06976,711324.0,-0.002391,0.223453,523523,0.005799,0.02617,425740.0,0.006167,0.01532,425743.0,0.020304753,0.0004386,318397.62,matched,1,1342,False,0.32703777335984097,0.002095593804937504,0.0017645769215788602,0.001964025660321891,0.0026078395747363065,0.0025433815387113307,0.005775454681165753,3.2e-09,True,3.2e-09
14:96997233:C:A,LTL,0.0165425,4.5e-08,472174,-0.0062,0.03284,484680.0,-0.004736,0.096695,524910,0.01245,0.001555,425740.0,0.007319,0.05643,425743.0,-0.002995509,0.7878,318397.62,matched,1,1193,False,0.14015904572564614,0.003024215287688523,0.002905295829375545,0.0028511367297131872,0.00393462080894911,0.0038365570837140778,0.011128749167061802,4.5e-08,True,4.5e-08
12:123042642:A:T,LTL,-0.016723,1.8e-13,472174,0.0206,2.231e-21,484680.0,-0.009147,1.9e-05,524920,-0.008245,0.005178,425740.0,-0.005443,0.05846,425743.0,0.013186562,0.005721,318397.62,matched,1,1122,True,0.7306163021868787,0.002271261608800105,0.0021698732424361624,0.002138983942185458,0.002949122905091156,0.0028764963001676374,0.004771934204158543,1.8e-13,True,2.231e-21
16:3644120:G:A,LTL,-0.0337887,1.4e-16,472174,0.0044,0.2573,484680.0,-0.024845,1.16e-10,524917,-0.01266,0.01354,425740.0,-0.001273,0.7991,425743.0,-0.024692612,0.03697,318397.62,matched,1,1251,False,0.06461232604373758,0.004088295774421843,0.0038841950645011857,0.003855239361677658,0.005127081588376052,0.00500172791840459,0.01183676178577345,1.4e-16,True,1.4e-16
1:92842367:A:C,LTL,0.0599379,6.7e-12,472174,0.0135,0.1053,484680.0,-0.035957,9.81e-06,524462,-0.01139,0.2866,425740.0,0.006358,0.542,425743.0,-0.016857117,0.5415,318397.62,matched,1,73,False,0.014910536779324055,0.008732323726303243,0.008334954976525288,0.00813264006928032,0.010688714020429998,0.010426516369080848,0.02760989251863541,6.7e-12,True,6.7e-12
16:70352401:A:C,LTL,-0.0208778,7.4e-24,472174,0.0137,2.187e-12,484680.0,-0.009284,2.45e-06,522889,0.009471,0.0002783,425740.0,0.003365,0.1855,425743.0,0.014098925,0.006905,318397.62,matched,1,1282,False,0.3986083499005964,0.0020730012892680562,0.0019510085285352652,0.001970185292907065,0.0026057142657039695,0.0025415231872680214,0.005219134234272752,7.4e-24,True,7.4e-24
9:34107505:C:T,LTL,-0.0343719,1.1e-30,472174,0.009,0.001384,484680.0,0.023028,4.43e-16,523522,-0.006268,0.09334,425740.0,-0.00669,0.06631,425743.0,0.008233805,0.4092,318397.62,matched,1,844,False,0.13717693836978131,0.0029847935170976003,0.00281428773742606,0.0028338008710247055,0.0037353183333597266,0.0036431512661440177,0.009976714277213696,1.1e-30,True,1.1e-30
20:62322290:G:A,LTL,-0.0818697,7.2e-25,472174,-0.0049,0.524,484680.0,-0.005608,0.468639,480978,-0.007082,0.5698,425740.0,0.006026,0.62,425743.0,-0.0049875416,0.8696,318397.62,matched,1,1545,False,0.009940357852882704,0.007950118710588228,0.007689993758645054,0.00773842505007487,0.012460717742535377,0.012152860297942776,0.03038097788430794,7.2e-25,True,7.2e-25
22:50971266:T:C,LTL,-0.0213475,9.2e-24,472174,0.0037,0.03218,803773.0,-0.001097,0.601926,478958,0.0004072,0.8779,425740.0,0.003704,0.1518,425743.0,0.0064205676,0.3599,318397.62,matched,1,1585,False,0.679920477137177,0.002124159390429098,0.0017272224867358737,0.002103011803033491,0.0026504915791920594,0.002584422105195694,0.007012755125630628,9.2e-24,True,9.2e-24
18:51817587:T:A,LTL,0.0232245,6.1e-30,472174,-0.0059,0.0006762,718696.0,0.007395,0.000128,524917,0.006205,0.0167,425740.0,0.01986,4.053e-15,425743.0,0.010151351,0.0301,318397.62,matched,1,1425,True,0.4284294234592445,0.0020431383801170775,0.0017357783851158271,0.0019306706500277536,0.0025927120439666294,0.0025288801067128437,0.004680690788595492,6.1e-30,True,6.1e-30
8:48885436:T:A,LTL,0.0310104,1.4e-27,472174,0.0059,0.009632,806310.0,-0.008064,0.002605,522445,0.01827,1.774e-07,425740.0,0.0144,2.453e-05,425743.0,0.020304753,0.01284,318397.62,matched,1,792,True,0.8449304174950298,0.002849620652288145,0.0022790764939636297,0.0026782952737415128,0.003498938863533081,0.003413065442395357,0.008160495516648771,1.4e-27,True,1.4e-27
17:76183233:C:T,LTL,-0.100574,3.4e-28,472174,0.0096,0.2732,484680.0,0.00817,0.355555,481435,-0.01583,0.1964,425740.0,0.002409,0.8403,425743.0,-0.008959741,0.7718,318397.62,matched,1,1394,False,0.011928429423459244,0.009134347357113538,0.008761338144252189,0.008843253825022395,0.012253495539053845,0.011954756045846587,0.030893397556289483,3.4e-28,True,3.4e-28
16:69402831:A:G,LTL,0.023816,3.3e-27,472174,0.0022,0.2902,484680.0,0.004578,0.028766,524922,0.009174,0.001918,425740.0,-0.01147,6.993e-05,425743.0,-0.0049875416,0.4918,318397.62,matched,1,1276,False,0.24652087475149106,0.002204395562838223,0.002080018355223591,0.002093586202289454,0.0029568326359916855,0.00288442884979531,0.007255147034436786,3.3e-27,True,3.3e-27
14:73422259:C:G,LTL,0.0455859,5.2e-43,472174,0.0036,0.2108,715147.0,0.006359,0.041809,524461,0.02162,1.036e-07,425740.0,-0.001335,0.7362,425743.0,0.010555514,0.3278,318397.62,matched,1,1183,True,0.11232604373757456,0.0033157010991341513,0.0028768500189307305,0.0031241765722669714,0.004063685609915386,0.003962720547510636,0.01078683989585386,5.2e-43,True,5.2e-43
20:62325833:C:A,LTL,-0.10951,1.8e-50,472174,-0.0006,0.9324,484680.0,-0.026682,0.00016,480981,-0.03206,0.003689,425740.0,-0.01354,0.2085,425743.0,-0.050693113,0.02564,318397.62,matched,1,1554,False,0.0268389662027833,0.007329809958690744,0.007073332047927553,0.00706805711574764,0.01104146854160821,0.0107656769485142,0.02271582193931144,1.8e-50,True,1.8e-50
15:50353277:T:G,LTL,-0.0332716,3.8e-45,472174,-0.005,0.01166,718261.0,0.01075,1.44e-06,522440,0.004768,0.115,425740.0,0.005582,0.05847,425743.0,-0.013902905,0.02365,318397.62,matched,1,1208,False,0.22564612326043737,0.002359695102959152,0.001982340893703918,0.0022305741464545385,0.003025165774192868,0.002950071556396526,0.006144202829401506,3.8e-45,True,3.8e-45
17:8136816:A:G,LTL,-0.0224592,5.9e-24,472174,-0.0091,1.975e-05,484680.0,-0.002527,0.227402,524918,-0.01682,2.201e-09,425740.0,-0.01402,3.147e-07,425743.0,-0.023716526,7.055e-05,318397.62,matched,1,1327,False,0.28628230616302186,0.0022251054361265175,0.002132296829391811,0.002093484779812263,0.0028116594319049244,0.0027412667375010693,0.00596728741835977,5.9e-24,True,5.9e-24
1:32279629:G:A,LTL,0.0182358,2.1e-19,472174,-0.0012,0.4848,716983.0,-0.007971,3.14e-05,523519,0.002275,0.3656,425740.0,-0.002599,0.2893,425743.0,-0.002995509,0.6364,318397.62,matched,1,29,False,0.43737574552683894,0.002024418339535778,0.0017177131179668857,0.0019146937478083206,0.002514518068376259,0.0024526770258221017,0.0063365077553167145,2.1e-19,True,2.1e-19
14:65544367:C:A,LTL,-0.0202965,4.3e-22,472174,0.0042,0.02123,714110.0,0.010094,3.37e-07,524919,-0.01493,4.563e-08,425740.0,-0.005657,0.03364,425743.0,-0.012916225,0.04747,318397.62,matched,1,1177,False,0.3320079522862823,0.0021002801705805344,0.0018230203424699002,0.001978639828547033,0.002730656614504356,0.0026629188744156864,0.006516491893450884,4.3e-22,True,4.3e-22
16:14652220:T:C,LTL,-0.0571159,4.9e-17,472174,-0.0118,0.07046,484680.0,-0.001237,0.85208,479574,-0.004342,0.7437,425740.0,-0.01517,0.2414,425743.0,0.06560576,0.01457,318397.62,matched,1,1261,False,0.016898608349900597,0.006808370329295458,0.006523149659137191,0.006633947151804247,0.013280011837930603,0.012949269356976807,0.02685574951615605,4.9e-17,True,4.9e-17
17:41448228:A:G,LTL,-0.0261033,3e-22,472174,0.0009,0.7398,484680.0,0.009223,0.000338,524919,-0.005916,0.08947,425740.0,-0.01697,5.911e-07,425743.0,0.0044097085,0.638,318397.62,matched,1,1347,False,0.17594433399602386,0.002690920816747241,0.0027098785073103493,0.0025731754939063356,0.003483688387890068,0.0033980079501739146,0.009372448285130994,3e-22,True,3e-22
7:99778227:G:T,LTL,-0.0227237,1.1e-20,472174,0.004,0.08545,484680.0,0.009358,3.96e-05,524920,-0.005355,0.07235,425740.0,-0.008437,0.003701,425743.0,-0.026641931,1.571e-05,318397.62,matched,1,740,False,0.22962226640159045,0.002436611249830028,0.002325711995931745,0.0022769958191565585,0.0029801168178768505,0.0029067221431663117,0.006169269365713519,1.1e-20,True,1.1e-20
8:56687597:C:T,LTL,-0.0296127,9.4e-21,472174,0.0016,0.6059,484680.0,0.003376,0.264045,524921,-0.003368,0.3973,425740.0,-0.003545,0.361,425743.0,0.0043092715,0.6812,318397.62,matched,1,798,False,0.889662027833002,0.003169643429593013,0.00310116749707469,0.003022702077787984,0.003978956197521885,0.0038808432930765783,0.010489281800275443,9.4e-21,True,9.4e-21
12:120976371:T:C,LTL,0.0285566,2.9e-18,472174,-0.0019,0.5363,484680.0,-0.003896,0.204298,523983,0.01048,0.01456,425740.0,0.01162,0.005452,425743.0,0.018469516,0.1059,318397.62,matched,1,1120,False,0.10636182902584493,0.0032766070198533364,0.003072356831215606,0.003069163576902915,0.0042895579705795025,0.004181301710747092,0.011422798541378147,2.9e-18,True,2.9e-18
22:17450515:G:A,LTL,-0.0206145,2.6e-23,472174,-0.0002,0.8915,715470.0,-0.001587,0.41856,522903,0.001279,0.6317,425740.0,0.004539,0.08114,425743.0,-0.013902905,0.05397,318397.62,matched,1,1574,False,0.35685884691848907,0.0020724418748209335,0.001466206667004198,0.0019618701850352364,0.0026682774558684924,0.0026024742324757175,0.00721450310275702,2.6e-23,True,2.6e-23
3:72891547:A:C,LTL,-0.0756311,1.9e-24,472174,0.0034,0.6337,484680.0,0.014434,0.039565,524923,-0.01298,0.2281,425740.0,-0.03867,0.0002308,425743.0,-0.022739487,0.4302,318397.62,matched,1,365,False,0.014910536779324055,0.007411806577525407,0.007134979240339495,0.007012713027858954,0.010769392317933694,0.010500521448111552,0.028826142713913788,1.9e-24,True,1.9e-24
5:139011509:T:C,LTL,0.0366525,2.6e-17,472174,0.0077,0.04054,707369.0,0.007173,0.084446,524915,0.02913,1.797e-07,425740.0,0.02628,1.387e-06,425743.0,0.026754737,0.01502,318397.62,matched,1,562,False,0.06858846918489066,0.004330776788935953,0.0037593908792605364,0.004157170941037716,0.00558131775406762,0.005444529162330881,0.011001593761324011,2.6e-17,True,2.6e-17
11:202253:G:A,LTL,0.0241795,6.6e-29,472174,-0.0021,0.3044,484680.0,-0.007318,1.5e-05,522093,0.006422,0.02285,425740.0,0.000327,0.9054,425743.0,-0.01192857,0.1152,318397.62,matched,1,947,False,0.6848906560636183,0.002167155444144232,0.0020447041250316487,0.0016905813871341145,0.0028216995214070065,0.002751536897641941,0.0075725192949440195,6.6e-29,True,6.6e-29
3:160160452:G:C,LTL,-0.0166362,1.1e-16,472174,0.0036,0.03462,718584.0,-0.006806,0.000317,524918,-0.01105,1.429e-05,425740.0,-0.001752,0.4805,425743.0,-0.022739487,4.657e-06,318397.62,matched,1,391,True,0.43439363817097415,0.002005941785706145,0.00170391991323209,0.001890032450888301,0.002546460027639085,0.0024833500569451856,0.0049653063228368155,1.1e-16,True,1.1e-16
3:49959148:A:G,LTL,-0.0151625,8.1e-14,472174,0.02,2.186e-25,484680.0,0.00961,7.32e-07,524868,0.009225,0.0002802,425740.0,0.0142,9.944e-09,425743.0,0.024907636,4.764e-06,318397.62,matched,1,347,False,0.42147117296222664,0.002030143112155266,0.0019208621090290006,0.001940365377982166,0.002539259160446767,0.0024774580669928077,0.0054443861829643605,8.1e-14,True,2.186e-25
16:74655652:C:T,LTL,0.0344367,2.3e-33,472174,0.0098,0.0003253,484680.0,-0.008856,0.001012,524878,0.001257,0.7289,425740.0,-0.002525,0.4753,425743.0,0.0009004052,0.9233,318397.62,matched,1,1285,False,0.1441351888667992,0.002861155900929395,0.002726560565098848,0.0026941113749246546,0.003626772529512013,0.0035369979209228276,0.009352165095288426,2.3e-33,True,2.3e-33
2:210676294:A:T,LTL,-0.0269227,7.2e-40,472174,-0.0013,0.4701,717932.0,0.002359,0.21894,523982,0.005928,0.02204,425740.0,0.007215,0.004279,425743.0,0.002102208,0.7579,318397.62,matched,1,229,True,0.5894632206759444,0.0020373017203439902,0.0017997654233876663,0.001918897698674482,0.0025890105341212504,0.0025255298591418244,0.006820044547005037,7.2e-40,True,7.2e-40
16:88092092:T:C,LTL,0.0232506,3.4e-26,472174,-0.0003,0.8803,484680.0,0.003898,0.072653,481441,0.005863,0.03472,425740.0,0.0003026,0.911,425743.0,0.0043092715,0.556,318397.62,matched,1,1304,False,0.6500994035785288,0.002196010203774836,0.0019921784036958166,0.002171582428944585,0.0027765556979479325,0.002707169035697659,0.007318819940220308,3.4e-26,True,3.4e-26
8:21846586:G:C,LTL,-0.0209417,3.3e-25,472174,-0.0056,0.001201,718646.0,-0.002061,0.279828,524912,-0.006982,0.006931,425740.0,-0.004197,0.09611,425743.0,-0.00796817,0.03703,318397.62,matched,1,787,True,0.6013916500994035,0.0020189210350347354,0.001729119519747315,0.0019070870075965254,0.0025857904552599427,0.0025222171501543982,0.003820870491301492,3.3e-25,True,3.3e-25
15:74336633:T:C,LTL,0.0193377,1.6e-21,472174,-0.0087,1.164e-07,805884.0,-0.00431,0.02655,523516,0.002059,0.4134,425740.0,0.0029,0.2376,425743.0,-0.022739487,1.913e-05,318397.62,matched,1,1226,False,0.4383697813121272,0.0020295182078830113,0.0016418004355688001,0.0019431299694633883,0.002517345646233351,0.002455531893816506,0.0053194141384495415,1.6e-21,True,1.6e-21
10:103937244:C:T,LTL,-0.0216653,3.2e-15,472174,0.0159,1.377e-11,718248.0,0.005863,0.025918,524922,-0.009665,0.005077,425740.0,-0.01208,0.000329,425743.0,-0.01093994,0.2258,318397.62,matched,1,922,False,0.8190854870775348,0.0027484099135399627,0.0023519643221831814,0.002632171761107138,0.003449189950568687,0.0033636602591748436,0.009031949892516544,3.2e-15,True,3.2e-15
15:42032383:C:G,LTL,0.0222664,4.4e-26,472174,-0.0059,0.0005072,806742.0,-0.000952,0.631729,524458,-0.008189,0.001639,425740.0,0.02014,2.013e-15,425743.0,0.009949331,0.0278,318397.62,matched,1,1207,True,0.3797216699801193,0.002107864288468543,0.001696901800310587,0.0019862519283500024,0.002600610908448028,0.002536350857195358,0.004522223396155423,4.4e-26,True,4.4e-26
4:7041377:A:G,LTL,-0.0178427,1.4e-18,472174,,,,-0.00165,0.421426,448264,-0.002117,0.4111,425740.0,0.001469,0.5587,425743.0,-0.0059820716,0.4107,318397.62,matched,1,420,False,0.5874751491053678,0.0020281746240162204,,0.0020523670950506946,0.0025755529782567708,0.002512083577733238,0.007271599580435929,1.4e-18,False,1.4e-18
13:73340177:G:A,LTL,0.0673908,1.6e-16,472174,-0.0006,0.9367,484680.0,-0.001637,0.832959,523524,0.05156,3.873e-07,425740.0,0.03488,0.0004317,425743.0,0.040405415,0.02122,318397.62,matched,1,1148,False,0.006958250497017893,0.008169775373351678,0.00755494417968112,0.007761675179894562,0.010159413326996058,0.00990935593887371,0.01753671401433734,1.6e-16,True,1.6e-16
13:41721305:C:T,LTL,0.0256624,1.2e-20,472174,0.0024,0.3182,484680.0,0.002829,0.281642,524920,0.01399,6.72e-05,425740.0,-0.0008315,0.8081,425743.0,-0.003992021,0.698,318397.62,matched,1,1139,False,0.8330019880715706,0.002754447768673552,0.002404415299873465,0.0026276240276926024,0.00350979509683867,0.0034235311678788237,0.010288139419919459,1.2e-20,True,1.2e-20
1:20916238:G:A,LTL,-0.0177791,1.5e-16,472174,-0.0025,0.2166,484680.0,0.016166,1.19e-15,524920,-0.004802,0.07388,425740.0,0.003837,0.1431,425743.0,-0.002995509,0.6688,318397.62,matched,1,23,False,0.29025844930417494,0.002153344555517854,0.00202327643844967,0.0020193663237298935,0.002686650296125982,0.002620286070167212,0.007002198177857699,1.5e-16,True,1.5e-16
9:826585:C:G,LTL,0.0154567,6.4e-14,472174,0.0008,0.6901,484680.0,0.001762,0.366638,519736,-0.0009035,0.7408,425740.0,-0.004094,0.1244,425743.0,-0.0009995003,0.8565,318397.62,matched,1,849,True,0.4691848906560636,0.00206099600913472,0.0020064237588285055,0.0019517300313911811,0.0027313060776710295,0.0026643854471828875,0.00552725297256785,6.4e-14,True,6.4e-14
10:5811954:C:T,LTL,-0.0182018,5.9e-19,472174,0.001,0.5504,718568.0,0.007366,0.000143,524923,-0.0005374,0.8369,425740.0,0.00229,0.3683,425743.0,-0.00796817,0.2377,318397.62,matched,1,867,False,0.6272365805168986,0.002046548413842034,0.001674590712267968,0.0019369321925294168,0.0026105075901075784,0.00254539957753503,0.006748367688632843,5.9e-19,True,5.9e-19
14:91957385:G:C,LTL,0.0190722,1.7e-21,472174,0.0044,0.02299,484680.0,-0.001163,0.53968,524895,0.001972,0.4394,425740.0,-0.0008234,0.7406,425743.0,0.003706862,0.5811,318397.62,matched,1,1184,True,0.47514910536779326,0.0020029772986081304,0.0019352561899578559,0.0018963080969193334,0.002550417287508741,0.002487170753966376,0.006718023318954565,1.7e-21,True,1.7e-21
14:96180695:G:T,LTL,0.0186161,4.7e-14,472174,0.0014,0.5008,705845.0,-0.006301,0.007699,523517,-0.003807,0.26,425740.0,-0.006715,0.04166,425743.0,0.000100005,0.9925,318397.62,matched,1,1190,False,0.21868787276341947,0.0024689813731447155,0.0020795223058325926,0.0023643592201273112,0.00337982065186245,0.0032966752861463694,0.010638836059107116,4.7e-14,True,4.7e-14
5:1639658:A:G,LTL,0.02081,2.2e-13,472174,0.0031,0.2502,484680.0,-0.003077,0.253963,522092,0.007377,0.04282,425740.0,0.006079,0.087,425743.0,0.010454458,0.28,318397.62,matched,1,510,False,0.12624254473161034,0.0028366787987931835,0.0026959716260491354,0.0026972859047211506,0.003642132952628186,0.003551980537446685,0.009677192294005878,2.2e-13,True,2.2e-13
3:24347800:T:C,LTL,-0.0147303,4.4e-12,472174,0.006,0.003003,484680.0,-0.000537,0.763777,524921,-0.003191,0.2726,425740.0,-0.00119,0.6749,425743.0,0.004811557,0.5365,318397.62,matched,1,330,False,0.6669980119284294,0.00212751879964121,0.0020219511991877133,0.0017868750775281135,0.00290859122824703,0.0028371661806338303,0.007784251294776728,4.4e-12,True,4.4e-12
11:5247141:G:A,LTL,0.046609,3.9e-65,472174,-0.0006,0.7947,717619.0,0.000943,0.63586,523522,0.0122,0.0008876,425740.0,0.007889,0.02752,425743.0,0.0043092715,0.658,318397.62,matched,1,969,False,0.8300198807157058,0.002734692909517057,0.002305809330701676,0.001991572903516265,0.0036703593710991785,0.0035793007677748043,0.009734591656730168,3.9e-65,True,3.9e-65
19:33750118:C:T,LTL,0.022644,1.8e-11,472174,0.0052,0.1022,484680.0,0.019814,1.5e-09,524913,0.001742,0.6957,425740.0,0.001191,0.7839,425743.0,-0.0009995003,0.9092,318397.62,matched,1,1470,False,0.09840954274353876,0.003368946372943159,0.0031818286466620354,0.0032780947956055394,0.0044537445114587225,0.004342907394268035,0.00876388134523632,1.8e-11,True,1.8e-11
12:133047900:C:G,LTL,0.0122403,4e-08,472174,-0.0065,0.002257,484680.0,-0.00222,0.310046,481441,0.004276,0.1346,425740.0,-0.0003329,0.9049,425743.0,0.0019018073,0.8065,318397.62,matched,1,1129,True,0.3429423459244533,0.002229216987202204,0.0021282524634310307,0.0021869216811709817,0.0028578953720137293,0.002786385084994568,0.007764261972483942,4e-08,True,4e-08
14:21974672:G:A,LTL,0.023742,2.2e-12,472174,-0.008,0.01276,484680.0,0.004499,0.156563,524914,0.005869,0.1723,425740.0,0.001094,0.7942,425743.0,-0.0059820716,0.5946,318397.62,matched,1,1169,False,0.10934393638170974,0.0033814822109241626,0.003212337531079687,0.003175631301757127,0.004300104234255841,0.004193810591194777,0.011240651574034692,2.2e-12,True,2.2e-12
3:101267385:T:C,LTL,0.0138552,9.7e-11,472174,-0.0069,0.0005951,484680.0,-0.002647,0.187391,524919,-0.002603,0.3277,425740.0,-0.009975,0.0001206,425743.0,-0.017839918,0.001106,318397.62,matched,1,369,False,0.34691848906560635,0.002140938595777026,0.002009413441826077,0.0020078332315182465,0.0026594953324466813,0.0025943435478192824,0.005468887047231948,9.7e-11,True,9.7e-11
16:9076936:A:G,LTL,-0.0149171,1e-13,472174,-0.0014,0.4127,718381.0,0.008066,2.41e-05,522901,-0.01059,2.224e-05,425740.0,-0.00509,0.03655,425743.0,-0.003992021,0.5879,318397.62,matched,1,1253,False,0.5397614314115308,0.0020047434703481777,0.0017090856252420883,0.0019099862145831397,0.0024969776627347183,0.00243452682619778,0.007366960270098836,1e-13,True,1e-13
18:74691225:A:G,LTL,0.0131327,2.9e-10,472174,0.0002,0.8916,718679.0,0.000943,0.633284,523977,0.008176,0.002358,425740.0,0.009335,0.0003709,425743.0,-0.0019980026,0.8182,318397.62,matched,1,1431,False,0.38071570576540753,0.0020832221911113355,0.0014675676726272331,0.001976484607995605,0.0026885962445300318,0.002622214588209758,0.008692231540536006,2.9e-10,True,2.9e-10
5:1412971:G:A,LTL,0.0471937,1.9e-12,472174,-0.0042,0.5127,484680.0,-0.003875,0.559822,478614,-0.01189,0.2101,425740.0,-0.00968,0.2957,425743.0,0.0054146326,0.8299,318397.62,matched,1,505,False,0.012922465208747515,0.006702096135138864,0.006415746582953763,0.006645447901810639,0.009487026258289401,0.009256965441977608,0.025204287346742026,1.9e-12,True,1.9e-12
7:23821866:C:T,LTL,-0.0165378,7.2e-13,472174,,,,0.004054,0.068667,491774,0.005301,0.06908,425740.0,-0.0001747,0.951,425743.0,0.014809116,0.009526,318397.62,matched,1,706,False,0.25347912524850896,0.0023047327739295744,,0.0022267329476930225,0.002916008083770914,0.002842913347504944,0.005712123112814671,7.2e-13,False,7.2e-13
7:159086389:A:G,LTL,-0.0296511,1.5e-23,472174,-0.0027,0.2985,701248.0,0.0081,0.004368,522904,0.01563,0.0001713,425740.0,0.009332,0.0214,425743.0,0.009242581,0.4054,318397.62,matched,1,778,False,0.8648111332007953,0.0029646445850381475,0.002597014203981271,0.0028418205711926202,0.004159164582238129,0.004055888923136402,0.011108659815453985,1.5e-23,True,1.5e-23
12:111904371:T:A,LTL,0.0161968,1.7e-15,472174,0.0088,4.761e-08,800555.0,-0.087972,5e-324,523841,-0.008983,0.0003387,425740.0,-0.03005,9.894e-35,425743.0,-0.053540766,7.809e-28,318397.62,matched,1,1109,True,0.5228628230616302,0.002034396815244984,0.0016117178050612327,0.001956004045712309,0.002506594262984465,0.002444508038778676,0.004896110899815274,1.7e-15,True,5e-324
19:57370055:G:A,LTL,-0.0149654,1.4e-13,472174,0.0028,0.1104,718215.0,0.000478,0.803867,523823,3.129e-05,0.9912,425740.0,0.0002361,0.9316,425743.0,0.013591954,0.07061,318397.62,matched,1,1483,False,0.46322067594433397,0.0020233548689561763,0.001753948761894956,0.0019247369388132333,0.0028369661074795854,0.002750723630721976,0.007517767161949382,1.4e-13,True,1.4e-13
9:109639896:A:C,LTL,0.0142005,1.2e-08,472174,-0.0056,0.01913,484680.0,-0.002841,0.229675,524917,0.000454,0.8883,425740.0,0.006795,0.03114,425743.0,-0.0069756135,0.406,318397.62,matched,1,847,False,0.1908548707753479,0.0024914354642843342,0.002390110438549528,0.0023651418237747674,0.0032323372956067314,0.0031527239273544953,0.008394711625076995,1.2e-08,True,1.2e-08
3:128215821:G:A,LTL,-0.0174439,1.1e-17,472174,0.0021,0.2738,484680.0,0.010949,1.32e-08,524917,0.008946,0.0006693,425740.0,-0.006261,0.01464,425743.0,-0.00796817,0.267,318397.62,matched,1,376,False,0.6341948310139165,0.002037132833148738,0.0019189413047234695,0.0019264688171691962,0.0026297412766525764,0.0025647599693520554,0.007178546141943238,1.1e-17,True,1.1e-17
7:123420442:C:A,LTL,0.0129482,2.8e-10,472174,0.0023,0.187,718677.0,-0.004927,0.010811,524922,0.01332,5.13e-07,425740.0,0.00531,0.04019,425743.0,0.0291199,4.022e-08,318397.62,matched,1,755,False,0.38866799204771374,0.0020521863736694657,0.0017430765536266533,0.0019331050284995366,0.0026526541711504744,0.0025879831700199893,0.005304284230235059,2.8e-10,True,2.8e-10
2:216220870:G:T,LTL,0.0124744,1.4e-08,472174,-0.0011,0.6073,484680.0,0.001577,0.445081,523982,0.008881,0.001309,425740.0,-0.000733,0.7857,425743.0,0.0058168853,0.4302,318397.62,matched,1,231,False,0.279324055666004,0.0021987564159889027,0.0021403637589958494,0.0020651055601749193,0.0027632240137600308,0.0026958580992705204,0.007373885163208265,1.4e-08,True,1.4e-08
4:122750079:C:T,LTL,-0.014397,2.5e-12,472174,-0.0049,0.005071,718569.0,0.012597,7.3e-11,523520,-3.26e-05,0.9903,425740.0,-0.0006412,0.8055,425743.0,-0.0019980026,0.7275,318397.62,matched,1,471,False,0.35785288270377735,0.0020557447039459523,0.00174844597214095,0.001933727808164989,0.0026814841177972945,0.002604012070288245,0.0057339226822606644,2.5e-12,True,2.5e-12
8:95512202:G:A,LTL,-0.0181276,1.6e-14,472174,-0.0146,6.425e-11,484680.0,-0.002198,0.322188,524893,0.003552,0.2295,425740.0,-0.0004438,0.8776,425743.0,-0.0099503305,0.2121,318397.62,matched,1,814,False,0.3091451292246521,0.0023605895290129625,0.002234636717021124,0.002220265709971639,0.002955940914874727,0.0028815871438754364,0.007974223995212828,1.6e-14,True,1.6e-14
6:203722:T:G,LTL,0.0396242,1.9e-17,472174,-0.0076,0.08705,484680.0,0.001814,0.677269,522088,-0.003623,0.5427,425740.0,0.0009884,0.8648,425743.0,0.015215166,0.3371,318397.62,matched,1,582,False,0.06063618290258449,0.004661807887090913,0.0044414093148597645,0.004358557931576195,0.005951685162539321,0.005804993338332692,0.015850600419804125,1.9e-17,True,1.9e-17
1:146722222:G:A,LTL,0.0264634,1.4e-13,472174,-0.0091,0.00771,484680.0,-0.004382,0.194669,524919,-0.008686,0.05229,425740.0,-0.009763,0.02531,425743.0,0.0062193,0.6042,318397.62,matched,1,82,False,0.11332007952286283,0.003577909660893453,0.0034152588835967617,0.003378852199837326,0.004475615778546009,0.004365033315889373,0.01199779609408515,1.4e-13,True,1.4e-13
12:11757743:G:A,LTL,-0.0141214,1.5e-11,472174,-0.0009,0.6316,637968.0,0.002309,0.250471,519614,-0.01175,0.0007468,425740.0,-0.009798,0.003952,425743.0,-0.017839918,0.003317,318397.62,matched,1,1046,False,0.3240556660039761,0.0020927102448203253,0.0018770489029704574,0.00200921311676016,0.0034847906933059246,0.00339976028944299,0.006074769952230591,1.5e-11,True,1.5e-11
5:78925710:G:A,LTL,-0.0241868,5.4e-13,472174,-0.0075,0.01561,484680.0,0.005508,0.089284,523763,0.004904,0.2612,425740.0,0.002326,0.5847,425743.0,-0.0049875416,0.6423,318397.62,matched,1,544,False,0.09642147117296222,0.003352371185595194,0.0031018543045070314,0.0032415506792172876,0.004364700365116073,0.00425592309041829,0.01073777849524537,5.4e-13,True,5.4e-13
4:2255063:A:G,LTL,-0.0224234,9.3e-15,472174,-0.0079,0.001136,718185.0,0.016195,1.98e-08,481442,0.008522,0.02157,425740.0,0.0165,5.096e-06,425743.0,0.021427948,0.003461,318397.62,matched,1,421,False,0.16401590457256462,0.002893910018024774,0.0024274228254470014,0.0028848861666664477,0.00370867491021892,0.0036177892935259537,0.007329507322773251,9.3e-15,True,9.3e-15
22:45790132:T:C,LTL,0.0144904,4.8e-12,472174,-0.0047,0.01644,484680.0,0.00805,4.74e-05,524902,0.01204,6.894e-06,425740.0,-0.005522,0.03449,425743.0,-0.0069756135,0.324,318397.62,matched,1,1587,False,0.3817097415506958,0.002096603556028128,0.0019591511973987667,0.001978815433134182,0.002677379051957119,0.00261174414071905,0.007072712659466719,4.8e-12,True,4.8e-12
3:197842892:T:C,LTL,-0.0198961,1.6e-12,472174,0.0014,0.612,484680.0,-0.001046,0.709425,479139,-0.00173,0.6403,425740.0,0.002092,0.5625,425743.0,-0.012916225,0.2067,318397.62,matched,1,416,False,0.1878727634194831,0.002815937367643811,0.002760139932746327,0.0028070857641864424,0.003702281840451914,0.0036123015372730325,0.010229120105631248,1.6e-12,True,1.6e-12
13:71236607:T:A,LTL,-0.0115445,1.3e-08,472174,0.0037,0.05312,484680.0,-0.00662,0.00057,524919,-0.003519,0.1794,425740.0,2.909e-05,0.9909,425743.0,0.007427516,0.2889,318397.62,matched,1,1155,True,0.5407554671968191,0.0020303144935849156,0.0019131886912472356,0.001921345635140867,0.0026210245933738444,0.0025505449085775965,0.0070035372223237686,1.3e-08,True,1.3e-08
5:1282319:C:A,LTL,0.0707719,1.8e-242,472174,-0.0022,0.2784,484680.0,0.005858,0.005406,477670,0.02041,1.163e-14,425740.0,0.01429,3.028e-08,425743.0,0.014301784,0.00261,318397.62,matched,1,498,False,0.3499005964214712,0.0021282362455120416,0.002029668941575952,0.002105838290633297,0.0026437712356461715,0.002579510852780843,0.004750968532051521,1.8e-242,True,1.8e-242
6:109590004:A:G,LTL,-0.0135527,1.9e-11,472174,-0.0056,0.00325,484680.0,-0.003249,0.099615,481443,-0.003869,0.1252,425740.0,-0.003304,0.1794,425743.0,-0.0069756135,0.2748,318397.62,matched,1,647,False,0.42445328031809143,0.0020187210168998715,0.0019027904343282976,0.0019730094576006366,0.002523302663037863,0.0024608881092660364,0.006387483927418223,1.9e-11,True,1.9e-11
3:138244400:C:T,LTL,-0.0143407,1.2e-12,472174,0.0023,0.1766,718581.0,0.004343,0.022774,523521,-0.002234,0.382,425740.0,-0.003608,0.1479,425743.0,0.009646377,0.03876,318397.62,matched,1,387,False,0.44831013916500995,0.0020182901909669374,0.0017020672273108206,0.0019071626949932413,0.0025554291196526577,0.002493453620315976,0.004667468256689279,1.2e-12,True,1.2e-12
1:151374025:T:C,LTL,0.0174898,4.3e-11,472174,0.0074,0.001983,588755.0,0.001489,0.551213,523520,0.01955,3.388e-09,425740.0,-0.0059,0.06734,425743.0,0.0144032305,0.1021,318397.62,matched,1,81,False,0.14612326043737575,0.002652640880119318,0.002392679712515802,0.0024985591839682196,0.003307057181386132,0.0032251045692773856,0.00881062480558975,4.3e-11,True,4.3e-11
2:58985331:G:A,LTL,0.0174803,1.4e-09,472174,0.0136,6.699e-07,484680.0,-0.003107,0.254709,523980,-0.001135,0.7537,425740.0,-0.003315,0.3471,425743.0,0.020610955,0.002584,318397.62,matched,1,176,False,0.14910536779324055,0.0028866912995296153,0.002736477649028979,0.0027278649978417567,0.0036173640904154955,0.0035257360147475337,0.006839932212802261,1.4e-09,True,1.4e-09
2:29075031:C:T,LTL,0.0140466,3.1e-12,472174,0.0089,2.885e-06,484680.0,-0.002055,0.277647,524860,0.007566,0.002893,425740.0,0.01606,8.879e-11,425743.0,-0.002995509,0.7015,318397.62,matched,1,141,False,0.4731610337972167,0.002014393983556813,0.0019021801725288754,0.001892926962278557,0.0025398770990439274,0.0024765219569523153,0.00781512404897803,3.1e-12,True,3.1e-12
2:43582103:A:T,LTL,-0.0146879,4.3e-08,472174,-0.0014,0.5485,718354.0,-0.031642,1.65e-35,524917,-0.007541,0.02703,425740.0,-0.01234,0.0002064,425743.0,0.005213567,0.5668,318397.62,matched,1,154,True,0.1481113320079523,0.0026812200273604652,0.0023332969481790556,0.0025442253797533622,0.003410543868814706,0.003325202999638935,0.0091023642364289,4.3e-08,True,1.65e-35
20:62345183:A:G,LTL,-0.0963686,1.2e-08,472174,0.0057,0.7253,484680.0,-0.006785,0.674552,480891,0.00263,0.9001,425740.0,-0.01977,0.3333,425743.0,-0.013902905,0.8041,318397.62,matched,1,1548,False,0.011928429423459244,0.01690758407685865,0.01622155207279504,0.016158266402747864,0.02095032874032256,0.020434356174763253,0.05605005033585897,1.2e-08,True,1.2e-08
1:45246333:T:C,LTL,0.0152599,2.1e-09,472174,-0.0026,0.2916,484680.0,-0.001918,0.421417,524921,0.008265,0.009223,425740.0,0.01293,2.968e-05,425743.0,0.015519812,0.01265,318397.62,matched,1,49,False,0.2077534791252485,0.0025476149843934558,0.0024653472946197436,0.0023856750235507654,0.0031743585536542123,0.0030963327162722865,0.0062241734412843905,2.1e-09,True,2.1e-09
2:17889705:A:G,LTL,-0.0138867,8.4e-12,472174,-0.0004,0.792,718669.0,0.000318,0.866901,523983,-0.001434,0.5746,425740.0,-0.002321,0.3516,425743.0,-0.01093994,0.1075,318397.62,matched,1,126,False,0.4383697813121272,0.0020327294757453425,0.001516792418986486,0.0018974182848657626,0.002554830005779942,0.002491706033336034,0.006796968323493312,8.4e-12,True,8.4e-12
1:40035928:G:T,LTL,-0.0155758,1.1e-09,472174,0.0158,6.108e-11,484680.0,-0.006291,0.008086,524921,0.007011,0.0426,425740.0,0.01204,0.0003581,425743.0,0.041864205,2.349e-09,318397.62,matched,1,43,False,0.1878727634194831,0.002555848468472266,0.0024155067334877705,0.002375344835907551,0.003457764418186567,0.0033733236163516083,0.007010519812154748,1.1e-09,True,6.108e-11
7:50258206:G:A,LTL,-0.0270298,2.8e-10,472174,-0.0046,0.2631,484680.0,-0.000761,0.848972,524916,-0.00478,0.4021,425740.0,-0.006448,0.2464,425743.0,-0.013902905,0.3724,318397.62,matched,1,726,False,0.061630218687872766,0.0042840076028336695,0.004110467593913275,0.00399621396316265,0.005704897208956917,0.005562755113977439,0.015586446770735406,2.8e-10,True,2.8e-10
17:2584946:G:A,LTL,-0.016024,3.7e-08,472174,-0.0024,0.3892,484680.0,-0.007383,0.008323,523981,0.005255,0.183,425740.0,0.001361,0.7238,425743.0,0.007629027,0.4666,318397.62,matched,1,1312,False,0.15606361829025844,0.0029110180127625697,0.0027872328344290317,0.0027979920520556398,0.003946455427434876,0.0038513261045496744,0.010479113213448611,3.7e-08,True,3.7e-08
8:70970809:C:G,LTL,0.0170424,8.7e-09,472174,-0.0048,0.05568,718467.0,-0.001239,0.658938,524920,0.007045,0.05467,425740.0,0.0009521,0.7901,425743.0,0.0017014466,0.8647,318397.62,matched,1,801,True,0.14612326043737575,0.0029616792940337366,0.0025084505374449984,0.002807105702815643,0.0036664261118781777,0.003576892635453789,0.009985345211182975,8.7e-09,True,8.7e-09
15:65116390:C:A,LTL,0.0447257,4.4e-09,472174,0.006,0.4078,484680.0,0.017896,0.016207,480984,0.01025,0.4315,425740.0,0.06607,1.986e-07,425743.0,-0.00796817,0.8238,318397.62,matched,1,1218,False,0.013916500994035786,0.007621436960431172,0.007248378387880439,0.007443577223002262,0.013030311012438138,0.012704197739628645,0.035786238140745406,4.4e-09,True,4.4e-09
17:65706748:C:G,LTL,0.0115162,1.2e-08,472174,0.0039,0.02375,718260.0,0.001962,0.30538,523836,0.00371,0.1482,425740.0,0.003097,0.2158,425743.0,-0.01192857,0.02163,318397.62,matched,1,1381,True,0.5387673956262425,0.002020483017766364,0.0017247864288996299,0.001914212882061621,0.002565842701074142,0.0025020729682502818,0.0051935534121269975,1.2e-08,True,1.2e-08
12:88861682:G:A,LTL,0.0143766,5.4e-09,472174,0.0006,0.8011,484680.0,-0.00579,0.013376,523980,0.003019,0.345,425740.0,0.009599,0.002078,425743.0,0.010555514,0.2154,318397.62,matched,1,1096,False,0.7962226640159046,0.0024641296733830427,0.002381673005744219,0.002340719589206696,0.003196968740746904,0.0031177206682714217,0.008520393730105831,5.4e-09,True,5.4e-09
12:24762109:T:C,LTL,-0.0178308,8e-10,472174,-0.0041,0.09391,718698.0,-0.004512,0.10043,524922,-0.004061,0.2836,425740.0,0.006812,0.06518,425743.0,0.0025031301,0.8063,318397.62,matched,1,1065,False,0.16699801192842942,0.0029017103507220643,0.002447580707832283,0.002746576194149887,0.0037873019969135624,0.0036941000007754575,0.010208439296785266,8e-10,True,8e-10
11:9642200:G:C,LTL,-0.0137314,6.4e-11,472174,0.0018,0.3633,484680.0,-0.001609,0.291262,524916,0.009212,0.000496,425740.0,0.009101,0.0004187,425743.0,0.010151351,0.1481,318397.62,matched,1,966,True,0.3697813121272366,0.0021015034246451895,0.0019799911657246583,0.0015246023188487117,0.002644916757640281,0.002579642906607641,0.007018961729309523,6.4e-11,True,6.4e-11
1:28219658:C:G,LTL,-0.0257788,2.1e-10,472174,-0.0134,0.0005292,484680.0,-0.016397,2.8e-05,524922,-0.009045,0.135,425740.0,0.004364,0.4597,425743.0,0.017349638,0.2797,318397.62,matched,1,25,True,0.061630218687872766,0.004057197591286081,0.0038666595270534948,0.003914158228357185,0.0060514938985254015,0.005902554301317602,0.016049715210238208,2.1e-10,True,2.1e-10
16:90143727:C:T,LTL,-0.014367,1.8e-11,472174,0.0037,0.05969,484680.0,-0.003272,0.473566,114815,0.008712,0.001317,425740.0,-0.002818,0.2867,425743.0,-0.002995509,0.6562,318397.62,matched,1,1307,False,0.6709741550695825,0.0021375045283551653,0.0019648697115204413,0.004565438971539426,0.002712118197767887,0.002645043636307253,0.006728975043945223,1.8e-11,True,1.8e-11
11:47440758:G:A,LTL,-0.012915,3.3e-10,472174,-0.0132,1.1e-15,805940.0,0.004133,0.033157,522903,0.01924,1.401e-13,425740.0,0.0179,1.709e-12,425743.0,0.026343975,3.104e-08,318397.62,matched,1,995,False,0.3697813121272366,0.002055224116809608,0.0016468806027658774,0.0019402143228126425,0.002601323518408554,0.00253671260254763,0.004759124122324862,3.3e-10,True,1.1e-15
12:57082058:G:A,LTL,-0.0168922,2e-08,472174,0.0079,0.003088,662175.0,-0.002057,0.476125,521665,0.006293,0.1761,425740.0,-0.01692,0.0001916,425743.0,-0.014888613,0.241,318397.62,matched,1,1085,False,0.11232604373757456,0.003010013587850495,0.002669965809917176,0.002886819796824001,0.0046516230472731885,0.004536385379271495,0.01269827531786683,2e-08,True,2e-08
16:53824226:A:G,BMI,-0.0038971,0.056,472174,0.0679,6.17e-269,484680.0,-0.003675,0.056115,524919,0.02532,5.847e-23,425740.0,-0.01436,9.641e-09,425743.0,0.07192574,1.357e-48,318397.62,matched,1,1591,False,0.4383697813121272,0.002039260756332823,0.0019379560443540868,0.00192394126105298,0.0025663989533431385,0.0025030823892380704,0.004909772600278508,6.17e-269,True,6.17e-269
1:177852580:T:C,BMI,-0.00291795,0.24,472174,0.0457,4.52e-113,792554.0,-0.003753,0.105643,523515,0.009142,0.003337,425740.0,-0.004817,0.1129,425743.0,0.017960325,0.002089,318397.62,matched,1,1588,False,0.19681908548707752,0.002483389617400799,0.002022290210982312,0.002319399917105392,0.00311497147491741,0.0030385568853007034,0.005836431371569418,4.52e-113,True,4.52e-113
18:57851763:A:G,BMI,-0.00140645,0.55,472174,0.0531,1.31e-172,806622.0,-0.007083,0.001475,524461,0.01079,0.0002911,425740.0,0.003648,0.2091,425743.0,0.011263193,0.01059,318397.62,matched,1,1590,False,0.24652087475149106,0.002352866875399538,0.001895908554460787,0.0022276683317929537,0.0029781176180760996,0.0029043567402682598,0.004406665669728531,1.31e-172,True,1.31e-172
5:75003678:T:C,BMI,-0.00189435,0.36,472174,-0.0264,8.978e-59,806617.0,0.001113,0.564934,523522,-0.005305,0.03743,425740.0,0.02878,5.545e-31,425743.0,-0.01192857,0.08101,318397.62,matched,1,537,False,0.3956262425447316,0.0020695021310724237,0.0016332097376280154,0.0019338750808444662,0.0025492028877147827,0.0024864859341657986,0.0068364222794354635,8.978e-59,True,8.978e-59
16:28837515:T:C,BMI,0.0104256,3.3e-07,472174,0.0278,3.689e-64,806774.0,-0.005116,0.008137,523522,0.009269,0.0002795,425740.0,0.0002809,0.9101,425743.0,0.017858518,0.0005018,318397.62,matched,1,1592,False,0.34393638170974156,0.0020420512114835174,0.001643832212256195,0.001933242203548176,0.0025509175479574483,0.0024877691287982944,0.005132062266525439,3.689e-64,True,3.689e-64
11:27636885:C:T,BMI,-0.00063815,0.8,472174,0.0366,6.288e-75,803955.0,-0.007488,0.001448,523523,-0.0008058,0.7969,425740.0,-0.01479,1.275e-06,425743.0,0.00040008003,0.9624,318397.62,matched,1,1589,False,0.7823061630218688,0.0025188762456776043,0.0019983670151563506,0.002351088270115775,0.00313100884624985,0.0030535065496505908,0.008486688339272946,6.288e-75,True,6.288e-75
16:19933600:C:T,BMI,0.00206255,0.48,472174,-0.0351,8.831e-50,789882.0,0.001977,0.465764,523522,9.597e-05,0.9784,425740.0,0.002511,0.467,425743.0,0.012882626,0.1711,318397.62,matched,1,1597,False,0.13021868787276342,0.0029202074415620913,0.0023661857762118034,0.0027104893714033577,0.003544612362365693,0.003452168487693311,0.00941246041785415,8.831e-50,True,8.831e-50
2:637597:C:T,BMI,-0.00196534,0.46,472174,0.057,1.3e-149,765097.0,-0.006949,0.005271,524921,0.02345,2.103e-12,425740.0,-0.0008193,0.8013,425743.0,0.054350596,4.387e-17,318397.62,matched,1,1595,False,0.8260437375745527,0.002660009990118168,0.0021879894221181,0.0024906917428591108,0.003336901247114219,0.003255518041870425,0.006468719875386134,1.3e-149,True,1.3e-149
15:68086838:G:A,BMI,0.00370294,0.12,472174,-0.0298,3.602e-54,806797.0,0.002481,0.272853,523517,-0.002485,0.4046,425740.0,-0.01489,3.065e-07,425743.0,-0.012916225,0.00464,318397.62,matched,1,1594,False,0.2355864811133201,0.002381658662630013,0.001922880731487272,0.002262620763592582,0.002981639779516028,0.0029085407391058536,0.004562394710848749,3.602e-54,True,3.602e-54
3:185824644:C:T,BMI,0.00498115,0.047,472174,0.0239,4.578e-32,793664.0,0.003455,0.149901,524923,0.003073,0.3512,425740.0,-0.001969,0.5401,425743.0,0.01694272,0.0117,318397.62,matched,1,1593,False,0.8061630218687873,0.0025077528510767996,0.0020277312809701574,0.0023995034390286237,0.0032962758550645573,0.0032138450096578716,0.006720459490090392,4.578e-32,True,4.578e-32
9:28414339:A:G,BMI,-0.00200531,0.35,472174,0.0237,2.582e-42,806741.0,-0.000255,0.899706,523522,0.01199,8.715e-06,425740.0,-0.001752,0.5051,425743.0,0.02265469,1.685e-05,318397.62,matched,1,1602,False,0.30218687872763417,0.002145659081645027,0.0017385491202258335,0.002023283620216398,0.0026963076201507296,0.002628709237605373,0.005264858033066298,2.582e-42,True,2.582e-42
7:75176196:G:A,BMI,0.00044806,0.82,472174,0.0207,7.922e-36,775578.0,0.005178,0.006741,523522,,,,,,,,,,matched,1,1601,False,0.5397614314115308,0.001969105214335777,0.0016566259550935146,0.0019111415182753273,,,,7.922e-36,False,7.922e-36
12:50263148:G:A,BMI,0.00567167,0.0061,472174,0.0305,5.233e-64,663621.0,-0.002676,0.168756,523521,0.008499,0.0009133,425740.0,0.008251,0.0009652,425743.0,0.02901695,7.75e-09,318397.62,matched,1,1078,False,0.35685884691848907,0.002068173456726417,0.001805686046622921,0.001944467821708555,0.002563061263902766,0.0024999402995148864,0.0050256178948446684,5.233e-64,True,5.233e-64
1:72765116:G:A,BMI,-0.00433551,0.034,472174,0.0253,1.157e-53,801571.0,0.000983,0.609558,523523,-0.002001,0.4372,425740.0,-0.01126,7.456e-06,425743.0,0.017247893,0.003488,318397.62,matched,1,1605,False,0.6421471172962226,0.002044982733827881,0.0016404696623106376,0.0019247921833184616,0.0025755212081656057,0.0025132595769630593,0.00590459221860646,1.157e-53,True,1.157e-53
12:122781897:G:A,BMI,0.0129031,0.00011,472174,-0.0296,4.011e-27,798791.0,0.003084,0.323281,523524,-0.0003144,0.9402,425740.0,0.0004468,0.913,425743.0,-0.0099503305,0.3511,318397.62,matched,1,1604,False,0.08946322067594434,0.003336372198957872,0.002744312193491069,0.003122285600496739,0.004190966755175321,0.004089504137986045,0.01067107894100356,4.011e-27,True,4.011e-27
10:104906211:T:C,BMI,0.00773506,0.035,472174,0.0264,1.113e-19,806711.0,-0.017952,2.74e-07,524463,-0.06753,1.714e-52,425740.0,-0.01477,0.0006262,425743.0,-0.09349034,5.066e-28,318397.62,matched,1,1596,False,0.0874751491053678,0.003668759544415381,0.002908353334728155,0.003492263411531866,0.004428960638399289,0.004318707220091023,0.008518834822986767,1.113e-19,True,1.113e-19
6:50803050:A:G,BMI,-0.00415536,0.11,472174,0.0407,9.561e-83,806796.0,-0.006758,0.005954,523522,0.01109,0.0006524,425740.0,-0.002083,0.5117,425743.0,0.019794628,0.0009463,318397.62,matched,1,1598,False,0.18091451292246521,0.002600036188492636,0.0021120720216111096,0.002457182920233122,0.003253307182413403,0.003174371314006734,0.0059874424143151125,9.561e-83,True,9.561e-83
18:21140432:T:C,BMI,-0.0001603,0.94,472174,-0.0179,1.108e-27,806774.0,0.004182,0.029568,523522,-0.003668,0.1485,425740.0,-0.007533,0.002352,425743.0,-0.025667747,1.576e-07,318397.62,matched,1,1611,False,0.3836978131212724,0.0021296704355243164,0.0016416614324141208,0.0019220254586178635,0.002538671689288076,0.002476527433001426,0.00489520034064139,1.108e-27,True,1.108e-27
2:25150116:C:A,BMI,0.00179172,0.37,472174,0.0326,8.45e-91,806550.0,0.005562,0.003165,524918,-0.0008063,0.7505,425740.0,-0.01223,7.553e-07,425743.0,-0.00796817,0.2181,318397.62,matched,1,1599,False,0.4662027833001988,0.00199863160685739,0.0016132810460440417,0.001884630993421866,0.0025356929349704357,0.0024724169663900013,0.006469791537745257,8.45e-91,True,8.45e-91
11:47600438:C:T,BMI,-0.00622337,0.0055,472174,-0.0208,2.495e-30,806736.0,0.00862,4.35e-05,522438,0.01676,2.694e-09,425740.0,0.01963,8.854e-13,425743.0,0.013287894,0.01028,318397.62,matched,1,1600,False,0.2544731610337972,0.0022416942818025715,0.0018174093537908864,0.002108580813872799,0.002817169327165072,0.0027465147371604206,0.005177910118810672,2.495e-30,True,2.495e-30
19:46193351:A:G,BMI,-0.0012976,0.62,472174,,,,-0.001391,0.586665,490371,0.01036,0.001103,425740.0,-0.006097,0.0489,425743.0,-0.00796817,0.3399,318397.62,matched,1,1603,False,0.1988071570576541,0.002616918606473705,,0.0025585128681070994,0.0031751435941910883,0.003095768450356517,0.008349203795689987,,False,0.586665
1:62594677:T:C,BMI,-0.00167374,0.41,472174,-0.0161,3.238e-23,806470.0,-0.003523,0.0632,524459,-0.005321,0.03428,425740.0,0.001683,0.4924,425743.0,-0.01192857,0.01313,318397.62,matched,1,1606,False,0.4284294234592445,0.002031500109197616,0.001622151009682894,0.001896347520845642,0.0025137443241335794,0.00245157801274755,0.004809473542803451,3.238e-23,True,3.238e-23
4:103206555:G:T,BMI,-0.00027863,0.91,472174,0.0198,4.145e-24,806700.0,0.007432,0.000984,524920,-0.02094,9.69e-13,425740.0,-0.03267,3.598e-30,425743.0,0.0046106125,0.5547,318397.62,matched,1,1610,False,0.2077534791252485,0.0024649115108104193,0.0019549511902886346,0.002255496319009125,0.0029348942368062456,0.0028625075097599463,0.007804914005982641,4.145e-24,True,4.145e-24
6:108977663:T:C,BMI,-0.00228263,0.3,472174,0.0164,3.599e-21,806668.0,0.000425,0.843378,481442,-0.006544,0.01862,425740.0,-0.00281,0.3002,425743.0,0.01349059,0.01527,318397.62,matched,1,1607,False,0.6322067594433399,0.0022023894860381445,0.0017366105125309473,0.0021510874846193645,0.0027810683037896105,0.002712343188788787,0.005561039989837879,3.599e-21,True,3.599e-21
3:49936102:T:C,BMI,-0.0158022,3.6e-15,472174,0.0245,7.774e-48,718281.0,0.007739,6.22e-05,523521,0.01153,3.813e-06,425740.0,0.01519,4.363e-10,425743.0,0.032626502,4.549e-10,318397.62,matched,1,1617,False,0.4970178926441352,0.002008382293906766,0.001686117577657708,0.001932669829389509,0.0024949563625064285,0.0024341173977615754,0.005233704020210015,7.774e-48,True,7.774e-48
12:112072424:A:G,BMI,-0.012761,6.4e-10,472174,-0.0112,6.097e-12,806283.0,0.078968,5e-324,522440,0.007421,0.003258,425740.0,0.02612,2.462e-26,425743.0,0.040509544,1.117e-16,318397.62,matched,1,1608,False,0.4194831013916501,0.0020648030630678943,0.0016285308306301827,0.001982449455928844,0.0025221894424602856,0.0024600114169098515,0.004885590388748733,6.097e-12,True,5e-324
6:34563164:A:G,BMI,-0.00553439,0.014,472174,0.0265,1.774e-48,800222.0,-0.020301,1.96e-21,523522,0.003545,0.2158,425740.0,0.009338,0.0008309,425743.0,0.033453375,1.517e-09,318397.62,matched,1,1609,False,0.279324055666004,0.002252257540668973,0.0018111872478858183,0.0021353453095456633,0.0028640131328534868,0.002793892248477014,0.005536303514066153,1.774e-48,True,1.774e-48
7:76640546:T:C,BMI,0.00528029,0.056,472174,,,,0.004094,0.132729,488325,-0.01854,3.983e-07,425740.0,0.004509,0.2062,425743.0,-0.038258713,8.638e-08,318397.62,matched,1,1660,False,0.805168986083499,0.0027630515457793335,,0.0027231121523106664,0.0036569717578638283,0.0035670107404555604,0.007146796407369282,,False,0.056
16:30000901:G:A,BMI,0.00126342,0.53,472174,0.0213,3.812e-36,718351.0,-0.008318,1.35e-05,524921,0.01841,4.771e-13,425740.0,0.003006,0.2261,425743.0,0.018062143,0.000335,318397.62,matched,1,1613,False,0.4423459244532803,0.0020117960193924184,0.0016967626841855473,0.0019113755834819486,0.002545747658621395,0.002483340432998694,0.00503598781119755,3.812e-36,True,3.812e-36
16:72032231:T:A,BMI,-0.00037487,0.86,472174,-0.0127,2.639e-13,806430.0,0.000123,0.95203,523981,0.007056,0.00939,425740.0,-0.001691,0.5234,425743.0,-0.0009995003,0.8557,318397.62,matched,1,1616,True,0.2922465208747515,0.0021254246644669458,0.001736956249287712,0.0020446245401439783,0.0027164385489012537,0.0026500000661776376,0.00549627268721493,2.639e-13,True,2.639e-13
11:8639200:T:C,BMI,-0.00356872,0.086,472174,0.0186,2.567e-28,806131.0,-0.000502,0.740676,523521,0.004167,0.1089,425740.0,-0.003517,0.1654,425743.0,0.0091416575,0.1838,318397.62,matched,1,1612,False,0.6232604373757455,0.002078600420580767,0.001685420793926858,0.00151680750191622,0.0025992463895831573,0.0025354381511030867,0.006877846025586777,2.567e-28,True,2.567e-28
16:4017567:T:A,BMI,-0.0074008,0.00039,472174,,,,-0.000278,0.895229,446925,0.008353,0.002435,425740.0,0.009346,0.0005061,425743.0,0.02296161,6.633e-06,318397.62,matched,1,1622,True,0.5904572564612326,0.0020866369370529923,,0.002111008259434113,0.0027555798310238463,0.002687557561812627,0.005096761273539778,,False,0.00039
19:47564644:A:G,BMI,-0.00617261,0.0042,472174,,,,-0.018865,5.61e-18,447252,0.006733,0.01954,425740.0,-0.001788,0.525,425743.0,0.016231013,0.0004984,318397.62,matched,1,1614,False,0.6590457256461233,0.0021561923390178445,,0.0021833909676664334,0.0028834309103377346,0.0028128376804958076,0.004661920892315627,,False,5.61e-18
1:78450517:C:A,BMI,0.0166685,1.3e-07,472174,0.0391,3.403e-39,484680.0,0.01622,3.8e-08,523983,0.01111,0.007534,425740.0,-0.003951,0.3297,425743.0,0.034384426,0.0001223,318397.62,matched,1,1615,False,0.09145129224652088,0.003157603004265705,0.00298530342804297,0.002949142861929569,0.004157514010639782,0.004053478727770242,0.008950852577634288,3.403e-39,True,3.403e-39
13:33380905:C:T,BMI,-0.00014823,0.94,472174,-0.0133,3.257e-16,805563.0,-0.001384,0.465786,523844,0.001399,0.5758,425740.0,-0.004013,0.09992,425743.0,-0.002995509,0.6718,318397.62,matched,1,1619,False,0.4840954274353877,0.001969314090191949,0.001629221370227169,0.0018975732534993132,0.0025003123503971004,0.002439155456333876,0.0070702339642120925,3.257e-16,True,3.257e-16
14:94088587:G:A,BMI,-0.00014335,0.94,472174,0.0125,2.362e-13,717107.0,0.003948,0.037219,523521,0.001512,0.5446,425740.0,0.001263,0.6038,425743.0,0.010252376,0.1226,318397.62,matched,1,1618,False,0.4821073558648111,0.0019044807045066174,0.0017061298174420752,0.0018950215215844555,0.0024955781496615553,0.0024337900072266033,0.006640347018118411,2.362e-13,True,2.362e-13
4:25408838:G:A,BMI,0.00443263,0.066,472174,-0.0293,8.504e-38,484680.0,-0.007089,0.001641,523521,-0.01146,0.0001525,425740.0,-0.009173,0.001892,425743.0,-0.024692612,1.305e-05,318397.62,matched,1,1620,False,0.21669980119284293,0.0024111036395727476,0.0022799999326210607,0.0022515346989143226,0.0030261718946254473,0.0029526681215158836,0.005664397995359737,8.504e-38,True,8.504e-38
6:97922184:T:C,BMI,0.00546203,0.0082,472174,-0.0133,9.856e-16,806403.0,-0.000435,0.824056,523980,-0.001861,0.4713,425740.0,0.001621,0.52,425743.0,-0.012916225,0.06486,318397.62,matched,1,1625,False,0.3558648111332008,0.0020660380433408887,0.0016565697127569907,0.001956539769217323,0.0025834108645911894,0.0025196418384460057,0.0069960308502404955,9.856e-16,True,9.856e-16
5:87969937:T:C,BMI,0.00143716,0.62,472174,,,,-0.004783,0.094051,488325,0.01057,0.004429,425740.0,0.01103,0.002319,425743.0,0.027062919,7.224e-05,318397.62,matched,1,1621,False,0.14910536779324055,0.0028983744948210153,,0.0028565368305559897,0.003714151641625288,0.0036211304053089953,0.006818942949630949,,False,0.094051
2:58916786:A:G,BMI,-0.00812898,6e-05,472174,,,,0.000246,0.897559,524919,-0.009487,0.0003105,425740.0,0.0001819,0.9435,425743.0,-0.021761492,5.355e-06,318397.62,matched,1,1638,False,0.43240556660039764,0.0020257571020983888,,0.0019107458100586273,0.002630616750409188,0.002566615862005098,0.004782349725452371,,False,6e-05
16:31088347:G:A,BMI,0.00674064,0.0013,472174,-0.0206,2.025e-35,806794.0,0.023054,5.69e-32,523520,-0.003039,0.2381,425740.0,-0.005499,0.02867,425743.0,-0.012916225,0.04685,318397.62,matched,1,1623,False,0.3817097415506958,0.0020959833398790234,0.0016585592812622674,0.001959001713779901,0.0025759713448467985,0.002513260384417338,0.006498226945703326,2.025e-35,True,2.025e-35
7:32338337:G:A,BMI,0.00572435,0.017,472174,-0.0163,6.256e-15,664265.0,-0.005041,0.025877,524463,0.003078,0.3007,425740.0,-0.0001009,0.9723,425743.0,-0.0019980026,0.809,318397.62,matched,1,1624,False,0.8011928429423459,0.0023984294001618937,0.0020900983398622532,0.0022625137943169285,0.0029741043273610575,0.0029057897751542253,0.008265899388866044,6.256e-15,True,6.256e-15
3:131768552:C:T,BMI,-0.00103469,0.63,472174,,,,0.001419,0.496976,491814,0.003855,0.1568,425740.0,2.632e-05,0.9921,425743.0,0.0043092715,0.5478,318397.62,matched,1,1626,False,0.2932405566600398,0.0021478769574333426,,0.002089051973377133,0.0027226184830592194,0.0026582251281029624,0.007169452701663323,,False,0.496976
14:25927298:C:G,BMI,0.00477754,0.031,472174,,,,0.001439,0.504501,490737,-0.005835,0.04369,425740.0,-0.002109,0.4547,425743.0,-0.00796817,0.3041,318397.62,matched,1,1627,True,0.3250497017892644,0.0022148256709566515,,0.002156049006282663,0.002892834486847428,0.0028210181267962556,0.00775354561686563,,False,0.031
16:15129459:A:G,BMI,0.00595921,0.0048,472174,-0.0102,3.391e-09,806518.0,-0.007173,0.00036,523981,0.006779,0.009928,425740.0,0.00743,0.00376,425743.0,0.004811557,0.4912,318397.62,matched,1,1632,False,0.3349900596421471,0.002113076598776367,0.0017254636825945928,0.0020104862987362785,0.0026292243051003255,0.0025641690276134855,0.006989463601640704,3.391e-09,True,3.391e-09
17:34942595:G:A,BMI,0.00434054,0.031,472174,-0.0161,7.603e-23,806781.0,-0.001196,0.530714,523523,-0.01054,7.504e-05,425740.0,0.001395,0.5913,425743.0,-0.018821754,0.0004869,318397.62,matched,1,1630,False,0.44532803180914515,0.0020122363010700453,0.0016362492392297879,0.001907750210243912,0.002661809311105589,0.0025979921892940105,0.005396359154971922,7.603e-23,True,7.603e-23
3:85724064:A:G,BMI,0.00400433,0.089,472174,0.0192,4.875e-24,805925.0,-0.005287,0.016465,523835,-0.01562,1.22e-07,425740.0,-0.009111,0.001556,425743.0,-0.016857117,0.0023,318397.62,matched,1,1631,False,0.24652087475149106,0.0023545236269759406,0.0018986866426804498,0.0022043479868045267,0.002952476666528098,0.0028795542174047902,0.005529674115396667,4.875e-24,True,4.875e-24
13:54102206:G:A,BMI,-0.00081837,0.79,472174,0.0313,1.419e-37,797614.0,-0.001158,0.683976,523513,0.01179,0.001649,425740.0,0.006068,0.09675,425743.0,0.018571386,0.06238,318397.62,matched,1,1628,False,0.11133200795228629,0.0030729905584829928,0.0024431723625378443,0.0028449044085060806,0.003746309172739446,0.0036536212338565883,0.009965408389660195,1.419e-37,True,1.419e-37
8:10692158:C:T,BMI,0.0010885,0.59,472174,-0.014,9.683e-18,805622.0,0.007571,7.49e-05,522896,-0.008669,0.004721,425740.0,-0.002279,0.4464,425743.0,-0.016857117,0.005972,318397.62,matched,1,1629,False,0.5536779324055666,0.0020200950545892484,0.0016321484254087917,0.001911792115243808,0.0030681524671601207,0.002993050739406719,0.006131388441973397,9.683e-18,True,9.683e-18
5:95539448:C:T,BMI,0.00124395,0.56,472174,-0.013,1.023e-13,806778.0,0.000908,0.655602,523523,0.001518,0.5708,425740.0,-0.005058,0.05277,425743.0,0.00050012505,0.9387,318397.62,matched,1,1639,False,0.6868787276341949,0.002134285194999242,0.0017478056305791597,0.00203590448235954,0.0026778452145194338,0.0026115264136669166,0.006503247442367104,1.023e-13,True,1.023e-13
16:69556715:C:T,BMI,0.00752435,0.00024,472174,-0.0195,3.234e-32,806620.0,-0.00162,0.402746,522442,-0.004666,0.07801,425740.0,0.003189,0.2169,425743.0,-0.031498667,2.203e-09,318397.62,matched,1,1635,False,0.4234592445328032,0.002048723670720977,0.0016503306016390003,0.0019361152040345885,0.002647599604785571,0.0025825766740697523,0.005265500225586016,3.234e-32,True,3.234e-32
1:97071816:G:A,BMI,-0.00071751,0.74,472174,,,,0.001711,0.418746,490402,0.01456,2.128e-07,425740.0,0.01222,8.092e-06,425743.0,0.027576767,7.69e-07,318397.62,matched,1,1633,False,0.2932405566600398,0.0021621297711897887,,0.0021160063118287166,0.00280658801602475,0.0027382309821488934,0.005578869156885925,,False,0.418746
1:40028180:A:G,BMI,-0.0118618,7.4e-07,472174,0.0126,3.984e-11,806735.0,-0.004334,0.051297,523524,0.006668,0.02207,425740.0,0.01348,2.106e-06,425743.0,0.039468743,3.508e-11,318397.62,matched,1,1634,False,0.2345924453280318,0.0023960518608781923,0.0019077406297476258,0.0022237195138032537,0.0029128576003351714,0.002842096743230611,0.005958898356369743,3.984e-11,True,3.984e-11
10:114758349:C:T,BMI,-0.00022674,0.92,472174,-0.0178,1.665e-23,806810.0,0.000127,0.951164,523515,0.01654,1.449e-09,425740.0,-0.0333,9.079e-36,425743.0,0.027576767,7.111e-08,318397.62,matched,1,1636,False,0.31709741550695825,0.0022576082897785886,0.0017815621434122718,0.0020736347464519918,0.0027339115162416184,0.00266732219092305,0.0051178560567793265,1.665e-23,True,1.665e-23
15:59499228:C:T,BMI,-0.00159936,0.46,472174,0.0099,1.807e-08,785670.0,-0.00271,0.184135,523516,0.005972,0.02596,425740.0,0.00306,0.242,425743.0,0.012173801,0.08795,318397.62,matched,1,1642,False,0.3399602385685885,0.002164670529168181,0.0017585833536990232,0.0020404621422917516,0.002681863747530305,0.0026153792337378135,0.0071345690630164275,1.807e-08,True,1.807e-08
14:33309187:A:T,BMI,-0.00210477,0.31,472174,,,,-0.000531,0.789752,491818,-0.00105,0.682,425740.0,-0.0005284,0.8325,425743.0,0.013389237,0.002197,318397.62,matched,1,1641,True,0.4870775347912525,0.002073211505595895,,0.001991503902061832,0.002562628940936908,0.0024983885716852528,0.004372391794847243,,False,0.31
1:201860626:A:G,BMI,0.00491246,0.021,472174,-0.0232,4.933e-38,718671.0,0.001768,0.37557,523518,0.003944,0.1383,425740.0,-0.01798,4.209e-12,425743.0,-0.01192857,0.01225,318397.62,matched,1,1637,False,0.6988071570576541,0.0021284631908605133,0.001799435106511479,0.001995286694734201,0.00266099661088723,0.0025945240670245916,0.004762171049837026,4.933e-38,True,4.933e-38
3:61200496:C:T,BMI,-0.00245202,0.39,472174,,,,0.00123,0.654712,491818,-0.00979,0.01186,425740.0,0.001147,0.7625,425743.0,-0.025667747,0.0008884,318397.62,matched,1,1643,False,0.14314115308151093,0.002852455175986834,,0.0027502882591350455,0.0038906597762710556,0.0037955061898437554,0.007722703081316033,,False,0.39
5:107684324:C:T,BMI,0.00167201,0.42,472174,0.0132,2.817e-15,806536.0,0.002042,0.298175,523841,0.01032,0.0001149,425740.0,0.003375,0.196,425743.0,0.016841017,0.000572,318397.62,matched,1,1650,False,0.6590457256461233,0.0020733704700642407,0.001671149162132796,0.001962791546163296,0.002675821340217639,0.0026101442673243736,0.004889170421998432,2.817e-15,True,2.817e-15
9:126128211:T:C,BMI,-0.00283116,0.16,472174,-0.0098,4.537e-08,652552.0,0.002945,0.132223,524460,-0.009406,0.0002276,425740.0,-0.004098,0.09958,425743.0,-0.008959741,0.04427,318397.62,matched,1,1640,False,0.3817097415506958,0.002014957871167859,0.0017920614312046288,0.001956299441121557,0.0025516579507287103,0.0024883216482001194,0.0044542024744674905,4.537e-08,True,4.537e-08
1:74991644:A:G,BMI,0.00067397,0.74,472174,-0.0182,2.952e-29,805695.0,-0.00071,0.710346,524462,0.0006788,0.7882,425740.0,0.002719,0.27,425743.0,-0.0049875416,0.4284,318397.62,matched,1,1649,False,0.5715705765407555,0.002030927237096043,0.0016208645819490095,0.0019117295736075354,0.0025267194446298674,0.0024649553959730287,0.0062979372822598665,2.952e-29,True,2.952e-29
11:65302893:G:A,BMI,0.00388662,0.11,472174,0.0161,1.444e-14,718123.0,-0.013876,1.92e-09,524923,0.01197,0.0001991,425740.0,-0.0024,0.4443,425743.0,0.02521525,0.0003064,318397.62,matched,1,1644,False,0.19483101391650098,0.0024318837960896882,0.002092974803587978,0.002310958707241949,0.0032176072668170124,0.0031374508819880637,0.0069851664272346315,1.444e-14,True,1.444e-14
17:73886888:A:G,BMI,0.00636424,0.0028,472174,0.0087,3.152e-07,806487.0,-0.001279,0.529499,523975,-0.0106,5.426e-05,425740.0,-0.007841,0.002213,425743.0,-0.025667747,2.04e-08,318397.62,matched,1,1645,False,0.3499005964214712,0.0021293043455055524,0.001701171058124518,0.0020341269499933646,0.002626052815632413,0.0025623763830610966,0.004576518945989682,3.152e-07,False,3.152e-07
6:40362751:G:A,BMI,-0.00177907,0.38,472174,-0.0214,6.08e-29,484680.0,0.001322,0.486633,523919,-0.005023,0.05871,425740.0,0.0007125,0.7834,425743.0,-0.022739487,1.971e-05,318397.62,matched,1,1646,False,0.5685884691848907,0.0020265149881925223,0.0019167816685603726,0.001900315326633152,0.0026571676264254126,0.0025919366630603995,0.005327713951572456,6.08e-29,True,6.08e-29
12:103714904:A:G,BMI,0.00274512,0.23,472174,,,,0.002497,0.262905,490406,-0.0001181,0.9673,425740.0,-0.001306,0.6425,425743.0,-0.017839918,0.003743,318397.62,matched,1,1656,False,0.279324055666004,0.0022869161014925656,,0.002230357736912129,0.002880849533964062,0.002813404739101691,0.006153720267186751,,False,0.23
8:77224420:T:C,BMI,-0.00187325,0.36,472174,,,,-0.003114,0.113793,490408,0.02,5.948e-15,425740.0,0.004416,0.07728,425743.0,0.018571386,1.912e-05,318397.62,matched,1,1648,False,0.547713717693837,0.002046451219168273,,0.00196917610200137,0.0025624449665788045,0.002499588285435085,0.004344258123433702,,False,0.113793
19:18812024:A:G,BMI,0.00626969,0.0022,472174,-0.0211,1.549e-27,484680.0,-0.006121,0.002306,481436,-0.0116,8.891e-06,425740.0,-0.0004108,0.8718,425743.0,-0.023716526,1.211e-06,318397.62,matched,1,1647,False,0.41749502982107356,0.0020477042985748953,0.001940574359808623,0.0020083997627311253,0.0026111286773159,0.0025456624918124555,0.004886147543431245,1.549e-27,True,1.549e-27
2:205378570:A:G,BMI,0.00326838,0.34,472174,-0.0236,8.846e-18,791590.0,-0.005951,0.066526,523984,-0.004152,0.3313,425740.0,0.006133,0.1412,425743.0,-0.030529205,0.0001847,318397.62,matched,1,1657,False,0.9165009940357853,0.003425381493638638,0.002748005419101224,0.0032432940194147795,0.004273809114206161,0.004168317640483005,0.008164912530754168,8.846e-18,True,8.846e-18
2:220087441:T:C,BMI,0.00594447,0.089,472174,-0.0188,3.317e-10,718516.0,0.019555,5.36e-09,523522,0.008541,0.05483,425740.0,0.009712,0.02518,425743.0,-0.015873348,0.1864,318397.62,matched,1,1662,False,0.07455268389662027,0.0034953150876300574,0.002992111752034391,0.0033509883707543054,0.0044479257063253855,0.0043383676450195864,0.012013395290328204,3.317e-10,True,3.317e-10
1:112308953:T:C,BMI,-0.00189812,0.35,472174,0.0132,8.397e-14,667851.0,1.6e-05,0.993238,523521,0.006393,0.01195,425740.0,0.0116,2.902e-06,425743.0,0.021223636,3.707e-05,318397.62,matched,1,1651,False,0.41848906560636184,0.0020309669906658115,0.0017685019026602567,0.0018879030096499193,0.0025433465028613335,0.002479884726738928,0.005145096964292952,8.397e-14,True,8.397e-14
6:12124855:G:A,BMI,3.514e-05,0.99,472174,-0.0144,5.498e-17,806782.0,-0.008441,2.08e-05,523523,-0.001225,0.6395,425740.0,0.002867,0.261,425743.0,-0.017839918,0.000397,318397.62,matched,1,1652,False,0.33300198807157055,0.002803692942116006,0.001719295986466131,0.0019832591968761406,0.0026152972627205553,0.0025506420653198126,0.005036579639182508,5.498e-17,True,5.498e-17
20:6612832:A:G,BMI,-0.00098742,0.63,472174,0.0184,2.701e-28,806711.0,-0.009569,1.12e-06,523522,0.001059,0.6931,425740.0,-0.0004119,0.875,425743.0,0.007729798,0.2813,318397.62,matched,1,1653,False,0.614314115308151,0.0020497508097196563,0.0016679894382479776,0.0019651736117512505,0.002683379219834394,0.0026183854009708455,0.007174468375398095,2.701e-28,True,2.701e-28
13:59191887:T:C,BMI,-0.00024151,0.91,472174,,,,-0.000872,0.658155,488325,0.001808,0.4777,425740.0,0.002568,0.301,425743.0,-0.0009995003,0.832,318397.62,matched,1,1654,False,0.5049701789264414,0.002136527936603469,,0.00197079118948351,0.0025464549509925938,0.002482859504877306,0.004711574904953542,,False,0.658155
5:153546602:G:A,BMI,-0.00113971,0.57,472174,,,,0.002077,0.292519,488325,-0.002407,0.3455,425740.0,-0.0002407,0.923,425743.0,-0.0059820716,0.4061,318397.62,matched,1,1655,False,0.5536779324055666,0.0020063497822514,,0.0019731872936577352,0.002551534928060344,0.00249028831505576,0.007200580260228557,,False,0.292519
14:47403684:A:C,BMI,0.00287354,0.16,472174,-0.0136,3.736e-15,718581.0,-0.000509,0.791997,523523,-0.002644,0.2967,425740.0,0.003965,0.1085,425743.0,-0.0059820716,0.3869,318397.62,matched,1,1663,False,0.5984095427435387,0.002045120035997856,0.001729513715255882,0.0019300898609153085,0.0025336925239552526,0.0024704483147441445,0.0069136684180504055,3.736e-15,True,3.736e-15
17:78722281:T:G,BMI,-0.00122254,0.58,472174,,,,0.000147,0.94653,488325,-0.0161,0.000142,425740.0,0.003002,0.467,425743.0,-0.031498667,0.000258,318397.62,matched,1,1658,False,0.294234592445328,0.002209204477097975,,0.002191905138854694,0.004231654503997074,0.004127204221447757,0.008619887968827433,,False,0.58
2:165513091:T:C,BMI,-0.00109539,0.59,472174,0.0106,9.974e-11,806403.0,-0.012086,3.15e-10,523982,-0.006064,0.01697,425740.0,0.003788,0.1263,425743.0,-0.022739487,6.853e-07,318397.62,matched,1,1661,False,0.4423459244532803,0.0020328818758351096,0.0016390034233352909,0.00192109295299945,0.002540047349694619,0.0024776686229544603,0.0045795108267068195,9.974e-11,True,9.974e-11
20:51163174:A:G,BMI,0.00058416,0.82,472174,,,,-0.002901,0.252247,488325,-0.01223,0.0002642,425740.0,-0.01047,0.001366,425743.0,-0.03633193,5.068e-08,318397.62,matched,1,1659,False,0.1848906560636183,0.0025672287238458855,,0.0025338266048899162,0.003352441816677927,0.003270096387667954,0.006667745090402266,,False,0.252247
11:13293905:C:T,BMI,-0.00500959,0.021,472174,0.0107,1.151e-09,806547.0,-0.004067,0.049455,523521,0.002675,0.3273,425740.0,0.01265,2.051e-06,425743.0,0.03759803,2.111e-12,318397.62,matched,1,974,False,0.7236580516898609,0.002170547529405414,0.0017578663048389406,0.0020700909970417128,0.0027307989625322644,0.0026640927726278713,0.0053505490611280015,1.151e-09,True,1.151e-09
2:136429366:T:C,BMI,0.0111819,4e-06,472174,,,,-0.000734,0.749268,490715,0.00682,0.01709,425740.0,-0.004297,0.1234,425743.0,-0.00796817,0.281,318397.62,matched,1,1668,False,0.4970178926441352,0.0024248477184217665,,0.002296586898059312,0.0028598196804306953,0.0027890677216840807,0.007391104738691743,,False,4e-06
21:40296411:C:T,BMI,0.00176237,0.41,472174,,,,-0.00677,0.001147,489404,0.01192,1.073e-05,425740.0,0.007154,0.006772,425743.0,0.018978966,0.0002412,318397.62,matched,1,1667,False,0.6660039761431411,0.0021390746755449493,,0.002081960855791692,0.002707912854861218,0.0026419454330600745,0.0051693704218547755,,False,0.001147
1:1601052:G:A,BMI,0.0050088,0.032,472174,-0.0202,6.738e-20,484680.0,-0.012736,4.5e-08,452080,-0.007241,0.01669,425740.0,0.01132,0.0001248,425743.0,-0.0059820716,0.4591,318397.62,matched,1,1664,False,0.2524850894632207,0.002335746685431996,0.002212054211698844,0.002328330415838055,0.0030253189848945864,0.002950605724252259,0.008080281098573002,6.738e-20,True,6.738e-20
12:41866904:A:T,BMI,0.00052612,0.79,472174,,,,-0.005007,0.009866,491784,-0.0007333,0.7776,425740.0,-0.004271,0.0917,425743.0,0.008738066,0.2068,318397.62,matched,1,1672,True,0.44433399602385687,0.001975587805795755,,0.001940328600021601,0.002596229936065661,0.002532467309746465,0.006921714118402259,,False,0.009866
11:43653833:G:T,BMI,-5.09e-05,0.98,472174,-0.0216,3.604e-35,806675.0,-0.001325,0.518036,523518,-0.003529,0.1898,425740.0,0.004479,0.08792,425743.0,-0.019802628,2.191e-05,318397.62,matched,1,1666,False,0.6600397614314115,0.0020304035371110757,0.0017455652535543007,0.002049891056826432,0.002691487242084863,0.002624711499331049,0.004665500525016337,3.604e-35,True,3.604e-35
4:137098470:T:C,BMI,0.00101525,0.62,472174,,,,0.001372,0.491371,491787,-0.007659,0.003162,425740.0,-0.005112,0.04339,425743.0,-0.022739487,1.735e-05,318397.62,matched,1,1665,False,0.5805168986083499,0.002047492767588185,,0.0019938096771012805,0.0025949220568711345,0.002530772932148419,0.005292535546672138,,False,0.491371
6:42627434:G:A,BMI,0.00335217,0.1,472174,0.0101,1.924e-09,786502.0,0.001092,0.572548,523521,-0.004698,0.06524,425740.0,-0.001166,0.639,425743.0,0.007629027,0.26,318397.62,matched,1,1678,False,0.3856858846918489,0.002037974653229674,0.0016821847624593528,0.0019351308966270035,0.0025482613143308764,0.0024856243913583117,0.006772982140324725,1.924e-09,True,1.924e-09
3:170732300:G:A,BMI,-0.00510003,0.087,472174,0.0129,5.553e-08,802091.0,-0.006602,0.020255,523524,-0.003544,0.3305,425740.0,0.01326,0.000188,425743.0,0.020202707,0.01475,318397.62,matched,1,1670,False,0.13518886679920478,0.002979965010757397,0.0023745412506642016,0.0028437401925463907,0.003641941822678275,0.003550563521524849,0.008285027774288804,5.553e-08,False,5.553e-08
20:62737568:T:C,BMI,-0.00633218,0.037,472174,-0.0144,6.092e-09,796403.0,-0.006351,0.032656,480040,0.01039,0.005615,425740.0,-0.0129,0.0004242,425743.0,0.014098925,0.157,318397.62,matched,1,1669,False,0.14314115308151093,0.0030359042549328932,0.0024766896783565283,0.002972914680329956,0.0037516394069215106,0.003660039924606754,0.009962259554603814,6.092e-09,True,6.092e-09
13:27984863:T:A,BMI,0.00121421,0.58,472174,,,,-0.002148,0.315366,488325,-0.004806,0.09351,425740.0,-0.002462,0.3784,425743.0,-0.016857117,0.00448,318397.62,matched,1,1673,True,0.279324055666004,0.0021941516581356294,,0.0021393864678726825,0.0028655479688143967,0.0027950333156182283,0.005930960013232622,,False,0.315366
11:72433098:A:C,BMI,0.00014646,0.96,472174,0.0122,5.119e-08,806714.0,0.001787,0.495818,523521,0.006243,0.07232,425740.0,0.01638,1.345e-06,425743.0,0.012781334,0.1656,318397.62,matched,1,1671,False,0.15009940357852883,0.0029202300191168954,0.002239712910736826,0.002623756523293645,0.0034739333175930164,0.0033892088142756043,0.009218540782631506,5.119e-08,False,5.119e-08
6:142691549:A:C,BMI,0.00097075,0.7,472174,0.0107,1.824e-07,795019.0,-0.004413,0.064714,523520,0.002787,0.3735,425740.0,0.007796,0.0107,425743.0,0.001801622,0.8291,318397.62,matched,1,1680,False,0.2276341948310139,0.002519331529546115,0.002051209486310248,0.0023889840900758017,0.0031316842215693727,0.0030544440323303423,0.008346407090589683,1.824e-07,False,1.824e-07
22:40695172:A:C,BMI,-0.00090904,0.67,472174,,,,-0.005904,0.004532,488325,0.0001638,0.9516,425740.0,-0.01235,2.672e-06,425743.0,-0.015873348,0.00274,318397.62,matched,1,1674,False,0.3220675944333996,0.0021331555780464387,,0.002079940242121465,0.0026986215932920704,0.0026307125426164608,0.005299073848723063,,False,0.004532
2:111989372:T:G,BMI,-0.0006715,0.83,472174,0.0138,4.912e-07,717758.0,-0.002712,0.366267,523521,-0.00361,0.3564,425740.0,0.01168,0.00223,425743.0,0.001801622,0.8638,318397.62,matched,1,1679,False,0.13220675944333996,0.00312759709325711,0.0027436922191992636,0.003001700364705789,0.003914354677439949,0.0038197928456332286,0.010502698725095126,4.912e-07,False,4.912e-07
1:47704240:A:G,BMI,0.00048859,0.81,472174,,,,-0.006053,0.002179,491710,-0.01611,5.793e-10,425740.0,-0.001594,0.5296,425743.0,-0.021761492,1.92e-05,318397.62,matched,1,1676,False,0.6053677932405567,0.0020321842758815253,,0.0019750811991917677,0.0026000803866194707,0.00253572630995611,0.005091602602721828,,False,0.002179
4:38646103:A:G,BMI,-0.00239254,0.26,472174,,,,0.047045,7.2e-117,489404,-0.00362,0.1912,425740.0,-0.007747,0.004132,425743.0,-0.01093994,0.04342,318397.62,matched,1,1675,False,0.2852882703777336,0.002124075677017858,,0.00204711485795359,0.0027696222920950103,0.0027012752734014997,0.005416758052561638,,False,7.2e-117
1:156049877:C:T,BMI,-0.00208415,0.49,472174,0.0289,3.196e-24,484680.0,-0.000292,0.918354,523842,0.009521,0.009096,425740.0,0.006847,0.05445,425743.0,0.01816397,0.06151,318397.62,matched,1,1677,False,0.13021868787276342,0.0030191559599739098,0.0028463016060338237,0.002848576954851625,0.00365009566904873,0.003560139340291386,0.009714332210347244,3.196e-24,True,3.196e-24
12:33370214:C:G,BMI,0.0017454,0.56,472174,,,,0.005372,0.07042,490737,0.009929,0.007928,425740.0,-0.002627,0.4714,425743.0,0.017756721,0.03317,318397.62,matched,1,1682,True,0.14015904572564614,0.0029946391570012283,,0.0029692688437936523,0.0037395661262011833,0.00364758255490655,0.008336412247248294,,False,0.07042
7:130466854:A:G,BMI,-0.00207864,0.3,472174,-0.0089,4.237e-08,806776.0,0.011177,3.88e-09,523523,0.007731,0.001943,425740.0,-0.002099,0.3883,425743.0,0.027062919,6.339e-08,318397.62,matched,1,1681,False,0.5606361829025845,0.002005570276942969,0.0016238868038460804,0.0018978713163232805,0.002494829174111455,0.002433046527027044,0.005003345146995866,4.237e-08,True,3.88e-09
5:176516631:G:A,BMI,-0.00233896,0.32,472174,-0.0122,2.741e-09,663610.0,0.003424,0.125669,523520,-0.00176,0.5512,425740.0,-0.00238,0.4086,425743.0,0.009343515,0.2323,318397.62,matched,1,1683,False,0.17992047713717693,0.0023519950311527292,0.0020516607141837307,0.0022358533638138275,0.0029532038811280557,0.0028801012546748736,0.007822407986802627,2.741e-09,True,2.741e-09
14:102792386:T:C,BMI,-0.00396978,0.13,472174,0.0131,1.874e-09,718619.0,0.004119,0.099882,523521,-0.0008355,0.7995,425740.0,0.004667,0.1457,425743.0,0.012578783,0.1501,318397.62,matched,1,1688,False,0.1709741550695825,0.0026218711121494816,0.002180292520873933,0.002503303159140368,0.003289444539381442,0.0032078049077157375,0.008740253123275513,1.874e-09,True,1.874e-09
3:42324697:C:G,BMI,-0.00169917,0.59,472174,,,,0.001342,0.665351,488325,-0.008401,0.03909,425740.0,-0.004498,0.2574,425743.0,-0.027615167,0.0001653,318397.62,matched,1,1684,True,0.10039761431411531,0.003153408281034831,,0.003102623101707388,0.004071754728222714,0.0039715412424782765,0.007331043867978561,,False,0.59
3:94033599:G:A,BMI,0.00180176,0.37,472174,-0.0201,2.087e-26,484680.0,0.007122,0.000179,522904,-0.006816,0.006931,425740.0,-0.002019,0.4121,425743.0,-0.017839918,0.0003769,318397.62,matched,1,1687,False,0.547713717693837,0.0020098310472458705,0.0018902961518925487,0.0019007475417156929,0.0025243121946507832,0.0024615836651087374,0.005017200245408251,2.087e-26,True,2.087e-26
12:1033183:C:A,BMI,-0.00813707,0.00094,472174,0.0239,1.976e-24,484680.0,0.008431,0.00029,523451,-0.002334,0.4886,425740.0,-0.002539,0.44,425743.0,0.01653597,0.02783,318397.62,matched,1,1691,False,0.1878727634194831,0.00245989357658656,0.002343061455298121,0.0023263881914531172,0.0033702158143385477,0.003288037182077072,0.007517462374727036,1.976e-24,True,1.976e-24
17:47112118:C:A,BMI,-0.00110918,0.61,472174,,,,0.00112,0.600055,488325,-0.01135,6.043e-05,425740.0,-0.005013,0.06919,425743.0,-0.057325065,1.706e-25,318397.62,matched,1,1685,False,0.25944333996023855,0.0021745495376135444,,0.0021360943003265968,0.002829629807632014,0.0027586744274717746,0.0054932414044100986,,False,0.600055
9:120386402:G:A,BMI,0.0006739,0.75,472174,,,,0.001906,0.354652,488325,-0.002622,0.32,425740.0,0.003137,0.2226,425743.0,-0.019802628,1.756e-05,318397.62,matched,1,1686,False,0.35785288270377735,0.002114930156825646,,0.002059196737738214,0.0026366124139286075,0.002572062795958388,0.0046118568127983765,,False,0.354652
10:21824727:G:A,BMI,0.00516618,0.014,472174,0.0205,1.361e-24,484680.0,0.000774,0.696797,523518,0.009776,0.0001635,425740.0,0.006097,0.01592,425743.0,0.02922286,5.885e-08,318397.62,matched,1,1692,False,0.36083499005964215,0.0021024119842391366,0.0020026417926676037,0.001986409258153537,0.0025933687493244714,0.0025290943085384474,0.005389423734311214,1.361e-24,True,1.361e-24
19:30296853:T:C,BMI,0.00499922,0.02,472174,0.0186,3.056e-24,718667.0,-0.000406,0.840157,523521,-0.0005003,0.8503,425740.0,0.02834,5.979e-28,425743.0,0.0060180724,0.3948,318397.62,matched,1,1689,False,0.28926441351888665,0.002148956334426635,0.0018310878574747354,0.0020129636697583334,0.002650797395359668,0.0025858704686760083,0.007072223937732681,3.056e-24,True,3.056e-24
7:99118801:C:T,BMI,-0.0012765,0.72,472174,-0.0227,6.08e-14,717759.0,-0.014965,8.91e-06,524461,-0.01318,0.003839,425740.0,-0.00847,0.05681,425743.0,-0.012916225,0.2838,318397.62,matched,1,1694,False,0.10238568588469185,0.0035610787739986595,0.0030241073589350512,0.003368929310891955,0.004558823678086402,0.004446731547094568,0.012050718568140514,6.08e-14,True,6.08e-14
1:49738938:G:A,BMI,0.00319116,0.14,472174,-0.0187,6.317e-25,718523.0,-0.003407,0.091818,524918,-0.008042,0.002993,425740.0,-0.008089,0.002205,425743.0,-0.012916225,0.08145,318397.62,matched,1,1690,False,0.6998011928429424,0.002162338663853547,0.0018136845972049937,0.0020208973372883078,0.002709152549685869,0.0026424843240856455,0.007413173516017928,6.317e-25,True,6.317e-25
11:64026144:G:A,BMI,0.00145689,0.5,472174,0.0103,2.184e-09,806733.0,-0.001162,0.583931,480041,-0.006295,0.01855,425740.0,-0.008958,0.000592,425743.0,-0.012916225,0.02145,318397.62,matched,1,1693,False,0.6669980119284294,0.0021599883461186262,0.0017214020113464506,0.002121786062573546,0.002673657349957432,0.002607667900095272,0.005615826709374137,2.184e-09,True,2.184e-09
18:1820319:A:G,BMI,0.00388304,0.18,472174,,,,-0.006409,0.023078,488325,0.02532,8.518e-11,425740.0,0.01256,0.0009613,425743.0,0.04824531,1.202e-10,318397.62,matched,1,1712,False,0.147117296222664,0.0028961591807808063,,0.002820687718314239,0.003900691723540031,0.0038041991266848174,0.007492578371122011,,False,0.023078
15:73074890:C:A,BMI,-0.00093328,0.66,472174,,,,0.000653,0.751068,488325,-0.005989,0.03326,425740.0,-0.002917,0.2877,425743.0,0.002302649,0.7542,318397.62,matched,1,1695,False,0.6302186878727635,0.0021215095905841507,,0.002058434096798617,0.0028131494329925494,0.0027436539442416467,0.00735421146164726,,False,0.66
18:42533130:A:G,BMI,0.00676774,0.019,472174,0.0136,4.138e-09,806771.0,-0.001941,0.473783,522442,0.00975,0.008371,425740.0,0.001731,0.6312,425743.0,-0.002995509,0.7921,318397.62,matched,1,1698,False,0.852882703777336,0.002885376524221482,0.002313483740738428,0.0027096167681729356,0.003697765237771813,0.0036059605893366113,0.01136450540199752,4.138e-09,True,4.138e-09
7:112982130:A:G,BMI,1.868e-05,0.99,472174,,,,-0.000223,0.910034,488325,-0.006505,0.01491,425740.0,-0.00533,0.04085,425743.0,-0.014888613,0.00601,318397.62,matched,1,1696,False,0.4105367793240557,0.0014904093386091917,,0.001973527213047362,0.002671943178702846,0.0026062941632417,0.005419489552198466,,False,0.910034
18:63449408:T:A,BMI,-0.00095838,0.68,472174,,,,0.002759,0.221753,488325,0.007399,0.01033,425740.0,0.003713,0.1871,425743.0,0.013287894,0.08414,318397.62,matched,1,1700,True,0.29721669980119286,0.0023235531410963346,,0.0022579958277174016,0.0028850699173369482,0.0028145701807358136,0.007693519851719286,,False,0.221753
3:141275436:G:T,BMI,0.0007151,0.86,472174,0.0352,4.869e-25,718609.0,-0.005169,0.175848,523502,0.01593,0.002001,425740.0,0.0008286,0.8691,425743.0,0.021530118,0.03525,318397.62,matched,1,1697,False,0.06461232604373758,0.004054448682370723,0.0034057396873470604,0.003818564029463669,0.005155199924642855,0.005027858200749489,0.01022577812727936,4.869e-25,True,4.869e-25
20:25264814:T:C,BMI,-0.00391348,0.052,472174,0.0094,8.718e-09,799451.0,0.006373,0.000866,523977,0.003022,0.2421,425740.0,-0.009465,0.0001728,425743.0,0.0046106125,0.5062,318397.62,matched,1,1702,False,0.43339960238568587,0.0020140044388475015,0.0016336592810679532,0.0019133600661553527,0.002583449278549443,0.0025201132862723297,0.006935689597570849,8.718e-09,True,8.718e-09
5:77473165:A:G,BMI,-0.00379427,0.11,472174,-0.0108,2.802e-08,806768.0,-0.001025,0.646071,523524,0.007856,0.009994,425740.0,0.0002182,0.9415,425743.0,0.003004509,0.7144,318397.62,matched,1,1703,False,0.19681908548707752,0.002374099791332629,0.001944761996512015,0.0022320105128470825,0.0030496458372440425,0.0029733722207602033,0.008210090865821931,2.802e-08,True,2.802e-08
14:29720756:G:A,BMI,-0.00098252,0.64,472174,,,,0.002948,0.150204,488325,-0.01081,0.0001308,425740.0,0.00185,0.502,425743.0,-0.01093994,0.03189,318397.62,matched,1,1699,False,0.3359840954274354,0.0021007537369353954,,0.0020489136025295704,0.0028261826416011667,0.002755657154240047,0.005098335256454455,,False,0.150204
1:110082886:C:T,BMI,-0.010006,0.12,472174,0.0657,9.108e-39,785233.0,0.024686,3.16e-05,524460,0.01611,0.0315,425740.0,-0.01422,0.0517,425743.0,-0.003992021,0.8337,318397.62,matched,1,1701,False,0.02982107355864811,0.006435663709991496,0.0050450955876342966,0.005931826817981349,0.007490589471496096,0.007308711625238001,0.019013373876878733,9.108e-39,True,9.108e-39
9:84308948:G:A,BMI,0.00124864,0.54,472174,0.0081,1.305e-06,805602.0,0.000168,0.93038,523523,-0.006362,0.01212,425740.0,-0.0007672,0.7564,425743.0,-0.013902905,0.001734,318397.62,matched,1,1705,False,0.415506958250497,0.002037554716208882,0.001673902702826626,0.001922928402031242,0.0025360445048982342,0.0024731500623932333,0.004438459054033622,1.305e-06,False,1.305e-06
13:96982541:T:G,BMI,0.0021795,0.28,472174,,,,0.001267,0.522115,488325,-0.004923,0.05439,425740.0,-0.00039,0.8759,425743.0,0.0042088446,0.5399,318397.62,matched,1,1716,False,0.44831013916500995,0.0020174590212888904,,0.001979413475015197,0.002559107526615413,0.0024972984256239456,0.0068663789511914635,,False,0.28
5:53300662:A:G,BMI,-0.00229678,0.32,472174,-0.0094,4.174e-07,806613.0,0.006092,0.005017,524457,0.01468,2.839e-07,425740.0,0.001155,0.6789,425743.0,0.03469497,8.259e-11,318397.62,matched,1,1709,False,0.28429423459244535,0.0023095799618851817,0.0018573969220325999,0.0021711082690333227,0.002859461916146949,0.0027900933474712137,0.005341133911228333,4.174e-07,False,4.174e-07
1:23331625:T:G,BMI,0.00305987,0.25,472174,,,,-0.008288,0.001617,489330,-0.005899,0.09157,425740.0,-0.01247,0.0002543,425743.0,-0.022739487,0.002786,318397.62,matched,1,1704,False,0.8250497017892644,0.002659948405413874,,0.002628755516442908,0.0034963802384765886,0.0034090690352152385,0.007604127925528845,,False,0.001617
8:116723397:C:T,BMI,0.00069127,0.76,472174,,,,0.003046,0.167811,491910,-0.000702,0.8044,425740.0,0.001724,0.5328,425743.0,0.010050336,0.1839,318397.62,matched,1,1706,False,0.7504970178926441,0.002262891896740408,,0.002208411881402639,0.0028345684394433094,0.0027639833047171077,0.007563226970546893,,False,0.167811
17:21244607:A:G,BMI,0.00175184,0.4,472174,,,,-3.2e-05,0.98774,444846,-0.003988,0.152,425740.0,0.007608,0.005082,425743.0,-0.0069756135,0.3652,318397.62,matched,1,1707,False,0.5566600397614314,0.0020815064189421127,,0.002082487862543669,0.002783938865889896,0.0027154072898128516,0.007703595091057002,,False,0.4
1:2623180:C:G,BMI,0.00165391,0.42,472174,,,,0.001737,0.396223,444846,-0.007526,0.003098,425740.0,-0.0006809,0.7838,425743.0,-0.015873348,0.001042,318397.62,matched,1,1708,True,0.4463220675944334,0.002050925624932834,,0.0020474169356689835,0.0025444218417688,0.002481681840173739,0.004841008682882754,,False,0.396223
17:46022065:G:A,BMI,0.00087482,0.83,472174,-0.0195,8.626e-09,715225.0,-0.008796,0.018554,523523,-0.02771,1.79e-08,425740.0,0.006122,0.2021,425743.0,-0.016857117,0.2022,318397.62,matched,1,1710,False,0.06660039761431412,0.004074585985291415,0.0033879187806774695,0.0037360270864696967,0.004920832042888971,0.004799342530490922,0.013218067919791883,8.626e-09,True,8.626e-09
12:133384864:G:A,BMI,0.00140747,0.52,472174,0.0113,8.84e-10,718619.0,0.004402,0.031089,523516,0.001075,0.6957,425740.0,0.0004732,0.8599,425743.0,0.0055151805,0.452,318397.62,matched,1,1711,False,0.2813121272365805,0.0021877361495111656,0.0018436759806445312,0.002041808668086563,0.0027484359068990394,0.0026809976186328646,0.007333188647851724,8.84e-10,True,8.84e-10
7:93220345:G:A,BMI,0.00161352,0.44,472174,,,,-0.003627,0.073955,490406,0.001384,0.6139,425740.0,-0.0008565,0.7488,425743.0,-0.008959741,0.2357,318397.62,matched,1,1713,False,0.3399602385685885,0.00208952885152619,,0.0020297816997251377,0.0027432323286139732,0.0026747064044039793,0.007555841031496624,,False,0.073955
14:88477882:A:C,BMI,0.00355932,0.29,472174,0.0138,1.982e-06,718655.0,-0.010605,0.001261,523523,-0.003366,0.4402,425740.0,-0.004799,0.2593,425743.0,0.019998647,0.08511,318397.62,matched,1,1719,False,0.09940357852882704,0.003363809925543314,0.002902055005075725,0.0032886670437138553,0.004360919733792656,0.004254254734268278,0.01161512319159654,1.982e-06,False,1.982e-06
7:1873406:C:A,BMI,-0.00538872,0.027,472174,,,,0.000264,0.914903,448339,0.01859,6.9e-10,425740.0,0.01134,0.0001139,425743.0,0.047301274,3.91e-15,318397.62,matched,1,1715,False,0.7634194831013916,0.0024366613633474577,,0.002470608242341646,0.00301376489748101,0.0029386636824009407,0.006019673695647326,,False,0.027
17:61712964:T:C,BMI,0.00227463,0.31,472174,-0.0129,6.919e-12,717315.0,-0.010412,8.34e-07,523981,0.0001855,0.9469,425740.0,0.01409,2.165e-07,425743.0,-0.013902905,0.004594,318397.62,matched,1,1714,False,0.27137176938369784,0.0022405246592138764,0.0018806534040082614,0.0021131512804396756,0.002785277629001269,0.002717673341637301,0.0049054003056415475,6.919e-12,True,6.919e-12
9:37278064:A:T,BMI,-0.00186345,0.38,472174,,,,0.003663,0.074121,488325,-0.01064,0.0001212,425740.0,-0.008525,0.001592,425743.0,-0.023716526,7.506e-05,318397.62,matched,1,1718,True,0.3797216699801193,0.0021226311245467326,,0.002051106041427466,0.002768176082107806,0.0027000332357335587,0.005989552600812429,,False,0.074121
11:130859559:G:C,BMI,-0.00196514,0.33,472174,,,,-0.002064,0.292935,488325,-0.0008814,0.7552,425740.0,0.0007289,0.7915,425743.0,0.007427516,0.3201,318397.62,matched,1,1717,True,0.46322067594433397,0.0020173616722640652,,0.0019625278551687383,0.00282690123980034,0.002757190738257035,0.007470453127720334,,False,0.292935
12:121671261:C:A,BMI,0.0024629,0.41,472174,0.0177,7.257e-12,718518.0,-0.003051,0.286272,523519,-0.0003694,0.9223,425740.0,0.0001146,0.9752,425743.0,0.003205131,0.7487,318397.62,matched,1,1726,False,0.10039761431411531,0.002989342203055916,0.0025829986182914887,0.0028612007701364914,0.0037872830447400994,0.003686405042233203,0.010004966704574491,7.257e-12,True,7.257e-12
22:19950235:C:T,BMI,-0.00530706,0.0083,472174,0.0092,1.866e-08,799665.0,0.010503,1.13e-07,480499,0.01381,1.02e-07,425740.0,0.0004325,0.8643,425743.0,0.016434306,0.00115,318397.62,matched,1,1720,False,0.4990059642147117,0.0020105424021877472,0.001635850235032979,0.001980027668104526,0.0025943410759136677,0.0025306745851807915,0.005055154653609252,1.866e-08,True,1.866e-08
11:115044850:C:A,BMI,0.00184914,0.36,472174,-0.0177,4.051e-27,806352.0,-0.000764,0.690535,523518,-0.009108,0.0004212,425740.0,0.001328,0.5982,425743.0,-0.008959741,0.1816,318397.62,matched,1,1731,False,0.4294234592445328,0.0020201120018218713,0.0016411633398694737,0.0019189753652533808,0.0025827808722891353,0.0025199682468416153,0.006707172021945008,4.051e-27,True,4.051e-27
3:64727086:A:T,BMI,-0.00043962,0.85,472174,0.0095,4.83e-07,806109.0,-0.011836,9.56e-08,524921,0.001091,0.7153,425740.0,-0.006838,0.01905,425743.0,-0.01192857,0.03081,318397.62,matched,1,1721,True,0.22465208747514911,0.0023245751810871845,0.0018875625903953107,0.0022186004754243278,0.0029911114107097673,0.002916549784820433,0.0055237186392881905,4.83e-07,False,9.56e-08
3:25106437:A:G,BMI,-0.00090491,0.65,472174,0.0141,7.57e-18,806143.0,-0.004675,0.006215,523520,0.004886,0.05913,425740.0,-0.001554,0.5384,425743.0,0.01349059,0.008208,318397.62,matched,1,1723,False,0.562624254473161,0.001994238435029635,0.0016384050151299,0.0017085632298716109,0.0025889857696321274,0.002525866980983136,0.005103515154088854,7.57e-18,True,7.57e-18
13:79587841:A:C,BMI,-0.00093466,0.65,472174,0.0174,2.116e-18,484680.0,-0.000452,0.818432,523981,0.008297,0.001943,425740.0,0.00032,0.9025,425743.0,0.019080888,0.0002516,318397.62,matched,1,1722,False,0.6322067594433399,0.002059801411946822,0.001988359899823128,0.0019689654674529544,0.002677479971233054,0.0026121628794936787,0.005212466152030475,2.116e-18,True,2.116e-18
7:103422542:T:A,BMI,-1.166e-05,1.0,472174,0.0184,2.16e-21,484680.0,0.000373,0.845368,524919,0.011,2.418e-05,425740.0,0.008485,0.0008358,425743.0,0.013591954,0.01319,318397.62,matched,1,1724,True,0.4095427435387674,0.0020926187763342296,0.001937451567429872,0.0019125079652725031,0.002605202548362808,0.0025399185073341777,0.005483727457548674,2.16e-21,True,2.16e-21
10:94347830:G:A,BMI,-0.00710616,0.00039,472174,0.0078,1.476e-06,806800.0,-0.004719,0.012651,523523,0.003397,0.1743,425740.0,0.01323,5.815e-08,425743.0,0.0,0.9593,318397.62,matched,1,1725,False,0.5119284294234593,0.002003563930468124,0.001620120090021983,0.001892561910186603,0.0025005225762088756,0.0024389800711433476,0.0025069964323698995,1.476e-06,False,1.476e-06
9:129465325:A:G,BMI,0.00075881,0.76,472174,0.0127,2.062e-10,806722.0,-0.001731,0.469927,523519,0.003857,0.2249,425740.0,-0.001658,0.5928,425743.0,0.014707629,0.012,318397.62,matched,1,1754,False,0.2117296222664016,0.0024839859970280627,0.0019979074491384067,0.0023955233755953284,0.0031781441842035295,0.0031003236075750613,0.005854611471354571,2.062e-10,True,2.062e-10
5:173383194:C:A,BMI,0.00203542,0.36,472174,-0.0113,2.335e-10,799802.0,0.001348,0.51259,523520,-0.005666,0.0472,425740.0,-0.02333,5.404e-17,425743.0,-0.034401428,1.354e-09,318397.62,matched,1,1729,False,0.28727634194831014,0.002223615502746289,0.0017830331652945884,0.0020586119756065757,0.002855125581365047,0.0027848231385904274,0.005676002639931651,2.335e-10,True,2.335e-10
4:130749658:G:T,BMI,7.233e-05,0.97,472174,,,,-0.001058,0.617777,490738,-0.002691,0.3277,425740.0,0.002203,0.4114,425743.0,-0.026641931,1.114e-06,318397.62,matched,1,1727,False,0.6868787276341949,0.001923246297504642,,0.0021202261020111836,0.0027494052783764962,0.0026819004594139675,0.00547022776339116,,False,0.617777
17:2143460:G:T,BMI,0.00106525,0.61,472174,0.0125,2.336e-12,714952.0,-0.014764,7.58e-14,524458,-0.007023,0.007017,425740.0,0.002693,0.2892,425743.0,0.012578783,0.01219,318397.62,matched,1,1728,False,0.36381709741550694,0.0020884246875555166,0.0017824556603362497,0.001974479715311129,0.0026049351636320476,0.0025408579202650275,0.005018273275940086,2.336e-12,True,7.58e-14
2:86800506:G:A,BMI,0.00446596,0.03,472174,,,,0.001893,0.345657,488325,-0.01061,7.535e-05,425740.0,-0.001343,0.6074,425743.0,-0.021761492,5.593e-05,318397.62,matched,1,1730,False,0.5904572564612326,0.002057960371664741,,0.0020073236403621874,0.0026801538502961102,0.002613916990443142,0.005400737757502693,,False,0.03
2:198823642:A:C,BMI,-0.00207763,0.3,472174,,,,0.006611,0.000666,490411,0.005902,0.02293,425740.0,0.004116,0.1039,425743.0,0.018469516,7.3e-05,318397.62,matched,1,1738,False,0.5248508946322068,0.002004595781128536,,0.001942579917969449,0.002594743146329486,0.0025310019087172375,0.00465662255364373,,False,0.000666
19:4067314:C:T,BMI,0.00123481,0.63,472174,,,,-0.007425,0.004546,447207,-0.02219,4.348e-11,425740.0,0.002733,0.4052,425743.0,-0.014888613,0.02283,318397.62,matched,1,1432,False,0.18986083499005965,0.002563299100028285,,0.0026166860409867587,0.003366351423513246,0.003283394695636708,0.006540800919061618,,False,0.004546
9:16714629:C:G,BMI,-0.00041801,0.85,472174,-0.0138,3.847e-14,802853.0,-0.002188,0.307474,524919,-0.005001,0.09248,425740.0,-0.007546,0.009249,425743.0,-0.023716526,2.08e-05,318397.62,matched,1,1734,True,0.7326043737574552,0.002210308155785119,0.001823933608736026,0.002143969963801557,0.002972436185028418,0.0028992851168686876,0.005572327722716753,3.847e-14,True,3.847e-14
11:69494340:C:A,BMI,0.00543647,0.0098,472174,,,,-0.006957,0.000677,489323,-0.003839,0.172,425740.0,-0.0006909,0.801,425743.0,0.0049120444,0.5147,318397.62,matched,1,1732,False,0.6809145129224652,0.0021048684816876006,,0.002046942247259167,0.0028107954054381423,0.002741088791172941,0.007539165940951294,,False,0.000677
3:15648004:T:C,BMI,-0.0022332,0.27,472174,0.0091,1.617e-08,804225.0,0.004156,0.028072,520695,0.006024,0.01592,425740.0,-0.001973,0.4182,425743.0,0.011971372,0.07221,318397.62,matched,1,1733,False,0.5238568588469185,0.0020245451968690575,0.001611000543827736,0.0018922917044624716,0.002498813205615156,0.0024371624409469253,0.006658931080766886,1.617e-08,True,1.617e-08
12:54687232:A:C,BMI,0.0104891,6.9e-07,472174,-0.0075,1.012e-05,792782.0,-0.004406,0.025,523523,-0.006698,0.009541,425740.0,-0.003177,0.2074,425743.0,-0.013902905,0.006935,318397.62,matched,1,1735,False,0.621272365805169,0.0021129668820287265,0.0016989106943859967,0.0019657333087606437,0.0025840698137611323,0.002519934529627633,0.005149320367846374,1.012e-05,False,6.9e-07
20:33355046:G:A,BMI,0.00350652,0.23,472174,0.0143,2.437e-09,806465.0,-0.004583,0.094872,523984,0.01761,1.227e-05,425740.0,-0.005365,0.172,425743.0,0.019794628,0.01891,318397.62,matched,1,1737,False,0.9125248508946322,0.0029212264120350695,0.0023970666889027324,0.0027439179647773177,0.004027228421769367,0.003928084748678206,0.008432933287737754,2.437e-09,True,2.437e-09
14:99683700:T:C,BMI,0.00025771,0.9,472174,,,,-0.004404,0.025191,490357,-0.00066,0.7983,425740.0,0.007788,0.001986,425743.0,-0.01192857,0.0387,318397.62,matched,1,1744,False,0.44831013916500995,0.002050829522758645,,0.001967423046475452,0.002582686685731941,0.002518499099530875,0.005769945738359588,,False,0.025191
18:52486749:C:A,BMI,-0.00410147,0.084,472174,,,,-0.003666,0.11401,488325,0.00339,0.2654,425740.0,-0.007137,0.01622,425743.0,0.00060018006,0.9408,318397.62,matched,1,1736,False,0.21968190854870775,0.002373626096118507,,0.002319631970942634,0.0030438573226004174,0.002968891818767257,0.008081665304028023,,False,0.084
10:99969568:A:G,BMI,0.00020826,0.92,472174,-0.0161,9.388e-19,718631.0,0.006731,0.000897,523522,-0.01662,5.846e-10,425740.0,0.01846,1.759e-12,425743.0,-0.023716526,2.626e-06,318397.62,matched,1,1742,False,0.3061630218687873,0.002073606343959111,0.0018208206784107602,0.0020268076313532286,0.0026830131970265645,0.0026175610257552734,0.00504811605319954,9.388e-19,True,9.388e-19
6:160840252:G:T,BMI,-0.00484986,0.022,472174,-0.009,1.347e-07,804772.0,0.004663,0.018724,523518,-0.003858,0.1467,425740.0,-0.008403,0.00119,425743.0,0.008838949,0.2105,318397.62,matched,1,1741,False,0.3190854870775348,0.002117502627805572,0.0017070240248060772,0.0019834275127579137,0.002658330423149041,0.002592505354489764,0.007058782308445338,1.347e-07,False,1.347e-07
5:59369794:A:G,BMI,0.00500337,0.023,472174,0.0094,3.726e-07,718610.0,-0.002531,0.220191,523514,0.001172,0.6633,425740.0,-0.0009265,0.7243,425743.0,-0.0049875416,0.4968,318397.62,matched,1,1739,False,0.2773359840954274,0.0022007978095720244,0.0018495021972367363,0.002064402851121512,0.0026920152795466175,0.0026267456665413874,0.00733965711332854,3.726e-07,False,3.726e-07
6:163010615:A:G,BMI,0.00300514,0.3,472174,,,,0.006265,0.026229,491813,-0.00969,0.01051,425740.0,-0.00568,0.1241,425743.0,-0.037295785,1.084e-06,318397.62,matched,1,1757,False,0.14910536779324055,0.002899501338400297,,0.002818511751573742,0.0037872538869140166,0.003693612561838866,0.007649252574523602,,False,0.026229
8:73443198:G:T,BMI,0.00080403,0.71,472174,-0.0207,3.911e-23,484680.0,-0.00023,0.912474,523840,-0.006402,0.03168,425740.0,-0.000946,0.7448,425743.0,-0.014888613,0.00643,318397.62,matched,1,1740,False,0.6998011928429424,0.0021622074317233743,0.002089592655858047,0.002092459159456726,0.0029798571882196445,0.0029062663503599214,0.0054636958828703005,3.911e-23,True,3.911e-23
2:213405660:G:T,BMI,0.00281007,0.17,472174,,,,-0.000629,0.749787,490364,-0.001158,0.6543,425740.0,-0.006129,0.0151,425743.0,0.0067225457,0.3294,318397.62,matched,1,1745,False,0.4224652087475149,0.0020478517706859164,,0.0019722799997471687,0.0025859955373209527,0.002522251551280294,0.006892634332644589,,False,0.17
2:67837553:T:C,BMI,-0.00216594,0.28,472174,-0.0165,7.823e-18,484680.0,-0.002009,0.312119,480501,-0.01088,3.719e-05,425740.0,-0.007928,0.002067,425743.0,-0.012916225,0.06373,318397.62,matched,1,1743,False,0.40357852882703776,0.0020049071771371684,0.0019181230112067563,0.0019875627083345807,0.002638037694218109,0.002573664332873361,0.006966439556510261,7.823e-18,True,7.823e-18
9:33978015:A:T,BMI,0.0156374,1.5e-07,472174,,,,-0.012006,3.41e-05,488325,-0.00905,0.02104,425740.0,0.004962,0.1946,425743.0,-0.016857117,0.01297,318397.62,matched,1,1747,True,0.1779324055666004,0.0029771009845018337,,0.002897059992784747,0.003922391393666339,0.0038254843788809558,0.006784662106572686,,False,1.5e-07
17:5042894:T:C,BMI,0.0005389,0.79,472174,0.0072,1.183e-05,795644.0,0.018477,2.78e-22,523520,-0.001864,0.4579,425740.0,-0.004126,0.09206,425743.0,-0.00796817,0.2346,318397.62,matched,1,1746,False,0.562624254473161,0.0020235768808320015,0.0016435738759466418,0.0019032215937679524,0.0025110828766120867,0.00244920264935863,0.006703869465653267,1.183e-05,False,2.78e-22
8:126484526:T:G,BMI,0.0028947,0.19,472174,0.0094,1.042e-07,806765.0,-0.014559,1.3e-12,523524,-0.009292,0.000579,425740.0,0.003172,0.2285,425743.0,-0.021761492,6.481e-06,318397.62,matched,1,1771,False,0.6819085487077535,0.0022087182476235373,0.0017671688143585734,0.0020522085179498265,0.0027001694209729658,0.0026340443860786893,0.0048251028083021305,1.042e-07,False,1.3e-12
9:133788465:G:C,BMI,0.00140546,0.49,472174,,,,0.001266,0.542457,448328,0.00569,0.0266,425740.0,0.002234,0.372,425743.0,0.02265469,1.172e-05,318397.62,matched,1,1763,True,0.4025844930417495,0.0020359873020199754,,0.0020784704808246173,0.00256614006827707,0.00250242702847405,0.005169078916680281,,False,0.49
14:91490105:G:A,BMI,-2.78e-05,0.99,472174,,,,-0.004493,0.035845,490406,-0.007395,0.008185,425740.0,-0.004669,0.08697,425743.0,-0.0059820716,0.4048,318397.62,matched,1,1748,False,0.7375745526838966,0.002218061007137876,,0.002140868124251887,0.0027965373038713374,0.002727853447047488,0.007180674768195177,,False,0.035845
3:88100210:A:G,BMI,-0.007444,0.016,472174,,,,0.001884,0.536919,488325,-0.007833,0.06378,425740.0,-0.006451,0.1175,425743.0,0.0,0.9854,318397.62,matched,1,1749,False,0.8906560636182903,0.003090187205994419,,0.0030511171936090133,0.004225569538064266,0.004121113350145296,0.004015574882974045,,False,0.016
2:181566711:G:A,BMI,-0.00177007,0.4,472174,,,,0.009691,2.24e-06,488325,0.01428,9.006e-08,425740.0,-0.0001549,0.9526,425743.0,0.021530118,5.489e-05,318397.62,matched,1,1751,False,0.5944333996023857,0.0021031669941186785,,0.002048633398562416,0.0026712975869670787,0.0026058981925138236,0.0053374733316903025,,False,2.24e-06
15:46512658:C:T,BMI,-0.00233253,0.25,472174,,,,0.000404,0.839236,491818,-0.000293,0.9129,425740.0,-0.0008545,0.7436,425743.0,0.011465478,0.1088,318397.62,matched,1,1750,False,0.41848906560636184,0.002027670931797764,,0.001991415000994151,0.0026787008368153445,0.0026124327826143514,0.007149791119886266,,False,0.25
21:46581798:T:C,BMI,-0.00458347,0.023,472174,0.0181,7.168e-23,569181.0,0.004124,0.030747,522901,0.002032,0.4396,425740.0,0.002439,0.3415,425743.0,0.017451394,0.001661,318397.62,matched,1,1753,False,0.5447316103379721,0.0020160992963220966,0.0018384028317644083,0.001908966101960629,0.0026291653405638485,0.0025641143386470914,0.005548973838443743,7.168e-23,True,7.168e-23
7:69453576:G:C,BMI,-0.00265225,0.21,472174,,,,0.007269,0.000491,491793,0.008436,0.001971,425740.0,0.0116,1.291e-05,425743.0,0.017756721,0.0002105,318397.62,matched,1,1752,True,0.27634194831013914,0.0021157650957864373,,0.0020854259314250826,0.0027260674305326386,0.002659559219302171,0.00479125331531143,,False,0.000491
14:79493439:A:T,BMI,-8.967e-05,0.97,472174,,,,-0.000473,0.816111,488325,-0.003877,0.1495,425740.0,-0.006224,0.01768,425743.0,0.008334637,0.2413,318397.62,matched,1,1755,True,0.658051689860835,0.002384314883136199,,0.002033972799096913,0.002689933047909772,0.002623666660684505,0.00711302095241059,,False,0.816111
19:34309277:A:G,BMI,-0.00252598,0.24,472174,0.0156,2.511e-19,806709.0,0.001043,0.605481,523523,0.0104,0.0001856,425740.0,0.0137,4.496e-07,425743.0,0.014809116,0.003532,318397.62,matched,1,1758,False,0.6669980119284294,0.0021497943781634606,0.001735590962157136,0.0020192253714264446,0.0027823475186368467,0.002714666639352198,0.00507649948811479,2.511e-19,True,2.511e-19
3:52881096:T:A,BMI,0.00404485,0.077,472174,,,,0.000993,0.667648,488325,-0.01645,1.368e-08,425740.0,0.004962,0.07918,425743.0,-0.019802628,0.004918,318397.62,matched,1,1756,True,0.7176938369781312,0.002287339614211485,,0.0023126464025471907,0.0028974802423916376,0.002826603361190983,0.007041294281205045,,False,0.077
3:136162621:A:C,BMI,0.00275273,0.23,472174,,,,0.012785,7.75e-09,490411,0.0008865,0.7578,425740.0,-0.01166,3.222e-05,425743.0,0.035212755,1.141e-09,318397.62,matched,1,1760,False,0.7365805168986084,0.002293255872261187,,0.0022143100768891658,0.002874783380336113,0.0028047858770423027,0.005783654882340036,,False,7.75e-09
8:144893084:G:A,BMI,-0.00213536,0.31,472174,0.0068,0.0002056,661335.0,0.001279,0.534924,480045,0.00678,0.009141,425740.0,0.005785,0.0226,425743.0,0.0103534125,0.034,318397.62,matched,1,1761,False,0.6282306163021869,0.002103342845341415,0.0018318795537275233,0.002061217445096988,0.0026009545563418115,0.0025371364265675714,0.00488352000080677,0.0002056,False,0.0002056
5:122736667:G:A,BMI,-0.00234924,0.24,472174,,,,0.009643,9.18e-07,490403,-0.008539,0.001105,425740.0,0.02699,3.959e-26,425743.0,0.0010005003,0.8913,318397.62,matched,1,1759,False,0.44532803180914515,0.0019993756660609853,,0.0019645721334750565,0.0026174535168795527,0.002552633404817291,0.007321121648958756,,False,9.18e-07
2:144003190:C:T,BMI,-0.00508843,0.2,472174,,,,0.001262,0.741698,489733,-0.006352,0.08455,425740.0,-0.003235,0.3678,425743.0,0.015621381,0.1117,318397.62,matched,1,1768,False,0.1709741550695825,0.003970523025999076,,0.003828818585689029,0.003682585672837281,0.0035920419862560658,0.009821072159304943,,False,0.2
15:53477160:G:A,BMI,-0.00863658,0.038,472174,,,,0.00399,0.331478,490410,-0.003712,0.4812,425740.0,0.0006281,0.9028,425743.0,-0.026641931,0.06029,318397.62,matched,1,1762,False,0.06262425447316103,0.004162498635127508,,0.0041085686091331146,0.005269928906316301,0.005143089875693092,0.01418129633674924,,False,0.038
5:147845815:A:C,BMI,-0.00028768,0.89,472174,-0.0082,2.174e-06,705712.0,-0.005983,0.001798,523521,-0.005431,0.03211,425740.0,-0.003404,0.1684,425743.0,-0.015873348,0.00047,318397.62,matched,1,1764,False,0.38071570576540753,0.002080052402167551,0.0017312222579691757,0.0019165737919310717,0.0025342520807650508,0.0024713889003894164,0.004538748776092148,2.174e-06,False,2.174e-06
8:95569716:A:T,BMI,-0.0161042,3.1e-13,472174,,,,-0.00097,0.652202,491813,0.005697,0.03998,425740.0,-0.003017,0.2647,425743.0,-0.003992021,0.628,318397.62,matched,1,1765,True,0.3399602385685885,0.002209086856360332,,0.002152182620250679,0.002773672570579327,0.0027049778560196496,0.0082387209260815,,False,3.1e-13
2:6160160:T:C,BMI,0.00203926,0.31,472174,,,,0.000625,0.750195,488325,-0.005008,0.05097,425740.0,0.0004323,0.8629,425743.0,-0.0059820716,0.3473,318397.62,matched,1,1766,False,0.49502982107355864,0.0020086837492464663,,0.001963049127292533,0.00256592571309492,0.0025034199466654463,0.006364994143133249,,False,0.31
2:206974754:G:A,BMI,0.00775275,0.09,472174,,,,-0.005012,0.247831,488325,0.01309,0.0181,425740.0,0.01,0.06403,425743.0,0.02583076,0.02561,318397.62,matched,1,1772,False,0.05069582504970179,0.004572820850840698,,0.0043370142411125094,0.005538241679632722,0.005399652843427343,0.01157253178073171,,False,0.09
12:124267638:A:G,BMI,-0.00337269,0.3,472174,0.016,1.276e-09,794705.0,-0.009098,0.002747,523984,-0.007537,0.07235,425740.0,-0.005375,0.1889,425743.0,-0.04018179,1.507e-05,318397.62,matched,1,1769,False,0.9085487077534792,0.00325413097859311,0.0026357449891850396,0.0030380170869294047,0.004194423988111639,0.004091060821160521,0.009284870967143175,1.276e-09,True,1.276e-09
2:100055506:A:G,BMI,0.00213477,0.29,472174,0.008,4.594e-06,669451.0,-0.002579,0.173615,522441,-0.003956,0.1198,425740.0,0.00699,0.00483,425743.0,0.0036064957,0.5889,318397.62,matched,1,1770,False,0.5666003976143141,0.0020175091070069847,0.0017457633418716978,0.00189537655671695,0.0025430479460025316,0.0024803433354723954,0.006673372377923213,4.594e-06,False,4.594e-06
17:44121579:T:C,BMI,-0.00721205,0.0023,472174,,,,0.004836,0.028998,523982,-0.006398,0.03444,425740.0,0.01423,1.418e-06,425743.0,-0.027615167,4.04e-06,318397.62,matched,1,1767,False,0.21371769383697814,0.0023657833189356476,,0.002214778851442828,0.0030252277895934203,0.0029507774751263162,0.005991166510756548,,False,0.0023
15:41980930:T:A,BMI,0.00720267,0.0038,472174,,,,-0.000188,0.938576,490411,-0.006701,0.04056,425740.0,-0.005923,0.06347,425743.0,-0.0099503305,0.2642,318397.62,matched,1,1773,True,0.81610337972167,0.0024885671539610064,,0.0024396648233861156,0.003271972666079935,0.0031914698844151533,0.008911921451559644,,False,0.0038
7:114312651:T:A,BMI,0.00131766,0.51,472174,,,,0.001737,0.372915,490490,0.01315,2.781e-07,425740.0,0.009477,0.0001471,425743.0,0.021325788,5.182e-06,318397.62,matched,1,1775,True,0.4085487077534791,0.0019999766475528873,,0.0019494371581659483,0.0025595038574571607,0.0024966313618398394,0.004679497831668205,,False,0.372915
7:77835255:G:T,BMI,-0.00314487,0.12,472174,,,,0.001162,0.553793,490736,0.003854,0.133,425740.0,0.002233,0.3721,425743.0,0.0103534125,0.0114,318397.62,matched,1,1779,False,0.5288270377733598,0.002022718941799016,,0.001962552730837035,0.0025652697409176374,0.002501830015928015,0.004091946749210127,,False,0.12
18:12821593:A:G,BMI,0.00285337,0.17,472174,0.0071,3.951e-05,718640.0,0.009576,7.09e-07,523521,0.005111,0.04358,425740.0,0.003103,0.2091,425743.0,0.009949331,0.04895,318397.62,matched,1,1774,False,0.4135188866799205,0.002079406849979564,0.0017273566814719284,0.0019310804188283706,0.0025325699331551076,0.0024704547601569105,0.005052917715723765,3.951e-05,False,7.09e-07
10:87642251:C:T,BMI,-0.00954582,0.015,472174,,,,-0.000835,0.824199,488325,0.006211,0.2078,425740.0,0.000906,0.8506,425743.0,0.018062143,0.04449,318397.62,matched,1,1795,False,0.05964214711729622,0.003924478779863904,,0.0037587625396375583,0.004930781909578468,0.004810119103233279,0.008988624334482056,,False,0.015
16:52624738:G:T,BMI,0.00339458,0.094,472174,0.0085,9.152e-07,706651.0,-9.3e-05,0.961383,524463,0.01375,5.559e-08,425740.0,0.003883,0.1157,425743.0,0.010555514,0.1173,318397.62,matched,1,1785,False,0.43240556660039764,0.0020270204637643724,0.0017314969351308871,0.001920767581367991,0.0025310930235096568,0.002468403928271641,0.006739536512815966,9.152e-07,False,9.152e-07
1:210087236:C:T,BMI,0.0014052,0.49,472174,,,,-0.000817,0.679997,488325,-0.0003358,0.8978,425740.0,-0.006418,0.01185,425743.0,0.013389237,0.003678,318397.62,matched,1,1777,False,0.5656063618290258,0.0020356106590002344,,0.001980763449832637,0.0026144303181719107,0.002550286516166327,0.0046097707947852585,,False,0.49
2:54041983:G:T,BMI,0.00068822,0.73,472174,-0.0082,4.445e-07,806784.0,-0.012251,1.41e-10,523519,-0.003355,0.1942,425740.0,0.01122,8.504e-06,425743.0,-0.0099503305,0.135,318397.62,matched,1,1776,False,0.4274353876739563,0.001994115002352069,0.0016241353325472975,0.0019097998053262415,0.002584239671954605,0.002520166820282724,0.006657198928586094,4.445e-07,False,1.41e-10
1:119694640:T:A,BMI,0.00391891,0.055,472174,,,,-0.001528,0.440725,491817,0.002116,0.4277,425740.0,-0.004481,0.08497,425743.0,-0.0099503305,0.1484,318397.62,matched,1,1780,True,0.39065606361829025,0.002042294310835705,,0.0019819201227256164,0.0026678986396184872,0.002601376421980572,0.0068850597946097485,,False,0.055
3:47817007:G:T,BMI,0.00661375,0.0012,472174,-0.0169,3.502e-18,484680.0,-0.000597,0.759249,523478,0.003358,0.203,425740.0,0.01224,1.975e-06,425743.0,0.012275031,0.08053,318397.62,matched,1,1778,False,0.6013916500994035,0.002041986661538803,0.0019438912630953882,0.0019480066011270851,0.0026377579599963868,0.002573609811862464,0.007023859356304391,3.502e-18,True,3.502e-18
1:151010521:G:C,BMI,-0.00533218,0.024,472174,,,,0.000907,0.692695,491767,-0.02167,1.77e-11,425740.0,-0.004335,0.1678,425743.0,-0.019802628,0.007363,318397.62,matched,1,1781,True,0.7703777335984096,0.002362372475136543,,0.00229503818256901,0.0032228620138224735,0.0031428817401972895,0.007389138573371959,,False,0.024
18:22284668:C:T,BMI,-0.00351849,0.081,472174,,,,0.002779,0.157089,490406,-0.006419,0.01174,425740.0,0.005311,0.03256,425743.0,-0.013902905,0.01106,318397.62,matched,1,1782,False,0.5318091451292246,0.0020164270863725384,,0.001964054659587061,0.002547359138781914,0.00248471633669932,0.005471866909469203,,False,0.081
13:40788838:T:G,BMI,-0.00246808,0.25,472174,,,,-0.000488,0.816605,489733,-0.001908,0.4886,425740.0,-0.004676,0.08186,425743.0,0.011566636,0.01252,318397.62,matched,1,1783,False,0.3727634194831014,0.002145504698053798,,0.0021042305049902652,0.0027550864497677585,0.0026873649595854244,0.004631955892860544,,False,0.25
1:6711976:A:C,BMI,0.00515399,0.015,472174,,,,0.000213,0.917349,490360,0.01187,7.283e-06,425740.0,-0.004411,0.0874,425743.0,0.025933381,3.898e-07,318397.62,matched,1,1784,False,0.3727634194831014,0.0021189090498910266,,0.002052544720349517,0.0026464548638511893,0.002580626110193539,0.005111161204430962,,False,0.015
2:236754256:C:A,BMI,-0.00164246,0.49,472174,,,,0.001217,0.596935,489304,-0.001143,0.704,425740.0,0.00218,0.4573,425743.0,-0.003992021,0.6578,318397.62,matched,1,1786,False,0.7226640159045725,0.002379311900783892,,0.002301379518331694,0.003008476900546461,0.0029328664780429643,0.009012297818447488,,False,0.49
10:102626510:G:T,BMI,-0.00160008,0.47,472174,0.0171,2.695e-16,484680.0,0.001384,0.504714,524915,0.002029,0.4727,425740.0,0.0009677,0.7255,425743.0,0.012578783,0.09485,318397.62,matched,1,1788,False,0.3101391650099404,0.002214707811568937,0.002088869484152825,0.002074679424787386,0.002825539655016718,0.002756055356303717,0.007530624012981939,2.695e-16,True,2.695e-16
9:103065884:C:T,BMI,-0.00142455,0.48,472174,0.0142,3.51e-17,718688.0,-0.000813,0.667117,523522,0.004646,0.06842,425740.0,0.008725,0.0004508,425743.0,0.014301784,0.003243,318397.62,matched,1,1791,False,0.46123260437375746,0.002016911837714129,0.001684818492701815,0.0018902224321090187,0.0025496223930510614,0.0024868841437700206,0.004858415650702552,3.51e-17,True,3.51e-17
4:89052323:G:T,BMI,-0.0113292,0.00034,472174,-0.019,2.128e-13,806324.0,-0.002942,0.174975,523982,-0.01069,0.007199,425740.0,0.007845,0.04319,425743.0,0.0,0.9799,318397.62,matched,1,1787,False,0.09443339960238568,0.0031621547124391913,0.002588380120657121,0.002168992124076101,0.003977680582507025,0.0038800754348012486,0.004285259095459386,2.128e-13,True,2.128e-13
3:182264200:T:C,BMI,0.00235325,0.28,472174,,,,-0.004995,0.020058,491809,-0.01415,5.128e-07,425740.0,-0.007423,0.006917,425743.0,-0.023716526,4.052e-05,318397.62,matched,1,1800,False,0.3220675944333996,0.0021782910951356187,,0.002148145805955924,0.0028179051627067703,0.00274843061155298,0.005778184449648787,,False,0.020058
20:54382161:C:T,BMI,-0.00450348,0.073,472174,,,,0.004898,0.04757,490385,-0.007963,0.013,425740.0,-0.001527,0.6254,425743.0,-0.0059820716,0.4924,318397.62,matched,1,1789,False,0.17992047713717693,0.0025119382525439077,,0.0024722518568295157,0.0032060143515095746,0.003127742432428002,0.008713912777921305,,False,0.04757
1:98502934:G:T,BMI,-0.00132817,0.6,472174,-0.0113,1.227e-07,706878.0,-0.005157,0.031745,524462,0.0006587,0.834,425740.0,0.004193,0.1713,425743.0,-0.0069756135,0.3729,318397.62,matched,1,1790,False,0.7892644135188867,0.0025327397052707624,0.0021363371784195897,0.002401277485182701,0.0031430392102507598,0.003064972039812465,0.007828493631300084,1.227e-07,False,1.227e-07
6:79424433:A:G,BMI,-9.301e-05,0.96,472174,0.0079,2.006e-06,806118.0,9.4e-05,0.961487,524425,0.01499,5.64e-09,425740.0,0.01792,9.424e-13,425743.0,0.03334998,2.86e-10,318397.62,matched,1,1797,False,0.35984095427435386,0.0018545035783016689,0.0016621714691483834,0.0019466676771674742,0.002572464687626968,0.0025102724080679354,0.005288456986183038,2.006e-06,False,2.006e-06
4:112600472:T:G,BMI,-0.00313918,0.14,472174,,,,0.004804,0.022857,488325,0.001469,0.5922,425740.0,-0.0006555,0.8064,425743.0,0.011971372,0.02339,318397.62,matched,1,1792,False,0.6829025844930418,0.002127116874990843,,0.002110890831779266,0.002742458979324297,0.002674714539653523,0.005280702464920369,,False,0.022857
9:131113243:A:G,BMI,-0.00254936,0.33,472174,,,,-0.000857,0.743683,490405,0.008408,0.01114,425740.0,0.00141,0.6626,425743.0,0.014200349,0.1079,318397.62,matched,1,1793,False,0.20178926441351888,0.0026171067470018,,0.002620955280926686,0.0033124841626830915,0.0032315264691197792,0.008832688174360953,,False,0.33
3:153990749:G:A,BMI,-0.00277606,0.17,472174,0.0147,5.412e-17,699066.0,0.001323,0.493384,524921,-0.008379,0.001175,425740.0,-0.002075,0.4101,425743.0,-0.002995509,0.6167,318397.62,matched,1,1807,False,0.4115308151093439,0.0020230668227234,0.0017547257268921799,0.0019315659538757866,0.002582221592575375,0.0025190670167952807,0.005984641333685024,5.412e-17,True,5.412e-17
5:170466238:T:A,BMI,0.00457879,0.043,472174,,,,0.001016,0.64459,491791,-0.006038,0.03774,425740.0,-0.007218,0.01088,425743.0,0.010858743,0.1616,318397.62,matched,1,1794,True,0.7276341948310139,0.0022625722166270327,,0.0022025153055300053,0.002906143632727436,0.0028344458065900574,0.007757848689931514,,False,0.043
1:15808872:G:A,BMI,-0.00044021,0.85,472174,-0.0107,4.627e-09,806782.0,0.002921,0.176257,523518,-0.004505,0.1176,425740.0,-0.001636,0.5602,425743.0,0.0,0.9769,318397.62,matched,1,1796,False,0.23757455268389663,0.0023276949193994576,0.001825919875686012,0.0021599119509784727,0.0028787283167137708,0.00280836931452591,0.002944431424232591,4.627e-09,True,4.627e-09
10:134005318:A:G,BMI,0.00164468,0.42,472174,,,,-0.001318,0.524096,444846,-0.008839,0.0007039,425740.0,-0.00362,0.1549,425743.0,-0.013902905,0.004907,318397.62,matched,1,1848,False,0.5337972166998012,0.002039479993962509,,0.0020689299586609373,0.0026088710182198527,0.002544931701289443,0.004942242341491697,,False,0.42
5:140183058:G:A,BMI,0.00098519,0.62,472174,0.0084,1.573e-06,662434.0,0.001976,0.297434,523516,-0.01016,4.678e-05,425740.0,0.0003919,0.8721,425743.0,-0.01093994,0.09326,318397.62,matched,1,1798,False,0.5377733598409543,0.001986869637724899,0.0017493691750543527,0.0018964407875299721,0.002495604429312348,0.0024342881788925403,0.006517896830873443,1.573e-06,False,1.573e-06
7:150645534:T:G,BMI,-0.0001488,0.95,472174,-0.0161,4.705e-13,484680.0,-0.006462,0.003467,521438,-0.01404,1.662e-06,425740.0,-0.005102,0.07419,425743.0,-0.019802628,0.0005676,318397.62,matched,1,1799,False,0.25347912524850896,0.0023729492230449263,0.0022257371987315297,0.0022107583399248168,0.002930677845134956,0.002857559164129601,0.0057454842978112,4.705e-13,True,4.705e-13
14:103873326:G:A,BMI,-0.00160004,0.45,472174,,,,0.002093,0.306257,490407,0.009409,0.0003689,425740.0,0.01543,2.126e-09,425743.0,0.030768534,1.847e-09,318397.62,matched,1,1803,False,0.6421471172962226,0.0021180939538744258,,0.002045728242722702,0.002641947747280477,0.002576873984450068,0.0051189422782003,,False,0.306257
11:68201295:C:T,BMI,-0.00154731,0.58,472174,-0.0098,1.773e-05,806359.0,-0.00545,0.03897,523522,-0.003679,0.2963,425740.0,0.002065,0.5477,425743.0,0.002302649,0.8094,318397.62,matched,1,1801,False,0.1341948310139165,0.002796083710519466,0.0022834704823717846,0.0026398598662013668,0.003522594054254755,0.0034347388704117636,0.009546631981507132,1.773e-05,False,1.773e-05
14:101531854:A:G,BMI,-0.00345563,0.1,472174,-0.0156,2.946e-15,484680.0,0.00164,0.410334,522901,0.00566,0.06241,425740.0,0.01118,0.000161,425743.0,0.004008021,0.6212,318397.62,matched,1,1806,False,0.49204771371769385,0.002100873867059266,0.001976391624946157,0.0019919689536387515,0.0030375046708449953,0.002962799233083088,0.008110934224719176,2.946e-15,True,2.946e-15
3:66434643:T:C,BMI,0.00405522,0.066,472174,0.0101,5.84e-08,718616.0,-0.005584,0.007436,523518,-0.01676,1.415e-09,425740.0,-0.001169,0.6652,425743.0,-0.016857117,0.007456,318397.62,matched,1,1808,False,0.2922465208747515,0.0022058136368855955,0.001862220685837875,0.0020861818510358797,0.002768525566647172,0.002701359630985651,0.006299935923175124,5.84e-08,False,5.84e-08
11:840363:C:T,BMI,0.00017953,0.93,472174,0.0134,2.658e-12,484680.0,-0.003067,0.123648,478611,0.01392,1.017e-07,425740.0,0.002851,0.2635,425743.0,0.01694272,0.001295,318397.62,matched,1,1802,False,0.5308151093439364,0.0020437171301153616,0.0019157322818844388,0.0019920234221293457,0.0026147425620179857,0.002549731678627851,0.005266481104411392,2.658e-12,True,2.658e-12
9:140253788:T:C,BMI,0.00120373,0.67,472174,,,,0.006568,0.020202,446254,-0.009665,0.01537,425740.0,0.01201,0.002015,425743.0,-0.0049875416,0.6707,318397.62,matched,1,1804,False,0.1779324055666004,0.002824675882207428,,0.0028278958747122453,0.003987965661260426,0.0038892329703887354,0.01173021706569478,,False,0.020202
7:138874416:C:G,BMI,0.00665002,0.058,472174,-0.0235,2.086e-12,484680.0,-0.002769,0.40755,524452,-0.003016,0.5,425740.0,-0.005238,0.2298,425743.0,-0.013902905,0.04595,318397.62,matched,1,1805,True,0.08846918489065607,0.0035079534116895673,0.003343477224752898,0.0033433436709345626,0.004471528291012896,0.004361822378591938,0.00696589866262334,2.086e-12,True,2.086e-12
2:28941262:C:T,BMI,-0.00948961,7.1e-06,472174,,,,-0.0029,0.157087,491813,-0.007631,0.00503,425740.0,-0.01154,1.361e-05,425743.0,-0.013902905,0.05344,318397.62,matched,1,1809,False,0.6381709741550696,0.0021131842887732936,,0.002049561373355309,0.002720396088589395,0.002652836690213676,0.007198548985323093,,False,7.1e-06
11:90009898:A:G,BMI,0.00016474,0.94,472174,,,,0.005476,0.00916,489329,0.004173,0.1308,425740.0,-0.008107,0.002618,425743.0,0.012477522,0.08931,318397.62,matched,1,1812,False,0.7017892644135189,0.0021886581880740854,,0.00210128519988941,0.002761830038750641,0.0026939296235367967,0.007343828159186989,,False,0.00916
2:105460333:C:T,BMI,-0.00192041,0.39,472174,0.0164,6.303e-15,484680.0,0.002486,0.23814,523979,0.001154,0.6881,425740.0,0.001797,0.5217,425743.0,0.020100672,0.0001138,318397.62,matched,1,1813,False,0.268389662027833,0.0022340288596817627,0.0021031758091965822,0.0021074072178031635,0.0028746881777213062,0.002804626155781747,0.005208626875896256,6.303e-15,True,6.303e-15
7:28174264:C:T,BMI,0.00904487,0.26,472174,0.0045,0.5508,484680.0,0.009782,0.019182,521582,-0.01346,7.819e-08,425740.0,0.00511,0.03648,425743.0,-0.025667747,7.128e-08,318397.62,matched,1,1811,False,0.5089463220675944,0.008029954930236699,0.007543225540570814,0.004176816584050057,0.0025059314509184045,0.0024431799557199526,0.004763948585684256,0.5508,False,0.019182
9:96463094:T:C,BMI,0.00222492,0.32,472174,0.015,7.552e-17,806686.0,-0.002808,0.18712,523967,-0.008749,0.002038,425740.0,0.003119,0.2596,425743.0,-0.013902905,0.03124,318397.62,matched,1,1810,False,0.3220675944333996,0.002237319485887886,0.0017989798706119337,0.0021286484162365976,0.002836313317118373,0.002766696950565904,0.006454452576823433,7.552e-17,True,7.552e-17
10:126629608:A:G,BMI,0.0046004,0.026,472174,,,,0.000499,0.81034,448331,-0.007112,0.009225,425740.0,-0.008574,0.001289,425743.0,-0.002995509,0.7295,318397.62,matched,1,1815,False,0.4304174950298211,0.0020664700741435025,,0.002079275554186596,0.002731601026556728,0.002664042104389527,0.008662780198895674,,False,0.026
2:26945293:G:A,BMI,-0.00254897,0.21,472174,-0.0148,1.709e-18,706834.0,0.00379,0.044201,524921,-0.02208,7.7e-17,425740.0,-0.01399,6.136e-08,425743.0,-0.03246719,3.121e-10,318397.62,matched,1,1814,False,0.4990059642147117,0.0020333760981079293,0.001686609197307452,0.0018835296087962796,0.0026488276992709748,0.0025836634272863785,0.005159545152943653,1.709e-18,True,1.709e-18
15:60916622:G:T,BMI,-0.0009965,0.62,472174,,,,0.000886,0.652962,491771,0.01111,2.007e-05,425740.0,0.01272,5.575e-07,425743.0,0.017451394,0.0005584,318397.62,matched,1,1822,False,0.5755467196819085,0.0020096789390806466,,0.0019704163996076786,0.00260546711478373,0.002541262201955643,0.0050568288770276165,,False,0.62
3:82643954:T:C,BMI,0.00230395,0.39,472174,,,,0.00347,0.182717,490409,0.00297,0.3934,425740.0,-0.001657,0.6254,425743.0,-0.0009995003,0.936,318397.62,matched,1,1816,False,0.17892644135188868,0.00268020411852875,,0.0026042529061712275,0.003479920855256029,0.0033940204391180086,0.01244733872981403,,False,0.182717
12:56865338:A:G,BMI,0.00510954,0.049,472174,-0.0116,6.239e-08,798289.0,0.007337,0.002594,523519,-0.0005852,0.8553,425740.0,-0.0009608,0.7589,425743.0,0.012882626,0.1297,318397.62,matched,1,1821,False,0.21272365805168986,0.002595530642528432,0.002143459332694727,0.002435797523786076,0.003209032253048231,0.0031304002922101257,0.008501778715714309,6.239e-08,False,6.239e-08
1:46487552:G:A,BMI,0.00402583,0.045,472174,0.0113,5.127e-12,806783.0,-0.004712,0.013002,524921,0.00735,0.00365,425740.0,-0.007783,0.001599,425743.0,0.014910613,0.002071,318397.62,matched,1,1826,False,0.44532803180914515,0.002008241358690446,0.0016372030355219893,0.0018971584637784242,0.002528444485366139,0.0024660266940069978,0.004841332883866672,5.127e-12,True,5.127e-12
3:183996068:C:T,BMI,0.00107626,0.59,472174,-0.0116,8.898e-13,806771.0,0.002131,0.264757,523517,-0.007766,0.002115,425740.0,0.001366,0.5795,425743.0,-0.015873348,0.001356,318397.62,matched,1,1817,False,0.5308151093439364,0.001997379424393408,0.0016231587273794251,0.0019108371060432374,0.0025266871710194067,0.002465191300029601,0.0049544502162068,8.898e-13,True,8.898e-13
16:65950730:T:C,BMI,-0.00071414,0.73,472174,,,,0.002744,0.177172,488325,-0.0007555,0.7915,425740.0,-0.005767,0.03853,425743.0,-0.01192857,0.01942,318397.62,matched,1,1818,False,0.5178926441351889,0.002069218110167834,,0.002033324933925522,0.0028578098542367814,0.0027871059094345604,0.005103417325744995,,False,0.177172
1:93050779:C:A,BMI,-0.00335244,0.13,472174,,,,0.009583,9.28e-06,488325,-0.0008787,0.7664,425740.0,-0.007822,0.006691,425743.0,-0.026641931,1.639e-06,318397.62,matched,1,1823,False,0.6421471172962226,0.002214144257670301,,0.0021615933955341318,0.0029577182945033226,0.0028843838151199333,0.005557933676106993,,False,9.28e-06
6:153375060:G:A,BMI,0.00044567,0.84,472174,,,,0.002652,0.220493,489733,0.003924,0.1583,425740.0,-5.361e-05,0.9842,425743.0,0.0038072383,0.6067,318397.62,matched,1,1819,False,0.2952286282306163,0.002207451186112213,,0.0021645123221866896,0.002781376596873691,0.0027070756673794154,0.007395716100817588,,False,0.220493
16:24733751:C:T,BMI,-0.0058209,0.01,472174,,,,0.001865,0.398217,488325,0.02424,5.657e-17,425740.0,0.004819,0.08794,425743.0,0.025112702,1.167e-05,318397.62,matched,1,1820,False,0.731610337972167,0.002259815893848299,,0.00220759730020518,0.0028953090467520692,0.0028241307290541,0.005728702059398497,,False,0.01
17:41085683:A:G,BMI,-0.0121579,9.8e-08,472174,-0.0111,1.966e-09,804311.0,0.000898,0.678293,522442,0.001449,0.6078,425740.0,-0.007993,0.003701,425743.0,-0.0009995003,0.9317,318397.62,matched,1,1831,False,0.2882703777335984,0.0022808633539189134,0.0018498176321739257,0.0021649321129713632,0.0028233707666256627,0.002753754899884832,0.011661941499150449,1.966e-09,True,1.966e-09
8:81405922:G:A,BMI,-0.00823974,0.001,472174,,,,-0.00235,0.339573,490235,-0.01614,3.283e-07,425740.0,-0.003664,0.2346,425743.0,-0.03633193,7.244e-10,318397.62,matched,1,1825,False,0.24353876739562624,0.002504079338162428,,0.002460709052271243,0.0031607201293917266,0.0030826372582605003,0.005897403741287612,,False,0.001
5:63028702:G:A,BMI,-0.00248172,0.22,472174,,,,0.003194,0.104027,491811,0.005631,0.02663,425740.0,-0.001828,0.4605,425743.0,0.016129382,0.000508,318397.62,matched,1,1827,False,0.5149105367793241,0.002023369835113055,,0.001964768844099524,0.0025400346242636426,0.0024768849659767872,0.004639543116401671,,False,0.104027
11:7439093:G:T,BMI,-0.00094385,0.64,472174,0.0077,3.297e-06,789844.0,0.001891,0.207286,523519,0.0007183,0.7846,425740.0,-0.001159,0.6511,425743.0,0.002102208,0.7653,318397.62,matched,1,1824,False,0.5964214711729622,0.0020180723187380135,0.0016554179916452342,0.001499528077510979,0.002627964427102632,0.0025628292363328404,0.007041905859152105,3.297e-06,False,3.297e-06
16:49062590:C:A,BMI,0.00011979,0.95,472174,-0.0118,9.07e-13,806779.0,0.008167,3.15e-05,523524,-0.004052,0.1365,425740.0,-0.003342,0.208,425743.0,-0.012916225,0.0767,318397.62,matched,1,1829,False,0.6202783300198808,0.0019103198079875787,0.0016517520459811065,0.001962116488288322,0.002721377121170624,0.0026543106353131567,0.007296630531495278,9.07e-13,True,9.07e-13
7:50544961:G:A,BMI,-0.00415401,0.041,472174,,,,-0.000793,0.686978,491818,-0.001105,0.6736,425740.0,0.006899,0.007009,425743.0,-0.019802628,0.0006079,318397.62,matched,1,1828,False,0.4085487077534791,0.0020327619290524453,,0.0019679395819106487,0.0026233796401173284,0.0025585811364903345,0.005776619836779187,,False,0.041
7:121957582:T:A,BMI,-0.0014878,0.47,472174,,,,0.000508,0.801061,491805,-0.002481,0.34,425740.0,0.001304,0.6071,425743.0,0.005716307,0.4073,318397.62,matched,1,1830,True,0.36779324055666,0.002059298461359597,,0.0020160793626459346,0.0026001785244425253,0.002535892379391694,0.00689830048689124,,False,0.47
8:30844708:G:C,BMI,0.00297268,0.14,472174,,,,-0.002072,0.2881,488325,-0.007801,0.002622,425740.0,-0.003394,0.1795,425743.0,-0.02078254,5.353e-05,318397.62,matched,1,1832,True,0.5049701789264414,0.002014296023785759,,0.0019504867617010176,0.002592646420976601,0.0025285031683855677,0.0051446330549794325,,False,0.14
13:76415379:C:G,BMI,0.00099734,0.72,472174,0.0118,7.098e-07,718437.0,0.001755,0.505245,524921,-0.002185,0.537,425740.0,0.005107,0.139,425743.0,0.005716307,0.5413,318397.62,matched,1,1833,True,0.1779324055666004,0.0027823002776810207,0.0023796737529732975,0.0026341072504474363,0.0035392874400503502,0.003451783033139731,0.00935798102356234,7.098e-07,False,7.098e-07
5:133861756:C:T,BMI,0.00925798,4.8e-06,472174,-0.0138,5.447e-15,664317.0,0.001278,0.505802,523516,0.006309,0.0143,425740.0,-0.01153,4.411e-06,425743.0,-0.0009995003,0.8527,318397.62,matched,1,1834,False,0.4254473161033797,0.002024334717555945,0.001765578534511675,0.001920682254685967,0.0025754828440040754,0.0025114283424071443,0.005383076929145266,5.447e-15,True,5.447e-15
8:143337398:T:C,BMI,-0.00165773,0.42,472174,,,,-0.000313,0.876991,488325,0.01098,3.792e-05,425740.0,0.01106,2.102e-05,425743.0,0.003104815,0.6565,318397.62,matched,1,1842,False,0.6053677932405567,0.002055662603297584,,0.002022162803329304,0.00266517736864324,0.002600045759631142,0.006981024918883599,,False,0.42
16:1803454:A:T,BMI,0.00364244,0.15,472174,,,,-0.003458,0.17372,489242,0.007826,0.01577,425740.0,0.006518,0.03926,425743.0,0.01572296,0.06863,318397.62,matched,1,1835,True,0.1878727634194831,0.0025302954978993464,,0.0025419976376738545,0.0032416596464996837,0.003161850019786472,0.00863496676176947,,False,0.15
3:173113680:C:G,BMI,-0.00224346,0.26,472174,0.0167,1.651e-18,484680.0,0.000991,0.601342,523832,0.006548,0.00994,425740.0,6.268e-05,0.9798,425743.0,0.023370987,6.534e-06,318397.62,matched,1,1836,True,0.5228628230616302,0.00199172378240802,0.0019022912139057316,0.0018967537347287793,0.002540042526830241,0.002475547583853681,0.005183956988139613,1.651e-18,True,1.651e-18
8:33369944:T:C,BMI,-0.00276621,0.18,472174,0.0092,2.188e-08,806793.0,0.001347,0.488777,523516,-0.004496,0.07882,425740.0,0.008748,0.0004546,425743.0,-0.0069756135,0.3373,318397.62,matched,1,1839,False,0.6252485089463221,0.0020631733094347918,0.0016439026621012957,0.0019458138495787101,0.002558071348560037,0.0024950282041757603,0.007269946423645557,2.188e-08,True,2.188e-08
12:111062852:C:T,BMI,0.00211593,0.31,472174,0.0142,1.307e-17,806500.0,-0.012933,5.31e-11,523518,-0.002371,0.3872,425740.0,-0.00801,0.002752,425743.0,-0.015873348,0.009157,318397.62,matched,1,1838,False,0.36381709741550694,0.0020842041748198245,0.0016621655694359918,0.0019709007653373324,0.0027419714027353374,0.0026752061660645205,0.006090758823442544,1.307e-17,True,1.307e-17
15:95270905:G:A,BMI,0.0034011,0.1,472174,-0.0156,8.465e-19,718695.0,-0.003214,0.104623,523843,-0.01018,0.000119,425740.0,-0.005506,0.03278,425743.0,-0.016857117,0.0003134,318397.62,matched,1,1837,False,0.6232604373757455,0.0020677219810151175,0.0017619713476330764,0.001980475171458638,0.0026454083712785276,0.0025792034978629062,0.0046773816615188575,8.465e-19,True,8.465e-19
17:65887896:A:G,BMI,0.00167072,0.51,472174,0.0171,1.21e-14,604685.0,0.010753,6.6e-06,523522,-0.008551,0.006289,425740.0,-0.01404,4.226e-06,425743.0,0.007830579,0.3475,318397.62,matched,1,1840,False,0.2147117296222664,0.0025358597700465674,0.0022164668193686973,0.002386269709204937,0.003129574713955578,0.0030522095878701204,0.008335284504190028,1.21e-14,True,1.21e-14
8:85079709:T:C,BMI,0.00444461,0.054,472174,0.0127,9.979e-12,806086.0,-0.001385,0.523997,523519,0.003846,0.1828,425740.0,0.01154,4.153e-05,425743.0,0.008536331,0.2665,318397.62,matched,1,1844,False,0.7664015904572564,0.00230668758402856,0.0018657798901264326,0.0021735845639017934,0.002886990346241854,0.0028154590649682046,0.007682368144321759,9.979e-12,True,9.979e-12
6:55207924:G:C,BMI,-0.00662064,0.0014,472174,,,,-0.000584,0.771367,491817,-0.0002076,0.938,425740.0,0.003972,0.1268,425743.0,-0.0099503305,0.1797,318397.62,matched,1,1841,True,0.6023856858846919,0.002072414134933739,,0.0020097233003505102,0.0026689347762271784,0.0026014458673507906,0.007416325543409973,,False,0.0014
17:39260947:A:G,BMI,5.589e-05,0.98,472174,,,,-0.002262,0.286036,488325,0.0007156,0.8003,425740.0,-0.001017,0.7123,425743.0,-0.015873348,0.005257,318397.62,matched,1,1861,False,0.6858846918489065,0.0022294548858376824,,0.00212024484376997,0.002828918440807922,0.0027578248760281535,0.005687641398340182,,False,0.286036
9:73890781:A:G,BMI,0.00092841,0.64,472174,,,,-0.001187,0.543202,490586,-0.01006,9.675e-05,425740.0,-0.00353,0.1609,425743.0,-0.01192857,0.0761,318397.62,matched,1,1843,False,0.5129224652087475,0.00198505961904917,,0.0019523729609833879,0.002580412745360135,0.0025177399753333477,0.006724953707411594,,False,0.543202
4:20231724:A:G,BMI,-2.439e-05,0.99,472174,0.0221,1.873e-14,484680.0,0.003025,0.290567,524923,-0.005676,0.1307,425740.0,-0.002867,0.4338,425743.0,0.011768984,0.2392,318397.62,matched,1,1847,False,0.12524850894632206,0.0019459894951112517,0.00288547187325413,0.0028622019817215395,0.003755589576426359,0.0036629352326858606,0.009999232436527812,1.873e-14,True,1.873e-14
2:230616622:G:A,BMI,-0.0012008,0.58,472174,0.0159,4.622e-15,484680.0,0.009769,1.2e-06,523981,0.004162,0.1334,425740.0,-0.006633,0.0142,425743.0,0.00050012505,0.9456,318397.62,matched,1,1846,False,0.36182902584493043,0.0021699189687856826,0.002028891220936611,0.002011888208118961,0.002773135505973416,0.002704957948562181,0.007329643946540597,4.622e-15,True,4.622e-15
7:39446016:G:T,BMI,-0.00163683,0.44,472174,,,,0.006179,0.002675,490409,0.002457,0.3868,425740.0,-0.002678,0.3334,425743.0,-0.0059820716,0.3976,318397.62,matched,1,1849,False,0.33001988071570576,0.0021197155969827543,,0.00205773973458235,0.002839034240566816,0.0027685648451756853,0.007071714677590735,,False,0.002675
6:64201350:A:C,BMI,0.00041698,0.84,472174,,,,0.000496,0.800196,488325,0.0004166,0.8719,425740.0,-0.004853,0.05406,425743.0,-0.012916225,0.01297,318397.62,matched,1,1845,False,0.42047713717693835,0.0020653465469631575,,0.0019597504371418745,0.0025836370543988797,0.002519265007408181,0.005198529636916371,,False,0.800196
11:134601012:T:G,BMI,-0.00302072,0.27,472174,0.0187,2.18e-17,799515.0,0.001743,0.495577,524923,0.01447,2.165e-05,425740.0,0.0051,0.1249,425743.0,0.017451394,0.007723,318397.62,matched,1,1862,False,0.1550695825049702,0.002738484760472103,0.0022042070100963818,0.002557723086366679,0.0034069847458916163,0.003323499189740531,0.0065509568019429636,2.18e-17,True,2.18e-17
11:121922587:G:A,BMI,0.00011879,0.95,472174,-0.014,6.788e-13,484680.0,-0.003996,0.038623,524921,-0.003772,0.1497,425740.0,-0.005404,0.03434,425743.0,-0.01192857,0.08162,318397.62,matched,1,1851,False,0.37077534791252487,0.001894372568585395,0.0019488730124280294,0.0019321325708184273,0.002618368120967676,0.002553807010077283,0.006850134746086431,6.788e-13,True,6.788e-13
2:50228459:T:C,BMI,0.00015552,0.95,472174,-0.0199,5.31e-18,706945.0,-0.003193,0.210536,524922,-0.009406,0.005392,425740.0,-0.001841,0.5766,425743.0,-0.018821754,0.009985,318397.62,matched,1,1850,False,0.8339960238568589,0.0024801146718276003,0.00230150754163905,0.002550130184647696,0.0033802534780265573,0.0032971682283564293,0.007305593644998707,5.31e-18,True,5.31e-18
19:51815081:C:A,BMI,0.00467953,0.39,472174,,,,-0.007222,0.163375,490382,-0.006604,0.4096,425740.0,0.01553,0.04687,425743.0,-0.060153924,0.0003622,318397.62,matched,1,1856,False,0.036779324055666,0.00544373600936602,,0.005181481129329088,0.008008753372037696,0.007813942449579715,0.016867810296222,,False,0.163375
1:162133117:G:A,BMI,-0.00021853,0.94,472174,0.0065,0.003813,802822.0,-0.001279,0.637211,523520,-0.003966,0.261,425740.0,-0.00476,0.1666,425743.0,-0.008959741,0.3615,318397.62,matched,1,1853,False,0.17892644135188868,0.0029032868388966246,0.002246622758488702,0.0027120334181976666,0.003528373362768879,0.003441266736156436,0.009818780348992296,0.003813,False,0.003813
2:228985505:C:T,BMI,-0.00587615,0.0052,472174,0.0148,1.344e-16,706944.0,0.001937,0.327987,523982,0.001232,0.6356,425740.0,0.00146,0.5648,425743.0,0.02081514,3.556e-05,318397.62,matched,1,1852,False,0.3399602385685885,0.0021028488206074033,0.0017896857646177615,0.0019802150750736413,0.002599925990347252,0.002535925952810079,0.005034399092479335,1.344e-16,True,1.344e-16
5:108734060:T:A,BMI,-0.00250252,0.22,472174,,,,0.001097,0.579909,488325,0.006484,0.01207,425740.0,0.007778,0.002024,425743.0,0.019488677,0.0004064,318397.62,matched,1,1855,True,0.5924453280318092,0.002040328272233419,,0.0019818699648434584,0.0025831731202247223,0.0025198530983466558,0.005511671207244133,,False,0.22
11:2226789:A:C,BMI,0.00196851,0.45,472174,,,,-0.000446,0.837764,489733,-0.006642,0.05031,425740.0,-0.00456,0.1683,425743.0,-0.01093994,0.2435,318397.62,matched,1,1854,False,0.8230616302186878,0.0026058655590743647,,0.002178219156179191,0.0033934175887187323,0.003309895912773191,0.009380175287664176,,False,0.45
5:43105065:A:G,BMI,-1.153e-05,1.0,472174,,,,0.010774,4.1e-07,490403,0.006793,0.01662,425740.0,0.005226,0.05887,425743.0,0.021836694,6.899e-05,318397.62,matched,1,1858,False,0.6660039761431411,0.0021818500917679335,,0.0021274599056802135,0.0028363161353163195,0.0027663045426462945,0.0054869617470354945,,False,4.1e-07
2:60285450:T:A,BMI,0.00049246,0.83,472174,,,,0.000655,0.781323,448175,-0.002399,0.4169,425740.0,-0.003555,0.2174,425743.0,-0.002995509,0.666,318397.62,matched,1,1857,True,0.25646123260437376,0.0022936954051308955,,0.0023595495876957153,0.0029551207616490467,0.0028821101635316294,0.006939763644883109,,False,0.781323
14:60903757:G:A,BMI,-0.00132363,0.55,472174,0.0053,0.002569,806691.0,-0.002832,0.174056,523518,0.006778,0.01484,425740.0,0.00631,0.02005,425743.0,0.0020020027,0.7848,318397.62,matched,1,1863,False,0.30119284294234594,0.0022143163157489353,0.0017578227350540827,0.00208344685421499,0.0027821328921092646,0.002713498952310427,0.0073314840675483975,0.002569,False,0.002569
4:95026108:C:T,BMI,-0.00474186,0.023,472174,,,,-0.004901,0.016278,488325,-0.001914,0.4852,425740.0,-0.007982,0.002836,425743.0,0.013389237,0.06583,318397.62,matched,1,1864,False,0.4125248508946322,0.0020857692118106796,,0.002039854719564049,0.0027422636124576454,0.0026740577961371064,0.007278422694730055,,False,0.016278
17:28079858:G:A,BMI,-0.00011805,0.95,472174,,,,-0.015023,5.51e-14,488325,0.0009063,0.7373,425740.0,-0.001197,0.6497,425743.0,0.010555514,0.142,318397.62,matched,1,1880,False,0.5318091451292246,0.001882571611427779,,0.0019979440769596706,0.002701897106786491,0.0026355247880995615,0.007188525242931117,,False,5.51e-14
6:5260936:A:C,BMI,0.00369017,0.11,472174,-0.0085,9.387e-06,718648.0,9.7e-05,0.964534,523971,-0.01156,4.829e-05,425740.0,-0.00519,0.06131,425743.0,-0.014888613,0.00563,318397.62,matched,1,1859,False,0.2524850894632207,0.0023089637339941353,0.0019183753997722174,0.0021815064279637596,0.0028446613283947416,0.002773542415288365,0.00537769428651608,9.387e-06,False,9.387e-06
3:123094451:T:C,BMI,0.00126721,0.58,472174,-0.0059,0.001438,791146.0,-0.014478,1.47e-11,523522,-0.008662,0.002658,425740.0,-0.008791,0.001768,425743.0,-0.012916225,0.0301,318397.62,matched,1,1860,False,0.8091451292246521,0.0022899258964314663,0.0018513212994654442,0.0021446246274061586,0.002882769803266799,0.002811620080441112,0.0059555477276794794,0.001438,False,1.47e-11
3:104611900:G:A,BMI,-0.00024372,0.9,472174,0.0153,1.943e-15,484680.0,-0.001078,0.572594,524919,0.006397,0.013,425740.0,0.003058,0.2235,425743.0,0.013389237,0.05028,318397.62,matched,1,1911,False,0.5904572564612326,0.0019394985498689882,0.0019257563522337893,0.0019105504039096648,0.0025755210104994033,0.0025121707281769304,0.00683970863662106,1.943e-15,True,1.943e-15
5:50606563:T:G,BMI,0.00699398,0.092,472174,0.0124,0.0002486,794686.0,0.001214,0.758941,523524,-0.008418,0.09902,425740.0,0.009866,0.04745,425743.0,0.0058168853,0.6667,318397.62,matched,1,1866,False,0.0636182902584493,0.004150875884398843,0.003384558558793721,0.003956050170626088,0.005102983111476878,0.004977143964865053,0.013506235619374564,0.0002486,False,0.0002486
6:81315597:A:G,BMI,-0.00074768,0.71,472174,-0.0054,0.001292,769046.0,-0.004492,0.019113,523521,0.001503,0.5488,425740.0,0.005396,0.02736,425743.0,-0.0019980026,0.7596,318397.62,matched,1,1879,False,0.4304174950298211,0.0020106703139819815,0.0016781908460332682,0.0019169386436777684,0.002506841409831285,0.0024456760588185875,0.006529290065906519,0.001292,False,0.001292
16:82869579:C:G,BMI,-0.00246936,0.27,472174,,,,0.003904,0.073399,491816,0.01073,0.0001624,425740.0,0.001776,0.522,425743.0,0.038948752,1.079e-11,318397.62,matched,1,1865,True,0.2852882703777336,0.002238640035527752,,0.002180589352570341,0.0028451735745812006,0.0027738492460404563,0.005731508316605587,,False,0.073399
18:31263320:G:A,BMI,0.0022882,0.26,472174,,,,0.004268,0.02684,523523,0.01517,2.93e-09,425740.0,0.01383,2.913e-08,425743.0,0.02388294,1.842e-06,318397.62,matched,1,1870,False,0.584493041749503,0.002031443555448295,,0.001927874623720569,0.002555820008830088,0.002493425313338972,0.00500687591021392,,False,0.02684
1:195035004:C:T,BMI,0.00110755,0.59,472174,,,,0.00148,0.459633,491814,-0.008075,0.001986,425740.0,-0.003715,0.1447,425743.0,-0.028587457,6.994e-08,318397.62,matched,1,1867,False,0.3667992047713718,0.0020554490378597353,,0.002001484067529607,0.0026113097366091188,0.0025471198741198117,0.005302491747209979,,False,0.459633
1:208704203:A:T,BMI,0.00097504,0.65,472174,,,,-0.001222,0.555755,488325,-0.001335,0.621,425740.0,0.001128,0.6683,425743.0,-0.012916225,0.07271,318397.62,matched,1,1869,True,0.37375745526838966,0.0021487907567507214,,0.0020741449785105504,0.0027000593009405757,0.0026325473356439318,0.007197084895070767,,False,0.555755
15:75132490:C:G,BMI,-0.00471542,0.023,472174,0.0101,1.021e-09,806202.0,-0.012698,1.43e-10,524920,-0.005792,0.02418,425740.0,-0.01679,2.109e-11,425743.0,-0.017839918,0.0003666,318397.62,matched,1,1868,True,0.5825049701789264,0.0020741392316003244,0.0016540857164632889,0.0019801447966439983,0.002569360904673111,0.0025066170344586036,0.00500695262883227,1.021e-09,True,1.43e-10
17:7402600:T:C,BMI,-0.00080749,0.72,472174,0.0072,0.0003301,660460.0,-0.003583,0.099654,523522,0.01529,1.224e-07,425740.0,0.007546,0.00743,425743.0,0.012680053,0.1002,318397.62,matched,1,1882,False,0.7733598409542743,0.0022526717581011963,0.0020053163370482977,0.0021760871122035695,0.0028904274818362546,0.002818900013285414,0.007713468110903326,0.0003301,False,0.0003301
2:48953979:T:A,BMI,0.00235668,0.36,472174,-0.018,2.372e-13,484680.0,-0.001575,0.519454,524921,-0.0042,0.2156,425740.0,-0.0007027,0.8318,425743.0,0.0007002451,0.935,318397.62,matched,1,1873,True,0.1978131212723658,0.002574579292240483,0.0024570169076611973,0.0024449411769710385,0.0033917109552581083,0.003308480537261832,0.008586092380095414,2.372e-13,True,2.372e-13
22:42486038:T:A,BMI,0.0198866,0.049,472174,0.0281,0.003776,484680.0,0.024528,0.000213,521448,-0.001667,0.6932,425740.0,0.001951,0.636,425743.0,0.011768984,0.2945,318397.62,matched,1,1871,True,0.09045725646123261,0.010101942577160745,0.009702058012252131,0.006623680372291597,0.004225428959221898,0.004122131505856661,0.011226723280466522,0.003776,False,0.000213
20:15819495:A:G,BMI,-0.00099136,0.74,472174,0.0177,1.051e-13,805952.0,-0.003039,0.280008,523513,0.0009417,0.8211,425740.0,-0.0133,0.001057,425743.0,0.021121496,0.003064,318397.62,matched,1,1872,False,0.1312127236580517,0.002987343688543308,0.0023808469778396684,0.0028131039035564167,0.004164411304426366,0.004061194755807273,0.0071326450970693,1.051e-13,True,1.051e-13
17:68347927:T:G,BMI,0.00039272,0.85,472174,,,,-0.005401,0.005909,488325,0.00163,0.5426,425740.0,-0.001109,0.671,425743.0,0.012680053,0.02018,318397.62,matched,1,1883,False,0.5228628230616302,0.0020765824237217573,,0.0019620102965753564,0.0026770199705497366,0.00261078801531589,0.005458518776747882,,False,0.005909
18:60845884:T:C,BMI,0.00194654,0.35,472174,0.0136,1.047e-14,728218.0,-0.002803,0.161706,522430,-0.01029,8.829e-05,425740.0,-0.003324,0.1942,425743.0,-0.019802628,0.0006785,318397.62,matched,1,1874,False,0.3856858846918489,0.0020827758445254403,0.001758602315626815,0.002003063051785083,0.0026245274538953373,0.00256036145143878,0.005827520128745382,1.047e-14,True,1.047e-14
13:112191837:C:G,BMI,-0.0010713,0.61,472174,-0.0157,2.346e-15,484680.0,0.002101,0.285615,524915,-0.004268,0.1112,425740.0,-0.003232,0.2161,425743.0,-0.0099503305,0.0267,318397.62,matched,1,1875,True,0.37673956262425445,0.0021002857242696316,0.0019819396103621847,0.00196761433444315,0.002679520039293401,0.0026128463296545344,0.0044904727459656665,2.346e-15,True,2.346e-15
16:9713688:A:G,BMI,-0.00072857,0.74,472174,0.0129,2.11e-13,804412.0,0.00124,0.545414,524923,0.0008848,0.7499,425740.0,0.001627,0.548,425743.0,0.0,0.987,318397.62,matched,1,1876,False,0.6858846918489065,0.0021954577460882,0.001757101763491278,0.0020507855407179277,0.0027756583116815914,0.002708237251791738,0.002699790033855515,2.11e-13,True,2.11e-13
2:175166636:G:A,BMI,0.00110975,0.59,472174,-0.0145,2.011e-13,484680.0,0.002883,0.141833,523980,-0.009625,0.0004765,425740.0,-0.006238,0.02026,425743.0,-0.022739487,1.929e-05,318397.62,matched,1,1877,False,0.3538767395626243,0.0020595319125681385,0.001973309206908356,0.0019625606025234967,0.0027550137178592752,0.0026870584861715245,0.005321724825880078,2.011e-13,True,2.011e-13
13:67444738:T:A,BMI,-0.00106938,0.62,472174,,,,0.000237,0.909031,491813,-0.001481,0.5879,425740.0,-0.001547,0.5617,425743.0,0.003104815,0.6702,318397.62,matched,1,1878,True,0.31709741550695825,0.0021566587695675482,,0.0020742008936171664,0.0027330688290508427,0.0026657784943911614,0.007290462409188243,,False,0.62
19:16471871:G:C,LYM,0.00243686,0.25,472174,0.0029,0.1053,717844.0,-0.080212,5e-324,524919,2.931e-06,0.9992,425740.0,-0.002147,0.4527,425743.0,0.009545413,0.2201,318397.62,matched,1,1884,True,0.6520874751491054,0.0021183651172163695,0.0017904718097720988,0.002049042161504426,0.002275227420597959,0.002859154350612053,0.00778415298308964,5e-324,True,5e-324
12:112591686:G:A,LYM,-0.0124405,1.9e-09,472174,-0.0113,4.726e-12,805494.0,0.077186,5e-324,522903,0.006774,0.007378,425740.0,0.02442,4.099e-23,425743.0,0.039260715,1.025e-15,318397.62,matched,1,1881,False,0.4095427435387674,0.0020712993498250153,0.0016344662613251642,0.001988522849274775,0.0025282883181579627,0.0024662821939707208,0.004893015676790027,5e-324,True,5e-324
12:9905690:A:G,LYM,0.00051925,0.8,472174,0.0006,0.7284,717835.0,0.068864,6.26e-271,523521,-0.002945,0.2673,425740.0,-0.004265,0.09958,425743.0,-0.0069756135,0.3133,318397.62,matched,1,1902,False,0.3797216699801193,0.0020495596498755716,0.0017278385183958109,0.0019581666535860684,0.0026548230116398893,0.0025897247021897285,0.006918042919451554,6.26e-271,True,6.26e-271
4:38362876:T:C,LYM,0.0044815,0.037,472174,-0.0022,0.2887,484680.0,0.066223,3.51e-235,524920,-0.009238,0.000799,425740.0,-0.004215,0.1167,425743.0,-0.021761492,0.0001359,318397.62,matched,1,1885,False,0.6938369781312127,0.002148613102988507,0.002073558979787948,0.002022349490140578,0.002755028816546601,0.002686807011974275,0.005703424122656991,3.51e-235,True,3.51e-235
16:30482803:T:C,LYM,-0.00025781,0.9,472174,-0.0112,7.166e-11,717186.0,0.054965,4.59e-181,524919,-0.0009332,0.7172,425740.0,-0.001558,0.5353,425743.0,-0.003992021,0.5456,318397.62,matched,1,1886,False,0.5596421471172962,0.0020516253124147543,0.0017185449542262419,0.0019155862753115814,0.0025764525279951943,0.002513163121181277,0.006605298226368008,4.59e-181,True,4.59e-181
3:47087837:T:A,LYM,-0.00170519,0.4,472174,,,,0.0529,1.24e-142,488325,0.000393,0.8805,425740.0,-0.006766,0.007948,425743.0,0.0010005003,0.8808,318397.62,matched,1,1908,True,0.3817097415506958,0.002026077684329563,,0.00208039283405015,0.0026141546356810066,0.002549099304337742,0.006671996917239702,1.24e-142,False,1.24e-142
5:35859863:G:T,LYM,-0.00433324,0.057,472174,-0.0036,0.06005,718668.0,0.054358,2.4e-141,524921,0.004962,0.08066,425740.0,0.00177,0.523,425743.0,0.012781334,0.09163,318397.62,matched,1,1901,False,0.28330019880715707,0.0022766854248951348,0.0019144594882297141,0.0021475801000866634,0.002840510048599737,0.002771133331169538,0.007576991074480978,2.4e-141,True,2.4e-141
12:6502832:G:A,LYM,0.00614297,0.016,472174,0.0018,0.4655,484680.0,0.061958,7.09e-140,524918,-0.005401,0.09733,425740.0,-0.002695,0.3962,425743.0,0.0,0.988,318397.62,matched,1,1887,False,0.20974155069582506,0.0025500977029564126,0.0024663603651905496,0.002460860920764674,0.0032576612055198843,0.003176465146283629,0.003078033091309367,7.09e-140,True,7.09e-140
2:182175221:T:C,LYM,0.00349861,0.13,472174,0.001,0.6589,484680.0,0.050198,8.46e-117,523983,0.003344,0.2606,425740.0,0.002479,0.3925,425743.0,-0.0059820716,0.4692,318397.62,matched,1,1888,False,0.24055666003976142,0.0023106833355191715,0.0022653525877544493,0.0021849804559283433,0.0029725128181649837,0.0028991019186338537,0.008265026251573005,8.46e-117,True,8.46e-117
8:79657666:T:C,LYM,-0.00295793,0.2,472174,0.0021,0.281,718700.0,0.050185,9.8e-117,524921,-0.001523,0.6022,425740.0,-0.0006994,0.8062,425743.0,0.007729798,0.3172,318397.62,matched,1,1889,False,0.2852882703777336,0.0023080850427918726,0.0019479152617542872,0.0021850222256108603,0.002921881877012992,0.0028508400725702466,0.0077280331047773,9.8e-117,True,9.8e-117
19:10395683:A:G,LYM,-0.00144628,0.48,472174,-0.0057,0.0005279,806734.0,-0.043577,6.05e-107,480039,-0.01538,9.728e-10,425740.0,-0.01364,2.741e-08,425743.0,-0.024692612,2.177e-07,318397.62,matched,1,1890,False,0.4662027833001988,0.0020476776895505186,0.0016444592759831207,0.0019838114994752795,0.0025156162039720368,0.0024544631820232776,0.0047636474098907925,6.05e-107,True,6.05e-107
9:21986847:T:A,LYM,-0.00156019,0.49,472174,0.0032,0.07838,804406.0,0.043598,5.14e-95,524921,0.004387,0.1348,425740.0,0.009606,0.0007881,425743.0,-0.003992021,0.6337,318397.62,matched,1,1893,True,0.7117296222664016,0.0022601333575758436,0.0018180123884638784,0.00210812191202583,0.002933587413217724,0.0028615339749321093,0.008377349106470387,5.14e-95,True,5.14e-95
20:1930897:T:C,LYM,0.00195209,0.39,472174,-0.0018,0.3795,484680.0,-0.045103,6.39e-98,524923,0.000639,0.8236,425740.0,0.001702,0.5427,425743.0,-0.0059820716,0.4157,318397.62,matched,1,1891,False,0.3091451292246521,0.0022708824660859776,0.0020482058086137424,0.002147635399829366,0.0028665360317829437,0.0027959613984658914,0.00734984992572973,6.39e-98,True,6.39e-98
2:24221317:C:T,LYM,0.00102024,0.73,472174,-0.0019,0.4983,484680.0,0.061572,2.13e-109,521155,0.003719,0.3159,425740.0,0.005158,0.1539,425743.0,0.01816397,0.06487,318397.62,matched,1,1892,False,0.1481113320079523,0.0029561417715260737,0.0028058071159915068,0.002770834221687028,0.0037081762600341983,0.003617388993637588,0.009838821845902948,2.13e-109,True,2.13e-109
13:74701736:A:C,LYM,-0.00309356,0.17,472174,0.0047,0.02577,484680.0,0.04349,1.32e-91,524921,-0.001982,0.493,425740.0,-0.00182,0.5185,425743.0,0.01501212,0.01576,318397.62,matched,1,1894,False,0.2664015904572565,0.0022544464457195453,0.0021079443774734575,0.002142500490222709,0.0028911299163559617,0.0028188239441131247,0.006217675156403433,1.32e-91,True,1.32e-91
6:135421176:C:T,LYM,-0.00187873,0.41,472174,-0.0009,0.6833,484680.0,-0.04087,1.03e-77,524912,-0.004153,0.1494,425740.0,-0.01953,3.692e-12,425743.0,-0.014888613,0.01004,318397.62,matched,1,1895,False,0.2634194831013916,0.0022803064993086367,0.002206076233520236,0.0021901419750907096,0.0028807189056361945,0.0028106800317333853,0.005783224002940876,1.03e-77,True,1.03e-77
4:103555611:A:C,LYM,0.00216236,0.28,472174,-0.0041,0.02923,484680.0,0.036635,5.19e-84,524922,-0.003153,0.2117,425740.0,-0.009189,0.0001905,425743.0,-0.02078254,3.586e-05,318397.62,matched,1,1896,False,0.49304174950298213,0.002001593342176758,0.0018804142556923047,0.0018864199193257601,0.0025246125399199207,0.002462685619169486,0.005028861680734793,5.19e-84,True,5.19e-84
3:12266804:A:G,LYM,-0.00146441,0.48,472174,0.001,0.6171,484680.0,-0.034408,7.22e-71,524914,-0.006889,0.008385,425740.0,-0.01015,6.879e-05,425743.0,-0.01192857,0.00639,318397.62,matched,1,1900,False,0.4095427435387674,0.0020733465755971695,0.0020001415878813217,0.0019331640853842652,0.0026132700809136152,0.002549974162691567,0.004374138436512269,7.22e-71,True,7.22e-71
15:91021412:T:A,LYM,0.00036164,0.87,472174,-0.0003,0.8886,484680.0,0.038051,3.38e-78,524919,0.005633,0.03567,425740.0,0.005684,0.02974,425743.0,0.014301784,0.008518,318397.62,matched,1,1897,True,0.3190854870775348,0.0022097234816459334,0.0021416956147672574,0.002032602195736975,0.0026815262237888824,0.0026150935719418357,0.005436252847809447,3.38e-78,True,3.38e-78
2:43464818:G:A,LYM,-0.011495,0.0032,472174,0.0014,0.7114,484680.0,-0.067528,4.9e-77,523045,-0.0001868,0.9703,425740.0,-0.01683,0.0005818,425743.0,0.01653597,0.2163,318397.62,matched,1,1898,False,0.05864811133200795,0.0038994619951733993,0.0037840241170736225,0.003634961571198389,0.005017185461075407,0.004892498639915109,0.013373999546556437,4.9e-77,True,4.9e-77
7:45009341:A:G,LYM,0.00174153,0.53,472174,0.0105,1.691e-05,663726.0,0.044361,3.56e-63,524463,-0.003547,0.3011,425740.0,-0.007352,0.02798,425743.0,0.0054146326,0.5504,318397.62,matched,1,1899,False,0.8439363817097415,0.002773110384236816,0.0024406039353378124,0.0026440628899669118,0.0034301108813150427,0.0033455185108244006,0.00906729346230336,3.56e-63,True,3.56e-63
1:114377568:A:G,LYM,-0.00071676,0.83,472174,0.0011,0.6734,804670.0,0.054421,1.47e-67,523524,0.01041,0.01391,425740.0,-0.003973,0.3357,425743.0,-0.018821754,0.0183,318397.62,matched,1,1904,False,0.9055666003976143,0.003338401329207693,0.0026098118803966034,0.003133607992094657,0.004232431292428785,0.004126950916498442,0.007977038266167066,1.47e-67,True,1.47e-67
19:13944558:C:G,LYM,0.00185296,0.38,472174,0.0082,8.509e-06,706165.0,0.036522,5.64e-73,524918,0.01073,8.651e-05,425740.0,0.001901,0.4758,425743.0,0.0062193,0.3883,318397.62,matched,1,1909,True,0.3210735586481113,0.002110682104988121,0.0018418853518222336,0.0020213048367834292,0.0027333327285551695,0.002665922668651279,0.00720907397119547,5.64e-73,True,5.64e-73
1:101225444:G:A,LYM,-0.00207848,0.31,472174,0.0001,0.9502,718590.0,-0.033981,1.58e-70,524922,-0.0009726,0.7101,425740.0,-0.001695,0.5066,425743.0,-0.0019980026,0.807,318397.62,matched,1,1903,False,0.6073558648111332,0.0020473156925226777,0.0016011368382710322,0.0019138960426249678,0.0026164729305690965,0.0025521684655052546,0.008178545295451433,1.58e-70,True,1.58e-70
19:1079959:G:A,LYM,0.00582381,0.099,472174,-0.0056,0.09735,484680.0,-0.060717,6.6e-71,480042,-0.002958,0.5435,425740.0,-0.01138,0.01657,425743.0,0.016027762,0.2142,318397.62,matched,1,1916,False,0.08548707753479125,0.003530178603040368,0.003377891670646489,0.0034103340980304393,0.004868904548041289,0.004749359478899265,0.012903770704961522,6.6e-71,True,6.6e-71
22:30570022:A:G,LYM,-0.00050087,0.8,472174,-0.0041,0.01507,718742.0,-0.034685,2.43e-74,524921,-0.008283,0.001137,425740.0,-0.002023,0.4152,425743.0,-0.0069756135,0.2749,318397.62,matched,1,1905,False,0.5457256461232605,0.001977010961643096,0.0016867621335939313,0.0019014633362958958,0.0025453022152631217,0.002482888123033728,0.006388814840485808,2.43e-74,True,2.43e-74
2:112239082:C:T,LYM,-0.0111853,0.0055,472174,-0.0002,0.9592,484680.0,-0.071153,6.81e-72,518610,-0.01357,0.03484,425740.0,-0.02602,3.351e-05,425743.0,-0.014888613,0.3908,318397.62,matched,1,1906,False,0.0636182902584493,0.004029010495960598,0.003909493502401497,0.0039682548155390044,0.006430629992460054,0.006272600581057954,0.01734930960878536,6.81e-72,True,6.81e-72
3:196501413:A:G,LYM,-3.823e-05,0.99,472174,-0.0013,0.4373,718673.0,-0.034539,4.1e-72,523520,-0.0005233,0.8424,425740.0,-0.005261,0.04042,425743.0,-0.012916225,0.07078,318397.62,matched,1,1907,False,0.3976143141153082,0.0030502328166503957,0.0016736172324980803,0.0019232416923157913,0.0026319688863832534,0.0025670541245798833,0.0071483327891934826,4.1e-72,True,4.1e-72
10:73508791:T:C,LYM,0.00052333,0.8,472174,0.0013,0.5084,484680.0,-0.03428,1.53e-65,479423,0.005182,0.0728,425740.0,0.004898,0.08209,425743.0,0.0035061394,0.6439,318397.62,matched,1,1913,False,0.4393638170974155,0.002065664037687786,0.0019657324397246412,0.002004886769936752,0.002888384434456156,0.0028170698108006586,0.007584894978786501,1.53e-65,True,1.53e-65
9:91495135:C:T,LYM,-0.00397754,0.37,472174,0.0013,0.7513,484680.0,-0.070296,1.36e-65,524920,0.0003148,0.9555,425740.0,-0.009043,0.1006,425743.0,-0.023716526,0.04548,318397.62,matched,1,1917,False,0.04671968190854871,0.004436874713425951,0.0041019081265620564,0.004109654779897792,0.005641433026488555,0.005507469934856308,0.011857150234378534,1.36e-65,True,1.36e-65
11:122514403:C:T,LYM,0.00357292,0.084,472174,0.0118,2.375e-09,484680.0,0.032905,1.36e-63,524792,-0.002395,0.3571,425740.0,0.008635,0.0006638,425743.0,0.017858518,0.0001588,318397.62,matched,1,1910,False,0.3717693836978131,0.0020677406274686237,0.0019766054891264253,0.0019546000902621948,0.002600702418780317,0.0025366394838242426,0.004728368244565724,1.36e-63,True,1.36e-63
17:38023745:A:G,LYM,-0.00306922,0.13,472174,0.0044,0.006256,790306.0,-0.03016,3.62e-57,523839,0.01213,1.325e-06,425740.0,0.004236,0.08342,425743.0,0.0058168853,0.3841,318397.62,matched,1,1912,False,0.47813121272365805,0.002027089474689134,0.0016093324536961672,0.0018926849335046147,0.002508288489352314,0.0024468885920769217,0.006683257558517495,3.62e-57,True,3.62e-57
2:143803847:T:C,LYM,0.00776154,0.0093,472174,0.0021,0.4499,484680.0,-0.04895,2.79e-67,523983,-0.007757,0.04211,425740.0,-0.002651,0.4763,425743.0,0.01349059,0.1845,318397.62,matched,1,1918,False,0.12524850894632206,0.0029842612641435254,0.002779315400407083,0.0028245706194162017,0.003816610944492364,0.0037219234885256516,0.010166031016434655,2.79e-67,True,2.79e-67
4:83545976:C:T,LYM,0.00126554,0.62,472174,-0.0022,0.3637,484680.0,-0.024096,7.19e-43,524916,0.002244,0.4912,425740.0,0.002158,0.4971,425743.0,0.0014009809,0.8748,318397.62,matched,1,1914,False,0.20974155069582506,0.0025522620015696147,0.002422007563260288,0.0017556246594156721,0.0032597257648785496,0.0031779235615027614,0.00889147706077632,7.19e-43,True,7.19e-43
2:161330940:T:C,LYM,-0.00456442,0.066,472174,-0.0078,0.0009555,484680.0,-0.039278,1.45e-62,523983,-0.004206,0.191,425740.0,0.003778,0.2285,425743.0,-0.01192857,0.02755,318397.62,matched,1,1922,False,0.1848906560636183,0.0024827900534307263,0.0023612664819130185,0.0023528256053169045,0.0032165146329496993,0.0031372697637469383,0.0054131324705233115,1.45e-62,True,1.45e-62
22:21920817:G:C,LYM,0.00175277,0.49,472174,0.0018,0.4626,484680.0,-0.04068,4.57e-61,524886,-0.006802,0.03575,425740.0,0.01175,0.0002,425743.0,-0.0019980026,0.8535,318397.62,matched,1,1915,True,0.18190854870775347,0.0025391099450440087,0.0024504054232984502,0.002467438498899516,0.0032394185644098934,0.0031594374604016593,0.010820218852809652,4.57e-61,True,4.57e-61
10:25218243:G:T,LYM,-0.0047518,0.023,472174,0.0032,0.06467,718648.0,-0.032062,1.29e-59,524920,0.002791,0.3034,425740.0,0.007683,0.003681,425743.0,0.000100005,0.9907,318397.62,matched,1,1920,False,0.3518886679920477,0.0020901414509669172,0.0017320398812604252,0.001968972126701143,0.002711895189222849,0.0026454070205713083,0.008579638571551182,1.29e-59,True,1.29e-59
11:47961566:G:C,LYM,0.00450777,0.069,472174,-0.0004,0.8745,484680.0,-0.035886,1.71e-52,524734,-0.01792,2.231e-08,425740.0,-0.01613,2.459e-07,425743.0,-0.013902905,0.03469,318397.62,matched,1,1940,True,0.1918489065606362,0.0024789490806497445,0.0025325243333458643,0.0023535627269623445,0.0032039696777551195,0.003125485910234377,0.0065829438931846816,1.71e-52,True,1.71e-52
16:84582965:C:T,LYM,0.00028664,0.91,472174,-0.0045,0.03363,697272.0,0.038651,1.19e-63,523516,-0.002305,0.4609,425740.0,-0.001078,0.7237,425743.0,-0.01093994,0.2,318397.62,matched,1,1945,False,0.22465208747514911,0.002535772298240314,0.0021181650676581035,0.0022948427859036742,0.00312599305934436,0.003049348105517997,0.008536480539783063,1.19e-63,True,1.19e-63
1:67470843:C:T,LYM,-0.00101418,0.65,472174,-0.0045,0.01683,664336.0,-0.030903,2.87e-50,524922,0.01125,6.251e-05,425740.0,0.006304,0.02143,425743.0,0.008536331,0.2552,318397.62,matched,1,1921,False,0.7127236580516899,0.0022350473926007614,0.00188252957602548,0.0020727414471794965,0.002810301124165295,0.002740486230004866,0.007502424906195256,2.87e-50,True,2.87e-50
20:8604593:G:A,LYM,0.00570442,0.0043,472174,-0.002,0.2521,717260.0,-0.026989,4.3e-46,524918,0.004608,0.07287,425740.0,-0.005125,0.04081,425743.0,-0.02078254,2.923e-05,318397.62,matched,1,1919,False,0.5288270377733598,0.0019978552738802546,0.001746322930598517,0.0018935785794272969,0.0025690715981310235,0.002505554733305668,0.004972632545145175,4.3e-46,True,4.3e-46
2:202151163:A:G,LYM,-0.00262783,0.25,472174,-0.0024,0.268,484680.0,0.031421,1.74e-49,523982,-0.0121,1.293e-05,425740.0,-0.01189,1.1e-05,425743.0,-0.012916225,0.009467,318397.62,matched,1,1925,False,0.7166998011928429,0.0022843755513138595,0.002166690560761439,0.002124703516727858,0.0027744107953637017,0.0027044113923612666,0.004977901677611376,1.74e-49,True,1.74e-49
12:12888438:T:A,LYM,-0.0080427,7.1e-05,472174,0.0031,0.07121,717844.0,0.025001,1.02e-38,523843,-0.0244,8.666e-19,425740.0,-0.01625,1.484e-09,425743.0,-0.022739487,3.09e-06,318397.62,matched,1,1050,True,0.41451292246520877,0.0020243853518000037,0.0017182740750702715,0.0019210996893752775,0.0027567191571033793,0.0026876858608867603,0.004874754582878845,1.02e-38,True,1.02e-38
6:122746938:G:T,LYM,-0.00055794,0.78,472174,0.0024,0.1496,718697.0,0.026764,2.56e-45,524919,-0.004334,0.09197,425740.0,-0.004414,0.07846,425743.0,-0.003992021,0.6008,318397.62,matched,1,1926,False,0.5566600397614314,0.001997500818745528,0.0016655727273612822,0.0018944202605627757,0.00257195988618013,0.0025083931532590606,0.007629274365787564,2.56e-45,True,2.56e-45
1:158582838:G:C,LYM,-0.00172472,0.45,472174,0.0022,0.243,718678.0,0.029828,1.24e-44,524917,0.002818,0.3197,425740.0,0.004155,0.1326,425743.0,0.011060948,0.03035,318397.62,matched,1,1923,True,0.2773359840954274,0.0022831422990214614,0.00188433428368973,0.002128101688798816,0.0028319485776047387,0.002762765905350878,0.005107821303974229,1.24e-44,True,1.24e-44
22:39531732:C:G,LYM,0.00292855,0.15,472174,0.0001,0.9618,718342.0,-0.028648,5.4e-49,524915,-0.0002614,0.9183,425740.0,-0.005645,0.0232,425743.0,0.0009004052,0.8969,318397.62,matched,1,1924,True,0.4383697813121272,0.0020343771978050787,0.0020879047598349335,0.0019472559502581024,0.0025483703054123264,0.0024866472132249375,0.006948729553187747,5.4e-49,True,5.4e-49
3:39307162:G:A,LYM,-0.00691836,0.0096,472174,0.0013,0.5547,706948.0,0.034802,3.04e-44,523523,0.003608,0.2776,425740.0,0.004227,0.1922,425743.0,0.016231013,0.06604,318397.62,matched,1,1927,False,0.17196819085487078,0.0026712704929931813,0.0022006595019159456,0.0024943297550683893,0.0033231204207979878,0.003241319576196057,0.008830070836511055,3.04e-44,True,3.04e-44
10:50261880:C:T,LYM,0.00291521,0.23,472174,-0.0029,0.2079,484680.0,-0.032292,6.12e-47,524920,0.0002481,0.9356,425740.0,-0.003283,0.2732,425743.0,-0.002995509,0.6724,318397.62,matched,1,1928,False,0.19284294234592445,0.002428615393218563,0.00230275528239803,0.002244308745565431,0.0030704963856269052,0.002996195117456243,0.0070839856251330565,6.12e-47,True,6.12e-47
10:6094697:C:T,LYM,-0.00532622,0.12,472174,-0.0029,0.367,484680.0,-0.042482,1.83e-40,523980,0.002761,0.5179,425740.0,0.0032,0.4424,425743.0,-0.0009995003,0.9617,318397.62,matched,1,1929,False,0.06958250497017893,0.0034257206441565967,0.0032146960547729283,0.0031899245780076455,0.004270121096768195,0.00416587060104226,0.020814085357629797,1.83e-40,True,1.83e-40
6:108053364:G:A,LYM,-0.00367081,0.18,472174,0.0002,0.9324,718305.0,0.037387,6.06e-44,480503,0.001404,0.6964,425740.0,-0.00427,0.2235,425743.0,-0.0009995003,0.8934,318397.62,matched,1,1932,False,0.14612326043737575,0.0027378677743216634,0.002357777349309185,0.0026890996536301755,0.003598296202751278,0.003507838132542673,0.007458776243633595,6.06e-44,True,6.06e-44
3:18755348:T:A,LYM,-0.00413533,0.12,472174,0.0012,0.5942,718693.0,0.034066,5.96e-43,524920,0.008009,0.01648,425740.0,0.001325,0.6842,425743.0,0.009646377,0.2774,318397.62,matched,1,1930,True,0.16699801192842942,0.00265976346290617,0.002252423024232345,0.002479579241344527,0.003339715976107942,0.0032576206380923074,0.008881023192025382,5.96e-43,True,5.96e-43
17:4616387:C:A,LYM,0.00265739,0.25,472174,0.0056,0.01203,484680.0,0.029843,2.62e-42,523844,-0.007524,0.009784,425740.0,0.007649,0.007086,425743.0,-0.003992021,0.6425,318397.62,matched,1,1934,False,0.24552683896620278,0.002310072092298945,0.0022299535242046686,0.0021893493376147657,0.0029124734709421777,0.0028405637483650864,0.008599671362935277,2.62e-42,True,2.62e-42
6:90976768:G:A,LYM,-0.00480305,0.071,472174,0.0,0.9867,484680.0,-0.033322,4.24e-41,524918,-0.0005843,0.8608,425740.0,-0.002567,0.4295,425743.0,0.0014009809,0.8735,318397.62,matched,1,1936,False,0.17992047713717693,0.0026602658377814126,0.0026441687703182798,0.0024818428631221624,0.0033320808772374154,0.0032491715263891605,0.008799338236540142,4.24e-41,True,4.24e-41
3:28287735:C:T,LYM,0.00018739,0.94,472174,-0.0039,0.1176,484680.0,0.028848,2.22e-38,524901,0.006134,0.08189,425740.0,0.01282,0.0001926,425743.0,0.0064205676,0.4952,318397.62,matched,1,1931,False,0.17693836978131214,0.0024895754392570287,0.002492128842438114,0.002226896245928075,0.0035256448164633263,0.0034383524001308898,0.00941347173368567,2.22e-38,True,2.22e-38
13:114920867:G:A,LYM,-0.0024598,0.26,472174,-0.0023,0.2779,484680.0,0.030122,2.51e-46,522977,0.001182,0.6721,425740.0,0.0009673,0.7224,425743.0,-0.01192857,0.01939,318397.62,matched,1,1935,False,0.3091451292246521,0.002183788505240676,0.0021197201436600646,0.002107841970864309,0.002792559324151652,0.0027228475843338166,0.005102155962427647,2.51e-46,True,2.51e-46
14:64977053:A:G,LYM,0.0107009,7.6e-07,472174,-0.0044,0.03223,484680.0,0.027093,1.6e-40,524917,1.604e-05,0.9953,425740.0,-0.005407,0.04049,425743.0,0.0055151805,0.4411,318397.62,matched,1,1933,False,0.31709741550695825,0.0021638226197416522,0.0020545900746484053,0.00203285187864364,0.002722977519505853,0.002639215423990759,0.007159438445639449,1.6e-40,True,1.6e-40
6:35301071:T:C,LYM,-0.00216415,0.55,472174,0.0118,0.000184,484680.0,-0.049412,1.7e-44,524920,0.01786,5.065e-05,425740.0,0.01982,4.024e-06,425743.0,0.022859294,0.01059,318397.62,matched,1,1943,False,0.09045725646123261,0.003620432186281709,0.0031550568729884075,0.003530984260364193,0.004407039483673916,0.004299219693596452,0.008943579862658075,1.7e-44,True,1.7e-44
20:57748369:T:A,LYM,0.00213914,0.31,472174,0.0014,0.4082,802540.0,-0.027105,3.91e-42,523982,0.009044,0.0008584,425740.0,0.003849,0.1458,425743.0,0.021019368,0.0001073,318397.62,matched,1,1937,True,0.36381709741550694,0.00210706616878823,0.0016927319385410457,0.0019927592365215807,0.00271327370205021,0.0026462194097277712,0.005426506373305246,3.91e-42,True,3.91e-42
1:150663507:C:A,LYM,-0.00148804,0.46,472174,0.0029,0.1208,484680.0,-0.025628,3.37e-42,524918,0.01699,2.739e-11,425740.0,-0.004364,0.07945,425743.0,0.016129382,0.0009154,318397.62,matched,1,1938,False,0.4731610337972167,0.002014003310213723,0.001869249903123104,0.001882666427420972,0.002551065936977034,0.0024881887285658267,0.00486511337433574,3.37e-42,True,3.37e-42
1:160791892:T:C,LYM,0.00518737,0.01,472174,0.0025,0.1497,718690.0,0.02706,6.35e-46,524921,-0.001675,0.5079,425740.0,-0.001332,0.5894,425743.0,-0.00796817,0.2616,318397.62,matched,1,1941,False,0.44930417495029823,0.0020138640370512893,0.001735397747194907,0.0019021961011197474,0.002529786784923599,0.002468011677156201,0.007097849746865656,6.35e-46,True,6.35e-46
19:47695751:G:T,LYM,0.00682745,0.0027,472174,-0.0148,1.037e-11,484680.0,0.031193,6.22e-47,524913,-0.004612,0.1141,425740.0,0.001739,0.5414,425743.0,-0.012916225,0.09873,318397.62,matched,1,1939,False,0.25745526838966204,0.002275834120263544,0.002176063795033105,0.0021680966796594615,0.002918931948457101,0.002847564622465878,0.007823074782000804,6.22e-47,True,6.22e-47
14:103350813:T:C,LYM,-0.00135897,0.57,472174,0.0167,4.95e-14,484680.0,0.030407,1.99e-40,524912,0.002978,0.3291,425740.0,0.008058,0.006783,425743.0,0.0091416575,0.2602,318397.62,matched,1,1944,False,0.23658051689860835,0.0023923359131587728,0.00221684432883722,0.002284300517683587,0.0030514536977758076,0.0029763813909228064,0.008119288523698143,1.99e-40,True,1.99e-40
5:157968901:G:A,LYM,-0.00589545,0.011,472174,0.0088,6.549e-06,718650.0,-0.02956,4.54e-42,524922,-0.003194,0.2794,425740.0,0.003187,0.2686,425743.0,-0.014888613,0.003953,318397.62,matched,1,1942,False,0.26043737574552683,0.0023185797527500154,0.0019521531609967243,0.002174998421149787,0.0029528464260496733,0.002880793659612214,0.005166270206817547,4.54e-42,True,4.54e-42
17:2729652:T:C,LYM,0.00224426,0.32,472174,0.0038,0.0534,696709.0,0.028939,9.26e-38,480018,0.005722,0.0561,425740.0,0.004949,0.09028,425743.0,0.017044434,0.01468,318397.62,matched,1,1946,False,0.25646123260437376,0.002256767267766368,0.0019672076598239415,0.0022530637805434064,0.0029954068711230872,0.002921621168542715,0.006984912342555882,9.26e-38,True,9.26e-38
7:6502367:T:C,LYM,-0.0001913,0.93,472174,-0.0015,0.4235,704403.0,0.027579,6.05e-38,522904,-0.006889,0.01478,425740.0,-0.006975,0.0114,425743.0,-0.012916225,0.09621,318397.62,matched,1,1948,False,0.24652087475149106,0.0021777033754306722,0.0018741475361864419,0.0021416943032471205,0.00282599517930961,0.002756707373123657,0.007764431730561492,6.05e-38,True,6.05e-38
14:75981856:T:C,LYM,-0.00270465,0.18,472174,0.0031,0.07614,717990.0,0.026141,9.2e-42,523523,0.0007784,0.7772,425740.0,-0.001081,0.687,425743.0,0.008838949,0.2253,318397.62,matched,1,1947,False,0.6023856858846919,0.0020172588817778873,0.0017479209429735816,0.0019307887407849188,0.002750823746373028,0.0026828506627751937,0.007289524147444304,9.2e-42,True,9.2e-42
1:198663661:G:A,LYM,0.00362212,0.41,472174,-0.0111,0.004709,700606.0,-0.054095,8.95e-37,523521,-0.003536,0.5191,425740.0,-0.004463,0.4042,425743.0,-0.003992021,0.7938,318397.62,matched,1,1959,False,0.03777335984095427,0.004396344220444555,0.003927404374808109,0.004270370385781776,0.005484437865332912,0.0053503969204984035,0.015272902761253171,8.95e-37,True,8.95e-37
8:129004975:G:A,LYM,0.00073467,0.73,472174,-0.0033,0.06283,718691.0,-0.024909,4.14e-36,524920,0.003053,0.2459,425740.0,-0.0006792,0.7913,425743.0,0.0055151805,0.4296,318397.62,matched,1,1949,False,0.3866799204771372,0.002128703712153082,0.0017738191330894618,0.001985290081142254,0.002631067388407658,0.002566671576790183,0.006982334243362067,4.14e-36,True,4.14e-36
14:35871093:C:T,LYM,-0.00134338,0.52,472174,-0.0014,0.4206,783284.0,0.025359,4.94e-38,523983,0.02492,3.633e-22,425740.0,0.005038,0.0448,425743.0,0.011465478,0.01388,318397.62,matched,1,1950,False,0.39065606361829025,0.0020881162572064125,0.0017383082596140965,0.001966907837660822,0.002574125741240451,0.002510805385419969,0.004660092654363358,4.94e-38,True,4.94e-38
6:42025545:A:C,LYM,-0.00186154,0.54,472174,0.0035,0.2201,484680.0,0.034571,8.96e-34,524918,-0.00393,0.3233,425740.0,0.005825,0.1333,425743.0,-0.00796817,0.4506,318397.62,matched,1,1953,False,0.09343936381709742,0.0030376966991378478,0.002854201849706633,0.0028539258706796636,0.003978944308391426,0.003880190764196206,0.01056204981957021,8.96e-34,True,8.96e-34
8:41630447:G:A,LYM,0.00596818,0.012,472174,-0.0031,0.1634,484680.0,0.026819,2.47e-32,524917,-0.009524,0.001453,425740.0,0.01164,6.579e-05,425743.0,0.015113638,0.05822,318397.62,matched,1,1955,False,0.2415506958250497,0.002375731335833187,0.00222425163667314,0.0022654164298310238,0.0029912902440766146,0.002916548357043759,0.00797958648886389,2.47e-32,True,2.47e-32
9:139927062:A:G,LYM,-0.0015879,0.48,472174,-0.0039,0.06442,484680.0,0.029356,1.16e-40,480501,-0.00892,0.003541,425740.0,-0.009868,0.0009401,425743.0,-0.012916225,0.1214,318397.62,matched,1,1952,False,0.7276341948310139,0.002248186660423478,0.0021089494870925474,0.0021986950123342457,0.0030585688540572726,0.0029831927755280675,0.008338837359929446,1.16e-40,True,1.16e-40
13:41522338:A:C,LYM,0.00258635,0.37,472174,-0.0095,0.0004552,484680.0,-0.032336,6.33e-33,524921,-0.01114,0.003747,425740.0,0.005619,0.1338,425743.0,0.016332654,0.1097,318397.62,matched,1,1951,False,0.13021868787276342,0.0028850271562496435,0.0027097784050261397,0.002705464470222598,0.0038430873918966235,0.0037477892207544044,0.010210825156204712,6.33e-33,True,6.33e-33
5:118669304:C:T,LYM,0.00073931,0.75,472174,0.0004,0.8672,484680.0,-0.028131,7.82e-40,523979,-0.004261,0.1316,425740.0,-0.001949,0.4794,425743.0,-0.014888613,0.03933,318397.62,matched,1,1954,False,0.268389662027833,0.002320209250990901,0.002392113850926975,0.002129738472037556,0.0028259297232315797,0.002755674273747146,0.007224965609321851,7.82e-40,True,7.82e-40
6:410417:A:G,LYM,-0.0024486,0.23,472174,0.0058,0.002067,484680.0,0.024519,3.97e-38,521152,-0.002128,0.4023,425740.0,0.002218,0.3707,425743.0,-0.002995509,0.6935,318397.62,matched,1,1976,False,0.47514910536779326,0.0020398899742505596,0.001882852312142469,0.0018992739903874302,0.0025408330112326695,0.0024777612385229607,0.007600697184138312,3.97e-38,True,3.97e-38
11:100463238:C:G,LYM,-0.00376998,0.26,472174,0.0038,0.2392,484680.0,-0.038177,2.37e-33,524919,-0.00135,0.7445,425740.0,-0.01663,3.87e-05,425743.0,-0.008959741,0.4088,318397.62,matched,1,1957,True,0.1073558648111332,0.0033469546259806667,0.003228578036881152,0.0031725690605917843,0.004142374697944506,0.004041207279756225,0.010847049343290473,2.37e-33,True,2.37e-33
6:24823990:T:C,LYM,-0.0022801,0.26,472174,-0.004,0.03576,484680.0,-0.024184,5.95e-37,522837,0.0006048,0.8151,425740.0,0.002328,0.356,425743.0,-0.01093994,0.1228,318397.62,matched,1,1958,False,0.5208747514910537,0.0020242524476783747,0.0019050831185663314,0.0019043252295162833,0.0025862528648422376,0.0025221724028182614,0.007089462517719145,5.95e-37,True,5.95e-37
1:203649878:C:T,LYM,0.00914794,0.006,472174,-0.002,0.5134,484680.0,-0.036424,2.3e-30,524919,-0.005208,0.2162,425740.0,-0.008999,0.02845,425743.0,0.0008003202,0.9398,318397.62,matched,1,1956,False,0.8976143141153081,0.0033292095391782876,0.0030601967908587416,0.0031806026517596587,0.004211221193516754,0.004107210526426205,0.010597286499791574,2.3e-30,True,2.3e-30
17:57926911:T:C,LYM,0.00642937,0.0014,472174,0.006,0.001762,484680.0,-0.022471,3.79e-32,524921,0.01827,5.974e-13,425740.0,0.0017,0.492,425743.0,0.010757657,0.04761,318397.62,matched,1,1965,False,0.4383697813121272,0.0020125421812270316,0.001918363111223634,0.0019039227762952028,0.0025371214555875055,0.0024740541329855347,0.005430875177845174,3.79e-32,True,3.79e-32
5:127418850:C:G,LYM,0.00233118,0.31,472174,,,,0.027278,4.14e-34,488325,0.008809,0.003513,425740.0,-0.0003879,0.8952,425743.0,0.026549336,6.785e-06,318397.62,matched,1,1960,True,0.7852882703777336,0.00229622675998567,,0.002240191482193859,0.0030179462549597184,0.0029447201303516354,0.005899427836270644,4.14e-34,False,4.14e-34
9:123646060:T:C,LYM,-0.00147283,0.47,472174,0.0051,0.007444,484680.0,0.020579,7.29e-27,521429,-0.01134,8.579e-06,425740.0,0.007859,0.001561,425743.0,-0.016857117,0.004116,318397.62,matched,1,1962,False,0.5685884691848907,0.0020385781374138027,0.0019056160274696877,0.0019177367902540974,0.002548199568051292,0.0024845898060555367,0.005875336885174946,7.29e-27,True,7.29e-27
7:3157702:A:G,LYM,-0.00021838,0.91,472174,-0.0033,0.0559,715875.0,-0.022276,3.36e-31,523522,-0.005286,0.05025,425740.0,-0.007418,0.004852,425743.0,-0.0099503305,0.1821,318397.62,matched,1,2008,False,0.46123260437375746,0.0019319074605418636,0.0017261089490473842,0.0019174596925231693,0.0026999284051644466,0.0026335793946379708,0.007457246487414914,3.36e-31,True,3.36e-31
5:131722951:C:T,LYM,0.00533552,0.0094,472174,0.0039,0.04362,484680.0,0.022864,7.24e-32,521438,0.0007084,0.7824,425740.0,0.01737,3.85e-12,425743.0,0.01816397,0.0006338,318397.62,matched,1,1964,False,0.4463220675944334,0.0020543724899264463,0.0019328707706630956,0.0019462210182689694,0.0025648751284558235,0.0025019513553197793,0.00531619804201176,7.24e-32,True,7.24e-32
2:27730940:T:C,LYM,-0.00595534,0.0038,472174,0.0107,1.16e-10,799274.0,-0.02397,1.44e-35,523520,-0.01086,1.87e-05,425740.0,-0.003226,0.1927,425743.0,-0.0069756135,0.2733,318397.62,matched,1,1961,False,0.5894632206759444,0.00205760690336641,0.0016603365333045256,0.0019256626621620024,0.0025374584779113193,0.0024765220727208607,0.006367547001023245,1.44e-35,True,1.44e-35
2:25513652:G:A,LYM,-0.00279572,0.17,472174,0.0083,1.665e-06,717698.0,0.02024,1.1e-25,524876,0.002487,0.3505,425740.0,0.002884,0.267,425743.0,0.003405793,0.6341,318397.62,matched,1,1963,False,0.45029821073558646,0.0020373941404812084,0.001732654092400022,0.0019318216349465947,0.0026638249872006237,0.0025982034862916197,0.007155567951207756,1.1e-25,True,1.1e-25
2:227291731:C:G,LYM,-0.00403123,0.12,472174,0.0035,0.108,718610.0,0.026968,2.86e-29,523980,0.006262,0.05732,425740.0,0.01215,0.0001553,425743.0,0.016027762,0.06658,318397.62,matched,1,1966,True,0.1878727634194831,0.00259280837673686,0.0021776354584991976,0.002401131230211783,0.003294293706118496,0.0032122142171057914,0.008736861991303245,2.86e-29,True,2.86e-29
19:51728477:C:T,LYM,0.00306677,0.16,472174,-0.004,0.05282,484680.0,-0.024063,7.76e-33,524918,0.007029,0.009034,425740.0,0.002986,0.2555,425743.0,-0.008959741,0.2086,318397.62,matched,1,1967,False,0.3101391650099404,0.002182643280691114,0.00206569998190144,0.0020161421736860276,0.002692314520602766,0.0026259977918707297,0.007125470947838466,7.76e-33,True,7.76e-33
17:17698254:G:A,LYM,-0.00119773,0.57,472174,0.0049,0.01288,534940.0,-0.022104,9.4e-27,480501,0.007666,0.003628,425740.0,0.008653,0.000762,425743.0,-0.0009995003,0.8995,318397.62,matched,1,1970,False,0.5874751491053678,0.0021084884090654373,0.0019701897055406795,0.002064373587988757,0.002635436300219715,0.002570522742110519,0.007914138781629537,9.4e-27,True,9.4e-27
10:63719739:C:T,LYM,-0.00012383,0.95,472174,0.0032,0.113,484680.0,-0.021918,5.69e-28,524920,-0.004987,0.06086,425740.0,-0.005317,0.04044,425743.0,0.0,0.9573,318397.62,matched,1,1968,False,0.672962226640159,0.0019747466551724006,0.0020191161795026476,0.001999080282005117,0.0026604268907862495,0.002594637901224711,0.002671196230540622,5.69e-28,True,5.69e-28
19:44260929:C:T,LYM,0.00115418,0.67,472174,0.0039,0.1382,484680.0,0.031603,5.81e-34,523981,-0.002294,0.5075,425740.0,0.01009,0.002797,425743.0,0.01755316,0.05645,318397.62,matched,1,1969,False,0.16600397614314116,0.002708401726073263,0.002630642655768564,0.0026012926379018176,0.0034614113254830964,0.003375474008106622,0.009201961931645472,5.81e-34,True,5.81e-34
6:6901856:T:C,LYM,0.00384759,0.065,472174,-0.0041,0.04116,484680.0,0.021957,8.8e-29,524907,0.007496,0.0055,425740.0,-0.006489,0.01374,425743.0,0.011263193,0.1163,318397.62,matched,1,1971,False,0.3558648111332008,0.002085122924030368,0.002007919397678937,0.0019724853969560843,0.0027001030529105736,0.0026335335692159235,0.0071717471888328305,8.8e-29,True,8.8e-29
3:141125705:C:G,LYM,-0.00810205,6e-05,472174,0.0043,0.007696,804674.0,0.023759,6.5e-36,524920,0.004905,0.05131,425740.0,0.01334,5.527e-08,425743.0,0.0,0.9927,318397.62,matched,1,1977,True,0.4274353876739563,0.0020190460954580096,0.001613433531055224,0.0018990487011081453,0.002516832806163914,0.002455155040204095,0.002533101587053517,6.5e-36,True,6.5e-36
22:28933106:C:T,LYM,-0.00018277,0.95,472174,0.0006,0.8254,484680.0,0.031236,3.18e-27,524916,-0.005179,0.1887,425740.0,-0.008052,0.03614,425743.0,0.001801622,0.8647,318397.62,matched,1,1972,False,0.885685884691849,0.002914676945537104,0.0027197931763381293,0.0028902771879261986,0.003940097194619971,0.0038427970148889796,0.010573248440510502,3.18e-27,True,3.18e-27
11:128328913:G:A,LYM,-0.00205557,0.35,472174,0.0011,0.536,718585.0,-0.022287,3.03e-27,522274,0.0008353,0.761,425740.0,-2.332e-06,0.9993,425743.0,0.01308524,0.07246,318397.62,matched,1,1979,False,0.3240556660039761,0.00219943671475087,0.001777424330885143,0.0020613778283756112,0.002746180894398688,0.002315506308001851,0.007284887876565721,3.03e-27,True,3.03e-27
16:57075180:A:G,LYM,0.00177321,0.38,472174,-0.0001,0.9408,484680.0,0.022219,4.32e-31,523516,0.003202,0.2079,425740.0,0.0003856,0.8764,425743.0,0.0097473515,0.1492,318397.62,matched,1,1973,False,0.5357852882703777,0.0020198399400882835,0.0013465401206477973,0.0019160985514160129,0.002542559453185687,0.0024791935726583936,0.006757904629498848,4.32e-31,True,4.32e-31
12:123862813:T:C,LYM,0.0177792,3.8e-16,472174,0.0019,0.3462,484680.0,-0.024771,2.48e-32,524906,0.003935,0.1532,425740.0,0.005237,0.05132,425743.0,0.004008021,0.5819,318397.62,matched,1,1974,False,0.6719681908548708,0.002182897436129022,0.002017015919318472,0.0020924805905748246,0.0027549863939304847,0.0026873026661043344,0.007279217283737972,2.48e-32,True,2.48e-32
4:113085630:G:A,LYM,-0.0005004,0.82,472174,0.0006,0.7619,484680.0,-0.021927,1.36e-26,524848,0.0116,2.914e-05,425740.0,-0.0007609,0.7786,425743.0,0.013591954,0.02076,318397.62,matched,1,1975,False,0.2982107355864811,0.002199125673466997,0.0019802849658235207,0.0020544156718156972,0.00277506310722157,0.002706442822086468,0.005878056711067178,1.36e-26,True,1.36e-26
3:123105643:C:T,LYM,0.00155333,0.52,472174,0.0077,0.000733,484680.0,-0.025873,4.03e-30,523976,0.01185,0.000102,425740.0,-0.01214,4.458e-05,425743.0,0.007125325,0.3808,318397.62,matched,1,1978,False,0.24552683896620278,0.0024144572837219826,0.0022801783137492175,0.0022689233331021144,0.003049577321541892,0.002973767538078914,0.0081300048214683,4.03e-30,True,4.03e-30
3:71426419:G:A,LYM,-0.00390179,0.078,472174,-0.0027,0.1465,718368.0,-0.023656,7.58e-30,524920,-0.001683,0.564,425740.0,-0.00207,0.4668,425743.0,0.0044097085,0.5701,318397.62,matched,1,1980,False,0.2992047713717694,0.0022138942360541373,0.001859496738850107,0.002084579783595176,0.002917264216635435,0.0028445963647055,0.007764880542040648,7.58e-30,True,7.58e-30
7:150216171:T:G,LYM,0.00510091,0.031,472174,-0.0038,0.09377,484680.0,0.023665,2.66e-26,524921,-0.005803,0.04846,425740.0,-0.006792,0.01788,425743.0,-0.019802628,0.0009214,318397.62,matched,1,1982,False,0.22962226640159045,0.0023647371687603854,0.0022675227711837108,0.0022303142573479773,0.0029407409034109804,0.0028681295785834126,0.005976368979220838,2.66e-26,True,2.66e-26
9:86594798:C:T,LYM,0.00406206,0.074,472174,-0.0037,0.08523,484680.0,-0.024358,1.82e-29,524919,0.001085,0.7043,425740.0,0.005033,0.07101,425743.0,0.010454458,0.04854,318397.62,matched,1,1984,False,0.279324055666004,0.002273608872772561,0.002149769480268733,0.0021610764976954223,0.0028588565577509738,0.002787727020179572,0.0052998095946421055,1.82e-29,True,1.82e-29
2:103049910:A:G,LYM,-0.00282919,0.24,472174,-0.0041,0.04305,717759.0,0.026546,5.04e-32,523984,0.002668,0.3685,425740.0,0.00349,0.2277,425743.0,0.007427516,0.3476,318397.62,matched,1,1983,False,0.7793240556660039,0.002407848342724915,0.002026468078969716,0.0022537733294274082,0.002966795982341295,0.002893132890869159,0.007907882859977226,5.04e-32,True,5.04e-32
3:151019136:G:A,LYM,0.00136914,0.57,472174,0.0004,0.8424,718612.0,0.023676,1.78e-25,524921,0.003364,0.282,425740.0,0.002887,0.3438,425743.0,-0.012916225,0.113,318397.62,matched,1,1981,False,0.7813121272365805,0.002410239219513457,0.002011824105777377,0.002269657616482075,0.003126866682475788,0.0030495931500695277,0.008149799648623933,1.78e-25,True,1.78e-25
9:82187095:G:A,LYM,-0.00407564,0.054,472174,0.005,0.01226,484680.0,0.021641,2.79e-27,524903,0.0005629,0.8378,425740.0,-0.002228,0.4059,425743.0,0.0013008458,0.8609,318397.62,matched,1,1985,False,0.3538767395626243,0.0021151975505095295,0.0019963498831688953,0.0020002279411895285,0.002749765768451702,0.0026806866319150227,0.007423706418221765,2.79e-27,True,2.79e-27
17:74419177:A:G,LYM,-0.00172712,0.47,472174,-0.0017,0.4499,484680.0,0.02652,1.05e-30,524920,-0.005236,0.08864,425740.0,-0.01062,0.0003989,425743.0,-0.0049875416,0.5425,318397.62,matched,1,1990,False,0.19582504970178927,0.0023905468198570957,0.002249921990805734,0.0023021472461493405,0.0030752681509338456,0.0029993133116425633,0.008189227679576047,1.05e-30,True,1.05e-30
10:126358073:G:T,LYM,0.00697107,0.0006,472174,0.0009,0.6051,718258.0,-0.021252,2.5e-26,479584,-0.0009057,0.7264,425740.0,5.115e-06,0.9984,425743.0,0.008738066,0.2066,318397.62,matched,1,1987,False,0.4433399602385686,0.0020314257897506194,0.001740541533444207,0.002001807253451863,0.002588318347060977,0.0025507354957948437,0.006918665324437525,2.5e-26,True,2.5e-26
3:56849749:T:C,LYM,-0.00256777,0.21,472174,0.0019,0.2663,792702.0,0.022666,5.63e-32,523522,0.001309,0.6506,425740.0,0.008847,0.001695,425743.0,-0.0009995003,0.9127,318397.62,matched,1,1986,False,0.5994035785288271,0.002048373320768231,0.0017092115677567973,0.0019258852457468938,0.0028900788650718387,0.0028183740099797802,0.009116737324364164,5.63e-32,True,5.63e-32
3:136561899:C:G,LYM,0.00556345,0.0096,472174,0.0123,1.9e-09,484680.0,0.021951,3.65e-27,523839,-0.004627,0.08681,425740.0,-0.009818,0.0001951,425743.0,0.02572815,1.229e-06,318397.62,matched,1,1988,True,0.6540755467196819,0.002148121783810457,0.0020479065956229806,0.0020335144531600994,0.0027019443842249066,0.0026355079260091596,0.005303784570336507,3.65e-27,True,3.65e-27
22:19969106:A:G,LYM,-0.00292048,0.16,472174,0.0065,0.0001455,787951.0,0.020413,5.44e-23,480037,0.01486,1.194e-08,425740.0,-0.006664,0.008772,425743.0,0.013591954,0.008815,318397.62,matched,1,1989,False,0.34592445328031807,0.0020785275871332983,0.0017111446799926054,0.0020675157733702943,0.0026067519805237607,0.002542721057019575,0.005189458611035838,5.44e-23,True,5.44e-23
16:88837298:C:T,LYM,-0.00016672,0.94,472174,0.0021,0.2805,484680.0,-0.021027,5.82e-25,481437,0.005845,0.02822,425740.0,-0.001858,0.4746,425743.0,0.011667805,0.01579,318397.62,matched,1,1993,False,0.6153081510934394,0.002214963537184118,0.0019458915873896798,0.0020378209414549197,0.002663823556368161,0.0025985482093339772,0.004833923976258886,5.82e-25,True,5.82e-25
4:110848652:A:G,LYM,0.00107761,0.6,472174,0.0028,0.1459,484680.0,-0.019555,4.07e-24,521645,0.01021,7.178e-05,425740.0,0.007399,0.003174,425743.0,0.007729798,0.2553,318397.62,matched,1,1992,False,0.39165009940357853,0.002054936968759139,0.0019255009354015628,0.0019304207950010222,0.0025715893769288614,0.0025078263629849614,0.006795007521770525,4.07e-24,True,4.07e-24
9:38196117:G:C,LYM,-0.00117387,0.56,472174,0.0013,0.5042,484680.0,-0.019034,1.11e-23,524918,0.001714,0.5017,425740.0,0.001202,0.6291,425743.0,-0.01192857,0.0908,318397.62,matched,1,1996,True,0.46322067594433397,0.0020140466753919054,0.0019464109057046235,0.0018974534101737178,0.0025512887873469455,0.00248864377696066,0.007053347512158854,1.11e-23,True,1.11e-23
8:142217115:G:A,LYM,0.00184495,0.37,472174,-0.0013,0.4976,484680.0,-0.022001,8.5e-28,481435,0.00792,0.002336,425740.0,-0.009738,0.0001246,425743.0,0.011667805,0.09262,318397.62,matched,1,1991,False,0.6133200795228628,0.002058008719594324,0.0019166385638763924,0.0020133288731948957,0.002601999205926457,0.002537990075931854,0.006937951871922727,8.5e-28,True,8.5e-28
13:42989660:T:C,LYM,0.00200864,0.32,472174,-0.0029,0.08524,718302.0,-0.02067,1.35e-27,524921,-0.0008509,0.7428,425740.0,0.00524,0.03832,425743.0,-0.00796817,0.2468,318397.62,matched,1,1994,False,0.5407554671968191,0.0020198341567938816,0.0016850084176354542,0.001898838053643619,0.002593039767878768,0.0025296713496484806,0.006880043434560503,1.35e-27,True,1.35e-27
7:130752085:G:C,LYM,0.00494761,0.043,472174,-0.0024,0.2357,718636.0,-0.022848,1.03e-05,113878,0.004028,0.1918,425740.0,0.007304,0.01523,425743.0,-0.002995509,0.6748,318397.62,matched,1,2004,True,0.742544731610338,0.0024448216504155186,0.0020239444952250174,0.005180038839876429,0.0030859451364170106,0.0030096464381226713,0.007139482877277321,1.03e-05,False,1.03e-05
10:26734518:C:A,LYM,-0.00462142,0.025,472174,-0.0048,0.01295,484680.0,0.020968,2.27e-27,522901,0.001471,0.5795,425740.0,0.001547,0.5502,425743.0,0.0,0.9446,318397.62,matched,1,1998,False,0.3966202783300199,0.0020618427661762626,0.001931479664796541,0.0019346464212491336,0.002654682578582389,0.002589292699055708,0.002561635204571549,2.27e-27,True,2.27e-27
13:50830002:G:A,LYM,-0.00135601,0.5,472174,0.0035,0.03288,806584.0,-0.019375,2.25e-24,523520,-0.01082,2.789e-05,425740.0,-0.001305,0.6042,425743.0,0.00060018006,0.9268,318397.62,matched,1,1995,False,0.4403578528827038,0.002010423434315781,0.0016404618197682615,0.0019018011445665866,0.0025823116005782255,0.0025175058129984274,0.006532808834820357,2.25e-24,True,2.25e-24
2:113953657:A:C,LYM,-0.00291469,0.15,472174,-0.0096,4.958e-07,484680.0,0.020898,4.14e-28,523977,-0.01161,1.118e-05,425740.0,-0.007782,0.002538,425743.0,-0.01192857,0.08831,318397.62,matched,1,1997,False,0.4691848906560636,0.002024749065124545,0.001909334048404555,0.0019010669089821232,0.002642844242616375,0.002577867925587551,0.006998771154787312,4.14e-28,True,4.14e-28
1:206669465:C:T,LYM,0.0011583,0.63,472174,0.0036,0.07969,718546.0,-0.024901,1.67e-27,523978,-0.006292,0.03629,425740.0,-0.004495,0.1252,425743.0,-0.014888613,0.05894,318397.62,matched,1,1999,False,0.23260437375745527,0.0024044746540461785,0.002054222807277135,0.002291599992662419,0.0030052590242744034,0.002931570294741586,0.007883243021071008,1.67e-27,True,1.67e-27
2:232579379:G:A,LYM,0.00316852,0.19,472174,0.0094,3.533e-05,484680.0,-0.023998,3.67e-25,523975,-0.009452,0.001801,425740.0,-0.01126,0.0001378,425743.0,-0.01192857,0.1315,318397.62,matched,1,2000,False,0.2584493041749503,0.0024176487863889627,0.0022726872170293227,0.002315836690782213,0.00302829759514832,0.0029537648850574433,0.007909074743411768,3.67e-25,True,3.67e-25
12:740009:C:G,LYM,0.00288734,0.15,472174,-0.001,0.6109,484680.0,-0.019285,9.44e-23,522090,-0.01055,6.565e-05,425740.0,0.0003861,0.881,425743.0,-0.01093994,0.1248,318397.62,matched,1,2001,True,0.49502982107355864,0.0020057498278364776,0.0019654505776189085,0.001964293468255053,0.002643100627690415,0.0025791297509117767,0.007127302421432706,9.44e-23,True,9.44e-23
16:67680806:G:A,LYM,-0.00343377,0.43,472174,-0.0068,0.09712,484680.0,0.044471,3.31e-27,519069,0.03081,5.502e-08,425740.0,-0.0146,0.008267,425743.0,0.01095984,0.4659,318397.62,matched,1,2007,False,0.040755467196819085,0.004350996349789159,0.004098906322149506,0.004116316557146908,0.005669570644140523,0.005528280051588224,0.01503064720067833,3.31e-27,True,3.31e-27
7:22740513:C:G,LYM,0.0016283,0.51,472174,-0.0027,0.2535,484680.0,-0.026515,6.95e-30,524919,-0.0008043,0.7993,425740.0,0.007072,0.02194,425743.0,-0.0019980026,0.7891,318397.62,matched,1,2010,True,0.18986083499005965,0.0024714736542130493,0.002364502225065787,0.0023349556035061753,0.00316338277251647,0.0030863160220516075,0.007469741191312636,6.95e-30,True,6.95e-30
4:57765731:G:C,LYM,-0.00843594,0.0011,472174,-0.0061,0.01283,484680.0,-0.02348,5.66e-22,524917,-0.01008,0.002392,425740.0,-0.01566,1.306e-06,425743.0,-0.015873348,0.02388,318397.62,matched,1,2005,True,0.18588469184890655,0.00258484424743249,0.002451321636559303,0.0024368149659578548,0.0033194156649664756,0.0032363137229722504,0.007026545207380305,5.66e-22,True,5.66e-22
15:58770523:C:T,LYM,-0.00514493,0.17,472174,-0.0075,0.03805,484680.0,0.034112,2.79e-21,524922,0.0008469,0.864,425740.0,0.004365,0.3653,425743.0,-0.031498667,0.001088,318397.62,matched,1,2002,False,0.08648111332007952,0.003749392011784436,0.003615650199431287,0.003601991969639245,0.004944402880120566,0.004821540970939198,0.00964228218522617,2.79e-21,True,2.79e-21
20:39271481:C:G,LYM,-0.00339385,0.096,472174,0.0074,2.009e-05,718431.0,0.019613,3.31e-24,524920,-0.002079,0.4255,425740.0,0.0004996,0.8443,425743.0,-0.012916225,0.07009,318397.62,matched,1,2003,True,0.5377733598409543,0.0020388836487363355,0.0017355051696746992,0.0019322948832569257,0.002608807977399849,0.0025438362426673114,0.007130801639444554,3.31e-24,True,3.31e-24
17:35849342:A:C,LYM,-0.00279512,0.18,472174,0.0044,0.02849,484680.0,-0.020396,4e-25,524921,-0.00899,0.0006581,425740.0,6.759e-05,0.979,425743.0,-0.008959741,0.1818,318397.62,matched,1,2017,False,0.6620278330019881,0.0020847357867505995,0.0020086991999301333,0.0019698049794026006,0.0026390995162744817,0.00256775192277667,0.006710243801611686,4e-25,True,4e-25
10:8100125:A:G,LYM,-0.00700348,0.0084,472174,,,,0.026568,1.56e-24,490735,-0.005217,0.1191,425740.0,-0.01371,2.699e-05,425743.0,-0.014888613,0.1056,318397.62,matched,1,2006,False,0.8320079522862823,0.0026573082422347784,,0.0025987789615184204,0.003347315556559106,0.0032662444919952563,0.00920021015910781,1.56e-24,False,1.56e-24
6:53126776:C:T,LYM,0.00241682,0.27,472174,,,,0.025056,0.001592,37348,0.003083,0.2634,425740.0,0.003999,0.1369,425743.0,-0.0049875416,0.5061,318397.62,matched,1,2009,False,0.2624254473161034,0.002191009010700822,,0.007935722317248099,0.0027566385677707736,0.0026885211259468533,0.007500935601017461,0.001592,False,0.001592
7:28172014:C:T,LYM,-0.00207273,0.4,472174,-0.0054,0.007353,717470.0,-0.024318,2.79e-25,524921,0.008424,0.005456,425740.0,-0.00179,0.5448,425743.0,0.022245608,8.048e-05,318397.62,matched,1,2013,False,0.22564612326043737,0.002462782445733563,0.0020146102053419383,0.002340802477610215,0.003031523708065006,0.002955890380246373,0.005641845972775193,2.79e-25,True,2.79e-25
9:35693160:C:T,LYM,-0.00125897,0.58,472174,-0.0058,0.007227,484680.0,-0.019917,8.45e-21,524913,-3.812e-06,0.999,425740.0,0.01062,0.0001781,425743.0,0.011162065,0.1494,318397.62,matched,1,2015,False,0.26938369781312127,0.0022750357129681137,0.002159184664309509,0.0021292796577894704,0.0024427692253240914,0.0028333512734516376,0.007742540734755617,8.45e-21,True,8.45e-21
2:188242369:A:G,LYM,0.00196894,0.44,472174,-0.0021,0.3877,484680.0,-0.024312,3.72e-24,522903,-0.01505,1.724e-06,425740.0,0.01102,0.0003278,425743.0,-0.018821754,0.0006068,318397.62,matched,1,2011,False,0.1988071570576541,0.0025498022565099768,0.0024311297484413694,0.0023979394948830286,0.00314633237554796,0.0030676913919727056,0.005489701997239945,3.72e-24,True,3.72e-24
7:116200092:T:C,LYM,-0.00928669,0.005,472174,0.0077,0.00452,800318.0,0.02939,2.15e-21,523521,0.004734,0.2737,425740.0,-0.004171,0.3228,425743.0,-0.019802628,0.04121,318397.62,matched,1,2019,False,0.09840954274353876,0.003308364190246026,0.0027118509159549855,0.003094500197384157,0.004324940410569594,0.004218584297186456,0.009700461485453412,2.15e-21,True,2.15e-21
2:7615061:G:A,LYM,-0.00031,0.91,472174,0.0052,0.02358,718325.0,-0.026133,9.83e-24,524919,0.002236,0.521,425740.0,-0.001983,0.5595,425743.0,0.0026033858,0.7802,318397.62,matched,1,2012,False,0.14015904572564614,0.0027424274785602058,0.0022969168558234832,0.0026020258058764185,0.0034839258934710386,0.0033979664481477625,0.009329178803297984,9.83e-24,True,9.83e-24
1:56907720:G:A,LYM,-0.00372851,0.065,472174,-0.0015,0.3902,716783.0,-0.01934,3.26e-24,524920,-0.004415,0.08936,425740.0,-0.006588,0.009356,425743.0,-0.0069756135,0.3429,318397.62,matched,1,2016,False,0.4801192842942346,0.0020205899468177394,0.001745698878436221,0.0019051198266321803,0.0025989187119080646,0.002535051022361499,0.007354744577382568,3.26e-24,True,3.26e-24
12:101873240:A:C,LYM,-0.00460097,0.29,472174,-0.0084,0.03133,693239.0,0.040938,2.11e-23,523981,-0.004089,0.4755,425740.0,-0.003657,0.513,425743.0,0.0072260452,0.6372,318397.62,matched,1,2014,False,0.05467196819085487,0.004348243078207923,0.003901793769758326,0.004107054241632602,0.0057304312067087216,0.005590259645808678,0.015321841911642974,2.11e-23,True,2.11e-23
17:72673667:A:T,LYM,-0.00031764,0.89,472174,-0.0046,0.03742,484680.0,0.024366,2.76e-26,524920,-0.002859,0.4068,425740.0,-0.003318,0.3238,425743.0,0.012072581,0.1892,318397.62,matched,1,2088,True,0.7673956262425448,0.0022966763244733762,0.0022103143400943872,0.0022971267729086577,0.0034464964056161447,0.00336279560755807,0.009195008598591056,2.76e-26,True,2.76e-26
7:40060707:T:C,LYM,-0.0007095,0.73,472174,,,,-0.018763,9.64e-21,488325,0.006042,0.02428,425740.0,-0.0005809,0.8243,425743.0,0.0020020027,0.7839,318397.62,matched,1,2020,False,0.44930417495029823,0.00205577372666995,,0.002008902078631125,0.002682151196735482,0.002616456474313572,0.00730017827806429,9.64e-21,False,9.64e-21
8:101381034:C:G,LYM,-0.0036951,0.2,472174,0.0004,0.8808,484680.0,0.026844,2.5e-22,524909,-7.435e-05,0.9834,425740.0,-0.003692,0.2901,425743.0,-0.00796817,0.4306,318397.62,matched,1,2018,True,0.15705765407554673,0.002883301850152048,0.002667464234539341,0.0027619863133958853,0.003573399827098581,0.0034899253959891387,0.010109769610048773,2.5e-22,True,2.5e-22
4:90221525:C:T,LYM,0.00118477,0.58,472174,0.0011,0.5361,706927.0,0.02081,2.03e-24,523842,-0.006053,0.02679,425740.0,-0.003111,0.2431,425743.0,0.0091416575,0.2061,318397.62,matched,1,2021,False,0.6222664015904572,0.0021409517793539415,0.0017778603483144082,0.0020406539887311125,0.0027332692978271744,0.0026651855086797143,0.007230251281404467,2.03e-24,True,2.03e-24
7:138741586:C:T,LYM,0.00082627,0.68,472174,0.0018,0.3455,484680.0,-0.0177,1.97e-20,523981,-0.001915,0.4897,425740.0,0.001163,0.667,425743.0,-0.002995509,0.6905,318397.62,matched,1,2027,False,0.5546719681908548,0.002003257845420051,0.0019080859453712586,0.0019106313948913053,0.002772204193925909,0.0027029604605915475,0.0075230660529070235,1.97e-20,True,1.97e-20
11:55451313:G:A,LYM,0.0072491,0.016,472174,-0.0039,0.1799,484680.0,-0.025927,7.22e-20,521429,-0.03462,2.439e-19,425740.0,-0.0217,7.535e-09,425743.0,-0.038258713,5.194e-07,318397.62,matched,1,2024,False,0.15805168986083498,0.0030092794297386003,0.0029081407877796493,0.0028415324248797476,0.003850307136596453,0.0037552714565788287,0.00762276959107291,7.22e-20,True,7.22e-20
1:28229681:C:T,LYM,-0.00346645,0.093,472174,-0.0022,0.27,484680.0,-0.019902,3.38e-24,524919,-0.009398,0.0004,425740.0,-0.004665,0.07162,425743.0,-0.0069756135,0.3273,318397.62,matched,1,2022,False,0.38469184890656066,0.0020636325260510414,0.00199444717585166,0.001961162142033356,0.0026547394166509504,0.0025894712511506817,0.007121120788346189,3.38e-24,True,3.38e-24
8:10647044:A:T,LYM,0.00239995,0.34,472174,-0.0091,0.0001211,484680.0,0.02245,1.25e-21,521983,-0.008728,0.007037,425740.0,-0.00286,0.3653,425743.0,-0.012916225,0.1292,318397.62,matched,1,2023,True,0.21371769383697814,0.002515235167164788,0.002367394317083682,0.0023498453551067597,0.0032384839883312006,0.0031591310829063245,0.008512838591541136,1.25e-21,True,1.25e-21
20:49205095:G:A,LYM,0.00317635,0.11,472174,0.0028,0.09717,718059.0,-0.018888,6.58e-23,524912,-0.002438,0.3856,425740.0,-0.007539,0.00596,425743.0,-0.0019980026,0.7418,318397.62,matched,1,2030,False,0.5119284294234593,0.001987463167407537,0.0016880373721890652,0.0019167645493782582,0.0028099717802870247,0.002741480500408732,0.006064281609640121,6.58e-23,True,6.58e-23
11:36074218:A:T,LYM,-0.00072467,0.72,472174,0.0018,0.2951,717155.0,0.019588,2.07e-24,524922,-0.001339,0.6345,425740.0,0.004448,0.1055,425743.0,0.004811557,0.5225,318397.62,matched,1,2031,True,0.42445328031809143,0.0020216270702339274,0.0017191992094729408,0.001921180320749485,0.0028165597652070403,0.002747790836241893,0.007523977250537087,2.07e-24,True,2.07e-24
4:123681156:C:A,LYM,-0.00061746,0.77,472174,0.0041,0.0179,718505.0,0.019206,7.84e-23,524919,0.0006889,0.7983,425740.0,0.003426,0.1927,425743.0,0.007830579,0.2733,318397.62,matched,1,2025,False,0.5506958250497018,0.0021118776200300636,0.0017316527681216446,0.0019525261604618415,0.0026957770572738396,0.0026300572291201698,0.007147984880143603,7.84e-23,True,7.84e-23
15:70024746:T:C,LYM,0.00310873,0.35,472174,0.0102,0.0003565,718683.0,-0.032659,2.27e-25,524917,0.003895,0.3577,425740.0,0.001631,0.693,425743.0,0.007326775,0.5159,318397.62,matched,1,2026,False,0.07157057654075547,0.0033263060359158153,0.0028568600924471304,0.003137753520448296,0.004234816322242572,0.004131340437905324,0.011277541879258264,2.27e-25,True,2.27e-25
12:48208368:T:C,LYM,-0.0006027,0.77,472174,-0.0026,0.1251,718653.0,-0.019487,6.04e-24,523519,-0.004753,0.06233,425740.0,-0.008983,0.0003044,425743.0,0.005213567,0.4434,318397.62,matched,1,2028,False,0.4671968190854871,0.002061394489670779,0.0016952311883683695,0.001931080312526151,0.0025499735118128886,0.0024873138987451366,0.00680209895754979,6.04e-24,True,6.04e-24
7:37382465:T:G,LYM,-0.00615406,0.069,472174,0.0008,0.8048,484680.0,0.029505,1.18e-20,524919,0.003823,0.356,425740.0,0.0112,0.005581,425743.0,0.006521217,0.5563,318397.62,matched,1,2032,False,0.09741550695825049,0.003384290098932147,0.0032370337045997816,0.0031662831643676083,0.004141866450160744,0.004041229324350999,0.011083980774928483,1.18e-20,True,1.18e-20
6:34228684:G:A,LYM,0.0097742,0.0025,472174,-0.0173,6.201e-09,484680.0,0.029271,2.49e-21,524923,0.007354,0.069,425740.0,-0.003486,0.3768,425743.0,-0.01093994,0.3045,318397.62,matched,1,2029,False,0.8817097415506958,0.003232913051607996,0.002976986950963587,0.003086944917649951,0.004044170740543155,0.0039442966922314075,0.010654079281251151,2.49e-21,True,2.49e-21
19:17659514:C:T,LYM,0.00572648,0.069,472174,-0.0029,0.3369,484680.0,0.027938,9.96e-21,524922,-0.003888,0.3333,425740.0,-0.005086,0.1944,425743.0,0.0039076246,0.7182,318397.62,matched,1,2037,False,0.09940357852882704,0.003149151871404075,0.0030198630542709434,0.0029923516973892846,0.004018653353944337,0.0039193256932643595,0.010828479501042317,9.96e-21,True,9.96e-21
2:129060871:C:T,LYM,-0.00906411,0.0086,472174,0.0014,0.6617,484680.0,0.030214,1.67e-19,480503,-0.01406,0.001159,425740.0,0.006551,0.1207,425743.0,-0.019802628,0.01969,318397.62,matched,1,2044,False,0.1341948310139165,0.0034496317685086706,0.0031995080264826882,0.003344839718031519,0.004327774899990807,0.004221434531842112,0.008490952832494392,1.67e-19,True,1.67e-19
8:130976074:G:A,LYM,-0.00254731,0.24,472174,0.0003,0.8827,717859.0,0.019864,8.88e-22,523980,0.003308,0.2359,425740.0,-0.0107,8.513e-05,425743.0,0.001801622,0.8083,318397.62,matched,1,2033,False,0.3220675944333996,0.002167947773711417,0.002033245445615764,0.0020715044760914176,0.00279086146593949,0.002723007083072198,0.007425702943484125,8.88e-22,True,8.88e-22
5:110566360:C:T,LYM,-0.00034253,0.93,472174,-0.0033,0.3856,484680.0,-0.038012,9.19e-24,524918,-0.004497,0.5012,425740.0,0.005069,0.437,425743.0,0.0144032305,0.4182,318397.62,matched,1,2049,False,0.073558648111332,0.0038992615639637652,0.00380348928422772,0.003782301707168372,0.006685966503311398,0.006521550594516117,0.0177916940714147,9.19e-24,True,9.19e-24
10:70976833:G:A,LYM,0.00163736,0.45,472174,0.0034,0.08877,484680.0,-0.020403,1.06e-23,524922,-0.008117,0.002958,425740.0,0.001987,0.4556,425743.0,0.009242581,0.2013,318397.62,matched,1,2034,False,0.658051689860835,0.002167497260265887,0.001997741433037951,0.002033003715814791,0.002731093873812755,0.002663140458738946,0.00723287819710495,1.06e-23,True,1.06e-23
1:8504421:C:A,LYM,-0.00386183,0.058,472174,0.0076,8.405e-05,484680.0,-0.01875,1.77e-22,524923,0.02015,8.292e-15,425740.0,0.01248,8.271e-07,425743.0,0.02901695,1.875e-09,318397.62,matched,1,2035,False,0.525844930417495,0.0020371547339504427,0.0019325889861325763,0.0019222499401030904,0.002595633944009624,0.002532024672266943,0.0048294923658365055,1.77e-22,True,1.77e-22
10:121026712:A:G,LYM,0.00013608,0.95,472174,-0.004,0.03676,484680.0,-0.016035,3.85e-16,480008,-0.01057,3.008e-05,425740.0,-0.003225,0.1916,425743.0,-0.015873348,0.007447,318397.62,matched,1,2036,False,0.47813121272365805,0.0021701003378491505,0.001915323902952706,0.0019691302317988045,0.0025330349948344964,0.0024696359143048033,0.0059313789447915585,3.85e-16,True,3.85e-16
1:25259884:C:G,LYM,-0.001116,0.58,472174,-0.002,0.249,713872.0,0.016951,5.29e-18,523842,-0.0003022,0.9068,425740.0,0.002118,0.3999,425743.0,0.003004509,0.6574,318397.62,matched,1,2039,True,0.5825049701789264,0.002016680187512343,0.0017349338652847465,0.001960347269808015,0.002581234068221119,0.0025160375335414927,0.0067744541403265334,5.29e-18,True,5.29e-18
1:66149341:G:A,LYM,0.00163177,0.44,472174,-0.0006,0.7653,484680.0,-0.018673,2.11e-21,524918,-0.0003446,0.8951,425740.0,0.007874,0.002014,425743.0,0.012680053,0.06727,318397.62,matched,1,2040,False,0.3588469184890656,0.002113162832846752,0.0020098598785140494,0.0019656925692989554,0.0026135024211713367,0.002549738349100633,0.0069294986566944385,2.11e-21,True,2.11e-21
20:31358253:A:C,LYM,0.00029114,0.89,472174,0.0011,0.5613,484680.0,0.016851,1.07e-18,524874,0.01143,1.442e-05,425740.0,-0.001218,0.6357,425743.0,0.005716307,0.4175,318397.62,matched,1,2038,False,0.4254473161033797,0.002105069717627436,0.001893575381811285,0.0019089116323630093,0.0026352395489642284,0.00257114219480395,0.007050500667752814,1.07e-18,True,1.07e-18
5:176673068:T:A,LYM,0.00261543,0.32,472174,-0.0077,0.001839,484680.0,0.024419,3.44e-22,524910,0.00306,0.3654,425740.0,0.0006811,0.8364,425743.0,0.023575736,0.0004577,318397.62,matched,1,2042,True,0.8369781312127237,0.002630005799298741,0.0024718529587662284,0.0025209219597933396,0.0033807543740527655,0.0032982976258583247,0.006727537097001054,3.44e-22,True,3.44e-22
7:14019242:A:G,LYM,-0.0002673,0.9,472174,0.0033,0.07935,706783.0,-0.019561,1.45e-20,524921,-0.01232,2.47e-05,425740.0,0.00262,0.3577,425743.0,0.00050012505,0.9537,318397.62,matched,1,2043,False,0.7157057654075547,0.0021271457507795032,0.001880909866705714,0.0021041011558452834,0.00292114549523228,0.0028485799138062997,0.008613779014630509,1.45e-20,True,1.45e-20
21:47960654:C:T,LYM,0.00096645,0.65,472174,0.0041,0.0476,484680.0,-0.018724,3.21e-20,524912,0.006321,0.02918,425740.0,0.01327,2.668e-06,425743.0,0.0011006055,0.882,318397.62,matched,1,2041,False,0.3240556660039761,0.002129860135852616,0.002069743080949721,0.0020326324010089174,0.002898150447048593,0.002826500258596406,0.007414763269612732,3.21e-20,True,3.21e-20
1:26859695:T:C,LYM,0.00128465,0.58,472174,0.0056,0.01196,484680.0,0.018642,8.14e-17,524919,0.00406,0.1718,425740.0,-0.003959,0.1719,425743.0,0.007830579,0.3222,318397.62,matched,1,2045,False,0.21272365805168986,0.0023214410420140967,0.0022281264553595565,0.0022381538485347087,0.0029712182493061207,0.002897979663848716,0.007910098817581054,8.14e-17,True,8.14e-17
1:225954461:T:A,LYM,0.00640554,0.047,472174,0.0086,0.001619,717169.0,-0.026362,2.79e-18,524921,0.008469,0.04348,425740.0,-0.006335,0.1215,425743.0,-0.0049875416,0.6469,318397.62,matched,1,2050,True,0.12823061630218688,0.0032248599615925,0.00272802670690532,0.0030232776118194614,0.004194506501731287,0.004091034317313722,0.010888093513559304,2.79e-18,True,2.79e-18
18:60826343:G:A,LYM,0.00640555,0.026,472174,0.0001,0.9578,652602.0,0.023283,1.17e-16,522444,-0.003641,0.3529,425740.0,-0.009344,0.01452,425743.0,-0.016857117,0.01721,318397.62,matched,1,2048,False,0.1709741550695825,0.0028773318371076236,0.0018898397579517705,0.0028098787103453715,0.00391935687504521,0.003823029721110967,0.007076309901514988,1.17e-16,True,1.17e-16
2:219699999:G:A,LYM,0.00496597,0.34,472174,-0.0139,0.005172,484680.0,0.047272,1.36e-22,516732,0.03591,1.017e-06,425740.0,0.04132,8.044e-09,425743.0,0.062620364,2.841e-06,318397.62,matched,1,236,False,0.06262425447316103,0.005204517753738753,0.0049711722001794245,0.004833094614866962,0.007346081726222219,0.007164240747679064,0.013374725648749228,1.36e-22,True,1.36e-22
9:4039727:G:T,LYM,0.00235832,0.25,472174,0.0017,0.3229,718678.0,-0.017739,6.76e-20,523522,-0.001368,0.6143,425740.0,-0.005351,0.04326,425743.0,-0.01093994,0.1156,318397.62,matched,1,2046,False,0.6083499005964215,0.0020500902075760237,0.0017197495959075813,0.0019426309841685157,0.0027145817413222646,0.002647448992423885,0.006952556209762064,6.76e-20,True,6.76e-20
22:24623137:T:C,LYM,0.00176894,0.41,472174,0.0033,0.1111,484680.0,-0.018479,1.53e-18,524918,0.0009886,0.737,425740.0,-0.001102,0.7011,425743.0,-0.0049875416,0.5429,318397.62,matched,1,2047,False,0.2992047713717694,0.002147049005917306,0.0020712141592652204,0.002102886606450219,0.002943762159325859,0.0028710177909395144,0.00819734879203068,1.53e-18,True,1.53e-18
5:173207353:A:G,LYM,0.00113548,0.64,472174,0.0019,0.3375,806527.0,-0.021106,1.69e-20,523984,0.003462,0.2727,425740.0,0.009513,0.002004,425743.0,0.0019018073,0.8169,318397.62,matched,1,2055,False,0.7803180914512923,0.0024278018291896374,0.001980989554213012,0.002274279610810813,0.003156265388131984,0.003079000625273321,0.008213945110009578,1.69e-20,True,1.69e-20
10:44878713:G:A,LYM,0.00505762,0.13,472174,0.0008,0.7699,718566.0,-0.025986,1.4e-16,524920,-0.0006679,0.8739,425740.0,-0.00243,0.5539,425743.0,0.0068232254,0.545,318397.62,matched,1,2053,False,0.10139165009940358,0.0033403432367107144,0.0027349894085595176,0.0031442006941411185,0.004208393329643298,0.004105241410041506,0.011273038471073856,1.4e-16,True,1.4e-16
15:41038439:G:C,LYM,-0.00697143,0.0005,472174,-0.0035,0.07072,484680.0,-0.013016,1.57e-11,503249,0.005035,0.04976,425740.0,-0.007582,0.002452,425743.0,0.0015011261,0.8305,318397.62,matched,1,2056,True,0.48906560636182905,0.0020028491483331592,0.0019366213259412923,0.0019307913021789677,0.002566231009600079,0.002502968742602404,0.007012630517650482,1.57e-11,True,1.57e-11
1:110470764:G:A,LYM,0.00127254,0.65,472174,0.002,0.3794,789772.0,0.026422,4.09e-23,522898,-0.01742,9.635e-06,425740.0,-0.02257,4.18e-09,425743.0,-0.021761492,0.001383,318397.62,matched,1,2051,False,0.13220675944333996,0.002804420525922591,0.0022753067645892703,0.002668413663545571,0.003936539314862484,0.0038404547858984996,0.0068043454114324825,4.09e-23,True,4.09e-23
7:56046741:T:A,LYM,-0.00137774,0.52,472174,-0.0019,0.2986,664303.0,-0.019151,1.62e-21,523841,0.001782,0.5139,425740.0,0.001916,0.4718,425743.0,0.0014009809,0.8504,318397.62,matched,1,2084,True,0.3588469184890656,0.0021415245814315853,0.0018279067707949533,0.002010195927504435,0.002729875246737703,0.002662762688522021,0.00742800045585723,1.62e-21,True,1.62e-21
6:106568864:G:A,LYM,0.00306806,0.14,472174,-0.0007,0.6838,718601.0,0.017168,9.41e-17,480040,-0.007635,0.004482,425740.0,-0.003325,0.2044,425743.0,-0.0069756135,0.3488,318397.62,matched,1,2052,False,0.39065606361829025,0.002078925770259878,0.0017187058029674925,0.002065446785737007,0.0026864111330227765,0.0026199356436283757,0.0074452650054962774,9.41e-17,True,9.41e-17
6:21809195:C:T,LYM,0.00069042,0.8,472174,0.003,0.2411,484680.0,0.022933,7.43e-19,524919,-0.002926,0.4122,425740.0,0.0008749,0.8015,425743.0,0.0072260452,0.448,318397.62,matched,1,2054,False,0.17693836978131214,0.0027251939787522237,0.0025591990146803727,0.0025859648845031097,0.0035681697337250845,0.0034800242145827274,0.009523573566592244,7.43e-19,True,7.43e-19
5:150530679:A:G,LYM,0.00044459,0.83,472174,-0.0041,0.01554,718581.0,-0.017513,4.84e-20,522443,-0.00083,0.7441,425740.0,-0.003528,0.1549,425743.0,-0.0019980026,0.7726,318397.62,matched,1,2059,False,0.43240556660039764,0.0020707347605229765,0.001694534495075789,0.001910330050740838,0.002542668312647564,0.0024802538790467277,0.006914086001103051,4.84e-20,True,4.84e-20
15:81599443:A:G,LYM,-0.00132589,0.7,472174,-0.0072,0.01022,795033.0,0.030499,4.17e-20,524918,-0.007737,0.09444,425740.0,-0.01173,0.009344,425743.0,-0.00796817,0.5168,318397.62,matched,1,2057,False,0.07554671968190854,0.0034410059044140077,0.0028034157512961946,0.0033210367231288253,0.004626208761182031,0.004512918672760458,0.012291134224214946,4.17e-20,True,4.17e-20
2:223982434:G:A,LYM,-0.0032902,0.11,472174,0.0052,0.003127,716650.0,0.017849,5.49e-20,523979,-0.001346,0.622,425740.0,0.004382,0.09994,425743.0,-0.0049875416,0.5195,318397.62,matched,1,2060,False,0.5894632206759444,0.0020586998641221143,0.0017597474575301772,0.001949873253347526,0.0027301244710750973,0.0026635956893271326,0.007743231069018923,5.49e-20,True,5.49e-20
19:33752994:G:T,LYM,0.0138793,1.5e-11,472174,-0.0023,0.2056,703913.0,0.017139,5.24e-18,524915,-0.001887,0.4721,425740.0,0.0004312,0.8662,425743.0,-0.0049875416,0.4849,318397.62,matched,1,2058,False,0.5944333996023857,0.002056832417531884,0.0018170940566221833,0.0019818406061354226,0.002624236041939262,0.002559244612434616,0.007140939771608147,5.24e-18,True,5.24e-18
19:6675989:A:G,LYM,0.00087606,0.77,472174,0.0012,0.6584,484680.0,0.026632,1.41e-21,524922,-0.001445,0.7065,425740.0,-0.002355,0.5292,425743.0,-0.00796817,0.4111,318397.62,matched,1,2062,False,0.8399602385685885,0.0029963584812028915,0.0027141751128369326,0.002791222518591324,0.0038373613944999575,0.0037426833223422585,0.009694116190248585,1.41e-21,True,1.41e-21
17:19438560:C:T,LYM,0.00303347,0.14,472174,-0.0012,0.5559,484680.0,0.017701,5.34e-19,524910,-0.002776,0.2857,425740.0,-0.00327,0.1974,425743.0,0.000100005,0.9929,318397.62,matched,1,2061,False,0.40357852882703776,0.0020554874925230384,0.0020375511466558657,0.0019877661563358086,0.0026002194945041837,0.002536861103498255,0.011238224287660902,5.34e-19,True,5.34e-19
2:225917580:G:T,LYM,-0.00483339,0.016,472174,0.0035,0.06464,484680.0,0.015605,1.43e-16,523977,0.003804,0.1344,425740.0,0.002123,0.3918,425743.0,0.0103534125,0.1237,318397.62,matched,1,2065,False,0.4542743538767396,0.002006458884951822,0.0018942061466378486,0.0018887198772825889,0.002541126145829476,0.0024791044719806913,0.006725495986174288,1.43e-16,True,1.43e-16
9:33929510:A:G,LYM,0.0132037,1.4e-10,472174,-0.0084,1.238e-06,718693.0,-0.017052,1.84e-18,524919,0.009165,0.0004026,425740.0,0.003555,0.1594,425743.0,0.0046106125,0.507,318397.62,matched,1,2068,False,0.3836978131212724,0.002057967698043032,0.0017321527485967688,0.001945090493162421,0.0025901730747591263,0.0025264865854070133,0.006948756364212568,1.84e-18,True,1.84e-18
1:201020105:A:G,LYM,0.0028719,0.18,472174,-0.0055,0.006552,484680.0,-0.017366,3.11e-18,524923,-0.005925,0.02998,425740.0,-0.005065,0.05715,425743.0,-0.002995509,0.6801,318397.62,matched,1,2063,False,0.6699801192842942,0.0021420020270933077,0.0020229542659540713,0.0019944018922848183,0.002729968753271661,0.002662759758445611,0.007264892589043951,3.11e-18,True,3.11e-18
6:44573822:C:T,LYM,0.00011962,0.96,472174,0.001,0.5886,718346.0,-0.017265,4.88e-18,524923,-0.009313,0.0005,425740.0,-0.007654,0.003357,425743.0,-0.013902905,0.05115,318397.62,matched,1,2064,False,0.2912524850894632,0.0023850738419142633,0.0018488870463695608,0.001994537486701113,0.002675567870354678,0.0026096115263316887,0.007128893562984158,4.88e-18,True,4.88e-18
5:52072544:A:G,LYM,-0.00040017,0.87,472174,-0.0005,0.8247,718387.0,0.018985,3.49e-16,524919,-0.006127,0.05199,425740.0,-0.006154,0.0454,425743.0,0.0025031301,0.7619,318397.62,matched,1,2067,False,0.23956262425447317,0.0024451527642137295,0.0022572952860911138,0.0023280018423062253,0.003153019677180539,0.0030755708005462145,0.00826151817421721,3.49e-16,True,3.49e-16
2:12951752:C:T,LYM,-0.00182287,0.36,472174,0.0049,0.004176,717898.0,0.016438,3.46e-18,523983,-0.01552,1.472e-09,425740.0,-0.005115,0.04106,425743.0,0.0013008458,0.8524,318397.62,matched,1,2066,False,0.5119284294234593,0.0019914130702710637,0.0017105643534875315,0.0018904526561666574,0.0025663912509241295,0.002503764681646239,0.006991649045621994,3.46e-18,True,3.46e-18
18:77204231:G:T,LYM,-0.00472647,0.047,472174,0.0057,0.01177,484680.0,0.018282,5.42e-15,481437,0.008014,0.007617,425740.0,0.01056,0.0003129,425743.0,0.020610955,0.0007908,318397.62,matched,1,2082,False,0.20874751491053678,0.0023795345689306604,0.002262833184225481,0.002338820478163363,0.0030030821979709845,0.002929769472668073,0.0061415332958288365,5.42e-15,True,5.42e-15
16:4148240:T:G,LYM,-0.00039228,0.85,472174,-0.0004,0.8439,484680.0,0.017926,6.1e-19,522837,0.004564,0.09348,425740.0,0.001987,0.4542,425743.0,0.011667805,0.03016,318397.62,matched,1,2072,False,0.6461232604373758,0.00207425583921769,0.0020314116839586973,0.002016377991978796,0.002721007954699113,0.002654886005554739,0.005381871727816787,6.1e-19,True,6.1e-19
1:247722588:G:A,LYM,0.00254573,0.51,472174,-0.0019,0.5994,484680.0,-0.028903,2.51e-15,524921,0.004666,0.3489,425740.0,-0.006391,0.1884,425743.0,-0.019802628,0.1403,318397.62,matched,1,2069,False,0.05964214711729622,0.0038639713970028775,0.0036172318432526667,0.003652537668115904,0.004981184104052492,0.0048588674902403295,0.013428471340547513,2.51e-15,True,2.51e-15
2:163110536:A:G,LYM,-0.0054361,0.008,472174,-0.0027,0.1047,806771.0,-0.016757,3.83e-18,523524,0.002707,0.2888,425740.0,-0.0004962,0.842,425743.0,0.012376271,0.06752,318397.62,matched,1,2070,False,0.6023856858846919,0.0020497575078161274,0.0016641161921686813,0.0019297008931574197,0.00255194926236435,0.002489265630657453,0.006769659616141031,3.83e-18,True,3.83e-18
1:23861271:T:C,LYM,-0.00602783,0.0053,472174,,,,-0.018202,3.61e-18,488325,-0.004398,0.1098,425740.0,-0.0008809,0.7426,425743.0,-0.0069756135,0.3077,318397.62,matched,1,2071,False,0.3101391650099404,0.002161898738547421,,0.0020944825185041675,0.002750309547241759,0.0026822996517664984,0.006838434422116654,3.61e-18,False,3.61e-18
5:67509801:T:C,LYM,0.00688886,0.00063,472174,-0.0023,0.18,718344.0,-0.017302,2.39e-19,524921,0.003405,0.1855,425740.0,-0.003113,0.2145,425743.0,0.000300045,0.9652,318397.62,matched,1,2074,False,0.4224652087475149,0.0020152536443778005,0.0017154513257128061,0.0019237867378581837,0.002571734458439112,0.002507882326417995,0.0068771650717396795,2.39e-19,True,2.39e-19
6:23559114:C:G,LYM,-0.00357507,0.075,472174,0.0062,0.0003154,717992.0,-0.015386,5.12e-16,524922,0.005102,0.05618,425740.0,-0.001894,0.4673,425743.0,0.015621381,0.0003206,318397.62,matched,1,2073,True,0.49403578528827036,0.0020079424879705875,0.0017211170832215333,0.0018974880459324617,0.002671712304266381,0.0026056601558718424,0.004341612471345079,5.12e-16,True,5.12e-16
8:72909349:C:A,LYM,0.00390571,0.096,472174,0.0012,0.601,484680.0,-0.018902,2.26e-17,524920,-0.002676,0.3862,425740.0,-0.00281,0.3509,425743.0,-0.008959741,0.2683,318397.62,matched,1,2075,False,0.20576540755467196,0.0023463878060921944,0.002294617390966951,0.002229118714630768,0.003088182007401718,0.003012290339340639,0.00809381631749751,2.26e-17,True,2.26e-17
2:120680218:T:C,LYM,-0.00478243,0.26,472174,-0.0025,0.5384,484680.0,0.034601,1.73e-18,523982,-0.004936,0.4147,425740.0,-0.006738,0.2537,425743.0,0.0016012813,0.9182,318397.62,matched,1,2076,False,0.055666003976143144,0.004245798707666545,0.00406349256914919,0.003943750495102861,0.006051610819323088,0.005903233100199905,0.015591628127823335,1.73e-18,True,1.73e-18
3:170825920:G:A,LYM,-0.00530748,0.017,472174,-0.0048,0.01186,716660.0,0.016877,1.49e-15,523518,-0.0003453,0.9099,425740.0,-0.005141,0.08408,425743.0,-0.0059820716,0.4802,318397.62,matched,1,2077,False,0.2882703777335984,0.00222376620450728,0.001907575784075696,0.0021155032991290873,0.0030513055085395055,0.0029759969564235136,0.008473418175799859,1.49e-15,True,1.49e-15
10:96524395:C:T,LYM,-0.0008696,0.78,472174,-0.0026,0.3709,484680.0,-0.02322,9.91e-16,524920,-0.0005033,0.9006,425740.0,-0.0005317,0.8924,425743.0,-0.02078254,0.05617,318397.62,matched,1,2079,False,0.1272365805168986,0.0031132858586606286,0.002905713625189127,0.0028923880683215703,0.00402951292274817,0.003930715879100566,0.010882538430187154,9.91e-16,True,9.91e-16
5:124342470:C:A,LYM,-0.00060601,0.79,472174,0.005,0.024,484680.0,0.018452,7.71e-17,524919,0.003501,0.2355,425740.0,-0.003928,0.1724,425743.0,0.0039076246,0.6211,318397.62,matched,1,2078,False,0.21968190854870775,0.0022755758499777346,0.0022152032331396758,0.0022136353734439735,0.002951168544023901,0.0028786413669052197,0.007905498954253779,7.71e-17,True,7.71e-17
17:42334012:C:T,LYM,0.00712676,0.00094,472174,-0.0057,0.004838,484680.0,0.017263,6.28e-17,523978,-0.003945,0.1691,425740.0,0.00232,0.4069,425743.0,-0.0049875416,0.5028,318397.62,matched,1,2080,False,0.705765407554672,0.0021544697472031128,0.002022979019639797,0.002064990109003708,0.002868879272238302,0.002797333361403324,0.007443084816595373,6.28e-17,True,6.28e-17
17:7141140:C:G,LYM,-0.00577769,0.043,472174,0.01,0.0002522,484680.0,-0.023837,1.19e-18,524915,0.005219,0.1405,425740.0,0.01152,0.0008509,425743.0,0.021836694,0.001325,318397.62,matched,1,2085,True,0.14015904572564614,0.0028549989997977286,0.0027322288721329676,0.0027039434027645104,0.003540869798732162,0.0034535651422790306,0.00680162934935013,1.19e-18,True,1.19e-18
11:46744369:G:A,LYM,-0.00868173,0.016,472174,0.0169,9.119e-07,484680.0,0.027702,3.51e-16,524922,-0.006103,0.1817,425740.0,0.002506,0.5739,425743.0,0.030459208,0.001136,318397.62,matched,1,2095,False,0.08349900596421471,0.0036039993245429777,0.003442126572334812,0.003397196159859678,0.004569690591888533,0.004456560306635037,0.009359161613194672,3.51e-16,True,3.51e-16
10:115851567:T:C,LYM,-0.00111739,0.69,472174,0.0087,0.0009994,484680.0,0.021478,2.2e-16,524923,0.01096,0.001953,425740.0,0.005507,0.1104,425743.0,0.024395157,0.000214,318397.62,matched,1,2081,False,0.16898608349900596,0.002801493816307679,0.002643817933767289,0.00261587184416144,0.0035385795010127123,0.003449641368484115,0.006589920740370971,2.2e-16,True,2.2e-16
3:128203035:A:G,LYM,-0.0157663,8.9e-15,472174,0.0014,0.4678,484680.0,0.016061,8.77e-17,524910,0.008039,0.002293,425740.0,-0.005415,0.0352,425743.0,-0.0019980026,0.7479,318397.62,matched,1,2089,False,0.6252485089463221,0.002033296014489414,0.001928206681685422,0.0019303262146373162,0.0026362574948573286,0.002571163895768865,0.006216374763148422,8.77e-17,True,8.77e-17
2:11353374:T:C,LYM,-0.00134858,0.5,472174,0.0069,0.0002738,484680.0,0.01455,1.36e-14,523983,-0.00894,0.0003921,425740.0,-0.004355,0.07663,425743.0,-0.015873348,0.0006805,318397.62,matched,1,2083,False,0.5268389662027833,0.001999407699832285,0.001896174922347442,0.0018895951223184564,0.002521616603864193,0.002459641231769341,0.0046723182973722795,1.36e-14,True,1.36e-14
8:22789184:C:T,LYM,0.00284196,0.18,472174,-0.0028,0.1549,484680.0,0.016883,1.8e-17,524916,-0.002743,0.3043,425740.0,0.001593,0.5408,425743.0,-0.0049875416,0.512,318397.62,matched,1,2086,False,0.35984095427435386,0.002119671325922942,0.001968455459560895,0.001984828676774599,0.002670220829131513,0.0026046278681791284,0.007606128835783588,1.8e-17,True,1.8e-17
6:113387068:C:T,LYM,0.00058064,0.82,472174,0.0064,0.002665,718595.0,-0.018765,1.94e-15,524909,-5.576e-05,0.986,425740.0,-0.002974,0.3389,425743.0,-0.003992021,0.6609,318397.62,matched,1,2097,False,0.22465208747514911,0.0025517592546800104,0.0021305288522924463,0.002361826585821611,0.0031776971484394627,0.0031097695377629866,0.009100263557993104,1.94e-15,True,1.94e-15
4:153005716:T:C,LYM,0.00333107,0.1,472174,0.0051,0.003606,716006.0,0.014209,9.33e-14,522443,-0.006987,0.007015,425740.0,-0.008939,0.0004054,425743.0,-0.0099503305,0.1439,318397.62,matched,1,2087,False,0.55168986083499,0.0020251467640763363,0.0017521453614205613,0.0019072337614049009,0.0025914909580427793,0.002527609356499287,0.006808669070949511,9.33e-14,True,9.33e-14
19:49458262:C:T,LYM,-0.00091325,0.74,472174,0.0043,0.1019,484680.0,0.020784,1e-13,480360,-0.009578,0.009642,425740.0,-0.004617,0.2007,425743.0,-0.016857117,0.03031,318397.62,matched,1,2096,False,0.8518886679920478,0.002751968632547385,0.0026288255796226316,0.002793209691408955,0.003700340422692258,0.003608272192560536,0.007782546682405133,1e-13,True,1e-13
1:182151236:T:G,LYM,0.0014074,0.51,472174,0.0002,0.9303,718696.0,0.017509,1.78e-18,524918,-0.00186,0.4949,425740.0,-0.003828,0.1497,425743.0,-0.0059820716,0.4057,318397.62,matched,1,2090,False,0.3220675944333996,0.002136186219332706,0.0022865662895698263,0.0019963694617396444,0.0027251304315977338,0.002657241030504841,0.0071944478137429,1.78e-18,True,1.78e-18
1:197608612:C:T,LYM,0.00186301,0.45,472174,0.0113,1.029e-06,484680.0,-0.021258,1.95e-20,524921,-0.007469,0.01596,425740.0,0.0183,1.417e-09,425743.0,-0.002995509,0.7188,318397.62,matched,1,2091,False,0.1918489065606362,0.002466207230448985,0.002312725539844121,0.002294430968250258,0.0030993900693537676,0.0030230263224028746,0.00831940177786995,1.95e-20,True,1.95e-20
6:130349119:C:T,LYM,-0.00875988,0.00022,472174,-0.0128,2.061e-11,806801.0,0.018727,2.57e-17,523519,-0.01037,0.0004541,425740.0,-0.009008,0.001782,425743.0,-0.0049875416,0.5194,318397.62,matched,1,2119,False,0.7763419483101391,0.0023708227535530653,0.0019099816034743428,0.002212386478675324,0.002957393843169765,0.0028831622070920673,0.007741377423183864,2.57e-17,True,2.57e-17
10:102075479:G:A,LYM,-0.00285877,0.27,472174,0.0009,0.674,794413.0,0.020453,2.78e-16,523520,-0.0004547,0.897,425740.0,0.01674,1.016e-06,425743.0,0.03397052,1.151e-06,318397.62,matched,1,2101,False,0.19681908548707752,0.002591666251322477,0.00213947158374125,0.0024996008588709226,0.003512498713210612,0.003424353530603778,0.0069842264591382245,2.78e-16,True,2.78e-16
9:133632758:A:G,LYM,0.00010435,0.96,472174,0.0019,0.3212,484680.0,-0.014243,2.23e-13,524915,-0.001006,0.701,425740.0,-0.003579,0.1612,425743.0,0.0,0.9939,318397.62,matched,1,2092,False,0.4194831013916501,0.0020806090570452546,0.001915332375100305,0.0019419898448371766,0.0026199900674051748,0.00255451804162383,0.0025394252144655444,2.23e-13,True,2.23e-13
1:212375359:G:A,LYM,0.00033681,0.87,472174,0.0015,0.3955,718646.0,0.016769,1.04e-17,524907,-0.008542,0.001244,425740.0,-0.001323,0.6083,425743.0,-0.014888613,0.00951,318397.62,matched,1,2093,False,0.6520874751491054,0.0020580051041178154,0.001765359206767405,0.001956839978654415,0.002645733022992529,0.0025814553496686546,0.005741506035256469,1.04e-17,True,1.04e-17
2:234340999:G:A,LYM,0.00195583,0.55,472174,-0.0035,0.2594,484680.0,-0.026145,1.26e-16,521411,-0.004725,0.2691,425740.0,-0.002018,0.6284,425743.0,-0.033434775,0.0002797,318397.62,matched,1,2094,False,0.09940357852882704,0.0032719311891021207,0.0031033585060550426,0.0031586388642573385,0.00427548596017605,0.0041695930188971764,0.009202037393174562,1.26e-16,True,1.26e-16
13:46702791:A:T,LYM,0.00110023,0.66,472174,-0.0041,0.053,718044.0,0.018304,2.2e-15,524912,0.004197,0.2027,425740.0,0.006547,0.04157,425743.0,0.007024615,0.4244,318397.62,matched,1,2098,True,0.1779324055666004,0.0025010163046978403,0.0021189496414374706,0.0023083373429746744,0.0032946154416610336,0.0032127794575797595,0.008793838378955985,2.2e-15,True,2.2e-15
12:26358170:T:C,LYM,0.00112874,0.59,472174,-0.0026,0.1351,718670.0,-0.015843,1.23e-15,523521,-0.01011,0.000152,425740.0,-0.002206,0.3969,425743.0,-0.017839918,0.001227,318397.62,matched,1,2103,False,0.32703777335984097,0.0020947745447102146,0.0017399574920266216,0.001980025406931133,0.0026691103640865445,0.0026039617307704794,0.005518874570872798,1.23e-15,True,1.23e-15
17:15998837:A:G,LYM,-0.00348112,0.089,472174,,,,0.014605,3.14e-13,488325,-0.005267,0.04775,425740.0,-0.007453,0.004074,425743.0,-0.0099503305,0.1674,318397.62,matched,1,2099,False,0.5407554671968191,0.0020468790754854084,,0.0020039095891946058,0.0026606565238896655,0.002594717465969847,0.007207217177360839,3.14e-13,False,3.14e-13
1:214405704:G:T,LYM,-0.00012377,0.95,472174,-0.0033,0.08633,484680.0,0.016574,6.32e-18,524921,0.001229,0.6462,425740.0,-0.001658,0.5253,425743.0,0.0028039273,0.6979,318397.62,matched,1,2100,False,0.5715705765407555,0.001973789820808269,0.001924105065571457,0.0019212656742082191,0.002677282395527705,0.0026102142196906416,0.0072236974778466505,6.32e-18,True,6.32e-18
14:23793305:C:T,LYM,-0.00067481,0.81,472174,0.0086,0.0009947,484680.0,-0.020532,1.85e-15,523980,0.001811,0.6256,425740.0,0.008072,0.02581,425743.0,0.008637194,0.381,318397.62,matched,1,2120,False,0.17693836978131214,0.002806726030429628,0.0026123766044701233,0.0025823140918512025,0.0037116041594843804,0.0036212595181808285,0.009859188701789624,1.85e-15,True,1.85e-15
11:119061879:G:C,LYM,0.0105345,0.0048,472174,-0.0163,3.646e-06,484680.0,-0.028079,8.46e-15,524880,-0.008262,0.09248,425740.0,0.0008775,0.8546,425743.0,-0.008959741,0.5048,318397.62,matched,1,2102,True,0.08648111332007952,0.003735428929306005,0.0035200588978617263,0.0036181980557374875,0.004910671417857386,0.004788478158865505,0.013433773702399225,8.46e-15,True,8.46e-15
6:170586082:G:A,LYM,-0.00242573,0.23,472174,-0.0019,0.3211,484680.0,-0.014956,5.04e-14,480499,-0.004275,0.102,425740.0,-0.009321,0.0002571,425743.0,-0.012916225,0.01117,318397.62,matched,1,2106,False,0.43141153081510936,0.00202083733857666,0.001914936613501458,0.0019859568364066693,0.002614304717104328,0.002550148132643007,0.005090468879505828,5.04e-14,True,5.04e-14
6:109741530:C:G,LYM,-0.00510508,0.02,472174,,,,-0.014999,1.52e-11,445925,-0.008047,0.003306,425740.0,-0.006956,0.009224,425743.0,-0.01192857,0.09048,318397.62,matched,1,2114,True,0.3121272365805169,0.0021944611366882683,,0.00222339900011387,0.0027391680739275886,0.002671645888382435,0.0070463544452275245,1.52e-11,False,1.52e-11
1:40398941:A:G,LYM,-0.00733556,0.0012,472174,,,,0.016976,1.52e-14,488325,0.007878,0.006676,425740.0,-0.003427,0.2264,425743.0,0.011465478,0.1373,318397.62,matched,1,2104,False,0.24950298210735586,0.002264844554892093,,0.0022087379845704075,0.00290423729663768,0.0028329702078607206,0.0077160747226492025,1.52e-14,False,1.52e-14
9:113830547:C:T,LYM,0.00367135,0.085,472174,0.0036,0.07316,484680.0,-0.013138,6.1e-11,524920,-0.008072,0.004073,425740.0,0.004267,0.1195,425743.0,-0.012916225,0.04147,318397.62,matched,1,2107,False,0.36779324055666,0.002131551520411269,0.0020091177573975157,0.0020084795370277084,0.0028101427328114303,0.002740745457040887,0.006335209675746907,6.1e-11,True,6.1e-11
6:153043035:G:A,LYM,-0.0004083,0.88,472174,-0.0027,0.2427,706209.0,0.020604,4.45e-17,523514,-0.009183,0.005166,425740.0,0.005994,0.06127,425743.0,-0.01192857,0.1665,318397.62,matched,1,2105,False,0.15904572564612326,0.0027045248838079576,0.002311120026955387,0.0024527434024660334,0.003283751868015409,0.003202706718718914,0.00862178777365247,4.45e-17,True,4.45e-17
11:220243:T:C,LYM,-0.0133033,4.4e-11,472174,0.0016,0.4039,484680.0,0.01001,1.26e-11,522051,-0.0007694,0.7625,425740.0,0.004772,0.05458,425743.0,0.010151351,0.02542,318397.62,matched,1,2108,False,0.5238568588469185,0.002018728096480488,0.0019169108273087224,0.0014778922832511827,0.0025460004031959767,0.002482565924461802,0.004542073565748462,1.26e-11,True,1.26e-11
1:236033290:G:A,LYM,-0.00107828,0.64,472174,0.0026,0.2404,484680.0,-0.016997,4.13e-15,524921,0.00858,0.003258,425740.0,0.004339,0.1271,425743.0,0.00020002,0.977,318397.62,matched,1,2109,False,0.7713717693836978,0.002305500895109207,0.002214674194101371,0.0021649695064554753,0.0029161009858926362,0.0028440557388156435,0.006937859311642707,4.13e-15,True,4.13e-15
10:64988931:A:T,LYM,-0.00055316,0.78,472174,-0.0141,1.542e-13,484680.0,-0.013647,5.89e-13,524919,-0.01241,1.398e-06,425740.0,-0.01973,3.73e-15,425743.0,-0.029558802,3.399e-08,318397.62,matched,1,2110,True,0.5069582504970179,0.001980387770902384,0.0019096675311179071,0.0018946260378228522,0.002571866375654148,0.0025090023788769864,0.005355307618602149,5.89e-13,True,1.542e-13
15:75115416:T:G,LYM,-0.00541644,0.016,472174,0.008,5.274e-05,596332.0,-0.01426,4.07e-11,524919,-0.0164,6.037e-09,425740.0,-0.02375,5.743e-18,425743.0,-0.041141942,3.115e-13,318397.62,matched,1,2113,False,0.6819085487077535,0.00224849725819941,0.001978659916071617,0.0021601129485191656,0.002819938551353078,0.002749621449143346,0.005644132105716965,4.07e-11,True,4.07e-11
11:60272761:G:A,LYM,0.00211254,0.29,472174,-0.0054,0.00428,484680.0,0.016291,7.64e-18,524920,-0.002922,0.2538,425740.0,-0.0006055,0.8084,425743.0,-0.003992021,0.5537,318397.62,matched,1,2112,False,0.5119284294234593,0.001996500179839765,0.0018902585362285734,0.0018932291374765926,0.002560534372559529,0.002497003480432727,0.006740717966724752,7.64e-18,True,7.64e-18
1:10796547:G:A,LYM,-0.00160747,0.45,472174,0.0043,0.03385,484680.0,-0.012942,2.16e-10,524918,0.04263,1.23e-55,425740.0,0.03593,5.451e-42,425743.0,0.052978925,3.547e-25,318397.62,matched,1,2111,False,0.352882703777336,0.0021279296067814074,0.0020265296255609477,0.0020382671024003008,0.002713021643595106,0.002646304617203475,0.005110924259657291,2.16e-10,True,2.16e-10
7:970039:C:T,LYM,0.00028083,0.89,472174,,,,-0.016188,9.11e-15,444846,0.001854,0.4873,425740.0,0.0004016,0.8774,425743.0,0.0008003202,0.9064,318397.62,matched,1,2115,False,0.5298210735586482,0.0020305239019073737,,0.0020884777991708133,0.0026691252523931186,0.002603295511320217,0.006806568390913311,9.11e-15,False,9.11e-15
2:153282375:A:G,LYM,0.00679796,0.013,472174,0.001,0.6712,718559.0,-0.019416,1.17e-13,523518,0.007288,0.03993,425740.0,-0.0009969,0.7732,425743.0,-0.016857117,0.02357,318397.62,matched,1,2151,False,0.1848906560636183,0.0027369530730865285,0.0023557034295194493,0.0026166635774499017,0.0035473829158616777,0.0034591558038693966,0.007445503023650316,1.17e-13,True,1.17e-13
14:99793449:T:A,LYM,0.0025773,0.21,472174,0.004,0.0231,717893.0,-0.014861,3.19e-14,524916,-0.001467,0.5741,425740.0,0.0003604,0.8875,425743.0,0.003004509,0.6649,318397.62,matched,1,2128,True,0.6133200795228628,0.0020559756362976286,0.0017607364207509683,0.0019578762748955277,0.0026102110840660973,0.002547567168608502,0.006936289080675561,3.19e-14,True,3.19e-14
20:52191200:G:A,LYM,0.00106119,0.73,472174,0.0017,0.5631,484680.0,0.022749,3.46e-14,524906,-0.007209,0.06985,425740.0,-0.01801,3.417e-06,425743.0,-0.02078254,0.05463,318397.62,matched,1,2116,False,0.12127236580516898,0.003074794250887786,0.0029399399368494664,0.00300125345248575,0.003976540892491798,0.003878108401076286,0.010814059863659934,3.46e-14,True,3.46e-14
15:50821258:C:A,LYM,0.00229975,0.31,472174,0.0054,0.01213,484680.0,-0.01616,6.13e-14,524917,-0.001701,0.5551,425740.0,-0.0007315,0.7947,425743.0,0.001801622,0.8154,318397.62,matched,1,2117,False,0.25745526838966204,0.0022652680150297465,0.0021528184774470276,0.002153152420310542,0.002882390256790705,0.00281116587568046,0.0077168679456120545,6.13e-14,True,6.13e-14
7:134380776:G:A,LYM,-0.00146962,0.52,472174,0.0028,0.1487,713146.0,-0.018113,3.91e-17,522440,0.001519,0.5967,425740.0,0.005245,0.06104,425743.0,-0.013902905,0.06723,318397.62,matched,1,2118,False,0.25347912524850896,0.002284340554359666,0.0019388721101209557,0.0021523208854307635,0.002870630656522094,0.0028000129903353274,0.00759666225611278,3.91e-17,True,3.91e-17
7:92471518:T:A,LYM,9.683e-05,0.97,472174,0.003,0.2473,484680.0,0.021153,2.86e-16,524920,-0.001072,0.7576,425740.0,0.0002541,0.9402,425743.0,0.0012007206,0.895,318397.62,matched,1,2122,True,0.1709741550695825,0.002574698451366992,0.002593064319296913,0.002586229637307348,0.0034733704263453418,0.0033871649252228023,0.009097736951020058,2.86e-16,True,2.86e-16
19:40805829:G:T,LYM,-0.0114247,0.0036,472174,-0.0074,0.04853,484680.0,0.027956,9.09e-14,524921,-0.004173,0.3845,425740.0,-0.01558,0.0008735,425743.0,-0.0099503305,0.4389,318397.62,matched,1,2126,False,0.08449304174950298,0.003924344582722806,0.003751208070868897,0.0037507240590639664,0.004798565881027793,0.004680944114500093,0.012854859371167237,9.09e-14,True,9.09e-14
13:48976673:C:T,LYM,0.00251297,0.25,472174,-0.0012,0.5399,484680.0,-0.015781,2.42e-14,524917,0.009438,0.0008582,425740.0,-0.003286,0.2341,425743.0,0.01308524,0.08326,318397.62,matched,1,2124,False,0.6978131212723658,0.002184527625145154,0.001957699921120812,0.0020693462888194563,0.0028314218459771215,0.0027616610420666656,0.007554656178358833,2.42e-14,True,2.42e-14
6:15326802:C:G,LYM,-0.00153292,0.45,472174,-0.0017,0.3755,484680.0,0.015973,1.9e-16,524918,-0.001279,0.6453,425740.0,-0.001543,0.5692,425743.0,-0.003992021,0.6274,318397.62,matched,1,2121,True,0.5755467196819085,0.0020292421338048952,0.0019182636387816679,0.0019412437427007321,0.002778615057386988,0.002710678888847023,0.008224364314228136,1.9e-16,True,1.9e-16
22:40667996:A:G,LYM,-0.00720227,0.0019,472174,,,,-0.016709,2.39e-13,490410,-0.003985,0.1851,425740.0,-0.00651,0.02644,425743.0,0.014606153,0.06699,318397.62,matched,1,2123,False,0.7594433399602386,0.002319247466463899,,0.0022811098523740298,0.003007060247169228,0.002932845511007971,0.007973917755803514,2.39e-13,False,2.39e-13
5:134745567:C:A,LYM,-0.00608604,0.19,472174,,,,0.038327,2e-17,488325,0.00712,0.3359,425740.0,0.004424,0.5398,425743.0,-0.031498667,0.1088,318397.62,matched,1,2130,False,0.04970178926441352,0.004643779183945401,,0.0045123537845504595,0.007398956437618274,0.0072156066921736746,0.01964234632039367,2e-17,False,2e-17
7:36084529:T:C,LYM,0.00178459,0.39,472174,0.0003,0.8735,718618.0,0.013802,1.63e-12,523521,-0.005102,0.05521,425740.0,-0.004731,0.06839,425743.0,-0.018821754,0.0003508,318397.62,matched,1,2127,False,0.38071570576540753,0.002076028328689955,0.0018842522913496125,0.001954139940358141,0.002661144910924398,0.0025959866803376337,0.005265455279185714,1.63e-12,True,1.63e-12
15:39274998:G:A,LYM,-0.0021704,0.29,472174,0.0008,0.6814,484680.0,-0.009494,1.65e-06,503351,0.006025,0.02108,425740.0,0.0013,0.6099,425743.0,0.009949331,0.03441,318397.62,matched,1,2125,False,0.3827037773359841,0.0020511819848732927,0.0019485891350396556,0.001981154944340867,0.0026121279658154,0.002547939453267156,0.004703654788217263,1.65e-06,False,1.65e-06
8:25287397:T:C,LYM,-0.00220944,0.37,472174,0.0004,0.8668,484680.0,0.018486,2.02e-15,524917,-0.00427,0.1857,425740.0,0.007118,0.02372,425743.0,0.003706862,0.6675,318397.62,matched,1,2180,False,0.21669980119284293,0.00246459079401636,0.0023848628930231005,0.002328178967272234,0.003226520161470855,0.0031472814344407785,0.0086290048599195,2.02e-15,True,2.02e-15
16:29158794:A:G,LYM,-0.00142279,0.48,472174,-0.001,0.5516,718392.0,0.014445,5.87e-14,524921,0.0009529,0.7062,425740.0,-0.002332,0.3442,425743.0,-0.003992021,0.5091,318397.62,matched,1,2132,False,0.532803180914513,0.0020144199877724796,0.0016796439447472932,0.0019231922474622627,0.0025278243558004756,0.0024653789668062517,0.006046320475961694,5.87e-14,True,5.87e-14
19:45748362:G:C,LYM,0.00411077,0.061,472174,0.0109,1.883e-07,484680.0,-0.017321,7.73e-17,524908,0.01009,0.0003984,425740.0,0.01304,2.71e-06,425743.0,0.030253043,1.637e-07,318397.62,matched,1,2129,True,0.28926441351888665,0.0021941713243054614,0.0020919169503125245,0.0020780288448131092,0.0028493637630114563,0.0027794012862825887,0.005777402333065397,7.73e-17,True,7.73e-17
14:69181422:G:T,LYM,-0.00154021,0.59,472174,-0.0003,0.9089,484680.0,-0.021324,2.26e-15,524923,-0.008905,0.01918,425740.0,-0.0001568,0.9663,425743.0,-0.0049875416,0.6241,318397.62,matched,1,2137,False,0.16600397614314116,0.0028584020248313335,0.0026217787471060727,0.0026903268480895424,0.0038022831361274635,0.0037113082905842827,0.010177661290579421,2.26e-15,True,2.26e-15
8:102467706:C:T,LYM,0.00135481,0.5,472174,0.001,0.5736,718687.0,0.014501,2.41e-14,522440,0.003174,0.2091,425740.0,0.0008647,0.7257,425743.0,0.004008021,0.5551,318397.62,matched,1,2136,False,0.5178926441351889,0.0020086443116535744,0.0017769642116067083,0.0019013680499638563,0.0025269814401347192,0.002464577728457593,0.00679169940000737,2.41e-14,True,2.41e-14
17:43845480:T:C,LYM,-0.0029511,0.19,472174,-0.0045,0.03835,484680.0,0.016225,3.14e-14,524918,0.002107,0.4611,425740.0,0.00682,0.01444,425743.0,-0.016857117,0.003505,318397.62,matched,1,2131,False,0.7117296222664016,0.002251752658500646,0.0021727645921352807,0.0021370014994564128,0.002858744824922401,0.002788080555472363,0.005773809744051937,3.14e-14,True,3.14e-14
2:55324905:C:T,LYM,-0.00305295,0.13,472174,-0.0085,6.419e-07,717917.0,-0.013596,1.05e-12,524916,0.002271,0.3944,425740.0,-0.00355,0.1722,425743.0,-0.003992021,0.5416,318397.62,matched,1,2134,False,0.5606361829025845,0.0020163438305993682,0.0017074565394742166,0.0019085349990038882,0.0026665411300469256,0.0026004110133249995,0.006540058859318587,1.05e-12,True,1.05e-12
1:79357360:G:C,LYM,0.0065558,0.0027,472174,-0.0018,0.3288,718698.0,-0.016113,5.22e-15,524462,0.0006123,0.823,425740.0,-0.01501,1.887e-08,425743.0,-0.015873348,0.004542,318397.62,matched,1,2133,True,0.3091451292246521,0.002185283425821316,0.001843254145787422,0.00206009231767068,0.002737293482825241,0.002669842618911943,0.005593461997178484,5.22e-15,True,5.22e-15
6:11988081:T:G,LYM,-0.00576801,0.036,472174,0.0061,0.007822,718578.0,0.017257,3.33e-11,523980,-0.001809,0.5919,425740.0,-0.0009809,0.7657,425743.0,0.0044097085,0.6216,318397.62,matched,1,2135,False,0.18389662027833,0.0027506960516505046,0.002293527844103339,0.0026024001826914613,0.003374466633286174,0.0032915649541540195,0.008934058771204465,3.33e-11,True,3.33e-11
5:100141374:A:T,LYM,-0.00045554,0.83,472174,0.0027,0.1192,718575.0,0.01402,6.86e-13,523842,0.004283,0.09972,425740.0,0.002668,0.2931,425743.0,-0.01093994,0.1241,318397.62,matched,1,2138,True,0.6520874751491054,0.00212173578534973,0.0017328350015186201,0.0019520489477404732,0.0026017296004562616,0.0025377008309166167,0.007114066867916106,6.86e-13,True,6.86e-13
21:43855067:A:C,LYM,0.00059768,0.79,472174,0.0025,0.1803,718659.0,0.014656,2.13e-12,523521,0.006418,0.02056,425740.0,0.003355,0.2145,425743.0,0.006923915,0.3462,318397.62,matched,1,2141,False,0.27634194831013914,0.002244296585889164,0.0018659057065184307,0.0020860563248213354,0.002771195107205023,0.0027028413765282275,0.007350340410004189,2.13e-12,True,2.13e-12
12:56445366:G:A,LYM,0.00179946,0.4,472174,-0.0148,2.448e-13,484680.0,-0.013546,1.09e-11,524913,-0.009705,0.0002825,425740.0,-0.01313,4.743e-07,425743.0,-0.023716526,1.759e-05,318397.62,matched,1,2142,False,0.3290258449304175,0.00213808769101606,0.0020213810537392587,0.001993792312126356,0.0026729349983125763,0.002607006519935403,0.0055238563259909805,1.09e-11,True,2.448e-13
3:194205215:T:G,LYM,0.00208832,0.63,472174,0.0048,0.2008,484680.0,-0.024075,3.01e-08,524921,-0.003805,0.5533,425740.0,-0.01098,0.07953,425743.0,0.020202707,0.2364,318397.62,matched,1,2139,False,0.061630218687872766,0.004335070801638363,0.0037521232857848624,0.004344998036852627,0.006418448180729745,0.006262049122866838,0.017062621564866313,3.01e-08,True,3.01e-08
7:100330091:T:C,LYM,0.00216058,0.43,472174,-0.0083,0.001472,484680.0,-0.019086,2.46e-13,521429,0.01118,0.0008255,425740.0,-0.02096,1.318e-10,425743.0,0.002102208,0.8153,318397.62,matched,1,2145,False,0.7813121272365805,0.002737712687054596,0.0026099416632671675,0.002606995687208118,0.003343201539967263,0.003262216082778015,0.008999399991872051,2.46e-13,True,2.46e-13
6:13547958:C:T,LYM,-0.00212397,0.33,472174,0.003,0.1356,484680.0,0.016186,6.71e-15,524919,0.01063,0.0001085,425740.0,0.009644,0.0003193,425743.0,0.011566636,0.1128,318397.62,matched,1,2140,False,0.7157057654075547,0.0021804124240709095,0.0020102141637216497,0.002077837680434698,0.0027462361822922924,0.0026795464140950804,0.007294191101279532,6.71e-15,True,6.71e-15
16:11281218:G:A,LYM,-0.00164142,0.48,472174,-0.0028,0.2107,484680.0,-0.017046,1.24e-14,524920,0.00155,0.5998,425740.0,-0.009562,0.0009077,425743.0,0.00050012505,0.947,318397.62,matched,1,2153,False,0.26938369781312127,0.0023239615518309124,0.0022370597137602523,0.0022103625535742264,0.0029541357384426435,0.002882138756110178,0.007523554052820898,1.24e-14,True,1.24e-14
8:106259517:T:C,LYM,-0.00337125,0.17,472174,0.0019,0.3554,718431.0,0.015623,7.4e-12,524923,-0.005906,0.07392,425740.0,0.0001737,0.957,425743.0,-0.0059820716,0.4906,318397.62,matched,1,2143,False,0.23658051689860835,0.0024568143433882058,0.0020559081548473237,0.0022808265867422625,0.003304780287169729,0.00322152149686149,0.008677782936383409,7.4e-12,True,7.4e-12
9:112748527:G:A,LYM,0.00104552,0.71,472174,,,,0.018579,6.51e-12,491816,0.004981,0.1922,425740.0,-0.009423,0.01143,425743.0,-0.0059820716,0.5369,318397.62,matched,1,2144,False,0.1411530815109344,0.002811625329919807,,0.002705147241550704,0.0038194967610675565,0.003725580623414489,0.009687446829156914,6.51e-12,False,6.51e-12
2:231508389:T:C,LYM,-0.00027628,0.89,472174,-0.0041,0.02106,715136.0,0.013783,1.45e-12,522438,-0.002244,0.4233,425740.0,0.00407,0.1365,425743.0,0.010555514,0.1549,318397.62,matched,1,2148,False,0.37773359840954274,0.0019976254090338257,0.001777271400065536,0.0019469742985400707,0.002802515477803656,0.0027334661607019838,0.0074207354149183795,1.45e-12,True,1.45e-12
1:156958472:G:A,LYM,0.00547916,0.14,472174,-0.0005,0.8841,484680.0,-0.025472,5.63e-13,524920,-0.009839,0.05631,425740.0,0.006341,0.2072,425743.0,-0.030529205,0.001904,318397.62,matched,1,2146,False,0.07455268389662027,0.0037126936641972827,0.003429972847946608,0.003533284932964307,0.005155009837983823,0.0050273440854051825,0.009832867489648834,5.63e-13,True,5.63e-13
2:204604603:A:G,LYM,-0.00309748,0.17,472174,0.0006,0.7695,484680.0,-0.015208,8.9e-13,523949,0.005174,0.06346,425740.0,0.002258,0.4063,425743.0,-0.01093994,0.1492,318397.62,matched,1,2149,False,0.7107355864811133,0.00225730316421449,0.0020475790426439547,0.0021280262533179394,0.002787783399239324,0.0027190981058157174,0.007584734291406198,8.9e-13,True,8.9e-13
20:4136671:G:T,LYM,-0.00212175,0.33,472174,0.0004,0.8124,706489.0,0.013196,8.8e-11,521148,-0.005763,0.03796,425740.0,-2.808e-06,0.9992,425743.0,0.008838949,0.2305,318397.62,matched,1,2147,False,0.3061630218687873,0.0021781334297435707,0.0016854096959970294,0.002034457987486724,0.0027769661217878342,0.0023512897751459165,0.007371492236700598,8.8e-11,True,8.8e-11
3:24232035:C:T,LYM,-0.00348703,0.17,472174,0.0038,0.1144,484680.0,0.013948,7.85e-11,524918,-0.002173,0.501,425740.0,0.006995,0.02634,425743.0,-0.015873348,0.01221,318397.62,matched,1,2150,False,0.18091451292246521,0.0025411895646496032,0.002407011314554879,0.002144708743151308,0.0032292236803608777,0.003149252697886887,0.006334096137819961,7.85e-11,True,7.85e-11
2:61331578:C:T,LYM,-0.00050507,0.8,472174,-0.004,0.03675,484680.0,-0.013186,2.01e-11,481382,-0.003058,0.2268,425740.0,-0.007693,0.00182,425743.0,-0.01093994,0.03526,318397.62,matched,1,2154,False,0.536779324055666,0.0019935890079203758,0.0019152221379198408,0.001966505598920929,0.0025301100570249797,0.0024671806471263658,0.0051962329581691285,2.01e-11,True,2.01e-11
8:38288566:C:G,LYM,0.00206893,0.37,472174,-0.0022,0.3247,484680.0,0.016775,2.4e-14,524920,0.01391,2.584e-06,425740.0,0.005241,0.06936,425743.0,0.021019368,6.105e-05,318397.62,matched,1,2155,True,0.25944333996023855,0.002307854402683154,0.0022338530758443413,0.002199379802951063,0.002958701212745782,0.002885905757250261,0.005243417693159675,2.4e-14,True,2.4e-14
16:24046655:G:T,LYM,0.00455447,0.29,472174,0.0059,0.1519,484680.0,-0.030922,4.16e-14,524917,0.001038,0.862,425740.0,-0.005119,0.3793,425743.0,-0.0049875416,0.765,318397.62,matched,1,2156,False,0.05864811133200795,0.004304297279140189,0.004117660459429078,0.004092435594958748,0.005971392113088692,0.00582242590133196,0.016685125916180682,4.16e-14,True,4.16e-14
12:68560254:G:A,LYM,0.0044322,0.045,472174,0.0017,0.4167,484680.0,0.014235,6.38e-12,524918,0.005087,0.07098,425740.0,0.001572,0.5673,425743.0,-0.01192857,0.114,318397.62,matched,1,2152,False,0.7286282306163022,0.002210954598179206,0.002093184379795161,0.0020717822659109724,0.0028173376228437922,0.00274809591183441,0.007547497904499388,6.38e-12,True,6.38e-12
3:108506049:A:G,LYM,-0.00149647,0.48,472174,-0.0029,0.1465,484680.0,0.015073,3.54e-14,524919,-0.001868,0.4867,425740.0,-0.001932,0.461,425743.0,-0.0069756135,0.3259,318397.62,matched,1,2157,False,0.6520874751491054,0.002118737887602445,0.0019972372380241887,0.00198934473534969,0.002685578577923565,0.002620722787162762,0.00710054229251313,3.54e-14,True,3.54e-14
8:61412809:T:C,LYM,0.000853,0.68,472174,-0.0046,0.01761,484680.0,0.015259,5.16e-15,524919,0.0002512,0.9227,425740.0,-0.0007425,0.7687,425743.0,0.011566636,0.09289,318397.62,matched,1,2159,False,0.3986083499005964,0.0020680636379673757,0.0019378882559563516,0.0019505431947405164,0.0025888036804646818,0.002524859433603975,0.00688348437465448,5.16e-15,True,5.16e-15
8:126506694:G:A,LYM,-0.00032031,0.88,472174,0.0123,4.797e-10,484680.0,-0.014131,7.33e-13,523775,-0.01409,8.574e-08,425740.0,0.002227,0.3856,425743.0,-0.021761492,1.272e-05,318397.62,matched,1,2178,False,0.38469184890656066,0.002121690829126933,0.0019757114673236644,0.001969989664928092,0.002631376259193363,0.0025667789805985247,0.004985602290714401,7.33e-13,True,7.33e-13
7:70113409:T:C,LYM,-0.00311721,0.16,472174,0.0051,0.006429,705194.0,-0.017869,1.1e-17,523522,0.005019,0.08112,425740.0,0.002267,0.4191,425743.0,0.014910613,0.01111,318397.62,matched,1,2158,False,0.6630218687872763,0.002218541808157491,0.00187151912083267,0.00208677684437166,0.0028774970265303744,0.00280574987794895,0.005872123794306561,1.1e-17,True,1.1e-17
16:28093674:C:T,LYM,0.00144136,0.52,472174,0.0001,0.9764,484680.0,0.015319,8.12e-13,523838,-0.0005928,0.8351,425740.0,-0.003289,0.2363,425743.0,-0.01093994,0.1383,318397.62,matched,1,2161,False,0.7147117296222664,0.0022404139174969366,0.003380373733743178,0.0021397898524119665,0.002847738593516442,0.002777201554891645,0.0073811215170663394,8.12e-13,True,8.12e-13
18:20461322:A:T,LYM,0.00418102,0.067,472174,-0.002,0.3578,484680.0,-0.017551,7.37e-16,524919,-0.002715,0.369,425740.0,0.001986,0.5005,425743.0,0.008233805,0.3062,318397.62,matched,1,2162,True,0.7534791252485089,0.002282622306484598,0.0021749408524328875,0.002176401713788156,0.0030222137939622767,0.0029478854705104014,0.008046890847692242,7.37e-16,True,7.37e-16
2:54039244:T:C,LYM,0.00595805,0.0052,472174,-0.0026,0.1899,484680.0,-0.014708,2e-13,524917,-0.004874,0.07315,425740.0,0.00558,0.03544,425743.0,-0.0099503305,0.1652,318397.62,matched,1,2160,False,0.3081510934393638,0.0021321576909404862,0.001983408036238774,0.0020014162584256054,0.0027200274654125664,0.0026529803455572648,0.007169893818819412,2e-13,True,2e-13
5:156397673:G:A,LYM,0.00094194,0.65,472174,-0.0032,0.1018,484680.0,-0.014151,5.2e-13,524919,0.002656,0.3066,425740.0,-0.003957,0.1183,425743.0,0.011667805,0.04902,318397.62,matched,1,2170,False,0.6481113320079522,0.0020758450580630277,0.001955764062563256,0.001959981121518687,0.0025978540806669784,0.002533373342528764,0.005927504693472296,5.2e-13,True,5.2e-13
16:75182354:G:C,LYM,0.00553409,0.011,472174,0.0072,0.0005641,484680.0,-0.016681,4.52e-16,524919,0.01042,0.0001725,425740.0,-0.002666,0.3244,425743.0,0.018062143,0.0008342,318397.62,matched,1,2165,True,0.2982107355864811,0.0021764630391058076,0.0020879775335511707,0.002053362306009695,0.0027740664163711216,0.002705345810810364,0.005405900571654335,4.52e-16,True,4.52e-16
3:188093707:G:C,LYM,0.0024317,0.23,472174,,,,-0.013107,2.2e-11,490408,-0.002018,0.4472,425740.0,0.0009631,0.71,425743.0,0.0008003202,0.9106,318397.62,matched,1,2163,True,0.48111332007952284,0.0020258108512558547,,0.0019585798850297797,0.002654944141227331,0.002589980445372414,0.007127784301352314,2.2e-11,False,2.2e-11
14:93516465:T:C,LYM,0.0040267,0.2,472174,0.0045,0.0933,717672.0,0.020125,1.47e-10,480040,0.001907,0.6303,425740.0,0.005105,0.1866,425743.0,0.0072260452,0.4916,318397.62,matched,1,2164,False,0.11133200795228629,0.003142050704989649,0.0026813783987101386,0.003140381669912661,0.0039621475520672175,0.0038653620151997276,0.010506542479655937,1.47e-10,True,1.47e-10
8:30242076:T:C,LYM,-0.00204109,0.38,472174,-0.005,0.02576,484680.0,-0.017087,1.46e-14,523965,0.002001,0.5348,425740.0,-0.0007633,0.8082,425743.0,-0.00796817,0.3801,318397.62,matched,1,2169,False,0.24652087475149106,0.0023249784872151607,0.0022423426210960965,0.0022216903613096906,0.003223803048499437,0.003144402757865306,0.009078341742465072,1.46e-14,True,1.46e-14
5:16634559:G:A,LYM,-0.00077277,0.74,472174,,,,-0.017126,1.44e-13,490346,0.0003408,0.9125,425740.0,0.003955,0.191,425743.0,0.016027762,0.05128,318397.62,matched,1,2168,False,0.20576540755467196,0.002328649110510422,,0.002316645265312835,0.0031014036192484238,0.0030245638072553646,0.008223037335406832,1.44e-13,False,1.44e-13
1:91588063:A:T,LYM,0.0011135,0.63,472174,-0.0009,0.6991,484680.0,0.014731,1.92e-11,523841,-0.00217,0.4634,425740.0,-0.002008,0.4866,425743.0,-0.013902905,0.07543,318397.62,matched,1,2166,True,0.24055666003976142,0.0023114758933613228,0.002328375101119338,0.0021947321512823946,0.002959387730450358,0.0028861907906646642,0.007820106694656012,1.92e-11,True,1.92e-11
3:142891007:C:T,LYM,-0.0021671,0.34,472174,0.0032,0.09776,710481.0,0.014183,4.09e-11,523521,-0.00176,0.5352,425740.0,0.00429,0.1213,425743.0,0.006521217,0.3884,318397.62,matched,1,2167,False,0.24652087475149106,0.002271199871148487,0.0019325871438084857,0.0021486854442400215,0.002838307849001882,0.0027689208934768596,0.0075606331610294595,4.09e-11,True,4.09e-11
10:30486133:G:A,LYM,-0.00378875,0.075,472174,-0.0057,0.003829,484680.0,0.013995,2.87e-12,524922,0.0007706,0.7726,425740.0,-0.01469,1.616e-08,425743.0,0.012578783,0.07668,318397.62,matched,1,2172,False,0.6669980119284294,0.002127956124299262,0.0019710114351229003,0.002003881134229815,0.002666660530096413,0.002600566195154837,0.007105520774635529,2.87e-12,True,2.87e-12
6:127435106:A:T,LYM,0.00326471,0.1,472174,-0.0001,0.9378,803520.0,0.012959,7.59e-12,524920,-0.009643,0.0001995,425740.0,-0.008558,0.0007125,425743.0,-0.008959741,0.03045,318397.62,matched,1,2173,True,0.4860834990059642,0.001984802748710671,0.0012814718862310054,0.001892907513785974,0.00259244906175325,0.002528419271352305,0.004140003136464782,7.59e-12,True,7.59e-12
7:26135490:T:C,LYM,-0.00538227,0.026,472174,-0.0009,0.6823,484680.0,0.017017,1.33e-13,524890,0.01219,8.203e-05,425740.0,0.005854,0.05248,425743.0,-0.0009995003,0.8809,318397.62,matched,1,2179,False,0.22266401590457258,0.0024176810464221258,0.0021987332566286363,0.002298618801253835,0.003095172982170991,0.0030188091273979116,0.006670966789263248,1.33e-13,True,1.33e-13
20:42815738:G:T,LYM,0.00208373,0.31,472174,0.0068,0.0005537,484680.0,-0.014841,2.65e-14,524912,0.01713,2.276e-10,425740.0,0.007182,0.006402,425743.0,0.01572296,0.0008841,318397.62,matched,1,2171,False,0.5825049701789264,0.0020524869750876977,0.001969110763678006,0.0019490802669213751,0.0027012713039247143,0.002634196385774862,0.004728671498093362,2.65e-14,True,2.65e-14
7:129546052:C:T,LYM,0.00431544,0.18,472174,,,,0.020393,5.02e-11,488325,-0.01284,0.002142,425740.0,-0.006717,0.09952,425743.0,-0.0049875416,0.6539,318397.62,matched,1,2176,False,0.13220675944333996,0.003218664030014814,,0.003103796057714782,0.0041826788094581485,0.0040778658643436695,0.011124193218256757,5.02e-11,False,5.02e-11
11:1874892:G:A,LYM,0.00359202,0.17,472174,0.0014,0.5694,484680.0,-0.017128,1.37e-11,481443,0.03369,1.286e-24,425740.0,0.02766,6.733e-18,425743.0,0.044056386,8.271e-13,318397.62,matched,1,2174,False,0.18588469184890655,0.002617701522502722,0.002460736439409576,0.0025333362086671766,0.0032894084232225904,0.0032090553669294262,0.00615606041641952,1.37e-11,True,1.37e-11
1:208045431:C:A,LYM,0.0101362,9.8e-05,472174,,,,-0.017192,9.48e-12,488325,-0.005989,0.09063,425740.0,-0.007031,0.04167,425743.0,0.003004509,0.7516,318397.62,matched,1,2175,False,0.21371769383697814,0.002602033990490277,,0.002522972497692866,0.003539422846121496,0.0034519820104708192,0.009492009514997207,9.48e-12,False,9.48e-12
9:136930894:G:A,LYM,-0.00225486,0.3,472174,0.0024,0.2473,484680.0,0.013695,7e-11,524918,-0.003653,0.1946,425740.0,-0.0003465,0.8996,425743.0,-0.015873348,0.03512,318397.62,matched,1,2177,False,0.3071570576540755,0.0021755956753779504,0.0020744514554375303,0.002100248422596047,0.0028163027884022833,0.0027463673319453913,0.007533724897971382,7e-11,True,7e-11
