a,b,dist,r,r2,ld_status,exposure
1:1680219:G:A,1:6279370:G:C,4599151,-0.0340696796774864,0.001160743064247,computed (both variants usable),SBP
1:1680219:G:A,1:6645867:G:A,4965648,0.0100234188139438,0.000100468925666,computed (both variants usable),SBP
1:1680219:G:A,1:8448404:A:G,6768185,0.0198765993118286,0.000395079201553,computed (both variants usable),SBP
1:1680219:G:A,1:8476441:C:G,6796222,-0.0355329699814319,0.0012625919189304,computed (both variants usable),SBP
1:1680219:G:A,1:8489302:C:T,6809083,-0.0121594714000821,0.0001478527410654,computed (both variants usable),SBP
1:1680219:G:A,1:9439983:T:G,7759764,0.0276466701179742,0.0007643383578397,computed (both variants usable),SBP
1:1680219:G:A,1:10732274:G:C,9052055,0.0196958724409341,0.0003879274008795,computed (both variants usable),SBP
1:1680219:G:A,1:10796866:T:C,9116647,-0.0382357612252235,0.001461973413825,computed (both variants usable),SBP
1:1680219:G:A,1:10800746:C:T,9120527,-0.0427957288920879,0.0018314743647351,computed (both variants usable),SBP
1:1680219:G:A,1:10802849:C:T,9122630,0.0150745501741766,0.0002272420679219,computed (both variants usable),SBP
1:6279370:G:C,1:6645867:G:A,366497,0.0272334106266498,0.0007416586740873,computed (both variants usable),SBP
1:6279370:G:C,1:8448404:A:G,2169034,0.0183245968073606,0.000335790857207,computed (both variants usable),SBP
1:6279370:G:C,1:8476441:C:G,2197071,-0.0187873542308807,0.0003529646783135,computed (both variants usable),SBP
1:6279370:G:C,1:8489302:C:T,2209932,0.0089286174625158,7.97202083049342e-05,computed (both variants usable),SBP
1:6279370:G:C,1:9439983:T:G,3160613,-0.0066451053135097,4.41574229625985e-05,computed (both variants usable),SBP
1:6279370:G:C,1:10732274:G:C,4452904,-0.018290277570486,0.0003345342411193,computed (both variants usable),SBP
1:6279370:G:C,1:10796866:T:C,4517496,-0.0259888805449008,0.0006754219066351,computed (both variants usable),SBP
1:6279370:G:C,1:10800746:C:T,4521376,-0.0367514081299304,0.0013506660470739,computed (both variants usable),SBP
1:6279370:G:C,1:10802849:C:T,4523479,-0.0250837057828903,0.0006291922763921,computed (both variants usable),SBP
1:6279370:G:C,1:11864586:T:C,5585216,0.0213891882449388,0.0004574973718263,computed (both variants usable),SBP
1:6279370:G:C,1:11865804:A:G,5586434,0.0226163025945425,0.0005114971427246,computed (both variants usable),SBP
1:6279370:G:C,1:11892615:G:C,5613245,0.013126753270626,0.0001723116583889,computed (both variants usable),SBP
1:6279370:G:C,1:11903241:T:C,5623871,-0.0399058498442173,0.0015924768522381,computed (both variants usable),SBP
1:6645867:G:A,1:8448404:A:G,1802537,0.0223038122057914,0.0004974600160494,computed (both variants usable),SBP
1:6645867:G:A,1:8476441:C:G,1830574,-0.0350199230015277,0.00122639501933,computed (both variants usable),SBP
1:6645867:G:A,1:8489302:C:T,1843435,0.0439041294157505,0.0019275725353509,computed (both variants usable),SBP
1:6645867:G:A,1:9439983:T:G,2794116,-0.0017188364872708,2.954398951260373e-06,computed (both variants usable),SBP
1:6645867:G:A,1:10732274:G:C,4086407,0.0396432392299175,0.0015715864719823,computed (both variants usable),SBP
1:6645867:G:A,1:10796866:T:C,4150999,-0.0249657854437828,0.0006232904270291,computed (both variants usable),SBP
1:6645867:G:A,1:10800746:C:T,4154879,0.0084138587117195,7.079301576595753e-05,computed (both variants usable),SBP
1:6645867:G:A,1:10802849:C:T,4156982,-0.0506179295480251,0.0025621748063713,computed (both variants usable),SBP
1:6645867:G:A,1:11864586:T:C,5218719,0.0158621072769165,0.000251606456004,computed (both variants usable),SBP
1:6645867:G:A,1:11865804:A:G,5219937,0.0159285012632608,0.0002537171531002,computed (both variants usable),SBP
1:6645867:G:A,1:11892615:G:C,5246748,0.0138475690037012,0.0001917551708174,computed (both variants usable),SBP
1:6645867:G:A,1:11903241:T:C,5257374,0.02161705493927,0.0004672970680985,computed (both variants usable),SBP
1:8448404:A:G,1:8476441:C:G,28037,-0.9323734045028688,0.8693201541900635,computed (both variants usable),SBP
1:8448404:A:G,1:8489302:C:T,40898,-0.6281598806381226,0.3945848345756531,computed (both variants usable),SBP
1:8448404:A:G,1:9439983:T:G,991579,0.00804671831429,6.474967813119292e-05,computed (both variants usable),SBP
1:8448404:A:G,1:10732274:G:C,2283870,0.0401875115931034,0.0016150360461324,computed (both variants usable),SBP
1:8448404:A:G,1:10796866:T:C,2348462,-0.006173301488161,3.8109650631668046e-05,computed (both variants usable),SBP
1:8448404:A:G,1:10800746:C:T,2352342,0.0319132879376411,0.0010184579296037,computed (both variants usable),SBP
1:8448404:A:G,1:10802849:C:T,2354445,-0.0250160600990057,0.0006258032517507,computed (both variants usable),SBP
1:8448404:A:G,1:11864586:T:C,3416182,0.0399951599538326,0.0015996127622202,computed (both variants usable),SBP
1:8448404:A:G,1:11865804:A:G,3417400,0.0391808226704597,0.0015351368347182,computed (both variants usable),SBP
1:8448404:A:G,1:11892615:G:C,3444211,0.0417826399207115,0.0017457889625802,computed (both variants usable),SBP
1:8448404:A:G,1:11903241:T:C,3454837,-0.0230449121445417,0.0005310679553076,computed (both variants usable),SBP
1:8476441:C:G,1:8489302:C:T,12861,0.5899256467819214,0.3480122685432434,computed (both variants usable),SBP
1:8476441:C:G,1:9439983:T:G,963542,-0.0349602699279785,0.0012222204823046,computed (both variants usable),SBP
1:8476441:C:G,1:10732274:G:C,2255833,-0.0405760668218135,0.0016464171931147,computed (both variants usable),SBP
1:8476441:C:G,1:10796866:T:C,2320425,0.0164572540670633,0.0002708412066567,computed (both variants usable),SBP
1:8476441:C:G,1:10800746:C:T,2324305,-0.0047934828326106,2.2977477783570063e-05,computed (both variants usable),SBP
1:8476441:C:G,1:10802849:C:T,2326408,0.0284264348447322,0.0008080622064881,computed (both variants usable),SBP
1:8476441:C:G,1:11864586:T:C,3388145,-0.02679586969316,0.0007180186221376,computed (both variants usable),SBP
1:8476441:C:G,1:11865804:A:G,3389363,-0.0256554130464792,0.0006582002388313,computed (both variants usable),SBP
1:8476441:C:G,1:11892615:G:C,3416174,-0.0285204201936721,0.0008134143427014,computed (both variants usable),SBP
1:8476441:C:G,1:11903241:T:C,3426800,0.0094755357131361,8.978577534435317e-05,computed (both variants usable),SBP
1:8489302:C:T,1:9439983:T:G,950681,0.0019090495770797,3.644470325525617e-06,computed (both variants usable),SBP
1:8489302:C:T,1:10732274:G:C,2242972,-0.0088710505515336,7.869553519412875e-05,computed (both variants usable),SBP
1:8489302:C:T,1:10796866:T:C,2307564,0.024373136460781,0.0005940498085692,computed (both variants usable),SBP
1:8489302:C:T,1:10800746:C:T,2311444,-0.0313452333211898,0.0009825236629694,computed (both variants usable),SBP
1:8489302:C:T,1:10802849:C:T,2313547,0.0628540813922882,0.0039506354369223,computed (both variants usable),SBP
1:8489302:C:T,1:11864586:T:C,3375284,-0.0073655373416841,5.425114068202674e-05,computed (both variants usable),SBP
1:8489302:C:T,1:11865804:A:G,3376502,-0.0106011489406228,0.0001123843612731,computed (both variants usable),SBP
1:8489302:C:T,1:11892615:G:C,3403313,-0.004638256970793,2.1513427782338116e-05,computed (both variants usable),SBP
1:8489302:C:T,1:11903241:T:C,3413939,0.0509205609560012,0.0025929035618901,computed (both variants usable),SBP
1:9439983:T:G,1:10732274:G:C,1292291,-0.0512133128941059,0.0026228034403175,computed (both variants usable),SBP
1:9439983:T:G,1:10796866:T:C,1356883,0.0007449861150234,5.550043056246068e-07,computed (both variants usable),SBP
1:9439983:T:G,1:10800746:C:T,1360763,-0.0063815973699092,4.0724786231294274e-05,computed (both variants usable),SBP
1:9439983:T:G,1:10802849:C:T,1362866,-0.0286604315042495,0.0008214203407987,computed (both variants usable),SBP
1:9439983:T:G,1:11864586:T:C,2424603,-0.0254944860935211,0.0006499688024632,computed (both variants usable),SBP
1:9439983:T:G,1:11865804:A:G,2425821,-0.0184958726167678,0.000342097308021,computed (both variants usable),SBP
1:9439983:T:G,1:11892615:G:C,2452632,-0.0231474041938781,0.0005358023336157,computed (both variants usable),SBP
1:9439983:T:G,1:11903241:T:C,2463258,-0.0002888162271119,8.34148110584465e-08,computed (both variants usable),SBP
1:10732274:G:C,1:10796866:T:C,64592,-0.0421200729906559,0.0017741005867719,computed (both variants usable),SBP
1:10732274:G:C,1:10800746:C:T,68472,0.182607501745224,0.0333454981446266,computed (both variants usable),SBP
1:10732274:G:C,1:10802849:C:T,70575,-0.1177311092615127,0.0138606140390038,computed (both variants usable),SBP
1:10732274:G:C,1:11864586:T:C,1132312,-0.0073655196465551,5.425087874755263e-05,computed (both variants usable),SBP
1:10732274:G:C,1:11865804:A:G,1133530,-0.0106011386960744,0.0001123841429944,computed (both variants usable),SBP
1:10732274:G:C,1:11892615:G:C,1160341,-0.010356425307691,0.0001072555460268,computed (both variants usable),SBP
1:10732274:G:C,1:11903241:T:C,1170967,-0.0247039012610912,0.0006102827610448,computed (both variants usable),SBP
1:10796866:T:C,1:10800746:C:T,3880,0.525843620300293,0.2765115201473236,computed (both variants usable),SBP
1:10796866:T:C,1:10802849:C:T,5983,0.639082133769989,0.4084259867668152,computed (both variants usable),SBP
1:10796866:T:C,1:11864586:T:C,1067720,-0.0736192166805267,0.0054197888821363,computed (both variants usable),SBP
1:10796866:T:C,1:11865804:A:G,1068938,-0.0674681141972541,0.0045519466511905,computed (both variants usable),SBP
1:10796866:T:C,1:11892615:G:C,1095749,-0.0636097863316536,0.0040462049655616,computed (both variants usable),SBP
1:10796866:T:C,1:11903241:T:C,1106375,-0.0236010979861021,0.0005570118082687,computed (both variants usable),SBP
1:10800746:C:T,1:10802849:C:T,2103,0.0730390101671218,0.0053346971981227,computed (both variants usable),SBP
1:10800746:C:T,1:11864586:T:C,1063840,-0.0237092487514019,0.0005621284944936,computed (both variants usable),SBP
1:10800746:C:T,1:11865804:A:G,1065058,-0.0271634552627801,0.0007378532900474,computed (both variants usable),SBP
1:10800746:C:T,1:11892615:G:C,1091869,-0.0248670149594545,0.0006183684454299,computed (both variants usable),SBP
1:10800746:C:T,1:11903241:T:C,1102495,-0.0598669871687889,0.003584056161344,computed (both variants usable),SBP
1:10802849:C:T,1:11864586:T:C,1061737,-0.0529942847788333,0.0028083941433578,computed (both variants usable),SBP
1:10802849:C:T,1:11865804:A:G,1062955,-0.0390859954059124,0.0015277150087058,computed (both variants usable),SBP
1:10802849:C:T,1:11892615:G:C,1089766,-0.0420143492519855,0.0017652055248618,computed (both variants usable),SBP
1:10802849:C:T,1:11903241:T:C,1100392,-0.023062190040946,0.0005318645853549,computed (both variants usable),SBP
1:11864586:T:C,1:11865804:A:G,1218,0.9878119826316832,0.975772500038147,computed (both variants usable),SBP
1:11864586:T:C,1:11892615:G:C,28029,0.9876691102981568,0.9754902720451356,computed (both variants usable),SBP
1:11864586:T:C,1:11903241:T:C,38655,0.0508682094514369,0.0025875747669488,computed (both variants usable),SBP
1:11865804:A:G,1:11892615:G:C,26811,0.9837315082550048,0.9677276611328124,computed (both variants usable),SBP
1:11865804:A:G,1:11903241:T:C,37437,0.0457613058388233,0.0020940972026437,computed (both variants usable),SBP
1:11892615:G:C,1:11903241:T:C,10626,0.0559329688549041,0.0031284969300031,computed (both variants usable),SBP
1:36168074:C:A,1:38446986:G:A,2278912,0.0488997288048267,0.0023911835160106,computed (both variants usable),SBP
1:36168074:C:A,1:42371414:T:C,6203340,-0.0090698068961501,8.226139470934868e-05,computed (both variants usable),SBP
1:36168074:C:A,1:42375473:G:T,6207399,0.0274425894021987,0.0007530957227572,computed (both variants usable),SBP
1:36168074:C:A,1:42378683:A:G,6210609,0.013148377649486,0.000172879837919,computed (both variants usable),SBP
1:36168074:C:A,1:43764165:C:G,7596091,0.0399683453142643,0.0015974686248227,computed (both variants usable),SBP
1:36168074:C:A,1:43856410:A:C,7688336,-0.033376857638359,0.0011140146525576,computed (both variants usable),SBP
1:36168074:C:A,1:43901011:A:C,7732937,-0.0141660450026392,0.0002006768336286,computed (both variants usable),SBP
1:38446986:G:A,1:42371414:T:C,3924428,-0.0391975566744804,0.0015364484861493,computed (both variants usable),SBP
1:38446986:G:A,1:42375473:G:T,3928487,-0.0336814373731613,0.0011344392551109,computed (both variants usable),SBP
1:38446986:G:A,1:42378683:A:G,3931697,-0.0057594841346144,3.3171658287756145e-05,computed (both variants usable),SBP
1:38446986:G:A,1:43764165:C:G,5317179,0.0556513145565986,0.0030970687512308,computed (both variants usable),SBP
1:38446986:G:A,1:43856410:A:C,5409424,-0.0359484739601612,0.0012922927271574,computed (both variants usable),SBP
1:38446986:G:A,1:43901011:A:C,5454025,-0.0494153164327144,0.0024418735411018,computed (both variants usable),SBP
1:38446986:G:A,1:48002447:G:A,9555461,0.0358925648033618,0.0012882761657238,computed (both variants usable),SBP
1:38446986:G:A,1:48109225:T:C,9662239,0.0023777747992426,5.65381287742639e-06,computed (both variants usable),SBP
1:42371414:T:C,1:42375473:G:T,4059,0.7643906474113464,0.5842930674552917,computed (both variants usable),SBP
1:42371414:T:C,1:42378683:A:G,7269,0.5097969174385071,0.2598929107189178,computed (both variants usable),SBP
1:42371414:T:C,1:43764165:C:G,1392751,-0.0431822277605533,0.0018647047691047,computed (both variants usable),SBP
1:42371414:T:C,1:43856410:A:C,1484996,0.0593861527740955,0.0035267150960862,computed (both variants usable),SBP
1:42371414:T:C,1:43901011:A:C,1529597,0.0474836230278015,0.0022546944674104,computed (both variants usable),SBP
1:42371414:T:C,1:48002447:G:A,5631033,-0.0083116879686713,6.908415525685996e-05,computed (both variants usable),SBP
1:42371414:T:C,1:48109225:T:C,5737811,-0.0222320668399333,0.0004942648229189,computed (both variants usable),SBP
1:42375473:G:T,1:42378683:A:G,3210,0.7987003326416016,0.6379222273826599,computed (both variants usable),SBP
1:42375473:G:T,1:43764165:C:G,1388692,0.0144685348495841,0.0002093384973704,computed (both variants usable),SBP
1:42375473:G:T,1:43856410:A:C,1480937,0.0134014869108796,0.0001795998541638,computed (both variants usable),SBP
1:42375473:G:T,1:43901011:A:C,1525538,0.0137832351028919,0.0001899775670608,computed (both variants usable),SBP
1:42375473:G:T,1:48002447:G:A,5626974,-0.010793162509799,0.0001164923596661,computed (both variants usable),SBP
1:42375473:G:T,1:48109225:T:C,5733752,-0.0111064910888671,0.0001233541406691,computed (both variants usable),SBP
1:42378683:A:G,1:43764165:C:G,1385482,0.0086635146290063,7.505648682126775e-05,computed (both variants usable),SBP
1:42378683:A:G,1:43856410:A:C,1477727,0.0064416001550853,4.149421147303656e-05,computed (both variants usable),SBP
1:42378683:A:G,1:43901011:A:C,1522328,-0.003823708044365,1.4620743058912922e-05,computed (both variants usable),SBP
1:42378683:A:G,1:48002447:G:A,5623764,0.0300356075167655,0.0009021377190947,computed (both variants usable),SBP
1:42378683:A:G,1:48109225:T:C,5730542,0.012531979009509,0.0001570504973642,computed (both variants usable),SBP
1:43764165:C:G,1:43856410:A:C,92245,-0.892162024974823,0.795953094959259,computed (both variants usable),SBP
1:43764165:C:G,1:43901011:A:C,136846,-0.7882676720619202,0.6213659048080444,computed (both variants usable),SBP
1:43764165:C:G,1:48002447:G:A,4238282,-0.0426694639027118,0.0018206831300631,computed (both variants usable),SBP
1:43764165:C:G,1:48109225:T:C,4345060,-0.0209597684442996,0.000439311901573,computed (both variants usable),SBP
1:43856410:A:C,1:43901011:A:C,44601,0.8827782273292542,0.779297411441803,computed (both variants usable),SBP
1:43856410:A:C,1:48002447:G:A,4146037,0.0296835359185934,0.0008811122970655,computed (both variants usable),SBP
1:43856410:A:C,1:48109225:T:C,4252815,-0.0098349330946803,9.672591113485396e-05,computed (both variants usable),SBP
1:43901011:A:C,1:48002447:G:A,4101436,0.0304892268031835,0.0009295929339714,computed (both variants usable),SBP
1:43901011:A:C,1:48109225:T:C,4208214,0.0017579402774572,3.090354084633873e-06,computed (both variants usable),SBP
1:48002447:G:A,1:48109225:T:C,106778,0.0284700244665145,0.0008105423185043,computed (both variants usable),SBP
1:48002447:G:A,1:56614762:C:T,8612315,0.0239220354706048,0.0005722637870348,computed (both variants usable),SBP
1:48002447:G:A,1:56627805:A:C,8625358,0.0119940992444753,0.0001438584149582,computed (both variants usable),SBP
1:48002447:G:A,1:56980222:A:C,8977775,0.0145604675635695,0.0002120072167599,computed (both variants usable),SBP
1:48109225:T:C,1:56614762:C:T,8505537,-0.0445912927389144,0.001988383475691,computed (both variants usable),SBP
1:48109225:T:C,1:56627805:A:C,8518580,-0.0520198158919811,0.0027060613501816,computed (both variants usable),SBP
1:48109225:T:C,1:56980222:A:C,8870997,0.0077611450105905,6.0235372075112537e-05,computed (both variants usable),SBP
1:56614762:C:T,1:56627805:A:C,13043,0.8773905038833618,0.7698140740394592,computed (both variants usable),SBP
1:56614762:C:T,1:56980222:A:C,365460,-0.0209513660520315,0.0004389597452245,computed (both variants usable),SBP
1:56614762:C:T,1:59673900:A:G,3059138,-0.0515732206404209,0.0026597972027957,computed (both variants usable),SBP
1:56614762:C:T,1:61877445:C:A,5262683,0.0246842540800571,0.0006093123811297,computed (both variants usable),SBP
1:56627805:A:C,1:56980222:A:C,352417,-0.0029951841570436,8.971128409029916e-06,computed (both variants usable),SBP
1:56627805:A:C,1:59673900:A:G,3046095,-0.0583510585129261,0.0034048459492623,computed (both variants usable),SBP
1:56627805:A:C,1:61877445:C:A,5249640,0.0239071305841207,0.0005715509178116,computed (both variants usable),SBP
1:56980222:A:C,1:59673900:A:G,2693678,0.0468172766268253,0.0021918574348092,computed (both variants usable),SBP
1:56980222:A:C,1:61877445:C:A,4897223,-0.0004636225639842,2.149458850908559e-07,computed (both variants usable),SBP
1:59673900:A:G,1:61877445:C:A,2203545,-0.0152543727308511,0.0002326958929188,computed (both variants usable),SBP
1:59673900:A:G,1:67008495:G:A,7334595,0.005402055568993,2.9182205253164284e-05,computed (both variants usable),SBP
1:61877445:C:A,1:67008495:G:A,5131050,-0.0248479973524808,0.0006174229783937,computed (both variants usable),SBP
1:81683934:T:C,1:89295765:C:A,7611831,-0.0215756576508283,0.0004655090160667,computed (both variants usable),SBP
1:81683934:T:C,1:89332099:T:C,7648165,0.0246552359312772,0.0006078806472942,computed (both variants usable),SBP
1:81683934:T:C,1:89362631:G:A,7678697,-0.0140462024137377,0.0001972957979887,computed (both variants usable),SBP
1:89295765:C:A,1:89332099:T:C,36334,-0.9602853655815125,0.9221479892730712,computed (both variants usable),SBP
1:89295765:C:A,1:89362631:G:A,66866,0.8182581663131714,0.6695464253425598,computed (both variants usable),SBP
1:89295765:C:A,1:94619077:C:G,5323312,-0.0022596614435315,5.106069693283644e-06,computed (both variants usable),SBP
1:89295765:C:A,1:94680185:A:G,5384420,0.0022596581839025,5.106055141368415e-06,computed (both variants usable),SBP
1:89295765:C:A,1:94769368:C:T,5473603,-0.0118486899882555,0.0001403914502589,computed (both variants usable),SBP
1:89332099:T:C,1:89362631:G:A,30532,-0.8575186729431152,0.7353382706642151,computed (both variants usable),SBP
1:89332099:T:C,1:94619077:C:G,5286978,0.0097865434363484,9.577643504599108e-05,computed (both variants usable),SBP
1:89332099:T:C,1:94680185:A:G,5348086,-0.0097865406423807,9.577637683833018e-05,computed (both variants usable),SBP
1:89332099:T:C,1:94769368:C:T,5437269,0.0063063870184123,3.977051892434247e-05,computed (both variants usable),SBP
1:89362631:G:A,1:94619077:C:G,5256446,-0.0245154853910207,0.0006010090000927,computed (both variants usable),SBP
1:89362631:G:A,1:94680185:A:G,5317554,0.024515476077795,0.0006010085926391,computed (both variants usable),SBP
1:89362631:G:A,1:94769368:C:T,5406737,0.0180896297097206,0.0003272347094025,computed (both variants usable),SBP
1:94619077:C:G,1:94680185:A:G,61108,-1.000001072883606,1.000002145767212,computed (both variants usable),SBP
1:94619077:C:G,1:94769368:C:T,150291,-0.8127971291542053,0.6606391668319702,computed (both variants usable),SBP
1:94680185:A:G,1:94769368:C:T,89183,0.8127971291542053,0.6606391668319702,computed (both variants usable),SBP
1:113044328:G:T,1:113046879:C:A,2551,0.9930342435836792,0.9861170053482056,computed (both variants usable),SBP
1:113044328:G:T,1:113230758:A:G,186430,0.0945318192243576,0.0089362645521759,computed (both variants usable),SBP
1:113044328:G:T,1:113244433:T:C,200105,0.0945318192243576,0.0089362645521759,computed (both variants usable),SBP
1:113044328:G:T,1:115976048:A:G,2931720,-0.0402171276509761,0.0016174173215404,computed (both variants usable),SBP
1:113044328:G:T,1:116294049:G:T,3249721,0.0237274300307035,0.0005629909574054,computed (both variants usable),SBP
1:113044328:G:T,1:117019988:G:C,3975660,-0.0146293276920914,0.0002140172291547,computed (both variants usable),SBP
1:113044328:G:T,1:117021122:G:A,3976794,-0.0035972339101135,1.2940091437485536e-05,computed (both variants usable),SBP
1:113046879:C:A,1:113230758:A:G,183879,0.0955908522009849,0.0091376109048724,computed (both variants usable),SBP
1:113046879:C:A,1:113244433:T:C,197554,0.0955908522009849,0.0091376109048724,computed (both variants usable),SBP
1:113046879:C:A,1:115976048:A:G,2929169,-0.0389714390039444,0.001518773031421,computed (both variants usable),SBP
1:113046879:C:A,1:116294049:G:T,3247170,0.0268185660243034,0.0007192355114966,computed (both variants usable),SBP
1:113046879:C:A,1:117019988:G:C,3973109,-0.0074556721374392,5.55870465177577e-05,computed (both variants usable),SBP
1:113046879:C:A,1:117021122:G:A,3974243,0.0038623481523245,1.491773309680866e-05,computed (both variants usable),SBP
1:113230758:A:G,1:113244433:T:C,13675,0.9999987483024596,0.9999974966049194,computed (both variants usable),SBP
1:113230758:A:G,1:115976048:A:G,2745290,-0.021229637786746,0.0004506975237745,computed (both variants usable),SBP
1:113230758:A:G,1:116294049:G:T,3063291,0.0226890612393617,0.0005147935007698,computed (both variants usable),SBP
1:113230758:A:G,1:117019988:G:C,3789230,0.0099977497011423,9.99549956759438e-05,computed (both variants usable),SBP
1:113230758:A:G,1:117021122:G:A,3790364,-0.0002162366436095,4.6758284355519215e-08,computed (both variants usable),SBP
1:113244433:T:C,1:115976048:A:G,2731615,-0.021229637786746,0.0004506975237745,computed (both variants usable),SBP
1:113244433:T:C,1:116294049:G:T,3049616,0.0226890612393617,0.0005147935007698,computed (both variants usable),SBP
1:113244433:T:C,1:117019988:G:C,3775555,0.0099977497011423,9.99549956759438e-05,computed (both variants usable),SBP
1:113244433:T:C,1:117021122:G:A,3776689,-0.0002162366436095,4.6758284355519215e-08,computed (both variants usable),SBP
1:115976048:A:G,1:116294049:G:T,318001,-0.0373224392533302,0.0013929645065218,computed (both variants usable),SBP
1:115976048:A:G,1:117019988:G:C,1043940,-0.0297971349209547,0.000887869275175,computed (both variants usable),SBP
1:115976048:A:G,1:117021122:G:A,1045074,-0.0414450801908969,0.0017176946857944,computed (both variants usable),SBP
1:116294049:G:T,1:117019988:G:C,725939,0.0312414020299911,0.0009760251850821,computed (both variants usable),SBP
1:116294049:G:T,1:117021122:G:A,727073,0.0427474379539489,0.0018273434834554,computed (both variants usable),SBP
1:117019988:G:C,1:117021122:G:A,1134,0.9528159499168396,0.9078582525253296,computed (both variants usable),SBP
1:151084090:T:C,1:155089883:T:C,4005793,-0.0253934040665626,0.0006448249914683,computed (both variants usable),SBP
1:151084090:T:C,1:156079628:C:T,4995538,0.0282951518893241,0.0008006156422197,computed (both variants usable),SBP
1:155089883:T:C,1:156079628:C:T,989745,0.2295421212911605,0.0526895858347415,computed (both variants usable),SBP
1:168692515:G:C,1:169098363:C:T,405848,-0.0391259975731372,0.0015308436704799,computed (both variants usable),SBP
1:197153767:T:C,1:201746768:G:A,4593001,0.0811546817421913,0.0065860822796821,computed (both variants usable),SBP
1:197153767:T:C,1:204156016:C:A,7002249,-0.0182645618915557,0.0003335942164994,computed (both variants usable),SBP
1:201746768:G:A,1:204156016:C:A,2409248,0.0198185984045267,0.0003927768557332,computed (both variants usable),SBP
1:201746768:G:A,1:208018074:T:C,6271306,0.0285841021686792,0.0008170509245246,computed (both variants usable),SBP
1:201746768:G:A,1:210381030:G:C,8634262,0.0249815862625837,0.0006240796647034,computed (both variants usable),SBP
1:204156016:C:A,1:208018074:T:C,3862058,-0.0464196503162384,0.0021547840442508,computed (both variants usable),SBP
1:204156016:C:A,1:210381030:G:C,6225014,-0.0220239982008934,0.0004850564873777,computed (both variants usable),SBP
1:208018074:T:C,1:210381030:G:C,2362956,0.0061892732046544,3.830710193142295e-05,computed (both variants usable),SBP
1:208018074:T:C,1:217736417:A:G,9718343,-0.0255590509623289,0.0006532651023007,computed (both variants usable),SBP
1:208018074:T:C,1:217737629:C:T,9719555,-0.0255590509623289,0.0006532651023007,computed (both variants usable),SBP
1:210381030:G:C,1:217736417:A:G,7355387,0.0175175014883279,0.0003068628720939,computed (both variants usable),SBP
1:210381030:G:C,1:217737629:C:T,7356599,0.0175175014883279,0.0003068628720939,computed (both variants usable),SBP
1:210381030:G:C,1:218546170:A:C,8165140,0.0426668860018253,0.0018204631051048,computed (both variants usable),SBP
1:217736417:A:G,1:217737629:C:T,1212,0.9999995827674866,0.9999991655349731,computed (both variants usable),SBP
1:217736417:A:G,1:218546170:A:C,809753,-0.0054444251582026,2.964176565001253e-05,computed (both variants usable),SBP
1:217737629:C:T,1:218546170:A:C,808541,-0.0054444251582026,2.964176565001253e-05,computed (both variants usable),SBP
1:230844992:C:T,1:230851536:C:T,6544,0.8922390937805176,0.7960906028747559,computed (both variants usable),SBP
1:230844992:C:T,1:232570430:C:A,1725438,-0.0128661105409264,0.0001655367959756,computed (both variants usable),SBP
1:230844992:C:T,1:236316575:A:C,5471583,0.0069276401773095,4.799219823325984e-05,computed (both variants usable),SBP
1:230851536:C:T,1:232570430:C:A,1718894,-0.0097273895516991,9.462210437050088e-05,computed (both variants usable),SBP
1:230851536:C:T,1:236316575:A:C,5465039,-0.0005313666188158,2.823504701154889e-07,computed (both variants usable),SBP
1:232570430:C:A,1:236316575:A:C,3746145,0.0519228987395763,0.0026959874667227,computed (both variants usable),SBP
10:10839968:A:G,10:18275883:A:G,7435915,0.0146708711981773,0.0002152344677597,computed (both variants usable),SBP
10:10839968:A:G,10:18443726:T:C,7603758,-0.0220777541399002,0.000487427227199,computed (both variants usable),SBP
10:10839968:A:G,10:18445088:G:A,7605120,-0.0191091690212488,0.0003651603474281,computed (both variants usable),SBP
10:10839968:A:G,10:18451836:A:G,7611868,-0.0072924061678349,5.317918839864433e-05,computed (both variants usable),SBP
10:10839968:A:G,10:18708798:A:T,7868830,0.0351077020168304,0.0012325507123023,computed (both variants usable),SBP
10:10839968:A:G,10:18727959:C:G,7887991,0.0261371713131666,0.0006831517093814,computed (both variants usable),SBP
10:10839968:A:G,10:19934374:G:A,9094406,-0.0667990669608116,0.0044621154665946,computed (both variants usable),SBP
10:18275883:A:G,10:18443726:T:C,167843,0.025722537189722,0.0006616489263251,computed (both variants usable),SBP
10:18275883:A:G,10:18445088:G:A,169205,0.0228807013481855,0.000523526512552,computed (both variants usable),SBP
10:18275883:A:G,10:18451836:A:G,175953,0.0046793343499302,2.189617043768521e-05,computed (both variants usable),SBP
10:18275883:A:G,10:18708798:A:T,432915,-0.0234382934868335,0.0005493536009453,computed (both variants usable),SBP
10:18275883:A:G,10:18727959:C:G,452076,-0.0264715701341629,0.00070074404357,computed (both variants usable),SBP
10:18275883:A:G,10:19934374:G:A,1658491,0.0246985331177711,0.0006100175669416,computed (both variants usable),SBP
10:18275883:A:G,10:25046556:A:T,6770673,-0.0252783335745334,0.0006389941554516,computed (both variants usable),SBP
10:18443726:T:C,10:18445088:G:A,1362,0.9940400123596193,0.9881155490875244,computed (both variants usable),SBP
10:18443726:T:C,10:18451836:A:G,8110,0.947268009185791,0.8973166942596436,computed (both variants usable),SBP
10:18443726:T:C,10:18708798:A:T,265072,-0.0749282538890838,0.0056142434477806,computed (both variants usable),SBP
10:18443726:T:C,10:18727959:C:G,284233,-0.0326488465070724,0.0010659472318366,computed (both variants usable),SBP
10:18443726:T:C,10:19934374:G:A,1490648,-0.0792791172862052,0.0062851784750819,computed (both variants usable),SBP
10:18443726:T:C,10:25046556:A:T,6602830,0.0194841790944337,0.0003796332457568,computed (both variants usable),SBP
10:18445088:G:A,10:18451836:A:G,6748,0.9529713988304138,0.9081544876098632,computed (both variants usable),SBP
10:18445088:G:A,10:18708798:A:T,263710,-0.0708337798714637,0.005017424467951,computed (both variants usable),SBP
10:18445088:G:A,10:18727959:C:G,282871,-0.0288757644593715,0.0008338097832165,computed (both variants usable),SBP
10:18445088:G:A,10:19934374:G:A,1489286,-0.0726771503686904,0.0052819680422544,computed (both variants usable),SBP
10:18445088:G:A,10:25046556:A:T,6601468,0.0203567557036876,0.0004143975093029,computed (both variants usable),SBP
10:18451836:A:G,10:18708798:A:T,256962,-0.0578754134476184,0.0033495635725557,computed (both variants usable),SBP
10:18451836:A:G,10:18727959:C:G,276123,-0.0188151411712169,0.0003540095349308,computed (both variants usable),SBP
10:18451836:A:G,10:19934374:G:A,1482538,-0.0964570641517639,0.0093039656057953,computed (both variants usable),SBP
10:18451836:A:G,10:25046556:A:T,6594720,0.015948986634612,0.000254370184848,computed (both variants usable),SBP
10:18708798:A:T,10:18727959:C:G,19161,0.7447373270988464,0.5546336770057678,computed (both variants usable),SBP
10:18708798:A:T,10:19934374:G:A,1225576,-0.0203079711645841,0.0004124137049075,computed (both variants usable),SBP
10:18708798:A:T,10:25046556:A:T,6337758,0.0559930615127086,0.003135222941637,computed (both variants usable),SBP
10:18727959:C:G,10:19934374:G:A,1206415,-0.0304519608616828,0.0009273219038732,computed (both variants usable),SBP
10:18727959:C:G,10:25046556:A:T,6318597,0.0200866665691137,0.0004034741723444,computed (both variants usable),SBP
10:19934374:G:A,10:25046556:A:T,5112182,0.0018823432037606,3.5432158256298862e-06,computed (both variants usable),SBP
10:25046556:A:T,10:30333623:A:T,5287067,-0.0541134066879749,0.0029282607138156,computed (both variants usable),SBP
10:25046556:A:T,10:32245936:T:A,7199380,0.0620419234037399,0.0038492002058774,computed (both variants usable),SBP
10:30333623:A:T,10:32245936:T:A,1912313,-0.0110946865752339,0.0001230920752277,computed (both variants usable),SBP
10:60311724:T:G,10:60364363:G:A,52639,0.8673001527786255,0.7522095441818237,computed (both variants usable),SBP
10:75410052:G:A,10:75422314:C:T,12262,-0.5085150003433228,0.258587509393692,computed (both variants usable),SBP
10:75410052:G:A,10:76059068:A:G,649016,0.069062203168869,0.0047695878893136,computed (both variants usable),SBP
10:75410052:G:A,10:78237181:T:C,2827129,-0.0004407639498822,1.942728573567365e-07,computed (both variants usable),SBP
10:75410052:G:A,10:82194689:A:G,6784637,-0.0797914117574691,0.0063666692003607,computed (both variants usable),SBP
10:75422314:C:T,10:76059068:A:G,636754,-0.0782802775502204,0.0061278017237782,computed (both variants usable),SBP
10:75422314:C:T,10:78237181:T:C,2814867,0.0014219289878383,2.021881982727791e-06,computed (both variants usable),SBP
10:75422314:C:T,10:82194689:A:G,6772375,0.0155258933082222,0.0002410533634247,computed (both variants usable),SBP
10:76059068:A:G,10:78237181:T:C,2178113,0.0158473029732704,0.0002511370112188,computed (both variants usable),SBP
10:76059068:A:G,10:82194689:A:G,6135621,-0.0392570383846759,0.00154111511074,computed (both variants usable),SBP
10:78237181:T:C,10:82194689:A:G,3957508,0.0291167069226503,0.0008477826486341,computed (both variants usable),SBP
10:82194689:A:G,10:89807339:C:T,7612650,0.0131982881575822,0.0001741948071867,computed (both variants usable),SBP
10:89807339:C:T,10:95893514:A:G,6086175,-0.0006698291399516,4.486710736273381e-07,computed (both variants usable),SBP
10:89807339:C:T,10:95899933:C:T,6092594,0.0019121968653053,3.656496801340836e-06,computed (both variants usable),SBP
10:89807339:C:T,10:96038686:G:A,6231347,-0.015046315267682,0.0002263916103402,computed (both variants usable),SBP
10:89807339:C:T,10:96039597:G:C,6232258,-0.0162891671061515,0.0002653369738254,computed (both variants usable),SBP
10:89807339:C:T,10:96145246:T:C,6337907,0.0088124088943004,7.76585511630401e-05,computed (both variants usable),SBP
10:89807339:C:T,10:96231169:G:A,6423830,-0.0078780688345432,6.206396938068792e-05,computed (both variants usable),SBP
10:89807339:C:T,10:96327669:T:G,6520330,0.0294708888977766,0.0008685332722961,computed (both variants usable),SBP
10:95893514:A:G,10:95899933:C:T,6419,-0.998009979724884,0.9960238933563232,computed (both variants usable),SBP
10:95893514:A:G,10:96038686:G:A,145172,-0.0769784227013588,0.005925677716732,computed (both variants usable),SBP
10:95893514:A:G,10:96039597:G:C,146083,-0.0748544111847877,0.0056031830608844,computed (both variants usable),SBP
10:95893514:A:G,10:96145246:T:C,251732,0.0016574228648096,2.7470505301607773e-06,computed (both variants usable),SBP
10:95893514:A:G,10:96231169:G:A,337655,0.073653720319271,0.0054248706437647,computed (both variants usable),SBP
10:95893514:A:G,10:96327669:T:G,434155,0.0034723503049463,1.2057216736138798e-05,computed (both variants usable),SBP
10:95893514:A:G,10:99861312:C:G,3967798,-0.0211478788405656,0.0004472327709663,computed (both variants usable),SBP
10:95893514:A:G,10:104652323:C:T,8758809,-0.0383358933031559,0.0014696407597512,computed (both variants usable),SBP
10:95893514:A:G,10:104769709:T:C,8876195,-0.0383358933031559,0.0014696407597512,computed (both variants usable),SBP
10:95893514:A:G,10:104901491:T:C,9007977,-0.0320714861154556,0.0010285802418366,computed (both variants usable),SBP
10:95893514:A:G,10:105639421:G:A,9745907,0.0775264352560043,0.0060103479772806,computed (both variants usable),SBP
10:95899933:C:T,10:96038686:G:A,138753,0.0787896737456321,0.006207812577486,computed (both variants usable),SBP
10:95899933:C:T,10:96039597:G:C,139664,0.0766701027750969,0.0058783045969903,computed (both variants usable),SBP
10:95899933:C:T,10:96145246:T:C,245313,0.0001195189906866,1.42847893513931e-08,computed (both variants usable),SBP
10:95899933:C:T,10:96231169:G:A,331236,-0.0729444772005081,0.005320896860212,computed (both variants usable),SBP
10:95899933:C:T,10:96327669:T:G,427736,-0.0022935695014894,5.260460966383107e-06,computed (both variants usable),SBP
10:95899933:C:T,10:99861312:C:G,3961379,0.0181555841118097,0.0003296252398286,computed (both variants usable),SBP
10:95899933:C:T,10:104652323:C:T,8752390,0.0389556214213371,0.0015175404259935,computed (both variants usable),SBP
10:95899933:C:T,10:104769709:T:C,8869776,0.0389556214213371,0.0015175404259935,computed (both variants usable),SBP
10:95899933:C:T,10:104901491:T:C,9001558,0.0326844118535518,0.0010682707652449,computed (both variants usable),SBP
10:95899933:C:T,10:105639421:G:A,9739488,-0.0783742517232894,0.0061425231397151,computed (both variants usable),SBP
10:96038686:G:A,10:96039597:G:C,911,0.9979994893074036,0.9960029721260072,computed (both variants usable),SBP
10:96038686:G:A,10:96145246:T:C,106560,0.088197037577629,0.0077787172049283,computed (both variants usable),SBP
10:96038686:G:A,10:96231169:G:A,192483,0.098527543246746,0.0097076771780848,computed (both variants usable),SBP
10:96038686:G:A,10:96327669:T:G,288983,0.0099044572561979,9.809827315621078e-05,computed (both variants usable),SBP
10:96038686:G:A,10:99861312:C:G,3822626,-0.0072602238506078,5.271084955893457e-05,computed (both variants usable),SBP
10:96038686:G:A,10:104652323:C:T,8613637,-0.0347877591848373,0.0012101881438866,computed (both variants usable),SBP
10:96038686:G:A,10:104769709:T:C,8731023,-0.0347877591848373,0.0012101881438866,computed (both variants usable),SBP
10:96038686:G:A,10:104901491:T:C,8862805,-0.0357744023203849,0.0012798078823834,computed (both variants usable),SBP
10:96038686:G:A,10:105639421:G:A,9600735,-0.0798772349953651,0.0063803726807236,computed (both variants usable),SBP
10:96039597:G:C,10:96145246:T:C,105649,0.0864003747701644,0.0074650249443948,computed (both variants usable),SBP
10:96039597:G:C,10:96231169:G:A,191572,0.0978072136640548,0.0095662511885166,computed (both variants usable),SBP
10:96039597:G:C,10:96327669:T:G,288072,0.0087214037775993,7.606288272654638e-05,computed (both variants usable),SBP
10:96039597:G:C,10:99861312:C:G,3821715,-0.0042616273276507,1.816146686905995e-05,computed (both variants usable),SBP
10:96039597:G:C,10:104652323:C:T,8612726,-0.0354071334004402,0.0012536650756374,computed (both variants usable),SBP
10:96039597:G:C,10:104769709:T:C,8730112,-0.0354071334004402,0.0012536650756374,computed (both variants usable),SBP
10:96039597:G:C,10:104901491:T:C,8861894,-0.0363861359655857,0.0013239509426057,computed (both variants usable),SBP
10:96039597:G:C,10:105639421:G:A,9599824,-0.0790050253272056,0.0062417942099273,computed (both variants usable),SBP
10:96145246:T:C,10:96231169:G:A,85923,0.3946181237697601,0.1557234674692154,computed (both variants usable),SBP
10:96145246:T:C,10:96327669:T:G,182423,0.6541060209274292,0.4278546869754791,computed (both variants usable),SBP
10:96145246:T:C,10:99861312:C:G,3716066,0.0390721000730991,0.0015266289701685,computed (both variants usable),SBP
10:96145246:T:C,10:104652323:C:T,8507077,0.0006969113019295,4.856853479395795e-07,computed (both variants usable),SBP
10:96145246:T:C,10:104769709:T:C,8624463,0.0006969113019295,4.856853479395795e-07,computed (both variants usable),SBP
10:96145246:T:C,10:104901491:T:C,8756245,-0.0071809324435889,5.1565792091423646e-05,computed (both variants usable),SBP
10:96145246:T:C,10:105639421:G:A,9494175,-0.0242354460060596,0.0005873568588867,computed (both variants usable),SBP
10:96231169:G:A,10:96327669:T:G,96500,0.3127012550830841,0.0977820754051208,computed (both variants usable),SBP
10:96231169:G:A,10:99861312:C:G,3630143,0.0062282979488372,3.879169526044279e-05,computed (both variants usable),SBP
10:96231169:G:A,10:104652323:C:T,8421154,-0.0103423418477177,0.000106964034785,computed (both variants usable),SBP
10:96231169:G:A,10:104769709:T:C,8538540,-0.0103423418477177,0.000106964034785,computed (both variants usable),SBP
10:96231169:G:A,10:104901491:T:C,8670322,-0.0191997103393077,0.0003686288837343,computed (both variants usable),SBP
10:96231169:G:A,10:105639421:G:A,9408252,-0.0758555084466934,0.0057540582492947,computed (both variants usable),SBP
10:96327669:T:G,10:99861312:C:G,3533643,-0.0155735472217202,0.0002425353741273,computed (both variants usable),SBP
10:96327669:T:G,10:104652323:C:T,8324654,0.0210566874593496,0.0004433840804267,computed (both variants usable),SBP
10:96327669:T:G,10:104769709:T:C,8442040,0.0210566874593496,0.0004433840804267,computed (both variants usable),SBP
10:96327669:T:G,10:104901491:T:C,8573822,0.0174097139388322,0.0003030981461051,computed (both variants usable),SBP
10:96327669:T:G,10:105639421:G:A,9311752,-0.0391637086868286,0.0015337960794568,computed (both variants usable),SBP
10:99861312:C:G,10:104652323:C:T,4791011,-0.0199625622481107,0.0003985038783866,computed (both variants usable),SBP
10:99861312:C:G,10:104769709:T:C,4908397,-0.0199625622481107,0.0003985038783866,computed (both variants usable),SBP
10:99861312:C:G,10:104901491:T:C,5040179,-0.0154810352250933,0.0002396624477114,computed (both variants usable),SBP
10:99861312:C:G,10:105639421:G:A,5778109,-0.0402339473366737,0.0016187705332413,computed (both variants usable),SBP
10:104652323:C:T,10:104769709:T:C,117386,0.9999963641166688,0.9999927282333374,computed (both variants usable),SBP
10:104652323:C:T,10:104901491:T:C,249168,0.9877490401268004,0.9756481647491456,computed (both variants usable),SBP
10:104652323:C:T,10:105639421:G:A,987098,0.058019433170557,0.003366254735738,computed (both variants usable),SBP
10:104769709:T:C,10:104901491:T:C,131782,0.9877490401268004,0.9756481647491456,computed (both variants usable),SBP
10:104769709:T:C,10:105639421:G:A,869712,0.058019433170557,0.003366254735738,computed (both variants usable),SBP
10:104769709:T:C,10:114765747:C:A,9996038,-0.0149742858484387,0.000224229239393,computed (both variants usable),SBP
10:104901491:T:C,10:105639421:G:A,737930,0.0555852428078651,0.0030897192191332,computed (both variants usable),SBP
10:104901491:T:C,10:114765747:C:A,9864256,-0.0100209787487983,0.0001004200166789,computed (both variants usable),SBP
10:104901491:T:C,10:114831434:A:T,9929943,-0.0569517835974693,0.0032435057219117,computed (both variants usable),SBP
10:105639421:G:A,10:114765747:C:A,9126326,0.0124121280387043,0.0001540609227959,computed (both variants usable),SBP
10:105639421:G:A,10:114831434:A:T,9192013,0.013671544380486,0.0001869111292762,computed (both variants usable),SBP
10:114765747:C:A,10:114831434:A:T,65687,0.1098014637827873,0.0120563618838787,computed (both variants usable),SBP
10:114765747:C:A,10:115697178:A:G,931431,-0.0470657870173454,0.0022151882294565,computed (both variants usable),SBP
10:114765747:C:A,10:115698028:C:T,932281,-0.0255819130688905,0.0006544342613779,computed (both variants usable),SBP
10:114765747:C:A,10:115792787:G:A,1027040,0.0033897729590535,1.1490560609672684e-05,computed (both variants usable),SBP
10:114765747:C:A,10:115805056:G:C,1039309,0.0150480279698967,0.000226443138672,computed (both variants usable),SBP
10:114765747:C:A,10:118523933:A:G,3758186,0.0359904766082763,0.0012953144032508,computed (both variants usable),SBP
10:114765747:C:A,10:124232420:G:A,9466673,0.0156612060964107,0.0002452733751852,computed (both variants usable),SBP
10:114765747:C:A,10:124235059:G:A,9469312,0.0156612060964107,0.0002452733751852,computed (both variants usable),SBP
10:114831434:A:T,10:115697178:A:G,865744,0.0318425707519054,0.0010139492806047,computed (both variants usable),SBP
10:114831434:A:T,10:115698028:C:T,866594,0.0451783612370491,0.0020410842262208,computed (both variants usable),SBP
10:114831434:A:T,10:115792787:G:A,961353,0.0581623055040836,0.0033828536979854,computed (both variants usable),SBP
10:114831434:A:T,10:115805056:G:C,973622,0.0540588572621345,0.0029223600868135,computed (both variants usable),SBP
10:114831434:A:T,10:118523933:A:G,3692499,-0.0016020782059058,2.566654529800872e-06,computed (both variants usable),SBP
10:114831434:A:T,10:124232420:G:A,9400986,0.016507189720869,0.0002724873193074,computed (both variants usable),SBP
10:114831434:A:T,10:124235059:G:A,9403625,0.016507189720869,0.0002724873193074,computed (both variants usable),SBP
10:115697178:A:G,10:115698028:C:T,850,0.6353595852851868,0.4036818146705627,computed (both variants usable),SBP
10:115697178:A:G,10:115792787:G:A,95609,0.0253745336085557,0.0006438669515773,computed (both variants usable),SBP
10:115697178:A:G,10:115805056:G:C,107878,0.0266525372862815,0.0007103577372618,computed (both variants usable),SBP
10:115697178:A:G,10:118523933:A:G,2826755,0.0496798120439052,0.0024680837523192,computed (both variants usable),SBP
10:115697178:A:G,10:124232420:G:A,8535242,0.0008353185839951,6.977571160859952e-07,computed (both variants usable),SBP
10:115697178:A:G,10:124235059:G:A,8537881,0.0008353185839951,6.977571160859952e-07,computed (both variants usable),SBP
10:115698028:C:T,10:115792787:G:A,94759,0.0247870404273271,0.0006143973441794,computed (both variants usable),SBP
10:115698028:C:T,10:115805056:G:C,107028,0.0331567414104938,0.0010993694886565,computed (both variants usable),SBP
10:115698028:C:T,10:118523933:A:G,2825905,0.0303362309932708,0.0009202869259752,computed (both variants usable),SBP
10:115698028:C:T,10:124232420:G:A,8534392,0.0142124276608228,0.0002019930980168,computed (both variants usable),SBP
10:115698028:C:T,10:124235059:G:A,8537031,0.0142124276608228,0.0002019930980168,computed (both variants usable),SBP
10:115792787:G:A,10:115805056:G:C,12269,0.9841002821922302,0.9684533476829528,computed (both variants usable),SBP
10:115792787:G:A,10:118523933:A:G,2731146,-0.0079212682321667,6.27464905846864e-05,computed (both variants usable),SBP
10:115792787:G:A,10:124232420:G:A,8439633,0.0162038952112197,0.0002625662309583,computed (both variants usable),SBP
10:115792787:G:A,10:124235059:G:A,8442272,0.0162038952112197,0.0002625662309583,computed (both variants usable),SBP
10:115805056:G:C,10:118523933:A:G,2718877,-0.01302629429847,0.0001696843391982,computed (both variants usable),SBP
10:115805056:G:C,10:124232420:G:A,8427364,0.010553847067058,0.0001113836915465,computed (both variants usable),SBP
10:115805056:G:C,10:124235059:G:A,8430003,0.010553847067058,0.0001113836915465,computed (both variants usable),SBP
10:118523933:A:G,10:124232420:G:A,5708487,0.0172972381114959,0.000299194449326,computed (both variants usable),SBP
10:118523933:A:G,10:124235059:G:A,5711126,0.0172972381114959,0.000299194449326,computed (both variants usable),SBP
10:118523933:A:G,10:126432900:T:C,7908967,0.0333167724311351,0.0011100072879344,computed (both variants usable),SBP
10:124232420:G:A,10:124235059:G:A,2639,0.9999980926513672,0.9999961853027344,computed (both variants usable),SBP
10:124232420:G:A,10:126432900:T:C,2200480,-0.001912769745104,3.6586880014510825e-06,computed (both variants usable),SBP
10:124235059:G:A,10:126432900:T:C,2197841,-0.001912769745104,3.6586880014510825e-06,computed (both variants usable),SBP
10:126432900:T:C,10:134413500:G:T,7980600,-0.0132349152117967,0.0001751629752106,computed (both variants usable),SBP
10:126432900:T:C,10:134413583:T:A,7980683,-0.0132349152117967,0.0001751629752106,computed (both variants usable),SBP
10:134413500:G:T,10:134413583:T:A,83,0.9999985098838806,0.9999970197677612,computed (both variants usable),SBP
11:871030:G:A,11:1874221:C:T,1003191,0.0450589060783386,0.0020303050987422,computed (both variants usable),SBP
11:871030:G:A,11:1887068:T:G,1016038,-0.0212580133229494,0.0004519031208474,computed (both variants usable),SBP
11:871030:G:A,11:1887806:T:A,1016776,0.0240049120038747,0.0005762358196079,computed (both variants usable),SBP
11:871030:G:A,11:1888614:C:T,1017584,-0.0185401402413845,0.0003437368141021,computed (both variants usable),SBP
11:871030:G:A,11:1948186:T:C,1077156,0.0104603162035346,0.0001094182152883,computed (both variants usable),SBP
11:871030:G:A,11:9957324:A:C,9086294,-0.006367661524564,4.054711462231353e-05,computed (both variants usable),SBP
11:871030:G:A,11:9973062:T:G,9102032,-0.0259810015559196,0.0006750124157406,computed (both variants usable),SBP
11:871030:G:A,11:10157776:A:G,9286746,0.0096465880051255,9.305666026193649e-05,computed (both variants usable),SBP
11:871030:G:A,11:10273128:C:T,9402098,-0.0072227204218506,5.216769204707816e-05,computed (both variants usable),SBP
11:871030:G:A,11:10296756:A:G,9425726,-0.0128687229007482,0.0001656040258239,computed (both variants usable),SBP
11:871030:G:A,11:10660067:T:G,9789037,-0.0469509549438953,0.0022043921053409,computed (both variants usable),SBP
11:871030:G:A,11:10675738:A:G,9804708,0.0445044748485088,0.0019806483760476,computed (both variants usable),SBP
11:1874221:C:T,11:1887068:T:G,12847,0.0396212004125118,0.0015698395436629,computed (both variants usable),SBP
11:1874221:C:T,11:1887806:T:A,13585,0.3417843878269195,0.1168165653944015,computed (both variants usable),SBP
11:1874221:C:T,11:1888614:C:T,14393,0.0745851546525955,0.0055629452690482,computed (both variants usable),SBP
11:1874221:C:T,11:1948186:T:C,73965,-0.1114320382475853,0.0124170994386076,computed (both variants usable),SBP
11:1874221:C:T,11:9957324:A:C,8083103,-0.0496662333607673,0.0024667347315698,computed (both variants usable),SBP
11:1874221:C:T,11:9973062:T:G,8098841,-0.0199877489358186,0.0003995101142209,computed (both variants usable),SBP
11:1874221:C:T,11:10157776:A:G,8283555,0.0203132443130016,0.0004126278799958,computed (both variants usable),SBP
11:1874221:C:T,11:10273128:C:T,8398907,0.0283074881881475,0.00080131390132,computed (both variants usable),SBP
11:1874221:C:T,11:10296756:A:G,8422535,0.0242385603487491,0.0005875077913515,computed (both variants usable),SBP
11:1874221:C:T,11:10660067:T:G,8785846,-0.013633563183248,0.0001858740433817,computed (both variants usable),SBP
11:1874221:C:T,11:10675738:A:G,8801517,0.0167983621358871,0.00028218497755,computed (both variants usable),SBP
11:1887068:T:G,11:1887806:T:A,738,0.636274516582489,0.404845267534256,computed (both variants usable),SBP
11:1887068:T:G,11:1888614:C:T,1546,0.951564371585846,0.9054747819900512,computed (both variants usable),SBP
11:1887068:T:G,11:1948186:T:C,61118,-0.4014537930488586,0.1611651480197906,computed (both variants usable),SBP
11:1887068:T:G,11:9957324:A:C,8070256,-0.0379140973091125,0.0014374788152053,computed (both variants usable),SBP
11:1887068:T:G,11:9973062:T:G,8085994,0.0236280765384435,0.0005582859739661,computed (both variants usable),SBP
11:1887068:T:G,11:10157776:A:G,8270708,-0.0093879634514451,8.813385647954419e-05,computed (both variants usable),SBP
11:1887068:T:G,11:10273128:C:T,8386060,-0.006489098072052,4.2108393245143816e-05,computed (both variants usable),SBP
11:1887068:T:G,11:10296756:A:G,8409688,-0.0003928785445168,1.543535574910493e-07,computed (both variants usable),SBP
11:1887068:T:G,11:10660067:T:G,8772999,0.0189821608364582,0.0003603224176913,computed (both variants usable),SBP
11:1887068:T:G,11:10675738:A:G,8788670,-0.0071655963547527,5.1345770771149546e-05,computed (both variants usable),SBP
11:1887806:T:A,11:1888614:C:T,808,0.6094406843185425,0.3714179396629333,computed (both variants usable),SBP
11:1887806:T:A,11:1948186:T:C,60380,-0.0704261288046836,0.0049598393961787,computed (both variants usable),SBP
11:1887806:T:A,11:9957324:A:C,8069518,-0.0618686601519584,0.0038277311250567,computed (both variants usable),SBP
11:1887806:T:A,11:9973062:T:G,8085256,0.0163294933736324,0.0002666523505467,computed (both variants usable),SBP
11:1887806:T:A,11:10157776:A:G,8269970,0.0104373935610055,0.0001089391807909,computed (both variants usable),SBP
11:1887806:T:A,11:10273128:C:T,8385322,0.0172865912318229,0.000298826227663,computed (both variants usable),SBP
11:1887806:T:A,11:10296756:A:G,8408950,0.0218990221619606,0.0004795671848114,computed (both variants usable),SBP
11:1887806:T:A,11:10660067:T:G,8772261,-0.0138811226934194,0.0001926855620695,computed (both variants usable),SBP
11:1887806:T:A,11:10675738:A:G,8787932,0.0121642472222447,0.0001479689090047,computed (both variants usable),SBP
11:1888614:C:T,11:1948186:T:C,59572,-0.442414253950119,0.195730373263359,computed (both variants usable),SBP
11:1888614:C:T,11:9957324:A:C,8068710,-0.0436693951487541,0.001907016034238,computed (both variants usable),SBP
11:1888614:C:T,11:9973062:T:G,8084448,0.0179829727858304,0.0003233872994314,computed (both variants usable),SBP
11:1888614:C:T,11:10157776:A:G,8269162,-0.0038651567883789,1.493943727837177e-05,computed (both variants usable),SBP
11:1888614:C:T,11:10273128:C:T,8384514,-0.0008290483383461,6.873211191305018e-07,computed (both variants usable),SBP
11:1888614:C:T,11:10296756:A:G,8408142,0.0049992986023426,2.499298716429621e-05,computed (both variants usable),SBP
11:1888614:C:T,11:10660067:T:G,8771453,0.0222609136253595,0.000495548301842,computed (both variants usable),SBP
11:1888614:C:T,11:10675738:A:G,8787124,-0.0131971426308155,0.0001741645683068,computed (both variants usable),SBP
11:1948186:T:C,11:9957324:A:C,8009138,0.0016595112392678,2.7539774691831558e-06,computed (both variants usable),SBP
11:1948186:T:C,11:9973062:T:G,8024876,-0.0341580994427204,0.0011667757062241,computed (both variants usable),SBP
11:1948186:T:C,11:10157776:A:G,8209590,0.0417403280735015,0.0017422549426555,computed (both variants usable),SBP
11:1948186:T:C,11:10273128:C:T,8324942,0.0246543437242507,0.0006078366423025,computed (both variants usable),SBP
11:1948186:T:C,11:10296756:A:G,8348570,0.0301122441887855,0.0009067472419701,computed (both variants usable),SBP
11:1948186:T:C,11:10660067:T:G,8711881,-0.0391872748732566,0.0015356425428763,computed (both variants usable),SBP
11:1948186:T:C,11:10675738:A:G,8727552,0.0233512539416551,0.0005452810437418,computed (both variants usable),SBP
11:9957324:A:C,11:9973062:T:G,15738,0.5537427663803101,0.3066310584545135,computed (both variants usable),SBP
11:9957324:A:C,11:10157776:A:G,200452,0.0405643619596958,0.0016454674769192,computed (both variants usable),SBP
11:9957324:A:C,11:10273128:C:T,315804,0.042249146848917,0.0017849904252216,computed (both variants usable),SBP
11:9957324:A:C,11:10296756:A:G,339432,0.0423019602894783,0.0017894558841362,computed (both variants usable),SBP
11:9957324:A:C,11:10660067:T:G,702743,-0.0219349544495344,0.0004811422259081,computed (both variants usable),SBP
11:9957324:A:C,11:10675738:A:G,718414,0.0457098744809627,0.002089392626658,computed (both variants usable),SBP
11:9957324:A:C,11:16295390:G:A,6338066,0.0525791272521019,0.0027645647060126,computed (both variants usable),SBP
11:9957324:A:C,11:16304089:A:C,6346765,-0.0530599504709243,0.0028153583407402,computed (both variants usable),SBP
11:9957324:A:C,11:16352545:T:C,6395221,-0.0359478630125522,0.0012922488385811,computed (both variants usable),SBP
11:9957324:A:C,11:17389850:G:A,7432526,-0.0181533899158239,0.0003295455535408,computed (both variants usable),SBP
11:9957324:A:C,11:17405617:C:T,7448293,-0.0142461378127336,0.0002029524475801,computed (both variants usable),SBP
11:9973062:T:G,11:10157776:A:G,184714,0.094386801123619,0.0089088678359985,computed (both variants usable),SBP
11:9973062:T:G,11:10273128:C:T,300066,0.1018329337239265,0.0103699462488293,computed (both variants usable),SBP
11:9973062:T:G,11:10296756:A:G,323694,0.0941244140267372,0.0088594052940607,computed (both variants usable),SBP
11:9973062:T:G,11:10660067:T:G,687005,-0.0058090891689062,3.37455167027656e-05,computed (both variants usable),SBP
11:9973062:T:G,11:10675738:A:G,702676,0.0114270634949207,0.000130577784148,computed (both variants usable),SBP
11:9973062:T:G,11:16295390:G:A,6322328,0.0196019690483808,0.0003842371806968,computed (both variants usable),SBP
11:9973062:T:G,11:16304089:A:C,6331027,-0.0180820748209953,0.0003269614244345,computed (both variants usable),SBP
11:9973062:T:G,11:16352545:T:C,6379483,-0.0075713149271905,5.732481076847762e-05,computed (both variants usable),SBP
11:9973062:T:G,11:17389850:G:A,7416788,0.0123949898406863,0.0001536357740405,computed (both variants usable),SBP
11:9973062:T:G,11:17405617:C:T,7432555,0.0176331587135791,0.0003109282988589,computed (both variants usable),SBP
11:10157776:A:G,11:10273128:C:T,115352,0.9734289646148682,0.9475639462471008,computed (both variants usable),SBP
11:10157776:A:G,11:10296756:A:G,138980,0.9822096824645996,0.9647358655929564,computed (both variants usable),SBP
11:10157776:A:G,11:10660067:T:G,502291,0.0225027352571487,0.0005063731223344,computed (both variants usable),SBP
11:10157776:A:G,11:10675738:A:G,517962,-0.0324879251420497,0.0010554653126746,computed (both variants usable),SBP
11:10157776:A:G,11:16295390:G:A,6137614,0.0102745937183499,0.0001055672764778,computed (both variants usable),SBP
11:10157776:A:G,11:16304089:A:C,6146313,-0.006379147991538,4.069352871738374e-05,computed (both variants usable),SBP
11:10157776:A:G,11:16352545:T:C,6194769,0.0002592852979432,6.72288678060795e-08,computed (both variants usable),SBP
11:10157776:A:G,11:17389850:G:A,7232074,0.0311013422906398,0.0009672935120761,computed (both variants usable),SBP
11:10157776:A:G,11:17405617:C:T,7247841,0.0286998245865106,0.0008236799039877,computed (both variants usable),SBP
11:10273128:C:T,11:10296756:A:G,23628,0.9911506175994872,0.9823795557022096,computed (both variants usable),SBP
11:10273128:C:T,11:10660067:T:G,386939,0.0263629555702209,0.0006950054084882,computed (both variants usable),SBP
11:10273128:C:T,11:10675738:A:G,402610,-0.0360773466527462,0.001301574986428,computed (both variants usable),SBP
11:10273128:C:T,11:16295390:G:A,6022262,0.0053202994167804,2.830558514688164e-05,computed (both variants usable),SBP
11:10273128:C:T,11:16304089:A:C,6030961,-0.0013839966850355,1.915446773637086e-06,computed (both variants usable),SBP
11:10273128:C:T,11:16352545:T:C,6079417,0.0051033017225563,2.6043688194477e-05,computed (both variants usable),SBP
11:10273128:C:T,11:17389850:G:A,7116722,0.0278131086379289,0.000773568986915,computed (both variants usable),SBP
11:10273128:C:T,11:17405617:C:T,7132489,0.0254977438598871,0.0006501349271275,computed (both variants usable),SBP
11:10296756:A:G,11:10660067:T:G,363311,0.0201727543026208,0.0004069400019943,computed (both variants usable),SBP
11:10296756:A:G,11:10675738:A:G,378982,-0.030552253127098,0.0009334401693195,computed (both variants usable),SBP
11:10296756:A:G,11:16295390:G:A,5998634,0.0017682055477052,3.126550836896058e-06,computed (both variants usable),SBP
11:10296756:A:G,11:16304089:A:C,6007333,0.0021540909074246,4.640107817976968e-06,computed (both variants usable),SBP
11:10296756:A:G,11:16352545:T:C,6055789,0.0087770288810133,7.703623850829899e-05,computed (both variants usable),SBP
11:10296756:A:G,11:17389850:G:A,7093094,0.0275670196861028,0.0007599405944347,computed (both variants usable),SBP
11:10296756:A:G,11:17405617:C:T,7108861,0.0250623188912868,0.0006281198002398,computed (both variants usable),SBP
11:10660067:T:G,11:10675738:A:G,15671,-0.8578976988792419,0.735988438129425,computed (both variants usable),SBP
11:10660067:T:G,11:16295390:G:A,5635323,0.0239824745804071,0.0005751590942963,computed (both variants usable),SBP
11:10660067:T:G,11:16304089:A:C,5644022,-0.0194118544459342,0.0003768200986087,computed (both variants usable),SBP
11:10660067:T:G,11:16352545:T:C,5692478,-0.0329729877412319,0.0010872179409489,computed (both variants usable),SBP
11:10660067:T:G,11:17389850:G:A,6729783,0.0114542851224541,0.0001312006497755,computed (both variants usable),SBP
11:10660067:T:G,11:17405617:C:T,6745550,0.0129359047859907,0.0001673376391408,computed (both variants usable),SBP
11:10675738:A:G,11:16295390:G:A,5619652,-0.0147406980395317,0.0002172881795559,computed (both variants usable),SBP
11:10675738:A:G,11:16304089:A:C,5628351,0.0097870016470551,9.578539902577175e-05,computed (both variants usable),SBP
11:10675738:A:G,11:16352545:T:C,5676807,0.0136937731876969,0.0001875194284366,computed (both variants usable),SBP
11:10675738:A:G,11:17389850:G:A,6714112,-0.0248417593538761,0.0006171130225993,computed (both variants usable),SBP
11:10675738:A:G,11:17405617:C:T,6729879,-0.0232136212289333,0.0005388722056522,computed (both variants usable),SBP
11:16295390:G:A,11:16304089:A:C,8699,-0.9904484748840332,0.9809882044792176,computed (both variants usable),SBP
11:16295390:G:A,11:16352545:T:C,57155,-0.9687365889549256,0.938450574874878,computed (both variants usable),SBP
11:16295390:G:A,11:17389850:G:A,1094460,0.0682826861739158,0.0046625253744423,computed (both variants usable),SBP
11:16295390:G:A,11:17405617:C:T,1110227,0.0661114156246185,0.0043707191944122,computed (both variants usable),SBP
11:16304089:A:C,11:16352545:T:C,48456,0.9719348549842834,0.9446573853492736,computed (both variants usable),SBP
11:16304089:A:C,11:17389850:G:A,1085761,-0.0690908133983612,0.0047735404223203,computed (both variants usable),SBP
11:16304089:A:C,11:17405617:C:T,1101528,-0.0670911893248558,0.0045012277550995,computed (both variants usable),SBP
11:16352545:T:C,11:17389850:G:A,1037305,-0.0615296550095081,0.0037858984433114,computed (both variants usable),SBP
11:16352545:T:C,11:17405617:C:T,1053072,-0.0590563230216503,0.0034876493737101,computed (both variants usable),SBP
11:17389850:G:A,11:17405617:C:T,15767,0.9745886921882628,0.9498231410980223,computed (both variants usable),SBP
11:28483787:G:A,11:28512458:G:A,28671,0.9913891553878784,0.9828524589538574,computed (both variants usable),SBP
11:28483787:G:A,11:28549266:G:A,65479,-0.744364857673645,0.5540790557861328,computed (both variants usable),SBP
11:28483787:G:A,11:30516496:A:G,2032709,0.0143262678757309,0.0002052419440587,computed (both variants usable),SBP
11:28483787:G:A,11:30760335:T:C,2276548,-0.0015794730279594,2.4947350993898e-06,computed (both variants usable),SBP
11:28512458:G:A,11:28549266:G:A,36808,-0.7411381006240845,0.5492857098579407,computed (both variants usable),SBP
11:28512458:G:A,11:30516496:A:G,2004038,0.0171014200896024,0.0002924585714936,computed (both variants usable),SBP
11:28512458:G:A,11:30760335:T:C,2247877,-0.0058068740181624,3.371978527866304e-05,computed (both variants usable),SBP
11:28549266:G:A,11:30516496:A:G,1967230,-0.0111125959083437,0.0001234897936228,computed (both variants usable),SBP
11:28549266:G:A,11:30760335:T:C,2211069,0.0197664313018322,0.0003907117934431,computed (both variants usable),SBP
11:30516496:A:G,11:30760335:T:C,243839,0.036947127431631,0.0013650902546942,computed (both variants usable),SBP
11:44041968:A:G,11:45255926:C:T,1213958,-0.015345312654972,0.0002354786265641,computed (both variants usable),SBP
11:44041968:A:G,11:47035573:A:G,2993605,-0.030608482658863,0.0009368791943415,computed (both variants usable),SBP
11:44041968:A:G,11:47361838:A:G,3319870,0.0066007417626678,4.35697911598254e-05,computed (both variants usable),SBP
11:44041968:A:G,11:47676170:A:G,3634202,0.0182425677776336,0.000332791270921,computed (both variants usable),SBP
11:44041968:A:G,11:48633537:C:T,4591569,-0.0109992241486907,0.0001209829351864,computed (both variants usable),SBP
11:44041968:A:G,11:48810512:A:G,4768544,-0.0293017346411943,0.0008585916366428,computed (both variants usable),SBP
11:45255926:C:T,11:47035573:A:G,1779647,-0.0035341947805136,1.2490532753872683e-05,computed (both variants usable),SBP
11:45255926:C:T,11:47361838:A:G,2105912,0.0086099589243531,7.413139246637002e-05,computed (both variants usable),SBP
11:45255926:C:T,11:47676170:A:G,2420244,0.0387172438204288,0.0014990249183028,computed (both variants usable),SBP
11:45255926:C:T,11:48633537:C:T,3377611,-0.0191335342824459,0.000366092135664,computed (both variants usable),SBP
11:45255926:C:T,11:48810512:A:G,3554586,-0.0539696849882602,0.002912726951763,computed (both variants usable),SBP
11:45255926:C:T,11:55112643:T:C,9856717,-0.0778591483831405,0.0060620470903813,computed (both variants usable),SBP
11:45255926:C:T,11:55123720:C:T,9867794,-0.0822180956602096,0.0067598153837025,computed (both variants usable),SBP
11:45255926:C:T,11:55213614:C:T,9957688,-0.0822180956602096,0.0067598153837025,computed (both variants usable),SBP
11:47035573:A:G,11:47361838:A:G,326265,-0.1832326054573059,0.0335741862654686,computed (both variants usable),SBP
11:47035573:A:G,11:47676170:A:G,640597,0.128666490316391,0.0165550652891397,computed (both variants usable),SBP
11:47035573:A:G,11:48633537:C:T,1597964,-0.1442131251096725,0.0207974258810281,computed (both variants usable),SBP
11:47035573:A:G,11:48810512:A:G,1774939,-0.0460813082754612,0.0021234869491308,computed (both variants usable),SBP
11:47035573:A:G,11:55112643:T:C,8077070,-0.293272316455841,0.0860086530447006,computed (both variants usable),SBP
11:47035573:A:G,11:55123720:C:T,8088147,-0.2827628254890442,0.0799548178911209,computed (both variants usable),SBP
11:47035573:A:G,11:55213614:C:T,8178041,-0.2827628254890442,0.0799548178911209,computed (both variants usable),SBP
11:47361838:A:G,11:47676170:A:G,314332,-0.3958989977836609,0.1567360162734985,computed (both variants usable),SBP
11:47361838:A:G,11:48633537:C:T,1271699,0.0934527218341827,0.0087334113195538,computed (both variants usable),SBP
11:47361838:A:G,11:48810512:A:G,1448674,-0.0019436506554484,3.777777919822256e-06,computed (both variants usable),SBP
11:47361838:A:G,11:55112643:T:C,7750805,0.2039493471384048,0.0415953360497951,computed (both variants usable),SBP
11:47361838:A:G,11:55123720:C:T,7761882,0.1959163099527359,0.038383200764656,computed (both variants usable),SBP
11:47361838:A:G,11:55213614:C:T,7851776,0.1959163099527359,0.038383200764656,computed (both variants usable),SBP
11:47676170:A:G,11:48633537:C:T,957367,-0.2099134773015976,0.0440636686980724,computed (both variants usable),SBP
11:47676170:A:G,11:48810512:A:G,1134342,-0.0562044419348239,0.0031589393038302,computed (both variants usable),SBP
11:47676170:A:G,11:55112643:T:C,7436473,-0.2893035411834717,0.083696536719799,computed (both variants usable),SBP
11:47676170:A:G,11:55123720:C:T,7447550,-0.2853053510189056,0.0813991427421569,computed (both variants usable),SBP
11:47676170:A:G,11:55213614:C:T,7537444,-0.2853053510189056,0.0813991427421569,computed (both variants usable),SBP
11:48633537:C:T,11:48810512:A:G,176975,0.6444912552833557,0.4153689742088318,computed (both variants usable),SBP
11:48633537:C:T,11:55112643:T:C,6479106,0.6202660799026489,0.3847300112247467,computed (both variants usable),SBP
11:48633537:C:T,11:55123720:C:T,6490183,0.6061806082725525,0.3674549162387848,computed (both variants usable),SBP
11:48633537:C:T,11:55213614:C:T,6580077,0.6061806082725525,0.3674549162387848,computed (both variants usable),SBP
11:48633537:C:T,11:58370698:G:A,9737161,-0.0456186011433601,0.0020810568239539,computed (both variants usable),SBP
11:48633537:C:T,11:58376276:C:T,9742739,-0.0456186011433601,0.0020810568239539,computed (both variants usable),SBP
11:48633537:C:T,11:58407740:C:G,9774203,-0.0466206707060337,0.0021734868641942,computed (both variants usable),SBP
11:48810512:A:G,11:55112643:T:C,6302131,0.3953520953655243,0.1563032865524292,computed (both variants usable),SBP
11:48810512:A:G,11:55123720:C:T,6313208,0.3989635705947876,0.159171923995018,computed (both variants usable),SBP
11:48810512:A:G,11:55213614:C:T,6403102,0.3989635705947876,0.159171923995018,computed (both variants usable),SBP
11:48810512:A:G,11:58370698:G:A,9560186,-0.00386119983159,1.4908863704476971e-05,computed (both variants usable),SBP
11:48810512:A:G,11:58376276:C:T,9565764,-0.00386119983159,1.4908863704476971e-05,computed (both variants usable),SBP
11:48810512:A:G,11:58407740:C:G,9597228,-0.004738911986351,2.245728683192283e-05,computed (both variants usable),SBP
11:55112643:T:C,11:55123720:C:T,11077,0.977492332458496,0.9554912447929382,computed (both variants usable),SBP
11:55112643:T:C,11:55213614:C:T,100971,0.977492332458496,0.9554912447929382,computed (both variants usable),SBP
11:55112643:T:C,11:58370698:G:A,3258055,-0.0555124841630458,0.0030816358048468,computed (both variants usable),SBP
11:55112643:T:C,11:58376276:C:T,3263633,-0.0555124841630458,0.0030816358048468,computed (both variants usable),SBP
11:55112643:T:C,11:58407740:C:G,3295097,-0.0563142709434032,0.0031712970230728,computed (both variants usable),SBP
11:55112643:T:C,11:61272565:T:C,6159922,-0.0329833216965198,0.0010878995526582,computed (both variants usable),SBP
11:55112643:T:C,11:61274790:T:G,6162147,-0.0618814639747142,0.0038293155375868,computed (both variants usable),SBP
11:55112643:T:C,11:61278246:T:C,6165603,-0.0197768975049257,0.0003911256790161,computed (both variants usable),SBP
11:55112643:T:C,11:63680045:C:A,8567402,0.003583745798096,1.2843233889725523e-05,computed (both variants usable),SBP
11:55123720:C:T,11:55213614:C:T,89894,1.0000016689300537,1.0000033378601074,computed (both variants usable),SBP
11:55123720:C:T,11:58370698:G:A,3246978,-0.0476979650557041,0.0022750957868993,computed (both variants usable),SBP
11:55123720:C:T,11:58376276:C:T,3252556,-0.0476979650557041,0.0022750957868993,computed (both variants usable),SBP
11:55123720:C:T,11:58407740:C:G,3284020,-0.0484901666641235,0.0023512963671237,computed (both variants usable),SBP
11:55123720:C:T,11:61272565:T:C,6148845,-0.0281279422342777,0.0007911811117082,computed (both variants usable),SBP
11:55123720:C:T,11:61274790:T:G,6151070,-0.0586726330220699,0.0034424779005348,computed (both variants usable),SBP
11:55123720:C:T,11:61278246:T:C,6154526,-0.0145604768767952,0.0002120074932463,computed (both variants usable),SBP
11:55123720:C:T,11:63680045:C:A,8556325,0.0114514138549566,0.0001311348751187,computed (both variants usable),SBP
11:55213614:C:T,11:58370698:G:A,3157084,-0.0476979650557041,0.0022750957868993,computed (both variants usable),SBP
11:55213614:C:T,11:58376276:C:T,3162662,-0.0476979650557041,0.0022750957868993,computed (both variants usable),SBP
11:55213614:C:T,11:58407740:C:G,3194126,-0.0484901666641235,0.0023512963671237,computed (both variants usable),SBP
11:55213614:C:T,11:61272565:T:C,6058951,-0.0281279422342777,0.0007911811117082,computed (both variants usable),SBP
11:55213614:C:T,11:61274790:T:G,6061176,-0.0586726330220699,0.0034424779005348,computed (both variants usable),SBP
11:55213614:C:T,11:61278246:T:C,6064632,-0.0145604768767952,0.0002120074932463,computed (both variants usable),SBP
11:55213614:C:T,11:63680045:C:A,8466431,0.0114514138549566,0.0001311348751187,computed (both variants usable),SBP
11:58370698:G:A,11:58376276:C:T,5578,0.9999995827674866,0.9999991655349731,computed (both variants usable),SBP
11:58370698:G:A,11:58407740:C:G,37042,0.9973562955856324,0.9947195649147034,computed (both variants usable),SBP
11:58370698:G:A,11:61272565:T:C,2901867,0.0249203313142061,0.0006210228893905,computed (both variants usable),SBP
11:58370698:G:A,11:61274790:T:G,2904092,0.0392226167023181,0.001538413693197,computed (both variants usable),SBP
11:58370698:G:A,11:61278246:T:C,2907548,0.0155628053471446,0.0002422009129077,computed (both variants usable),SBP
11:58370698:G:A,11:63680045:C:A,5309347,0.0323418416082859,0.0010459946934133,computed (both variants usable),SBP
11:58370698:G:A,11:65405600:G:T,7034902,-0.0005713873542845,3.264835015670542e-07,computed (both variants usable),SBP
11:58370698:G:A,11:67351774:C:T,8981076,-0.0279344748705625,0.0007803348707966,computed (both variants usable),SBP
11:58376276:C:T,11:58407740:C:G,31464,0.9973562955856324,0.9947195649147034,computed (both variants usable),SBP
11:58376276:C:T,11:61272565:T:C,2896289,0.0249203313142061,0.0006210228893905,computed (both variants usable),SBP
11:58376276:C:T,11:61274790:T:G,2898514,0.0392226167023181,0.001538413693197,computed (both variants usable),SBP
11:58376276:C:T,11:61278246:T:C,2901970,0.0155628053471446,0.0002422009129077,computed (both variants usable),SBP
11:58376276:C:T,11:63680045:C:A,5303769,0.0323418416082859,0.0010459946934133,computed (both variants usable),SBP
11:58376276:C:T,11:65405600:G:T,7029324,-0.0005713873542845,3.264835015670542e-07,computed (both variants usable),SBP
11:58376276:C:T,11:67351774:C:T,8975498,-0.0279344748705625,0.0007803348707966,computed (both variants usable),SBP
11:58407740:C:G,11:61272565:T:C,2864825,0.0240687355399131,0.0005793040036223,computed (both variants usable),SBP
11:58407740:C:G,11:61274790:T:G,2867050,0.0385255701839923,0.0014842195669189,computed (both variants usable),SBP
11:58407740:C:G,11:61278246:T:C,2870506,0.0147031182423233,0.0002161816810257,computed (both variants usable),SBP
11:58407740:C:G,11:63680045:C:A,5272305,0.0348004400730133,0.001211070572026,computed (both variants usable),SBP
11:58407740:C:G,11:65405600:G:T,6997860,-0.0017119500553235,2.9307730073924176e-06,computed (both variants usable),SBP
11:58407740:C:G,11:67351774:C:T,8944034,-0.0250483676791191,0.0006274207262322,computed (both variants usable),SBP
11:61272565:T:C,11:61274790:T:G,2225,0.7761891484260559,0.6024696230888367,computed (both variants usable),SBP
11:61272565:T:C,11:61278246:T:C,5681,0.9663102626800536,0.9337555170059204,computed (both variants usable),SBP
11:61272565:T:C,11:63680045:C:A,2407480,-0.0063835782930254,4.075007018400356e-05,computed (both variants usable),SBP
11:61272565:T:C,11:65405600:G:T,4133035,-0.0130747407674789,0.0001709488424239,computed (both variants usable),SBP
11:61272565:T:C,11:67351774:C:T,6079209,-0.0048896656371653,2.3908829462016e-05,computed (both variants usable),SBP
11:61272565:T:C,11:69075538:C:T,7802973,0.0495843328535556,0.0024586061481386,computed (both variants usable),SBP
11:61272565:T:C,11:69257221:A:G,7984656,0.0128012150526046,0.000163871110999,computed (both variants usable),SBP
11:61274790:T:G,11:61278246:T:C,3456,0.7693014740943909,0.5918247699737549,computed (both variants usable),SBP
11:61274790:T:G,11:63680045:C:A,2405255,-0.0058364155702292,3.406374526093714e-05,computed (both variants usable),SBP
11:61274790:T:G,11:65405600:G:T,4130810,-0.0258726272732019,0.0006693928153254,computed (both variants usable),SBP
11:61274790:T:G,11:67351774:C:T,6076984,0.0073632407002151,5.4217314755078405e-05,computed (both variants usable),SBP
11:61274790:T:G,11:69075538:C:T,7800748,0.0386490263044834,0.0014937472296878,computed (both variants usable),SBP
11:61274790:T:G,11:69257221:A:G,7982431,0.040572065860033,0.0016460925107821,computed (both variants usable),SBP
11:61278246:T:C,11:63680045:C:A,2401799,-0.0018245363608002,3.328932962176623e-06,computed (both variants usable),SBP
11:61278246:T:C,11:65405600:G:T,4127354,-0.0127874528989195,0.0001635189546504,computed (both variants usable),SBP
11:61278246:T:C,11:67351774:C:T,6073528,0.0017355390591546,3.012095930898795e-06,computed (both variants usable),SBP
11:61278246:T:C,11:69075538:C:T,7797292,0.0433586612343788,0.0018799734534695,computed (both variants usable),SBP
11:61278246:T:C,11:69257221:A:G,7978975,0.0100358631461858,0.0001007185492198,computed (both variants usable),SBP
11:63680045:C:A,11:65405600:G:T,1725555,0.0187395494431257,0.0003511707182042,computed (both variants usable),SBP
11:63680045:C:A,11:67351774:C:T,3671729,-0.0622153654694557,0.0038707517087459,computed (both variants usable),SBP
11:63680045:C:A,11:69075538:C:T,5395493,-0.011781976558268,0.0001388149685226,computed (both variants usable),SBP
11:63680045:C:A,11:69257221:A:G,5577176,-0.0291053727269172,0.0008471227483823,computed (both variants usable),SBP
11:65405600:G:T,11:67351774:C:T,1946174,-0.0639007985591888,0.0040833121165633,computed (both variants usable),SBP
11:65405600:G:T,11:69075538:C:T,3669938,-0.0506728924810886,0.0025677420198917,computed (both variants usable),SBP
11:65405600:G:T,11:69257221:A:G,3851621,-0.032008159905672,0.0010245223529636,computed (both variants usable),SBP
11:67351774:C:T,11:69075538:C:T,1723764,0.0329270474612712,0.0010841904440894,computed (both variants usable),SBP
11:67351774:C:T,11:69257221:A:G,1905447,-0.0099088717252016,9.818573744269088e-05,computed (both variants usable),SBP
11:69075538:C:T,11:69257221:A:G,181683,0.138179674744606,0.0190936233848333,computed (both variants usable),SBP
11:69075538:C:T,11:77940075:G:A,8864537,-0.0332245416939258,0.0011038702214136,computed (both variants usable),SBP
11:69075538:C:T,11:78128797:C:T,9053259,-0.0376720950007438,0.0014191867085173,computed (both variants usable),SBP
11:69257221:A:G,11:77940075:G:A,8682854,0.0322415754199028,0.001039519207552,computed (both variants usable),SBP
11:69257221:A:G,11:78128797:C:T,8871576,0.0329029709100723,0.0010826054494827,computed (both variants usable),SBP
11:77940075:G:A,11:78128797:C:T,188722,0.8545382618904114,0.7302356362342834,computed (both variants usable),SBP
11:89088374:C:T,11:89224453:A:C,136079,-0.2129499465227127,0.0453476794064044,computed (both variants usable),SBP
11:89088374:C:T,11:89224477:G:A,136103,0.0819582566618919,0.0067171556875109,computed (both variants usable),SBP
11:89224453:A:C,11:89224477:G:A,24,-0.7933593988418579,0.6294191479682922,computed (both variants usable),SBP
11:100593538:G:C,11:100610546:T:C,17008,0.9529786705970764,0.908168375492096,computed (both variants usable),SBP
11:100593538:G:C,11:107075997:A:G,6482459,0.0457537770271301,0.0020934080239385,computed (both variants usable),SBP
11:100593538:G:C,11:107096777:A:G,6503239,0.0423666909337043,0.0017949364846572,computed (both variants usable),SBP
11:100593538:G:C,11:107126353:G:A,6532815,0.0544754602015018,0.0029675757978111,computed (both variants usable),SBP
11:100593538:G:C,11:108245326:C:T,7651788,-0.0031070646364241,9.653850611357484e-06,computed (both variants usable),SBP
11:100610546:T:C,11:107075997:A:G,6465451,0.028558550402522,0.0008155907853506,computed (both variants usable),SBP
11:100610546:T:C,11:107096777:A:G,6486231,0.030485501512885,0.0009293658076785,computed (both variants usable),SBP
11:100610546:T:C,11:107126353:G:A,6515807,0.0534198395907878,0.0028536792378872,computed (both variants usable),SBP
11:100610546:T:C,11:108245326:C:T,7634780,-0.0037761521525681,1.425932532583829e-05,computed (both variants usable),SBP
11:107075997:A:G,11:107096777:A:G,20780,0.9762449860572816,0.9530542492866516,computed (both variants usable),SBP
11:107075997:A:G,11:107126353:G:A,50356,0.7141481041908264,0.5100075006484985,computed (both variants usable),SBP
11:107075997:A:G,11:108245326:C:T,1169329,-0.0472179092466831,0.0022295310627669,computed (both variants usable),SBP
11:107075997:A:G,11:117003528:G:C,9927531,-0.0285041704773902,0.0008124877349473,computed (both variants usable),SBP
11:107096777:A:G,11:107126353:G:A,29576,0.7411921620368958,0.5493658185005188,computed (both variants usable),SBP
11:107096777:A:G,11:108245326:C:T,1148549,-0.0384795628488063,0.0014806766994297,computed (both variants usable),SBP
11:107096777:A:G,11:117003528:G:C,9906751,-0.0385610461235046,0.0014869542792439,computed (both variants usable),SBP
11:107126353:G:A,11:108245326:C:T,1118973,0.0019475556910037,3.792973075178452e-06,computed (both variants usable),SBP
11:107126353:G:A,11:117003528:G:C,9877175,-0.0289177093654871,0.0008362338994629,computed (both variants usable),SBP
11:108245326:C:T,11:117003528:G:C,8758202,0.0207422915846109,0.0004302426532376,computed (both variants usable),SBP
11:108245326:C:T,11:117256384:C:G,9011058,0.0610857531428337,0.0037314691580832,computed (both variants usable),SBP
11:117003528:G:C,11:117256384:C:G,252856,0.0385958589613437,0.0014896403299644,computed (both variants usable),SBP
11:117003528:G:C,11:120058623:C:T,3055095,0.0329007655382156,0.0010824603959918,computed (both variants usable),SBP
11:117256384:C:G,11:120058623:C:T,2802239,-0.0127254640683531,0.0001619374379515,computed (both variants usable),SBP
11:130273230:A:T,11:130280725:C:A,7495,-0.912495493888855,0.8326480388641357,computed (both variants usable),SBP
12:427575:A:G,12:2178165:A:G,1750590,0.019451705738902,0.0003783688589464,computed (both variants usable),SBP
12:12627409:C:A,12:12628219:T:C,810,0.8247316479682922,0.6801822781562805,computed (both variants usable),SBP
12:12627409:C:A,12:12887977:C:T,260568,-0.0676001459360122,0.0045697796158492,computed (both variants usable),SBP
12:12627409:C:A,12:12888438:T:A,261029,0.0175484661012887,0.0003079486486967,computed (both variants usable),SBP
12:12627409:C:A,12:12889289:A:C,261880,-0.0181241873651742,0.0003284861741121,computed (both variants usable),SBP
12:12627409:C:A,12:20000315:A:C,7372906,0.003067877376452,9.41187136049848e-06,computed (both variants usable),SBP
12:12627409:C:A,12:20007597:C:A,7380188,0.0046028271317481,2.1186016965657476e-05,computed (both variants usable),SBP
12:12627409:C:A,12:20215558:G:A,7588149,-0.0419229157269001,0.0017575308447703,computed (both variants usable),SBP
12:12627409:C:A,12:20368269:T:C,7740860,0.0211650431156158,0.0004479590570554,computed (both variants usable),SBP
12:12627409:C:A,12:20373541:A:G,7746132,0.0188376605510711,0.0003548574459273,computed (both variants usable),SBP
12:12627409:C:A,12:20380250:C:T,7752841,0.005328070372343,2.8388334612827748e-05,computed (both variants usable),SBP
12:12627409:C:A,12:20606325:G:A,7978916,-0.0277783684432506,0.0007716377731412,computed (both variants usable),SBP
12:12627409:C:A,12:22005003:T:G,9377594,0.0003563703794497,1.2699985063591157e-07,computed (both variants usable),SBP
12:12628219:T:C,12:12887977:C:T,259758,-0.058409247547388,0.0034116401802748,computed (both variants usable),SBP
12:12628219:T:C,12:12888438:T:A,260219,0.0052674356848001,2.7745878469431773e-05,computed (both variants usable),SBP
12:12628219:T:C,12:12889289:A:C,261070,0.0043827453628182,1.9208457160857503e-05,computed (both variants usable),SBP
12:12628219:T:C,12:20000315:A:C,7372096,-0.001157104037702,1.3388897741606345e-06,computed (both variants usable),SBP
12:12628219:T:C,12:20007597:C:A,7379378,0.000693560577929,4.810262907994911e-07,computed (both variants usable),SBP
12:12628219:T:C,12:20215558:G:A,7587339,-0.061618473380804,0.003796836361289,computed (both variants usable),SBP
12:12628219:T:C,12:20368269:T:C,7740050,0.0284811276942491,0.0008111746283248,computed (both variants usable),SBP
12:12628219:T:C,12:20373541:A:G,7745322,0.0225273482501506,0.0005074813961982,computed (both variants usable),SBP
12:12628219:T:C,12:20380250:C:T,7752031,0.0144895827397704,0.0002099480043398,computed (both variants usable),SBP
12:12628219:T:C,12:20606325:G:A,7978106,-0.0262480266392231,0.0006889589130878,computed (both variants usable),SBP
12:12628219:T:C,12:22005003:T:G,9376784,0.0075644510798156,5.72209210076835e-05,computed (both variants usable),SBP
12:12887977:C:T,12:12888438:T:A,461,0.7508717179298401,0.5638083219528198,computed (both variants usable),SBP
12:12887977:C:T,12:12889289:A:C,1312,-0.5649688243865967,0.3191897869110107,computed (both variants usable),SBP
12:12887977:C:T,12:20000315:A:C,7112338,-0.0240114983171224,0.0005765520618297,computed (both variants usable),SBP
12:12887977:C:T,12:20007597:C:A,7119620,-0.0281498190015554,0.0007924123201519,computed (both variants usable),SBP
12:12887977:C:T,12:20215558:G:A,7327581,0.0099325254559516,9.865505853667857e-05,computed (both variants usable),SBP
12:12887977:C:T,12:20368269:T:C,7480292,0.0441825501620769,0.0019520977512001,computed (both variants usable),SBP
12:12887977:C:T,12:20373541:A:G,7485564,0.042212501168251,0.0017818952910602,computed (both variants usable),SBP
12:12887977:C:T,12:20380250:C:T,7492273,0.0229265186935663,0.0005256252479739,computed (both variants usable),SBP
12:12887977:C:T,12:20606325:G:A,7718348,0.0107136620208621,0.0001147825532825,computed (both variants usable),SBP
12:12887977:C:T,12:22005003:T:G,9117026,0.0181849207729101,0.000330691342242,computed (both variants usable),SBP
12:12888438:T:A,12:12889289:A:C,851,-0.7524166703224182,0.5661308169364929,computed (both variants usable),SBP
12:12888438:T:A,12:20000315:A:C,7111877,-0.0620126910507679,0.0038455738686025,computed (both variants usable),SBP
12:12888438:T:A,12:20007597:C:A,7119159,-0.0652140527963638,0.0042528728954494,computed (both variants usable),SBP
12:12888438:T:A,12:20215558:G:A,7327120,0.0293171033263206,0.0008594925748184,computed (both variants usable),SBP
12:12888438:T:A,12:20368269:T:C,7479831,0.0527714937925338,0.0027848305180668,computed (both variants usable),SBP
12:12888438:T:A,12:20373541:A:G,7485103,0.0521182715892791,0.0027163142804056,computed (both variants usable),SBP
12:12888438:T:A,12:20380250:C:T,7491812,0.0352140180766582,0.0012400270206853,computed (both variants usable),SBP
12:12888438:T:A,12:20606325:G:A,7717887,0.0257715340703725,0.000664171995595,computed (both variants usable),SBP
12:12888438:T:A,12:22005003:T:G,9116565,-0.0217341892421245,0.0004723749880213,computed (both variants usable),SBP
12:12889289:A:C,12:20000315:A:C,7111026,0.0606054104864597,0.0036730158608406,computed (both variants usable),SBP
12:12889289:A:C,12:20007597:C:A,7118308,0.0630439296364784,0.0039745368994772,computed (both variants usable),SBP
12:12889289:A:C,12:20215558:G:A,7326269,0.01462915353477,0.0002140121359843,computed (both variants usable),SBP
12:12889289:A:C,12:20368269:T:C,7478980,-0.0008132947259582,6.614483254452352e-07,computed (both variants usable),SBP
12:12889289:A:C,12:20373541:A:G,7484252,-0.0012974991695955,1.68350413787266e-06,computed (both variants usable),SBP
12:12889289:A:C,12:20380250:C:T,7490961,0.001619697199203,2.6234190499963006e-06,computed (both variants usable),SBP
12:12889289:A:C,12:20606325:G:A,7717036,-0.0243949070572853,0.0005951115163043,computed (both variants usable),SBP
12:12889289:A:C,12:22005003:T:G,9115714,0.0047407336533069,2.2474556317320094e-05,computed (both variants usable),SBP
12:20000315:A:C,12:20007597:C:A,7282,0.9966567754745485,0.9933247566223145,computed (both variants usable),SBP
12:20000315:A:C,12:20215558:G:A,215243,0.0180255305022001,0.0003249197616241,computed (both variants usable),SBP
12:20000315:A:C,12:20368269:T:C,367954,-0.0310765523463487,0.0009657521150074,computed (both variants usable),SBP
12:20000315:A:C,12:20373541:A:G,373226,-0.0346858352422714,0.0012031071819365,computed (both variants usable),SBP
12:20000315:A:C,12:20380250:C:T,379935,-0.0277001466602087,0.0007672981009818,computed (both variants usable),SBP
12:20000315:A:C,12:20606325:G:A,606010,-0.0282899532467126,0.0008003214607015,computed (both variants usable),SBP
12:20000315:A:C,12:22005003:T:G,2004688,-0.0304902233183383,0.0009296537027694,computed (both variants usable),SBP
12:20000315:A:C,12:27955296:C:T,7954981,0.0127181196585297,0.0001617505622562,computed (both variants usable),SBP
12:20007597:C:A,12:20215558:G:A,207961,0.0199505053460598,0.0003980226756539,computed (both variants usable),SBP
12:20007597:C:A,12:20368269:T:C,360672,-0.0294154547154903,0.0008652689866721,computed (both variants usable),SBP
12:20007597:C:A,12:20373541:A:G,365944,-0.0330403037369251,0.0010916616301983,computed (both variants usable),SBP
12:20007597:C:A,12:20380250:C:T,372653,-0.0261356588453054,0.0006830726633779,computed (both variants usable),SBP
12:20007597:C:A,12:20606325:G:A,598728,-0.0270644016563892,0.0007324818288907,computed (both variants usable),SBP
12:20007597:C:A,12:22005003:T:G,1997406,-0.0338073745369911,0.0011429386213421,computed (both variants usable),SBP
12:20007597:C:A,12:27955296:C:T,7947699,0.0091232256963849,8.323324436787516e-05,computed (both variants usable),SBP
12:20215558:G:A,12:20368269:T:C,152711,0.1119893789291381,0.012541620992124,computed (both variants usable),SBP
12:20215558:G:A,12:20373541:A:G,157983,0.1108140647411346,0.0122797572985291,computed (both variants usable),SBP
12:20215558:G:A,12:20380250:C:T,164692,0.0687543004751205,0.0047271540388464,computed (both variants usable),SBP
12:20215558:G:A,12:20606325:G:A,390767,-0.0239623449742794,0.0005741939530707,computed (both variants usable),SBP
12:20215558:G:A,12:22005003:T:G,1789445,-0.0485880561172962,0.0023607991170138,computed (both variants usable),SBP
12:20215558:G:A,12:27955296:C:T,7739738,0.0355761535465717,0.0012656627222895,computed (both variants usable),SBP
12:20368269:T:C,12:20373541:A:G,5272,0.990683376789093,0.981453537940979,computed (both variants usable),SBP
12:20368269:T:C,12:20380250:C:T,11981,0.9255483746528624,0.8566398024559021,computed (both variants usable),SBP
12:20368269:T:C,12:20606325:G:A,238056,0.038647461682558,0.0014936262741684,computed (both variants usable),SBP
12:20368269:T:C,12:22005003:T:G,1636734,-0.0011371482396498,1.2931061519338982e-06,computed (both variants usable),SBP
12:20368269:T:C,12:27955296:C:T,7587027,0.0327629297971725,0.001073409570381,computed (both variants usable),SBP
12:20373541:A:G,12:20380250:C:T,6709,0.9299140572547911,0.8647401332855225,computed (both variants usable),SBP
12:20373541:A:G,12:20606325:G:A,232784,0.0354643687605857,0.0012577214511111,computed (both variants usable),SBP
12:20373541:A:G,12:22005003:T:G,1631462,-0.0065666665323078,4.312110831961036e-05,computed (both variants usable),SBP
12:20373541:A:G,12:27955296:C:T,7581755,0.0358939431607723,0.0012883751187473,computed (both variants usable),SBP
12:20380250:C:T,12:20606325:G:A,226075,0.046098705381155,0.0021250906866043,computed (both variants usable),SBP
12:20380250:C:T,12:22005003:T:G,1624753,-0.0235727149993181,0.0005556729156523,computed (both variants usable),SBP
12:20380250:C:T,12:27955296:C:T,7575046,0.0324886664748191,0.0010555133922025,computed (both variants usable),SBP
12:20606325:G:A,12:22005003:T:G,1398678,0.0289682131260633,0.0008391573792323,computed (both variants usable),SBP
12:20606325:G:A,12:27955296:C:T,7348971,-0.0020846650004386,4.345828074292513e-06,computed (both variants usable),SBP
12:22005003:T:G,12:27955296:C:T,5950293,0.0212268885225057,0.0004505807883106,computed (both variants usable),SBP
12:48156626:C:A,12:48181374:A:G,24748,0.8539091944694519,0.7291609048843384,computed (both variants usable),SBP
12:48156626:C:A,12:48186563:T:A,29937,-0.0842887163162231,0.0071045877411961,computed (both variants usable),SBP
12:48156626:C:A,12:48202941:C:T,46315,-0.0838340893387794,0.0070281545631587,computed (both variants usable),SBP
12:48156626:C:A,12:48204499:C:G,47873,-0.0838340893387794,0.0070281545631587,computed (both variants usable),SBP
12:48156626:C:A,12:49255964:G:A,1099338,0.0071631711907684,5.1311020797584206e-05,computed (both variants usable),SBP
12:48156626:C:A,12:50537815:A:G,2381189,-0.0305519942194223,0.0009334243368357,computed (both variants usable),SBP
12:48156626:C:A,12:50561998:A:G,2405372,0.0279661696404218,0.0007821066537871,computed (both variants usable),SBP
12:48156626:C:A,12:53440779:C:T,5284153,-0.0038112953770905,1.452597280149348e-05,computed (both variants usable),SBP
12:48156626:C:A,12:53448320:C:T,5291694,-0.028677511960268,0.0008223996846936,computed (both variants usable),SBP
12:48156626:C:A,12:53449321:G:A,5292695,0.0007383487536571,5.451588549476583e-07,computed (both variants usable),SBP
12:48156626:C:A,12:54441498:C:T,6284872,-0.0139754768460989,0.0001953139581019,computed (both variants usable),SBP
12:48181374:A:G,12:48186563:T:A,5189,-0.1137145385146141,0.0129309967160224,computed (both variants usable),SBP
12:48181374:A:G,12:48202941:C:T,21567,-0.1280027329921722,0.0163847003132104,computed (both variants usable),SBP
12:48181374:A:G,12:48204499:C:G,23125,-0.1280027329921722,0.0163847003132104,computed (both variants usable),SBP
12:48181374:A:G,12:49255964:G:A,1074590,0.0387757197022438,0.001503556384705,computed (both variants usable),SBP
12:48181374:A:G,12:50537815:A:G,2356441,-0.0204169284552335,0.0004168509622104,computed (both variants usable),SBP
12:48181374:A:G,12:50561998:A:G,2380624,0.017873790115118,0.0003194723685737,computed (both variants usable),SBP
12:48181374:A:G,12:53440779:C:T,5259405,0.0089165270328521,7.950445433380082e-05,computed (both variants usable),SBP
12:48181374:A:G,12:53448320:C:T,5266946,-0.0174020864069461,0.000302832602756,computed (both variants usable),SBP
12:48181374:A:G,12:53449321:G:A,5267947,0.0136270262300968,0.0001856958406278,computed (both variants usable),SBP
12:48181374:A:G,12:54441498:C:T,6260124,-0.0086285220459103,7.44513890822418e-05,computed (both variants usable),SBP
12:48186563:T:A,12:48202941:C:T,16378,0.9036610722541808,0.8166033625602722,computed (both variants usable),SBP
12:48186563:T:A,12:48204499:C:G,17936,0.9036610722541808,0.8166033625602722,computed (both variants usable),SBP
12:48186563:T:A,12:49255964:G:A,1069401,-0.0196495801210403,0.000386105995858,computed (both variants usable),SBP
12:48186563:T:A,12:50537815:A:G,2351252,0.0223598815500736,0.0004999642842449,computed (both variants usable),SBP
12:48186563:T:A,12:50561998:A:G,2375435,-0.0208643414080142,0.0004353207477834,computed (both variants usable),SBP
12:48186563:T:A,12:53440779:C:T,5254216,-0.0361725501716136,0.0013084533857181,computed (both variants usable),SBP
12:48186563:T:A,12:53448320:C:T,5261757,-0.0085228942334651,7.263972656801343e-05,computed (both variants usable),SBP
12:48186563:T:A,12:53449321:G:A,5262758,-0.0394426025450229,0.0015557189472019,computed (both variants usable),SBP
12:48186563:T:A,12:54441498:C:T,6254935,0.0372536443173885,0.0013878339668735,computed (both variants usable),SBP
12:48202941:C:T,12:48204499:C:G,1558,1.0,1.0,computed (both variants usable),SBP
12:48202941:C:T,12:49255964:G:A,1053023,0.0002425504499115,5.8830721627600724e-08,computed (both variants usable),SBP
12:48202941:C:T,12:50537815:A:G,2334874,0.0359610095620155,0.0012931942474097,computed (both variants usable),SBP
12:48202941:C:T,12:50561998:A:G,2359057,-0.0391074866056442,0.0015293954638764,computed (both variants usable),SBP
12:48202941:C:T,12:53440779:C:T,5237838,-0.0342889502644538,0.0011757321190088,computed (both variants usable),SBP
12:48202941:C:T,12:53448320:C:T,5245379,-0.0117787281051278,0.0001387384400004,computed (both variants usable),SBP
12:48202941:C:T,12:53449321:G:A,5246380,-0.0469541028141975,0.0022046878002583,computed (both variants usable),SBP
12:48202941:C:T,12:54441498:C:T,6238557,0.0526397116482257,0.0027709391433745,computed (both variants usable),SBP
12:48204499:C:G,12:49255964:G:A,1051465,0.0002425504499115,5.8830721627600724e-08,computed (both variants usable),SBP
12:48204499:C:G,12:50537815:A:G,2333316,0.0359610095620155,0.0012931942474097,computed (both variants usable),SBP
12:48204499:C:G,12:50561998:A:G,2357499,-0.0391074866056442,0.0015293954638764,computed (both variants usable),SBP
12:48204499:C:G,12:53440779:C:T,5236280,-0.0342889502644538,0.0011757321190088,computed (both variants usable),SBP
12:48204499:C:G,12:53448320:C:T,5243821,-0.0117787281051278,0.0001387384400004,computed (both variants usable),SBP
12:48204499:C:G,12:53449321:G:A,5244822,-0.0469541028141975,0.0022046878002583,computed (both variants usable),SBP
12:48204499:C:G,12:54441498:C:T,6236999,0.0526397116482257,0.0027709391433745,computed (both variants usable),SBP
12:49255964:G:A,12:50537815:A:G,1281851,0.0292627923190593,0.0008563110022805,computed (both variants usable),SBP
12:49255964:G:A,12:50561998:A:G,1306034,-0.0304153021425008,0.0009250906296074,computed (both variants usable),SBP
12:49255964:G:A,12:53440779:C:T,4184815,-0.0010113364551216,1.0228013707092032e-06,computed (both variants usable),SBP
12:49255964:G:A,12:53448320:C:T,4192356,-0.0030840502586215,9.511366442893632e-06,computed (both variants usable),SBP
12:49255964:G:A,12:53449321:G:A,4193357,0.0011254680575802,1.2666783959502936e-06,computed (both variants usable),SBP
12:49255964:G:A,12:54441498:C:T,5185534,-0.0570039525628089,0.0032494505867362,computed (both variants usable),SBP
12:50537815:A:G,12:50561998:A:G,24183,-0.9938027858734132,0.9876439571380616,computed (both variants usable),SBP
12:50537815:A:G,12:53440779:C:T,2902964,1.4558484508597758e-05,2.1194947186220503e-10,computed (both variants usable),SBP
12:50537815:A:G,12:53448320:C:T,2910505,-0.0547408014535903,0.0029965552967041,computed (both variants usable),SBP
12:50537815:A:G,12:53449321:G:A,2911506,-0.0014325738884508,2.0522679733403493e-06,computed (both variants usable),SBP
12:50537815:A:G,12:54441498:C:T,3903683,0.0493876263499259,0.0024391375482082,computed (both variants usable),SBP
12:50561998:A:G,12:53440779:C:T,2878781,-0.0018394204089418,3.383467401363305e-06,computed (both variants usable),SBP
12:50561998:A:G,12:53448320:C:T,2886322,0.0599645636975765,0.0035957489162683,computed (both variants usable),SBP
12:50561998:A:G,12:53449321:G:A,2887323,-0.0003577824390958,1.2800826709735702e-07,computed (both variants usable),SBP
12:50561998:A:G,12:54441498:C:T,3879500,-0.0532645992934703,0.0028371175285428,computed (both variants usable),SBP
12:53440779:C:T,12:53448320:C:T,7541,-0.1857692003250122,0.0345101952552795,computed (both variants usable),SBP
12:53440779:C:T,12:53449321:G:A,8542,0.9801715016365052,0.9607361555099488,computed (both variants usable),SBP
12:53440779:C:T,12:54441498:C:T,1000719,0.0276904087513685,0.0007667587487958,computed (both variants usable),SBP
12:53448320:C:T,12:53449321:G:A,1001,-0.1820850223302841,0.0331549569964408,computed (both variants usable),SBP
12:53448320:C:T,12:54441498:C:T,993178,-0.0407371073961257,0.0016595119377598,computed (both variants usable),SBP
12:53449321:G:A,12:54441498:C:T,992177,0.0191837381571531,0.0003680158115457,computed (both variants usable),SBP
12:69792102:C:A,12:69922738:A:G,130636,-0.234292671084404,0.0548930540680885,computed (both variants usable),SBP
12:79951566:G:A,12:89870540:C:T,9918974,0.0288926064968109,0.0008347827242687,computed (both variants usable),SBP
12:89870540:C:T,12:90025622:G:A,155082,-0.3561568558216095,0.1268476992845535,computed (both variants usable),SBP
12:89870540:C:T,12:90062376:G:A,191836,-0.0186154022812843,0.0003465331974439,computed (both variants usable),SBP
12:89870540:C:T,12:90152858:C:T,282318,0.1222869083285331,0.014954088255763,computed (both variants usable),SBP
12:89870540:C:T,12:90247669:A:G,377129,-0.009463376365602,8.955549128586426e-05,computed (both variants usable),SBP
12:89870540:C:T,12:90301665:C:T,431125,0.1267383396625518,0.01606260612607,computed (both variants usable),SBP
12:89870540:C:T,12:94877428:A:G,5006888,-0.0338035859167575,0.0011426823912188,computed (both variants usable),SBP
12:89870540:C:T,12:94878542:T:C,5008002,-0.0338035859167575,0.0011426823912188,computed (both variants usable),SBP
12:90025622:G:A,12:90062376:G:A,36754,-0.5233919620513916,0.2739391326904297,computed (both variants usable),SBP
12:90025622:G:A,12:90152858:C:T,127236,0.115710325539112,0.013388879597187,computed (both variants usable),SBP
12:90025622:G:A,12:90247669:A:G,222047,-0.0711719915270805,0.0050654523074626,computed (both variants usable),SBP
12:90025622:G:A,12:90301665:C:T,276043,-0.3455960750579834,0.1194366440176963,computed (both variants usable),SBP
12:90025622:G:A,12:94877428:A:G,4851806,0.0191516689956188,0.0003667864366434,computed (both variants usable),SBP
12:90025622:G:A,12:94878542:T:C,4852920,0.0191516689956188,0.0003667864366434,computed (both variants usable),SBP
12:90062376:G:A,12:90152858:C:T,90482,-0.1297023594379425,0.0168227013200521,computed (both variants usable),SBP
12:90062376:G:A,12:90247669:A:G,185293,0.2261950671672821,0.0511642098426818,computed (both variants usable),SBP
12:90062376:G:A,12:90301665:C:T,239289,0.0804981365799903,0.0064799501560628,computed (both variants usable),SBP
12:90062376:G:A,12:94877428:A:G,4815052,-0.0261054784059524,0.0006814959924668,computed (both variants usable),SBP
12:90062376:G:A,12:94878542:T:C,4816166,-0.0261054784059524,0.0006814959924668,computed (both variants usable),SBP
12:90152858:C:T,12:90247669:A:G,94811,-0.0921423509716987,0.0084902131929993,computed (both variants usable),SBP
12:90152858:C:T,12:90301665:C:T,148807,-0.297014445066452,0.0882175788283348,computed (both variants usable),SBP
12:90152858:C:T,12:94877428:A:G,4724570,-0.0166034530848264,0.0002756746544037,computed (both variants usable),SBP
12:90152858:C:T,12:94878542:T:C,4725684,-0.0166034530848264,0.0002756746544037,computed (both variants usable),SBP
12:90247669:A:G,12:90301665:C:T,53996,0.5161115527153015,0.2663711309432983,computed (both variants usable),SBP
12:90247669:A:G,12:94877428:A:G,4629759,0.0566431246697902,0.0032084435224533,computed (both variants usable),SBP
12:90247669:A:G,12:94878542:T:C,4630873,0.0566431246697902,0.0032084435224533,computed (both variants usable),SBP
12:90301665:C:T,12:94877428:A:G,4575763,0.0181857086718082,0.000330720009515,computed (both variants usable),SBP
12:90301665:C:T,12:94878542:T:C,4576877,0.0181857086718082,0.000330720009515,computed (both variants usable),SBP
12:94877428:A:G,12:94878542:T:C,1114,1.0000027418136597,1.0000054836273191,computed (both variants usable),SBP
12:115108136:T:C,12:115359424:G:A,251288,0.0028006013017147,7.84336771175731e-06,computed (both variants usable),SBP
12:115108136:T:C,12:115552878:G:C,444742,0.0092129539698362,8.487852028338239e-05,computed (both variants usable),SBP
12:115108136:T:C,12:115555867:A:G,447731,0.0111807566136121,0.0001250093191629,computed (both variants usable),SBP
12:115108136:T:C,12:121882098:T:G,6773962,-0.0485161058604717,0.0023538125678896,computed (both variants usable),SBP
12:115108136:T:C,12:121916308:T:G,6808172,0.0184578299522399,0.0003406914765946,computed (both variants usable),SBP
12:115359424:G:A,12:115552878:G:C,193454,-0.0622756481170654,0.0038782563060522,computed (both variants usable),SBP
12:115359424:G:A,12:115555867:A:G,196443,-0.0648263692855835,0.004202458076179,computed (both variants usable),SBP
12:115359424:G:A,12:121882098:T:G,6522674,-0.0839097201824188,0.0070408410392701,computed (both variants usable),SBP
12:115359424:G:A,12:121916308:T:G,6556884,0.0644195824861526,0.0041498825885355,computed (both variants usable),SBP
12:115552878:G:C,12:115555867:A:G,2989,0.9958535432815552,0.9917242527008056,computed (both variants usable),SBP
12:115552878:G:C,12:121882098:T:G,6329220,0.0728038400411605,0.005300398916006,computed (both variants usable),SBP
12:115552878:G:C,12:121916308:T:G,6363430,-0.0579378418624401,0.0033567934297025,computed (both variants usable),SBP
12:115555867:A:G,12:121882098:T:G,6326231,0.0776591598987579,0.0060309451073408,computed (both variants usable),SBP
12:115555867:A:G,12:121916308:T:G,6360441,-0.0623853877186775,0.0038919365033507,computed (both variants usable),SBP
12:121882098:T:G,12:121916308:T:G,34210,-0.8859713673591614,0.7849452495574951,computed (both variants usable),SBP
12:133065832:A:G,12:133086888:C:T,21056,0.8787437677383423,0.7721906304359436,computed (both variants usable),SBP
13:20230525:A:G,13:22318314:C:A,2087789,0.0787636861205101,0.006203718483448,computed (both variants usable),SBP
13:20230525:A:G,13:27844693:A:G,7614168,0.0486107990145683,0.0023630098439753,computed (both variants usable),SBP
13:20230525:A:G,13:27878484:C:T,7647959,0.0635126531124115,0.004033857025206,computed (both variants usable),SBP
13:20230525:A:G,13:30137828:T:C,9907303,-0.007568821310997,5.728705582441762e-05,computed (both variants usable),SBP
13:20230525:A:G,13:30146201:C:T,9915676,-0.0067645455710589,4.575907587422989e-05,computed (both variants usable),SBP
13:22318314:C:A,13:27844693:A:G,5526379,-0.0054516247473657,2.9720213206019253e-05,computed (both variants usable),SBP
13:22318314:C:A,13:27878484:C:T,5560170,0.0244938842952251,0.0005999503773637,computed (both variants usable),SBP
13:22318314:C:A,13:30137828:T:C,7819514,0.0412021987140178,0.0016976211918517,computed (both variants usable),SBP
13:22318314:C:A,13:30146201:C:T,7827887,0.0394958928227424,0.0015599254984408,computed (both variants usable),SBP
13:22318314:C:A,13:32015395:A:G,9697081,0.0205240901559591,0.0004212382773403,computed (both variants usable),SBP
13:22318314:C:A,13:32124747:A:G,9806433,0.0148326270282268,0.0002200068265665,computed (both variants usable),SBP
13:27844693:A:G,13:27878484:C:T,33791,0.497437834739685,0.2474444061517715,computed (both variants usable),SBP
13:27844693:A:G,13:30137828:T:C,2293135,0.035310361534357,0.0012468216009438,computed (both variants usable),SBP
13:27844693:A:G,13:30146201:C:T,2301508,0.0334830023348331,0.0011211114469915,computed (both variants usable),SBP
13:27844693:A:G,13:32015395:A:G,4170702,0.0106059983372688,0.000112487199658,computed (both variants usable),SBP
13:27844693:A:G,13:32124747:A:G,4280054,-0.0366825051605701,0.001345606171526,computed (both variants usable),SBP
13:27878484:C:T,13:30137828:T:C,2259344,0.0283502954989671,0.0008037392399273,computed (both variants usable),SBP
13:27878484:C:T,13:30146201:C:T,2267717,0.0274334847927093,0.0007525960681959,computed (both variants usable),SBP
13:27878484:C:T,13:32015395:A:G,4136911,-0.0447899587452411,0.0020061403047293,computed (both variants usable),SBP
13:27878484:C:T,13:32124747:A:G,4246263,-0.03326116502285,0.0011063050478696,computed (both variants usable),SBP
13:30137828:T:C,13:30146201:C:T,8373,0.997423529624939,0.994853675365448,computed (both variants usable),SBP
13:30137828:T:C,13:32015395:A:G,1877567,0.0569044537842273,0.0032381168566644,computed (both variants usable),SBP
13:30137828:T:C,13:32124747:A:G,1986919,-0.0296448115259408,0.0008788148406893,computed (both variants usable),SBP
13:30146201:C:T,13:32015395:A:G,1869194,0.0553419478237628,0.0030627311207354,computed (both variants usable),SBP
13:30146201:C:T,13:32124747:A:G,1978546,-0.0315949507057666,0.0009982408955693,computed (both variants usable),SBP
13:32015395:A:G,13:32124747:A:G,109352,-0.0011746634263545,1.379834202452912e-06,computed (both variants usable),SBP
13:32015395:A:G,13:41849731:T:C,9834336,0.0593148171901702,0.0035182475112378,computed (both variants usable),SBP
13:32124747:A:G,13:41849731:T:C,9724984,0.0088090635836124,7.759960135444999e-05,computed (both variants usable),SBP
13:41849731:T:C,13:47199611:T:C,5349880,-0.0024107710923999,5.811817118228646e-06,computed (both variants usable),SBP
13:47199611:T:C,13:54329813:C:G,7130202,-0.0125452782958745,0.0001573840127093,computed (both variants usable),SBP
13:73824424:C:T,13:73830066:A:G,5642,0.9191845059394836,0.8449001312255859,computed (both variants usable),SBP
13:73824424:C:T,13:73839550:G:T,15126,-0.8534946441650391,0.7284530997276306,computed (both variants usable),SBP
13:73830066:A:G,13:73839550:G:T,9484,-0.929601550102234,0.8641590476036072,computed (both variants usable),SBP
13:113634091:G:C,13:113636156:C:T,2065,0.8964412212371826,0.8036068677902222,computed (both variants usable),SBP
13:113634091:G:C,13:114995733:T:C,1361642,-0.0152486078441143,0.0002325200475752,computed (both variants usable),SBP
13:113634091:G:C,13:115027462:T:A,1393371,0.0070341760292649,4.947963316226378e-05,computed (both variants usable),SBP
13:113634091:G:C,13:115042155:A:G,1408064,0.0070341760292649,4.947963316226378e-05,computed (both variants usable),SBP
13:113636156:C:T,13:114995733:T:C,1359577,-0.0033056987449526,1.092764432542026e-05,computed (both variants usable),SBP
13:113636156:C:T,13:115027462:T:A,1391306,0.0229034945368766,0.0005245700594969,computed (both variants usable),SBP
13:113636156:C:T,13:115042155:A:G,1405999,0.0229034945368766,0.0005245700594969,computed (both variants usable),SBP
13:114995733:T:C,13:115027462:T:A,31729,0.7693642377853394,0.591921329498291,computed (both variants usable),SBP
13:114995733:T:C,13:115042155:A:G,46422,0.7633591890335083,0.58271723985672,computed (both variants usable),SBP
13:115027462:T:A,13:115042155:A:G,14693,0.9947884678840636,0.989604115486145,computed (both variants usable),SBP
14:31376798:T:C,14:31381351:T:C,4553,0.994002878665924,0.9880416989326476,computed (both variants usable),SBP
14:31376798:T:C,14:35871217:G:A,4494419,-0.0067633856087923,4.5743385271634907e-05,computed (both variants usable),SBP
14:31381351:T:C,14:35871217:G:A,4489866,-0.0083585260435938,6.986496009631082e-05,computed (both variants usable),SBP
14:51158479:A:G,14:53418233:C:A,2259754,0.0259514320641756,0.000673476839438,computed (both variants usable),SBP
14:51158479:A:G,14:53420358:A:G,2261879,0.0269089210778474,0.0007240900304168,computed (both variants usable),SBP
14:51158479:A:G,14:54122401:C:T,2963922,-0.0118617825210094,0.0001407018862664,computed (both variants usable),SBP
14:53418233:C:A,14:53420358:A:G,2125,0.997707188129425,0.9954196214675904,computed (both variants usable),SBP
14:53418233:C:A,14:54122401:C:T,704168,-0.0091565549373626,8.384249667869881e-05,computed (both variants usable),SBP
14:53420358:A:G,14:54122401:C:T,702043,-0.0110703697428107,0.0001225530868396,computed (both variants usable),SBP
14:72464810:G:A,14:72468149:G:A,3339,0.8541050553321838,0.7294954657554626,computed (both variants usable),SBP
14:72464810:G:A,14:72470336:C:T,5526,0.8541050553321838,0.7294954657554626,computed (both variants usable),SBP
14:72464810:G:A,14:73418095:G:A,953285,-0.0007794081466272,6.074770340092073e-07,computed (both variants usable),SBP
14:72464810:G:A,14:75084829:G:A,2620019,0.0289946589618921,0.0008406902197748,computed (both variants usable),SBP
14:72464810:G:A,14:80480456:A:T,8015646,-0.036948062479496,0.00136515928898,computed (both variants usable),SBP
14:72468149:G:A,14:72470336:C:T,2187,1.0000001192092896,1.000000238418579,computed (both variants usable),SBP
14:72468149:G:A,14:73418095:G:A,949946,0.0138633418828248,0.0001921922521432,computed (both variants usable),SBP
14:72468149:G:A,14:75084829:G:A,2616680,0.0127034178003668,0.0001613768254173,computed (both variants usable),SBP
14:72468149:G:A,14:80480456:A:T,8012307,-0.0620973855257034,0.0038560852408409,computed (both variants usable),SBP
14:72470336:C:T,14:73418095:G:A,947759,0.0138633418828248,0.0001921922521432,computed (both variants usable),SBP
14:72470336:C:T,14:75084829:G:A,2614493,0.0127034178003668,0.0001613768254173,computed (both variants usable),SBP
14:72470336:C:T,14:80480456:A:T,8010120,-0.0620973855257034,0.0038560852408409,computed (both variants usable),SBP
14:73418095:G:A,14:75084829:G:A,1666734,-0.0598120428621768,0.0035774805583059,computed (both variants usable),SBP
14:73418095:G:A,14:80480456:A:T,7062361,0.0684403553605079,0.0046840822324156,computed (both variants usable),SBP
14:75084829:G:A,14:80480456:A:T,5395627,-0.0081686433404684,6.67267304379493e-05,computed (both variants usable),SBP
14:98580466:G:A,14:98635483:T:C,55017,0.5376739501953125,0.2890932857990265,computed (both variants usable),SBP
14:98580466:G:A,14:100113207:A:G,1532741,-0.0289184767752885,0.0008362783119082,computed (both variants usable),SBP
14:98580466:G:A,14:100133250:C:T,1552784,0.0467788875102996,0.0021882643923163,computed (both variants usable),SBP
14:98580466:G:A,14:100225958:G:A,1645492,-0.0602652579545974,0.0036319012288004,computed (both variants usable),SBP
14:98580466:G:A,14:100843343:A:G,2262877,-0.0134033374488353,0.0001796494616428,computed (both variants usable),SBP
14:98580466:G:A,14:103859962:C:T,5279496,0.0891486555337905,0.007947483099997,computed (both variants usable),SBP
14:98580466:G:A,14:103959289:G:T,5378823,0.0919851958751678,0.0084612760692834,computed (both variants usable),SBP
14:98635483:T:C,14:100113207:A:G,1477724,0.0297892745584249,0.0008874008781276,computed (both variants usable),SBP
14:98635483:T:C,14:100133250:C:T,1497767,0.0489171668887138,0.002392889233306,computed (both variants usable),SBP
14:98635483:T:C,14:100225958:G:A,1590475,-0.0321875810623168,0.0010360403684899,computed (both variants usable),SBP
14:98635483:T:C,14:100843343:A:G,2207860,0.0207356568425893,0.0004299674765206,computed (both variants usable),SBP
14:98635483:T:C,14:103859962:C:T,5224479,0.0150842340663075,0.0002275341103086,computed (both variants usable),SBP
14:98635483:T:C,14:103959289:G:T,5323806,0.0166848748922348,0.0002783850359264,computed (both variants usable),SBP
14:100113207:A:G,14:100133250:C:T,20043,-0.36165452003479,0.1307939887046814,computed (both variants usable),SBP
14:100113207:A:G,14:100225958:G:A,112751,-0.0793772637844085,0.0063007501885294,computed (both variants usable),SBP
14:100113207:A:G,14:100843343:A:G,730136,0.0237834081053733,0.0005656505236402,computed (both variants usable),SBP
14:100113207:A:G,14:103859962:C:T,3746755,0.0192709919065237,0.0003713711339514,computed (both variants usable),SBP
14:100113207:A:G,14:103959289:G:T,3846082,0.0206817369908094,0.0004277342522982,computed (both variants usable),SBP
14:100133250:C:T,14:100225958:G:A,92708,-0.0555470064282417,0.0030854698270559,computed (both variants usable),SBP
14:100133250:C:T,14:100843343:A:G,710093,0.023316815495491,0.0005436738720163,computed (both variants usable),SBP
14:100133250:C:T,14:103859962:C:T,3726712,0.0042338846251368,1.792577859305311e-05,computed (both variants usable),SBP
14:100133250:C:T,14:103959289:G:T,3826039,0.0068557569757103,4.700140198110603e-05,computed (both variants usable),SBP
14:100225958:G:A,14:100843343:A:G,617385,0.0095676816999912,9.1540532594081e-05,computed (both variants usable),SBP
14:100225958:G:A,14:103859962:C:T,3634004,0.010394980199635,0.0001080556103261,computed (both variants usable),SBP
14:100225958:G:A,14:103959289:G:T,3733331,0.0125575242564082,0.0001576914219185,computed (both variants usable),SBP
14:100843343:A:G,14:103859962:C:T,3016619,0.0020544894505292,4.2209267121506855e-06,computed (both variants usable),SBP
14:100843343:A:G,14:103959289:G:T,3115946,-0.0041847145184874,1.7511834812466986e-05,computed (both variants usable),SBP
14:103859962:C:T,14:103959289:G:T,99327,0.9954291582107544,0.990879237651825,computed (both variants usable),SBP
15:40789202:T:C,15:41311799:T:C,522597,0.0077369906939566,5.98610240558628e-05,computed (both variants usable),SBP
15:40789202:T:C,15:41410705:G:A,621503,-0.0255649965256452,0.000653569062706,computed (both variants usable),SBP
15:40789202:T:C,15:41462468:G:A,673266,-0.087888516485691,0.0077243912965059,computed (both variants usable),SBP
15:40789202:T:C,15:48801804:A:G,8012602,-0.0365821346640586,0.0013382525648921,computed (both variants usable),SBP
15:41311799:T:C,15:41410705:G:A,98906,-0.9663546681404114,0.933841347694397,computed (both variants usable),SBP
15:41311799:T:C,15:41462468:G:A,150669,-0.8438255786895752,0.7120416164398193,computed (both variants usable),SBP
15:41311799:T:C,15:48801804:A:G,7490005,-0.0398909598588943,0.0015912887174636,computed (both variants usable),SBP
15:41311799:T:C,15:50909802:C:G,9598003,-0.0208623185753822,0.000435236346675,computed (both variants usable),SBP
15:41410705:G:A,15:41462468:G:A,51763,0.8635982871055603,0.7458019852638245,computed (both variants usable),SBP
15:41410705:G:A,15:48801804:A:G,7391099,0.0466916859149932,0.0021801134571433,computed (both variants usable),SBP
15:41410705:G:A,15:50909802:C:G,9499097,0.026044001802802,0.000678290030919,computed (both variants usable),SBP
15:41462468:G:A,15:48801804:A:G,7339336,0.024723257869482,0.0006112394621595,computed (both variants usable),SBP
15:41462468:G:A,15:50909802:C:G,9447334,-0.0031920142937451,1.0188955457124392e-05,computed (both variants usable),SBP
15:48801804:A:G,15:50909802:C:G,2107998,0.0368269756436347,0.0013562261592596,computed (both variants usable),SBP
15:62757722:A:G,15:65341676:G:A,2583954,0.0299318302422761,0.0008959144470281,computed (both variants usable),SBP
15:62757722:A:G,15:69523654:G:C,6765932,0.0054307649843394,2.949320878542494e-05,computed (both variants usable),SBP
15:65341676:G:A,15:69523654:G:C,4181978,-0.0149849439039826,0.0002245485375169,computed (both variants usable),SBP
15:65341676:G:A,15:75077367:C:A,9735691,0.0251673683524131,0.0006333964411169,computed (both variants usable),SBP
15:65341676:G:A,15:75082552:C:G,9740876,0.0251673683524131,0.0006333964411169,computed (both variants usable),SBP
15:65341676:G:A,15:75115895:G:A,9774219,0.0316590070724487,0.0010022927308455,computed (both variants usable),SBP
15:69523654:G:C,15:75077367:C:A,5553713,-0.0562268234789371,0.0031614557374268,computed (both variants usable),SBP
15:69523654:G:C,15:75082552:C:G,5558898,-0.0562268234789371,0.0031614557374268,computed (both variants usable),SBP
15:69523654:G:C,15:75115895:G:A,5592241,-0.069070003926754,0.0047706654295325,computed (both variants usable),SBP
15:69523654:G:C,15:76246609:T:G,6722955,0.0353947207331657,0.0012527862563729,computed (both variants usable),SBP
15:69523654:G:C,15:76304503:A:G,6780849,0.0366728976368904,0.0013449013931676,computed (both variants usable),SBP
15:75077367:C:A,15:75082552:C:G,5185,0.9999973177909852,0.9999946355819702,computed (both variants usable),SBP
15:75077367:C:A,15:75115895:G:A,38528,0.8075720071792603,0.6521725654602051,computed (both variants usable),SBP
15:75077367:C:A,15:76246609:T:G,1169242,0.0016662471462041,2.7763794605562e-06,computed (both variants usable),SBP
15:75077367:C:A,15:76304503:A:G,1227136,0.0163856539875268,0.0002684896462596,computed (both variants usable),SBP
15:75077367:C:A,15:79851655:A:G,4774288,0.0621247328817844,0.0038594824727624,computed (both variants usable),SBP
15:75077367:C:A,15:81025457:G:C,5948090,-0.0072167250327765,5.20811190654058e-05,computed (both variants usable),SBP
15:75077367:C:A,15:81028965:C:G,5951598,-0.0093768239021301,8.792482549324632e-05,computed (both variants usable),SBP
15:75077367:C:A,15:81042816:A:G,5965449,-0.0023770609404891,5.650418643199373e-06,computed (both variants usable),SBP
15:75077367:C:A,15:81289391:C:A,6212024,-0.0286593344062566,0.000821357476525,computed (both variants usable),SBP
15:75082552:C:G,15:75115895:G:A,33343,0.8075720071792603,0.6521725654602051,computed (both variants usable),SBP
15:75082552:C:G,15:76246609:T:G,1164057,0.0016662471462041,2.7763794605562e-06,computed (both variants usable),SBP
15:75082552:C:G,15:76304503:A:G,1221951,0.0163856539875268,0.0002684896462596,computed (both variants usable),SBP
15:75082552:C:G,15:79851655:A:G,4769103,0.0621247328817844,0.0038594824727624,computed (both variants usable),SBP
15:75082552:C:G,15:81025457:G:C,5942905,-0.0072167250327765,5.20811190654058e-05,computed (both variants usable),SBP
15:75082552:C:G,15:81028965:C:G,5946413,-0.0093768239021301,8.792482549324632e-05,computed (both variants usable),SBP
15:75082552:C:G,15:81042816:A:G,5960264,-0.0023770609404891,5.650418643199373e-06,computed (both variants usable),SBP
15:75082552:C:G,15:81289391:C:A,6206839,-0.0286593344062566,0.000821357476525,computed (both variants usable),SBP
15:75115895:G:A,15:76246609:T:G,1130714,0.0080387499183416,6.462149758590385e-05,computed (both variants usable),SBP
15:75115895:G:A,15:76304503:A:G,1188608,0.0151643082499504,0.0002299562474945,computed (both variants usable),SBP
15:75115895:G:A,15:79851655:A:G,4735760,0.0475396253168582,0.0022600160446017,computed (both variants usable),SBP
15:75115895:G:A,15:81025457:G:C,5909562,-0.0155423516407608,0.000241564688622,computed (both variants usable),SBP
15:75115895:G:A,15:81028965:C:G,5913070,-0.0155698964372277,0.0002424216800136,computed (both variants usable),SBP
15:75115895:G:A,15:81042816:A:G,5926921,-0.0102995922788977,0.0001060815993696,computed (both variants usable),SBP
15:75115895:G:A,15:81289391:C:A,6173496,-0.0539421178400516,0.002909752074629,computed (both variants usable),SBP
15:76246609:T:G,15:76304503:A:G,57894,0.9810187816619872,0.9623978734016418,computed (both variants usable),SBP
15:76246609:T:G,15:79851655:A:G,3605046,-0.0125912800431251,0.0001585403369972,computed (both variants usable),SBP
15:76246609:T:G,15:81025457:G:C,4778848,0.000692170462571,4.790999241777172e-07,computed (both variants usable),SBP
15:76246609:T:G,15:81028965:C:G,4782356,0.0147049389779567,0.0002162352320738,computed (both variants usable),SBP
15:76246609:T:G,15:81042816:A:G,4796207,0.0160934682935476,0.0002589997311588,computed (both variants usable),SBP
15:76246609:T:G,15:81289391:C:A,5042782,-0.0077185640111565,5.957623216090724e-05,computed (both variants usable),SBP
15:76246609:T:G,15:86124946:T:C,9878337,-0.0197115074843168,0.0003885435289703,computed (both variants usable),SBP
15:76246609:T:G,15:86200699:G:A,9954090,-0.0161095857620239,0.0002595187397673,computed (both variants usable),SBP
15:76304503:A:G,15:79851655:A:G,3547152,-0.0082416925579309,6.792549538658932e-05,computed (both variants usable),SBP
15:76304503:A:G,15:81025457:G:C,4720954,0.0081741958856582,6.68174761813134e-05,computed (both variants usable),SBP
15:76304503:A:G,15:81028965:C:G,4724462,0.0207733027637004,0.0004315301193855,computed (both variants usable),SBP
15:76304503:A:G,15:81042816:A:G,4738313,0.0223277080804109,0.0004985265550203,computed (both variants usable),SBP
15:76304503:A:G,15:81289391:C:A,4984888,0.0036683636717498,1.3456891792884562e-05,computed (both variants usable),SBP
15:76304503:A:G,15:86124946:T:C,9820443,-0.0194842349737882,0.0003796353994403,computed (both variants usable),SBP
15:76304503:A:G,15:86200699:G:A,9896196,-0.0215275641530752,0.000463436008431,computed (both variants usable),SBP
15:79851655:A:G,15:81025457:G:C,1173802,0.0058418288826942,3.412696605664678e-05,computed (both variants usable),SBP
15:79851655:A:G,15:81028965:C:G,1177310,0.0078574288636446,6.1739185184706e-05,computed (both variants usable),SBP
15:79851655:A:G,15:81042816:A:G,1191161,0.0025424417108297,6.464009857154451e-06,computed (both variants usable),SBP
15:79851655:A:G,15:81289391:C:A,1437736,-0.0281648822128772,0.0007932605803944,computed (both variants usable),SBP
15:79851655:A:G,15:86124946:T:C,6273291,-0.0254937447607517,0.0006499310256913,computed (both variants usable),SBP
15:79851655:A:G,15:86200699:G:A,6349044,-0.0126828085631132,0.0001608536258572,computed (both variants usable),SBP
15:81025457:G:C,15:81028965:C:G,3508,0.8767871856689453,0.7687557935714722,computed (both variants usable),SBP
15:81025457:G:C,15:81042816:A:G,17359,0.8612229228019714,0.7417049407958984,computed (both variants usable),SBP
15:81025457:G:C,15:81289391:C:A,263934,0.0374859012663364,0.0014051927719265,computed (both variants usable),SBP
15:81025457:G:C,15:86124946:T:C,5099489,-0.0155654326081275,0.0002422826946713,computed (both variants usable),SBP
15:81025457:G:C,15:86200699:G:A,5175242,-0.0040694922208786,1.6560767107876018e-05,computed (both variants usable),SBP
15:81025457:G:C,15:90699433:G:A,9673976,0.0428467914462089,0.0018358475062996,computed (both variants usable),SBP
15:81028965:C:G,15:81042816:A:G,13851,0.9860808253288268,0.9723553657531738,computed (both variants usable),SBP
15:81028965:C:G,15:81289391:C:A,260426,0.0518979206681251,0.0026933941990137,computed (both variants usable),SBP
15:81028965:C:G,15:86124946:T:C,5095981,-0.0295280814170837,0.0008719075703993,computed (both variants usable),SBP
15:81028965:C:G,15:86200699:G:A,5171734,-0.0243359133601188,0.0005922366981394,computed (both variants usable),SBP
15:81028965:C:G,15:90699433:G:A,9670468,0.0190400332212448,0.0003625228710006,computed (both variants usable),SBP
15:81042816:A:G,15:81289391:C:A,246575,0.0517855286598205,0.0026817410252988,computed (both variants usable),SBP
15:81042816:A:G,15:86124946:T:C,5082130,-0.0307518877089023,0.0009456786210648,computed (both variants usable),SBP
15:81042816:A:G,15:86200699:G:A,5157883,-0.0244233347475528,0.0005964993033558,computed (both variants usable),SBP
15:81042816:A:G,15:90699433:G:A,9656617,0.019894678145647,0.0003957982116844,computed (both variants usable),SBP
15:81289391:C:A,15:86124946:T:C,4835555,-0.0070950528606772,5.03397750435397e-05,computed (both variants usable),SBP
15:81289391:C:A,15:86200699:G:A,4911308,0.0031248871237039,9.764919923327398e-06,computed (both variants usable),SBP
15:81289391:C:A,15:90699433:G:A,9410042,-0.0235732905566692,0.0005557000404223,computed (both variants usable),SBP
15:86124946:T:C,15:86200699:G:A,75753,0.8876681327819824,0.7879546880722046,computed (both variants usable),SBP
15:86124946:T:C,15:90699433:G:A,4574487,0.0206882767379283,0.0004280048015061,computed (both variants usable),SBP
15:86124946:T:C,15:91418394:C:T,5293448,0.0437985993921756,0.001918317284435,computed (both variants usable),SBP
15:86124946:T:C,15:91429176:G:T,5304230,0.0415801405906677,0.0017289080424234,computed (both variants usable),SBP
15:86124946:T:C,15:91437388:A:T,5312442,0.0371968112885952,0.0013836027355864,computed (both variants usable),SBP
15:86124946:T:C,15:91655120:T:C,5530174,-0.0747552812099456,0.005588352214545,computed (both variants usable),SBP
15:86124946:T:C,15:93612781:C:A,7487835,0.0046364772133529,2.149692045350093e-05,computed (both variants usable),SBP
15:86200699:G:A,15:90699433:G:A,4498734,0.0258322302252054,0.0006673040916211,computed (both variants usable),SBP
15:86200699:G:A,15:91418394:C:T,5217695,0.0599818639457225,0.0035978239029645,computed (both variants usable),SBP
15:86200699:G:A,15:91429176:G:T,5228477,0.0571671575307846,0.0032680837903171,computed (both variants usable),SBP
15:86200699:G:A,15:91437388:A:T,5236689,0.0528524778783321,0.002793384483084,computed (both variants usable),SBP
15:86200699:G:A,15:91655120:T:C,5454421,-0.0537984669208526,0.0028942751232534,computed (both variants usable),SBP
15:86200699:G:A,15:93612781:C:A,7412082,-0.0033257652539759,1.106071431422606e-05,computed (both variants usable),SBP
15:90699433:G:A,15:91418394:C:T,718961,-0.0372221991419792,0.0013854921562597,computed (both variants usable),SBP
15:90699433:G:A,15:91429176:G:T,729743,-0.0406701304018497,0.0016540595097467,computed (both variants usable),SBP
15:90699433:G:A,15:91437388:A:T,737955,-0.0276505183428525,0.000764551165048,computed (both variants usable),SBP
15:90699433:G:A,15:91655120:T:C,955687,0.0198253598064184,0.0003930449020117,computed (both variants usable),SBP
15:90699433:G:A,15:93612781:C:A,2913348,0.0066661643795669,4.443774741957896e-05,computed (both variants usable),SBP
15:91418394:C:T,15:91429176:G:T,10782,0.9726799130439758,0.9461061954498292,computed (both variants usable),SBP
15:91418394:C:T,15:91437388:A:T,18994,0.949878990650177,0.9022700786590576,computed (both variants usable),SBP
15:91418394:C:T,15:91655120:T:C,236726,0.0295142587274312,0.0008710914407856,computed (both variants usable),SBP
15:91418394:C:T,15:93612781:C:A,2194387,-0.018824141472578,0.0003543483035173,computed (both variants usable),SBP
15:91429176:G:T,15:91437388:A:T,8212,0.9725485444068908,0.945850670337677,computed (both variants usable),SBP
15:91429176:G:T,15:91655120:T:C,225944,0.0235699154436588,0.0005555409006774,computed (both variants usable),SBP
15:91429176:G:T,15:93612781:C:A,2183605,-0.0348284430801868,0.0012130204122513,computed (both variants usable),SBP
15:91437388:A:T,15:91655120:T:C,217732,0.0235699173063039,0.0005555410170927,computed (both variants usable),SBP
15:91437388:A:T,15:93612781:C:A,2175393,-0.0218803733587265,0.0004787507350556,computed (both variants usable),SBP
15:91655120:T:C,15:93612781:C:A,1957661,-0.0353283397853374,0.0012480915756896,computed (both variants usable),SBP
16:2080571:T:C,16:2080653:A:T,82,1.0000014305114746,1.0000028610229492,computed (both variants usable),SBP
16:2080571:T:C,16:4020732:C:T,1940161,-0.0110383499413728,0.0001218451725435,computed (both variants usable),SBP
16:2080571:T:C,16:4918326:G:T,2837755,0.0247511882334947,0.0006126213120296,computed (both variants usable),SBP
16:2080653:A:T,16:4020732:C:T,1940079,-0.0110383499413728,0.0001218451725435,computed (both variants usable),SBP
16:2080653:A:T,16:4918326:G:T,2837673,0.0247511882334947,0.0006126213120296,computed (both variants usable),SBP
16:4020732:C:T,16:4918326:G:T,897594,0.0545472241938114,0.0029753996059298,computed (both variants usable),SBP
16:4918326:G:T,16:14398176:T:C,9479850,0.0008227775688283,6.769629408154287e-07,computed (both variants usable),SBP
16:14398176:T:C,16:15906130:A:G,1507954,-0.0128297004848718,0.0001646012096898,computed (both variants usable),SBP
16:15906130:A:G,16:24733141:A:G,8827011,-0.0174547731876373,0.0003046691126655,computed (both variants usable),SBP
16:15906130:A:G,16:24788645:T:A,8882515,0.0174547731876373,0.0003046691126655,computed (both variants usable),SBP
16:15906130:A:G,16:24824248:G:A,8918118,0.0155187621712684,0.0002408319851383,computed (both variants usable),SBP
16:24733141:A:G,16:24788645:T:A,55504,-0.9999993443489076,0.9999986886978148,computed (both variants usable),SBP
16:24733141:A:G,16:24824248:G:A,91107,-0.9963535070419312,0.9927203059196472,computed (both variants usable),SBP
16:24733141:A:G,16:29958522:A:G,5225381,-0.0072442088276147,5.247856097412296e-05,computed (both variants usable),SBP
16:24733141:A:G,16:29993108:C:G,5259967,-0.0048755812458693,2.377129203523509e-05,computed (both variants usable),SBP
16:24733141:A:G,16:30737905:G:A,6004764,-0.010986965149641,0.0001207134046126,computed (both variants usable),SBP
16:24733141:A:G,16:31758463:C:A,7025322,-0.0225861109793186,0.0005101324059069,computed (both variants usable),SBP
16:24788645:T:A,16:24824248:G:A,35603,0.9963535070419312,0.9927203059196472,computed (both variants usable),SBP
16:24788645:T:A,16:29958522:A:G,5169877,0.0072442088276147,5.247856097412296e-05,computed (both variants usable),SBP
16:24788645:T:A,16:29993108:C:G,5204463,0.0048755812458693,2.377129203523509e-05,computed (both variants usable),SBP
16:24788645:T:A,16:30737905:G:A,5949260,0.010986965149641,0.0001207134046126,computed (both variants usable),SBP
16:24788645:T:A,16:31758463:C:A,6969818,0.0225861109793186,0.0005101324059069,computed (both variants usable),SBP
16:24824248:G:A,16:29958522:A:G,5134274,0.0054678171873092,2.989702443301212e-05,computed (both variants usable),SBP
16:24824248:G:A,16:29993108:C:G,5168860,0.0078851012513041,6.217481859494e-05,computed (both variants usable),SBP
16:24824248:G:A,16:30737905:G:A,5913657,0.0095442850142717,9.109337406698614e-05,computed (both variants usable),SBP
16:24824248:G:A,16:31758463:C:A,6934215,0.0217777751386165,0.0004742714809253,computed (both variants usable),SBP
16:29958522:A:G,16:29993108:C:G,34586,-0.5775806307792664,0.3335993885993957,computed (both variants usable),SBP
16:29958522:A:G,16:30737905:G:A,779383,-0.0433462038636207,0.0018788933521136,computed (both variants usable),SBP
16:29958522:A:G,16:31758463:C:A,1799941,0.0013225127477198,1.7490399386588251e-06,computed (both variants usable),SBP
16:29993108:C:G,16:30737905:G:A,744797,0.0804879814386367,0.0064783152192831,computed (both variants usable),SBP
16:29993108:C:G,16:31758463:C:A,1765355,-0.0099618583917617,9.923861944116652e-05,computed (both variants usable),SBP
16:30737905:G:A,16:31758463:C:A,1020558,0.0016826502978801,2.831312031048583e-06,computed (both variants usable),SBP
16:49761470:G:A,16:49768046:C:A,6576,-0.713433563709259,0.5089874267578125,computed (both variants usable),SBP
16:49761470:G:A,16:49771659:A:G,10189,-0.9070371985435486,0.822716474533081,computed (both variants usable),SBP
16:49761470:G:A,16:53810546:C:A,4049076,0.0595363080501556,0.0035445720423012,computed (both variants usable),SBP
16:49761470:G:A,16:53825905:G:A,4064435,0.0575475543737411,0.0033117209095507,computed (both variants usable),SBP
16:49768046:C:A,16:49771659:A:G,3613,0.7698739767074585,0.5927059650421143,computed (both variants usable),SBP
16:49768046:C:A,16:53810546:C:A,4042500,-0.0398063212633132,0.0015845432644709,computed (both variants usable),SBP
16:49768046:C:A,16:53825905:G:A,4057859,-0.0351605415344238,0.0012362636625766,computed (both variants usable),SBP
16:49771659:A:G,16:53810546:C:A,4038887,-0.0440391786396503,0.0019394492264837,computed (both variants usable),SBP
16:49771659:A:G,16:53825905:G:A,4054246,-0.0424027554690837,0.0017979936674237,computed (both variants usable),SBP
16:53810546:C:A,16:53825905:G:A,15359,0.99591064453125,0.991838037967682,computed (both variants usable),SBP
16:65265028:C:T,16:69575238:G:A,4310210,0.0692574307322502,0.0047965915873646,computed (both variants usable),SBP
16:65265028:C:T,16:70096679:C:A,4831651,0.0316112712025642,0.000999272451736,computed (both variants usable),SBP
16:65265028:C:T,16:73127723:C:T,7862695,-0.0516944639384746,0.0026723176706582,computed (both variants usable),SBP
16:69575238:G:A,16:70096679:C:A,521441,0.3264552354812622,0.1065730229020118,computed (both variants usable),SBP
16:69575238:G:A,16:73127723:C:T,3552485,0.0425810739398002,0.0018131479155272,computed (both variants usable),SBP
16:69575238:G:A,16:75390316:T:A,5815078,-0.0030062843579798,9.037745257955976e-06,computed (both variants usable),SBP
16:69575238:G:A,16:75419373:G:A,5844135,-0.0070964568294584,5.0359700253466144e-05,computed (both variants usable),SBP
16:69575238:G:A,16:75443816:T:C,5868578,-0.0019239467801526,3.701571131387027e-06,computed (both variants usable),SBP
16:70096679:C:A,16:73127723:C:T,3031044,-0.006905032787472,4.767947757500224e-05,computed (both variants usable),SBP
16:70096679:C:A,16:75390316:T:A,5293637,0.0327118635177612,0.0010700660059228,computed (both variants usable),SBP
16:70096679:C:A,16:75419373:G:A,5322694,0.0200761184096336,0.0004030505369883,computed (both variants usable),SBP
16:70096679:C:A,16:75443816:T:C,5347137,0.0331519693136215,0.0010990530718117,computed (both variants usable),SBP
16:73127723:C:T,16:75390316:T:A,2262593,0.0076106139458715,5.792144293081947e-05,computed (both variants usable),SBP
16:73127723:C:T,16:75419373:G:A,2291650,0.0086760250851511,7.527341222157702e-05,computed (both variants usable),SBP
16:73127723:C:T,16:75443816:T:C,2316093,0.0084757860749959,7.183894922491163e-05,computed (both variants usable),SBP
16:73127723:C:T,16:80861676:G:A,7733953,0.0730561986565589,0.0053372080437839,computed (both variants usable),SBP
16:73127723:C:T,16:83043712:G:C,9915989,0.059792224317789,0.0035751101095229,computed (both variants usable),SBP
16:73127723:C:T,16:83045790:A:G,9918067,-0.0348744168877601,0.0012162249768152,computed (both variants usable),SBP
16:75390316:T:A,16:75419373:G:A,29057,0.972059428691864,0.944899559020996,computed (both variants usable),SBP
16:75390316:T:A,16:75443816:T:C,53500,0.9939078092575072,0.9878527522087096,computed (both variants usable),SBP
16:75390316:T:A,16:80861676:G:A,5471360,-0.0135189751163125,0.0001827626838348,computed (both variants usable),SBP
16:75390316:T:A,16:83043712:G:C,7653396,0.0158448945730924,0.0002510606718715,computed (both variants usable),SBP
16:75390316:T:A,16:83045790:A:G,7655474,-0.0258578397333621,0.0006686278502456,computed (both variants usable),SBP
16:75419373:G:A,16:75443816:T:C,24443,0.9699900150299072,0.9408806562423706,computed (both variants usable),SBP
16:75419373:G:A,16:80861676:G:A,5442303,-0.0213796664029359,0.0004570901219267,computed (both variants usable),SBP
16:75419373:G:A,16:83043712:G:C,7624339,0.0234609153121709,0.0005504145519807,computed (both variants usable),SBP
16:75419373:G:A,16:83045790:A:G,7626417,-0.0331801697611808,0.0011009236332029,computed (both variants usable),SBP
16:75443816:T:C,16:80861676:G:A,5417860,-0.0208067800849676,0.0004329220973886,computed (both variants usable),SBP
16:75443816:T:C,16:83043712:G:C,7599896,0.0218447558581829,0.000477193359984,computed (both variants usable),SBP
16:75443816:T:C,16:83045790:A:G,7601974,-0.0340728722512722,0.0011609606444835,computed (both variants usable),SBP
16:80861676:G:A,16:83043712:G:C,2182036,0.0226944368332624,0.0005150374490767,computed (both variants usable),SBP
16:80861676:G:A,16:83045790:A:G,2184114,-0.0297612510621547,0.0008857320644892,computed (both variants usable),SBP
16:80861676:G:A,16:86780349:G:A,5918673,-0.0089220041409134,7.960215589264408e-05,computed (both variants usable),SBP
16:83043712:G:C,16:83045790:A:G,2078,-0.5514096617698669,0.3040526211261749,computed (both variants usable),SBP
16:83043712:G:C,16:86780349:G:A,3736637,0.036391332745552,0.001324329059571,computed (both variants usable),SBP
16:83045790:A:G,16:86780349:G:A,3734559,0.0047275652177631,2.2349873688654043e-05,computed (both variants usable),SBP
17:1337960:C:T,17:1357160:C:G,19200,0.8260214328765869,0.6823114156723022,computed (both variants usable),SBP
17:1337960:C:T,17:1958609:T:C,620649,-0.0773340761661529,0.0059805591590702,computed (both variants usable),SBP
17:1337960:C:T,17:2090341:C:A,752381,-0.0472747012972831,0.0022348973434418,computed (both variants usable),SBP
17:1337960:C:T,17:6473828:T:C,5135868,0.0425131693482399,0.001807369524613,computed (both variants usable),SBP
17:1337960:C:T,17:6531648:A:G,5193688,0.0465334914624691,0.0021653657313436,computed (both variants usable),SBP
17:1337960:C:T,17:7134129:A:G,5796169,-0.0053619868122041,2.875090285670012e-05,computed (both variants usable),SBP
17:1337960:C:T,17:7171356:C:T,5833396,-0.0357294492423534,0.0012765935389325,computed (both variants usable),SBP
17:1337960:C:T,17:7185092:G:A,5847132,-0.0280099473893642,0.0007845571381039,computed (both variants usable),SBP
17:1337960:C:T,17:7455536:C:T,6117576,-0.0033551314845681,1.125690687331371e-05,computed (both variants usable),SBP
17:1337960:C:T,17:7474539:C:T,6136579,-0.034922782331705,0.0012196006719022,computed (both variants usable),SBP
17:1337960:C:T,17:7740170:T:C,6402210,0.0231266133487224,0.0005348402191884,computed (both variants usable),SBP
17:1337960:C:T,17:7781019:T:C,6443059,-0.0343641377985477,0.0011808939743787,computed (both variants usable),SBP
17:1337960:C:T,17:7898537:T:G,6560577,-0.081964761018753,0.0067182220518589,computed (both variants usable),SBP
17:1357160:C:G,17:1958609:T:C,601449,-0.0456460081040859,0.0020835581235587,computed (both variants usable),SBP
17:1357160:C:G,17:2090341:C:A,733181,-0.0238014757633209,0.0005665102507919,computed (both variants usable),SBP
17:1357160:C:G,17:6473828:T:C,5116668,0.0459698662161827,0.0021132286638021,computed (both variants usable),SBP
17:1357160:C:G,17:6531648:A:G,5174488,0.0531905442476272,0.0028292338829487,computed (both variants usable),SBP
17:1357160:C:G,17:7134129:A:G,5776969,0.0366799645125865,0.0013454197905957,computed (both variants usable),SBP
17:1357160:C:G,17:7171356:C:T,5814196,-0.0086265206336975,7.441685738740489e-05,computed (both variants usable),SBP
17:1357160:C:G,17:7185092:G:A,5827932,0.0039345850236713,1.5480958609259687e-05,computed (both variants usable),SBP
17:1357160:C:G,17:7455536:C:T,6098376,0.0194790493696928,0.0003794333606492,computed (both variants usable),SBP
17:1357160:C:G,17:7474539:C:T,6117379,-0.0360843054950237,0.001302077085711,computed (both variants usable),SBP
17:1357160:C:G,17:7740170:T:C,6383010,0.0038643286097794,1.493303534516599e-05,computed (both variants usable),SBP
17:1357160:C:G,17:7781019:T:C,6423859,-0.0023631381336599,5.584421614912571e-06,computed (both variants usable),SBP
17:1357160:C:G,17:7898537:T:G,6541377,-0.0272632390260696,0.000743284181226,computed (both variants usable),SBP
17:1958609:T:C,17:2090341:C:A,131732,0.5551775097846985,0.3082220554351806,computed (both variants usable),SBP
17:1958609:T:C,17:6473828:T:C,4515219,0.0471984259784221,0.0022276914678514,computed (both variants usable),SBP
17:1958609:T:C,17:6531648:A:G,4573039,0.0374884381890296,0.0014053829945623,computed (both variants usable),SBP
17:1958609:T:C,17:7134129:A:G,5175520,0.0210343301296234,0.0004424430371727,computed (both variants usable),SBP
17:1958609:T:C,17:7171356:C:T,5212747,0.0211704988032579,0.0004481900250539,computed (both variants usable),SBP
17:1958609:T:C,17:7185092:G:A,5226483,0.0220113880932331,0.0004845012153964,computed (both variants usable),SBP
17:1958609:T:C,17:7455536:C:T,5496927,-0.0394652038812637,0.001557502313517,computed (both variants usable),SBP
17:1958609:T:C,17:7474539:C:T,5515930,0.0091929975897073,8.451120811514556e-05,computed (both variants usable),SBP
17:1958609:T:C,17:7740170:T:C,5781561,-0.0013106528203934,1.7178108464577235e-06,computed (both variants usable),SBP
17:1958609:T:C,17:7781019:T:C,5822410,0.0479316674172878,0.0022974447347223,computed (both variants usable),SBP
17:1958609:T:C,17:7898537:T:G,5939928,0.0705248713493347,0.004973757546395,computed (both variants usable),SBP
17:2090341:C:A,17:6473828:T:C,4383487,0.0544365830719471,0.0029633415397256,computed (both variants usable),SBP
17:2090341:C:A,17:6531648:A:G,4441307,0.0276919137686491,0.0007668421021662,computed (both variants usable),SBP
17:2090341:C:A,17:7134129:A:G,5043788,0.035876028239727,0.001287089427933,computed (both variants usable),SBP
17:2090341:C:A,17:7171356:C:T,5081015,0.0586656592786312,0.0034416595008224,computed (both variants usable),SBP
17:2090341:C:A,17:7185092:G:A,5094751,0.0356896370649337,0.0012737502111122,computed (both variants usable),SBP
17:2090341:C:A,17:7455536:C:T,5365195,0.0284159965813159,0.0008074688375927,computed (both variants usable),SBP
17:2090341:C:A,17:7474539:C:T,5384198,-0.0387111380696296,0.0014985521556809,computed (both variants usable),SBP
17:2090341:C:A,17:7740170:T:C,5649829,-0.0271381083875894,0.0007364769116975,computed (both variants usable),SBP
17:2090341:C:A,17:7781019:T:C,5690678,0.0267595872282981,0.0007160755340009,computed (both variants usable),SBP
17:2090341:C:A,17:7898537:T:G,5808196,0.0612102709710598,0.0037466972135007,computed (both variants usable),SBP
17:6473828:T:C,17:6531648:A:G,57820,0.7045938968658447,0.4964525699615478,computed (both variants usable),SBP
17:6473828:T:C,17:7134129:A:G,660301,-0.0139231877401471,0.000193855157704,computed (both variants usable),SBP
17:6473828:T:C,17:7171356:C:T,697528,0.0056187091395258,3.1569892598781735e-05,computed (both variants usable),SBP
17:6473828:T:C,17:7185092:G:A,711264,-0.007454143371433,5.556425458053127e-05,computed (both variants usable),SBP
17:6473828:T:C,17:7455536:C:T,981708,0.0665664747357368,0.0044310954399406,computed (both variants usable),SBP
17:6473828:T:C,17:7474539:C:T,1000711,-0.0251796636730432,0.0006340154795907,computed (both variants usable),SBP
17:6473828:T:C,17:7740170:T:C,1266342,0.0034598021302372,1.1970230843871832e-05,computed (both variants usable),SBP
17:6473828:T:C,17:7781019:T:C,1307191,-0.0110421916469931,0.0001219299956574,computed (both variants usable),SBP
17:6473828:T:C,17:7898537:T:G,1424709,-0.0495929829776287,0.0024594638962298,computed (both variants usable),SBP
17:6531648:A:G,17:7134129:A:G,602481,-0.0400522537529468,0.0016041829949244,computed (both variants usable),SBP
17:6531648:A:G,17:7171356:C:T,639708,-0.0450965575873851,0.002033699536696,computed (both variants usable),SBP
17:6531648:A:G,17:7185092:G:A,653444,-0.0449658297002315,0.0020219257567077,computed (both variants usable),SBP
17:6531648:A:G,17:7455536:C:T,923888,0.0909406468272209,0.0082702012732625,computed (both variants usable),SBP
17:6531648:A:G,17:7474539:C:T,942891,-0.0702562555670738,0.004935941658914,computed (both variants usable),SBP
17:6531648:A:G,17:7740170:T:C,1208522,0.0209712218493223,0.0004397921438794,computed (both variants usable),SBP
17:6531648:A:G,17:7781019:T:C,1249371,-0.0363430343568325,0.0013208161108195,computed (both variants usable),SBP
17:6531648:A:G,17:7898537:T:G,1366889,-0.0616031736135482,0.0037949508987367,computed (both variants usable),SBP
17:7134129:A:G,17:7171356:C:T,37227,0.7108109593391418,0.5052522420883179,computed (both variants usable),SBP
17:7134129:A:G,17:7185092:G:A,50963,0.7358064651489258,0.5414111614227295,computed (both variants usable),SBP
17:7134129:A:G,17:7455536:C:T,321407,0.0116313835605978,0.0001352890831185,computed (both variants usable),SBP
17:7134129:A:G,17:7474539:C:T,340410,0.0206259936094284,0.0004254316154401,computed (both variants usable),SBP
17:7134129:A:G,17:7740170:T:C,606041,0.0228212680667638,0.0005208102520555,computed (both variants usable),SBP
17:7134129:A:G,17:7781019:T:C,646890,0.0489124692976474,0.0023924296256154,computed (both variants usable),SBP
17:7134129:A:G,17:7898537:T:G,764408,0.06967543810606,0.0048546665348112,computed (both variants usable),SBP
17:7171356:C:T,17:7185092:G:A,13736,0.9201497435569764,0.8466755747795105,computed (both variants usable),SBP
17:7171356:C:T,17:7455536:C:T,284180,-0.0018554189009591,3.44257932738401e-06,computed (both variants usable),SBP
17:7171356:C:T,17:7474539:C:T,303183,0.0852687954902648,0.007270767353475,computed (both variants usable),SBP
17:7171356:C:T,17:7740170:T:C,568814,-0.0039285281673073,1.543333382869605e-05,computed (both variants usable),SBP
17:7171356:C:T,17:7781019:T:C,609663,0.0509366504848003,0.0025945424567908,computed (both variants usable),SBP
17:7171356:C:T,17:7898537:T:G,727181,0.1038691997528076,0.0107888104394078,computed (both variants usable),SBP
17:7185092:G:A,17:7455536:C:T,270444,-0.0198571607470512,0.0003943068441003,computed (both variants usable),SBP
17:7185092:G:A,17:7474539:C:T,289447,0.0994895547628402,0.0098981717601418,computed (both variants usable),SBP
17:7185092:G:A,17:7740170:T:C,555078,0.0082658091560006,6.832359940744936e-05,computed (both variants usable),SBP
17:7185092:G:A,17:7781019:T:C,595927,0.0451868362724781,0.0020418502390384,computed (both variants usable),SBP
17:7185092:G:A,17:7898537:T:G,713445,0.0947084352374076,0.0089696878567337,computed (both variants usable),SBP
17:7455536:C:T,17:7474539:C:T,19003,-0.6523491144180298,0.4255593717098236,computed (both variants usable),SBP
17:7455536:C:T,17:7740170:T:C,284634,0.0516368113458156,0.002666360232979,computed (both variants usable),SBP
17:7455536:C:T,17:7781019:T:C,325483,-0.1388525515794754,0.0192800313234329,computed (both variants usable),SBP
17:7455536:C:T,17:7898537:T:G,443001,-0.1332171559333801,0.0177468098700046,computed (both variants usable),SBP
17:7474539:C:T,17:7740170:T:C,265631,-0.0678712800145149,0.0046065105125308,computed (both variants usable),SBP
17:7474539:C:T,17:7781019:T:C,306480,0.1407187283039093,0.0198017600923776,computed (both variants usable),SBP
17:7474539:C:T,17:7898537:T:G,423998,0.1165099665522575,0.0135745722800493,computed (both variants usable),SBP
17:7740170:T:C,17:7781019:T:C,40849,-0.0891374722123146,0.0079454891383647,computed (both variants usable),SBP
17:7740170:T:C,17:7898537:T:G,158367,-0.0667702034115791,0.004458260256797,computed (both variants usable),SBP
17:7781019:T:C,17:7898537:T:G,117518,0.6589328646659851,0.4341925084590912,computed (both variants usable),SBP
17:18185510:G:A,17:18221799:T:C,36289,0.9979549050331116,0.9959139823913574,computed (both variants usable),SBP
17:18185510:G:A,17:18244770:C:T,59260,0.99795663356781,0.9959174394607544,computed (both variants usable),SBP
17:18185510:G:A,17:26694861:G:A,8509351,0.0210492219775915,0.0004430697590578,computed (both variants usable),SBP
17:18185510:G:A,17:26849673:C:T,8664163,0.0159145500510931,0.0002532729122322,computed (both variants usable),SBP
17:18185510:G:A,17:26911529:C:A,8726019,-0.0277938526123762,0.0007724982569925,computed (both variants usable),SBP
17:18185510:G:A,17:27210253:T:C,9024743,-0.0407503396272659,0.0016605901764705,computed (both variants usable),SBP
17:18221799:T:C,17:18244770:C:T,22971,0.9959166049957277,0.9918498992919922,computed (both variants usable),SBP
17:18221799:T:C,17:26694861:G:A,8473062,0.0232741590589284,0.0005416864878498,computed (both variants usable),SBP
17:18221799:T:C,17:26849673:C:T,8627874,0.0132937114685773,0.0001767227659001,computed (both variants usable),SBP
17:18221799:T:C,17:26911529:C:A,8689730,-0.0285051427781581,0.0008125431486405,computed (both variants usable),SBP
17:18221799:T:C,17:27210253:T:C,8988454,-0.0378240160644054,0.0014306561788544,computed (both variants usable),SBP
17:18244770:C:T,17:26694861:G:A,8450091,0.0228789765387773,0.0005234475829638,computed (both variants usable),SBP
17:18244770:C:T,17:26849673:C:T,8604903,0.0143647640943527,0.0002063464489765,computed (both variants usable),SBP
17:18244770:C:T,17:26911529:C:A,8666759,-0.0270820427685976,0.0007334370166063,computed (both variants usable),SBP
17:18244770:C:T,17:27210253:T:C,8965483,-0.0393671803176403,0.0015497748972848,computed (both variants usable),SBP
17:26694861:G:A,17:26849673:C:T,154812,-0.0889002606272697,0.0079032564535737,computed (both variants usable),SBP
17:26694861:G:A,17:26911529:C:A,216668,0.1120866388082504,0.0125634148716926,computed (both variants usable),SBP
17:26694861:G:A,17:27210253:T:C,515392,0.1004555225372314,0.0100913122296333,computed (both variants usable),SBP
17:26694861:G:A,17:30025992:A:C,3331131,0.0195378065109252,0.0003817258693743,computed (both variants usable),SBP
17:26694861:G:A,17:30033514:C:T,3338653,0.0191174913197755,0.0003654784813988,computed (both variants usable),SBP
17:26849673:C:T,17:26911529:C:A,61856,-0.1589235812425613,0.0252567045390605,computed (both variants usable),SBP
17:26849673:C:T,17:27210253:T:C,360580,-0.3227517604827881,0.1041686981916427,computed (both variants usable),SBP
17:26849673:C:T,17:30025992:A:C,3176319,0.0215276516973972,0.0004634397919289,computed (both variants usable),SBP
17:26849673:C:T,17:30033514:C:T,3183841,0.0179834049195051,0.0003234028408769,computed (both variants usable),SBP
17:26911529:C:A,17:27210253:T:C,298724,0.0338882990181446,0.0011484167771413,computed (both variants usable),SBP
17:26911529:C:A,17:30025992:A:C,3114463,0.0279827285557985,0.0007830330869182,computed (both variants usable),SBP
17:26911529:C:A,17:30033514:C:T,3121985,0.0223567057400941,0.0004998223157599,computed (both variants usable),SBP
17:27210253:T:C,17:30025992:A:C,2815739,0.0409956462681293,0.0016806430649012,computed (both variants usable),SBP
17:27210253:T:C,17:30033514:C:T,2823261,0.0393551848828792,0.0015488305361941,computed (both variants usable),SBP
17:30025992:A:C,17:30033514:C:T,7522,0.9890414476394652,0.9782029986381532,computed (both variants usable),SBP
17:43131480:A:T,17:43134624:A:G,3144,0.8264933228492737,0.6830912232398987,computed (both variants usable),SBP
17:43131480:A:T,17:43173273:T:C,41793,0.7557018995285034,0.5710853338241577,computed (both variants usable),SBP
17:43131480:A:T,17:45013271:T:C,1881791,-0.0556792728602886,0.0031001814641058,computed (both variants usable),SBP
17:43131480:A:T,17:45036112:A:T,1904632,-0.0564836412668228,0.0031904017087072,computed (both variants usable),SBP
17:43131480:A:T,17:45930539:G:T,2799059,0.0480809621512889,0.0023117789532989,computed (both variants usable),SBP
17:43131480:A:T,17:45957049:A:G,2825569,-0.0430402345955371,0.0018524618353694,computed (both variants usable),SBP
17:43131480:A:T,17:46349432:T:C,3217952,0.0057222540490329,3.274419213994406e-05,computed (both variants usable),SBP
17:43131480:A:T,17:46614250:A:T,3482770,-0.0411673262715339,0.001694748760201,computed (both variants usable),SBP
17:43131480:A:T,17:47037024:A:T,3905544,0.0111900940537452,0.000125218211906,computed (both variants usable),SBP
17:43131480:A:T,17:47037194:G:T,3905714,0.0101918056607246,0.0001038729024003,computed (both variants usable),SBP
17:43131480:A:T,17:48153924:T:C,5022444,0.0260509010404348,0.0006786494632251,computed (both variants usable),SBP
17:43134624:A:G,17:43173273:T:C,38649,0.8773425221443176,0.7697299122810364,computed (both variants usable),SBP
17:43134624:A:G,17:45013271:T:C,1878647,-0.0153921106830239,0.0002369170688325,computed (both variants usable),SBP
17:43134624:A:G,17:45036112:A:T,1901488,-0.0165931694209575,0.0002753332664724,computed (both variants usable),SBP
17:43134624:A:G,17:45930539:G:T,2795915,0.0701787695288658,0.0049250596202909,computed (both variants usable),SBP
17:43134624:A:G,17:45957049:A:G,2822425,-0.0440262667834758,0.0019383121980354,computed (both variants usable),SBP
17:43134624:A:G,17:46349432:T:C,3214808,0.0312413983047008,0.0009760249522514,computed (both variants usable),SBP
17:43134624:A:G,17:46614250:A:T,3479626,-0.0635093376040458,0.0040334360674023,computed (both variants usable),SBP
17:43134624:A:G,17:47037024:A:T,3902400,0.0179894194006919,0.0003236191987525,computed (both variants usable),SBP
17:43134624:A:G,17:47037194:G:T,3902570,0.0117396786808967,0.0001378200540784,computed (both variants usable),SBP
17:43134624:A:G,17:48153924:T:C,5019300,0.0193478297442197,0.0003743385022971,computed (both variants usable),SBP
17:43173273:T:C,17:45013271:T:C,1839998,0.0153920808807015,0.0002369161520618,computed (both variants usable),SBP
17:43173273:T:C,17:45036112:A:T,1862839,0.0165931973606348,0.000275334197795,computed (both variants usable),SBP
17:43173273:T:C,17:45930539:G:T,2757266,0.0545557811856269,0.0029763332568109,computed (both variants usable),SBP
17:43173273:T:C,17:45957049:A:G,2783776,-0.0366118811070919,0.0013404298806563,computed (both variants usable),SBP
17:43173273:T:C,17:46349432:T:C,3176159,0.0305534396320581,0.000933512696065,computed (both variants usable),SBP
17:43173273:T:C,17:46614250:A:T,3440977,-0.0431266799569129,0.0018599105533212,computed (both variants usable),SBP
17:43173273:T:C,17:47037024:A:T,3863751,-0.0097782416269183,9.561400656821206e-05,computed (both variants usable),SBP
17:43173273:T:C,17:47037194:G:T,3863921,-0.0158518273383378,0.0002512804348953,computed (both variants usable),SBP
17:43173273:T:C,17:48153924:T:C,4980651,0.0144907543435692,0.0002099819685099,computed (both variants usable),SBP
17:45013271:T:C,17:45036112:A:T,22841,0.9511862993240356,0.9047553539276124,computed (both variants usable),SBP
17:45013271:T:C,17:45930539:G:T,917268,0.0428631491959095,0.0018372496124356,computed (both variants usable),SBP
17:45013271:T:C,17:45957049:A:G,943778,-0.0349111445248127,0.0012187879765406,computed (both variants usable),SBP
17:45013271:T:C,17:46349432:T:C,1336161,-0.0368914306163787,0.00136097765062,computed (both variants usable),SBP
17:45013271:T:C,17:46614250:A:T,1600979,-0.0389022938907146,0.0015133884735405,computed (both variants usable),SBP
17:45013271:T:C,17:47037024:A:T,2023753,0.0121529586613178,0.0001476944016758,computed (both variants usable),SBP
17:45013271:T:C,17:47037194:G:T,2023923,0.0150024816393852,0.0002250744582852,computed (both variants usable),SBP
17:45013271:T:C,17:48153924:T:C,3140653,0.0294552687555551,0.0008676128345541,computed (both variants usable),SBP
17:45036112:A:T,17:45930539:G:T,894427,0.05348976328969,0.002861154731363,computed (both variants usable),SBP
17:45036112:A:T,17:45957049:A:G,920937,-0.0340317599475383,0.0011581607395783,computed (both variants usable),SBP
17:45036112:A:T,17:46349432:T:C,1313320,-0.0411572866141796,0.001693922211416,computed (both variants usable),SBP
17:45036112:A:T,17:46614250:A:T,1578138,-0.0502968356013298,0.002529771765694,computed (both variants usable),SBP
17:45036112:A:T,17:47037024:A:T,2000912,-0.0083691729232668,7.004305371083319e-05,computed (both variants usable),SBP
17:45036112:A:T,17:47037194:G:T,2001082,-0.005690636113286,3.2383341022068635e-05,computed (both variants usable),SBP
17:45036112:A:T,17:48153924:T:C,3117812,0.0427818819880485,0.0018302893731743,computed (both variants usable),SBP
17:45930539:G:T,17:45957049:A:G,26510,-0.769326388835907,0.5918630957603455,computed (both variants usable),SBP
17:45930539:G:T,17:46349432:T:C,418893,-0.1338404268026352,0.0179132595658302,computed (both variants usable),SBP
17:45930539:G:T,17:46614250:A:T,683711,-0.0295257866382598,0.0008717720629647,computed (both variants usable),SBP
17:45930539:G:T,17:47037024:A:T,1106485,-0.0419569499790668,0.0017603856977075,computed (both variants usable),SBP
17:45930539:G:T,17:47037194:G:T,1106655,-0.0393322519958019,0.0015470260987058,computed (both variants usable),SBP
17:45930539:G:T,17:48153924:T:C,2223385,0.0150983454659581,0.0002279600303154,computed (both variants usable),SBP
17:45957049:A:G,17:46349432:T:C,392383,-0.0332353040575981,0.0011045854771509,computed (both variants usable),SBP
17:45957049:A:G,17:46614250:A:T,657201,0.0508671328425407,0.0025874651037156,computed (both variants usable),SBP
17:45957049:A:G,17:47037024:A:T,1079975,0.0722837597131729,0.0052249417640268,computed (both variants usable),SBP
17:45957049:A:G,17:47037194:G:T,1080145,0.0745957419276237,0.0055645247921347,computed (both variants usable),SBP
17:45957049:A:G,17:48153924:T:C,2196875,-0.0041769752278923,1.744712244544644e-05,computed (both variants usable),SBP
17:46349432:T:C,17:46614250:A:T,264818,0.2878001630306244,0.0828289315104484,computed (both variants usable),SBP
17:46349432:T:C,17:47037024:A:T,687592,0.0361159704625606,0.0013043633662164,computed (both variants usable),SBP
17:46349432:T:C,17:47037194:G:T,687762,0.0320330709218978,0.0010261175921186,computed (both variants usable),SBP
17:46349432:T:C,17:48153924:T:C,1804492,-0.002738447394222,7.499093953811098e-06,computed (both variants usable),SBP
17:46349432:T:C,17:56152198:C:G,9802766,0.0222782343626022,0.0004963197279721,computed (both variants usable),SBP
17:46614250:A:T,17:47037024:A:T,422774,0.0565677806735038,0.003199913771823,computed (both variants usable),SBP
17:46614250:A:T,17:47037194:G:T,422944,0.0505213923752307,0.0025524110533297,computed (both variants usable),SBP
17:46614250:A:T,17:48153924:T:C,1539674,-0.026719456538558,0.0007139293593354,computed (both variants usable),SBP
17:46614250:A:T,17:56152198:C:G,9537948,-0.0008333243895322,6.944295591893024e-07,computed (both variants usable),SBP
17:47037024:A:T,17:47037194:G:T,170,0.989407241344452,0.978926718235016,computed (both variants usable),SBP
17:47037024:A:T,17:48153924:T:C,1116900,-0.0074857110157608,5.603586760116741e-05,computed (both variants usable),SBP
17:47037024:A:T,17:56152198:C:G,9115174,-0.0491010062396526,0.0024109089281409,computed (both variants usable),SBP
17:47037024:A:T,17:56732304:G:A,9695280,0.0035988145973533,1.2951466487720609e-05,computed (both variants usable),SBP
17:47037024:A:T,17:56848677:T:C,9811653,-0.0134743237867951,0.0001815574069041,computed (both variants usable),SBP
17:47037194:G:T,17:48153924:T:C,1116730,-0.0054947910830378,3.0192728445399556e-05,computed (both variants usable),SBP
17:47037194:G:T,17:56152198:C:G,9115004,-0.0480785854160785,0.0023115503136068,computed (both variants usable),SBP
17:47037194:G:T,17:56732304:G:A,9695110,0.0040826215408742,1.666779826337006e-05,computed (both variants usable),SBP
17:47037194:G:T,17:56848677:T:C,9811483,-0.0132183339446783,0.0001747243513818,computed (both variants usable),SBP
17:48153924:T:C,17:56152198:C:G,7998274,0.0583757497370243,0.0034077281598001,computed (both variants usable),SBP
17:48153924:T:C,17:56732304:G:A,8578380,0.0238547343760728,0.0005690483376383,computed (both variants usable),SBP
17:48153924:T:C,17:56848677:T:C,8694753,0.0348775275051593,0.0012164419749751,computed (both variants usable),SBP
17:48153924:T:C,17:57979002:A:G,9825078,0.0226079374551773,0.0005111188511364,computed (both variants usable),SBP
17:48153924:T:C,17:58021268:C:T,9867344,0.0261265486478805,0.0006825965247116,computed (both variants usable),SBP
17:56152198:C:G,17:56732304:G:A,580106,-0.031666699796915,0.0010027799289673,computed (both variants usable),SBP
17:56152198:C:G,17:56848677:T:C,696479,-0.0228569265455007,0.0005224390770308,computed (both variants usable),SBP
17:56152198:C:G,17:57979002:A:G,1826804,0.0576721020042896,0.0033260714262723,computed (both variants usable),SBP
17:56152198:C:G,17:58021268:C:T,1869070,0.0221975389868021,0.0004927307600155,computed (both variants usable),SBP
17:56152198:C:G,17:59240473:C:T,3088275,-0.0190601255744695,0.0003632883890531,computed (both variants usable),SBP
17:56152198:C:G,17:59241469:T:C,3089271,-0.0139197632670402,0.0001937598135555,computed (both variants usable),SBP
17:56152198:C:G,17:59475642:C:T,3323444,0.0231588426977396,0.00053633202333,computed (both variants usable),SBP
17:56152198:C:G,17:59485393:C:T,3333195,0.0218227058649063,0.0004762304888572,computed (both variants usable),SBP
17:56152198:C:G,17:60769803:A:G,4617605,-1.396443258272484e-05,1.9500537296046616e-10,computed (both variants usable),SBP
17:56152198:C:G,17:60993596:T:C,4841398,0.018929548561573,0.0003583278157748,computed (both variants usable),SBP
17:56732304:G:A,17:56848677:T:C,116373,0.9575774669647216,0.9169545769691468,computed (both variants usable),SBP
17:56732304:G:A,17:57979002:A:G,1246698,-0.0901389122009277,0.0081250239163637,computed (both variants usable),SBP
17:56732304:G:A,17:58021268:C:T,1288964,-0.0422017723321914,0.0017809895798563,computed (both variants usable),SBP
17:56732304:G:A,17:59240473:C:T,2508169,-0.0228674877434968,0.0005229219677858,computed (both variants usable),SBP
17:56732304:G:A,17:59241469:T:C,2509165,-0.0010688634356483,1.142469045589678e-06,computed (both variants usable),SBP
17:56732304:G:A,17:59475642:C:T,2743338,-0.0562927462160587,0.0031688732560724,computed (both variants usable),SBP
17:56732304:G:A,17:59485393:C:T,2753089,-0.0545119307935237,0.0029715506825596,computed (both variants usable),SBP
17:56732304:G:A,17:60769803:A:G,4037499,-0.0560530759394168,0.0031419473234564,computed (both variants usable),SBP
17:56732304:G:A,17:60993596:T:C,4261292,0.0096385767683386,9.290216257795691e-05,computed (both variants usable),SBP
17:56848677:T:C,17:57979002:A:G,1130325,-0.0653456896543502,0.00427005905658,computed (both variants usable),SBP
17:56848677:T:C,17:58021268:C:T,1172591,-0.027695033699274,0.0007670148625038,computed (both variants usable),SBP
17:56848677:T:C,17:59240473:C:T,2391796,-0.0247438978403806,0.0006122604827396,computed (both variants usable),SBP
17:56848677:T:C,17:59241469:T:C,2392792,0.0029446498956531,8.670963325130288e-06,computed (both variants usable),SBP
17:56848677:T:C,17:59475642:C:T,2626965,-0.0583518259227275,0.0034049355890601,computed (both variants usable),SBP
17:56848677:T:C,17:59485393:C:T,2636716,-0.0566266737878322,0.0032065801788121,computed (both variants usable),SBP
17:56848677:T:C,17:60769803:A:G,3921126,-0.0500898472964763,0.0025089927949011,computed (both variants usable),SBP
17:56848677:T:C,17:60993596:T:C,4144919,0.014890506863594,0.0002217271976405,computed (both variants usable),SBP
17:57979002:A:G,17:58021268:C:T,42266,0.5882097482681274,0.3459907174110412,computed (both variants usable),SBP
17:57979002:A:G,17:59240473:C:T,1261471,-0.0696881040930748,0.0048564318567514,computed (both variants usable),SBP
17:57979002:A:G,17:59241469:T:C,1262467,-0.0335025340318679,0.0011224198387935,computed (both variants usable),SBP
17:57979002:A:G,17:59475642:C:T,1496640,0.0147566823288798,0.0002177596761612,computed (both variants usable),SBP
17:57979002:A:G,17:59485393:C:T,1506391,0.015686497092247,0.0002460661926306,computed (both variants usable),SBP
17:57979002:A:G,17:60769803:A:G,2790801,0.0365578718483448,0.0013364780461415,computed (both variants usable),SBP
17:57979002:A:G,17:60993596:T:C,3014594,-0.0178980007767677,0.0003203384403605,computed (both variants usable),SBP
17:58021268:C:T,17:59240473:C:T,1219205,-0.0755333974957466,0.0057052941992878,computed (both variants usable),SBP
17:58021268:C:T,17:59241469:T:C,1220201,-0.0578068234026432,0.0033416289370507,computed (both variants usable),SBP
17:58021268:C:T,17:59475642:C:T,1454374,0.0315246358513832,0.0009938026778399,computed (both variants usable),SBP
17:58021268:C:T,17:59485393:C:T,1464125,0.0378112718462944,0.0014296922599896,computed (both variants usable),SBP
17:58021268:C:T,17:60769803:A:G,2748535,0.0107038402929902,0.0001145721980719,computed (both variants usable),SBP
17:58021268:C:T,17:60993596:T:C,2972328,0.0084138149395585,7.07922808942385e-05,computed (both variants usable),SBP
17:59240473:C:T,17:59241469:T:C,996,0.8651730418205261,0.7485243678092957,computed (both variants usable),SBP
17:59240473:C:T,17:59475642:C:T,235169,-0.0028076495509594,7.882896170485765e-06,computed (both variants usable),SBP
17:59240473:C:T,17:59485393:C:T,244920,-0.0094592180103063,8.947680180426687e-05,computed (both variants usable),SBP
17:59240473:C:T,17:60769803:A:G,1529330,0.0467873625457286,0.0021890571806579,computed (both variants usable),SBP
17:59240473:C:T,17:60993596:T:C,1753123,-0.0212782360613346,0.0004527633427642,computed (both variants usable),SBP
17:59241469:T:C,17:59475642:C:T,234173,-0.0029030682053416,8.427805369137786e-06,computed (both variants usable),SBP
17:59241469:T:C,17:59485393:C:T,243924,-0.0093229282647371,8.691698894836009e-05,computed (both variants usable),SBP
17:59241469:T:C,17:60769803:A:G,1528334,0.0352058038115501,0.0012394486693665,computed (both variants usable),SBP
17:59241469:T:C,17:60993596:T:C,1752127,-0.0140038495883345,0.0001961078087333,computed (both variants usable),SBP
17:59475642:C:T,17:59485393:C:T,9751,0.992453157901764,0.9849632978439332,computed (both variants usable),SBP
17:59475642:C:T,17:60769803:A:G,1294161,0.0051231239922344,2.624640001158696e-05,computed (both variants usable),SBP
17:59475642:C:T,17:60993596:T:C,1517954,0.037584614008665,0.0014126031892374,computed (both variants usable),SBP
17:59485393:C:T,17:60769803:A:G,1284410,0.0024275078903883,5.8927944337483495e-06,computed (both variants usable),SBP
17:59485393:C:T,17:60993596:T:C,1508203,0.0383325479924678,0.0014693841803818,computed (both variants usable),SBP
17:60769803:A:G,17:60993596:T:C,223793,-0.0948750674724578,0.0090012783184647,computed (both variants usable),SBP
17:75261986:C:T,17:75316880:A:G,54894,0.1925462931394577,0.0370740741491317,computed (both variants usable),SBP
17:75261986:C:T,17:76164925:G:A,902939,0.0177265554666519,0.0003142307687085,computed (both variants usable),SBP
17:75261986:C:T,17:76726515:G:A,1464529,0.0014172693481668,2.008652472795802e-06,computed (both variants usable),SBP
17:75261986:C:T,17:76772288:C:T,1510302,0.0026953350752592,7.264831310749287e-06,computed (both variants usable),SBP
17:75261986:C:T,17:76793600:G:A,1531614,0.0227352790534496,0.0005168929346837,computed (both variants usable),SBP
17:75261986:C:T,17:79381917:G:C,4119931,-0.0098431520164012,9.688764112070204e-05,computed (both variants usable),SBP
17:75316880:A:G,17:76164925:G:A,848045,-0.0274332277476787,0.000752581981942,computed (both variants usable),SBP
17:75316880:A:G,17:76726515:G:A,1409635,0.0043838792480528,1.9218397937947884e-05,computed (both variants usable),SBP
17:75316880:A:G,17:76772288:C:T,1455408,0.0100099546834826,0.0001001991913653,computed (both variants usable),SBP
17:75316880:A:G,17:76793600:G:A,1476720,-0.0046902648173272,2.1998583179083653e-05,computed (both variants usable),SBP
17:75316880:A:G,17:79381917:G:C,4065037,0.0249686073511838,0.0006234313477762,computed (both variants usable),SBP
17:76164925:G:A,17:76726515:G:A,561590,-0.0637440681457519,0.004063306376338,computed (both variants usable),SBP
17:76164925:G:A,17:76772288:C:T,607363,-0.0630046427249908,0.003969585057348,computed (both variants usable),SBP
17:76164925:G:A,17:76793600:G:A,628675,-0.0609790161252021,0.0037184404209256,computed (both variants usable),SBP
17:76164925:G:A,17:79381917:G:C,3216992,-0.0134230712428689,0.0001801788457669,computed (both variants usable),SBP
17:76726515:G:A,17:76772288:C:T,45773,0.9860737919807434,0.972341537475586,computed (both variants usable),SBP
17:76726515:G:A,17:76793600:G:A,67085,0.9390478134155272,0.8818107843399048,computed (both variants usable),SBP
17:76726515:G:A,17:79381917:G:C,2655402,-0.0006616855971515,4.378278219974163e-07,computed (both variants usable),SBP
17:76772288:C:T,17:76793600:G:A,21312,0.9451192617416382,0.8932504057884216,computed (both variants usable),SBP
17:76772288:C:T,17:79381917:G:C,2609629,0.0073795225471258,5.445735223474912e-05,computed (both variants usable),SBP
17:76793600:G:A,17:79381917:G:C,2588317,-0.0074132708832621,5.495658479048871e-05,computed (both variants usable),SBP
18:658423:A:G,18:722868:A:G,64445,0.0490392856299877,0.0024048516061156,computed (both variants usable),SBP
18:658423:A:G,18:1841371:T:G,1182948,-0.0277105178683996,0.000767872785218,computed (both variants usable),SBP
18:722868:A:G,18:1841371:T:G,1118503,0.0128670604899525,0.0001655612431932,computed (both variants usable),SBP
18:24447936:C:G,18:31161426:T:G,6713490,0.0024170943070203,5.842344762641005e-06,computed (both variants usable),SBP
18:24447936:C:G,18:31168982:T:C,6721046,0.0024170943070203,5.842344762641005e-06,computed (both variants usable),SBP
18:31161426:T:G,18:31168982:T:C,7556,0.9999964833259584,0.9999929666519164,computed (both variants usable),SBP
18:42053616:C:T,18:42086982:A:G,33366,0.9581851363182068,0.9181187748908995,computed (both variants usable),SBP
18:42053616:C:T,18:42202927:G:A,149311,-0.2867343425750732,0.0822165831923484,computed (both variants usable),SBP
18:42053616:C:T,18:42599920:A:G,546304,-0.0632659047842025,0.0040025748312473,computed (both variants usable),SBP
18:42053616:C:T,18:42606091:C:T,552475,-0.0559684745967388,0.0031324701849371,computed (both variants usable),SBP
18:42053616:C:T,18:42880242:A:G,826626,0.0289288256317377,0.0008368769777007,computed (both variants usable),SBP
18:42053616:C:T,18:42948994:T:G,895378,0.0088396584615111,7.813956472091377e-05,computed (both variants usable),SBP
18:42053616:C:T,18:43080434:C:T,1026818,-0.0066148485057055,4.3756219383794814e-05,computed (both variants usable),SBP
18:42053616:C:T,18:43083792:G:C,1030176,0.0110118268057703,0.0001212603310705,computed (both variants usable),SBP
18:42053616:C:T,18:43097750:C:A,1044134,0.0673210844397544,0.0045321285724639,computed (both variants usable),SBP
18:42053616:C:T,18:48277401:A:C,6223785,-0.0346805118024349,0.0012027379125356,computed (both variants usable),SBP
18:42053616:C:T,18:48788464:T:C,6734848,-0.0017128738109022,2.9339366847125348e-06,computed (both variants usable),SBP
18:42053616:C:T,18:48790842:A:C,6737226,0.0016281203133985,2.6507757411309285e-06,computed (both variants usable),SBP
18:42086982:A:G,18:42202927:G:A,115945,-0.3069233298301697,0.0942019298672676,computed (both variants usable),SBP
18:42086982:A:G,18:42599920:A:G,512938,-0.060442715883255,0.0036533218808472,computed (both variants usable),SBP
18:42086982:A:G,18:42606091:C:T,519109,-0.0482919290661811,0.0023321104235947,computed (both variants usable),SBP
18:42086982:A:G,18:42880242:A:G,793260,0.0472136214375495,0.0022291259374469,computed (both variants usable),SBP
18:42086982:A:G,18:42948994:T:G,862012,0.0206285081803798,0.0004255353414919,computed (both variants usable),SBP
18:42086982:A:G,18:43080434:C:T,993452,-0.0053817620500922,2.896336263802368e-05,computed (both variants usable),SBP
18:42086982:A:G,18:43083792:G:C,996810,0.003193155163899,1.0196239600190893e-05,computed (both variants usable),SBP
18:42086982:A:G,18:43097750:C:A,1010768,0.0717491060495376,0.0051479344256222,computed (both variants usable),SBP
18:42086982:A:G,18:48277401:A:C,6190419,-0.0315215997397899,0.0009936112910509,computed (both variants usable),SBP
18:42086982:A:G,18:48788464:T:C,6701482,-0.0026464941911399,7.00393138686195e-06,computed (both variants usable),SBP
18:42086982:A:G,18:48790842:A:C,6703860,0.0072061978280544,5.192928801989183e-05,computed (both variants usable),SBP
18:42202927:G:A,18:42599920:A:G,396993,0.0021330986637622,4.550110134005081e-06,computed (both variants usable),SBP
18:42202927:G:A,18:42606091:C:T,403164,-0.0162775311619043,0.000264958012849,computed (both variants usable),SBP
18:42202927:G:A,18:42880242:A:G,677315,0.0922722443938255,0.0085141668096184,computed (both variants usable),SBP
18:42202927:G:A,18:42948994:T:G,746067,0.0024864214938133,6.182292054290883e-06,computed (both variants usable),SBP
18:42202927:G:A,18:43080434:C:T,877507,-0.0036921799182891,1.3632192349177784e-05,computed (both variants usable),SBP
18:42202927:G:A,18:43083792:G:C,880865,-0.0399811342358589,0.0015984911005944,computed (both variants usable),SBP
18:42202927:G:A,18:43097750:C:A,894823,0.0215004924684762,0.0004622711858246,computed (both variants usable),SBP
18:42202927:G:A,18:48277401:A:C,6074474,-0.0269052255898714,0.0007238911930471,computed (both variants usable),SBP
18:42202927:G:A,18:48788464:T:C,6585537,0.0151612954214215,0.0002298648760188,computed (both variants usable),SBP
18:42202927:G:A,18:48790842:A:C,6587915,-0.0070524741895496,4.973739123670384e-05,computed (both variants usable),SBP
18:42599920:A:G,18:42606091:C:T,6171,0.9787525534629822,0.9579565525054932,computed (both variants usable),SBP
18:42599920:A:G,18:42880242:A:G,280322,-0.0935531631112098,0.0087521942332386,computed (both variants usable),SBP
18:42599920:A:G,18:42948994:T:G,349074,-0.0116253551095724,0.0001351488754153,computed (both variants usable),SBP
18:42599920:A:G,18:43080434:C:T,480514,0.0008831794839352,7.80006018885615e-07,computed (both variants usable),SBP
18:42599920:A:G,18:43083792:G:C,483872,0.0436856783926487,0.0019084385130554,computed (both variants usable),SBP
18:42599920:A:G,18:43097750:C:A,497830,-0.0002256584120914,5.092172017384655e-08,computed (both variants usable),SBP
18:42599920:A:G,18:48277401:A:C,5677481,0.007153904531151,5.117835098644719e-05,computed (both variants usable),SBP
18:42599920:A:G,18:48788464:T:C,6188544,0.0002868832962121,8.230202297454525e-08,computed (both variants usable),SBP
18:42599920:A:G,18:48790842:A:C,6190922,-0.0065014050342142,4.226826786180027e-05,computed (both variants usable),SBP
18:42606091:C:T,18:42880242:A:G,274151,-0.0864855721592903,0.0074797542765736,computed (both variants usable),SBP
18:42606091:C:T,18:42948994:T:G,342903,-0.004659017547965,2.170644438592717e-05,computed (both variants usable),SBP
18:42606091:C:T,18:43080434:C:T,474343,-0.0150605924427509,0.0002268214448122,computed (both variants usable),SBP
18:42606091:C:T,18:43083792:G:C,477701,0.0398719944059848,0.0015897759003564,computed (both variants usable),SBP
18:42606091:C:T,18:43097750:C:A,491659,0.0052242660894989,2.7292955564917065e-05,computed (both variants usable),SBP
18:42606091:C:T,18:48277401:A:C,5671310,0.0120570240542292,0.0001453718286938,computed (both variants usable),SBP
18:42606091:C:T,18:48788464:T:C,6182373,0.0139510771259665,0.0001946325501194,computed (both variants usable),SBP
18:42606091:C:T,18:48790842:A:C,6184751,-0.0224913749843835,0.0005058619426563,computed (both variants usable),SBP
18:42880242:A:G,18:42948994:T:G,68752,0.4728608131408691,0.2235973477363586,computed (both variants usable),SBP
18:42880242:A:G,18:43080434:C:T,200192,-0.0547840669751167,0.0030012940987944,computed (both variants usable),SBP
18:42880242:A:G,18:43083792:G:C,203550,-0.0778240263462066,0.0060565792955458,computed (both variants usable),SBP
18:42880242:A:G,18:43097750:C:A,217508,0.0304654613137245,0.0009281443199142,computed (both variants usable),SBP
18:42880242:A:G,18:48277401:A:C,5397159,0.0554273873567581,0.0030721952207386,computed (both variants usable),SBP
18:42880242:A:G,18:48788464:T:C,5908222,-0.017685392871499,0.0003127731324639,computed (both variants usable),SBP
18:42880242:A:G,18:48790842:A:C,5910600,0.0317158997058868,0.0010058983461931,computed (both variants usable),SBP
18:42948994:T:G,18:43080434:C:T,131440,-0.059448555111885,0.0035341307520866,computed (both variants usable),SBP
18:42948994:T:G,18:43083792:G:C,134798,-0.0294900629669427,0.0008696638396941,computed (both variants usable),SBP
18:42948994:T:G,18:43097750:C:A,148756,0.0411915890872478,0.0016967470292001,computed (both variants usable),SBP
18:42948994:T:G,18:48277401:A:C,5328407,0.0150224966928362,0.0002256754087284,computed (both variants usable),SBP
18:42948994:T:G,18:48788464:T:C,5839470,-0.0349522717297077,0.0012216613395139,computed (both variants usable),SBP
18:42948994:T:G,18:48790842:A:C,5841848,0.0194027014076709,0.0003764648281503,computed (both variants usable),SBP
18:43080434:C:T,18:43083792:G:C,3358,0.0343922823667526,0.0011828290298581,computed (both variants usable),SBP
18:43080434:C:T,18:43097750:C:A,17316,-0.1101962774991989,0.012143219821155,computed (both variants usable),SBP
18:43080434:C:T,18:48277401:A:C,5196967,-0.0030514788813889,9.311523172073066e-06,computed (both variants usable),SBP
18:43080434:C:T,18:48788464:T:C,5708030,-0.0215290188789367,0.0004634986398741,computed (both variants usable),SBP
18:43080434:C:T,18:48790842:A:C,5710408,0.0085991052910685,7.394461135845631e-05,computed (both variants usable),SBP
18:43083792:G:C,18:43097750:C:A,13958,-0.6690323352813721,0.4476042687892914,computed (both variants usable),SBP
18:43083792:G:C,18:48277401:A:C,5193609,-0.0474656894803047,0.0022529917769134,computed (both variants usable),SBP
18:43083792:G:C,18:48788464:T:C,5704672,0.0023112862836569,5.342044460121542e-06,computed (both variants usable),SBP
18:43083792:G:C,18:48790842:A:C,5707050,0.0155553827062249,0.0002419699303572,computed (both variants usable),SBP
18:43097750:C:A,18:48277401:A:C,5179651,0.0150783210992813,0.0002273557620355,computed (both variants usable),SBP
18:43097750:C:A,18:48788464:T:C,5690714,0.0296783857047557,0.0008808065904304,computed (both variants usable),SBP
18:43097750:C:A,18:48790842:A:C,5693092,-0.0269481185823678,0.0007262011058628,computed (both variants usable),SBP
18:48277401:A:C,18:48788464:T:C,511063,-0.0270528681576252,0.0007318576681427,computed (both variants usable),SBP
18:48277401:A:C,18:48790842:A:C,513441,0.0328037664294242,0.001076087122783,computed (both variants usable),SBP
18:48788464:T:C,18:48790842:A:C,2378,-0.8207547068595886,0.6736382842063904,computed (both variants usable),SBP
19:2152185:G:A,19:2177625:T:G,25440,0.6203533411026001,0.3848382532596588,computed (both variants usable),SBP
19:2152185:G:A,19:4067314:C:T,1915129,-0.0520723983645439,0.0027115347329527,computed (both variants usable),SBP
19:2152185:G:A,19:4980864:T:C,2828679,-0.0609058663249015,0.0037095246370881,computed (both variants usable),SBP
19:2152185:G:A,19:5066330:G:A,2914145,-0.0307949297130107,0.0009483277099207,computed (both variants usable),SBP
19:2152185:G:A,19:6745138:G:A,4592953,-0.0069650607183575,4.8512069042772055e-05,computed (both variants usable),SBP
19:2152185:G:A,19:7227871:T:G,5075686,0.0412526726722717,0.0017017830396071,computed (both variants usable),SBP
19:2152185:G:A,19:7230675:G:T,5078490,0.0431719757616519,0.0018638195469975,computed (both variants usable),SBP
19:2152185:G:A,19:7257990:C:G,5105805,-0.0505353026092052,0.002553816884756,computed (both variants usable),SBP
19:2152185:G:A,19:7295991:A:G,5143806,0.0147400712594389,0.0002172696986235,computed (both variants usable),SBP
19:2152185:G:A,19:7297710:G:A,5145525,0.0141091281548142,0.0001990674936678,computed (both variants usable),SBP
19:2152185:G:A,19:11296855:A:G,9144670,0.0129274912178516,0.0001671200298005,computed (both variants usable),SBP
19:2152185:G:A,19:11526759:G:A,9374574,0.0253078900277614,0.0006404892774298,computed (both variants usable),SBP
19:2177625:T:G,19:4067314:C:T,1889689,-0.0550545901060104,0.0030310079455375,computed (both variants usable),SBP
19:2177625:T:G,19:4980864:T:C,2803239,-0.0083071906119585,6.900941662024707e-05,computed (both variants usable),SBP
19:2177625:T:G,19:5066330:G:A,2888705,0.0077115083113312,5.946736200712621e-05,computed (both variants usable),SBP
19:2177625:T:G,19:6745138:G:A,4567513,-0.0210336130112409,0.0004424128856044,computed (both variants usable),SBP
19:2177625:T:G,19:7227871:T:G,5050246,0.0197362918406724,0.0003895212139468,computed (both variants usable),SBP
19:2177625:T:G,19:7230675:G:T,5053050,0.0216303654015064,0.0004678727127611,computed (both variants usable),SBP
19:2177625:T:G,19:7257990:C:G,5080365,-0.0044877375476062,2.013978883042e-05,computed (both variants usable),SBP
19:2177625:T:G,19:7295991:A:G,5118366,-0.0234328340739011,0.0005490977200679,computed (both variants usable),SBP
19:2177625:T:G,19:7297710:G:A,5120085,-0.0241205282509326,0.0005817998899146,computed (both variants usable),SBP
19:2177625:T:G,19:11296855:A:G,9119230,-0.0188379436731338,0.0003548681270331,computed (both variants usable),SBP
19:2177625:T:G,19:11526759:G:A,9349134,0.031060267239809,0.0009647401748225,computed (both variants usable),SBP
19:4067314:C:T,19:4980864:T:C,913550,0.0410247705876827,0.0016830317908897,computed (both variants usable),SBP
19:4067314:C:T,19:5066330:G:A,999016,-0.0031965638045221,1.0218020179308953e-05,computed (both variants usable),SBP
19:4067314:C:T,19:6745138:G:A,2677824,-0.0522481277585029,0.0027298668865114,computed (both variants usable),SBP
19:4067314:C:T,19:7227871:T:G,3160557,-0.0295214690268039,0.0008715171134099,computed (both variants usable),SBP
19:4067314:C:T,19:7230675:G:T,3163361,-0.0210914369672536,0.0004448487015906,computed (both variants usable),SBP
19:4067314:C:T,19:7257990:C:G,3190676,0.0040529943071305,1.6426762158516794e-05,computed (both variants usable),SBP
19:4067314:C:T,19:7295991:A:G,3228677,-0.0083632171154022,6.994340219534934e-05,computed (both variants usable),SBP
19:4067314:C:T,19:7297710:G:A,3230396,-0.0094727948307991,8.973383955890313e-05,computed (both variants usable),SBP
19:4067314:C:T,19:11296855:A:G,7229541,0.0009031320805661,8.156475814757869e-07,computed (both variants usable),SBP
19:4067314:C:T,19:11526759:G:A,7459445,-0.0200120229274034,0.0004004810471087,computed (both variants usable),SBP
19:4980864:T:C,19:5066330:G:A,85466,0.6630143523216248,0.4395880401134491,computed (both variants usable),SBP
19:4980864:T:C,19:6745138:G:A,1764274,0.0309587866067886,0.0009584464714862,computed (both variants usable),SBP
19:4980864:T:C,19:7227871:T:G,2247007,-0.0483206287026405,0.0023348832037299,computed (both variants usable),SBP
19:4980864:T:C,19:7230675:G:T,2249811,-0.048928927630186,0.0023940398823469,computed (both variants usable),SBP
19:4980864:T:C,19:7257990:C:G,2277126,0.040178682655096,0.0016143264947459,computed (both variants usable),SBP
19:4980864:T:C,19:7295991:A:G,2315127,0.0292393136769533,0.0008549374761059,computed (both variants usable),SBP
19:4980864:T:C,19:7297710:G:A,2316846,0.0263178702443838,0.0006926303030923,computed (both variants usable),SBP
19:4980864:T:C,19:11296855:A:G,6315991,-0.0146513022482395,0.0002146606566384,computed (both variants usable),SBP
19:4980864:T:C,19:11526759:G:A,6545895,0.0391711182892322,0.0015343765262514,computed (both variants usable),SBP
19:5066330:G:A,19:6745138:G:A,1678808,0.0390368998050689,0.0015238795895129,computed (both variants usable),SBP
19:5066330:G:A,19:7227871:T:G,2161541,-0.0702742859721183,0.0049384753219783,computed (both variants usable),SBP
19:5066330:G:A,19:7230675:G:T,2164345,-0.073238804936409,0.0053639225661754,computed (both variants usable),SBP
19:5066330:G:A,19:7257990:C:G,2191660,-0.002695693867281,7.266765351232607e-06,computed (both variants usable),SBP
19:5066330:G:A,19:7295991:A:G,2229661,0.0091607635840773,8.39195927255787e-05,computed (both variants usable),SBP
19:5066330:G:A,19:7297710:G:A,2231380,0.0071253362111747,5.077041714685038e-05,computed (both variants usable),SBP
19:5066330:G:A,19:11296855:A:G,6230525,0.0040996079333126,1.6806785424705595e-05,computed (both variants usable),SBP
19:5066330:G:A,19:11526759:G:A,6460429,0.05622398853302,0.0031611369922757,computed (both variants usable),SBP
19:6745138:G:A,19:7227871:T:G,482733,-0.0376795455813407,0.0014197481796145,computed (both variants usable),SBP
19:6745138:G:A,19:7230675:G:T,485537,-0.0320480056107044,0.0010270746424794,computed (both variants usable),SBP
19:6745138:G:A,19:7257990:C:G,512852,0.0245279055088758,0.0006016181432642,computed (both variants usable),SBP
19:6745138:G:A,19:7295991:A:G,550853,0.0204833354800939,0.0004195670189801,computed (both variants usable),SBP
19:6745138:G:A,19:7297710:G:A,552572,0.0230378899723291,0.0005307443789206,computed (both variants usable),SBP
19:6745138:G:A,19:11296855:A:G,4551717,0.0529686398804187,0.0028056767769157,computed (both variants usable),SBP
19:6745138:G:A,19:11526759:G:A,4781621,0.0284872651100158,0.0008115242817439,computed (both variants usable),SBP
19:7227871:T:G,19:7230675:G:T,2804,0.988706648349762,0.9775408506393432,computed (both variants usable),SBP
19:7227871:T:G,19:7257990:C:G,30119,0.1210142374038696,0.0146444458514451,computed (both variants usable),SBP
19:7227871:T:G,19:7295991:A:G,68120,0.0597330816090106,0.0035680411383509,computed (both variants usable),SBP
19:7227871:T:G,19:7297710:G:A,69839,0.0582249127328395,0.0033901403658092,computed (both variants usable),SBP
19:7227871:T:G,19:11296855:A:G,4068984,-0.0104534085839986,0.0001092737511498,computed (both variants usable),SBP
19:7227871:T:G,19:11526759:G:A,4298888,-0.012367894873023,0.0001529648288851,computed (both variants usable),SBP
19:7227871:T:G,19:17214073:C:T,9986202,0.0304221156984567,0.0009255051263608,computed (both variants usable),SBP
19:7227871:T:G,19:17219105:G:A,9991234,0.0304941050708293,0.0009298904333263,computed (both variants usable),SBP
19:7230675:G:T,19:7257990:C:G,27315,0.1235103532671928,0.0152548076584935,computed (both variants usable),SBP
19:7230675:G:T,19:7295991:A:G,65316,0.0609490238130092,0.0037147835828363,computed (both variants usable),SBP
19:7230675:G:T,19:7297710:G:A,67035,0.0594528652727603,0.0035346432123333,computed (both variants usable),SBP
19:7230675:G:T,19:11296855:A:G,4066180,-0.0087625700980424,7.678263500565663e-05,computed (both variants usable),SBP
19:7230675:G:T,19:11526759:G:A,4296084,-0.0089089171960949,7.93688086559996e-05,computed (both variants usable),SBP
19:7230675:G:T,19:17214073:C:T,9983398,0.0343924611806869,0.0011828413698822,computed (both variants usable),SBP
19:7230675:G:T,19:17219105:G:A,9988430,0.0343478955328464,0.0011797779006883,computed (both variants usable),SBP
19:7257990:C:G,19:7295991:A:G,38001,0.1173571944236755,0.0137727111577987,computed (both variants usable),SBP
19:7257990:C:G,19:7297710:G:A,39720,0.1167160421609878,0.0136226341128349,computed (both variants usable),SBP
19:7257990:C:G,19:11296855:A:G,4038865,-0.0038397249300032,1.4743487554369494e-05,computed (both variants usable),SBP
19:7257990:C:G,19:11526759:G:A,4268769,0.0462347753345966,0.0021376544609665,computed (both variants usable),SBP
19:7257990:C:G,19:17214073:C:T,9956083,-0.0318491049110889,0.0010143654653802,computed (both variants usable),SBP
19:7257990:C:G,19:17219105:G:A,9961115,-0.0228807460516691,0.0005235285498201,computed (both variants usable),SBP
19:7295991:A:G,19:7297710:G:A,1719,0.9974167943000792,0.9948402643203736,computed (both variants usable),SBP
19:7295991:A:G,19:11296855:A:G,4000864,-0.0303322896361351,0.0009200478089042,computed (both variants usable),SBP
19:7295991:A:G,19:11526759:G:A,4230768,0.0090932436287403,8.26870818855241e-05,computed (both variants usable),SBP
19:7295991:A:G,19:17214073:C:T,9918082,-0.0148366726934909,0.0002201268507633,computed (both variants usable),SBP
19:7295991:A:G,19:17219105:G:A,9923114,-0.0156354922801256,0.0002444686251692,computed (both variants usable),SBP
19:7297710:G:A,19:11296855:A:G,3999145,-0.0309815257787704,0.0009598549222573,computed (both variants usable),SBP
19:7297710:G:A,19:11526759:G:A,4229049,0.0109531199559569,0.0001199708349304,computed (both variants usable),SBP
19:7297710:G:A,19:17214073:C:T,9916363,-0.0162444487214088,0.0002638821024447,computed (both variants usable),SBP
19:7297710:G:A,19:17219105:G:A,9921395,-0.0170024391263723,0.0002890829346142,computed (both variants usable),SBP
19:11296855:A:G,19:11526759:G:A,229904,0.0817232429981231,0.006678688339889,computed (both variants usable),SBP
19:11296855:A:G,19:17214073:C:T,5917218,-0.0046327994205057,2.146283077308908e-05,computed (both variants usable),SBP
19:11296855:A:G,19:17219105:G:A,5922250,0.0026187265757471,6.857728749309899e-06,computed (both variants usable),SBP
19:11296855:A:G,19:18455657:T:C,7158802,-0.0518487654626369,0.0026882945094257,computed (both variants usable),SBP
19:11296855:A:G,19:18460956:G:A,7164101,-0.0578093379735946,0.0033419195096939,computed (both variants usable),SBP
19:11526759:G:A,19:17214073:C:T,5687314,-0.0400476045906543,0.0016038105823099,computed (both variants usable),SBP
19:11526759:G:A,19:17219105:G:A,5692346,-0.0581245683133602,0.0033784655388444,computed (both variants usable),SBP
19:11526759:G:A,19:18455657:T:C,6928898,0.0333375260233879,0.0011113906512036,computed (both variants usable),SBP
19:11526759:G:A,19:18460956:G:A,6934197,0.0222266092896461,0.0004940221551805,computed (both variants usable),SBP
19:17214073:C:T,19:17219105:G:A,5032,0.9343242645263672,0.8729618191719055,computed (both variants usable),SBP
19:17214073:C:T,19:18455657:T:C,1241584,0.0051847812719643,2.688195672817528e-05,computed (both variants usable),SBP
19:17214073:C:T,19:18460956:G:A,1246883,-0.0124047845602035,0.0001538786746095,computed (both variants usable),SBP
19:17214073:C:T,19:22290846:T:C,5076773,-0.0322649888694286,0.0010410294635221,computed (both variants usable),SBP
19:17219105:G:A,19:18455657:T:C,1236552,-0.01616539247334,0.0002613199176266,computed (both variants usable),SBP
19:17219105:G:A,19:18460956:G:A,1241851,-0.0239404514431953,0.0005731452256441,computed (both variants usable),SBP
19:17219105:G:A,19:22290846:T:C,5071741,-0.0211289599537849,0.0004464329394977,computed (both variants usable),SBP
19:18455657:T:C,19:18460956:G:A,5299,0.9512964487075806,0.9049649238586426,computed (both variants usable),SBP
19:18455657:T:C,19:22290846:T:C,3835189,0.0070301974192261,4.94236774102319e-05,computed (both variants usable),SBP
19:18460956:G:A,19:22290846:T:C,3829890,0.0001412004203302,1.9937559159188826e-08,computed (both variants usable),SBP
19:22290846:T:C,19:31863085:G:A,9572239,-0.0142738111317157,0.0002037416852544,computed (both variants usable),SBP
19:22290846:T:C,19:31867132:A:T,9576286,-0.0142738111317157,0.0002037416852544,computed (both variants usable),SBP
19:31863085:G:A,19:31867132:A:T,4047,0.9999998211860656,0.9999996423721312,computed (both variants usable),SBP
19:45412079:C:T,19:46289503:C:T,877424,-0.050021506845951,0.0025021510664373,computed (both variants usable),SBP
2:632591:T:C,2:641159:A:C,8568,0.9722270965576172,0.9452255368232728,computed (both variants usable),SBP
2:19006214:G:A,2:19342467:T:C,336253,0.0750963613390922,0.0056394636631011,computed (both variants usable),SBP
2:19006214:G:A,2:19344757:T:C,338543,0.0727074593305587,0.0052863745950162,computed (both variants usable),SBP
2:19006214:G:A,2:19711073:C:A,704859,0.0317176915705204,0.0010060119675472,computed (both variants usable),SBP
2:19006214:G:A,2:19735548:C:A,729334,-0.0330882892012596,0.0010948348790407,computed (both variants usable),SBP
2:19006214:G:A,2:20878820:T:C,1872606,-0.0185269899666309,0.0003432493540458,computed (both variants usable),SBP
2:19006214:G:A,2:25276284:G:A,6270070,-0.0325308702886104,0.0010582575341686,computed (both variants usable),SBP
2:19006214:G:A,2:26914364:C:T,7908150,-0.0025168587453663,6.334577847155742e-06,computed (both variants usable),SBP
2:19006214:G:A,2:26923568:T:C,7917354,-0.0010402605403214,1.0821420346474042e-06,computed (both variants usable),SBP
2:19006214:G:A,2:26929282:T:G,7923068,-0.0117532387375831,0.0001381386246066,computed (both variants usable),SBP
2:19006214:G:A,2:27920064:C:T,8913850,-0.0028868117369711,8.333681762451306e-06,computed (both variants usable),SBP
2:19006214:G:A,2:28629367:G:C,9623153,-0.0029855181928724,8.913319106795825e-06,computed (both variants usable),SBP
2:19006214:G:A,2:28635740:T:C,9629526,-0.0036710642743855,1.3476713320415e-05,computed (both variants usable),SBP
2:19342467:T:C,2:19344757:T:C,2290,0.9826210737228394,0.9655441641807556,computed (both variants usable),SBP
2:19342467:T:C,2:19711073:C:A,368606,0.0435980148613452,0.0019007868831977,computed (both variants usable),SBP
2:19342467:T:C,2:19735548:C:A,393081,-0.0549131371080875,0.003015452530235,computed (both variants usable),SBP
2:19342467:T:C,2:20878820:T:C,1536353,-0.0210335161536932,0.0004424088110681,computed (both variants usable),SBP
2:19342467:T:C,2:25276284:G:A,5933817,0.0248599797487258,0.0006180186173878,computed (both variants usable),SBP
2:19342467:T:C,2:26914364:C:T,7571897,-0.0163652747869491,0.0002678222081158,computed (both variants usable),SBP
2:19342467:T:C,2:26923568:T:C,7581101,-0.0131550822407007,0.0001730561925796,computed (both variants usable),SBP
2:19342467:T:C,2:26929282:T:G,7586815,-0.0072054397314786,5.191836316953413e-05,computed (both variants usable),SBP
2:19342467:T:C,2:27920064:C:T,8577597,-0.0130569152534008,0.0001704830356175,computed (both variants usable),SBP
2:19342467:T:C,2:28629367:G:C,9286900,-0.0177620984613895,0.0003154921287205,computed (both variants usable),SBP
2:19342467:T:C,2:28635740:T:C,9293273,-0.0184050649404525,0.0003387464093975,computed (both variants usable),SBP
2:19344757:T:C,2:19711073:C:A,366316,0.055864505469799,0.0031208428554236,computed (both variants usable),SBP
2:19344757:T:C,2:19735548:C:A,390791,-0.0641018599271774,0.0041090482845902,computed (both variants usable),SBP
2:19344757:T:C,2:20878820:T:C,1534063,-0.0165713038295507,0.0002746081154327,computed (both variants usable),SBP
2:19344757:T:C,2:25276284:G:A,5931527,0.0232989899814128,0.0005428429576568,computed (both variants usable),SBP
2:19344757:T:C,2:26914364:C:T,7569607,-0.0270565450191497,0.0007320566219277,computed (both variants usable),SBP
2:19344757:T:C,2:26923568:T:C,7578811,-0.0238769371062517,0.0005701081245206,computed (both variants usable),SBP
2:19344757:T:C,2:26929282:T:G,7584525,-0.0179218370467424,0.0003211922303307,computed (both variants usable),SBP
2:19344757:T:C,2:27920064:C:T,8575307,-0.0037756776437163,1.4255741916713305e-05,computed (both variants usable),SBP
2:19344757:T:C,2:28629367:G:C,9284610,-0.0122759202495217,0.0001506982225691,computed (both variants usable),SBP
2:19344757:T:C,2:28635740:T:C,9290983,-0.0132564045488834,0.0001757322606863,computed (both variants usable),SBP
2:19711073:C:A,2:19735548:C:A,24475,-0.5857165455818176,0.3430638611316681,computed (both variants usable),SBP
2:19711073:C:A,2:20878820:T:C,1167747,0.0312762223184108,0.0009782020933926,computed (both variants usable),SBP
2:19711073:C:A,2:25276284:G:A,5565211,-0.0404746681451797,0.001638198737055,computed (both variants usable),SBP
2:19711073:C:A,2:26914364:C:T,7203291,-0.0633905306458473,0.0040183593519032,computed (both variants usable),SBP
2:19711073:C:A,2:26923568:T:C,7212495,-0.0633146613836288,0.004008746240288,computed (both variants usable),SBP
2:19711073:C:A,2:26929282:T:G,7218209,-0.0690621510148048,0.0047695809043943,computed (both variants usable),SBP
2:19711073:C:A,2:27920064:C:T,8208991,-0.0026786809321492,7.17533157512662e-06,computed (both variants usable),SBP
2:19711073:C:A,2:28629367:G:C,8918294,-0.0306563377380371,0.0009398110560141,computed (both variants usable),SBP
2:19711073:C:A,2:28635740:T:C,8924667,-0.0303779207170009,0.00092281808611,computed (both variants usable),SBP
2:19735548:C:A,2:20878820:T:C,1143272,-0.0213160589337348,0.0004543743561953,computed (both variants usable),SBP
2:19735548:C:A,2:25276284:G:A,5540736,0.0080441292375326,6.470801599789411e-05,computed (both variants usable),SBP
2:19735548:C:A,2:26914364:C:T,7178816,0.0430763699114322,0.0018555736169219,computed (both variants usable),SBP
2:19735548:C:A,2:26923568:T:C,7188020,0.0419819764792919,0.0017624862957745,computed (both variants usable),SBP
2:19735548:C:A,2:26929282:T:G,7193734,0.0484342835843563,0.0023458797950297,computed (both variants usable),SBP
2:19735548:C:A,2:27920064:C:T,8184516,-0.0023065747227519,5.320287073118379e-06,computed (both variants usable),SBP
2:19735548:C:A,2:28629367:G:C,8893819,-0.0130858803167939,0.0001712402590783,computed (both variants usable),SBP
2:19735548:C:A,2:28635740:T:C,8900192,-0.0098492037504911,9.700681403046474e-05,computed (both variants usable),SBP
2:20878820:T:C,2:25276284:G:A,4397464,-0.0236536283046007,0.000559494132176,computed (both variants usable),SBP
2:20878820:T:C,2:26914364:C:T,6035544,-0.063353419303894,0.0040136557072401,computed (both variants usable),SBP
2:20878820:T:C,2:26923568:T:C,6044748,-0.0617605112493038,0.0038143608253449,computed (both variants usable),SBP
2:20878820:T:C,2:26929282:T:G,6050462,-0.0639312714338302,0.0040872073732316,computed (both variants usable),SBP
2:20878820:T:C,2:27920064:C:T,7041244,0.0200226493179798,0.0004009064869023,computed (both variants usable),SBP
2:20878820:T:C,2:28629367:G:C,7750547,0.0085188979282975,7.257162360474467e-05,computed (both variants usable),SBP
2:20878820:T:C,2:28635740:T:C,7756920,0.0027685521636158,7.664881195523776e-06,computed (both variants usable),SBP
2:25276284:G:A,2:26914364:C:T,1638080,-0.0448541194200515,0.0020118919201195,computed (both variants usable),SBP
2:25276284:G:A,2:26923568:T:C,1647284,-0.0403609089553356,0.0016290029743686,computed (both variants usable),SBP
2:25276284:G:A,2:26929282:T:G,1652998,-0.0410667285323143,0.0016864761710166,computed (both variants usable),SBP
2:25276284:G:A,2:27920064:C:T,2643780,-0.0517686270177364,0.0026799908373504,computed (both variants usable),SBP
2:25276284:G:A,2:28629367:G:C,3353083,-0.0005875766510143,3.452463204212109e-07,computed (both variants usable),SBP
2:25276284:G:A,2:28635740:T:C,3359456,-0.0086433254182338,7.470707350876182e-05,computed (both variants usable),SBP
2:26914364:C:T,2:26923568:T:C,9204,0.9938532710075378,0.9877443313598632,computed (both variants usable),SBP
2:26914364:C:T,2:26929282:T:G,14918,0.9753695726394652,0.9513458013534546,computed (both variants usable),SBP
2:26914364:C:T,2:27920064:C:T,1005700,0.0306905005127191,0.0009419068228453,computed (both variants usable),SBP
2:26914364:C:T,2:28629367:G:C,1715003,-0.0212958734482526,0.00045351422159,computed (both variants usable),SBP
2:26914364:C:T,2:28635740:T:C,1721376,-0.0140275731682777,0.0001967728021554,computed (both variants usable),SBP
2:26914364:C:T,2:36585272:G:A,9670908,-0.0155733488500118,0.0002425291895633,computed (both variants usable),SBP
2:26923568:T:C,2:26929282:T:G,5714,0.981484353542328,0.9633115530014038,computed (both variants usable),SBP
2:26923568:T:C,2:27920064:C:T,996496,0.028298944234848,0.0008008302538655,computed (both variants usable),SBP
2:26923568:T:C,2:28629367:G:C,1705799,-0.0184120368212461,0.0003390031051822,computed (both variants usable),SBP
2:26923568:T:C,2:28635740:T:C,1712172,-0.0115301636978983,0.0001329446677118,computed (both variants usable),SBP
2:26923568:T:C,2:36585272:G:A,9661704,-0.0195896364748477,0.0003837538533844,computed (both variants usable),SBP
2:26929282:T:G,2:27920064:C:T,990782,0.0302040986716747,0.0009122875635512,computed (both variants usable),SBP
2:26929282:T:G,2:28629367:G:C,1700085,-0.0242609847337007,0.0005885954014956,computed (both variants usable),SBP
2:26929282:T:G,2:28635740:T:C,1706458,-0.0174616388976573,0.000304908840917,computed (both variants usable),SBP
2:26929282:T:G,2:36585272:G:A,9655990,-0.0138701340183615,0.000192380612134,computed (both variants usable),SBP
2:27920064:C:T,2:28629367:G:C,709303,0.051637165248394,0.0026663967873901,computed (both variants usable),SBP
2:27920064:C:T,2:28635740:T:C,715676,0.0332266651093959,0.0011040113167837,computed (both variants usable),SBP
2:27920064:C:T,2:36585272:G:A,8665208,0.0025545130483806,6.525536718982039e-06,computed (both variants usable),SBP
2:28629367:G:C,2:28635740:T:C,6373,0.9314387440681458,0.8675781488418579,computed (both variants usable),SBP
2:28629367:G:C,2:36585272:G:A,7955905,-0.0041382168419659,1.7124839359894395e-05,computed (both variants usable),SBP
2:28629367:G:C,2:37980859:G:C,9351492,0.0093775177374482,8.793784218141809e-05,computed (both variants usable),SBP
2:28629367:G:C,2:37984970:T:A,9355603,-0.011671993881464,0.0001362354378215,computed (both variants usable),SBP
2:28635740:T:C,2:36585272:G:A,7949532,0.0080367904156446,6.458999996539205e-05,computed (both variants usable),SBP
2:28635740:T:C,2:37980859:G:C,9345119,0.0390182510018348,0.0015224239323288,computed (both variants usable),SBP
2:28635740:T:C,2:37984970:T:A,9349230,0.0067227403633296,4.519523645285517e-05,computed (both variants usable),SBP
2:36585272:G:A,2:37980859:G:C,1395587,0.0452645048499107,0.0020488754380494,computed (both variants usable),SBP
2:36585272:G:A,2:37984970:T:A,1399698,-0.0125706661492586,0.0001580216485308,computed (both variants usable),SBP
2:36585272:G:A,2:40525932:C:T,3940660,-0.0518359914422035,0.002686969935894,computed (both variants usable),SBP
2:36585272:G:A,2:40527128:T:G,3941856,-0.0122307082638144,0.0001495902251917,computed (both variants usable),SBP
2:36585272:G:A,2:40614339:G:T,4029067,0.0079605318605899,6.337006925605237e-05,computed (both variants usable),SBP
2:36585272:G:A,2:43166683:G:A,6581411,0.0267763752490282,0.0007169742602854,computed (both variants usable),SBP
2:36585272:G:A,2:43196694:A:T,6611422,0.0267763845622539,0.0007169747841544,computed (both variants usable),SBP
2:36585272:G:A,2:43582074:C:G,6996802,-0.0177932903170585,0.0003166011883877,computed (both variants usable),SBP
2:36585272:G:A,2:43625184:T:A,7039912,0.0455224439501762,0.0020722928456962,computed (both variants usable),SBP
2:36585272:G:A,2:43732347:C:T,7147075,0.0040094326250255,1.6075549865490757e-05,computed (both variants usable),SBP
2:36585272:G:A,2:45985859:A:G,9400587,0.0217212196439504,0.0004718113923445,computed (both variants usable),SBP
2:36585272:G:A,2:46353166:A:G,9767894,0.0011293590068817,1.2754517229041085e-06,computed (both variants usable),SBP
2:36585272:G:A,2:46363336:A:C,9778064,-0.0242321044206619,0.0005871948669664,computed (both variants usable),SBP
2:36585272:G:A,2:46374181:G:A,9788909,-0.0204168744385242,0.0004168487503193,computed (both variants usable),SBP
2:37980859:G:C,2:37984970:T:A,4111,0.4223514199256897,0.1783807277679443,computed (both variants usable),SBP
2:37980859:G:C,2:40525932:C:T,2545073,0.073776826262474,0.0054430202580988,computed (both variants usable),SBP
2:37980859:G:C,2:40527128:T:G,2546269,0.0476465076208114,0.0022701895795762,computed (both variants usable),SBP
2:37980859:G:C,2:40614339:G:T,2633480,-0.0634607300162315,0.0040272641927003,computed (both variants usable),SBP
2:37980859:G:C,2:43166683:G:A,5185824,-0.0436272211372852,0.0019033343996852,computed (both variants usable),SBP
2:37980859:G:C,2:43196694:A:T,5215835,-0.0436272323131561,0.0019033354474231,computed (both variants usable),SBP
2:37980859:G:C,2:43582074:C:G,5601215,0.0269547309726476,0.0007265575113706,computed (both variants usable),SBP
2:37980859:G:C,2:43625184:T:A,5644325,0.006211144849658,3.857832052744925e-05,computed (both variants usable),SBP
2:37980859:G:C,2:43732347:C:T,5751488,0.0347943566739559,0.0012106472859159,computed (both variants usable),SBP
2:37980859:G:C,2:45985859:A:G,8005000,0.0007997518405318,6.396030016730947e-07,computed (both variants usable),SBP
2:37980859:G:C,2:46353166:A:G,8372307,-0.0217749420553445,0.000474148109788,computed (both variants usable),SBP
2:37980859:G:C,2:46363336:A:C,8382477,-0.0297827441245317,0.0008870118763297,computed (both variants usable),SBP
2:37980859:G:C,2:46374181:G:A,8393322,-0.0271379835903644,0.0007364701596088,computed (both variants usable),SBP
2:37984970:T:A,2:40525932:C:T,2540962,0.0363472662866115,0.0013211237965151,computed (both variants usable),SBP
2:37984970:T:A,2:40527128:T:G,2542158,0.030960239470005,0.0009585364023223,computed (both variants usable),SBP
2:37984970:T:A,2:40614339:G:T,2629369,0.0011260780738666,1.2680518466368085e-06,computed (both variants usable),SBP
2:37984970:T:A,2:43166683:G:A,5181713,-0.0107272369787096,0.000115073613415,computed (both variants usable),SBP
2:37984970:T:A,2:43196694:A:T,5211724,-0.002985720988363,8.914529644243885e-06,computed (both variants usable),SBP
2:37984970:T:A,2:43582074:C:G,5597104,0.0236504338681697,0.0005593430250883,computed (both variants usable),SBP
2:37984970:T:A,2:43625184:T:A,5640214,0.0171681679785251,0.0002947459870483,computed (both variants usable),SBP
2:37984970:T:A,2:43732347:C:T,5747377,0.0201178602874279,0.0004047283146064,computed (both variants usable),SBP
2:37984970:T:A,2:45985859:A:G,8000889,0.0458780974149704,0.0021047997288405,computed (both variants usable),SBP
2:37984970:T:A,2:46353166:A:G,8368196,0.0036687981337308,1.3460079571814276e-05,computed (both variants usable),SBP
2:37984970:T:A,2:46363336:A:C,8378366,-0.0045844628475606,2.1017300241510384e-05,computed (both variants usable),SBP
2:37984970:T:A,2:46374181:G:A,8389211,0.0015216905158013,2.315542133146664e-06,computed (both variants usable),SBP
2:40525932:C:T,2:40527128:T:G,1196,0.8124527931213379,0.6600795388221741,computed (both variants usable),SBP
2:40525932:C:T,2:40614339:G:T,88407,-0.3380142152309418,0.1142536103725433,computed (both variants usable),SBP
2:40525932:C:T,2:43166683:G:A,2640751,-0.0320444963872432,0.0010268497280776,computed (both variants usable),SBP
2:40525932:C:T,2:43196694:A:T,2670762,-0.0543383657932281,0.0029526581056416,computed (both variants usable),SBP
2:40525932:C:T,2:43582074:C:G,3056142,0.0410140566527843,0.00168215285521,computed (both variants usable),SBP
2:40525932:C:T,2:43625184:T:A,3099252,0.0583572164177894,0.0034055646974593,computed (both variants usable),SBP
2:40525932:C:T,2:43732347:C:T,3206415,0.045897252857685,0.0021065578330308,computed (both variants usable),SBP
2:40525932:C:T,2:45985859:A:G,5459927,0.0320483297109603,0.001027095480822,computed (both variants usable),SBP
2:40525932:C:T,2:46353166:A:G,5827234,0.0445675179362297,0.0019862635526806,computed (both variants usable),SBP
2:40525932:C:T,2:46363336:A:C,5837404,-0.0236678812652826,0.000560168584343,computed (both variants usable),SBP
2:40525932:C:T,2:46374181:G:A,5848249,-0.0037887687794864,1.4354768609337045e-05,computed (both variants usable),SBP
2:40525932:C:T,2:50436306:C:T,9910374,-0.0032267770729959,1.0412089977762662e-05,computed (both variants usable),SBP
2:40527128:T:G,2:40614339:G:T,87211,-0.3167193233966827,0.100311130285263,computed (both variants usable),SBP
2:40527128:T:G,2:43166683:G:A,2639555,-0.0003792541101574,1.4383367386017198e-07,computed (both variants usable),SBP
2:40527128:T:G,2:43196694:A:T,2669566,-0.0162779912352561,0.0002649730013217,computed (both variants usable),SBP
2:40527128:T:G,2:43582074:C:G,3054946,0.0387213677167892,0.0014993443619459,computed (both variants usable),SBP
2:40527128:T:G,2:43625184:T:A,3098056,0.0353078506886959,0.0012466443004086,computed (both variants usable),SBP
2:40527128:T:G,2:43732347:C:T,3205219,0.0247110947966575,0.0006106381770223,computed (both variants usable),SBP
2:40527128:T:G,2:45985859:A:G,5458731,0.0356196425855159,0.0012687589041888,computed (both variants usable),SBP
2:40527128:T:G,2:46353166:A:G,5826038,0.0457255356013774,0.0020908245351165,computed (both variants usable),SBP
2:40527128:T:G,2:46363336:A:C,5836208,0.0111684873700141,0.0001247351028723,computed (both variants usable),SBP
2:40527128:T:G,2:46374181:G:A,5847053,0.0029784359503537,8.871080353856087e-06,computed (both variants usable),SBP
2:40527128:T:G,2:50436306:C:T,9909178,-0.0036229030229151,1.3125426448823418e-05,computed (both variants usable),SBP
2:40614339:G:T,2:43166683:G:A,2552344,0.0173637233674526,0.0003014988906215,computed (both variants usable),SBP
2:40614339:G:T,2:43196694:A:T,2582355,0.0389646328985691,0.0015182426432147,computed (both variants usable),SBP
2:40614339:G:T,2:43582074:C:G,2967735,0.0328501909971237,0.0010791349923238,computed (both variants usable),SBP
2:40614339:G:T,2:43625184:T:A,3010845,-0.0375887863337993,0.0014129168121144,computed (both variants usable),SBP
2:40614339:G:T,2:43732347:C:T,3118008,0.0065050860866904,4.23161436629016e-05,computed (both variants usable),SBP
2:40614339:G:T,2:45985859:A:G,5371520,-0.009794664569199,9.593545109964909e-05,computed (both variants usable),SBP
2:40614339:G:T,2:46353166:A:G,5738827,-0.0442165546119213,0.0019551035948097,computed (both variants usable),SBP
2:40614339:G:T,2:46363336:A:C,5748997,0.014147862792015,0.0002001620159717,computed (both variants usable),SBP
2:40614339:G:T,2:46374181:G:A,5759842,-0.0038036273326724,1.4467580513155552e-05,computed (both variants usable),SBP
2:40614339:G:T,2:50436306:C:T,9821967,-0.0267163403332233,0.0007137628272175,computed (both variants usable),SBP
2:43166683:G:A,2:43196694:A:T,30011,0.948040783405304,0.8987812995910645,computed (both variants usable),SBP
2:43166683:G:A,2:43582074:C:G,415391,-0.0267661921679973,0.0007164290291257,computed (both variants usable),SBP
2:43166683:G:A,2:43625184:T:A,458501,0.0185125526040792,0.000342714600265,computed (both variants usable),SBP
2:43166683:G:A,2:43732347:C:T,565664,-0.0349066145718097,0.0012184717925265,computed (both variants usable),SBP
2:43166683:G:A,2:45985859:A:G,2819176,0.0033689523115754,1.134983995143557e-05,computed (both variants usable),SBP
2:43166683:G:A,2:46353166:A:G,3186483,0.0182530637830495,0.0003331743355374,computed (both variants usable),SBP
2:43166683:G:A,2:46363336:A:C,3196653,-0.0223927590996027,0.0005014356574974,computed (both variants usable),SBP
2:43166683:G:A,2:46374181:G:A,3207498,-0.0169747024774551,0.0002881405234802,computed (both variants usable),SBP
2:43166683:G:A,2:50436306:C:T,7269623,0.0148158194497227,0.0002195085107814,computed (both variants usable),SBP
2:43196694:A:T,2:43582074:C:G,385380,-0.004767136182636,2.2725587768945843e-05,computed (both variants usable),SBP
2:43196694:A:T,2:43625184:T:A,428490,0.0266027711331844,0.000707707426045,computed (both variants usable),SBP
2:43196694:A:T,2:43732347:C:T,535653,-0.0123480781912803,0.0001524750405224,computed (both variants usable),SBP
2:43196694:A:T,2:45985859:A:G,2789165,0.0121950209140777,0.0001487185363657,computed (both variants usable),SBP
2:43196694:A:T,2:46353166:A:G,3156472,-0.0049123540520668,2.4131222744472325e-05,computed (both variants usable),SBP
2:43196694:A:T,2:46363336:A:C,3166642,-0.022392788901925,0.0005014369962736,computed (both variants usable),SBP
2:43196694:A:T,2:46374181:G:A,3177487,-0.0169747043401002,0.0002881405816879,computed (both variants usable),SBP
2:43196694:A:T,2:50436306:C:T,7239612,0.0065445555374026,4.283120870240964e-05,computed (both variants usable),SBP
2:43582074:C:G,2:43625184:T:A,43110,0.6943935751914978,0.4821824431419372,computed (both variants usable),SBP
2:43582074:C:G,2:43732347:C:T,150273,0.8226425647735596,0.6767407655715942,computed (both variants usable),SBP
2:43582074:C:G,2:45985859:A:G,2403785,-0.0275333691388368,0.0007580863893963,computed (both variants usable),SBP
2:43582074:C:G,2:46353166:A:G,2771092,-0.0470375828444957,0.0022125341929495,computed (both variants usable),SBP
2:43582074:C:G,2:46363336:A:C,2781262,-0.0129652880132198,0.0001680986897554,computed (both variants usable),SBP
2:43582074:C:G,2:46374181:G:A,2792107,-0.0107089839875698,0.0001146823415183,computed (both variants usable),SBP
2:43582074:C:G,2:50436306:C:T,6854232,-0.0221866574138402,0.0004922477528452,computed (both variants usable),SBP
2:43625184:T:A,2:43732347:C:T,107163,0.7634702920913696,0.5828868746757507,computed (both variants usable),SBP
2:43625184:T:A,2:45985859:A:G,2360675,-0.0112675810232758,0.0001269583881366,computed (both variants usable),SBP
2:43625184:T:A,2:46353166:A:G,2727982,-0.0252518486231565,0.0006376558449119,computed (both variants usable),SBP
2:43625184:T:A,2:46363336:A:C,2738152,-0.023789582774043,0.0005659442394971,computed (both variants usable),SBP
2:43625184:T:A,2:46374181:G:A,2748997,-0.0256051085889339,0.0006556215812452,computed (both variants usable),SBP
2:43625184:T:A,2:50436306:C:T,6811122,-0.0034821301233023,1.212523056892678e-05,computed (both variants usable),SBP
2:43732347:C:T,2:45985859:A:G,2253512,-0.0176694802939891,0.0003122105263173,computed (both variants usable),SBP
2:43732347:C:T,2:46353166:A:G,2620819,-0.0427771657705307,0.0018298858776688,computed (both variants usable),SBP
2:43732347:C:T,2:46363336:A:C,2630989,-0.0471447333693504,0.0022226257715374,computed (both variants usable),SBP
2:43732347:C:T,2:46374181:G:A,2641834,-0.0385557860136032,0.0014865486882627,computed (both variants usable),SBP
2:43732347:C:T,2:50436306:C:T,6703959,0.0065492587164044,4.289278876967728e-05,computed (both variants usable),SBP
2:45985859:A:G,2:46353166:A:G,367307,-0.0309960972517728,0.000960758072324,computed (both variants usable),SBP
2:45985859:A:G,2:46363336:A:C,377477,-0.0238717477768659,0.0005698603345081,computed (both variants usable),SBP
2:45985859:A:G,2:46374181:G:A,388322,-0.0332740098237991,0.0011071597691625,computed (both variants usable),SBP
2:45985859:A:G,2:50436306:C:T,4450447,0.0096982708200812,9.405645687365904e-05,computed (both variants usable),SBP
2:46353166:A:G,2:46363336:A:C,10170,-0.2441889345645904,0.0596282370388507,computed (both variants usable),SBP
2:46353166:A:G,2:46374181:G:A,21015,-0.1025821641087532,0.0105231003835797,computed (both variants usable),SBP
2:46353166:A:G,2:50436306:C:T,4083140,0.0268332604318857,0.000720023876056,computed (both variants usable),SBP
2:46363336:A:C,2:46374181:G:A,10845,0.8466408252716064,0.7168006896972656,computed (both variants usable),SBP
2:46363336:A:C,2:50436306:C:T,4072970,0.0190729107707738,0.000363775936421,computed (both variants usable),SBP
2:46374181:G:A,2:50436306:C:T,4062125,0.0231421291828155,0.0005355581524781,computed (both variants usable),SBP
2:50436306:C:T,2:60010463:C:T,9574157,-0.0338879749178886,0.0011483948910608,computed (both variants usable),SBP
2:50436306:C:T,2:60014759:T:C,9578453,-0.058568425476551,0.0034302605781704,computed (both variants usable),SBP
2:60010463:C:T,2:60014759:T:C,4296,0.774222731590271,0.5994208455085754,computed (both variants usable),SBP
2:60010463:C:T,2:64909691:A:G,4899228,0.0214603804051876,0.0004605479189194,computed (both variants usable),SBP
2:60010463:C:T,2:64935357:G:C,4924894,0.0186609402298927,0.0003482306783553,computed (both variants usable),SBP
2:60010463:C:T,2:65276452:T:C,5265989,-0.0167374610900878,0.0002801426162477,computed (both variants usable),SBP
2:60010463:C:T,2:65287896:A:G,5277433,-0.0104545298963785,0.0001092971942853,computed (both variants usable),SBP
2:60010463:C:T,2:69005923:C:T,8995460,-0.0290027372539043,0.0008411587914451,computed (both variants usable),SBP
2:60010463:C:T,2:69014347:C:G,9003884,0.0431664176285266,0.0018633395666256,computed (both variants usable),SBP
2:60014759:T:C,2:64909691:A:G,4894932,0.0111423013731837,0.0001241508871316,computed (both variants usable),SBP
2:60014759:T:C,2:64935357:G:C,4920598,-0.0081507209688425,6.643425149377435e-05,computed (both variants usable),SBP
2:60014759:T:C,2:65276452:T:C,5261693,-0.0023399218916893,5.475234502227977e-06,computed (both variants usable),SBP
2:60014759:T:C,2:65287896:A:G,5273137,0.0040935268625617,1.675696148595307e-05,computed (both variants usable),SBP
2:60014759:T:C,2:69005923:C:T,8991164,-0.0481683351099491,0.002320188563317,computed (both variants usable),SBP
2:60014759:T:C,2:69014347:C:G,8999588,0.0350931510329246,0.0012315292842686,computed (both variants usable),SBP
2:64909691:A:G,2:64935357:G:C,25666,0.8805010318756104,0.775282084941864,computed (both variants usable),SBP
2:64909691:A:G,2:65276452:T:C,366761,-0.0520396344363689,0.0027081235311925,computed (both variants usable),SBP
2:64909691:A:G,2:65287896:A:G,378205,-0.0592139214277267,0.0035062883980572,computed (both variants usable),SBP
2:64909691:A:G,2:69005923:C:T,4096232,-0.0068391151726245,4.677349716075696e-05,computed (both variants usable),SBP
2:64909691:A:G,2:69014347:C:G,4104656,-0.0373891554772853,0.0013979489449411,computed (both variants usable),SBP
2:64935357:G:C,2:65276452:T:C,341095,-0.0246591530740261,0.0006080738385207,computed (both variants usable),SBP
2:64935357:G:C,2:65287896:A:G,352539,-0.0303291846066713,0.0009198594489134,computed (both variants usable),SBP
2:64935357:G:C,2:69005923:C:T,4070566,-0.0281864162534475,0.0007944740355014,computed (both variants usable),SBP
2:64935357:G:C,2:69014347:C:G,4078990,-0.0022082459181547,4.876349976257188e-06,computed (both variants usable),SBP
2:65276452:T:C,2:65287896:A:G,11444,0.9748939275741576,0.9504181742668152,computed (both variants usable),SBP
2:65276452:T:C,2:69005923:C:T,3729471,-0.0252414941787719,0.0006371330237016,computed (both variants usable),SBP
2:65276452:T:C,2:69014347:C:G,3737895,0.0597028322517871,0.0035644280724227,computed (both variants usable),SBP
2:65287896:A:G,2:69005923:C:T,3718027,-0.0282887015491724,0.0008002506219781,computed (both variants usable),SBP
2:65287896:A:G,2:69014347:C:G,3726451,0.0627749934792518,0.003940699622035,computed (both variants usable),SBP
2:69005923:C:T,2:69014347:C:G,8424,-0.6886510848999023,0.4742403030395508,computed (both variants usable),SBP
2:112689281:A:G,2:112744260:C:T,54979,0.892687201499939,0.7968904376029968,computed (both variants usable),SBP
2:112689281:A:G,2:112769721:G:A,80440,0.891950249671936,0.7955752611160278,computed (both variants usable),SBP
2:112689281:A:G,2:114082175:A:G,1392894,0.0317012034356594,0.0010049663251265,computed (both variants usable),SBP
2:112744260:C:T,2:112769721:G:A,25461,0.9905831217765808,0.9812549352645874,computed (both variants usable),SBP
2:112744260:C:T,2:114082175:A:G,1337915,0.0267133954912424,0.0007136054919101,computed (both variants usable),SBP
2:112769721:G:A,2:114082175:A:G,1312454,0.028995918110013,0.0008407632703892,computed (both variants usable),SBP
2:145720139:A:G,2:145796251:G:A,76112,-0.4740222990512848,0.2246971428394317,computed (both variants usable),SBP
2:145720139:A:G,2:145807415:G:A,87276,0.4162235260009765,0.1732420176267624,computed (both variants usable),SBP
2:145796251:G:A,2:145807415:G:A,11164,-0.8558295965194702,0.7324442863464355,computed (both variants usable),SBP
2:164954174:T:A,2:165008166:C:G,53992,0.6066156625747681,0.3679825663566589,computed (both variants usable),SBP
2:164954174:T:A,2:165085214:C:T,131040,-0.7394907474517822,0.5468465685844421,computed (both variants usable),SBP
2:165008166:C:G,2:165085214:C:T,77048,-0.5702763795852661,0.3252151608467102,computed (both variants usable),SBP
2:175529967:C:G,2:175558804:G:A,28837,0.8052383661270142,0.648408830165863,computed (both variants usable),SBP
2:175529967:C:G,2:180715706:T:A,5185739,0.0529193840920925,0.0028004611376672,computed (both variants usable),SBP
2:175529967:C:G,2:180720513:C:G,5190546,0.0633578971028328,0.0040142233483493,computed (both variants usable),SBP
2:175529967:C:G,2:181567556:T:A,6037589,0.0407768078148365,0.0016627480508759,computed (both variants usable),SBP
2:175529967:C:G,2:182996188:A:G,7466221,0.0013612158363685,1.852908553701127e-06,computed (both variants usable),SBP
2:175558804:G:A,2:180715706:T:A,5156902,0.0289571918547153,0.0008385189576074,computed (both variants usable),SBP
2:175558804:G:A,2:180720513:C:G,5161709,0.037001296877861,0.0013690959895029,computed (both variants usable),SBP
2:175558804:G:A,2:181567556:T:A,6008752,0.0523785203695297,0.0027435093652457,computed (both variants usable),SBP
2:175558804:G:A,2:182996188:A:G,7437384,-0.0037971411366015,1.441828044335125e-05,computed (both variants usable),SBP
2:180715706:T:A,2:180720513:C:G,4807,0.8842312097549438,0.7818648219108582,computed (both variants usable),SBP
2:180715706:T:A,2:181567556:T:A,851850,-0.0334679670631885,0.0011201048037037,computed (both variants usable),SBP
2:180715706:T:A,2:182996188:A:G,2280482,-0.0192837789654731,0.0003718641237355,computed (both variants usable),SBP
2:180715706:T:A,2:187819603:T:C,7103897,-0.0620903372764587,0.0038552100304514,computed (both variants usable),SBP
2:180715706:T:A,2:190445194:G:C,9729488,0.0067697181366384,4.5829085138393566e-05,computed (both variants usable),SBP
2:180720513:C:G,2:181567556:T:A,847043,-0.0189494639635086,0.0003590821870602,computed (both variants usable),SBP
2:180720513:C:G,2:182996188:A:G,2275675,-0.0348873697221279,0.0012171285925433,computed (both variants usable),SBP
2:180720513:C:G,2:187819603:T:C,7099090,-0.0614787675440311,0.0037796387914568,computed (both variants usable),SBP
2:180720513:C:G,2:190445194:G:C,9724681,0.0148502169176936,0.0002205289492849,computed (both variants usable),SBP
2:181567556:T:A,2:182996188:A:G,1428632,-0.0225349552929401,0.0005078241811133,computed (both variants usable),SBP
2:181567556:T:A,2:187819603:T:C,6252047,0.0341993458569049,0.0011695952853187,computed (both variants usable),SBP
2:181567556:T:A,2:190445194:G:C,8877638,0.0071045351214706,5.0474420277168974e-05,computed (both variants usable),SBP
2:181567556:T:A,2:191567541:G:C,9999985,-0.0282115563750267,0.0007958919159136,computed (both variants usable),SBP
2:182996188:A:G,2:187819603:T:C,4823415,0.0074991481378674,5.623722245218232e-05,computed (both variants usable),SBP
2:182996188:A:G,2:190445194:G:C,7449006,0.0313956215977668,0.000985685037449,computed (both variants usable),SBP
2:182996188:A:G,2:191567541:G:C,8571353,-0.010497884824872,0.0001102055830415,computed (both variants usable),SBP
2:182996188:A:G,2:191623236:G:A,8627048,-0.0115902395918965,0.0001343336480204,computed (both variants usable),SBP
2:182996188:A:G,2:191835596:T:G,8839408,0.0360074713826179,0.0012965380446985,computed (both variants usable),SBP
2:187819603:T:C,2:190445194:G:C,2625591,0.0185086652636528,0.0003425706818234,computed (both variants usable),SBP
2:187819603:T:C,2:191567541:G:C,3747938,0.0209146067500114,0.0004374207637738,computed (both variants usable),SBP
2:187819603:T:C,2:191623236:G:A,3803633,0.0174875874072313,0.000305815716274,computed (both variants usable),SBP
2:187819603:T:C,2:191835596:T:G,4015993,0.0001363716728519,1.8597233975015115e-08,computed (both variants usable),SBP
2:190445194:G:C,2:191567541:G:C,1122347,-0.0353944264352321,0.0012527654180303,computed (both variants usable),SBP
2:190445194:G:C,2:191623236:G:A,1178042,-0.0365921072661876,0.0013389822561293,computed (both variants usable),SBP
2:190445194:G:C,2:191835596:T:G,1390402,-0.0175534170120954,0.0003081224567722,computed (both variants usable),SBP
2:191567541:G:C,2:191623236:G:A,55695,0.9653573036193848,0.931914746761322,computed (both variants usable),SBP
2:191567541:G:C,2:191835596:T:G,268055,-0.4185659289360046,0.1751974374055862,computed (both variants usable),SBP
2:191623236:G:A,2:191835596:T:G,212360,-0.4294286370277405,0.1844089478254318,computed (both variants usable),SBP
2:204085635:C:T,2:207996447:T:C,3910812,0.0285497307777404,0.0008150871144607,computed (both variants usable),SBP
2:204085635:C:T,2:208402750:T:C,4317115,-0.0046383766457438,2.151453736587428e-05,computed (both variants usable),SBP
2:204085635:C:T,2:208501509:A:T,4415874,0.0152196045964956,0.000231636367971,computed (both variants usable),SBP
2:204085635:C:T,2:208855135:A:G,4769500,0.0185555461794137,0.000344308296917,computed (both variants usable),SBP
2:204085635:C:T,2:208882584:C:T,4796949,0.03011055290699,0.0009066453785635,computed (both variants usable),SBP
2:204085635:C:T,2:208886206:G:A,4800571,0.0274426713585853,0.0007531002047471,computed (both variants usable),SBP
2:207996447:T:C,2:208402750:T:C,406303,0.0373234786093235,0.0013930420391261,computed (both variants usable),SBP
2:207996447:T:C,2:208501509:A:T,505062,0.0198707729578018,0.000394847622374,computed (both variants usable),SBP
2:207996447:T:C,2:208855135:A:G,858688,0.0309203639626503,0.0009560689213685,computed (both variants usable),SBP
2:207996447:T:C,2:208882584:C:T,886137,0.025193078443408,0.0006346912123262,computed (both variants usable),SBP
2:207996447:T:C,2:208886206:G:A,889759,0.0323409885168075,0.0010459395125508,computed (both variants usable),SBP
2:207996447:T:C,2:216300482:T:A,8304035,-0.0077035292051732,5.934436194365844e-05,computed (both variants usable),SBP
2:207996447:T:C,2:217681961:G:A,9685514,0.0348026230931282,0.0012112226104363,computed (both variants usable),SBP
2:208402750:T:C,2:208501509:A:T,98759,0.9205715656280518,0.8474519848823547,computed (both variants usable),SBP
2:208402750:T:C,2:208855135:A:G,452385,-0.0175099689513444,0.0003065990167669,computed (both variants usable),SBP
2:208402750:T:C,2:208882584:C:T,479834,-0.0302239693701267,0.0009134883293882,computed (both variants usable),SBP
2:208402750:T:C,2:208886206:G:A,483456,-0.0330833606421947,0.0010945087997242,computed (both variants usable),SBP
2:208402750:T:C,2:216300482:T:A,7897732,-0.0102971112355589,0.0001060305003193,computed (both variants usable),SBP
2:208402750:T:C,2:217681961:G:A,9279211,0.0028075869195163,7.882544196036179e-06,computed (both variants usable),SBP
2:208501509:A:T,2:208855135:A:G,353626,-0.033312976360321,0.0011097544338554,computed (both variants usable),SBP
2:208501509:A:T,2:208882584:C:T,381075,-0.0463045835494995,0.0021441143471747,computed (both variants usable),SBP
2:208501509:A:T,2:208886206:G:A,384697,-0.0490348301827907,0.0024044145829975,computed (both variants usable),SBP
2:208501509:A:T,2:216300482:T:A,7798973,-0.0187528207898139,0.0003516682772897,computed (both variants usable),SBP
2:208501509:A:T,2:217681961:G:A,9180452,0.0031644026748836,1.001344389806036e-05,computed (both variants usable),SBP
2:208855135:A:G,2:208882584:C:T,27449,0.9714545607566832,0.9437239766120912,computed (both variants usable),SBP
2:208855135:A:G,2:208886206:G:A,31071,0.9667760729789734,0.9346559643745422,computed (both variants usable),SBP
2:208855135:A:G,2:216300482:T:A,7445347,-0.0006349754403345,4.0319380900655233e-07,computed (both variants usable),SBP
2:208855135:A:G,2:217681961:G:A,8826826,-0.0475840382277965,0.0022642407566308,computed (both variants usable),SBP
2:208882584:C:T,2:208886206:G:A,3622,0.9952244758605956,0.9904717803001404,computed (both variants usable),SBP
2:208882584:C:T,2:216300482:T:A,7417898,0.0032706293277442,1.0697016477934085e-05,computed (both variants usable),SBP
2:208882584:C:T,2:217681961:G:A,8799377,-0.0443027801811695,0.00196273624897,computed (both variants usable),SBP
2:208886206:G:A,2:216300482:T:A,7414276,0.0049533359706401,2.453553679515608e-05,computed (both variants usable),SBP
2:208886206:G:A,2:217681961:G:A,8795755,-0.0389004088938236,0.001513241790235,computed (both variants usable),SBP
2:216300482:T:A,2:217681961:G:A,1381479,0.0162279307842254,0.0002633457479532,computed (both variants usable),SBP
2:216300482:T:A,2:219186462:T:C,2885980,-0.0187778696417808,0.0003526083892211,computed (both variants usable),SBP
2:217681961:G:A,2:219186462:T:C,1504501,-0.072193942964077,0.0052119651809334,computed (both variants usable),SBP
2:239864510:C:T,2:242173916:G:A,2309406,-0.0053734234534204,2.8873679184471257e-05,computed (both variants usable),SBP
2:239864510:C:T,2:242212033:G:C,2347523,0.0249526482075452,0.0006226346595212,computed (both variants usable),SBP
2:239864510:C:T,2:242212155:A:G,2347645,0.0266927052289247,0.000712500535883,computed (both variants usable),SBP
2:239864510:C:T,2:242236667:A:C,2372157,0.0129631897434592,0.0001680442946963,computed (both variants usable),SBP
2:239864510:C:T,2:242255378:G:A,2390868,-0.0163887087255716,0.0002685897634364,computed (both variants usable),SBP
2:239864510:C:T,2:242278018:A:T,2413508,0.0085798194631934,7.361330062849447e-05,computed (both variants usable),SBP
2:239864510:C:T,2:242316843:G:A,2452333,0.0085798194631934,7.361330062849447e-05,computed (both variants usable),SBP
2:239864510:C:T,2:242339656:A:G,2475146,0.0190050173550844,0.0003611906722653,computed (both variants usable),SBP
2:239864510:C:T,2:242345534:T:C,2481024,0.0001997682120418,3.9907337878730686e-08,computed (both variants usable),SBP
2:239864510:C:T,2:242378138:G:A,2513628,0.0079125082120299,6.260778900468722e-05,computed (both variants usable),SBP
2:239864510:C:T,2:242396033:A:G,2531523,-0.0313331112265586,0.0009817638201639,computed (both variants usable),SBP
2:239864510:C:T,2:242396087:A:T,2531577,-0.0195666383951902,0.0003828533517662,computed (both variants usable),SBP
2:239864510:C:T,2:242396804:T:C,2532294,0.0207956861704587,0.0004324605688452,computed (both variants usable),SBP
2:239864510:C:T,2:242399927:G:A,2535417,-0.0239378586411476,0.0005730210687033,computed (both variants usable),SBP
2:239864510:C:T,2:242400597:A:G,2536087,-0.0313331112265586,0.0009817638201639,computed (both variants usable),SBP
2:239864510:C:T,2:242401002:T:C,2536492,-0.0239378586411476,0.0005730210687033,computed (both variants usable),SBP
2:239864510:C:T,2:242403921:T:A,2539411,0.0056837615557014,3.2305146305589005e-05,computed (both variants usable),SBP
2:239864510:C:T,2:242404135:G:T,2539625,-0.0313331112265586,0.0009817638201639,computed (both variants usable),SBP
2:239864510:C:T,2:242404661:T:C,2540151,-0.0239378586411476,0.0005730210687033,computed (both variants usable),SBP
2:239864510:C:T,2:242409895:A:G,2545385,-0.0239378586411476,0.0005730210687033,computed (both variants usable),SBP
2:239864510:C:T,2:242409933:A:G,2545423,-0.0239378586411476,0.0005730210687033,computed (both variants usable),SBP
2:239864510:C:T,2:242410081:T:C,2545571,-0.0266155935823917,0.0007083897944539,computed (both variants usable),SBP
2:239864510:C:T,2:242410784:G:A,2546274,-0.0239378586411476,0.0005730210687033,computed (both variants usable),SBP
2:239864510:C:T,2:242410948:A:G,2546438,-0.0313331112265586,0.0009817638201639,computed (both variants usable),SBP
2:239864510:C:T,2:242411069:T:C,2546559,-0.0237700659781694,0.0005650160601362,computed (both variants usable),SBP
2:239864510:C:T,2:242411071:T:G,2546561,-0.0237700659781694,0.0005650160601362,computed (both variants usable),SBP
2:239864510:C:T,2:242411190:A:G,2546680,-0.0239378586411476,0.0005730210687033,computed (both variants usable),SBP
2:239864510:C:T,2:242411407:A:G,2546897,-0.0239378586411476,0.0005730210687033,computed (both variants usable),SBP
2:239864510:C:T,2:242411836:G:A,2547326,-0.0239378586411476,0.0005730210687033,computed (both variants usable),SBP
2:239864510:C:T,2:242412109:T:C,2547599,0.0056837615557014,3.2305146305589005e-05,computed (both variants usable),SBP
2:239864510:C:T,2:242413908:A:C,2549398,-0.0239378586411476,0.0005730210687033,computed (both variants usable),SBP
2:239864510:C:T,2:242415617:A:G,2551107,-0.0239378586411476,0.0005730210687033,computed (both variants usable),SBP
2:239864510:C:T,2:242416009:C:T,2551499,-0.0239378586411476,0.0005730210687033,computed (both variants usable),SBP
2:239864510:C:T,2:242418808:G:T,2554298,-0.0257837884128093,0.0006648037233389,computed (both variants usable),SBP
2:239864510:C:T,2:242422404:C:T,2557894,0.0091104237362742,8.299981709569693e-05,computed (both variants usable),SBP
2:239864510:C:T,2:242424110:T:C,2559600,-0.0239378586411476,0.0005730210687033,computed (both variants usable),SBP
2:239864510:C:T,2:242425585:T:G,2561075,-0.0239378586411476,0.0005730210687033,computed (both variants usable),SBP
2:239864510:C:T,2:242428809:G:T,2564299,-0.026199847459793,0.0006864320021122,computed (both variants usable),SBP
2:239864510:C:T,2:242428910:G:A,2564400,-0.026199847459793,0.0006864320021122,computed (both variants usable),SBP
2:239864510:C:T,2:242432704:G:C,2568194,-0.0280459243804216,0.0007865738589316,computed (both variants usable),SBP
2:239864510:C:T,2:242436238:C:T,2571728,-0.0369003564119339,0.0013616363285109,computed (both variants usable),SBP
2:239864510:C:T,2:242437375:T:C,2572865,-0.0251904893666505,0.0006345607689581,computed (both variants usable),SBP
2:239864510:C:T,2:242439071:G:A,2574561,-0.0280459243804216,0.0007865738589316,computed (both variants usable),SBP
2:239864510:C:T,2:242440663:G:A,2576153,-0.0257837828248739,0.0006648034323006,computed (both variants usable),SBP
2:239864510:C:T,2:242442847:C:G,2578337,-0.0233516078442335,0.0005452975747175,computed (both variants usable),SBP
2:239864510:C:T,2:242442856:G:A,2578346,-0.0256071910262107,0.00065572821768,computed (both variants usable),SBP
2:239864510:C:T,2:242443091:G:A,2578581,-0.0233516078442335,0.0005452975747175,computed (both variants usable),SBP
2:239864510:C:T,2:242444758:C:T,2580248,-0.0237701125442981,0.0005650182720273,computed (both variants usable),SBP
2:239864510:C:T,2:242445040:T:A,2580530,-0.0237701125442981,0.0005650182720273,computed (both variants usable),SBP
2:239864510:C:T,2:242445336:A:G,2580826,0.0269993748515844,0.0007289662607945,computed (both variants usable),SBP
2:239864510:C:T,2:242530571:C:T,2666061,0.0153747089207172,0.0002363816747674,computed (both variants usable),SBP
2:242173916:G:A,2:242212033:G:C,38117,0.3629097640514374,0.131703495979309,computed (both variants usable),SBP
2:242173916:G:A,2:242212155:A:G,38239,0.3504520356655121,0.1228166297078132,computed (both variants usable),SBP
2:242173916:G:A,2:242236667:A:C,62751,0.3604695498943329,0.1299382895231247,computed (both variants usable),SBP
2:242173916:G:A,2:242255378:G:A,81462,0.7449003458023071,0.5548765063285828,computed (both variants usable),SBP
2:242173916:G:A,2:242278018:A:T,104102,0.3538070023059845,0.1251793950796127,computed (both variants usable),SBP
2:242173916:G:A,2:242316843:G:A,142927,0.3538070023059845,0.1251793950796127,computed (both variants usable),SBP
2:242173916:G:A,2:242339656:A:G,165740,0.3496970236301422,0.1222880110144615,computed (both variants usable),SBP
2:242173916:G:A,2:242345534:T:C,171618,0.4253065288066864,0.1808856427669525,computed (both variants usable),SBP
2:242173916:G:A,2:242378138:G:A,204222,0.345712661743164,0.1195172443985939,computed (both variants usable),SBP
2:242173916:G:A,2:242396033:A:G,222117,0.706622302532196,0.499315083026886,computed (both variants usable),SBP
2:242173916:G:A,2:242396087:A:T,222171,0.6749364733695984,0.4555392563343048,computed (both variants usable),SBP
2:242173916:G:A,2:242396804:T:C,222888,0.408197820186615,0.1666254550218582,computed (both variants usable),SBP
2:242173916:G:A,2:242399927:G:A,226011,0.6966564059257507,0.4853301346302032,computed (both variants usable),SBP
2:242173916:G:A,2:242400597:A:G,226681,0.706622302532196,0.499315083026886,computed (both variants usable),SBP
2:242173916:G:A,2:242401002:T:C,227086,0.6966564059257507,0.4853301346302032,computed (both variants usable),SBP
2:242173916:G:A,2:242403921:T:A,230005,0.5820501446723938,0.3387823700904846,computed (both variants usable),SBP
2:242173916:G:A,2:242404135:G:T,230219,0.706622302532196,0.499315083026886,computed (both variants usable),SBP
2:242173916:G:A,2:242404661:T:C,230745,0.6966564059257507,0.4853301346302032,computed (both variants usable),SBP
2:242173916:G:A,2:242409895:A:G,235979,0.6966564059257507,0.4853301346302032,computed (both variants usable),SBP
2:242173916:G:A,2:242409933:A:G,236017,0.6966564059257507,0.4853301346302032,computed (both variants usable),SBP
2:242173916:G:A,2:242410081:T:C,236165,0.6933225393295288,0.4806961417198181,computed (both variants usable),SBP
2:242173916:G:A,2:242410784:G:A,236868,0.6966564059257507,0.4853301346302032,computed (both variants usable),SBP
2:242173916:G:A,2:242410948:A:G,237032,0.706622302532196,0.499315083026886,computed (both variants usable),SBP
2:242173916:G:A,2:242411069:T:C,237153,0.6664034128189087,0.4440934956073761,computed (both variants usable),SBP
2:242173916:G:A,2:242411071:T:G,237155,0.6664034128189087,0.4440934956073761,computed (both variants usable),SBP
2:242173916:G:A,2:242411190:A:G,237274,0.6966564059257507,0.4853301346302032,computed (both variants usable),SBP
2:242173916:G:A,2:242411407:A:G,237491,0.6966564059257507,0.4853301346302032,computed (both variants usable),SBP
2:242173916:G:A,2:242411836:G:A,237920,0.6966564059257507,0.4853301346302032,computed (both variants usable),SBP
2:242173916:G:A,2:242412109:T:C,238193,0.5820501446723938,0.3387823700904846,computed (both variants usable),SBP
2:242173916:G:A,2:242413908:A:C,239992,0.6966564059257507,0.4853301346302032,computed (both variants usable),SBP
2:242173916:G:A,2:242415617:A:G,241701,0.6966564059257507,0.4853301346302032,computed (both variants usable),SBP
2:242173916:G:A,2:242416009:C:T,242093,0.6966564059257507,0.4853301346302032,computed (both variants usable),SBP
2:242173916:G:A,2:242418808:G:T,244892,0.6950479745864868,0.4830916821956634,computed (both variants usable),SBP
2:242173916:G:A,2:242422404:C:T,248488,0.3654272258281708,0.1335370540618896,computed (both variants usable),SBP
2:242173916:G:A,2:242424110:T:C,250194,0.6966564059257507,0.4853301346302032,computed (both variants usable),SBP
2:242173916:G:A,2:242425585:T:G,251669,0.6966564059257507,0.4853301346302032,computed (both variants usable),SBP
2:242173916:G:A,2:242428809:G:T,254893,0.6941803097724915,0.4818862974643707,computed (both variants usable),SBP
2:242173916:G:A,2:242428910:G:A,254994,0.6941803097724915,0.4818862974643707,computed (both variants usable),SBP
2:242173916:G:A,2:242432704:G:C,258788,0.6925671100616455,0.4796492159366607,computed (both variants usable),SBP
2:242173916:G:A,2:242436238:C:T,262322,0.6977424025535583,0.4868444502353668,computed (both variants usable),SBP
2:242173916:G:A,2:242437375:T:C,263459,0.6981846690177917,0.4874618351459503,computed (both variants usable),SBP
2:242173916:G:A,2:242439071:G:A,265155,0.6925671100616455,0.4796492159366607,computed (both variants usable),SBP
2:242173916:G:A,2:242440663:G:A,266747,0.6909567713737488,0.4774212539196014,computed (both variants usable),SBP
2:242173916:G:A,2:242442847:C:G,268931,0.6753495335578918,0.4560970067977905,computed (both variants usable),SBP
2:242173916:G:A,2:242442856:G:A,268940,0.6729095578193665,0.4528072774410248,computed (both variants usable),SBP
2:242173916:G:A,2:242443091:G:A,269175,0.6753495335578918,0.4560970067977905,computed (both variants usable),SBP
2:242173916:G:A,2:242444758:C:T,270842,0.6745485067367554,0.4550156891345978,computed (both variants usable),SBP
2:242173916:G:A,2:242445040:T:A,271124,0.6745485067367554,0.4550156891345978,computed (both variants usable),SBP
2:242173916:G:A,2:242445336:A:G,271420,0.779205322265625,0.6071609258651733,computed (both variants usable),SBP
2:242173916:G:A,2:242530571:C:T,356655,0.0189138911664485,0.0003577352908905,computed (both variants usable),SBP
2:242212033:G:C,2:242212155:A:G,122,0.9873657822608948,0.974891185760498,computed (both variants usable),SBP
2:242212033:G:C,2:242236667:A:C,24634,0.963229238986969,0.927810549736023,computed (both variants usable),SBP
2:242212033:G:C,2:242255378:G:A,43345,0.4474214613437652,0.2001859694719314,computed (both variants usable),SBP
2:242212033:G:C,2:242278018:A:T,65985,0.94545578956604,0.8938866257667542,computed (both variants usable),SBP
2:242212033:G:C,2:242316843:G:A,104810,0.94545578956604,0.8938866257667542,computed (both variants usable),SBP
2:242212033:G:C,2:242339656:A:G,127623,0.90415358543396,0.8174936771392822,computed (both variants usable),SBP
2:242212033:G:C,2:242345534:T:C,133501,0.6468860507011414,0.4184615612030029,computed (both variants usable),SBP
2:242212033:G:C,2:242378138:G:A,166105,0.9376129508018494,0.879118025302887,computed (both variants usable),SBP
2:242212033:G:C,2:242396033:A:G,184000,0.5010576844215393,0.25105881690979,computed (both variants usable),SBP
2:242212033:G:C,2:242396087:A:T,184054,0.4362305402755737,0.1902970820665359,computed (both variants usable),SBP
2:242212033:G:C,2:242396804:T:C,184771,0.569599986076355,0.3244441449642181,computed (both variants usable),SBP
2:242212033:G:C,2:242399927:G:A,187894,0.4968633949756622,0.2468732297420501,computed (both variants usable),SBP
2:242212033:G:C,2:242400597:A:G,188564,0.5010576844215393,0.25105881690979,computed (both variants usable),SBP
2:242212033:G:C,2:242401002:T:C,188969,0.4968633949756622,0.2468732297420501,computed (both variants usable),SBP
2:242212033:G:C,2:242403921:T:A,191888,0.4306399226188659,0.1854507476091385,computed (both variants usable),SBP
2:242212033:G:C,2:242404135:G:T,192102,0.5010576844215393,0.25105881690979,computed (both variants usable),SBP
2:242212033:G:C,2:242404661:T:C,192628,0.4968633949756622,0.2468732297420501,computed (both variants usable),SBP
2:242212033:G:C,2:242409895:A:G,197862,0.4968633949756622,0.2468732297420501,computed (both variants usable),SBP
2:242212033:G:C,2:242409933:A:G,197900,0.4968633949756622,0.2468732297420501,computed (both variants usable),SBP
2:242212033:G:C,2:242410081:T:C,198048,0.4937493503093719,0.2437884211540222,computed (both variants usable),SBP
2:242212033:G:C,2:242410784:G:A,198751,0.4968633949756622,0.2468732297420501,computed (both variants usable),SBP
2:242212033:G:C,2:242410948:A:G,198915,0.5010576844215393,0.25105881690979,computed (both variants usable),SBP
2:242212033:G:C,2:242411069:T:C,199036,0.4876078367233276,0.2377614080905914,computed (both variants usable),SBP
2:242212033:G:C,2:242411071:T:G,199038,0.4876078367233276,0.2377614080905914,computed (both variants usable),SBP
2:242212033:G:C,2:242411190:A:G,199157,0.4968633949756622,0.2468732297420501,computed (both variants usable),SBP
2:242212033:G:C,2:242411407:A:G,199374,0.4968633949756622,0.2468732297420501,computed (both variants usable),SBP
2:242212033:G:C,2:242411836:G:A,199803,0.4968633949756622,0.2468732297420501,computed (both variants usable),SBP
2:242212033:G:C,2:242412109:T:C,200076,0.4306399226188659,0.1854507476091385,computed (both variants usable),SBP
2:242212033:G:C,2:242413908:A:C,201875,0.4968633949756622,0.2468732297420501,computed (both variants usable),SBP
2:242212033:G:C,2:242415617:A:G,203584,0.4968633949756622,0.2468732297420501,computed (both variants usable),SBP
2:242212033:G:C,2:242416009:C:T,203976,0.4968633949756622,0.2468732297420501,computed (both variants usable),SBP
2:242212033:G:C,2:242418808:G:T,206775,0.491913378238678,0.2419787645339965,computed (both variants usable),SBP
2:242212033:G:C,2:242422404:C:T,210371,0.9186673164367676,0.8439496159553528,computed (both variants usable),SBP
2:242212033:G:C,2:242424110:T:C,212077,0.4968633949756622,0.2468732297420501,computed (both variants usable),SBP
2:242212033:G:C,2:242425585:T:G,213552,0.4968633949756622,0.2468732297420501,computed (both variants usable),SBP
2:242212033:G:C,2:242428809:G:T,216776,0.4958232641220093,0.2458407133817672,computed (both variants usable),SBP
2:242212033:G:C,2:242428910:G:A,216877,0.4958232641220093,0.2458407133817672,computed (both variants usable),SBP
2:242212033:G:C,2:242432704:G:C,220671,0.490872174501419,0.2409554868936538,computed (both variants usable),SBP
2:242212033:G:C,2:242436238:C:T,224205,0.4801893532276153,0.2305818200111389,computed (both variants usable),SBP
2:242212033:G:C,2:242437375:T:C,225342,0.4846892356872558,0.2349236607551574,computed (both variants usable),SBP
2:242212033:G:C,2:242439071:G:A,227038,0.490872174501419,0.2409554868936538,computed (both variants usable),SBP
2:242212033:G:C,2:242440663:G:A,228630,0.4859192371368408,0.2361175119876861,computed (both variants usable),SBP
2:242212033:G:C,2:242442847:C:G,230814,0.4776988625526428,0.2281962037086486,computed (both variants usable),SBP
2:242212033:G:C,2:242442856:G:A,230823,0.4766854345798492,0.2272289991378784,computed (both variants usable),SBP
2:242212033:G:C,2:242443091:G:A,231058,0.4776988625526428,0.2281962037086486,computed (both variants usable),SBP
2:242212033:G:C,2:242444758:C:T,232725,0.4816413521766662,0.2319783866405487,computed (both variants usable),SBP
2:242212033:G:C,2:242445040:T:A,233007,0.4816413521766662,0.2319783866405487,computed (both variants usable),SBP
2:242212033:G:C,2:242445336:A:G,233303,0.3828828632831573,0.1465992927551269,computed (both variants usable),SBP
2:242212033:G:C,2:242530571:C:T,318538,0.0498997643589973,0.002489986596629,computed (both variants usable),SBP
2:242212155:A:G,2:242236667:A:C,24512,0.975554585456848,0.9517067670822144,computed (both variants usable),SBP
2:242212155:A:G,2:242255378:G:A,43223,0.453147143125534,0.2053423374891281,computed (both variants usable),SBP
2:242212155:A:G,2:242278018:A:T,65863,0.9582955837249756,0.9183304309844972,computed (both variants usable),SBP
2:242212155:A:G,2:242316843:G:A,104688,0.9582955837249756,0.9183304309844972,computed (both variants usable),SBP
2:242212155:A:G,2:242339656:A:G,127501,0.916441023349762,0.8398641347885132,computed (both variants usable),SBP
2:242212155:A:G,2:242345534:T:C,133379,0.6556032299995422,0.4298155903816223,computed (both variants usable),SBP
2:242212155:A:G,2:242378138:G:A,165983,0.9503496885299684,0.9031645059585572,computed (both variants usable),SBP
2:242212155:A:G,2:242396033:A:G,183878,0.5074690580368042,0.2575248479843139,computed (both variants usable),SBP
2:242212155:A:G,2:242396087:A:T,183932,0.4434030652046203,0.1966062784194946,computed (both variants usable),SBP
2:242212155:A:G,2:242396804:T:C,184649,0.577308177947998,0.3332847356796264,computed (both variants usable),SBP
2:242212155:A:G,2:242399927:G:A,187772,0.5032205581665039,0.2532309293746948,computed (both variants usable),SBP
2:242212155:A:G,2:242400597:A:G,188442,0.5074690580368042,0.2575248479843139,computed (both variants usable),SBP
2:242212155:A:G,2:242401002:T:C,188847,0.5032205581665039,0.2532309293746948,computed (both variants usable),SBP
2:242212155:A:G,2:242403921:T:A,191766,0.4361518025398254,0.1902283877134323,computed (both variants usable),SBP
2:242212155:A:G,2:242404135:G:T,191980,0.5074690580368042,0.2575248479843139,computed (both variants usable),SBP
2:242212155:A:G,2:242404661:T:C,192506,0.5032205581665039,0.2532309293746948,computed (both variants usable),SBP
2:242212155:A:G,2:242409895:A:G,197740,0.5032205581665039,0.2532309293746948,computed (both variants usable),SBP
2:242212155:A:G,2:242409933:A:G,197778,0.5032205581665039,0.2532309293746948,computed (both variants usable),SBP
2:242212155:A:G,2:242410081:T:C,197926,0.5000675916671753,0.2500675916671753,computed (both variants usable),SBP
2:242212155:A:G,2:242410784:G:A,198629,0.5032205581665039,0.2532309293746948,computed (both variants usable),SBP
2:242212155:A:G,2:242410948:A:G,198793,0.5074690580368042,0.2575248479843139,computed (both variants usable),SBP
2:242212155:A:G,2:242411069:T:C,198914,0.4938479661941528,0.2438858151435852,computed (both variants usable),SBP
2:242212155:A:G,2:242411071:T:G,198916,0.4938479661941528,0.2438858151435852,computed (both variants usable),SBP
2:242212155:A:G,2:242411190:A:G,199035,0.5032205581665039,0.2532309293746948,computed (both variants usable),SBP
2:242212155:A:G,2:242411407:A:G,199252,0.5032205581665039,0.2532309293746948,computed (both variants usable),SBP
2:242212155:A:G,2:242411836:G:A,199681,0.5032205581665039,0.2532309293746948,computed (both variants usable),SBP
2:242212155:A:G,2:242412109:T:C,199954,0.4361518025398254,0.1902283877134323,computed (both variants usable),SBP
2:242212155:A:G,2:242413908:A:C,201753,0.5032205581665039,0.2532309293746948,computed (both variants usable),SBP
2:242212155:A:G,2:242415617:A:G,203462,0.5032205581665039,0.2532309293746948,computed (both variants usable),SBP
2:242212155:A:G,2:242416009:C:T,203854,0.5032205581665039,0.2532309293746948,computed (both variants usable),SBP
2:242212155:A:G,2:242418808:G:T,206653,0.4983384013175964,0.2483411580324173,computed (both variants usable),SBP
2:242212155:A:G,2:242422404:C:T,210249,0.9311482310295104,0.8670370578765869,computed (both variants usable),SBP
2:242212155:A:G,2:242424110:T:C,211955,0.5032205581665039,0.2532309293746948,computed (both variants usable),SBP
2:242212155:A:G,2:242425585:T:G,213430,0.5032205581665039,0.2532309293746948,computed (both variants usable),SBP
2:242212155:A:G,2:242428809:G:T,216654,0.5021657347679138,0.2521704137325287,computed (both variants usable),SBP
2:242212155:A:G,2:242428910:G:A,216755,0.5021657347679138,0.2521704137325287,computed (both variants usable),SBP
2:242212155:A:G,2:242432704:G:C,220549,0.4972845613956451,0.2472919374704361,computed (both variants usable),SBP
2:242212155:A:G,2:242436238:C:T,224083,0.4868630170822143,0.2370356023311615,computed (both variants usable),SBP
2:242212155:A:G,2:242437375:T:C,225220,0.491025447845459,0.2411059886217117,computed (both variants usable),SBP
2:242212155:A:G,2:242439071:G:A,226916,0.4972845613956451,0.2472919374704361,computed (both variants usable),SBP
2:242212155:A:G,2:242440663:G:A,228508,0.4923995733261108,0.2424573451280594,computed (both variants usable),SBP
2:242212155:A:G,2:242442847:C:G,230692,0.4840750992298126,0.2343287020921707,computed (both variants usable),SBP
2:242212155:A:G,2:242442856:G:A,230701,0.483049601316452,0.2333369106054306,computed (both variants usable),SBP
2:242212155:A:G,2:242443091:G:A,230936,0.4840750992298126,0.2343287020921707,computed (both variants usable),SBP
2:242212155:A:G,2:242444758:C:T,232603,0.4879365265369415,0.2380820512771606,computed (both variants usable),SBP
2:242212155:A:G,2:242445040:T:A,232885,0.4879365265369415,0.2380820512771606,computed (both variants usable),SBP
2:242212155:A:G,2:242445336:A:G,233181,0.3877838850021362,0.1503763347864151,computed (both variants usable),SBP
2:242212155:A:G,2:242530571:C:T,318416,0.055417850613594,0.0030711381696164,computed (both variants usable),SBP
2:242236667:A:C,2:242255378:G:A,18711,0.4645001590251922,0.2157603949308395,computed (both variants usable),SBP
2:242236667:A:C,2:242278018:A:T,41351,0.983733892440796,0.9677323698997498,computed (both variants usable),SBP
2:242236667:A:C,2:242316843:G:A,80176,0.983733892440796,0.9677323698997498,computed (both variants usable),SBP
2:242236667:A:C,2:242339656:A:G,102989,0.9407867789268494,0.8850797414779663,computed (both variants usable),SBP
2:242236667:A:C,2:242345534:T:C,108867,0.6728760004043579,0.452762097120285,computed (both variants usable),SBP
2:242236667:A:C,2:242378138:G:A,141471,0.975578784942627,0.9517539739608764,computed (both variants usable),SBP
2:242236667:A:C,2:242396033:A:G,159366,0.5201829075813293,0.2705902457237243,computed (both variants usable),SBP
2:242236667:A:C,2:242396087:A:T,159420,0.4575733244419098,0.209373340010643,computed (both variants usable),SBP
2:242236667:A:C,2:242396804:T:C,160137,0.5925708413124084,0.3511402010917663,computed (both variants usable),SBP
2:242236667:A:C,2:242399927:G:A,163260,0.5158296227455139,0.2660802006721496,computed (both variants usable),SBP
2:242236667:A:C,2:242400597:A:G,163930,0.5201829075813293,0.2705902457237243,computed (both variants usable),SBP
2:242236667:A:C,2:242401002:T:C,164335,0.5158296227455139,0.2660802006721496,computed (both variants usable),SBP
2:242236667:A:C,2:242403921:T:A,167254,0.4470802247524261,0.1998807340860366,computed (both variants usable),SBP
2:242236667:A:C,2:242404135:G:T,167468,0.5201829075813293,0.2705902457237243,computed (both variants usable),SBP
2:242236667:A:C,2:242404661:T:C,167994,0.5158296227455139,0.2660802006721496,computed (both variants usable),SBP
2:242236667:A:C,2:242409895:A:G,173228,0.5158296227455139,0.2660802006721496,computed (both variants usable),SBP
2:242236667:A:C,2:242409933:A:G,173266,0.5158296227455139,0.2660802006721496,computed (both variants usable),SBP
2:242236667:A:C,2:242410081:T:C,173414,0.5125967264175415,0.2627553939819336,computed (both variants usable),SBP
2:242236667:A:C,2:242410784:G:A,174117,0.5158296227455139,0.2660802006721496,computed (both variants usable),SBP
2:242236667:A:C,2:242410948:A:G,174281,0.5201829075813293,0.2705902457237243,computed (both variants usable),SBP
2:242236667:A:C,2:242411069:T:C,174402,0.5062219500541687,0.2562606632709503,computed (both variants usable),SBP
2:242236667:A:C,2:242411071:T:G,174404,0.5062219500541687,0.2562606632709503,computed (both variants usable),SBP
2:242236667:A:C,2:242411190:A:G,174523,0.5158296227455139,0.2660802006721496,computed (both variants usable),SBP
2:242236667:A:C,2:242411407:A:G,174740,0.5158296227455139,0.2660802006721496,computed (both variants usable),SBP
2:242236667:A:C,2:242411836:G:A,175169,0.5158296227455139,0.2660802006721496,computed (both variants usable),SBP
2:242236667:A:C,2:242412109:T:C,175442,0.4470802247524261,0.1998807340860366,computed (both variants usable),SBP
2:242236667:A:C,2:242413908:A:C,177241,0.5158296227455139,0.2660802006721496,computed (both variants usable),SBP
2:242236667:A:C,2:242415617:A:G,178950,0.5158296227455139,0.2660802006721496,computed (both variants usable),SBP
2:242236667:A:C,2:242416009:C:T,179342,0.5158296227455139,0.2660802006721496,computed (both variants usable),SBP
2:242236667:A:C,2:242418808:G:T,182141,0.5110791921615601,0.261201947927475,computed (both variants usable),SBP
2:242236667:A:C,2:242422404:C:T,185737,0.9558762311935424,0.9136993885040284,computed (both variants usable),SBP
2:242236667:A:C,2:242424110:T:C,187443,0.5158296227455139,0.2660802006721496,computed (both variants usable),SBP
2:242236667:A:C,2:242425585:T:G,188918,0.5158296227455139,0.2660802006721496,computed (both variants usable),SBP
2:242236667:A:C,2:242428809:G:T,192142,0.5147474408149719,0.2649649381637573,computed (both variants usable),SBP
2:242236667:A:C,2:242428910:G:A,192243,0.5147474408149719,0.2649649381637573,computed (both variants usable),SBP
2:242236667:A:C,2:242432704:G:C,196037,0.5099984407424927,0.260098397731781,computed (both variants usable),SBP
2:242236667:A:C,2:242436238:C:T,199571,0.5000794529914856,0.2500794529914856,computed (both variants usable),SBP
2:242236667:A:C,2:242437375:T:C,200708,0.5035797953605652,0.2535926103591919,computed (both variants usable),SBP
2:242236667:A:C,2:242439071:G:A,202404,0.5099984407424927,0.260098397731781,computed (both variants usable),SBP
2:242236667:A:C,2:242440663:G:A,203996,0.5052452087402344,0.2552727162837982,computed (both variants usable),SBP
2:242236667:A:C,2:242442847:C:G,206180,0.4967109560966491,0.2467217743396759,computed (both variants usable),SBP
2:242236667:A:C,2:242442856:G:A,206189,0.4956556558609009,0.2456745356321334,computed (both variants usable),SBP
2:242236667:A:C,2:242443091:G:A,206424,0.4967109560966491,0.2467217743396759,computed (both variants usable),SBP
2:242236667:A:C,2:242444758:C:T,208091,0.5004148483276367,0.250415027141571,computed (both variants usable),SBP
2:242236667:A:C,2:242445040:T:A,208373,0.5004148483276367,0.250415027141571,computed (both variants usable),SBP
2:242236667:A:C,2:242445336:A:G,208669,0.3975003659725189,0.1580065339803695,computed (both variants usable),SBP
2:242236667:A:C,2:242530571:C:T,293904,0.0661849752068519,0.0043804510496556,computed (both variants usable),SBP
2:242255378:G:A,2:242278018:A:T,22640,0.4569464921951294,0.2088000923395156,computed (both variants usable),SBP
2:242255378:G:A,2:242316843:G:A,61465,0.4569464921951294,0.2088000923395156,computed (both variants usable),SBP
2:242255378:G:A,2:242339656:A:G,84278,0.477599948644638,0.2281017154455185,computed (both variants usable),SBP
2:242255378:G:A,2:242345534:T:C,90156,0.4648991823196411,0.216131255030632,computed (both variants usable),SBP
2:242255378:G:A,2:242378138:G:A,122760,0.4492168724536896,0.2017958015203476,computed (both variants usable),SBP
2:242255378:G:A,2:242396033:A:G,140655,0.8145661950111389,0.6635180711746216,computed (both variants usable),SBP
2:242255378:G:A,2:242396087:A:T,140709,0.7970287799835205,0.6352548599243164,computed (both variants usable),SBP
2:242255378:G:A,2:242396804:T:C,141426,0.4783200621604919,0.2287900745868683,computed (both variants usable),SBP
2:242255378:G:A,2:242399927:G:A,144549,0.8222531676292419,0.6761002540588379,computed (both variants usable),SBP
2:242255378:G:A,2:242400597:A:G,145219,0.8145661950111389,0.6635180711746216,computed (both variants usable),SBP
2:242255378:G:A,2:242401002:T:C,145624,0.8222531676292419,0.6761002540588379,computed (both variants usable),SBP
2:242255378:G:A,2:242403921:T:A,148543,0.7169778347015381,0.5140572190284729,computed (both variants usable),SBP
2:242255378:G:A,2:242404135:G:T,148757,0.8145661950111389,0.6635180711746216,computed (both variants usable),SBP
2:242255378:G:A,2:242404661:T:C,149283,0.8222531676292419,0.6761002540588379,computed (both variants usable),SBP
2:242255378:G:A,2:242409895:A:G,154517,0.8222531676292419,0.6761002540588379,computed (both variants usable),SBP
2:242255378:G:A,2:242409933:A:G,154555,0.8222531676292419,0.6761002540588379,computed (both variants usable),SBP
2:242255378:G:A,2:242410081:T:C,154703,0.8157103061676025,0.6653832793235779,computed (both variants usable),SBP
2:242255378:G:A,2:242410784:G:A,155406,0.8222531676292419,0.6761002540588379,computed (both variants usable),SBP
2:242255378:G:A,2:242410948:A:G,155570,0.8145661950111389,0.6635180711746216,computed (both variants usable),SBP
2:242255378:G:A,2:242411069:T:C,155691,0.8396698236465454,0.7050454020500183,computed (both variants usable),SBP
2:242255378:G:A,2:242411071:T:G,155693,0.8396698236465454,0.7050454020500183,computed (both variants usable),SBP
2:242255378:G:A,2:242411190:A:G,155812,0.8222531676292419,0.6761002540588379,computed (both variants usable),SBP
2:242255378:G:A,2:242411407:A:G,156029,0.8222531676292419,0.6761002540588379,computed (both variants usable),SBP
2:242255378:G:A,2:242411836:G:A,156458,0.8222531676292419,0.6761002540588379,computed (both variants usable),SBP
2:242255378:G:A,2:242412109:T:C,156731,0.7169778347015381,0.5140572190284729,computed (both variants usable),SBP
2:242255378:G:A,2:242413908:A:C,158530,0.8222531676292419,0.6761002540588379,computed (both variants usable),SBP
2:242255378:G:A,2:242415617:A:G,160239,0.8222531676292419,0.6761002540588379,computed (both variants usable),SBP
2:242255378:G:A,2:242416009:C:T,160631,0.8222531676292419,0.6761002540588379,computed (both variants usable),SBP
2:242255378:G:A,2:242418808:G:T,163430,0.8203312754631042,0.6729434132575989,computed (both variants usable),SBP
2:242255378:G:A,2:242422404:C:T,167026,0.4417608678340912,0.1951526701450348,computed (both variants usable),SBP
2:242255378:G:A,2:242424110:T:C,168732,0.8222531676292419,0.6761002540588379,computed (both variants usable),SBP
2:242255378:G:A,2:242425585:T:G,170207,0.8222531676292419,0.6761002540588379,computed (both variants usable),SBP
2:242255378:G:A,2:242428809:G:T,173431,0.8200675845146179,0.6725108623504639,computed (both variants usable),SBP
2:242255378:G:A,2:242428910:G:A,173532,0.8200675845146179,0.6725108623504639,computed (both variants usable),SBP
2:242255378:G:A,2:242432704:G:C,177326,0.8181353807449341,0.669345498085022,computed (both variants usable),SBP
2:242255378:G:A,2:242436238:C:T,180860,0.8046777248382568,0.6475062370300293,computed (both variants usable),SBP
2:242255378:G:A,2:242437375:T:C,181997,0.8133167624473572,0.6614841818809509,computed (both variants usable),SBP
2:242255378:G:A,2:242439071:G:A,183693,0.8181353807449341,0.669345498085022,computed (both variants usable),SBP
2:242255378:G:A,2:242440663:G:A,185285,0.816211462020874,0.6662011742591858,computed (both variants usable),SBP
2:242255378:G:A,2:242442847:C:G,187469,0.7988435626029968,0.6381510496139526,computed (both variants usable),SBP
2:242255378:G:A,2:242442856:G:A,187478,0.7966982126235962,0.6347280144691467,computed (both variants usable),SBP
2:242255378:G:A,2:242443091:G:A,187713,0.7988435626029968,0.6381510496139526,computed (both variants usable),SBP
2:242255378:G:A,2:242444758:C:T,189380,0.802762508392334,0.6444276571273804,computed (both variants usable),SBP
2:242255378:G:A,2:242445040:T:A,189662,0.802762508392334,0.6444276571273804,computed (both variants usable),SBP
2:242255378:G:A,2:242445336:A:G,189958,0.6151381731033325,0.3783949613571167,computed (both variants usable),SBP
2:242255378:G:A,2:242530571:C:T,275193,0.053981103003025,0.0029139595571905,computed (both variants usable),SBP
2:242278018:A:T,2:242316843:G:A,38825,1.0000015497207642,1.0000030994415283,computed (both variants usable),SBP
2:242278018:A:T,2:242339656:A:G,61638,0.9567555785179138,0.9153812527656556,computed (both variants usable),SBP
2:242278018:A:T,2:242345534:T:C,67516,0.681063711643219,0.4638477861881256,computed (both variants usable),SBP
2:242278018:A:T,2:242378138:G:A,100120,0.9917841553688048,0.9836357831954956,computed (both variants usable),SBP
2:242278018:A:T,2:242396033:A:G,118015,0.5117237567901611,0.2618612051010132,computed (both variants usable),SBP
2:242278018:A:T,2:242396087:A:T,118069,0.4481534659862518,0.2008415311574936,computed (both variants usable),SBP
2:242278018:A:T,2:242396804:T:C,118786,0.6010586619377136,0.3612715005874634,computed (both variants usable),SBP
2:242278018:A:T,2:242399927:G:A,121909,0.5074390769004822,0.2574944198131561,computed (both variants usable),SBP
2:242278018:A:T,2:242400597:A:G,122579,0.5117237567901611,0.2618612051010132,computed (both variants usable),SBP
2:242278018:A:T,2:242401002:T:C,122984,0.5074390769004822,0.2574944198131561,computed (both variants usable),SBP
2:242278018:A:T,2:242403921:T:A,125903,0.439808189868927,0.1934312433004379,computed (both variants usable),SBP
2:242278018:A:T,2:242404135:G:T,126117,0.5117237567901611,0.2618612051010132,computed (both variants usable),SBP
2:242278018:A:T,2:242404661:T:C,126643,0.5074390769004822,0.2574944198131561,computed (both variants usable),SBP
2:242278018:A:T,2:242409895:A:G,131877,0.5074390769004822,0.2574944198131561,computed (both variants usable),SBP
2:242278018:A:T,2:242409933:A:G,131915,0.5074390769004822,0.2574944198131561,computed (both variants usable),SBP
2:242278018:A:T,2:242410081:T:C,132063,0.5042591691017151,0.2542773187160492,computed (both variants usable),SBP
2:242278018:A:T,2:242410784:G:A,132766,0.5074390769004822,0.2574944198131561,computed (both variants usable),SBP
2:242278018:A:T,2:242410948:A:G,132930,0.5117237567901611,0.2618612051010132,computed (both variants usable),SBP
2:242278018:A:T,2:242411069:T:C,133051,0.4979871213436126,0.2479911744594574,computed (both variants usable),SBP
2:242278018:A:T,2:242411071:T:G,133053,0.4979871213436126,0.2479911744594574,computed (both variants usable),SBP
2:242278018:A:T,2:242411190:A:G,133172,0.5074390769004822,0.2574944198131561,computed (both variants usable),SBP
2:242278018:A:T,2:242411407:A:G,133389,0.5074390769004822,0.2574944198131561,computed (both variants usable),SBP
2:242278018:A:T,2:242411836:G:A,133818,0.5074390769004822,0.2574944198131561,computed (both variants usable),SBP
2:242278018:A:T,2:242412109:T:C,134091,0.439808189868927,0.1934312433004379,computed (both variants usable),SBP
2:242278018:A:T,2:242413908:A:C,135890,0.5074390769004822,0.2574944198131561,computed (both variants usable),SBP
2:242278018:A:T,2:242415617:A:G,137599,0.5074390769004822,0.2574944198131561,computed (both variants usable),SBP
2:242278018:A:T,2:242416009:C:T,137991,0.5074390769004822,0.2574944198131561,computed (both variants usable),SBP
2:242278018:A:T,2:242418808:G:T,140790,0.5026013255119324,0.2526080906391144,computed (both variants usable),SBP
2:242278018:A:T,2:242422404:C:T,144386,0.9719512462615968,0.9446892142295836,computed (both variants usable),SBP
2:242278018:A:T,2:242424110:T:C,146092,0.5074390769004822,0.2574944198131561,computed (both variants usable),SBP
2:242278018:A:T,2:242425585:T:G,147567,0.5074390769004822,0.2574944198131561,computed (both variants usable),SBP
2:242278018:A:T,2:242428809:G:T,150791,0.5063753128051758,0.2564159631729126,computed (both variants usable),SBP
2:242278018:A:T,2:242428910:G:A,150892,0.5063753128051758,0.2564159631729126,computed (both variants usable),SBP
2:242278018:A:T,2:242432704:G:C,154686,0.5015389323234558,0.2515412867069244,computed (both variants usable),SBP
2:242278018:A:T,2:242436238:C:T,158220,0.5090499520301819,0.2591318488121032,computed (both variants usable),SBP
2:242278018:A:T,2:242437375:T:C,159357,0.4952268004417419,0.2452495843172073,computed (both variants usable),SBP
2:242278018:A:T,2:242439071:G:A,161053,0.5015389323234558,0.2515412867069244,computed (both variants usable),SBP
2:242278018:A:T,2:242440663:G:A,162645,0.4966982901096344,0.2467091977596283,computed (both variants usable),SBP
2:242278018:A:T,2:242442847:C:G,164829,0.4883035719394684,0.2384403795003891,computed (both variants usable),SBP
2:242278018:A:T,2:242442856:G:A,164838,0.487268716096878,0.2374307960271835,computed (both variants usable),SBP
2:242278018:A:T,2:242443091:G:A,165073,0.4883035719394684,0.2384403795003891,computed (both variants usable),SBP
2:242278018:A:T,2:242444758:C:T,166740,0.4921112656593323,0.2421734929084777,computed (both variants usable),SBP
2:242278018:A:T,2:242445040:T:A,167022,0.4921112656593323,0.2421734929084777,computed (both variants usable),SBP
2:242278018:A:T,2:242445336:A:G,167318,0.391033798456192,0.1529074311256408,computed (both variants usable),SBP
2:242278018:A:T,2:242530571:C:T,252553,0.0570246838033199,0.0032518145162612,computed (both variants usable),SBP
2:242316843:G:A,2:242339656:A:G,22813,0.9567555785179138,0.9153812527656556,computed (both variants usable),SBP
2:242316843:G:A,2:242345534:T:C,28691,0.681063711643219,0.4638477861881256,computed (both variants usable),SBP
2:242316843:G:A,2:242378138:G:A,61295,0.9917841553688048,0.9836357831954956,computed (both variants usable),SBP
2:242316843:G:A,2:242396033:A:G,79190,0.5117237567901611,0.2618612051010132,computed (both variants usable),SBP
2:242316843:G:A,2:242396087:A:T,79244,0.4481534659862518,0.2008415311574936,computed (both variants usable),SBP
2:242316843:G:A,2:242396804:T:C,79961,0.6010586619377136,0.3612715005874634,computed (both variants usable),SBP
2:242316843:G:A,2:242399927:G:A,83084,0.5074390769004822,0.2574944198131561,computed (both variants usable),SBP
2:242316843:G:A,2:242400597:A:G,83754,0.5117237567901611,0.2618612051010132,computed (both variants usable),SBP
2:242316843:G:A,2:242401002:T:C,84159,0.5074390769004822,0.2574944198131561,computed (both variants usable),SBP
2:242316843:G:A,2:242403921:T:A,87078,0.439808189868927,0.1934312433004379,computed (both variants usable),SBP
2:242316843:G:A,2:242404135:G:T,87292,0.5117237567901611,0.2618612051010132,computed (both variants usable),SBP
2:242316843:G:A,2:242404661:T:C,87818,0.5074390769004822,0.2574944198131561,computed (both variants usable),SBP
2:242316843:G:A,2:242409895:A:G,93052,0.5074390769004822,0.2574944198131561,computed (both variants usable),SBP
2:242316843:G:A,2:242409933:A:G,93090,0.5074390769004822,0.2574944198131561,computed (both variants usable),SBP
2:242316843:G:A,2:242410081:T:C,93238,0.5042591691017151,0.2542773187160492,computed (both variants usable),SBP
2:242316843:G:A,2:242410784:G:A,93941,0.5074390769004822,0.2574944198131561,computed (both variants usable),SBP
2:242316843:G:A,2:242410948:A:G,94105,0.5117237567901611,0.2618612051010132,computed (both variants usable),SBP
2:242316843:G:A,2:242411069:T:C,94226,0.4979871213436126,0.2479911744594574,computed (both variants usable),SBP
2:242316843:G:A,2:242411071:T:G,94228,0.4979871213436126,0.2479911744594574,computed (both variants usable),SBP
2:242316843:G:A,2:242411190:A:G,94347,0.5074390769004822,0.2574944198131561,computed (both variants usable),SBP
2:242316843:G:A,2:242411407:A:G,94564,0.5074390769004822,0.2574944198131561,computed (both variants usable),SBP
2:242316843:G:A,2:242411836:G:A,94993,0.5074390769004822,0.2574944198131561,computed (both variants usable),SBP
2:242316843:G:A,2:242412109:T:C,95266,0.439808189868927,0.1934312433004379,computed (both variants usable),SBP
2:242316843:G:A,2:242413908:A:C,97065,0.5074390769004822,0.2574944198131561,computed (both variants usable),SBP
2:242316843:G:A,2:242415617:A:G,98774,0.5074390769004822,0.2574944198131561,computed (both variants usable),SBP
2:242316843:G:A,2:242416009:C:T,99166,0.5074390769004822,0.2574944198131561,computed (both variants usable),SBP
2:242316843:G:A,2:242418808:G:T,101965,0.5026013255119324,0.2526080906391144,computed (both variants usable),SBP
2:242316843:G:A,2:242422404:C:T,105561,0.9719512462615968,0.9446892142295836,computed (both variants usable),SBP
2:242316843:G:A,2:242424110:T:C,107267,0.5074390769004822,0.2574944198131561,computed (both variants usable),SBP
2:242316843:G:A,2:242425585:T:G,108742,0.5074390769004822,0.2574944198131561,computed (both variants usable),SBP
2:242316843:G:A,2:242428809:G:T,111966,0.5063753128051758,0.2564159631729126,computed (both variants usable),SBP
2:242316843:G:A,2:242428910:G:A,112067,0.5063753128051758,0.2564159631729126,computed (both variants usable),SBP
2:242316843:G:A,2:242432704:G:C,115861,0.5015389323234558,0.2515412867069244,computed (both variants usable),SBP
2:242316843:G:A,2:242436238:C:T,119395,0.5090499520301819,0.2591318488121032,computed (both variants usable),SBP
2:242316843:G:A,2:242437375:T:C,120532,0.4952268004417419,0.2452495843172073,computed (both variants usable),SBP
2:242316843:G:A,2:242439071:G:A,122228,0.5015389323234558,0.2515412867069244,computed (both variants usable),SBP
2:242316843:G:A,2:242440663:G:A,123820,0.4966982901096344,0.2467091977596283,computed (both variants usable),SBP
2:242316843:G:A,2:242442847:C:G,126004,0.4883035719394684,0.2384403795003891,computed (both variants usable),SBP
2:242316843:G:A,2:242442856:G:A,126013,0.487268716096878,0.2374307960271835,computed (both variants usable),SBP
2:242316843:G:A,2:242443091:G:A,126248,0.4883035719394684,0.2384403795003891,computed (both variants usable),SBP
2:242316843:G:A,2:242444758:C:T,127915,0.4921112656593323,0.2421734929084777,computed (both variants usable),SBP
2:242316843:G:A,2:242445040:T:A,128197,0.4921112656593323,0.2421734929084777,computed (both variants usable),SBP
2:242316843:G:A,2:242445336:A:G,128493,0.391033798456192,0.1529074311256408,computed (both variants usable),SBP
2:242316843:G:A,2:242530571:C:T,213728,0.0570246838033199,0.0032518145162612,computed (both variants usable),SBP
2:242339656:A:G,2:242345534:T:C,5878,0.6800628304481506,0.4624854624271393,computed (both variants usable),SBP
2:242339656:A:G,2:242378138:G:A,38482,0.948689579963684,0.9000118970870972,computed (both variants usable),SBP
2:242339656:A:G,2:242396033:A:G,56377,0.4775662124156952,0.2280694842338562,computed (both variants usable),SBP
2:242339656:A:G,2:242396087:A:T,56431,0.439333438873291,0.1930138766765594,computed (both variants usable),SBP
2:242339656:A:G,2:242396804:T:C,57148,0.568006157875061,0.3226310014724731,computed (both variants usable),SBP
2:242339656:A:G,2:242399927:G:A,60271,0.4960704445838928,0.2460858821868896,computed (both variants usable),SBP
2:242339656:A:G,2:242400597:A:G,60941,0.4775662124156952,0.2280694842338562,computed (both variants usable),SBP
2:242339656:A:G,2:242401002:T:C,61346,0.4960704445838928,0.2460858821868896,computed (both variants usable),SBP
2:242339656:A:G,2:242403921:T:A,64265,0.4261547029018402,0.1816078275442123,computed (both variants usable),SBP
2:242339656:A:G,2:242404135:G:T,64479,0.4775662124156952,0.2280694842338562,computed (both variants usable),SBP
2:242339656:A:G,2:242404661:T:C,65005,0.4960704445838928,0.2460858821868896,computed (both variants usable),SBP
2:242339656:A:G,2:242409895:A:G,70239,0.4960704445838928,0.2460858821868896,computed (both variants usable),SBP
2:242339656:A:G,2:242409933:A:G,70277,0.4960704445838928,0.2460858821868896,computed (both variants usable),SBP
2:242339656:A:G,2:242410081:T:C,70425,0.492795467376709,0.2428473681211471,computed (both variants usable),SBP
2:242339656:A:G,2:242410784:G:A,71128,0.4960704445838928,0.2460858821868896,computed (both variants usable),SBP
2:242339656:A:G,2:242410948:A:G,71292,0.4775662124156952,0.2280694842338562,computed (both variants usable),SBP
2:242339656:A:G,2:242411069:T:C,71413,0.4863331317901611,0.236519917845726,computed (both variants usable),SBP
2:242339656:A:G,2:242411071:T:G,71415,0.4863331317901611,0.236519917845726,computed (both variants usable),SBP
2:242339656:A:G,2:242411190:A:G,71534,0.4960704445838928,0.2460858821868896,computed (both variants usable),SBP
2:242339656:A:G,2:242411407:A:G,71751,0.4960704445838928,0.2460858821868896,computed (both variants usable),SBP
2:242339656:A:G,2:242411836:G:A,72180,0.4960704445838928,0.2460858821868896,computed (both variants usable),SBP
2:242339656:A:G,2:242412109:T:C,72453,0.4261547029018402,0.1816078275442123,computed (both variants usable),SBP
2:242339656:A:G,2:242413908:A:C,74252,0.4960704445838928,0.2460858821868896,computed (both variants usable),SBP
2:242339656:A:G,2:242415617:A:G,75961,0.4960704445838928,0.2460858821868896,computed (both variants usable),SBP
2:242339656:A:G,2:242416009:C:T,76353,0.4960704445838928,0.2460858821868896,computed (both variants usable),SBP
2:242339656:A:G,2:242418808:G:T,79152,0.4914464652538299,0.2415196299552917,computed (both variants usable),SBP
2:242339656:A:G,2:242422404:C:T,82748,0.9292131662368774,0.8634371161460876,computed (both variants usable),SBP
2:242339656:A:G,2:242424110:T:C,84454,0.4960704445838928,0.2460858821868896,computed (both variants usable),SBP
2:242339656:A:G,2:242425585:T:G,85929,0.4960704445838928,0.2460858821868896,computed (both variants usable),SBP
2:242339656:A:G,2:242428809:G:T,89153,0.4949763119220733,0.2450015544891357,computed (both variants usable),SBP
2:242339656:A:G,2:242428910:G:A,89254,0.4949763119220733,0.2450015544891357,computed (both variants usable),SBP
2:242339656:A:G,2:242432704:G:C,93048,0.4903528094291687,0.2404458820819854,computed (both variants usable),SBP
2:242339656:A:G,2:242436238:C:T,96582,0.4751355350017547,0.2257537692785263,computed (both variants usable),SBP
2:242339656:A:G,2:242437375:T:C,97719,0.4838491976261139,0.2341100424528122,computed (both variants usable),SBP
2:242339656:A:G,2:242439071:G:A,99415,0.4903528094291687,0.2404458820819854,computed (both variants usable),SBP
2:242339656:A:G,2:242440663:G:A,101007,0.4857262670993805,0.2359300106763839,computed (both variants usable),SBP
2:242339656:A:G,2:242442847:C:G,103191,0.4770771563053131,0.2276026159524917,computed (both variants usable),SBP
2:242339656:A:G,2:242442856:G:A,103200,0.4760081171989441,0.2265837341547012,computed (both variants usable),SBP
2:242339656:A:G,2:242443091:G:A,103435,0.4770771563053131,0.2276026159524917,computed (both variants usable),SBP
2:242339656:A:G,2:242444758:C:T,105102,0.4806390702724457,0.2310139089822769,computed (both variants usable),SBP
2:242339656:A:G,2:242445040:T:A,105384,0.4806390702724457,0.2310139089822769,computed (both variants usable),SBP
2:242339656:A:G,2:242445336:A:G,105680,0.3864369988441467,0.1493335515260696,computed (both variants usable),SBP
2:242339656:A:G,2:242530571:C:T,190915,0.0450399704277515,0.0020285989157855,computed (both variants usable),SBP
2:242345534:T:C,2:242378138:G:A,32604,0.6736642122268677,0.4538234770298004,computed (both variants usable),SBP
2:242345534:T:C,2:242396033:A:G,50499,0.5550525784492493,0.3080833554267883,computed (both variants usable),SBP
2:242345534:T:C,2:242396087:A:T,50553,0.5092551112174988,0.259340763092041,computed (both variants usable),SBP
2:242345534:T:C,2:242396804:T:C,51270,0.6270412802696228,0.3931807577610016,computed (both variants usable),SBP
2:242345534:T:C,2:242399927:G:A,54393,0.5491465330123901,0.3015619218349457,computed (both variants usable),SBP
2:242345534:T:C,2:242400597:A:G,55063,0.5550525784492493,0.3080833554267883,computed (both variants usable),SBP
2:242345534:T:C,2:242401002:T:C,55468,0.5491465330123901,0.3015619218349457,computed (both variants usable),SBP
2:242345534:T:C,2:242403921:T:A,58387,0.5089804530143738,0.2590610980987549,computed (both variants usable),SBP
2:242345534:T:C,2:242404135:G:T,58601,0.5550525784492493,0.3080833554267883,computed (both variants usable),SBP
2:242345534:T:C,2:242404661:T:C,59127,0.5491465330123901,0.3015619218349457,computed (both variants usable),SBP
2:242345534:T:C,2:242409895:A:G,64361,0.5491465330123901,0.3015619218349457,computed (both variants usable),SBP
2:242345534:T:C,2:242409933:A:G,64399,0.5491465330123901,0.3015619218349457,computed (both variants usable),SBP
2:242345534:T:C,2:242410081:T:C,64547,0.5494145154953003,0.3018563091754913,computed (both variants usable),SBP
2:242345534:T:C,2:242410784:G:A,65250,0.5491465330123901,0.3015619218349457,computed (both variants usable),SBP
2:242345534:T:C,2:242410948:A:G,65414,0.5550525784492493,0.3080833554267883,computed (both variants usable),SBP
2:242345534:T:C,2:242411069:T:C,65535,0.5360773205757141,0.2873789072036743,computed (both variants usable),SBP
2:242345534:T:C,2:242411071:T:G,65537,0.5360773205757141,0.2873789072036743,computed (both variants usable),SBP
2:242345534:T:C,2:242411190:A:G,65656,0.5491465330123901,0.3015619218349457,computed (both variants usable),SBP
2:242345534:T:C,2:242411407:A:G,65873,0.5491465330123901,0.3015619218349457,computed (both variants usable),SBP
2:242345534:T:C,2:242411836:G:A,66302,0.5491465330123901,0.3015619218349457,computed (both variants usable),SBP
2:242345534:T:C,2:242412109:T:C,66575,0.5089804530143738,0.2590610980987549,computed (both variants usable),SBP
2:242345534:T:C,2:242413908:A:C,68374,0.5491465330123901,0.3015619218349457,computed (both variants usable),SBP
2:242345534:T:C,2:242415617:A:G,70083,0.5491465330123901,0.3015619218349457,computed (both variants usable),SBP
2:242345534:T:C,2:242416009:C:T,70475,0.5491465330123901,0.3015619218349457,computed (both variants usable),SBP
2:242345534:T:C,2:242418808:G:T,73274,0.5459492206573486,0.2980605661869049,computed (both variants usable),SBP
2:242345534:T:C,2:242422404:C:T,76870,0.6557233929634094,0.429973155260086,computed (both variants usable),SBP
2:242345534:T:C,2:242424110:T:C,78576,0.5491465330123901,0.3015619218349457,computed (both variants usable),SBP
2:242345534:T:C,2:242425585:T:G,80051,0.5491465330123901,0.3015619218349457,computed (both variants usable),SBP
2:242345534:T:C,2:242428809:G:T,83275,0.547679603099823,0.2999529540538788,computed (both variants usable),SBP
2:242345534:T:C,2:242428910:G:A,83376,0.547679603099823,0.2999529540538788,computed (both variants usable),SBP
2:242345534:T:C,2:242432704:G:C,87170,0.5444817543029785,0.2964603900909424,computed (both variants usable),SBP
2:242345534:T:C,2:242436238:C:T,90704,0.5548427104949951,0.3078504204750061,computed (both variants usable),SBP
2:242345534:T:C,2:242437375:T:C,91841,0.5357484817504883,0.287026435136795,computed (both variants usable),SBP
2:242345534:T:C,2:242439071:G:A,93537,0.5444817543029785,0.2964603900909424,computed (both variants usable),SBP
2:242345534:T:C,2:242440663:G:A,95129,0.5412822365760803,0.2929864525794983,computed (both variants usable),SBP
2:242345534:T:C,2:242442847:C:G,97313,0.5296565890312195,0.2805361151695251,computed (both variants usable),SBP
2:242345534:T:C,2:242442856:G:A,97322,0.5282195806503296,0.2790159285068512,computed (both variants usable),SBP
2:242345534:T:C,2:242443091:G:A,97557,0.5296565890312195,0.2805361151695251,computed (both variants usable),SBP
2:242345534:T:C,2:242444758:C:T,99224,0.5314317345619202,0.2824196815490722,computed (both variants usable),SBP
2:242345534:T:C,2:242445040:T:A,99506,0.5314317345619202,0.2824196815490722,computed (both variants usable),SBP
2:242345534:T:C,2:242445336:A:G,99802,0.4333190023899078,0.18776535987854,computed (both variants usable),SBP
2:242345534:T:C,2:242530571:C:T,185037,0.065240167081356,0.004256279207766,computed (both variants usable),SBP
2:242378138:G:A,2:242396033:A:G,17895,0.5042076110839844,0.2542253136634826,computed (both variants usable),SBP
2:242378138:G:A,2:242396087:A:T,17949,0.4410794079303741,0.1945510506629943,computed (both variants usable),SBP
2:242378138:G:A,2:242396804:T:C,18666,0.5936804413795471,0.3524564802646637,computed (both variants usable),SBP
2:242378138:G:A,2:242399927:G:A,21789,0.4999119937419891,0.2499120086431503,computed (both variants usable),SBP
2:242378138:G:A,2:242400597:A:G,22459,0.5042076110839844,0.2542253136634826,computed (both variants usable),SBP
2:242378138:G:A,2:242401002:T:C,22864,0.4999119937419891,0.2499120086431503,computed (both variants usable),SBP
2:242378138:G:A,2:242403921:T:A,25783,0.4319834411144256,0.1866097003221511,computed (both variants usable),SBP
2:242378138:G:A,2:242404135:G:T,25997,0.5042076110839844,0.2542253136634826,computed (both variants usable),SBP
2:242378138:G:A,2:242404661:T:C,26523,0.4999119937419891,0.2499120086431503,computed (both variants usable),SBP
2:242378138:G:A,2:242409895:A:G,31757,0.4999119937419891,0.2499120086431503,computed (both variants usable),SBP
2:242378138:G:A,2:242409933:A:G,31795,0.4999119937419891,0.2499120086431503,computed (both variants usable),SBP
2:242378138:G:A,2:242410081:T:C,31943,0.4967212080955505,0.2467319518327713,computed (both variants usable),SBP
2:242378138:G:A,2:242410784:G:A,32646,0.4999119937419891,0.2499120086431503,computed (both variants usable),SBP
2:242378138:G:A,2:242410948:A:G,32810,0.5042076110839844,0.2542253136634826,computed (both variants usable),SBP
2:242378138:G:A,2:242411069:T:C,32931,0.4904307126998901,0.2405222803354263,computed (both variants usable),SBP
2:242378138:G:A,2:242411071:T:G,32933,0.4904307126998901,0.2405222803354263,computed (both variants usable),SBP
2:242378138:G:A,2:242411190:A:G,33052,0.4999119937419891,0.2499120086431503,computed (both variants usable),SBP
2:242378138:G:A,2:242411407:A:G,33269,0.4999119937419891,0.2499120086431503,computed (both variants usable),SBP
2:242378138:G:A,2:242411836:G:A,33698,0.4999119937419891,0.2499120086431503,computed (both variants usable),SBP
2:242378138:G:A,2:242412109:T:C,33971,0.4319834411144256,0.1866097003221511,computed (both variants usable),SBP
2:242378138:G:A,2:242413908:A:C,35770,0.4999119937419891,0.2499120086431503,computed (both variants usable),SBP
2:242378138:G:A,2:242415617:A:G,37479,0.4999119937419891,0.2499120086431503,computed (both variants usable),SBP
2:242378138:G:A,2:242416009:C:T,37871,0.4999119937419891,0.2499120086431503,computed (both variants usable),SBP
2:242378138:G:A,2:242418808:G:T,40670,0.4951116740703583,0.2451355755329132,computed (both variants usable),SBP
2:242378138:G:A,2:242422404:C:T,44266,0.9638347029685974,0.9289773106575012,computed (both variants usable),SBP
2:242378138:G:A,2:242424110:T:C,45972,0.4999119937419891,0.2499120086431503,computed (both variants usable),SBP
2:242378138:G:A,2:242425585:T:G,47447,0.4999119937419891,0.2499120086431503,computed (both variants usable),SBP
2:242378138:G:A,2:242428809:G:T,50671,0.4988439381122589,0.2488452792167663,computed (both variants usable),SBP
2:242378138:G:A,2:242428910:G:A,50772,0.4988439381122589,0.2488452792167663,computed (both variants usable),SBP
2:242378138:G:A,2:242432704:G:C,54566,0.4940467178821563,0.2440821528434753,computed (both variants usable),SBP
2:242378138:G:A,2:242436238:C:T,58100,0.5015796422958374,0.2515821456909179,computed (both variants usable),SBP
2:242378138:G:A,2:242437375:T:C,59237,0.4877133369445801,0.2378643006086349,computed (both variants usable),SBP
2:242378138:G:A,2:242439071:G:A,60933,0.4940467178821563,0.2440821528434753,computed (both variants usable),SBP
2:242378138:G:A,2:242440663:G:A,62525,0.4892436265945434,0.2393593192100525,computed (both variants usable),SBP
2:242378138:G:A,2:242442847:C:G,64709,0.4808234274387359,0.2311911731958389,computed (both variants usable),SBP
2:242378138:G:A,2:242442856:G:A,64718,0.4797833859920501,0.230192095041275,computed (both variants usable),SBP
2:242378138:G:A,2:242443091:G:A,64953,0.4808234274387359,0.2311911731958389,computed (both variants usable),SBP
2:242378138:G:A,2:242444758:C:T,66620,0.4845896363258362,0.2348271161317825,computed (both variants usable),SBP
2:242378138:G:A,2:242445040:T:A,66902,0.4845896363258362,0.2348271161317825,computed (both variants usable),SBP
2:242378138:G:A,2:242445336:A:G,67198,0.3828476369380951,0.1465723067522049,computed (both variants usable),SBP
2:242378138:G:A,2:242530571:C:T,152433,0.0525892563164234,0.0027656299062073,computed (both variants usable),SBP
2:242396033:A:G,2:242396087:A:T,54,0.9641779661178588,0.9296391606330872,computed (both variants usable),SBP
2:242396033:A:G,2:242396804:T:C,771,0.4351777136325836,0.1893796473741531,computed (both variants usable),SBP
2:242396033:A:G,2:242399927:G:A,3894,0.9916270971298218,0.9833242893218994,computed (both variants usable),SBP
2:242396033:A:G,2:242400597:A:G,4564,0.9999986886978148,0.99999737739563,computed (both variants usable),SBP
2:242396033:A:G,2:242401002:T:C,4969,0.9916270971298218,0.9833242893218994,computed (both variants usable),SBP
2:242396033:A:G,2:242403921:T:A,7888,0.8594637513160706,0.7386779189109802,computed (both variants usable),SBP
2:242396033:A:G,2:242404135:G:T,8102,0.9999986886978148,0.99999737739563,computed (both variants usable),SBP
2:242396033:A:G,2:242404661:T:C,8628,0.9916270971298218,0.9833242893218994,computed (both variants usable),SBP
2:242396033:A:G,2:242409895:A:G,13862,0.9916270971298218,0.9833242893218994,computed (both variants usable),SBP
2:242396033:A:G,2:242409933:A:G,13900,0.9916270971298218,0.9833242893218994,computed (both variants usable),SBP
2:242396033:A:G,2:242410081:T:C,14048,0.985416829586029,0.9710463285446168,computed (both variants usable),SBP
2:242396033:A:G,2:242410784:G:A,14751,0.9916270971298218,0.9833242893218994,computed (both variants usable),SBP
2:242396033:A:G,2:242410948:A:G,14915,0.9999986886978148,0.99999737739563,computed (both variants usable),SBP
2:242396033:A:G,2:242411069:T:C,15036,0.9647860527038574,0.930812120437622,computed (both variants usable),SBP
2:242396033:A:G,2:242411071:T:G,15038,0.9647860527038574,0.930812120437622,computed (both variants usable),SBP
2:242396033:A:G,2:242411190:A:G,15157,0.9916270971298218,0.9833242893218994,computed (both variants usable),SBP
2:242396033:A:G,2:242411407:A:G,15374,0.9916270971298218,0.9833242893218994,computed (both variants usable),SBP
2:242396033:A:G,2:242411836:G:A,15803,0.9916270971298218,0.9833242893218994,computed (both variants usable),SBP
2:242396033:A:G,2:242412109:T:C,16076,0.8594637513160706,0.7386779189109802,computed (both variants usable),SBP
2:242396033:A:G,2:242413908:A:C,17875,0.9916270971298218,0.9833242893218994,computed (both variants usable),SBP
2:242396033:A:G,2:242415617:A:G,19584,0.9916270971298218,0.9833242893218994,computed (both variants usable),SBP
2:242396033:A:G,2:242416009:C:T,19976,0.9916270971298218,0.9833242893218994,computed (both variants usable),SBP
2:242396033:A:G,2:242418808:G:T,22775,0.9895063042640686,0.9791226983070374,computed (both variants usable),SBP
2:242396033:A:G,2:242422404:C:T,26371,0.5206992626190186,0.2711277306079864,computed (both variants usable),SBP
2:242396033:A:G,2:242424110:T:C,28077,0.9916270971298218,0.9833242893218994,computed (both variants usable),SBP
2:242396033:A:G,2:242425585:T:G,29552,0.9916270971298218,0.9833242893218994,computed (both variants usable),SBP
2:242396033:A:G,2:242428809:G:T,32776,0.9895508289337158,0.9792108535766602,computed (both variants usable),SBP
2:242396033:A:G,2:242428910:G:A,32877,0.9895508289337158,0.9792108535766602,computed (both variants usable),SBP
2:242396033:A:G,2:242432704:G:C,36671,0.9874234795570374,0.9750051498413086,computed (both variants usable),SBP
2:242396033:A:G,2:242436238:C:T,40205,0.989473044872284,0.9790568947792052,computed (both variants usable),SBP
2:242396033:A:G,2:242437375:T:C,41342,0.97506982088089,0.9507611393928528,computed (both variants usable),SBP
2:242396033:A:G,2:242439071:G:A,43038,0.9874234795570374,0.9750051498413086,computed (both variants usable),SBP
2:242396033:A:G,2:242440663:G:A,44630,0.985300600528717,0.9708172678947448,computed (both variants usable),SBP
2:242396033:A:G,2:242442847:C:G,46814,0.968840479850769,0.9386518597602844,computed (both variants usable),SBP
2:242396033:A:G,2:242442856:G:A,46823,0.9668117165565492,0.9347248673439026,computed (both variants usable),SBP
2:242396033:A:G,2:242443091:G:A,47058,0.968840479850769,0.9386518597602844,computed (both variants usable),SBP
2:242396033:A:G,2:242444758:C:T,48725,0.9689724445343018,0.9389076232910156,computed (both variants usable),SBP
2:242396033:A:G,2:242445040:T:A,49007,0.9689724445343018,0.9389076232910156,computed (both variants usable),SBP
2:242396033:A:G,2:242445336:A:G,49303,0.7641516327857971,0.5839276909828186,computed (both variants usable),SBP
2:242396033:A:G,2:242530571:C:T,134538,0.0969972908496856,0.0094084739685058,computed (both variants usable),SBP
2:242396087:A:T,2:242396804:T:C,717,0.3974846303462982,0.1579940319061279,computed (both variants usable),SBP
2:242396087:A:T,2:242399927:G:A,3840,0.9728465676307678,0.9464304447174072,computed (both variants usable),SBP
2:242396087:A:T,2:242400597:A:G,4510,0.9641779661178588,0.9296391606330872,computed (both variants usable),SBP
2:242396087:A:T,2:242401002:T:C,4915,0.9728465676307678,0.9464304447174072,computed (both variants usable),SBP
2:242396087:A:T,2:242403921:T:A,7834,0.8427191972732544,0.710175633430481,computed (both variants usable),SBP
2:242396087:A:T,2:242404135:G:T,8048,0.9641779661178588,0.9296391606330872,computed (both variants usable),SBP
2:242396087:A:T,2:242404661:T:C,8574,0.9728465676307678,0.9464304447174072,computed (both variants usable),SBP
2:242396087:A:T,2:242409895:A:G,13808,0.9728465676307678,0.9464304447174072,computed (both variants usable),SBP
2:242396087:A:T,2:242409933:A:G,13846,0.9728465676307678,0.9464304447174072,computed (both variants usable),SBP
2:242396087:A:T,2:242410081:T:C,13994,0.9667291045188904,0.9345651865005492,computed (both variants usable),SBP
2:242396087:A:T,2:242410784:G:A,14697,0.9728465676307678,0.9464304447174072,computed (both variants usable),SBP
2:242396087:A:T,2:242410948:A:G,14861,0.9641779661178588,0.9296391606330872,computed (both variants usable),SBP
2:242396087:A:T,2:242411069:T:C,14982,0.9462615251541138,0.8954108953475952,computed (both variants usable),SBP
2:242396087:A:T,2:242411071:T:G,14984,0.9462615251541138,0.8954108953475952,computed (both variants usable),SBP
2:242396087:A:T,2:242411190:A:G,15103,0.9728465676307678,0.9464304447174072,computed (both variants usable),SBP
2:242396087:A:T,2:242411407:A:G,15320,0.9728465676307678,0.9464304447174072,computed (both variants usable),SBP
2:242396087:A:T,2:242411836:G:A,15749,0.9728465676307678,0.9464304447174072,computed (both variants usable),SBP
2:242396087:A:T,2:242412109:T:C,16022,0.8427191972732544,0.710175633430481,computed (both variants usable),SBP
2:242396087:A:T,2:242413908:A:C,17821,0.9728465676307678,0.9464304447174072,computed (both variants usable),SBP
2:242396087:A:T,2:242415617:A:G,19530,0.9728465676307678,0.9464304447174072,computed (both variants usable),SBP
2:242396087:A:T,2:242416009:C:T,19922,0.9728465676307678,0.9464304447174072,computed (both variants usable),SBP
2:242396087:A:T,2:242418808:G:T,22721,0.9706772565841676,0.94221431016922,computed (both variants usable),SBP
2:242396087:A:T,2:242422404:C:T,26317,0.4587621688842773,0.2104627341032028,computed (both variants usable),SBP
2:242396087:A:T,2:242424110:T:C,28023,0.9728465676307678,0.9464304447174072,computed (both variants usable),SBP
2:242396087:A:T,2:242425585:T:G,29498,0.9728465676307678,0.9464304447174072,computed (both variants usable),SBP
2:242396087:A:T,2:242428809:G:T,32722,0.970799684524536,0.9424520134925842,computed (both variants usable),SBP
2:242396087:A:T,2:242428910:G:A,32823,0.970799684524536,0.9424520134925842,computed (both variants usable),SBP
2:242396087:A:T,2:242432704:G:C,36617,0.968627631664276,0.9382395148277284,computed (both variants usable),SBP
2:242396087:A:T,2:242436238:C:T,40151,0.9534698128700256,0.9091047048568726,computed (both variants usable),SBP
2:242396087:A:T,2:242437375:T:C,41288,0.9564666748046876,0.9148284792900084,computed (both variants usable),SBP
2:242396087:A:T,2:242439071:G:A,42984,0.968627631664276,0.9382395148277284,computed (both variants usable),SBP
2:242396087:A:T,2:242440663:G:A,44576,0.9664563536643982,0.9340378642082214,computed (both variants usable),SBP
2:242396087:A:T,2:242442847:C:G,46760,0.9502533674240112,0.902981460094452,computed (both variants usable),SBP
2:242396087:A:T,2:242442856:G:A,46769,0.948257327079773,0.8991919755935669,computed (both variants usable),SBP
2:242396087:A:T,2:242443091:G:A,47004,0.9502533674240112,0.902981460094452,computed (both variants usable),SBP
2:242396087:A:T,2:242444758:C:T,48671,0.9504629373550416,0.9033797979354858,computed (both variants usable),SBP
2:242396087:A:T,2:242445040:T:A,48953,0.9504629373550416,0.9033797979354858,computed (both variants usable),SBP
2:242396087:A:T,2:242445336:A:G,49249,0.7488230466842651,0.5607359409332275,computed (both variants usable),SBP
2:242396087:A:T,2:242530571:C:T,134484,0.0859878212213516,0.0073939054273068,computed (both variants usable),SBP
2:242396804:T:C,2:242399927:G:A,3123,0.4332810938358307,0.1877325028181076,computed (both variants usable),SBP
2:242396804:T:C,2:242400597:A:G,3793,0.4351777136325836,0.1893796473741531,computed (both variants usable),SBP
2:242396804:T:C,2:242401002:T:C,4198,0.4332810938358307,0.1877325028181076,computed (both variants usable),SBP
2:242396804:T:C,2:242403921:T:A,7117,0.54599529504776,0.2981108725070953,computed (both variants usable),SBP
2:242396804:T:C,2:242404135:G:T,7331,0.4351777136325836,0.1893796473741531,computed (both variants usable),SBP
2:242396804:T:C,2:242404661:T:C,7857,0.4332810938358307,0.1877325028181076,computed (both variants usable),SBP
2:242396804:T:C,2:242409895:A:G,13091,0.4332810938358307,0.1877325028181076,computed (both variants usable),SBP
2:242396804:T:C,2:242409933:A:G,13129,0.4332810938358307,0.1877325028181076,computed (both variants usable),SBP
2:242396804:T:C,2:242410081:T:C,13277,0.4285757541656494,0.1836771816015243,computed (both variants usable),SBP
2:242396804:T:C,2:242410784:G:A,13980,0.4332810938358307,0.1877325028181076,computed (both variants usable),SBP
2:242396804:T:C,2:242410948:A:G,14144,0.4351777136325836,0.1893796473741531,computed (both variants usable),SBP
2:242396804:T:C,2:242411069:T:C,14265,0.4192506968975067,0.1757711470127105,computed (both variants usable),SBP
2:242396804:T:C,2:242411071:T:G,14267,0.4192506968975067,0.1757711470127105,computed (both variants usable),SBP
2:242396804:T:C,2:242411190:A:G,14386,0.4332810938358307,0.1877325028181076,computed (both variants usable),SBP
2:242396804:T:C,2:242411407:A:G,14603,0.4332810938358307,0.1877325028181076,computed (both variants usable),SBP
2:242396804:T:C,2:242411836:G:A,15032,0.4332810938358307,0.1877325028181076,computed (both variants usable),SBP
2:242396804:T:C,2:242412109:T:C,15305,0.54599529504776,0.2981108725070953,computed (both variants usable),SBP
2:242396804:T:C,2:242413908:A:C,17104,0.4332810938358307,0.1877325028181076,computed (both variants usable),SBP
2:242396804:T:C,2:242415617:A:G,18813,0.4332810938358307,0.1877325028181076,computed (both variants usable),SBP
2:242396804:T:C,2:242416009:C:T,19205,0.4332810938358307,0.1877325028181076,computed (both variants usable),SBP
2:242396804:T:C,2:242418808:G:T,22004,0.4304363429546356,0.185275450348854,computed (both variants usable),SBP
2:242396804:T:C,2:242422404:C:T,25600,0.6123185753822327,0.374934047460556,computed (both variants usable),SBP
2:242396804:T:C,2:242424110:T:C,27306,0.4332810938358307,0.1877325028181076,computed (both variants usable),SBP
2:242396804:T:C,2:242425585:T:G,28781,0.4332810938358307,0.1877325028181076,computed (both variants usable),SBP
2:242396804:T:C,2:242428809:G:T,32005,0.4317088723182678,0.1863725483417511,computed (both variants usable),SBP
2:242396804:T:C,2:242428910:G:A,32106,0.4317088723182678,0.1863725483417511,computed (both variants usable),SBP
2:242396804:T:C,2:242432704:G:C,35900,0.4288622140884399,0.1839227974414825,computed (both variants usable),SBP
2:242396804:T:C,2:242436238:C:T,39434,0.4355161488056183,0.1896743178367614,computed (both variants usable),SBP
2:242396804:T:C,2:242437375:T:C,40571,0.4238993227481842,0.1796906292438507,computed (both variants usable),SBP
2:242396804:T:C,2:242439071:G:A,42267,0.4288622140884399,0.1839227974414825,computed (both variants usable),SBP
2:242396804:T:C,2:242440663:G:A,43859,0.4260153174400329,0.1814890503883361,computed (both variants usable),SBP
2:242396804:T:C,2:242442847:C:G,46043,0.4135365486145019,0.1710124760866165,computed (both variants usable),SBP
2:242396804:T:C,2:242442856:G:A,46052,0.4119919240474701,0.1697373390197754,computed (both variants usable),SBP
2:242396804:T:C,2:242443091:G:A,46287,0.4135365486145019,0.1710124760866165,computed (both variants usable),SBP
2:242396804:T:C,2:242444758:C:T,47954,0.4148500561714172,0.1721005737781524,computed (both variants usable),SBP
2:242396804:T:C,2:242445040:T:A,48236,0.4148500561714172,0.1721005737781524,computed (both variants usable),SBP
2:242396804:T:C,2:242445336:A:G,48532,0.2632558345794678,0.0693036317825317,computed (both variants usable),SBP
2:242396804:T:C,2:242530571:C:T,133767,0.0648070648312568,0.004199955612421,computed (both variants usable),SBP
2:242399927:G:A,2:242400597:A:G,670,0.9916270971298218,0.9833242893218994,computed (both variants usable),SBP
2:242399927:G:A,2:242401002:T:C,1075,0.9999976754188538,0.9999953508377076,computed (both variants usable),SBP
2:242399927:G:A,2:242403921:T:A,3994,0.8667204976081848,0.7512044310569763,computed (both variants usable),SBP
2:242399927:G:A,2:242404135:G:T,4208,0.9916270971298218,0.9833242893218994,computed (both variants usable),SBP
2:242399927:G:A,2:242404661:T:C,4734,0.9999976754188538,0.9999953508377076,computed (both variants usable),SBP
2:242399927:G:A,2:242409895:A:G,9968,0.9999976754188538,0.9999953508377076,computed (both variants usable),SBP
2:242399927:G:A,2:242409933:A:G,10006,0.9999976754188538,0.9999953508377076,computed (both variants usable),SBP
2:242399927:G:A,2:242410081:T:C,10154,0.993732750415802,0.987504780292511,computed (both variants usable),SBP
2:242399927:G:A,2:242410784:G:A,10857,0.9999976754188538,0.9999953508377076,computed (both variants usable),SBP
2:242399927:G:A,2:242410948:A:G,11021,0.9916270971298218,0.9833242893218994,computed (both variants usable),SBP
2:242399927:G:A,2:242411069:T:C,11142,0.9730195999145508,0.9467671513557434,computed (both variants usable),SBP
2:242399927:G:A,2:242411071:T:G,11144,0.9730195999145508,0.9467671513557434,computed (both variants usable),SBP
2:242399927:G:A,2:242411190:A:G,11263,0.9999976754188538,0.9999953508377076,computed (both variants usable),SBP
2:242399927:G:A,2:242411407:A:G,11480,0.9999976754188538,0.9999953508377076,computed (both variants usable),SBP
2:242399927:G:A,2:242411836:G:A,11909,0.9999976754188538,0.9999953508377076,computed (both variants usable),SBP
2:242399927:G:A,2:242412109:T:C,12182,0.8667204976081848,0.7512044310569763,computed (both variants usable),SBP
2:242399927:G:A,2:242413908:A:C,13981,0.9999976754188538,0.9999953508377076,computed (both variants usable),SBP
2:242399927:G:A,2:242415617:A:G,15690,0.9999976754188538,0.9999953508377076,computed (both variants usable),SBP
2:242399927:G:A,2:242416009:C:T,16082,0.9999976754188538,0.9999953508377076,computed (both variants usable),SBP
2:242399927:G:A,2:242418808:G:T,18881,0.9978998303413392,0.9958040714263916,computed (both variants usable),SBP
2:242399927:G:A,2:242422404:C:T,22477,0.5163028836250305,0.266568660736084,computed (both variants usable),SBP
2:242399927:G:A,2:242424110:T:C,24183,0.9999976754188538,0.9999953508377076,computed (both variants usable),SBP
2:242399927:G:A,2:242425585:T:G,25658,0.9999976754188538,0.9999953508377076,computed (both variants usable),SBP
2:242399927:G:A,2:242428809:G:T,28882,0.9979044198989868,0.995813250541687,computed (both variants usable),SBP
2:242399927:G:A,2:242428910:G:A,28983,0.9979044198989868,0.995813250541687,computed (both variants usable),SBP
2:242399927:G:A,2:242432704:G:C,32777,0.9958022236824036,0.9916220903396606,computed (both variants usable),SBP
2:242399927:G:A,2:242436238:C:T,36311,0.9811628460884094,0.9626805186271667,computed (both variants usable),SBP
2:242399927:G:A,2:242437375:T:C,37448,0.9833453297615052,0.9669680595397948,computed (both variants usable),SBP
2:242399927:G:A,2:242439071:G:A,39144,0.9958022236824036,0.9916220903396606,computed (both variants usable),SBP
2:242399927:G:A,2:242440663:G:A,40736,0.993702471256256,0.9874445796012878,computed (both variants usable),SBP
2:242399927:G:A,2:242442847:C:G,42920,0.9771057963371276,0.9547357559204102,computed (both variants usable),SBP
2:242399927:G:A,2:242442856:G:A,42929,0.9750601649284364,0.9507423043251038,computed (both variants usable),SBP
2:242399927:G:A,2:242443091:G:A,43164,0.9771057963371276,0.9547357559204102,computed (both variants usable),SBP
2:242399927:G:A,2:242444758:C:T,44831,0.977197766304016,0.954915463924408,computed (both variants usable),SBP
2:242399927:G:A,2:242445040:T:A,45113,0.977197766304016,0.954915463924408,computed (both variants usable),SBP
2:242399927:G:A,2:242445336:A:G,45409,0.7706032395362854,0.593829333782196,computed (both variants usable),SBP
2:242399927:G:A,2:242530571:C:T,130644,0.0909450501203537,0.0082710022106766,computed (both variants usable),SBP
2:242400597:A:G,2:242401002:T:C,405,0.9916270971298218,0.9833242893218994,computed (both variants usable),SBP
2:242400597:A:G,2:242403921:T:A,3324,0.8594637513160706,0.7386779189109802,computed (both variants usable),SBP
2:242400597:A:G,2:242404135:G:T,3538,0.9999986886978148,0.99999737739563,computed (both variants usable),SBP
2:242400597:A:G,2:242404661:T:C,4064,0.9916270971298218,0.9833242893218994,computed (both variants usable),SBP
2:242400597:A:G,2:242409895:A:G,9298,0.9916270971298218,0.9833242893218994,computed (both variants usable),SBP
2:242400597:A:G,2:242409933:A:G,9336,0.9916270971298218,0.9833242893218994,computed (both variants usable),SBP
2:242400597:A:G,2:242410081:T:C,9484,0.985416829586029,0.9710463285446168,computed (both variants usable),SBP
2:242400597:A:G,2:242410784:G:A,10187,0.9916270971298218,0.9833242893218994,computed (both variants usable),SBP
2:242400597:A:G,2:242410948:A:G,10351,0.9999986886978148,0.99999737739563,computed (both variants usable),SBP
2:242400597:A:G,2:242411069:T:C,10472,0.9647860527038574,0.930812120437622,computed (both variants usable),SBP
2:242400597:A:G,2:242411071:T:G,10474,0.9647860527038574,0.930812120437622,computed (both variants usable),SBP
2:242400597:A:G,2:242411190:A:G,10593,0.9916270971298218,0.9833242893218994,computed (both variants usable),SBP
2:242400597:A:G,2:242411407:A:G,10810,0.9916270971298218,0.9833242893218994,computed (both variants usable),SBP
2:242400597:A:G,2:242411836:G:A,11239,0.9916270971298218,0.9833242893218994,computed (both variants usable),SBP
2:242400597:A:G,2:242412109:T:C,11512,0.8594637513160706,0.7386779189109802,computed (both variants usable),SBP
2:242400597:A:G,2:242413908:A:C,13311,0.9916270971298218,0.9833242893218994,computed (both variants usable),SBP
2:242400597:A:G,2:242415617:A:G,15020,0.9916270971298218,0.9833242893218994,computed (both variants usable),SBP
2:242400597:A:G,2:242416009:C:T,15412,0.9916270971298218,0.9833242893218994,computed (both variants usable),SBP
2:242400597:A:G,2:242418808:G:T,18211,0.9895063042640686,0.9791226983070374,computed (both variants usable),SBP
2:242400597:A:G,2:242422404:C:T,21807,0.5206992626190186,0.2711277306079864,computed (both variants usable),SBP
2:242400597:A:G,2:242424110:T:C,23513,0.9916270971298218,0.9833242893218994,computed (both variants usable),SBP
2:242400597:A:G,2:242425585:T:G,24988,0.9916270971298218,0.9833242893218994,computed (both variants usable),SBP
2:242400597:A:G,2:242428809:G:T,28212,0.9895508289337158,0.9792108535766602,computed (both variants usable),SBP
2:242400597:A:G,2:242428910:G:A,28313,0.9895508289337158,0.9792108535766602,computed (both variants usable),SBP
2:242400597:A:G,2:242432704:G:C,32107,0.9874234795570374,0.9750051498413086,computed (both variants usable),SBP
2:242400597:A:G,2:242436238:C:T,35641,0.989473044872284,0.9790568947792052,computed (both variants usable),SBP
2:242400597:A:G,2:242437375:T:C,36778,0.97506982088089,0.9507611393928528,computed (both variants usable),SBP
2:242400597:A:G,2:242439071:G:A,38474,0.9874234795570374,0.9750051498413086,computed (both variants usable),SBP
2:242400597:A:G,2:242440663:G:A,40066,0.985300600528717,0.9708172678947448,computed (both variants usable),SBP
2:242400597:A:G,2:242442847:C:G,42250,0.968840479850769,0.9386518597602844,computed (both variants usable),SBP
2:242400597:A:G,2:242442856:G:A,42259,0.9668117165565492,0.9347248673439026,computed (both variants usable),SBP
2:242400597:A:G,2:242443091:G:A,42494,0.968840479850769,0.9386518597602844,computed (both variants usable),SBP
2:242400597:A:G,2:242444758:C:T,44161,0.9689724445343018,0.9389076232910156,computed (both variants usable),SBP
2:242400597:A:G,2:242445040:T:A,44443,0.9689724445343018,0.9389076232910156,computed (both variants usable),SBP
2:242400597:A:G,2:242445336:A:G,44739,0.7641516327857971,0.5839276909828186,computed (both variants usable),SBP
2:242400597:A:G,2:242530571:C:T,129974,0.0969972908496856,0.0094084739685058,computed (both variants usable),SBP
2:242401002:T:C,2:242403921:T:A,2919,0.8667204976081848,0.7512044310569763,computed (both variants usable),SBP
2:242401002:T:C,2:242404135:G:T,3133,0.9916270971298218,0.9833242893218994,computed (both variants usable),SBP
2:242401002:T:C,2:242404661:T:C,3659,0.9999976754188538,0.9999953508377076,computed (both variants usable),SBP
2:242401002:T:C,2:242409895:A:G,8893,0.9999976754188538,0.9999953508377076,computed (both variants usable),SBP
2:242401002:T:C,2:242409933:A:G,8931,0.9999976754188538,0.9999953508377076,computed (both variants usable),SBP
2:242401002:T:C,2:242410081:T:C,9079,0.993732750415802,0.987504780292511,computed (both variants usable),SBP
2:242401002:T:C,2:242410784:G:A,9782,0.9999976754188538,0.9999953508377076,computed (both variants usable),SBP
2:242401002:T:C,2:242410948:A:G,9946,0.9916270971298218,0.9833242893218994,computed (both variants usable),SBP
2:242401002:T:C,2:242411069:T:C,10067,0.9730195999145508,0.9467671513557434,computed (both variants usable),SBP
2:242401002:T:C,2:242411071:T:G,10069,0.9730195999145508,0.9467671513557434,computed (both variants usable),SBP
2:242401002:T:C,2:242411190:A:G,10188,0.9999976754188538,0.9999953508377076,computed (both variants usable),SBP
2:242401002:T:C,2:242411407:A:G,10405,0.9999976754188538,0.9999953508377076,computed (both variants usable),SBP
2:242401002:T:C,2:242411836:G:A,10834,0.9999976754188538,0.9999953508377076,computed (both variants usable),SBP
2:242401002:T:C,2:242412109:T:C,11107,0.8667204976081848,0.7512044310569763,computed (both variants usable),SBP
2:242401002:T:C,2:242413908:A:C,12906,0.9999976754188538,0.9999953508377076,computed (both variants usable),SBP
2:242401002:T:C,2:242415617:A:G,14615,0.9999976754188538,0.9999953508377076,computed (both variants usable),SBP
2:242401002:T:C,2:242416009:C:T,15007,0.9999976754188538,0.9999953508377076,computed (both variants usable),SBP
2:242401002:T:C,2:242418808:G:T,17806,0.9978998303413392,0.9958040714263916,computed (both variants usable),SBP
2:242401002:T:C,2:242422404:C:T,21402,0.5163028836250305,0.266568660736084,computed (both variants usable),SBP
2:242401002:T:C,2:242424110:T:C,23108,0.9999976754188538,0.9999953508377076,computed (both variants usable),SBP
2:242401002:T:C,2:242425585:T:G,24583,0.9999976754188538,0.9999953508377076,computed (both variants usable),SBP
2:242401002:T:C,2:242428809:G:T,27807,0.9979044198989868,0.995813250541687,computed (both variants usable),SBP
2:242401002:T:C,2:242428910:G:A,27908,0.9979044198989868,0.995813250541687,computed (both variants usable),SBP
2:242401002:T:C,2:242432704:G:C,31702,0.9958022236824036,0.9916220903396606,computed (both variants usable),SBP
2:242401002:T:C,2:242436238:C:T,35236,0.9811628460884094,0.9626805186271667,computed (both variants usable),SBP
2:242401002:T:C,2:242437375:T:C,36373,0.9833453297615052,0.9669680595397948,computed (both variants usable),SBP
2:242401002:T:C,2:242439071:G:A,38069,0.9958022236824036,0.9916220903396606,computed (both variants usable),SBP
2:242401002:T:C,2:242440663:G:A,39661,0.993702471256256,0.9874445796012878,computed (both variants usable),SBP
2:242401002:T:C,2:242442847:C:G,41845,0.9771057963371276,0.9547357559204102,computed (both variants usable),SBP
2:242401002:T:C,2:242442856:G:A,41854,0.9750601649284364,0.9507423043251038,computed (both variants usable),SBP
2:242401002:T:C,2:242443091:G:A,42089,0.9771057963371276,0.9547357559204102,computed (both variants usable),SBP
2:242401002:T:C,2:242444758:C:T,43756,0.977197766304016,0.954915463924408,computed (both variants usable),SBP
2:242401002:T:C,2:242445040:T:A,44038,0.977197766304016,0.954915463924408,computed (both variants usable),SBP
2:242401002:T:C,2:242445336:A:G,44334,0.7706032395362854,0.593829333782196,computed (both variants usable),SBP
2:242401002:T:C,2:242530571:C:T,129569,0.0909450501203537,0.0082710022106766,computed (both variants usable),SBP
2:242403921:T:A,2:242404135:G:T,214,0.8594637513160706,0.7386779189109802,computed (both variants usable),SBP
2:242403921:T:A,2:242404661:T:C,740,0.8667204976081848,0.7512044310569763,computed (both variants usable),SBP
2:242403921:T:A,2:242409895:A:G,5974,0.8667204976081848,0.7512044310569763,computed (both variants usable),SBP
2:242403921:T:A,2:242409933:A:G,6012,0.8667204976081848,0.7512044310569763,computed (both variants usable),SBP
2:242403921:T:A,2:242410081:T:C,6160,0.859900712966919,0.739429235458374,computed (both variants usable),SBP
2:242403921:T:A,2:242410784:G:A,6863,0.8667204976081848,0.7512044310569763,computed (both variants usable),SBP
2:242403921:T:A,2:242410948:A:G,7027,0.8594637513160706,0.7386779189109802,computed (both variants usable),SBP
2:242403921:T:A,2:242411069:T:C,7148,0.8382477760314941,0.7026593089103699,computed (both variants usable),SBP
2:242403921:T:A,2:242411071:T:G,7150,0.8382477760314941,0.7026593089103699,computed (both variants usable),SBP
2:242403921:T:A,2:242411190:A:G,7269,0.8667204976081848,0.7512044310569763,computed (both variants usable),SBP
2:242403921:T:A,2:242411407:A:G,7486,0.8667204976081848,0.7512044310569763,computed (both variants usable),SBP
2:242403921:T:A,2:242411836:G:A,7915,0.8667204976081848,0.7512044310569763,computed (both variants usable),SBP
2:242403921:T:A,2:242412109:T:C,8188,0.9999979138374328,0.9999958276748656,computed (both variants usable),SBP
2:242403921:T:A,2:242413908:A:C,9987,0.8667204976081848,0.7512044310569763,computed (both variants usable),SBP
2:242403921:T:A,2:242415617:A:G,11696,0.8667204976081848,0.7512044310569763,computed (both variants usable),SBP
2:242403921:T:A,2:242416009:C:T,12088,0.8667204976081848,0.7512044310569763,computed (both variants usable),SBP
2:242403921:T:A,2:242418808:G:T,14887,0.8649031519889832,0.74805748462677,computed (both variants usable),SBP
2:242403921:T:A,2:242422404:C:T,18483,0.4468495547771454,0.1996745318174362,computed (both variants usable),SBP
2:242403921:T:A,2:242424110:T:C,20189,0.8667204976081848,0.7512044310569763,computed (both variants usable),SBP
2:242403921:T:A,2:242425585:T:G,21664,0.8667204976081848,0.7512044310569763,computed (both variants usable),SBP
2:242403921:T:A,2:242428809:G:T,24888,0.8644408583641052,0.7472580075263977,computed (both variants usable),SBP
2:242403921:T:A,2:242428910:G:A,24989,0.8644408583641052,0.7472580075263977,computed (both variants usable),SBP
2:242403921:T:A,2:242432704:G:C,28783,0.8626196980476379,0.7441127300262451,computed (both variants usable),SBP
2:242403921:T:A,2:242436238:C:T,32317,0.849931001663208,0.7223827242851257,computed (both variants usable),SBP
2:242403921:T:A,2:242437375:T:C,33454,0.8490429520606995,0.7208739519119263,computed (both variants usable),SBP
2:242403921:T:A,2:242439071:G:A,35150,0.8626196980476379,0.7441127300262451,computed (both variants usable),SBP
2:242403921:T:A,2:242440663:G:A,36742,0.8608004450798035,0.74097740650177,computed (both variants usable),SBP
2:242403921:T:A,2:242442847:C:G,38926,0.8427101373672485,0.7101603746414185,computed (both variants usable),SBP
2:242403921:T:A,2:242442856:G:A,38935,0.8404768109321594,0.7064012885093689,computed (both variants usable),SBP
2:242403921:T:A,2:242443091:G:A,39170,0.8427101373672485,0.7101603746414185,computed (both variants usable),SBP
2:242403921:T:A,2:242444758:C:T,40837,0.8423317074775696,0.7095227241516113,computed (both variants usable),SBP
2:242403921:T:A,2:242445040:T:A,41119,0.8423317074775696,0.7095227241516113,computed (both variants usable),SBP
2:242403921:T:A,2:242445336:A:G,41415,0.6175323128700256,0.3813461661338806,computed (both variants usable),SBP
2:242403921:T:A,2:242530571:C:T,126650,0.085533320903778,0.0073159490711987,computed (both variants usable),SBP
2:242404135:G:T,2:242404661:T:C,526,0.9916270971298218,0.9833242893218994,computed (both variants usable),SBP
2:242404135:G:T,2:242409895:A:G,5760,0.9916270971298218,0.9833242893218994,computed (both variants usable),SBP
2:242404135:G:T,2:242409933:A:G,5798,0.9916270971298218,0.9833242893218994,computed (both variants usable),SBP
2:242404135:G:T,2:242410081:T:C,5946,0.985416829586029,0.9710463285446168,computed (both variants usable),SBP
2:242404135:G:T,2:242410784:G:A,6649,0.9916270971298218,0.9833242893218994,computed (both variants usable),SBP
2:242404135:G:T,2:242410948:A:G,6813,0.9999986886978148,0.99999737739563,computed (both variants usable),SBP
2:242404135:G:T,2:242411069:T:C,6934,0.9647860527038574,0.930812120437622,computed (both variants usable),SBP
2:242404135:G:T,2:242411071:T:G,6936,0.9647860527038574,0.930812120437622,computed (both variants usable),SBP
2:242404135:G:T,2:242411190:A:G,7055,0.9916270971298218,0.9833242893218994,computed (both variants usable),SBP
2:242404135:G:T,2:242411407:A:G,7272,0.9916270971298218,0.9833242893218994,computed (both variants usable),SBP
2:242404135:G:T,2:242411836:G:A,7701,0.9916270971298218,0.9833242893218994,computed (both variants usable),SBP
2:242404135:G:T,2:242412109:T:C,7974,0.8594637513160706,0.7386779189109802,computed (both variants usable),SBP
2:242404135:G:T,2:242413908:A:C,9773,0.9916270971298218,0.9833242893218994,computed (both variants usable),SBP
2:242404135:G:T,2:242415617:A:G,11482,0.9916270971298218,0.9833242893218994,computed (both variants usable),SBP
2:242404135:G:T,2:242416009:C:T,11874,0.9916270971298218,0.9833242893218994,computed (both variants usable),SBP
2:242404135:G:T,2:242418808:G:T,14673,0.9895063042640686,0.9791226983070374,computed (both variants usable),SBP
2:242404135:G:T,2:242422404:C:T,18269,0.5206992626190186,0.2711277306079864,computed (both variants usable),SBP
2:242404135:G:T,2:242424110:T:C,19975,0.9916270971298218,0.9833242893218994,computed (both variants usable),SBP
2:242404135:G:T,2:242425585:T:G,21450,0.9916270971298218,0.9833242893218994,computed (both variants usable),SBP
2:242404135:G:T,2:242428809:G:T,24674,0.9895508289337158,0.9792108535766602,computed (both variants usable),SBP
2:242404135:G:T,2:242428910:G:A,24775,0.9895508289337158,0.9792108535766602,computed (both variants usable),SBP
2:242404135:G:T,2:242432704:G:C,28569,0.9874234795570374,0.9750051498413086,computed (both variants usable),SBP
2:242404135:G:T,2:242436238:C:T,32103,0.989473044872284,0.9790568947792052,computed (both variants usable),SBP
2:242404135:G:T,2:242437375:T:C,33240,0.97506982088089,0.9507611393928528,computed (both variants usable),SBP
2:242404135:G:T,2:242439071:G:A,34936,0.9874234795570374,0.9750051498413086,computed (both variants usable),SBP
2:242404135:G:T,2:242440663:G:A,36528,0.985300600528717,0.9708172678947448,computed (both variants usable),SBP
2:242404135:G:T,2:242442847:C:G,38712,0.968840479850769,0.9386518597602844,computed (both variants usable),SBP
2:242404135:G:T,2:242442856:G:A,38721,0.9668117165565492,0.9347248673439026,computed (both variants usable),SBP
2:242404135:G:T,2:242443091:G:A,38956,0.968840479850769,0.9386518597602844,computed (both variants usable),SBP
2:242404135:G:T,2:242444758:C:T,40623,0.9689724445343018,0.9389076232910156,computed (both variants usable),SBP
2:242404135:G:T,2:242445040:T:A,40905,0.9689724445343018,0.9389076232910156,computed (both variants usable),SBP
2:242404135:G:T,2:242445336:A:G,41201,0.7641516327857971,0.5839276909828186,computed (both variants usable),SBP
2:242404135:G:T,2:242530571:C:T,126436,0.0969972908496856,0.0094084739685058,computed (both variants usable),SBP
2:242404661:T:C,2:242409895:A:G,5234,0.9999976754188538,0.9999953508377076,computed (both variants usable),SBP
2:242404661:T:C,2:242409933:A:G,5272,0.9999976754188538,0.9999953508377076,computed (both variants usable),SBP
2:242404661:T:C,2:242410081:T:C,5420,0.993732750415802,0.987504780292511,computed (both variants usable),SBP
2:242404661:T:C,2:242410784:G:A,6123,0.9999976754188538,0.9999953508377076,computed (both variants usable),SBP
2:242404661:T:C,2:242410948:A:G,6287,0.9916270971298218,0.9833242893218994,computed (both variants usable),SBP
2:242404661:T:C,2:242411069:T:C,6408,0.9730195999145508,0.9467671513557434,computed (both variants usable),SBP
2:242404661:T:C,2:242411071:T:G,6410,0.9730195999145508,0.9467671513557434,computed (both variants usable),SBP
2:242404661:T:C,2:242411190:A:G,6529,0.9999976754188538,0.9999953508377076,computed (both variants usable),SBP
2:242404661:T:C,2:242411407:A:G,6746,0.9999976754188538,0.9999953508377076,computed (both variants usable),SBP
2:242404661:T:C,2:242411836:G:A,7175,0.9999976754188538,0.9999953508377076,computed (both variants usable),SBP
2:242404661:T:C,2:242412109:T:C,7448,0.8667204976081848,0.7512044310569763,computed (both variants usable),SBP
2:242404661:T:C,2:242413908:A:C,9247,0.9999976754188538,0.9999953508377076,computed (both variants usable),SBP
2:242404661:T:C,2:242415617:A:G,10956,0.9999976754188538,0.9999953508377076,computed (both variants usable),SBP
2:242404661:T:C,2:242416009:C:T,11348,0.9999976754188538,0.9999953508377076,computed (both variants usable),SBP
2:242404661:T:C,2:242418808:G:T,14147,0.9978998303413392,0.9958040714263916,computed (both variants usable),SBP
2:242404661:T:C,2:242422404:C:T,17743,0.5163028836250305,0.266568660736084,computed (both variants usable),SBP
2:242404661:T:C,2:242424110:T:C,19449,0.9999976754188538,0.9999953508377076,computed (both variants usable),SBP
2:242404661:T:C,2:242425585:T:G,20924,0.9999976754188538,0.9999953508377076,computed (both variants usable),SBP
2:242404661:T:C,2:242428809:G:T,24148,0.9979044198989868,0.995813250541687,computed (both variants usable),SBP
2:242404661:T:C,2:242428910:G:A,24249,0.9979044198989868,0.995813250541687,computed (both variants usable),SBP
2:242404661:T:C,2:242432704:G:C,28043,0.9958022236824036,0.9916220903396606,computed (both variants usable),SBP
2:242404661:T:C,2:242436238:C:T,31577,0.9811628460884094,0.9626805186271667,computed (both variants usable),SBP
2:242404661:T:C,2:242437375:T:C,32714,0.9833453297615052,0.9669680595397948,computed (both variants usable),SBP
2:242404661:T:C,2:242439071:G:A,34410,0.9958022236824036,0.9916220903396606,computed (both variants usable),SBP
2:242404661:T:C,2:242440663:G:A,36002,0.993702471256256,0.9874445796012878,computed (both variants usable),SBP
2:242404661:T:C,2:242442847:C:G,38186,0.9771057963371276,0.9547357559204102,computed (both variants usable),SBP
2:242404661:T:C,2:242442856:G:A,38195,0.9750601649284364,0.9507423043251038,computed (both variants usable),SBP
2:242404661:T:C,2:242443091:G:A,38430,0.9771057963371276,0.9547357559204102,computed (both variants usable),SBP
2:242404661:T:C,2:242444758:C:T,40097,0.977197766304016,0.954915463924408,computed (both variants usable),SBP
2:242404661:T:C,2:242445040:T:A,40379,0.977197766304016,0.954915463924408,computed (both variants usable),SBP
2:242404661:T:C,2:242445336:A:G,40675,0.7706032395362854,0.593829333782196,computed (both variants usable),SBP
2:242404661:T:C,2:242530571:C:T,125910,0.0909450501203537,0.0082710022106766,computed (both variants usable),SBP
2:242409895:A:G,2:242409933:A:G,38,0.9999976754188538,0.9999953508377076,computed (both variants usable),SBP
2:242409895:A:G,2:242410081:T:C,186,0.993732750415802,0.987504780292511,computed (both variants usable),SBP
2:242409895:A:G,2:242410784:G:A,889,0.9999976754188538,0.9999953508377076,computed (both variants usable),SBP
2:242409895:A:G,2:242410948:A:G,1053,0.9916270971298218,0.9833242893218994,computed (both variants usable),SBP
2:242409895:A:G,2:242411069:T:C,1174,0.9730195999145508,0.9467671513557434,computed (both variants usable),SBP
2:242409895:A:G,2:242411071:T:G,1176,0.9730195999145508,0.9467671513557434,computed (both variants usable),SBP
2:242409895:A:G,2:242411190:A:G,1295,0.9999976754188538,0.9999953508377076,computed (both variants usable),SBP
2:242409895:A:G,2:242411407:A:G,1512,0.9999976754188538,0.9999953508377076,computed (both variants usable),SBP
2:242409895:A:G,2:242411836:G:A,1941,0.9999976754188538,0.9999953508377076,computed (both variants usable),SBP
2:242409895:A:G,2:242412109:T:C,2214,0.8667204976081848,0.7512044310569763,computed (both variants usable),SBP
2:242409895:A:G,2:242413908:A:C,4013,0.9999976754188538,0.9999953508377076,computed (both variants usable),SBP
2:242409895:A:G,2:242415617:A:G,5722,0.9999976754188538,0.9999953508377076,computed (both variants usable),SBP
2:242409895:A:G,2:242416009:C:T,6114,0.9999976754188538,0.9999953508377076,computed (both variants usable),SBP
2:242409895:A:G,2:242418808:G:T,8913,0.9978998303413392,0.9958040714263916,computed (both variants usable),SBP
2:242409895:A:G,2:242422404:C:T,12509,0.5163028836250305,0.266568660736084,computed (both variants usable),SBP
2:242409895:A:G,2:242424110:T:C,14215,0.9999976754188538,0.9999953508377076,computed (both variants usable),SBP
2:242409895:A:G,2:242425585:T:G,15690,0.9999976754188538,0.9999953508377076,computed (both variants usable),SBP
2:242409895:A:G,2:242428809:G:T,18914,0.9979044198989868,0.995813250541687,computed (both variants usable),SBP
2:242409895:A:G,2:242428910:G:A,19015,0.9979044198989868,0.995813250541687,computed (both variants usable),SBP
2:242409895:A:G,2:242432704:G:C,22809,0.9958022236824036,0.9916220903396606,computed (both variants usable),SBP
2:242409895:A:G,2:242436238:C:T,26343,0.9811628460884094,0.9626805186271667,computed (both variants usable),SBP
2:242409895:A:G,2:242437375:T:C,27480,0.9833453297615052,0.9669680595397948,computed (both variants usable),SBP
2:242409895:A:G,2:242439071:G:A,29176,0.9958022236824036,0.9916220903396606,computed (both variants usable),SBP
2:242409895:A:G,2:242440663:G:A,30768,0.993702471256256,0.9874445796012878,computed (both variants usable),SBP
2:242409895:A:G,2:242442847:C:G,32952,0.9771057963371276,0.9547357559204102,computed (both variants usable),SBP
2:242409895:A:G,2:242442856:G:A,32961,0.9750601649284364,0.9507423043251038,computed (both variants usable),SBP
2:242409895:A:G,2:242443091:G:A,33196,0.9771057963371276,0.9547357559204102,computed (both variants usable),SBP
2:242409895:A:G,2:242444758:C:T,34863,0.977197766304016,0.954915463924408,computed (both variants usable),SBP
2:242409895:A:G,2:242445040:T:A,35145,0.977197766304016,0.954915463924408,computed (both variants usable),SBP
2:242409895:A:G,2:242445336:A:G,35441,0.7706032395362854,0.593829333782196,computed (both variants usable),SBP
2:242409895:A:G,2:242530571:C:T,120676,0.0909450501203537,0.0082710022106766,computed (both variants usable),SBP
2:242409933:A:G,2:242410081:T:C,148,0.993732750415802,0.987504780292511,computed (both variants usable),SBP
2:242409933:A:G,2:242410784:G:A,851,0.9999976754188538,0.9999953508377076,computed (both variants usable),SBP
2:242409933:A:G,2:242410948:A:G,1015,0.9916270971298218,0.9833242893218994,computed (both variants usable),SBP
2:242409933:A:G,2:242411069:T:C,1136,0.9730195999145508,0.9467671513557434,computed (both variants usable),SBP
2:242409933:A:G,2:242411071:T:G,1138,0.9730195999145508,0.9467671513557434,computed (both variants usable),SBP
2:242409933:A:G,2:242411190:A:G,1257,0.9999976754188538,0.9999953508377076,computed (both variants usable),SBP
2:242409933:A:G,2:242411407:A:G,1474,0.9999976754188538,0.9999953508377076,computed (both variants usable),SBP
2:242409933:A:G,2:242411836:G:A,1903,0.9999976754188538,0.9999953508377076,computed (both variants usable),SBP
2:242409933:A:G,2:242412109:T:C,2176,0.8667204976081848,0.7512044310569763,computed (both variants usable),SBP
2:242409933:A:G,2:242413908:A:C,3975,0.9999976754188538,0.9999953508377076,computed (both variants usable),SBP
2:242409933:A:G,2:242415617:A:G,5684,0.9999976754188538,0.9999953508377076,computed (both variants usable),SBP
2:242409933:A:G,2:242416009:C:T,6076,0.9999976754188538,0.9999953508377076,computed (both variants usable),SBP
2:242409933:A:G,2:242418808:G:T,8875,0.9978998303413392,0.9958040714263916,computed (both variants usable),SBP
2:242409933:A:G,2:242422404:C:T,12471,0.5163028836250305,0.266568660736084,computed (both variants usable),SBP
2:242409933:A:G,2:242424110:T:C,14177,0.9999976754188538,0.9999953508377076,computed (both variants usable),SBP
2:242409933:A:G,2:242425585:T:G,15652,0.9999976754188538,0.9999953508377076,computed (both variants usable),SBP
2:242409933:A:G,2:242428809:G:T,18876,0.9979044198989868,0.995813250541687,computed (both variants usable),SBP
2:242409933:A:G,2:242428910:G:A,18977,0.9979044198989868,0.995813250541687,computed (both variants usable),SBP
2:242409933:A:G,2:242432704:G:C,22771,0.9958022236824036,0.9916220903396606,computed (both variants usable),SBP
2:242409933:A:G,2:242436238:C:T,26305,0.9811628460884094,0.9626805186271667,computed (both variants usable),SBP
2:242409933:A:G,2:242437375:T:C,27442,0.9833453297615052,0.9669680595397948,computed (both variants usable),SBP
2:242409933:A:G,2:242439071:G:A,29138,0.9958022236824036,0.9916220903396606,computed (both variants usable),SBP
2:242409933:A:G,2:242440663:G:A,30730,0.993702471256256,0.9874445796012878,computed (both variants usable),SBP
2:242409933:A:G,2:242442847:C:G,32914,0.9771057963371276,0.9547357559204102,computed (both variants usable),SBP
2:242409933:A:G,2:242442856:G:A,32923,0.9750601649284364,0.9507423043251038,computed (both variants usable),SBP
2:242409933:A:G,2:242443091:G:A,33158,0.9771057963371276,0.9547357559204102,computed (both variants usable),SBP
2:242409933:A:G,2:242444758:C:T,34825,0.977197766304016,0.954915463924408,computed (both variants usable),SBP
2:242409933:A:G,2:242445040:T:A,35107,0.977197766304016,0.954915463924408,computed (both variants usable),SBP
2:242409933:A:G,2:242445336:A:G,35403,0.7706032395362854,0.593829333782196,computed (both variants usable),SBP
2:242409933:A:G,2:242530571:C:T,120638,0.0909450501203537,0.0082710022106766,computed (both variants usable),SBP
2:242410081:T:C,2:242410784:G:A,703,0.993732750415802,0.987504780292511,computed (both variants usable),SBP
2:242410081:T:C,2:242410948:A:G,867,0.985416829586029,0.9710463285446168,computed (both variants usable),SBP
2:242410081:T:C,2:242411069:T:C,988,0.96670001745224,0.9345089197158812,computed (both variants usable),SBP
2:242410081:T:C,2:242411071:T:G,990,0.96670001745224,0.9345089197158812,computed (both variants usable),SBP
2:242410081:T:C,2:242411190:A:G,1109,0.993732750415802,0.987504780292511,computed (both variants usable),SBP
2:242410081:T:C,2:242411407:A:G,1326,0.993732750415802,0.987504780292511,computed (both variants usable),SBP
2:242410081:T:C,2:242411836:G:A,1755,0.993732750415802,0.987504780292511,computed (both variants usable),SBP
2:242410081:T:C,2:242412109:T:C,2028,0.859900712966919,0.739429235458374,computed (both variants usable),SBP
2:242410081:T:C,2:242413908:A:C,3827,0.993732750415802,0.987504780292511,computed (both variants usable),SBP
2:242410081:T:C,2:242415617:A:G,5536,0.993732750415802,0.987504780292511,computed (both variants usable),SBP
2:242410081:T:C,2:242416009:C:T,5928,0.993732750415802,0.987504780292511,computed (both variants usable),SBP
2:242410081:T:C,2:242418808:G:T,8727,0.9916528463363647,0.983375370502472,computed (both variants usable),SBP
2:242410081:T:C,2:242422404:C:T,12323,0.5130391716957092,0.263209193944931,computed (both variants usable),SBP
2:242410081:T:C,2:242424110:T:C,14029,0.993732750415802,0.987504780292511,computed (both variants usable),SBP
2:242410081:T:C,2:242425585:T:G,15504,0.993732750415802,0.987504780292511,computed (both variants usable),SBP
2:242410081:T:C,2:242428809:G:T,18728,0.9916350841522216,0.9833401441574096,computed (both variants usable),SBP
2:242410081:T:C,2:242428910:G:A,18829,0.9916350841522216,0.9833401441574096,computed (both variants usable),SBP
2:242410081:T:C,2:242432704:G:C,22623,0.9895433783531188,0.979196071624756,computed (both variants usable),SBP
2:242410081:T:C,2:242436238:C:T,26157,0.9749959707260132,0.9506171345710754,computed (both variants usable),SBP
2:242410081:T:C,2:242437375:T:C,27294,0.97704017162323,0.9546074867248536,computed (both variants usable),SBP
2:242410081:T:C,2:242439071:G:A,28990,0.9895433783531188,0.979196071624756,computed (both variants usable),SBP
2:242410081:T:C,2:242440663:G:A,30582,0.9874612092971802,0.9750796556472778,computed (both variants usable),SBP
2:242410081:T:C,2:242442847:C:G,32766,0.9708045125007628,0.9424614310264589,computed (both variants usable),SBP
2:242410081:T:C,2:242442856:G:A,32775,0.9687498807907104,0.9384763240814208,computed (both variants usable),SBP
2:242410081:T:C,2:242443091:G:A,33010,0.9708045125007628,0.9424614310264589,computed (both variants usable),SBP
2:242410081:T:C,2:242444758:C:T,34677,0.9708722829818726,0.942592978477478,computed (both variants usable),SBP
2:242410081:T:C,2:242445040:T:A,34959,0.9708722829818726,0.942592978477478,computed (both variants usable),SBP
2:242410081:T:C,2:242445336:A:G,35255,0.7672994136810303,0.5887483954429626,computed (both variants usable),SBP
2:242410081:T:C,2:242530571:C:T,120490,0.0907305628061294,0.0082320347428321,computed (both variants usable),SBP
2:242410784:G:A,2:242410948:A:G,164,0.9916270971298218,0.9833242893218994,computed (both variants usable),SBP
2:242410784:G:A,2:242411069:T:C,285,0.9730195999145508,0.9467671513557434,computed (both variants usable),SBP
2:242410784:G:A,2:242411071:T:G,287,0.9730195999145508,0.9467671513557434,computed (both variants usable),SBP
2:242410784:G:A,2:242411190:A:G,406,0.9999976754188538,0.9999953508377076,computed (both variants usable),SBP
2:242410784:G:A,2:242411407:A:G,623,0.9999976754188538,0.9999953508377076,computed (both variants usable),SBP
2:242410784:G:A,2:242411836:G:A,1052,0.9999976754188538,0.9999953508377076,computed (both variants usable),SBP
2:242410784:G:A,2:242412109:T:C,1325,0.8667204976081848,0.7512044310569763,computed (both variants usable),SBP
2:242410784:G:A,2:242413908:A:C,3124,0.9999976754188538,0.9999953508377076,computed (both variants usable),SBP
2:242410784:G:A,2:242415617:A:G,4833,0.9999976754188538,0.9999953508377076,computed (both variants usable),SBP
2:242410784:G:A,2:242416009:C:T,5225,0.9999976754188538,0.9999953508377076,computed (both variants usable),SBP
2:242410784:G:A,2:242418808:G:T,8024,0.9978998303413392,0.9958040714263916,computed (both variants usable),SBP
2:242410784:G:A,2:242422404:C:T,11620,0.5163028836250305,0.266568660736084,computed (both variants usable),SBP
2:242410784:G:A,2:242424110:T:C,13326,0.9999976754188538,0.9999953508377076,computed (both variants usable),SBP
2:242410784:G:A,2:242425585:T:G,14801,0.9999976754188538,0.9999953508377076,computed (both variants usable),SBP
2:242410784:G:A,2:242428809:G:T,18025,0.9979044198989868,0.995813250541687,computed (both variants usable),SBP
2:242410784:G:A,2:242428910:G:A,18126,0.9979044198989868,0.995813250541687,computed (both variants usable),SBP
2:242410784:G:A,2:242432704:G:C,21920,0.9958022236824036,0.9916220903396606,computed (both variants usable),SBP
2:242410784:G:A,2:242436238:C:T,25454,0.9811628460884094,0.9626805186271667,computed (both variants usable),SBP
2:242410784:G:A,2:242437375:T:C,26591,0.9833453297615052,0.9669680595397948,computed (both variants usable),SBP
2:242410784:G:A,2:242439071:G:A,28287,0.9958022236824036,0.9916220903396606,computed (both variants usable),SBP
2:242410784:G:A,2:242440663:G:A,29879,0.993702471256256,0.9874445796012878,computed (both variants usable),SBP
2:242410784:G:A,2:242442847:C:G,32063,0.9771057963371276,0.9547357559204102,computed (both variants usable),SBP
2:242410784:G:A,2:242442856:G:A,32072,0.9750601649284364,0.9507423043251038,computed (both variants usable),SBP
2:242410784:G:A,2:242443091:G:A,32307,0.9771057963371276,0.9547357559204102,computed (both variants usable),SBP
2:242410784:G:A,2:242444758:C:T,33974,0.977197766304016,0.954915463924408,computed (both variants usable),SBP
2:242410784:G:A,2:242445040:T:A,34256,0.977197766304016,0.954915463924408,computed (both variants usable),SBP
2:242410784:G:A,2:242445336:A:G,34552,0.7706032395362854,0.593829333782196,computed (both variants usable),SBP
2:242410784:G:A,2:242530571:C:T,119787,0.0909450501203537,0.0082710022106766,computed (both variants usable),SBP
2:242410948:A:G,2:242411069:T:C,121,0.9647860527038574,0.930812120437622,computed (both variants usable),SBP
2:242410948:A:G,2:242411071:T:G,123,0.9647860527038574,0.930812120437622,computed (both variants usable),SBP
2:242410948:A:G,2:242411190:A:G,242,0.9916270971298218,0.9833242893218994,computed (both variants usable),SBP
2:242410948:A:G,2:242411407:A:G,459,0.9916270971298218,0.9833242893218994,computed (both variants usable),SBP
2:242410948:A:G,2:242411836:G:A,888,0.9916270971298218,0.9833242893218994,computed (both variants usable),SBP
2:242410948:A:G,2:242412109:T:C,1161,0.8594637513160706,0.7386779189109802,computed (both variants usable),SBP
2:242410948:A:G,2:242413908:A:C,2960,0.9916270971298218,0.9833242893218994,computed (both variants usable),SBP
2:242410948:A:G,2:242415617:A:G,4669,0.9916270971298218,0.9833242893218994,computed (both variants usable),SBP
2:242410948:A:G,2:242416009:C:T,5061,0.9916270971298218,0.9833242893218994,computed (both variants usable),SBP
2:242410948:A:G,2:242418808:G:T,7860,0.9895063042640686,0.9791226983070374,computed (both variants usable),SBP
2:242410948:A:G,2:242422404:C:T,11456,0.5206992626190186,0.2711277306079864,computed (both variants usable),SBP
2:242410948:A:G,2:242424110:T:C,13162,0.9916270971298218,0.9833242893218994,computed (both variants usable),SBP
2:242410948:A:G,2:242425585:T:G,14637,0.9916270971298218,0.9833242893218994,computed (both variants usable),SBP
2:242410948:A:G,2:242428809:G:T,17861,0.9895508289337158,0.9792108535766602,computed (both variants usable),SBP
2:242410948:A:G,2:242428910:G:A,17962,0.9895508289337158,0.9792108535766602,computed (both variants usable),SBP
2:242410948:A:G,2:242432704:G:C,21756,0.9874234795570374,0.9750051498413086,computed (both variants usable),SBP
2:242410948:A:G,2:242436238:C:T,25290,0.989473044872284,0.9790568947792052,computed (both variants usable),SBP
2:242410948:A:G,2:242437375:T:C,26427,0.97506982088089,0.9507611393928528,computed (both variants usable),SBP
2:242410948:A:G,2:242439071:G:A,28123,0.9874234795570374,0.9750051498413086,computed (both variants usable),SBP
2:242410948:A:G,2:242440663:G:A,29715,0.985300600528717,0.9708172678947448,computed (both variants usable),SBP
2:242410948:A:G,2:242442847:C:G,31899,0.968840479850769,0.9386518597602844,computed (both variants usable),SBP
2:242410948:A:G,2:242442856:G:A,31908,0.9668117165565492,0.9347248673439026,computed (both variants usable),SBP
2:242410948:A:G,2:242443091:G:A,32143,0.968840479850769,0.9386518597602844,computed (both variants usable),SBP
2:242410948:A:G,2:242444758:C:T,33810,0.9689724445343018,0.9389076232910156,computed (both variants usable),SBP
2:242410948:A:G,2:242445040:T:A,34092,0.9689724445343018,0.9389076232910156,computed (both variants usable),SBP
2:242410948:A:G,2:242445336:A:G,34388,0.7641516327857971,0.5839276909828186,computed (both variants usable),SBP
2:242410948:A:G,2:242530571:C:T,119623,0.0969972908496856,0.0094084739685058,computed (both variants usable),SBP
2:242411069:T:C,2:242411071:T:G,2,0.9999994039535522,0.9999988079071044,computed (both variants usable),SBP
2:242411069:T:C,2:242411190:A:G,121,0.9730195999145508,0.9467671513557434,computed (both variants usable),SBP
2:242411069:T:C,2:242411407:A:G,338,0.9730195999145508,0.9467671513557434,computed (both variants usable),SBP
2:242411069:T:C,2:242411836:G:A,767,0.9730195999145508,0.9467671513557434,computed (both variants usable),SBP
2:242411069:T:C,2:242412109:T:C,1040,0.8382477760314941,0.7026593089103699,computed (both variants usable),SBP
2:242411069:T:C,2:242413908:A:C,2839,0.9730195999145508,0.9467671513557434,computed (both variants usable),SBP
2:242411069:T:C,2:242415617:A:G,4548,0.9730195999145508,0.9467671513557434,computed (both variants usable),SBP
2:242411069:T:C,2:242416009:C:T,4940,0.9730195999145508,0.9467671513557434,computed (both variants usable),SBP
2:242411069:T:C,2:242418808:G:T,7739,0.9709576368331908,0.9427587389945984,computed (both variants usable),SBP
2:242411069:T:C,2:242422404:C:T,11335,0.5066022276878357,0.2566458284854889,computed (both variants usable),SBP
2:242411069:T:C,2:242424110:T:C,13041,0.9730195999145508,0.9467671513557434,computed (both variants usable),SBP
2:242411069:T:C,2:242425585:T:G,14516,0.9730195999145508,0.9467671513557434,computed (both variants usable),SBP
2:242411069:T:C,2:242428809:G:T,17740,0.9709050059318542,0.9426565170288086,computed (both variants usable),SBP
2:242411069:T:C,2:242428910:G:A,17841,0.9709050059318542,0.9426565170288086,computed (both variants usable),SBP
2:242411069:T:C,2:242432704:G:C,21635,0.9688414335250854,0.9386537075042723,computed (both variants usable),SBP
2:242411069:T:C,2:242436238:C:T,25169,0.9544457197189332,0.9109666347503662,computed (both variants usable),SBP
2:242411069:T:C,2:242437375:T:C,26306,0.9562698006629944,0.9144519567489624,computed (both variants usable),SBP
2:242411069:T:C,2:242439071:G:A,28002,0.9688414335250854,0.9386537075042723,computed (both variants usable),SBP
2:242411069:T:C,2:242440663:G:A,29594,0.9667774438858032,0.9346586465835572,computed (both variants usable),SBP
2:242411069:T:C,2:242442847:C:G,31778,0.950032651424408,0.9025620222091676,computed (both variants usable),SBP
2:242411069:T:C,2:242442856:G:A,31787,0.9479680061340332,0.8986433148384094,computed (both variants usable),SBP
2:242411069:T:C,2:242443091:G:A,32022,0.950032651424408,0.9025620222091676,computed (both variants usable),SBP
2:242411069:T:C,2:242444758:C:T,33689,0.9500685334205629,0.9026302099227904,computed (both variants usable),SBP
2:242411069:T:C,2:242445040:T:A,33971,0.9500685334205629,0.9026302099227904,computed (both variants usable),SBP
2:242411069:T:C,2:242445336:A:G,34267,0.7404674291610718,0.5482920408248901,computed (both variants usable),SBP
2:242411069:T:C,2:242530571:C:T,119502,0.0860206559300422,0.0073995534330606,computed (both variants usable),SBP
2:242411071:T:G,2:242411190:A:G,119,0.9730195999145508,0.9467671513557434,computed (both variants usable),SBP
2:242411071:T:G,2:242411407:A:G,336,0.9730195999145508,0.9467671513557434,computed (both variants usable),SBP
2:242411071:T:G,2:242411836:G:A,765,0.9730195999145508,0.9467671513557434,computed (both variants usable),SBP
2:242411071:T:G,2:242412109:T:C,1038,0.8382477760314941,0.7026593089103699,computed (both variants usable),SBP
2:242411071:T:G,2:242413908:A:C,2837,0.9730195999145508,0.9467671513557434,computed (both variants usable),SBP
2:242411071:T:G,2:242415617:A:G,4546,0.9730195999145508,0.9467671513557434,computed (both variants usable),SBP
2:242411071:T:G,2:242416009:C:T,4938,0.9730195999145508,0.9467671513557434,computed (both variants usable),SBP
2:242411071:T:G,2:242418808:G:T,7737,0.9709576368331908,0.9427587389945984,computed (both variants usable),SBP
2:242411071:T:G,2:242422404:C:T,11333,0.5066022276878357,0.2566458284854889,computed (both variants usable),SBP
2:242411071:T:G,2:242424110:T:C,13039,0.9730195999145508,0.9467671513557434,computed (both variants usable),SBP
2:242411071:T:G,2:242425585:T:G,14514,0.9730195999145508,0.9467671513557434,computed (both variants usable),SBP
2:242411071:T:G,2:242428809:G:T,17738,0.9709050059318542,0.9426565170288086,computed (both variants usable),SBP
2:242411071:T:G,2:242428910:G:A,17839,0.9709050059318542,0.9426565170288086,computed (both variants usable),SBP
2:242411071:T:G,2:242432704:G:C,21633,0.9688414335250854,0.9386537075042723,computed (both variants usable),SBP
2:242411071:T:G,2:242436238:C:T,25167,0.9544457197189332,0.9109666347503662,computed (both variants usable),SBP
2:242411071:T:G,2:242437375:T:C,26304,0.9562698006629944,0.9144519567489624,computed (both variants usable),SBP
2:242411071:T:G,2:242439071:G:A,28000,0.9688414335250854,0.9386537075042723,computed (both variants usable),SBP
2:242411071:T:G,2:242440663:G:A,29592,0.9667774438858032,0.9346586465835572,computed (both variants usable),SBP
2:242411071:T:G,2:242442847:C:G,31776,0.950032651424408,0.9025620222091676,computed (both variants usable),SBP
2:242411071:T:G,2:242442856:G:A,31785,0.9479680061340332,0.8986433148384094,computed (both variants usable),SBP
2:242411071:T:G,2:242443091:G:A,32020,0.950032651424408,0.9025620222091676,computed (both variants usable),SBP
2:242411071:T:G,2:242444758:C:T,33687,0.9500685334205629,0.9026302099227904,computed (both variants usable),SBP
2:242411071:T:G,2:242445040:T:A,33969,0.9500685334205629,0.9026302099227904,computed (both variants usable),SBP
2:242411071:T:G,2:242445336:A:G,34265,0.7404674291610718,0.5482920408248901,computed (both variants usable),SBP
2:242411071:T:G,2:242530571:C:T,119500,0.0860206559300422,0.0073995534330606,computed (both variants usable),SBP
2:242411190:A:G,2:242411407:A:G,217,0.9999976754188538,0.9999953508377076,computed (both variants usable),SBP
2:242411190:A:G,2:242411836:G:A,646,0.9999976754188538,0.9999953508377076,computed (both variants usable),SBP
2:242411190:A:G,2:242412109:T:C,919,0.8667204976081848,0.7512044310569763,computed (both variants usable),SBP
2:242411190:A:G,2:242413908:A:C,2718,0.9999976754188538,0.9999953508377076,computed (both variants usable),SBP
2:242411190:A:G,2:242415617:A:G,4427,0.9999976754188538,0.9999953508377076,computed (both variants usable),SBP
2:242411190:A:G,2:242416009:C:T,4819,0.9999976754188538,0.9999953508377076,computed (both variants usable),SBP
2:242411190:A:G,2:242418808:G:T,7618,0.9978998303413392,0.9958040714263916,computed (both variants usable),SBP
2:242411190:A:G,2:242422404:C:T,11214,0.5163028836250305,0.266568660736084,computed (both variants usable),SBP
2:242411190:A:G,2:242424110:T:C,12920,0.9999976754188538,0.9999953508377076,computed (both variants usable),SBP
2:242411190:A:G,2:242425585:T:G,14395,0.9999976754188538,0.9999953508377076,computed (both variants usable),SBP
2:242411190:A:G,2:242428809:G:T,17619,0.9979044198989868,0.995813250541687,computed (both variants usable),SBP
2:242411190:A:G,2:242428910:G:A,17720,0.9979044198989868,0.995813250541687,computed (both variants usable),SBP
2:242411190:A:G,2:242432704:G:C,21514,0.9958022236824036,0.9916220903396606,computed (both variants usable),SBP
2:242411190:A:G,2:242436238:C:T,25048,0.9811628460884094,0.9626805186271667,computed (both variants usable),SBP
2:242411190:A:G,2:242437375:T:C,26185,0.9833453297615052,0.9669680595397948,computed (both variants usable),SBP
2:242411190:A:G,2:242439071:G:A,27881,0.9958022236824036,0.9916220903396606,computed (both variants usable),SBP
2:242411190:A:G,2:242440663:G:A,29473,0.993702471256256,0.9874445796012878,computed (both variants usable),SBP
2:242411190:A:G,2:242442847:C:G,31657,0.9771057963371276,0.9547357559204102,computed (both variants usable),SBP
2:242411190:A:G,2:242442856:G:A,31666,0.9750601649284364,0.9507423043251038,computed (both variants usable),SBP
2:242411190:A:G,2:242443091:G:A,31901,0.9771057963371276,0.9547357559204102,computed (both variants usable),SBP
2:242411190:A:G,2:242444758:C:T,33568,0.977197766304016,0.954915463924408,computed (both variants usable),SBP
2:242411190:A:G,2:242445040:T:A,33850,0.977197766304016,0.954915463924408,computed (both variants usable),SBP
2:242411190:A:G,2:242445336:A:G,34146,0.7706032395362854,0.593829333782196,computed (both variants usable),SBP
2:242411190:A:G,2:242530571:C:T,119381,0.0909450501203537,0.0082710022106766,computed (both variants usable),SBP
2:242411407:A:G,2:242411836:G:A,429,0.9999976754188538,0.9999953508377076,computed (both variants usable),SBP
2:242411407:A:G,2:242412109:T:C,702,0.8667204976081848,0.7512044310569763,computed (both variants usable),SBP
2:242411407:A:G,2:242413908:A:C,2501,0.9999976754188538,0.9999953508377076,computed (both variants usable),SBP
2:242411407:A:G,2:242415617:A:G,4210,0.9999976754188538,0.9999953508377076,computed (both variants usable),SBP
2:242411407:A:G,2:242416009:C:T,4602,0.9999976754188538,0.9999953508377076,computed (both variants usable),SBP
2:242411407:A:G,2:242418808:G:T,7401,0.9978998303413392,0.9958040714263916,computed (both variants usable),SBP
2:242411407:A:G,2:242422404:C:T,10997,0.5163028836250305,0.266568660736084,computed (both variants usable),SBP
2:242411407:A:G,2:242424110:T:C,12703,0.9999976754188538,0.9999953508377076,computed (both variants usable),SBP
2:242411407:A:G,2:242425585:T:G,14178,0.9999976754188538,0.9999953508377076,computed (both variants usable),SBP
2:242411407:A:G,2:242428809:G:T,17402,0.9979044198989868,0.995813250541687,computed (both variants usable),SBP
2:242411407:A:G,2:242428910:G:A,17503,0.9979044198989868,0.995813250541687,computed (both variants usable),SBP
2:242411407:A:G,2:242432704:G:C,21297,0.9958022236824036,0.9916220903396606,computed (both variants usable),SBP
2:242411407:A:G,2:242436238:C:T,24831,0.9811628460884094,0.9626805186271667,computed (both variants usable),SBP
2:242411407:A:G,2:242437375:T:C,25968,0.9833453297615052,0.9669680595397948,computed (both variants usable),SBP
2:242411407:A:G,2:242439071:G:A,27664,0.9958022236824036,0.9916220903396606,computed (both variants usable),SBP
2:242411407:A:G,2:242440663:G:A,29256,0.993702471256256,0.9874445796012878,computed (both variants usable),SBP
2:242411407:A:G,2:242442847:C:G,31440,0.9771057963371276,0.9547357559204102,computed (both variants usable),SBP
2:242411407:A:G,2:242442856:G:A,31449,0.9750601649284364,0.9507423043251038,computed (both variants usable),SBP
2:242411407:A:G,2:242443091:G:A,31684,0.9771057963371276,0.9547357559204102,computed (both variants usable),SBP
2:242411407:A:G,2:242444758:C:T,33351,0.977197766304016,0.954915463924408,computed (both variants usable),SBP
2:242411407:A:G,2:242445040:T:A,33633,0.977197766304016,0.954915463924408,computed (both variants usable),SBP
2:242411407:A:G,2:242445336:A:G,33929,0.7706032395362854,0.593829333782196,computed (both variants usable),SBP
2:242411407:A:G,2:242530571:C:T,119164,0.0909450501203537,0.0082710022106766,computed (both variants usable),SBP
2:242411836:G:A,2:242412109:T:C,273,0.8667204976081848,0.7512044310569763,computed (both variants usable),SBP
2:242411836:G:A,2:242413908:A:C,2072,0.9999976754188538,0.9999953508377076,computed (both variants usable),SBP
2:242411836:G:A,2:242415617:A:G,3781,0.9999976754188538,0.9999953508377076,computed (both variants usable),SBP
2:242411836:G:A,2:242416009:C:T,4173,0.9999976754188538,0.9999953508377076,computed (both variants usable),SBP
2:242411836:G:A,2:242418808:G:T,6972,0.9978998303413392,0.9958040714263916,computed (both variants usable),SBP
2:242411836:G:A,2:242422404:C:T,10568,0.5163028836250305,0.266568660736084,computed (both variants usable),SBP
2:242411836:G:A,2:242424110:T:C,12274,0.9999976754188538,0.9999953508377076,computed (both variants usable),SBP
2:242411836:G:A,2:242425585:T:G,13749,0.9999976754188538,0.9999953508377076,computed (both variants usable),SBP
2:242411836:G:A,2:242428809:G:T,16973,0.9979044198989868,0.995813250541687,computed (both variants usable),SBP
2:242411836:G:A,2:242428910:G:A,17074,0.9979044198989868,0.995813250541687,computed (both variants usable),SBP
2:242411836:G:A,2:242432704:G:C,20868,0.9958022236824036,0.9916220903396606,computed (both variants usable),SBP
2:242411836:G:A,2:242436238:C:T,24402,0.9811628460884094,0.9626805186271667,computed (both variants usable),SBP
2:242411836:G:A,2:242437375:T:C,25539,0.9833453297615052,0.9669680595397948,computed (both variants usable),SBP
2:242411836:G:A,2:242439071:G:A,27235,0.9958022236824036,0.9916220903396606,computed (both variants usable),SBP
2:242411836:G:A,2:242440663:G:A,28827,0.993702471256256,0.9874445796012878,computed (both variants usable),SBP
2:242411836:G:A,2:242442847:C:G,31011,0.9771057963371276,0.9547357559204102,computed (both variants usable),SBP
2:242411836:G:A,2:242442856:G:A,31020,0.9750601649284364,0.9507423043251038,computed (both variants usable),SBP
2:242411836:G:A,2:242443091:G:A,31255,0.9771057963371276,0.9547357559204102,computed (both variants usable),SBP
2:242411836:G:A,2:242444758:C:T,32922,0.977197766304016,0.954915463924408,computed (both variants usable),SBP
2:242411836:G:A,2:242445040:T:A,33204,0.977197766304016,0.954915463924408,computed (both variants usable),SBP
2:242411836:G:A,2:242445336:A:G,33500,0.7706032395362854,0.593829333782196,computed (both variants usable),SBP
2:242411836:G:A,2:242530571:C:T,118735,0.0909450501203537,0.0082710022106766,computed (both variants usable),SBP
2:242412109:T:C,2:242413908:A:C,1799,0.8667204976081848,0.7512044310569763,computed (both variants usable),SBP
2:242412109:T:C,2:242415617:A:G,3508,0.8667204976081848,0.7512044310569763,computed (both variants usable),SBP
2:242412109:T:C,2:242416009:C:T,3900,0.8667204976081848,0.7512044310569763,computed (both variants usable),SBP
2:242412109:T:C,2:242418808:G:T,6699,0.8649031519889832,0.74805748462677,computed (both variants usable),SBP
2:242412109:T:C,2:242422404:C:T,10295,0.4468495547771454,0.1996745318174362,computed (both variants usable),SBP
2:242412109:T:C,2:242424110:T:C,12001,0.8667204976081848,0.7512044310569763,computed (both variants usable),SBP
2:242412109:T:C,2:242425585:T:G,13476,0.8667204976081848,0.7512044310569763,computed (both variants usable),SBP
2:242412109:T:C,2:242428809:G:T,16700,0.8644408583641052,0.7472580075263977,computed (both variants usable),SBP
2:242412109:T:C,2:242428910:G:A,16801,0.8644408583641052,0.7472580075263977,computed (both variants usable),SBP
2:242412109:T:C,2:242432704:G:C,20595,0.8626196980476379,0.7441127300262451,computed (both variants usable),SBP
2:242412109:T:C,2:242436238:C:T,24129,0.849931001663208,0.7223827242851257,computed (both variants usable),SBP
2:242412109:T:C,2:242437375:T:C,25266,0.8490429520606995,0.7208739519119263,computed (both variants usable),SBP
2:242412109:T:C,2:242439071:G:A,26962,0.8626196980476379,0.7441127300262451,computed (both variants usable),SBP
2:242412109:T:C,2:242440663:G:A,28554,0.8608004450798035,0.74097740650177,computed (both variants usable),SBP
2:242412109:T:C,2:242442847:C:G,30738,0.8427101373672485,0.7101603746414185,computed (both variants usable),SBP
2:242412109:T:C,2:242442856:G:A,30747,0.8404768109321594,0.7064012885093689,computed (both variants usable),SBP
2:242412109:T:C,2:242443091:G:A,30982,0.8427101373672485,0.7101603746414185,computed (both variants usable),SBP
2:242412109:T:C,2:242444758:C:T,32649,0.8423317074775696,0.7095227241516113,computed (both variants usable),SBP
2:242412109:T:C,2:242445040:T:A,32931,0.8423317074775696,0.7095227241516113,computed (both variants usable),SBP
2:242412109:T:C,2:242445336:A:G,33227,0.6175323128700256,0.3813461661338806,computed (both variants usable),SBP
2:242412109:T:C,2:242530571:C:T,118462,0.085533320903778,0.0073159490711987,computed (both variants usable),SBP
2:242413908:A:C,2:242415617:A:G,1709,0.9999976754188538,0.9999953508377076,computed (both variants usable),SBP
2:242413908:A:C,2:242416009:C:T,2101,0.9999976754188538,0.9999953508377076,computed (both variants usable),SBP
2:242413908:A:C,2:242418808:G:T,4900,0.9978998303413392,0.9958040714263916,computed (both variants usable),SBP
2:242413908:A:C,2:242422404:C:T,8496,0.5163028836250305,0.266568660736084,computed (both variants usable),SBP
2:242413908:A:C,2:242424110:T:C,10202,0.9999976754188538,0.9999953508377076,computed (both variants usable),SBP
2:242413908:A:C,2:242425585:T:G,11677,0.9999976754188538,0.9999953508377076,computed (both variants usable),SBP
2:242413908:A:C,2:242428809:G:T,14901,0.9979044198989868,0.995813250541687,computed (both variants usable),SBP
2:242413908:A:C,2:242428910:G:A,15002,0.9979044198989868,0.995813250541687,computed (both variants usable),SBP
2:242413908:A:C,2:242432704:G:C,18796,0.9958022236824036,0.9916220903396606,computed (both variants usable),SBP
2:242413908:A:C,2:242436238:C:T,22330,0.9811628460884094,0.9626805186271667,computed (both variants usable),SBP
2:242413908:A:C,2:242437375:T:C,23467,0.9833453297615052,0.9669680595397948,computed (both variants usable),SBP
2:242413908:A:C,2:242439071:G:A,25163,0.9958022236824036,0.9916220903396606,computed (both variants usable),SBP
2:242413908:A:C,2:242440663:G:A,26755,0.993702471256256,0.9874445796012878,computed (both variants usable),SBP
2:242413908:A:C,2:242442847:C:G,28939,0.9771057963371276,0.9547357559204102,computed (both variants usable),SBP
2:242413908:A:C,2:242442856:G:A,28948,0.9750601649284364,0.9507423043251038,computed (both variants usable),SBP
2:242413908:A:C,2:242443091:G:A,29183,0.9771057963371276,0.9547357559204102,computed (both variants usable),SBP
2:242413908:A:C,2:242444758:C:T,30850,0.977197766304016,0.954915463924408,computed (both variants usable),SBP
2:242413908:A:C,2:242445040:T:A,31132,0.977197766304016,0.954915463924408,computed (both variants usable),SBP
2:242413908:A:C,2:242445336:A:G,31428,0.7706032395362854,0.593829333782196,computed (both variants usable),SBP
2:242413908:A:C,2:242530571:C:T,116663,0.0909450501203537,0.0082710022106766,computed (both variants usable),SBP
2:242415617:A:G,2:242416009:C:T,392,0.9999976754188538,0.9999953508377076,computed (both variants usable),SBP
2:242415617:A:G,2:242418808:G:T,3191,0.9978998303413392,0.9958040714263916,computed (both variants usable),SBP
2:242415617:A:G,2:242422404:C:T,6787,0.5163028836250305,0.266568660736084,computed (both variants usable),SBP
2:242415617:A:G,2:242424110:T:C,8493,0.9999976754188538,0.9999953508377076,computed (both variants usable),SBP
2:242415617:A:G,2:242425585:T:G,9968,0.9999976754188538,0.9999953508377076,computed (both variants usable),SBP
2:242415617:A:G,2:242428809:G:T,13192,0.9979044198989868,0.995813250541687,computed (both variants usable),SBP
2:242415617:A:G,2:242428910:G:A,13293,0.9979044198989868,0.995813250541687,computed (both variants usable),SBP
2:242415617:A:G,2:242432704:G:C,17087,0.9958022236824036,0.9916220903396606,computed (both variants usable),SBP
2:242415617:A:G,2:242436238:C:T,20621,0.9811628460884094,0.9626805186271667,computed (both variants usable),SBP
2:242415617:A:G,2:242437375:T:C,21758,0.9833453297615052,0.9669680595397948,computed (both variants usable),SBP
2:242415617:A:G,2:242439071:G:A,23454,0.9958022236824036,0.9916220903396606,computed (both variants usable),SBP
2:242415617:A:G,2:242440663:G:A,25046,0.993702471256256,0.9874445796012878,computed (both variants usable),SBP
2:242415617:A:G,2:242442847:C:G,27230,0.9771057963371276,0.9547357559204102,computed (both variants usable),SBP
2:242415617:A:G,2:242442856:G:A,27239,0.9750601649284364,0.9507423043251038,computed (both variants usable),SBP
2:242415617:A:G,2:242443091:G:A,27474,0.9771057963371276,0.9547357559204102,computed (both variants usable),SBP
2:242415617:A:G,2:242444758:C:T,29141,0.977197766304016,0.954915463924408,computed (both variants usable),SBP
2:242415617:A:G,2:242445040:T:A,29423,0.977197766304016,0.954915463924408,computed (both variants usable),SBP
2:242415617:A:G,2:242445336:A:G,29719,0.7706032395362854,0.593829333782196,computed (both variants usable),SBP
2:242415617:A:G,2:242530571:C:T,114954,0.0909450501203537,0.0082710022106766,computed (both variants usable),SBP
2:242416009:C:T,2:242418808:G:T,2799,0.9978998303413392,0.9958040714263916,computed (both variants usable),SBP
2:242416009:C:T,2:242422404:C:T,6395,0.5163028836250305,0.266568660736084,computed (both variants usable),SBP
2:242416009:C:T,2:242424110:T:C,8101,0.9999976754188538,0.9999953508377076,computed (both variants usable),SBP
2:242416009:C:T,2:242425585:T:G,9576,0.9999976754188538,0.9999953508377076,computed (both variants usable),SBP
2:242416009:C:T,2:242428809:G:T,12800,0.9979044198989868,0.995813250541687,computed (both variants usable),SBP
2:242416009:C:T,2:242428910:G:A,12901,0.9979044198989868,0.995813250541687,computed (both variants usable),SBP
2:242416009:C:T,2:242432704:G:C,16695,0.9958022236824036,0.9916220903396606,computed (both variants usable),SBP
2:242416009:C:T,2:242436238:C:T,20229,0.9811628460884094,0.9626805186271667,computed (both variants usable),SBP
2:242416009:C:T,2:242437375:T:C,21366,0.9833453297615052,0.9669680595397948,computed (both variants usable),SBP
2:242416009:C:T,2:242439071:G:A,23062,0.9958022236824036,0.9916220903396606,computed (both variants usable),SBP
2:242416009:C:T,2:242440663:G:A,24654,0.993702471256256,0.9874445796012878,computed (both variants usable),SBP
2:242416009:C:T,2:242442847:C:G,26838,0.9771057963371276,0.9547357559204102,computed (both variants usable),SBP
2:242416009:C:T,2:242442856:G:A,26847,0.9750601649284364,0.9507423043251038,computed (both variants usable),SBP
2:242416009:C:T,2:242443091:G:A,27082,0.9771057963371276,0.9547357559204102,computed (both variants usable),SBP
2:242416009:C:T,2:242444758:C:T,28749,0.977197766304016,0.954915463924408,computed (both variants usable),SBP
2:242416009:C:T,2:242445040:T:A,29031,0.977197766304016,0.954915463924408,computed (both variants usable),SBP
2:242416009:C:T,2:242445336:A:G,29327,0.7706032395362854,0.593829333782196,computed (both variants usable),SBP
2:242416009:C:T,2:242530571:C:T,114562,0.0909450501203537,0.0082710022106766,computed (both variants usable),SBP
2:242418808:G:T,2:242422404:C:T,3596,0.511611819267273,0.2617466449737549,computed (both variants usable),SBP
2:242418808:G:T,2:242424110:T:C,5302,0.9978998303413392,0.9958040714263916,computed (both variants usable),SBP
2:242418808:G:T,2:242425585:T:G,6777,0.9978998303413392,0.9958040714263916,computed (both variants usable),SBP
2:242418808:G:T,2:242428809:G:T,10001,0.995813012123108,0.9916435480117798,computed (both variants usable),SBP
2:242418808:G:T,2:242428910:G:A,10102,0.995813012123108,0.9916435480117798,computed (both variants usable),SBP
2:242418808:G:T,2:242432704:G:C,13896,0.993702471256256,0.9874445796012878,computed (both variants usable),SBP
2:242418808:G:T,2:242436238:C:T,17430,0.979019284248352,0.9584787487983704,computed (both variants usable),SBP
2:242418808:G:T,2:242437375:T:C,18567,0.9812714457511902,0.9628936648368835,computed (both variants usable),SBP
2:242418808:G:T,2:242439071:G:A,20263,0.993702471256256,0.9874445796012878,computed (both variants usable),SBP
2:242418808:G:T,2:242440663:G:A,21855,0.99159973859787,0.9832700490951538,computed (both variants usable),SBP
2:242418808:G:T,2:242442847:C:G,24039,0.975035846233368,0.9506949186325072,computed (both variants usable),SBP
2:242418808:G:T,2:242442856:G:A,24048,0.9729936718940736,0.9467166662216188,computed (both variants usable),SBP
2:242418808:G:T,2:242443091:G:A,24283,0.975035846233368,0.9506949186325072,computed (both variants usable),SBP
2:242418808:G:T,2:242444758:C:T,25950,0.9751377701759338,0.9508937001228333,computed (both variants usable),SBP
2:242418808:G:T,2:242445040:T:A,26232,0.9751377701759338,0.9508937001228333,computed (both variants usable),SBP
2:242418808:G:T,2:242445336:A:G,26528,0.7689878940582275,0.5913423895835876,computed (both variants usable),SBP
2:242418808:G:T,2:242530571:C:T,111763,0.0924553722143173,0.0085479961708188,computed (both variants usable),SBP
2:242422404:C:T,2:242424110:T:C,1706,0.5163028836250305,0.266568660736084,computed (both variants usable),SBP
2:242422404:C:T,2:242425585:T:G,3181,0.5163028836250305,0.266568660736084,computed (both variants usable),SBP
2:242422404:C:T,2:242428809:G:T,6405,0.5152125358581543,0.2654439508914947,computed (both variants usable),SBP
2:242422404:C:T,2:242428910:G:A,6506,0.5152125358581543,0.2654439508914947,computed (both variants usable),SBP
2:242422404:C:T,2:242432704:G:C,10300,0.5105214715003967,0.260632187128067,computed (both variants usable),SBP
2:242422404:C:T,2:242436238:C:T,13834,0.5182319283485413,0.2685643434524536,computed (both variants usable),SBP
2:242422404:C:T,2:242437375:T:C,14971,0.504042387008667,0.2540587186813354,computed (both variants usable),SBP
2:242422404:C:T,2:242439071:G:A,16667,0.5105214715003967,0.260632187128067,computed (both variants usable),SBP
2:242422404:C:T,2:242440663:G:A,18259,0.5058278441429138,0.2558618187904358,computed (both variants usable),SBP
2:242422404:C:T,2:242442847:C:G,20443,0.497210144996643,0.2472179234027862,computed (both variants usable),SBP
2:242422404:C:T,2:242442856:G:A,20452,0.4961471557617187,0.2461619973182678,computed (both variants usable),SBP
2:242422404:C:T,2:242443091:G:A,20687,0.497210144996643,0.2472179234027862,computed (both variants usable),SBP
2:242422404:C:T,2:242444758:C:T,22354,0.5008447170257568,0.2508454322814941,computed (both variants usable),SBP
2:242422404:C:T,2:242445040:T:A,22636,0.5008447170257568,0.2508454322814941,computed (both variants usable),SBP
2:242422404:C:T,2:242445336:A:G,22932,0.4023194909095764,0.1618609726428985,computed (both variants usable),SBP
2:242422404:C:T,2:242530571:C:T,108167,0.0655024498701095,0.0042905709706246,computed (both variants usable),SBP
2:242424110:T:C,2:242425585:T:G,1475,0.9999976754188538,0.9999953508377076,computed (both variants usable),SBP
2:242424110:T:C,2:242428809:G:T,4699,0.9979044198989868,0.995813250541687,computed (both variants usable),SBP
2:242424110:T:C,2:242428910:G:A,4800,0.9979044198989868,0.995813250541687,computed (both variants usable),SBP
2:242424110:T:C,2:242432704:G:C,8594,0.9958022236824036,0.9916220903396606,computed (both variants usable),SBP
2:242424110:T:C,2:242436238:C:T,12128,0.9811628460884094,0.9626805186271667,computed (both variants usable),SBP
2:242424110:T:C,2:242437375:T:C,13265,0.9833453297615052,0.9669680595397948,computed (both variants usable),SBP
2:242424110:T:C,2:242439071:G:A,14961,0.9958022236824036,0.9916220903396606,computed (both variants usable),SBP
2:242424110:T:C,2:242440663:G:A,16553,0.993702471256256,0.9874445796012878,computed (both variants usable),SBP
2:242424110:T:C,2:242442847:C:G,18737,0.9771057963371276,0.9547357559204102,computed (both variants usable),SBP
2:242424110:T:C,2:242442856:G:A,18746,0.9750601649284364,0.9507423043251038,computed (both variants usable),SBP
2:242424110:T:C,2:242443091:G:A,18981,0.9771057963371276,0.9547357559204102,computed (both variants usable),SBP
2:242424110:T:C,2:242444758:C:T,20648,0.977197766304016,0.954915463924408,computed (both variants usable),SBP
2:242424110:T:C,2:242445040:T:A,20930,0.977197766304016,0.954915463924408,computed (both variants usable),SBP
2:242424110:T:C,2:242445336:A:G,21226,0.7706032395362854,0.593829333782196,computed (both variants usable),SBP
2:242424110:T:C,2:242530571:C:T,106461,0.0909450501203537,0.0082710022106766,computed (both variants usable),SBP
2:242425585:T:G,2:242428809:G:T,3224,0.9979044198989868,0.995813250541687,computed (both variants usable),SBP
2:242425585:T:G,2:242428910:G:A,3325,0.9979044198989868,0.995813250541687,computed (both variants usable),SBP
2:242425585:T:G,2:242432704:G:C,7119,0.9958022236824036,0.9916220903396606,computed (both variants usable),SBP
2:242425585:T:G,2:242436238:C:T,10653,0.9811628460884094,0.9626805186271667,computed (both variants usable),SBP
2:242425585:T:G,2:242437375:T:C,11790,0.9833453297615052,0.9669680595397948,computed (both variants usable),SBP
2:242425585:T:G,2:242439071:G:A,13486,0.9958022236824036,0.9916220903396606,computed (both variants usable),SBP
2:242425585:T:G,2:242440663:G:A,15078,0.993702471256256,0.9874445796012878,computed (both variants usable),SBP
2:242425585:T:G,2:242442847:C:G,17262,0.9771057963371276,0.9547357559204102,computed (both variants usable),SBP
2:242425585:T:G,2:242442856:G:A,17271,0.9750601649284364,0.9507423043251038,computed (both variants usable),SBP
2:242425585:T:G,2:242443091:G:A,17506,0.9771057963371276,0.9547357559204102,computed (both variants usable),SBP
2:242425585:T:G,2:242444758:C:T,19173,0.977197766304016,0.954915463924408,computed (both variants usable),SBP
2:242425585:T:G,2:242445040:T:A,19455,0.977197766304016,0.954915463924408,computed (both variants usable),SBP
2:242425585:T:G,2:242445336:A:G,19751,0.7706032395362854,0.593829333782196,computed (both variants usable),SBP
2:242425585:T:G,2:242530571:C:T,104986,0.0909450501203537,0.0082710022106766,computed (both variants usable),SBP
2:242428809:G:T,2:242428910:G:A,101,0.9999971985816956,0.9999943971633912,computed (both variants usable),SBP
2:242428809:G:T,2:242432704:G:C,3895,0.9979044198989868,0.995813250541687,computed (both variants usable),SBP
2:242428809:G:T,2:242436238:C:T,7429,0.9833101034164428,0.9668987393379213,computed (both variants usable),SBP
2:242428809:G:T,2:242437375:T:C,8566,0.9854189157485962,0.9710504412651062,computed (both variants usable),SBP
2:242428809:G:T,2:242439071:G:A,10262,0.9979044198989868,0.995813250541687,computed (both variants usable),SBP
2:242428809:G:T,2:242440663:G:A,11854,0.995813012123108,0.9916435480117798,computed (both variants usable),SBP
2:242428809:G:T,2:242442847:C:G,14038,0.9791803359985352,0.958794116973877,computed (both variants usable),SBP
2:242428809:G:T,2:242442856:G:A,14047,0.977128267288208,0.9547796249389648,computed (both variants usable),SBP
2:242428809:G:T,2:242443091:G:A,14282,0.9791803359985352,0.958794116973877,computed (both variants usable),SBP
2:242428809:G:T,2:242444758:C:T,15949,0.9792572855949402,0.958944857120514,computed (both variants usable),SBP
2:242428809:G:T,2:242445040:T:A,16231,0.9792572855949402,0.958944857120514,computed (both variants usable),SBP
2:242428809:G:T,2:242445336:A:G,16527,0.7722233533859253,0.5963289141654968,computed (both variants usable),SBP
2:242428809:G:T,2:242530571:C:T,101762,0.0894365981221199,0.0079989051446318,computed (both variants usable),SBP
2:242428910:G:A,2:242432704:G:C,3794,0.9979044198989868,0.995813250541687,computed (both variants usable),SBP
2:242428910:G:A,2:242436238:C:T,7328,0.9833101034164428,0.9668987393379213,computed (both variants usable),SBP
2:242428910:G:A,2:242437375:T:C,8465,0.9854189157485962,0.9710504412651062,computed (both variants usable),SBP
2:242428910:G:A,2:242439071:G:A,10161,0.9979044198989868,0.995813250541687,computed (both variants usable),SBP
2:242428910:G:A,2:242440663:G:A,11753,0.995813012123108,0.9916435480117798,computed (both variants usable),SBP
2:242428910:G:A,2:242442847:C:G,13937,0.9791803359985352,0.958794116973877,computed (both variants usable),SBP
2:242428910:G:A,2:242442856:G:A,13946,0.977128267288208,0.9547796249389648,computed (both variants usable),SBP
2:242428910:G:A,2:242443091:G:A,14181,0.9791803359985352,0.958794116973877,computed (both variants usable),SBP
2:242428910:G:A,2:242444758:C:T,15848,0.9792572855949402,0.958944857120514,computed (both variants usable),SBP
2:242428910:G:A,2:242445040:T:A,16130,0.9792572855949402,0.958944857120514,computed (both variants usable),SBP
2:242428910:G:A,2:242445336:A:G,16426,0.7722233533859253,0.5963289141654968,computed (both variants usable),SBP
2:242428910:G:A,2:242530571:C:T,101661,0.0894365981221199,0.0079989051446318,computed (both variants usable),SBP
2:242432704:G:C,2:242436238:C:T,3534,0.9853727221488952,0.9709594249725342,computed (both variants usable),SBP
2:242432704:G:C,2:242437375:T:C,4671,0.9875290393829346,0.975213587284088,computed (both variants usable),SBP
2:242432704:G:C,2:242439071:G:A,6367,0.999997615814209,0.999995231628418,computed (both variants usable),SBP
2:242432704:G:C,2:242440663:G:A,7959,0.9978999495506288,0.9958043098449708,computed (both variants usable),SBP
2:242432704:G:C,2:242442847:C:G,10143,0.9812876582145692,0.9629254937171936,computed (both variants usable),SBP
2:242432704:G:C,2:242442856:G:A,10152,0.9792401790618896,0.9589112997055054,computed (both variants usable),SBP
2:242432704:G:C,2:242443091:G:A,10387,0.9812876582145692,0.9629254937171936,computed (both variants usable),SBP
2:242432704:G:C,2:242444758:C:T,12054,0.9813759326934814,0.9630987048149108,computed (both variants usable),SBP
2:242432704:G:C,2:242445040:T:A,12336,0.9813759326934814,0.9630987048149108,computed (both variants usable),SBP
2:242432704:G:C,2:242445336:A:G,12632,0.7706031799316406,0.5938292741775513,computed (both variants usable),SBP
2:242432704:G:C,2:242530571:C:T,97867,0.0909450501203537,0.0082710022106766,computed (both variants usable),SBP
2:242436238:C:T,2:242437375:T:C,1137,0.9730837345123292,0.9468919634819032,computed (both variants usable),SBP
2:242436238:C:T,2:242439071:G:A,2833,0.9853727221488952,0.9709594249725342,computed (both variants usable),SBP
2:242436238:C:T,2:242440663:G:A,4425,0.9832313060760498,0.96674382686615,computed (both variants usable),SBP
2:242436238:C:T,2:242442847:C:G,6609,0.9668598771095276,0.9348180294036864,computed (both variants usable),SBP
2:242436238:C:T,2:242442856:G:A,6618,0.964841604232788,0.930919349193573,computed (both variants usable),SBP
2:242436238:C:T,2:242443091:G:A,6853,0.9668598771095276,0.9348180294036864,computed (both variants usable),SBP
2:242436238:C:T,2:242444758:C:T,8520,0.9670238494873048,0.9351351261138916,computed (both variants usable),SBP
2:242436238:C:T,2:242445040:T:A,8802,0.9670238494873048,0.9351351261138916,computed (both variants usable),SBP
2:242436238:C:T,2:242445336:A:G,9098,0.7593305110931396,0.5765828490257263,computed (both variants usable),SBP
2:242436238:C:T,2:242530571:C:T,94333,0.0885779708623886,0.0078460564836859,computed (both variants usable),SBP
2:242437375:T:C,2:242439071:G:A,1696,0.9875290393829346,0.975213587284088,computed (both variants usable),SBP
2:242437375:T:C,2:242440663:G:A,3288,0.9854570627212524,0.971125602722168,computed (both variants usable),SBP
2:242437375:T:C,2:242442847:C:G,5472,0.9687235951423644,0.9384254217147828,computed (both variants usable),SBP
2:242437375:T:C,2:242442856:G:A,5481,0.9666611552238464,0.9344338178634644,computed (both variants usable),SBP
2:242437375:T:C,2:242443091:G:A,5716,0.9687235951423644,0.9384254217147828,computed (both variants usable),SBP
2:242437375:T:C,2:242444758:C:T,7383,0.9687691330909728,0.9385136365890504,computed (both variants usable),SBP
2:242437375:T:C,2:242445040:T:A,7665,0.9687691330909728,0.9385136365890504,computed (both variants usable),SBP
2:242437375:T:C,2:242445336:A:G,7961,0.776260256767273,0.6025800108909607,computed (both variants usable),SBP
2:242437375:T:C,2:242530571:C:T,93196,0.0905202701687812,0.0081939194351434,computed (both variants usable),SBP
2:242439071:G:A,2:242440663:G:A,1592,0.9978999495506288,0.9958043098449708,computed (both variants usable),SBP
2:242439071:G:A,2:242442847:C:G,3776,0.9812876582145692,0.9629254937171936,computed (both variants usable),SBP
2:242439071:G:A,2:242442856:G:A,3785,0.9792401790618896,0.9589112997055054,computed (both variants usable),SBP
2:242439071:G:A,2:242443091:G:A,4020,0.9812876582145692,0.9629254937171936,computed (both variants usable),SBP
2:242439071:G:A,2:242444758:C:T,5687,0.9813759326934814,0.9630987048149108,computed (both variants usable),SBP
2:242439071:G:A,2:242445040:T:A,5969,0.9813759326934814,0.9630987048149108,computed (both variants usable),SBP
2:242439071:G:A,2:242445336:A:G,6265,0.7706031799316406,0.5938292741775513,computed (both variants usable),SBP
2:242439071:G:A,2:242530571:C:T,91500,0.0909450501203537,0.0082710022106766,computed (both variants usable),SBP
2:242440663:G:A,2:242442847:C:G,2184,0.9834035634994508,0.9670825600624084,computed (both variants usable),SBP
2:242440663:G:A,2:242442856:G:A,2193,0.9813576936721802,0.9630629420280457,computed (both variants usable),SBP
2:242440663:G:A,2:242443091:G:A,2428,0.9834035634994508,0.9670825600624084,computed (both variants usable),SBP
2:242440663:G:A,2:242444758:C:T,4095,0.9793180227279664,0.9590637683868408,computed (both variants usable),SBP
2:242440663:G:A,2:242445040:T:A,4377,0.9793180227279664,0.9590637683868408,computed (both variants usable),SBP
2:242440663:G:A,2:242445336:A:G,4673,0.7689878940582275,0.5913423895835876,computed (both variants usable),SBP
2:242440663:G:A,2:242530571:C:T,89908,0.0881421715021133,0.0077690426260232,computed (both variants usable),SBP
2:242442847:C:G,2:242442856:G:A,9,0.9979186058044434,0.9958415627479552,computed (both variants usable),SBP
2:242442847:C:G,2:242443091:G:A,244,1.0000004768371582,1.0000009536743164,computed (both variants usable),SBP
2:242442847:C:G,2:242444758:C:T,1911,0.9958439469337464,0.9917051792144777,computed (both variants usable),SBP
2:242442847:C:G,2:242445040:T:A,2193,0.9958439469337464,0.9917051792144777,computed (both variants usable),SBP
2:242442847:C:G,2:242445336:A:G,2489,0.781966507434845,0.6114715933799744,computed (both variants usable),SBP
2:242442847:C:G,2:242530571:C:T,87724,0.0804241448640823,0.0064680431969463,computed (both variants usable),SBP
2:242442856:G:A,2:242443091:G:A,235,0.9979186058044434,0.9958415627479552,computed (both variants usable),SBP
2:242442856:G:A,2:242444758:C:T,1902,0.9937584400177002,0.9875558614730836,computed (both variants usable),SBP
2:242442856:G:A,2:242445040:T:A,2184,0.9937584400177002,0.9875558614730836,computed (both variants usable),SBP
2:242442856:G:A,2:242445336:A:G,2480,0.7795231342315674,0.6076563000679016,computed (both variants usable),SBP
2:242442856:G:A,2:242530571:C:T,87715,0.0789284631609916,0.0062297023832798,computed (both variants usable),SBP
2:242443091:G:A,2:242444758:C:T,1667,0.9958439469337464,0.9917051792144777,computed (both variants usable),SBP
2:242443091:G:A,2:242445040:T:A,1949,0.9958439469337464,0.9917051792144777,computed (both variants usable),SBP
2:242443091:G:A,2:242445336:A:G,2245,0.781966507434845,0.6114715933799744,computed (both variants usable),SBP
2:242443091:G:A,2:242530571:C:T,87480,0.0804241448640823,0.0064680431969463,computed (both variants usable),SBP
2:242444758:C:T,2:242445040:T:A,282,0.9999994039535522,0.9999988079071044,computed (both variants usable),SBP
2:242444758:C:T,2:242445336:A:G,578,0.785226583480835,0.6165807843208313,computed (both variants usable),SBP
2:242444758:C:T,2:242530571:C:T,85813,0.0817272961139679,0.0066793509759008,computed (both variants usable),SBP
2:242445040:T:A,2:242445336:A:G,296,0.785226583480835,0.6165807843208313,computed (both variants usable),SBP
2:242445040:T:A,2:242530571:C:T,85531,0.0817272961139679,0.0066793509759008,computed (both variants usable),SBP
2:242445336:A:G,2:242530571:C:T,85235,0.0513928569853305,0.0026412256993353,computed (both variants usable),SBP
20:4102954:G:A,20:6327810:G:A,2224856,-0.0234458185732364,0.0005497063975781,computed (both variants usable),SBP
20:4102954:G:A,20:6331376:C:T,2228422,-0.0248884875327348,0.0006194367888383,computed (both variants usable),SBP
20:4102954:G:A,20:6365645:G:A,2262691,-0.0264788977801799,0.0007011320558376,computed (both variants usable),SBP
20:4102954:G:A,20:6655348:T:C,2552394,-0.0083475122228264,6.968095840420574e-05,computed (both variants usable),SBP
20:4102954:G:A,20:10669188:C:A,6566234,-0.0706503540277481,0.0049914726987481,computed (both variants usable),SBP
20:4102954:G:A,20:10965998:G:A,6863044,0.0245311576873064,0.0006017776904627,computed (both variants usable),SBP
20:4102954:G:A,20:10967214:T:G,6864260,0.0245311576873064,0.0006017776904627,computed (both variants usable),SBP
20:4102954:G:A,20:11045176:G:T,6942222,-0.0057047810405492,3.254452531109564e-05,computed (both variants usable),SBP
20:4102954:G:A,20:11170469:A:G,7067515,0.0519158840179443,0.0026952589396387,computed (both variants usable),SBP
20:4102954:G:A,20:11192291:A:G,7089337,-0.0188613310456275,0.0003557497984729,computed (both variants usable),SBP
20:6327810:G:A,20:6331376:C:T,3566,0.9957216382026672,0.9914615750312804,computed (both variants usable),SBP
20:6327810:G:A,20:6365645:G:A,37835,0.9415397644042968,0.8864971399307251,computed (both variants usable),SBP
20:6327810:G:A,20:6655348:T:C,327538,0.0292957723140716,0.000858242274262,computed (both variants usable),SBP
20:6327810:G:A,20:10669188:C:A,4341378,0.0144206956028938,0.0002079564583254,computed (both variants usable),SBP
20:6327810:G:A,20:10965998:G:A,4638188,-0.0176630187779665,0.0003119822358712,computed (both variants usable),SBP
20:6327810:G:A,20:10967214:T:G,4639404,-0.0176630187779665,0.0003119822358712,computed (both variants usable),SBP
20:6327810:G:A,20:11045176:G:T,4717366,0.0401638410985469,0.0016131341690197,computed (both variants usable),SBP
20:6327810:G:A,20:11170469:A:G,4842659,-0.0228542368859052,0.000522316142451,computed (both variants usable),SBP
20:6327810:G:A,20:11192291:A:G,4864481,0.0185750983655452,0.0003450342919677,computed (both variants usable),SBP
20:6331376:C:T,20:6365645:G:A,34269,0.9459081292152404,0.8947421908378601,computed (both variants usable),SBP
20:6331376:C:T,20:6655348:T:C,323972,0.033437468111515,0.0011180642759427,computed (both variants usable),SBP
20:6331376:C:T,20:10669188:C:A,4337812,0.0146513497456908,0.0002146620536223,computed (both variants usable),SBP
20:6331376:C:T,20:10965998:G:A,4634622,-0.0173621885478496,0.000301445601508,computed (both variants usable),SBP
20:6331376:C:T,20:10967214:T:G,4635838,-0.0173621885478496,0.000301445601508,computed (both variants usable),SBP
20:6331376:C:T,20:11045176:G:T,4713800,0.0397761315107345,0.0015821406850591,computed (both variants usable),SBP
20:6331376:C:T,20:11170469:A:G,4839093,-0.0270461793988943,0.0007314957911148,computed (both variants usable),SBP
20:6331376:C:T,20:11192291:A:G,4860915,0.0215555932372808,0.0004646436136681,computed (both variants usable),SBP
20:6365645:G:A,20:6655348:T:C,289703,0.033316720277071,0.0011100037954747,computed (both variants usable),SBP
20:6365645:G:A,20:10669188:C:A,4303543,0.0080657871440052,6.505691999336705e-05,computed (both variants usable),SBP
20:6365645:G:A,20:10965998:G:A,4600353,-0.0124608092010021,0.0001552717731101,computed (both variants usable),SBP
20:6365645:G:A,20:10967214:T:G,4601569,-0.0124608092010021,0.0001552717731101,computed (both variants usable),SBP
20:6365645:G:A,20:11045176:G:T,4679531,0.0440374724566936,0.0019392989343032,computed (both variants usable),SBP
20:6365645:G:A,20:11170469:A:G,4804824,-0.026374515146017,0.0006956150755286,computed (both variants usable),SBP
20:6365645:G:A,20:11192291:A:G,4826646,0.0107038281857967,0.0001145719361375,computed (both variants usable),SBP
20:6655348:T:C,20:10669188:C:A,4013840,0.004290310665965,1.8406764866085723e-05,computed (both variants usable),SBP
20:6655348:T:C,20:10965998:G:A,4310650,0.0383518598973751,0.0014708650996908,computed (both variants usable),SBP
20:6655348:T:C,20:10967214:T:G,4311866,0.0383518598973751,0.0014708650996908,computed (both variants usable),SBP
20:6655348:T:C,20:11045176:G:T,4389828,-0.029303316026926,0.0008586843032389,computed (both variants usable),SBP
20:6655348:T:C,20:11170469:A:G,4515121,-0.008000181056559,6.400289566954598e-05,computed (both variants usable),SBP
20:6655348:T:C,20:11192291:A:G,4536943,0.0189709924161434,0.0003598985495045,computed (both variants usable),SBP
20:10669188:C:A,20:10965998:G:A,296810,0.0039617684669792,1.569561027281452e-05,computed (both variants usable),SBP
20:10669188:C:A,20:10967214:T:G,298026,0.0039617684669792,1.569561027281452e-05,computed (both variants usable),SBP
20:10669188:C:A,20:11045176:G:T,375988,-0.0041292258538305,1.7050506357918493e-05,computed (both variants usable),SBP
20:10669188:C:A,20:11170469:A:G,501281,-0.0254687331616878,0.0006486563943326,computed (both variants usable),SBP
20:10669188:C:A,20:11192291:A:G,523103,0.0533552803099155,0.0028467858210206,computed (both variants usable),SBP
20:10669188:C:A,20:19455985:G:A,8786797,-0.0313034169375896,0.0009799039689823,computed (both variants usable),SBP
20:10669188:C:A,20:19470418:C:A,8801230,-0.0261346753686666,0.0006830212660133,computed (both variants usable),SBP
20:10965998:G:A,20:10967214:T:G,1216,1.0000001192092896,1.000000238418579,computed (both variants usable),SBP
20:10965998:G:A,20:11045176:G:T,79178,-0.0014103746507316,1.9891565443685977e-06,computed (both variants usable),SBP
20:10965998:G:A,20:11170469:A:G,204471,-0.0432525686919689,0.0018707846757024,computed (both variants usable),SBP
20:10965998:G:A,20:11192291:A:G,226293,0.0348817743360996,0.0012167381355538,computed (both variants usable),SBP
20:10965998:G:A,20:19455985:G:A,8489987,0.061557438224554,0.0037893182598054,computed (both variants usable),SBP
20:10965998:G:A,20:19470418:C:A,8504420,0.0665024444460868,0.0044225752353668,computed (both variants usable),SBP
20:10967214:T:G,20:11045176:G:T,77962,-0.0014103746507316,1.9891565443685977e-06,computed (both variants usable),SBP
20:10967214:T:G,20:11170469:A:G,203255,-0.0432525686919689,0.0018707846757024,computed (both variants usable),SBP
20:10967214:T:G,20:11192291:A:G,225077,0.0348817743360996,0.0012167381355538,computed (both variants usable),SBP
20:10967214:T:G,20:19455985:G:A,8488771,0.061557438224554,0.0037893182598054,computed (both variants usable),SBP
20:10967214:T:G,20:19470418:C:A,8503204,0.0665024444460868,0.0044225752353668,computed (both variants usable),SBP
20:11045176:G:T,20:11170469:A:G,125293,-0.0103949382901191,0.0001080547444871,computed (both variants usable),SBP
20:11045176:G:T,20:11192291:A:G,147115,-0.0256728511303663,0.0006590952980332,computed (both variants usable),SBP
20:11045176:G:T,20:19455985:G:A,8410809,0.026078276336193,0.0006800764822401,computed (both variants usable),SBP
20:11045176:G:T,20:19470418:C:A,8425242,0.0249932333827018,0.0006246617413125,computed (both variants usable),SBP
20:11170469:A:G,20:11192291:A:G,21822,-0.6852145791053772,0.4695190191268921,computed (both variants usable),SBP
20:11170469:A:G,20:19455985:G:A,8285516,0.0204143356531858,0.000416745111579,computed (both variants usable),SBP
20:11170469:A:G,20:19470418:C:A,8299949,0.024775069206953,0.0006138040334917,computed (both variants usable),SBP
20:11192291:A:G,20:19455985:G:A,8263694,-0.0187098365277051,0.0003500579914543,computed (both variants usable),SBP
20:11192291:A:G,20:19470418:C:A,8278127,-0.0312834158539772,0.0009786521550267,computed (both variants usable),SBP
20:19455985:G:A,20:19470418:C:A,14433,0.9792551398277284,0.9589406251907348,computed (both variants usable),SBP
20:30817782:C:T,20:30917159:T:C,99377,0.8566579222679138,0.7338628172874451,computed (both variants usable),SBP
20:30817782:C:T,20:31213647:A:G,395865,0.030171075835824,0.0009102938347496,computed (both variants usable),SBP
20:30817782:C:T,20:31222769:A:G,404987,0.0092424834147095,8.542349678464234e-05,computed (both variants usable),SBP
20:30817782:C:T,20:31225752:G:A,407970,0.0104223378002643,0.0001086251286324,computed (both variants usable),SBP
20:30817782:C:T,20:33942261:G:A,3124479,0.0177945550531148,0.0003166461829096,computed (both variants usable),SBP
20:30817782:C:T,20:40258709:A:G,9440927,0.0115033769980072,0.000132327681058,computed (both variants usable),SBP
20:30817782:C:T,20:40261579:T:C,9443797,0.0073575647547841,5.413375765783712e-05,computed (both variants usable),SBP
20:30817782:C:T,20:40268334:T:A,9450552,0.0119239687919616,0.0001421810302417,computed (both variants usable),SBP
20:30917159:T:C,20:31213647:A:G,296488,0.0043767243623733,1.915571556310169e-05,computed (both variants usable),SBP
20:30917159:T:C,20:31222769:A:G,305610,-0.0161031708121299,0.0002593121025711,computed (both variants usable),SBP
20:30917159:T:C,20:31225752:G:A,308593,-0.0149462949484586,0.0002233917330158,computed (both variants usable),SBP
20:30917159:T:C,20:33942261:G:A,3025102,-0.0025489733088761,6.497265076177428e-06,computed (both variants usable),SBP
20:30917159:T:C,20:40258709:A:G,9341550,0.0059562339447438,3.547672167769633e-05,computed (both variants usable),SBP
20:30917159:T:C,20:40261579:T:C,9344420,0.0228994898498058,0.0005243866471573,computed (both variants usable),SBP
20:30917159:T:C,20:40268334:T:A,9351175,0.015437563881278,0.0002383183746132,computed (both variants usable),SBP
20:31213647:A:G,20:31222769:A:G,9122,0.9225586652755736,0.8511145114898682,computed (both variants usable),SBP
20:31213647:A:G,20:31225752:G:A,12105,0.9259607195854188,0.8574032783508301,computed (both variants usable),SBP
20:31213647:A:G,20:33942261:G:A,2728614,-0.034081470221281,0.0011615465627983,computed (both variants usable),SBP
20:31213647:A:G,20:40258709:A:G,9045062,-0.0298096816986799,0.0008886171272024,computed (both variants usable),SBP
20:31213647:A:G,20:40261579:T:C,9047932,0.0077886972576379,6.0663805925287306e-05,computed (both variants usable),SBP
20:31213647:A:G,20:40268334:T:A,9054687,-0.0102609507739543,0.0001052871084539,computed (both variants usable),SBP
20:31222769:A:G,20:31225752:G:A,2983,0.9963753819465636,0.992763876914978,computed (both variants usable),SBP
20:31222769:A:G,20:33942261:G:A,2719492,-0.0046423133462667,2.1551073587033898e-05,computed (both variants usable),SBP
20:31222769:A:G,20:40258709:A:G,9035940,-0.0380164943635463,0.0014452538453042,computed (both variants usable),SBP
20:31222769:A:G,20:40261579:T:C,9038810,0.0025040560867637,6.270297035371186e-06,computed (both variants usable),SBP
20:31222769:A:G,20:40268334:T:A,9045565,-0.0158567484468221,0.0002514364605303,computed (both variants usable),SBP
20:31225752:G:A,20:33942261:G:A,2716509,-0.0067458930425345,4.550707308226265e-05,computed (both variants usable),SBP
20:31225752:G:A,20:40258709:A:G,9032957,-0.0362420007586479,0.0013134826440364,computed (both variants usable),SBP
20:31225752:G:A,20:40261579:T:C,9035827,0.004506082739681,2.0304782083258036e-05,computed (both variants usable),SBP
20:31225752:G:A,20:40268334:T:A,9042582,-0.0138386320322752,0.0001915077300509,computed (both variants usable),SBP
20:33942261:G:A,20:40258709:A:G,6316448,0.0183674078434705,0.0003373616782482,computed (both variants usable),SBP
20:33942261:G:A,20:40261579:T:C,6319318,0.03213806822896,0.0010328554781153,computed (both variants usable),SBP
20:33942261:G:A,20:40268334:T:A,6326073,0.0117789879441261,0.0001387445518048,computed (both variants usable),SBP
20:33942261:G:A,20:42797358:A:G,8855097,-0.0222215540707111,0.0004937974736094,computed (both variants usable),SBP
20:33942261:G:A,20:42801971:T:C,8859710,-0.0023127647582441,5.348880677047418e-06,computed (both variants usable),SBP
20:33942261:G:A,20:42804581:C:G,8862320,-0.0023127647582441,5.348880677047418e-06,computed (both variants usable),SBP
20:40258709:A:G,20:40261579:T:C,2870,0.7848739624023438,0.6160271167755127,computed (both variants usable),SBP
20:40258709:A:G,20:40268334:T:A,9625,0.8507190346717834,0.7237228751182556,computed (both variants usable),SBP
20:40258709:A:G,20:42797358:A:G,2538649,-0.032600063830614,0.0010627642041072,computed (both variants usable),SBP
20:40258709:A:G,20:42801971:T:C,2543262,0.0152720771729946,0.0002332363364985,computed (both variants usable),SBP
20:40258709:A:G,20:42804581:C:G,2545872,0.0152720771729946,0.0002332363364985,computed (both variants usable),SBP
20:40258709:A:G,20:50108980:G:A,9850271,-0.0447168350219726,0.0019995954353362,computed (both variants usable),SBP
20:40258709:A:G,20:50131816:A:C,9873107,0.0148127768188714,0.0002194183616666,computed (both variants usable),SBP
20:40261579:T:C,20:40268334:T:A,6755,0.9315599799156188,0.8678039908409119,computed (both variants usable),SBP
20:40261579:T:C,20:42797358:A:G,2535779,-0.0251503158360719,0.0006325384019874,computed (both variants usable),SBP
20:40261579:T:C,20:42801971:T:C,2540392,0.0023181571159511,5.373852218326647e-06,computed (both variants usable),SBP
20:40261579:T:C,20:42804581:C:G,2543002,0.0023181571159511,5.373852218326647e-06,computed (both variants usable),SBP
20:40261579:T:C,20:50108980:G:A,9847401,-0.0404102988541126,0.0016329922946169,computed (both variants usable),SBP
20:40261579:T:C,20:50131816:A:C,9870237,0.0198482442647218,0.0003939527960028,computed (both variants usable),SBP
20:40268334:T:A,20:42797358:A:G,2529024,-0.0196122135967016,0.0003846389299724,computed (both variants usable),SBP
20:40268334:T:A,20:42801971:T:C,2533637,0.020881064236164,0.0004360188322607,computed (both variants usable),SBP
20:40268334:T:A,20:42804581:C:G,2536247,0.020881064236164,0.0004360188322607,computed (both variants usable),SBP
20:40268334:T:A,20:50108980:G:A,9840646,-0.0341088622808456,0.001163414446637,computed (both variants usable),SBP
20:40268334:T:A,20:50131816:A:C,9863482,0.0138870142400264,0.0001928491692524,computed (both variants usable),SBP
20:42797358:A:G,20:42801971:T:C,4613,0.4023889899253845,0.161916896700859,computed (both variants usable),SBP
20:42797358:A:G,20:42804581:C:G,7223,0.4023889899253845,0.161916896700859,computed (both variants usable),SBP
20:42797358:A:G,20:50108980:G:A,7311622,-0.0565503910183906,0.0031979468185454,computed (both variants usable),SBP
20:42797358:A:G,20:50131816:A:C,7334458,0.0663137882947921,0.004397518467158,computed (both variants usable),SBP
20:42797358:A:G,20:50931078:T:C,8133720,0.0029403194785118,8.645478374091908e-06,computed (both variants usable),SBP
20:42797358:A:G,20:50981999:G:T,8184641,0.0052666394039988,2.7737491109292023e-05,computed (both variants usable),SBP
20:42801971:T:C,20:42804581:C:G,2610,1.0000005960464478,1.0000011920928955,computed (both variants usable),SBP
20:42801971:T:C,20:50108980:G:A,7307009,-0.0345826111733913,0.0011959569528698,computed (both variants usable),SBP
20:42801971:T:C,20:50131816:A:C,7329845,0.0544296167790889,0.0029625832103192,computed (both variants usable),SBP
20:42801971:T:C,20:50931078:T:C,8129107,-0.0312241725623607,0.0009749489254318,computed (both variants usable),SBP
20:42801971:T:C,20:50981999:G:T,8180028,-0.0337319448590278,0.0011378440540283,computed (both variants usable),SBP
20:42804581:C:G,20:50108980:G:A,7304399,-0.0345826111733913,0.0011959569528698,computed (both variants usable),SBP
20:42804581:C:G,20:50131816:A:C,7327235,0.0544296167790889,0.0029625832103192,computed (both variants usable),SBP
20:42804581:C:G,20:50931078:T:C,8126497,-0.0312241725623607,0.0009749489254318,computed (both variants usable),SBP
20:42804581:C:G,20:50981999:G:T,8177418,-0.0337319448590278,0.0011378440540283,computed (both variants usable),SBP
20:50108980:G:A,20:50131816:A:C,22836,-0.7297863960266113,0.5325881838798523,computed (both variants usable),SBP
20:50108980:G:A,20:50931078:T:C,822098,0.0013666988816112,1.867865876192809e-06,computed (both variants usable),SBP
20:50108980:G:A,20:50981999:G:T,873019,0.0070796287618577,5.012114343116991e-05,computed (both variants usable),SBP
20:50108980:G:A,20:57728269:C:T,7619289,0.0506323240697383,0.0025636323262006,computed (both variants usable),SBP
20:50108980:G:A,20:57739469:A:T,7630489,0.0609868206083774,0.0037193922325968,computed (both variants usable),SBP
20:50131816:A:C,20:50931078:T:C,799262,0.0022995870094746,5.288100510369986e-06,computed (both variants usable),SBP
20:50131816:A:C,20:50981999:G:T,850183,0.0049030650407075,2.404004590061959e-05,computed (both variants usable),SBP
20:50131816:A:C,20:57728269:C:T,7596453,-0.0669232234358787,0.004478717688471,computed (both variants usable),SBP
20:50131816:A:C,20:57739469:A:T,7607653,-0.0646295547485351,0.0041769794188439,computed (both variants usable),SBP
20:50931078:T:C,20:50981999:G:T,50921,0.9637412428855896,0.92879718542099,computed (both variants usable),SBP
20:50931078:T:C,20:57728269:C:T,6797191,0.0348777659237384,0.0012164585059508,computed (both variants usable),SBP
20:50931078:T:C,20:57739469:A:T,6808391,0.0340708568692207,0.0011608232744038,computed (both variants usable),SBP
20:50981999:G:T,20:57728269:C:T,6746270,0.0199400652199983,0.00039760619984,computed (both variants usable),SBP
20:50981999:G:T,20:57739469:A:T,6757470,0.0194840598851442,0.0003796285891439,computed (both variants usable),SBP
20:57728269:C:T,20:57739469:A:T,11200,0.9511366486549376,0.904660940170288,computed (both variants usable),SBP
20:57728269:C:T,20:62446351:G:A,4718082,-0.034845944494009,0.0012142398627474,computed (both variants usable),SBP
20:57728269:C:T,20:62692060:A:C,4963791,-0.0067646182142198,4.576005812850781e-05,computed (both variants usable),SBP
20:57739469:A:T,20:62446351:G:A,4706882,-0.0303932726383209,0.0009237510384991,computed (both variants usable),SBP
20:57739469:A:T,20:62692060:A:C,4952591,-0.0052389851771295,2.744696575973649e-05,computed (both variants usable),SBP
20:62446351:G:A,20:62692060:A:C,245709,0.2193267792463302,0.0481042377650737,computed (both variants usable),SBP
21:16556367:C:T,21:16576783:G:A,20416,0.7446621656417847,0.5545217394828796,computed (both variants usable),SBP
21:30123533:A:G,21:30123544:C:T,11,1.000001311302185,1.00000262260437,computed (both variants usable),SBP
21:30123533:A:G,21:33781443:A:T,3657910,-0.0397434420883655,0.0015795411309227,computed (both variants usable),SBP
21:30123533:A:G,21:33814378:C:A,3690845,-0.023794325068593,0.0005661699105985,computed (both variants usable),SBP
21:30123544:C:T,21:33781443:A:T,3657899,-0.0397434420883655,0.0015795411309227,computed (both variants usable),SBP
21:30123544:C:T,21:33814378:C:A,3690834,-0.023794325068593,0.0005661699105985,computed (both variants usable),SBP
21:33781443:A:T,21:33814378:C:A,32935,0.6722621917724609,0.4519364535808563,computed (both variants usable),SBP
21:33781443:A:T,21:40624171:G:A,6842728,-0.0041706524789333,1.7394342648913153e-05,computed (both variants usable),SBP
21:33781443:A:T,21:43472148:G:A,9690705,-0.0397847965359687,0.0015828299801796,computed (both variants usable),SBP
21:33781443:A:T,21:43530671:T:C,9749228,-0.0372384376823902,0.0013867012457922,computed (both variants usable),SBP
21:33814378:C:A,21:40624171:G:A,6809793,-0.0398607812821865,0.0015888818306848,computed (both variants usable),SBP
21:33814378:C:A,21:43472148:G:A,9657770,-0.0324300974607467,0.0010517112677916,computed (both variants usable),SBP
21:33814378:C:A,21:43530671:T:C,9716293,0.0363192558288574,0.0013190883910283,computed (both variants usable),SBP
21:40624171:G:A,21:43472148:G:A,2847977,-0.0134331109002232,0.0001804484636522,computed (both variants usable),SBP
21:40624171:G:A,21:43530671:T:C,2906500,0.0316988863050937,0.0010048194089904,computed (both variants usable),SBP
21:43472148:G:A,21:43530671:T:C,58523,-0.0124122099950909,0.000154062960064,computed (both variants usable),SBP
22:19960198:G:C,22:29258140:T:A,9297942,0.0165439862757921,0.0002737034810706,computed (both variants usable),SBP
22:45729424:G:A,22:50727792:T:C,4998368,-0.0341489687561988,0.0011661520693451,computed (both variants usable),SBP
3:11413387:T:G,3:11418508:C:T,5121,0.9601903557777404,0.9219655394554138,computed (both variants usable),SBP
3:11413387:T:G,3:11545719:T:C,132332,0.7977595925331116,0.6364203691482544,computed (both variants usable),SBP
3:11413387:T:G,3:12859004:A:C,1445617,-0.0502035617828369,0.0025203975383192,computed (both variants usable),SBP
3:11413387:T:G,3:13352608:T:G,1939221,-0.0063417684286832,4.021802669740282e-05,computed (both variants usable),SBP
3:11413387:T:G,3:14926351:T:C,3512964,-0.0346037894487381,0.0011974222725257,computed (both variants usable),SBP
3:11413387:T:G,3:16846967:A:C,5433580,0.0226836707442998,0.0005145489121787,computed (both variants usable),SBP
3:11413387:T:G,3:20112416:A:G,8699029,0.0791875049471855,0.0062706610187888,computed (both variants usable),SBP
3:11413387:T:G,3:20113989:C:A,8700602,0.0791875049471855,0.0062706610187888,computed (both variants usable),SBP
3:11413387:T:G,3:20117724:G:A,8704337,0.0416560843586921,0.0017352293943986,computed (both variants usable),SBP
3:11418508:C:T,3:11545719:T:C,127211,0.7724201679229736,0.5966328978538513,computed (both variants usable),SBP
3:11418508:C:T,3:12859004:A:C,1440496,-0.0467248745262622,0.0021832138299942,computed (both variants usable),SBP
3:11418508:C:T,3:13352608:T:G,1934100,-0.005268317181617,2.775516622932628e-05,computed (both variants usable),SBP
3:11418508:C:T,3:14926351:T:C,3507843,-0.0345044583082199,0.0011905576102435,computed (both variants usable),SBP
3:11418508:C:T,3:16846967:A:C,5428459,0.0218647290021181,0.0004780663875862,computed (both variants usable),SBP
3:11418508:C:T,3:20112416:A:G,8693908,0.0665024295449256,0.0044225729070603,computed (both variants usable),SBP
3:11418508:C:T,3:20113989:C:A,8695481,0.0665024295449256,0.0044225729070603,computed (both variants usable),SBP
3:11418508:C:T,3:20117724:G:A,8699216,0.0301732085645198,0.0009104225318878,computed (both variants usable),SBP
3:11545719:T:C,3:12859004:A:C,1313285,-0.0459321551024913,0.0021097629796713,computed (both variants usable),SBP
3:11545719:T:C,3:13352608:T:G,1806889,0.0208523701876401,0.0004348213551566,computed (both variants usable),SBP
3:11545719:T:C,3:14926351:T:C,3380632,-0.0403359122574329,0.0016269858460873,computed (both variants usable),SBP
3:11545719:T:C,3:16846967:A:C,5301248,0.0252876877784729,0.0006394671509042,computed (both variants usable),SBP
3:11545719:T:C,3:20112416:A:G,8566697,0.085380919277668,0.0072899013757705,computed (both variants usable),SBP
3:11545719:T:C,3:20113989:C:A,8568270,0.085380919277668,0.0072899013757705,computed (both variants usable),SBP
3:11545719:T:C,3:20117724:G:A,8572005,0.0407092869281768,0.0016572460299357,computed (both variants usable),SBP
3:12859004:A:C,3:13352608:T:G,493604,0.0029127025045454,8.48383569973521e-06,computed (both variants usable),SBP
3:12859004:A:C,3:14926351:T:C,2067347,0.0196611732244491,0.0003865617327392,computed (both variants usable),SBP
3:12859004:A:C,3:16846967:A:C,3987963,-0.0018619798356667,3.466969019427779e-06,computed (both variants usable),SBP
3:12859004:A:C,3:20112416:A:G,7253412,-0.0092150783166289,8.491766493534669e-05,computed (both variants usable),SBP
3:12859004:A:C,3:20113989:C:A,7254985,-0.0092150783166289,8.491766493534669e-05,computed (both variants usable),SBP
3:12859004:A:C,3:20117724:G:A,7258720,-0.0227159634232521,0.0005160149885341,computed (both variants usable),SBP
3:13352608:T:G,3:14926351:T:C,1573743,-0.0045288456603884,2.0510442482191135e-05,computed (both variants usable),SBP
3:13352608:T:G,3:16846967:A:C,3494359,-0.0207439921796321,0.0004303132009226,computed (both variants usable),SBP
3:13352608:T:G,3:20112416:A:G,6759808,0.0174199976027011,0.0003034563269466,computed (both variants usable),SBP
3:13352608:T:G,3:20113989:C:A,6761381,0.0174199976027011,0.0003034563269466,computed (both variants usable),SBP
3:13352608:T:G,3:20117724:G:A,6765116,0.0140329040586948,0.000196922395844,computed (both variants usable),SBP
3:14926351:T:C,3:16846967:A:C,1920616,0.0524199977517128,0.002747856080532,computed (both variants usable),SBP
3:14926351:T:C,3:20112416:A:G,5186065,-0.0616745576262474,0.0038037509657442,computed (both variants usable),SBP
3:14926351:T:C,3:20113989:C:A,5187638,-0.0616745576262474,0.0038037509657442,computed (both variants usable),SBP
3:14926351:T:C,3:20117724:G:A,5191373,-0.0643324926495552,0.0041386694647371,computed (both variants usable),SBP
3:16846967:A:C,3:20112416:A:G,3265449,0.0089975502341985,8.095591329038143e-05,computed (both variants usable),SBP
3:16846967:A:C,3:20113989:C:A,3267022,0.0089975502341985,8.095591329038143e-05,computed (both variants usable),SBP
3:16846967:A:C,3:20117724:G:A,3270757,-0.0177081059664487,0.0003135770093649,computed (both variants usable),SBP
3:20112416:A:G,3:20113989:C:A,1573,0.9999975562095642,0.9999951124191284,computed (both variants usable),SBP
3:20112416:A:G,3:20117724:G:A,5308,0.885325014591217,0.7838003635406494,computed (both variants usable),SBP
3:20112416:A:G,3:27238349:C:G,7125933,-0.0128656504675745,0.0001655249652685,computed (both variants usable),SBP
3:20112416:A:G,3:27281146:C:T,7168730,0.0015483099268749,2.3972636427060934e-06,computed (both variants usable),SBP
3:20112416:A:G,3:27329540:C:T,7217124,-0.0145436534658074,0.0002115178504027,computed (both variants usable),SBP
3:20112416:A:G,3:27538731:G:A,7426315,0.0156374834477901,0.0002445308782625,computed (both variants usable),SBP
3:20112416:A:G,3:27562988:C:T,7450572,-0.0255603641271591,0.0006533322157338,computed (both variants usable),SBP
3:20113989:C:A,3:20117724:G:A,3735,0.885325014591217,0.7838003635406494,computed (both variants usable),SBP
3:20113989:C:A,3:27238349:C:G,7124360,-0.0128656504675745,0.0001655249652685,computed (both variants usable),SBP
3:20113989:C:A,3:27281146:C:T,7167157,0.0015483099268749,2.3972636427060934e-06,computed (both variants usable),SBP
3:20113989:C:A,3:27329540:C:T,7215551,-0.0145436534658074,0.0002115178504027,computed (both variants usable),SBP
3:20113989:C:A,3:27538731:G:A,7424742,0.0156374834477901,0.0002445308782625,computed (both variants usable),SBP
3:20113989:C:A,3:27562988:C:T,7448999,-0.0255603641271591,0.0006533322157338,computed (both variants usable),SBP
3:20117724:G:A,3:27238349:C:G,7120625,-0.0010326978517696,1.0664648470992688e-06,computed (both variants usable),SBP
3:20117724:G:A,3:27281146:C:T,7163422,-0.0174073409289121,0.0003030155203305,computed (both variants usable),SBP
3:20117724:G:A,3:27329540:C:T,7211816,-0.017944186925888,0.000321993837133,computed (both variants usable),SBP
3:20117724:G:A,3:27538731:G:A,7421007,0.0090084141120314,8.115152741083875e-05,computed (both variants usable),SBP
3:20117724:G:A,3:27562988:C:T,7445264,-0.0176653619855642,0.000312065007165,computed (both variants usable),SBP
3:27238349:C:G,3:27281146:C:T,42797,0.1942988187074661,0.0377520322799682,computed (both variants usable),SBP
3:27238349:C:G,3:27329540:C:T,91191,0.5117941498756409,0.2619332373142242,computed (both variants usable),SBP
3:27238349:C:G,3:27538731:G:A,300382,-0.5531686544418335,0.3059955537319183,computed (both variants usable),SBP
3:27238349:C:G,3:27562988:C:T,324639,0.2955500185489654,0.0873498171567916,computed (both variants usable),SBP
3:27238349:C:G,3:30422563:C:T,3184214,0.0131921852007508,0.0001740337465889,computed (both variants usable),SBP
3:27238349:C:G,3:35645442:A:C,8407093,0.040667351335287,0.0016538334311917,computed (both variants usable),SBP
3:27238349:C:G,3:35659344:T:G,8420995,0.0388921126723289,0.0015125963836908,computed (both variants usable),SBP
3:27281146:C:T,3:27329540:C:T,48394,0.3802113234996795,0.1445606499910354,computed (both variants usable),SBP
3:27281146:C:T,3:27538731:G:A,257585,-0.104972131550312,0.011019148863852,computed (both variants usable),SBP
3:27281146:C:T,3:27562988:C:T,281842,0.0765058621764183,0.0058531467802822,computed (both variants usable),SBP
3:27281146:C:T,3:30422563:C:T,3141417,-0.0343945734202861,0.0011829866562038,computed (both variants usable),SBP
3:27281146:C:T,3:35645442:A:C,8364296,0.018439257517457,0.0003400062269065,computed (both variants usable),SBP
3:27281146:C:T,3:35659344:T:G,8378198,0.0189320240169763,0.0003584215301088,computed (both variants usable),SBP
3:27329540:C:T,3:27538731:G:A,209191,-0.4392407238483429,0.1929324120283126,computed (both variants usable),SBP
3:27329540:C:T,3:27562988:C:T,233448,0.5311343669891357,0.2821037173271179,computed (both variants usable),SBP
3:27329540:C:T,3:30422563:C:T,3093023,-0.0134727461263537,0.0001815148862078,computed (both variants usable),SBP
3:27329540:C:T,3:35645442:A:C,8315902,0.028400182723999,0.0008065704023465,computed (both variants usable),SBP
3:27329540:C:T,3:35659344:T:G,8329804,0.0249635465443134,0.0006231786683201,computed (both variants usable),SBP
3:27538731:G:A,3:27562988:C:T,24257,-0.6979299187660217,0.4871061742305755,computed (both variants usable),SBP
3:27538731:G:A,3:30422563:C:T,2883832,0.0133665995672345,0.000178665985004,computed (both variants usable),SBP
3:27538731:G:A,3:35645442:A:C,8106711,-0.0147620420902967,0.0002179178845835,computed (both variants usable),SBP
3:27538731:G:A,3:35659344:T:G,8120613,-0.0131103117018938,0.0001718802668619,computed (both variants usable),SBP
3:27562988:C:T,3:30422563:C:T,2859575,-0.0136263966560363,0.0001856786839198,computed (both variants usable),SBP
3:27562988:C:T,3:35645442:A:C,8082454,0.0189025104045867,0.0003573049034457,computed (both variants usable),SBP
3:27562988:C:T,3:35659344:T:G,8096356,0.0207898188382387,0.0004322165623307,computed (both variants usable),SBP
3:30422563:C:T,3:35645442:A:C,5222879,0.0098552331328392,9.712562314234674e-05,computed (both variants usable),SBP
3:30422563:C:T,3:35659344:T:G,5236781,0.0113396868109703,0.0001285884936805,computed (both variants usable),SBP
3:35645442:A:C,3:35659344:T:G,13902,0.9935715198516846,0.9871843457221984,computed (both variants usable),SBP
3:35645442:A:C,3:41105947:G:T,5460505,-0.0165954064577817,0.0002754075103439,computed (both variants usable),SBP
3:35645442:A:C,3:41816673:G:C,6171231,0.0256927628070116,0.0006601180648431,computed (both variants usable),SBP
3:35659344:T:G,3:41105947:G:T,5446603,-0.0157886296510696,0.0002492808271199,computed (both variants usable),SBP
3:35659344:T:G,3:41816673:G:C,6157329,0.0214142631739377,0.0004585706628859,computed (both variants usable),SBP
3:41105947:G:T,3:41816673:G:C,710726,0.0554424226284027,0.0030738622881472,computed (both variants usable),SBP
3:41105947:G:T,3:49789814:G:A,8683867,-0.020464276894927,0.0004187866288702,computed (both variants usable),SBP
3:41816673:G:C,3:49789814:G:A,7973141,0.0642935112118721,0.0041336556896567,computed (both variants usable),SBP
3:49789814:G:A,3:53158831:T:A,3369017,0.0629699006676673,0.0039652083069086,computed (both variants usable),SBP
3:49789814:G:A,3:53553923:G:T,3764109,0.0385787449777126,0.0014883195981383,computed (both variants usable),SBP
3:49789814:G:A,3:53558012:G:A,3768198,-0.038460649549961,0.0014792215079069,computed (both variants usable),SBP
3:49789814:G:A,3:53734195:A:T,3944381,-0.0028240878600627,7.975471817189828e-06,computed (both variants usable),SBP
3:49789814:G:A,3:53734443:T:C,3944629,0.0134399598464369,0.000180632516276,computed (both variants usable),SBP
3:49789814:G:A,3:53735299:A:G,3945485,0.0154490899294614,0.0002386743726674,computed (both variants usable),SBP
3:49789814:G:A,3:56753662:C:T,6963848,-0.0521898865699768,0.0027237841859459,computed (both variants usable),SBP
3:53158831:T:A,3:53553923:G:T,395092,0.0124129327014088,0.0001540809025755,computed (both variants usable),SBP
3:53158831:T:A,3:53558012:G:A,399181,-0.0550106614828109,0.0030261729843914,computed (both variants usable),SBP
3:53158831:T:A,3:53734195:A:T,575364,-0.0048181200399994,2.321428110008128e-05,computed (both variants usable),SBP
3:53158831:T:A,3:53734443:T:C,575612,-0.0118806688115,0.0001411502889823,computed (both variants usable),SBP
3:53158831:T:A,3:53735299:A:G,576468,-0.0086609963327646,7.501286017941311e-05,computed (both variants usable),SBP
3:53158831:T:A,3:56753662:C:T,3594831,-0.0421113483607769,0.0017733656568452,computed (both variants usable),SBP
3:53553923:G:T,3:53558012:G:A,4089,-0.7817205190658569,0.6110869646072388,computed (both variants usable),SBP
3:53553923:G:T,3:53734195:A:T,180272,-0.0609460212290287,0.0037144175730645,computed (both variants usable),SBP
3:53553923:G:T,3:53734443:T:C,180520,0.0430050678551197,0.0018494358519092,computed (both variants usable),SBP
3:53553923:G:T,3:53735299:A:G,181376,0.0417760200798511,0.0017452358733862,computed (both variants usable),SBP
3:53553923:G:T,3:56753662:C:T,3199739,0.0398805439472198,0.0015904577448964,computed (both variants usable),SBP
3:53558012:G:A,3:53734195:A:T,176183,0.0575176626443862,0.0033082815352827,computed (both variants usable),SBP
3:53558012:G:A,3:53734443:T:C,176431,-0.0268120449036359,0.0007188857416622,computed (both variants usable),SBP
3:53558012:G:A,3:53735299:A:G,177287,-0.0253639053553342,0.0006433277158066,computed (both variants usable),SBP
3:53558012:G:A,3:56753662:C:T,3195650,-0.0040757381357252,1.6611640603514388e-05,computed (both variants usable),SBP
3:53734195:A:T,3:53734443:T:C,248,0.7551828026771545,0.5703010559082031,computed (both variants usable),SBP
3:53734195:A:T,3:53735299:A:G,1104,0.7586351633071899,0.5755273103713989,computed (both variants usable),SBP
3:53734195:A:T,3:56753662:C:T,3019467,-0.0071975532919168,5.180477455724031e-05,computed (both variants usable),SBP
3:53734443:T:C,3:53735299:A:G,856,0.997726321220398,0.9954578280448914,computed (both variants usable),SBP
3:53734443:T:C,3:56753662:C:T,3019219,-0.0105425836518406,0.0001111460733227,computed (both variants usable),SBP
3:53735299:A:G,3:56753662:C:T,3018363,-0.0118582928553223,0.0001406191149726,computed (both variants usable),SBP
3:56753662:C:T,3:66362386:A:G,9608724,-0.0197305902838706,0.0003892961831297,computed (both variants usable),SBP
3:66362386:A:G,3:68779288:G:T,2416902,-0.0473968647420406,0.002246462740004,computed (both variants usable),SBP
3:66362386:A:G,3:70888609:A:G,4526223,-0.0132469730451703,0.0001754822878865,computed (both variants usable),SBP
3:66362386:A:G,3:70920485:A:T,4558099,0.0341226458549499,0.001164354966022,computed (both variants usable),SBP
3:66362386:A:G,3:71664374:T:G,5301988,0.0210834182798862,0.0004445105150807,computed (both variants usable),SBP
3:68779288:G:T,3:70888609:A:G,2109321,-0.0274262391030788,0.0007521985680796,computed (both variants usable),SBP
3:68779288:G:T,3:70920485:A:T,2141197,0.0241970494389534,0.0005854971823282,computed (both variants usable),SBP
3:68779288:G:T,3:71664374:T:G,2885086,-0.0614848844707012,0.0037803910672664,computed (both variants usable),SBP
3:68779288:G:T,3:78745866:G:A,9966578,0.0087899751961231,7.726366311544552e-05,computed (both variants usable),SBP
3:68779288:G:T,3:78755473:G:A,9976185,0.0135238356888294,0.0001828941312851,computed (both variants usable),SBP
3:70888609:A:G,3:70920485:A:T,31876,-0.7358130216598511,0.5414208173751831,computed (both variants usable),SBP
3:70888609:A:G,3:71664374:T:G,775765,-0.0110723227262496,0.0001225963351316,computed (both variants usable),SBP
3:70888609:A:G,3:78745866:G:A,7857257,0.0153020657598972,0.0002341532235732,computed (both variants usable),SBP
3:70888609:A:G,3:78755473:G:A,7866864,0.0153020694851875,0.0002341533254366,computed (both variants usable),SBP
3:70920485:A:T,3:71664374:T:G,743889,0.0280207805335521,0.0007851641275919,computed (both variants usable),SBP
3:70920485:A:T,3:78745866:G:A,7825381,-0.0352772362530231,0.0012444833992049,computed (both variants usable),SBP
3:70920485:A:T,3:78755473:G:A,7834988,-0.0352772362530231,0.0012444833992049,computed (both variants usable),SBP
3:71664374:T:G,3:78745866:G:A,7081492,-0.0360168740153312,0.0012972152326256,computed (both variants usable),SBP
3:71664374:T:G,3:78755473:G:A,7091099,-0.0360168367624282,0.0012972125550732,computed (both variants usable),SBP
3:78745866:G:A,3:78755473:G:A,9607,0.9946475625038148,0.9893237948417664,computed (both variants usable),SBP
3:115056225:C:T,3:123065490:G:C,8009265,0.0262429416179656,0.0006886919727548,computed (both variants usable),SBP
3:115056225:C:T,3:124606753:T:A,9550528,0.0184285771101713,0.0003396124520804,computed (both variants usable),SBP
3:115056225:C:T,3:124613271:C:A,9557046,0.0138247665017843,0.0001911241706693,computed (both variants usable),SBP
3:123065490:G:C,3:124606753:T:A,1541263,-0.0161490067839622,0.0002607904316391,computed (both variants usable),SBP
3:123065490:G:C,3:124613271:C:A,1547781,-0.0362942591309547,0.0013172732433304,computed (both variants usable),SBP
3:124606753:T:A,3:124613271:C:A,6518,0.6277154088020325,0.3940266370773315,computed (both variants usable),SBP
3:124606753:T:A,3:133940530:A:G,9333777,-0.0411246716976165,0.0016912386054173,computed (both variants usable),SBP
3:124606753:T:A,3:133985901:G:A,9379148,-0.0336481817066669,0.0011322001228109,computed (both variants usable),SBP
3:124606753:T:A,3:133995065:G:A,9388312,-0.0247019100934267,0.0006101843900978,computed (both variants usable),SBP
3:124613271:C:A,3:133940530:A:G,9327259,-0.0094403000548481,8.911926852306351e-05,computed (both variants usable),SBP
3:124613271:C:A,3:133985901:G:A,9372630,0.00705968728289,4.983918552170508e-05,computed (both variants usable),SBP
3:124613271:C:A,3:133995065:G:A,9381794,-0.0092492830008268,8.554923260817304e-05,computed (both variants usable),SBP
3:133940530:A:G,3:133985901:G:A,45371,0.705381453037262,0.4975630044937134,computed (both variants usable),SBP
3:133940530:A:G,3:133995065:G:A,54535,0.8642681837081909,0.7469595074653625,computed (both variants usable),SBP
3:133985901:G:A,3:133995065:G:A,9164,0.6264106035232544,0.3923902511596679,computed (both variants usable),SBP
3:149710185:G:A,3:153884517:T:A,4174332,0.008667635731399,7.512790762120858e-05,computed (both variants usable),SBP
3:149710185:G:A,3:154623332:G:T,4913147,-0.0654991716146469,0.0042901416309177,computed (both variants usable),SBP
3:149710185:G:A,3:154638514:A:G,4928329,-0.0673673823475837,0.0045383642427623,computed (both variants usable),SBP
3:149710185:G:A,3:154700729:G:A,4990544,-0.0710577368736267,0.0050492021255195,computed (both variants usable),SBP
3:153884517:T:A,3:154623332:G:T,738815,-0.0064923507161438,4.215061926515773e-05,computed (both variants usable),SBP
3:153884517:T:A,3:154638514:A:G,753997,-0.0045941309072077,2.110603963956237e-05,computed (both variants usable),SBP
3:153884517:T:A,3:154700729:G:A,816212,-0.0008505688165314,7.234673375933198e-07,computed (both variants usable),SBP
3:153884517:T:A,3:160173831:G:T,6289314,0.0143528832122683,0.0002060052502201,computed (both variants usable),SBP
3:153884517:T:A,3:160182911:C:G,6298394,0.0071401903405785,5.098231849842705e-05,computed (both variants usable),SBP
3:154623332:G:T,3:154638514:A:G,15182,0.994233787059784,0.9885008335113524,computed (both variants usable),SBP
3:154623332:G:T,3:154700729:G:A,77397,0.982952117919922,0.9661948680877686,computed (both variants usable),SBP
3:154623332:G:T,3:160173831:G:T,5550499,0.0281934160739183,0.0007948686834424,computed (both variants usable),SBP
3:154623332:G:T,3:160182911:C:G,5559579,0.033780250698328,0.001141105312854,computed (both variants usable),SBP
3:154638514:A:G,3:154700729:G:A,62215,0.9772471785545348,0.955012023448944,computed (both variants usable),SBP
3:154638514:A:G,3:160173831:G:T,5535317,0.0261783339083194,0.0006853051600046,computed (both variants usable),SBP
3:154638514:A:G,3:160182911:C:G,5544397,0.0317232869565486,0.0010063669178634,computed (both variants usable),SBP
3:154700729:G:A,3:160173831:G:T,5473102,0.0379819497466087,0.0014426285633817,computed (both variants usable),SBP
3:154700729:G:A,3:160182911:C:G,5482182,0.0433777756989002,0.001881631440483,computed (both variants usable),SBP
3:160173831:G:T,3:160182911:C:G,9080,0.9918127655982972,0.9836925864219666,computed (both variants usable),SBP
3:160173831:G:T,3:168815099:T:C,8641268,-0.0089825633913278,8.068644820014015e-05,computed (both variants usable),SBP
3:160173831:G:T,3:169092995:C:T,8919164,-0.0218248981982469,0.0004763261822517,computed (both variants usable),SBP
3:160173831:G:T,3:169113110:C:A,8939279,0.0307136122137308,0.000943325983826,computed (both variants usable),SBP
3:160173831:G:T,3:169186293:G:A,9012462,-0.0259791687130928,0.0006749171880073,computed (both variants usable),SBP
3:160173831:G:T,3:169477506:A:G,9303675,-0.0191421024501323,0.0003664200776256,computed (both variants usable),SBP
3:160173831:G:T,3:169486508:G:A,9312677,-0.0190667733550071,0.0003635418543126,computed (both variants usable),SBP
3:160182911:C:G,3:168815099:T:C,8632188,-0.0130912521854043,0.000171380888787,computed (both variants usable),SBP
3:160182911:C:G,3:169092995:C:T,8910084,-0.0234009530395269,0.0005476045771501,computed (both variants usable),SBP
3:160182911:C:G,3:169113110:C:A,8930199,0.0325932316482067,0.0010623187990859,computed (both variants usable),SBP
3:160182911:C:G,3:169186293:G:A,9003382,-0.0318920649588108,0.0010171037865802,computed (both variants usable),SBP
3:160182911:C:G,3:169477506:A:G,9294595,-0.0177950989454984,0.0003166655369568,computed (both variants usable),SBP
3:160182911:C:G,3:169486508:G:A,9303597,-0.0174862798303365,0.0003057699941564,computed (both variants usable),SBP
3:168815099:T:C,3:169092995:C:T,277896,0.0630816370248794,0.0039792926982045,computed (both variants usable),SBP
3:168815099:T:C,3:169113110:C:A,298011,-0.0606776885688304,0.0036817819345742,computed (both variants usable),SBP
3:168815099:T:C,3:169186293:G:A,371194,0.0972678288817405,0.0094610303640365,computed (both variants usable),SBP
3:168815099:T:C,3:169477506:A:G,662407,0.0138993430882692,0.0001931917358888,computed (both variants usable),SBP
3:168815099:T:C,3:169486508:G:A,671409,0.0097230402752757,9.45375140872784e-05,computed (both variants usable),SBP
3:168815099:T:C,3:178750215:G:A,9935116,0.0292251966893672,0.0008541121496818,computed (both variants usable),SBP
3:169092995:C:T,3:169113110:C:A,20115,-0.9232767820358276,0.8524399995803833,computed (both variants usable),SBP
3:169092995:C:T,3:169186293:G:A,93298,0.8196528553962708,0.6718308329582214,computed (both variants usable),SBP
3:169092995:C:T,3:169477506:A:G,384511,0.0376667194068431,0.0014187816996127,computed (both variants usable),SBP
3:169092995:C:T,3:169486508:G:A,393513,0.0377692058682441,0.0014265129575505,computed (both variants usable),SBP
3:169092995:C:T,3:178750215:G:A,9657220,0.0172621272504329,0.0002979810233227,computed (both variants usable),SBP
3:169113110:C:A,3:169186293:G:A,73183,-0.8744687438011169,0.7646955847740173,computed (both variants usable),SBP
3:169113110:C:A,3:169477506:A:G,364396,-0.0541572980582714,0.0029330130200833,computed (both variants usable),SBP
3:169113110:C:A,3:169486508:G:A,373398,-0.0653537362813949,0.004271110985428,computed (both variants usable),SBP
3:169113110:C:A,3:178750215:G:A,9637105,-0.0133924577385187,0.0001793579285731,computed (both variants usable),SBP
3:169186293:G:A,3:169477506:A:G,291213,0.0084493197500705,7.139100489439443e-05,computed (both variants usable),SBP
3:169186293:G:A,3:169486508:G:A,300215,0.0252391640096902,0.0006370153860189,computed (both variants usable),SBP
3:169186293:G:A,3:178750215:G:A,9563922,0.0220539309084415,0.0004863758804276,computed (both variants usable),SBP
3:169477506:A:G,3:169486508:G:A,9002,0.9659468531608582,0.9330533146858216,computed (both variants usable),SBP
3:169477506:A:G,3:178750215:G:A,9272709,-0.0107080629095435,0.0001146626091212,computed (both variants usable),SBP
3:169486508:G:A,3:178750215:G:A,9263707,-0.00491393962875,2.4146802388713692e-05,computed (both variants usable),SBP
3:178750215:G:A,3:183498922:A:C,4748707,0.0546024553477764,0.0029814280569553,computed (both variants usable),SBP
3:178750215:G:A,3:183515314:A:G,4765099,0.01357002556324,0.0001841455959947,computed (both variants usable),SBP
3:178750215:G:A,3:183538425:T:C,4788210,-0.0029825766105204,8.895763130567502e-06,computed (both variants usable),SBP
3:183498922:A:C,3:183515314:A:G,16392,0.8768623471260071,0.7688875794410706,computed (both variants usable),SBP
3:183498922:A:C,3:183538425:T:C,39503,0.7289034724235535,0.5313002467155457,computed (both variants usable),SBP
3:183498922:A:C,3:191129707:G:A,7630785,-0.0672191530466079,0.0045184143818914,computed (both variants usable),SBP
3:183515314:A:G,3:183538425:T:C,23111,0.8382940888404846,0.7027369737625122,computed (both variants usable),SBP
3:183515314:A:G,3:191129707:G:A,7614393,-0.0530388206243515,0.0028131164144724,computed (both variants usable),SBP
3:183538425:T:C,3:191129707:G:A,7591282,-0.0339626669883728,0.0011534627992659,computed (both variants usable),SBP
4:3443931:A:G,4:3465788:C:A,21857,-0.2129464596509933,0.0453461930155754,computed (both variants usable),SBP
4:18049216:T:C,4:26799390:A:G,8750174,-0.009462266229093,8.953448559623212e-05,computed (both variants usable),SBP
4:18049216:T:C,4:26806736:C:T,8757520,-0.0105511890724301,0.0001113275939133,computed (both variants usable),SBP
4:18049216:T:C,4:26812737:C:T,8763521,-0.0142601644620299,0.0002033522905549,computed (both variants usable),SBP
4:26799390:A:G,4:26806736:C:T,7346,0.9938952326774596,0.987827718257904,computed (both variants usable),SBP
4:26799390:A:G,4:26812737:C:T,13347,0.991856336593628,0.9837790131568908,computed (both variants usable),SBP
4:26806736:C:T,4:26812737:C:T,6001,0.9898248314857484,0.9797531962394714,computed (both variants usable),SBP
4:38372473:C:G,4:38385479:G:A,13006,0.6342893242835999,0.4023229479789734,computed (both variants usable),SBP
4:38372473:C:G,4:38703073:T:C,330600,-0.0981241762638092,0.0096283536404371,computed (both variants usable),SBP
4:38372473:C:G,4:45181334:A:T,6808861,0.0050976532511413,2.598606806714088e-05,computed (both variants usable),SBP
4:38385479:G:A,4:38703073:T:C,317594,-0.073451854288578,0.0053951749578118,computed (both variants usable),SBP
4:38385479:G:A,4:45181334:A:T,6795855,0.0490378811955452,0.0024047137703746,computed (both variants usable),SBP
4:38703073:T:C,4:45181334:A:T,6478261,0.0283224061131477,0.0008021586691029,computed (both variants usable),SBP
4:45181334:A:T,4:48800910:G:A,3619576,-0.0396874770522117,0.0015750958118587,computed (both variants usable),SBP
4:45181334:A:T,4:54799245:T:C,9617911,-0.0110583454370498,0.0001222870050696,computed (both variants usable),SBP
4:45181334:A:T,4:54800759:T:C,9619425,-0.014501629397273,0.0002102972503053,computed (both variants usable),SBP
4:48800910:G:A,4:54799245:T:C,5998335,-0.0013130505103617,1.7241015939362114e-06,computed (both variants usable),SBP
4:48800910:G:A,4:54800759:T:C,5999849,0.0006400063866749,4.0960816249935306e-07,computed (both variants usable),SBP
4:48800910:G:A,4:56482750:G:A,7681840,0.0174235068261623,0.0003035785921383,computed (both variants usable),SBP
4:54799245:T:C,4:54800759:T:C,1514,0.9957950711250304,0.9916078448295592,computed (both variants usable),SBP
4:54799245:T:C,4:56482750:G:A,1683505,-0.0662978962063789,0.0043954108841717,computed (both variants usable),SBP
4:54799245:T:C,4:62037108:A:G,7237863,-0.0087704751640558,7.692123472224921e-05,computed (both variants usable),SBP
4:54800759:T:C,4:56482750:G:A,1681991,-0.0647058561444282,0.0041868477128446,computed (both variants usable),SBP
4:54800759:T:C,4:62037108:A:G,7236349,-0.0061211353167891,3.746829679585062e-05,computed (both variants usable),SBP
4:56482750:G:A,4:62037108:A:G,5554358,0.0382829457521438,0.0014655839186161,computed (both variants usable),SBP
4:77382068:T:C,4:77396854:G:C,14786,0.6859983205795288,0.4705936908721924,computed (both variants usable),SBP
4:77382068:T:C,4:77404635:G:A,22567,0.7031002044677734,0.4943498969078064,computed (both variants usable),SBP
4:77382068:T:C,4:81182554:T:C,3800486,0.0030577920842915,9.35009211389115e-06,computed (both variants usable),SBP
4:77382068:T:C,4:83886805:A:G,6504737,0.0292747691273689,0.0008570121135562,computed (both variants usable),SBP
4:77382068:T:C,4:83888726:T:G,6506658,0.0292747691273689,0.0008570121135562,computed (both variants usable),SBP
4:77382068:T:C,4:86719165:T:C,9337097,-0.0199281442910432,0.0003971309342887,computed (both variants usable),SBP
4:77382068:T:C,4:86730714:C:T,9348646,-0.0147159760817885,0.0002165599580621,computed (both variants usable),SBP
4:77396854:G:C,4:77404635:G:A,7781,0.7573581337928772,0.5735913515090942,computed (both variants usable),SBP
4:77396854:G:C,4:81182554:T:C,3785700,0.0189723968505859,0.0003599518386181,computed (both variants usable),SBP
4:77396854:G:C,4:83886805:A:G,6489951,-0.001838004682213,3.378261226316681e-06,computed (both variants usable),SBP
4:77396854:G:C,4:83888726:T:G,6491872,-0.001838004682213,3.378261226316681e-06,computed (both variants usable),SBP
4:77396854:G:C,4:86719165:T:C,9322311,0.0247238054871559,0.0006112665287218,computed (both variants usable),SBP
4:77396854:G:C,4:86730714:C:T,9333860,0.0119635025039315,0.0001431253913324,computed (both variants usable),SBP
4:77404635:G:A,4:81182554:T:C,3777919,0.0429615341126918,0.0018456934485584,computed (both variants usable),SBP
4:77404635:G:A,4:83886805:A:G,6482170,-0.0013321839505806,1.7747140645951731e-06,computed (both variants usable),SBP
4:77404635:G:A,4:83888726:T:G,6484091,-0.0013321839505806,1.7747140645951731e-06,computed (both variants usable),SBP
4:77404635:G:A,4:86719165:T:C,9314530,0.0219618380069732,0.0004823223280254,computed (both variants usable),SBP
4:77404635:G:A,4:86730714:C:T,9326079,0.0286922380328178,0.0008232445106841,computed (both variants usable),SBP
4:81182554:T:C,4:83886805:A:G,2704251,0.0339490696787834,0.0011525392765179,computed (both variants usable),SBP
4:81182554:T:C,4:83888726:T:G,2706172,0.0339490696787834,0.0011525392765179,computed (both variants usable),SBP
4:81182554:T:C,4:86719165:T:C,5536611,-0.0271267686039209,0.000735861598514,computed (both variants usable),SBP
4:81182554:T:C,4:86730714:C:T,5548160,-0.0357451103627681,0.0012777128722518,computed (both variants usable),SBP
4:81182554:T:C,4:89753225:A:G,8570671,-0.0089838048443198,8.070874901022762e-05,computed (both variants usable),SBP
4:83886805:A:G,4:83888726:T:G,1921,0.9999998211860656,0.9999996423721312,computed (both variants usable),SBP
4:83886805:A:G,4:86719165:T:C,2832360,-0.0057172956876456,3.268746877438389e-05,computed (both variants usable),SBP
4:83886805:A:G,4:86730714:C:T,2843909,0.0006849095225334,4.6910105311326333e-07,computed (both variants usable),SBP
4:83886805:A:G,4:89753225:A:G,5866420,-0.0213286858052015,0.0004549128352664,computed (both variants usable),SBP
4:83888726:T:G,4:86719165:T:C,2830439,-0.0057172956876456,3.268746877438389e-05,computed (both variants usable),SBP
4:83888726:T:G,4:86730714:C:T,2841988,0.0006849095225334,4.6910105311326333e-07,computed (both variants usable),SBP
4:83888726:T:G,4:89753225:A:G,5864499,-0.0213286858052015,0.0004549128352664,computed (both variants usable),SBP
4:86719165:T:C,4:86730714:C:T,11549,0.8434377908706665,0.7113873362541199,computed (both variants usable),SBP
4:86719165:T:C,4:89753225:A:G,3034060,-0.0029477307107299,8.689115929882973e-06,computed (both variants usable),SBP
4:86730714:C:T,4:89753225:A:G,3022511,-0.0146756079047918,0.0002153734676539,computed (both variants usable),SBP
4:103188709:C:T,4:103198082:A:G,9373,0.9613522291183472,0.9241980910301208,computed (both variants usable),SBP
4:103188709:C:T,4:106910958:C:T,3722249,-0.0062094568274915,3.855735485558398e-05,computed (both variants usable),SBP
4:103188709:C:T,4:106911742:G:C,3723033,-0.0069157928228378,4.782819087267853e-05,computed (both variants usable),SBP
4:103188709:C:T,4:109017528:G:A,5828819,-0.0071472018025815,5.1082493882859126e-05,computed (both variants usable),SBP
4:103188709:C:T,4:109067898:G:T,5879189,-0.0004949037684127,2.449297369366832e-07,computed (both variants usable),SBP
4:103188709:C:T,4:111335722:C:T,8147013,-0.0750359445810318,0.0056303930468857,computed (both variants usable),SBP
4:103188709:C:T,4:111337478:G:A,8148769,-0.0033322556409984,1.11039280454861e-05,computed (both variants usable),SBP
4:103188709:C:T,4:111404413:A:G,8215704,0.0320396944880485,0.001026542042382,computed (both variants usable),SBP
4:103188709:C:T,4:111406496:G:A,8217787,0.0207954980432987,0.0004324527399148,computed (both variants usable),SBP
4:103198082:A:G,4:106910958:C:T,3712876,-0.0113267786800861,0.0001282959128729,computed (both variants usable),SBP
4:103198082:A:G,4:106911742:G:C,3713660,-0.0120689598843455,0.0001456597965443,computed (both variants usable),SBP
4:103198082:A:G,4:109017528:G:A,5819446,0.001318086287938,1.7373514538121526e-06,computed (both variants usable),SBP
4:103198082:A:G,4:109067898:G:T,5869816,-0.0054424898698925,2.962069629575126e-05,computed (both variants usable),SBP
4:103198082:A:G,4:111335722:C:T,8137640,-0.0703980550169944,0.0049558859318494,computed (both variants usable),SBP
4:103198082:A:G,4:111337478:G:A,8139396,0.0008780437638051,7.709608667028078e-07,computed (both variants usable),SBP
4:103198082:A:G,4:111404413:A:G,8206331,0.0290434621274471,0.0008435227209702,computed (both variants usable),SBP
4:103198082:A:G,4:111406496:G:A,8208414,0.0221670418977737,0.0004913777229376,computed (both variants usable),SBP
4:106910958:C:T,4:106911742:G:C,784,0.997180700302124,0.9943693280220032,computed (both variants usable),SBP
4:106910958:C:T,4:109017528:G:A,2106570,-0.0431785285472869,0.0018643853254616,computed (both variants usable),SBP
4:106910958:C:T,4:109067898:G:T,2156940,-0.0580177344381809,0.0033660575281828,computed (both variants usable),SBP
4:106910958:C:T,4:111335722:C:T,4424764,-6.943484186194837e-05,4.821197219229134e-09,computed (both variants usable),SBP
4:106910958:C:T,4:111337478:G:A,4426520,0.0013514538295567,1.826427478590631e-06,computed (both variants usable),SBP
4:106910958:C:T,4:111404413:A:G,4493455,0.0357353016734123,0.0012770118191838,computed (both variants usable),SBP
4:106910958:C:T,4:111406496:G:A,4495538,0.042925015091896,0.0018425568705424,computed (both variants usable),SBP
4:106911742:G:C,4:109017528:G:A,2105786,-0.0415015257894992,0.0017223766772076,computed (both variants usable),SBP
4:106911742:G:C,4:109067898:G:T,2156156,-0.0562240816652774,0.0031611474696546,computed (both variants usable),SBP
4:106911742:G:C,4:111335722:C:T,4423980,0.0011479634558781,1.3178200788388494e-06,computed (both variants usable),SBP
4:106911742:G:C,4:111337478:G:A,4425736,-0.0006048885989002,3.658902301140188e-07,computed (both variants usable),SBP
4:106911742:G:C,4:111404413:A:G,4492671,0.0379531607031822,0.0014404424000531,computed (both variants usable),SBP
4:106911742:G:C,4:111406496:G:A,4494754,0.0455997325479984,0.0020793355070054,computed (both variants usable),SBP
4:109017528:G:A,4:109067898:G:T,50370,0.9045886397361756,0.8182805776596069,computed (both variants usable),SBP
4:109017528:G:A,4:111335722:C:T,2318194,-0.0291499905288219,0.0008497219532728,computed (both variants usable),SBP
4:109017528:G:A,4:111337478:G:A,2319950,0.0261521749198436,0.0006839362322352,computed (both variants usable),SBP
4:109017528:G:A,4:111404413:A:G,2386885,0.0068653561174869,4.7133115003816783e-05,computed (both variants usable),SBP
4:109017528:G:A,4:111406496:G:A,2388968,0.0069344541989266,4.808665471500717e-05,computed (both variants usable),SBP
4:109067898:G:T,4:111335722:C:T,2267824,-0.0361754409968853,0.0013086625840514,computed (both variants usable),SBP
4:109067898:G:T,4:111337478:G:A,2269580,0.0114962607622146,0.0001321640156675,computed (both variants usable),SBP
4:109067898:G:T,4:111404413:A:G,2336515,0.0093768015503883,8.792441076366231e-05,computed (both variants usable),SBP
4:109067898:G:T,4:111406496:G:A,2338598,0.0038523592520505,1.484067161072744e-05,computed (both variants usable),SBP
4:111335722:C:T,4:111337478:G:A,1756,0.424260139465332,0.1799966692924499,computed (both variants usable),SBP
4:111335722:C:T,4:111404413:A:G,68691,0.1110302433371543,0.0123277148231863,computed (both variants usable),SBP
4:111335722:C:T,4:111406496:G:A,70774,0.3930360674858093,0.1544773429632187,computed (both variants usable),SBP
4:111337478:G:A,4:111404413:A:G,66935,0.6153726577758789,0.3786835074424743,computed (both variants usable),SBP
4:111337478:G:A,4:111406496:G:A,69018,0.7218625545501709,0.5210855603218079,computed (both variants usable),SBP
4:111404413:A:G,4:111406496:G:A,2083,0.8290894031524658,0.6873892545700073,computed (both variants usable),SBP
4:138411527:C:G,4:138439630:T:A,28103,0.9856990575790404,0.9716026186943054,computed (both variants usable),SBP
4:138411527:C:G,4:138441530:A:G,30003,0.9856990575790404,0.9716026186943054,computed (both variants usable),SBP
4:138411527:C:G,4:144043631:A:T,5632104,0.0227268505841493,0.0005165097536519,computed (both variants usable),SBP
4:138411527:C:G,4:144052417:C:T,5640890,0.038763128221035,0.0015025801258161,computed (both variants usable),SBP
4:138411527:C:G,4:144086245:G:A,5674718,0.0339384675025939,0.0011518195969983,computed (both variants usable),SBP
4:138411527:C:G,4:146821725:T:C,8410198,-0.0369331426918506,0.001364057068713,computed (both variants usable),SBP
4:138439630:T:A,4:138441530:A:G,1900,1.0000022649765017,1.000004529953003,computed (both variants usable),SBP
4:138439630:T:A,4:144043631:A:T,5604001,0.018577879294753,0.0003451376105658,computed (both variants usable),SBP
4:138439630:T:A,4:144052417:C:T,5612787,0.0379961095750331,0.0014437043573707,computed (both variants usable),SBP
4:138439630:T:A,4:144086245:G:A,5646615,0.0331426262855529,0.0010984336258843,computed (both variants usable),SBP
4:138439630:T:A,4:146821725:T:C,8382095,-0.0394534803926944,0.0015565771609544,computed (both variants usable),SBP
4:138441530:A:G,4:144043631:A:T,5602101,0.018577879294753,0.0003451376105658,computed (both variants usable),SBP
4:138441530:A:G,4:144052417:C:T,5610887,0.0379961095750331,0.0014437043573707,computed (both variants usable),SBP
4:138441530:A:G,4:144086245:G:A,5644715,0.0331426262855529,0.0010984336258843,computed (both variants usable),SBP
4:138441530:A:G,4:146821725:T:C,8380195,-0.0394534803926944,0.0015565771609544,computed (both variants usable),SBP
4:144043631:A:T,4:144052417:C:T,8786,0.846615731716156,0.7167581915855408,computed (both variants usable),SBP
4:144043631:A:T,4:144086245:G:A,42614,0.8431176543235779,0.7108473777770996,computed (both variants usable),SBP
4:144043631:A:T,4:146821725:T:C,2778094,0.0075157666578888,5.6486747780581936e-05,computed (both variants usable),SBP
4:144052417:C:T,4:144086245:G:A,33828,0.9958645105361938,0.9917461276054382,computed (both variants usable),SBP
4:144052417:C:T,4:146821725:T:C,2769308,-0.0229959245771169,0.0005288125248625,computed (both variants usable),SBP
4:144086245:G:A,4:146821725:T:C,2735480,-0.0232841372489929,0.0005421510431915,computed (both variants usable),SBP
4:146821725:T:C,4:156397273:T:C,9575548,0.0093665551394224,8.773235458647832e-05,computed (both variants usable),SBP
4:146821725:T:C,4:156420605:A:T,9598880,-0.0292470753192901,0.0008553914376534,computed (both variants usable),SBP
4:146821725:T:C,4:156514725:T:A,9693000,-0.0231180377304554,0.0005344436503946,computed (both variants usable),SBP
4:146821725:T:C,4:156638867:A:G,9817142,0.0011458930093795,1.313070811193029e-06,computed (both variants usable),SBP
4:146821725:T:C,4:156641047:G:A,9819322,0.0005248910165391,2.755105867890961e-07,computed (both variants usable),SBP
4:146821725:T:C,4:156645513:C:A,9823788,0.0128478296101093,0.000165066725458,computed (both variants usable),SBP
4:156397273:T:C,4:156420605:A:T,23332,0.463172435760498,0.2145287096500396,computed (both variants usable),SBP
4:156397273:T:C,4:156514725:T:A,117452,0.304343432188034,0.0926249250769615,computed (both variants usable),SBP
4:156397273:T:C,4:156638867:A:G,241594,0.0349051691591739,0.0012183708604425,computed (both variants usable),SBP
4:156397273:T:C,4:156641047:G:A,243774,0.0266869273036718,0.0007121920934878,computed (both variants usable),SBP
4:156397273:T:C,4:156645513:C:A,248240,0.0228603444993495,0.0005225953646004,computed (both variants usable),SBP
4:156397273:T:C,4:157678511:T:G,1281238,0.0007599934469908,5.775900149274094e-07,computed (both variants usable),SBP
4:156397273:T:C,4:157694651:C:T,1297378,0.0007204639841802,5.190683509681548e-07,computed (both variants usable),SBP
4:156420605:A:T,4:156514725:T:A,94120,0.3982895612716675,0.1586345732212066,computed (both variants usable),SBP
4:156420605:A:T,4:156638867:A:G,218262,-0.0211543198674917,0.0004475052410271,computed (both variants usable),SBP
4:156420605:A:T,4:156641047:G:A,220442,-0.0222691651433706,0.0004959157085977,computed (both variants usable),SBP
4:156420605:A:T,4:156645513:C:A,224908,-0.0263305474072694,0.0006932977121323,computed (both variants usable),SBP
4:156420605:A:T,4:157678511:T:G,1257906,0.0347720049321651,0.0012090923264622,computed (both variants usable),SBP
4:156420605:A:T,4:157694651:C:T,1274046,0.0371859297156333,0.0013827934162691,computed (both variants usable),SBP
4:156514725:T:A,4:156638867:A:G,124142,-0.0132673159241676,0.0001760216691764,computed (both variants usable),SBP
4:156514725:T:A,4:156641047:G:A,126322,-0.0138532193377614,0.0001919116912176,computed (both variants usable),SBP
4:156514725:T:A,4:156645513:C:A,130788,-0.0237264428287744,0.0005629441002383,computed (both variants usable),SBP
4:156514725:T:A,4:157678511:T:G,1163786,-0.0003187951806467,1.0163036989752072e-07,computed (both variants usable),SBP
4:156514725:T:A,4:157694651:C:T,1179926,0.0047728582285344,2.278017564094625e-05,computed (both variants usable),SBP
4:156638867:A:G,4:156641047:G:A,2180,0.9915438294410706,0.9831591844558716,computed (both variants usable),SBP
4:156638867:A:G,4:156645513:C:A,6646,0.4890182912349701,0.2391388863325119,computed (both variants usable),SBP
4:156638867:A:G,4:157678511:T:G,1039644,-0.0139671051874756,0.0001950800215126,computed (both variants usable),SBP
4:156638867:A:G,4:157694651:C:T,1055784,-0.0154363103210926,0.0002382796810707,computed (both variants usable),SBP
4:156641047:G:A,4:156645513:C:A,4466,0.4949268996715545,0.2449526339769363,computed (both variants usable),SBP
4:156641047:G:A,4:157678511:T:G,1037464,-0.0160159152001142,0.0002565095492172,computed (both variants usable),SBP
4:156641047:G:A,4:157694651:C:T,1053604,-0.0175433568656444,0.0003077693691011,computed (both variants usable),SBP
4:156645513:C:A,4:157678511:T:G,1032998,-0.0037795989774167,1.4285368706623558e-05,computed (both variants usable),SBP
4:156645513:C:A,4:157694651:C:T,1049138,-0.0068061533384025,4.632372292689979e-05,computed (both variants usable),SBP
4:157678511:T:G,4:157694651:C:T,16140,0.9925982356071472,0.985251247882843,computed (both variants usable),SBP
5:1279790:C:T,5:1280028:G:A,238,0.8005932569503784,0.640949547290802,computed (both variants usable),SBP
5:1279790:C:T,5:1296072:A:G,16282,-0.4753877818584442,0.2259935438632965,computed (both variants usable),SBP
5:1280028:G:A,5:1296072:A:G,16044,-0.5347414016723633,0.2859483659267425,computed (both variants usable),SBP
5:26882085:T:C,5:32679090:G:A,5797005,-0.0454235412180423,0.0020632981322705,computed (both variants usable),SBP
5:26882085:T:C,5:32689718:C:G,5807633,-0.0300552509725093,0.0009033181122504,computed (both variants usable),SBP
5:26882085:T:C,5:32829975:C:G,5947890,-0.0505022890865802,0.0025504811201244,computed (both variants usable),SBP
5:26882085:T:C,5:32832474:C:A,5950389,-0.0505022890865802,0.0025504811201244,computed (both variants usable),SBP
5:26882085:T:C,5:33100969:G:A,6218884,-0.044034656137228,0.0019390509696677,computed (both variants usable),SBP
5:26882085:T:C,5:33405025:G:A,6522940,-0.0190992671996355,0.0003647819976322,computed (both variants usable),SBP
5:32679090:G:A,5:32689718:C:G,10628,-0.2273593991994857,0.0516922958195209,computed (both variants usable),SBP
5:32679090:G:A,5:32829975:C:G,150885,-0.0866522714495658,0.0075086159631609,computed (both variants usable),SBP
5:32679090:G:A,5:32832474:C:A,153384,-0.0866522714495658,0.0075086159631609,computed (both variants usable),SBP
5:32679090:G:A,5:33100969:G:A,421879,-0.064687855541706,0.0041845184750854,computed (both variants usable),SBP
5:32679090:G:A,5:33405025:G:A,725935,-0.0114409374073147,0.0001308950450038,computed (both variants usable),SBP
5:32679090:G:A,5:39445120:C:T,6766030,0.004192863125354,1.7580101484782062e-05,computed (both variants usable),SBP
5:32679090:G:A,5:40829779:G:A,8150689,-0.0003002152661792,9.012920543227665e-08,computed (both variants usable),SBP
5:32689718:C:G,5:32829975:C:G,140257,0.0646344497799873,0.0041776122525334,computed (both variants usable),SBP
5:32689718:C:G,5:32832474:C:A,142756,0.0646344497799873,0.0041776122525334,computed (both variants usable),SBP
5:32689718:C:G,5:33100969:G:A,411251,-0.0110036414116621,0.0001210801274282,computed (both variants usable),SBP
5:32689718:C:G,5:33405025:G:A,715307,-0.0289260670542716,0.0008367173722945,computed (both variants usable),SBP
5:32689718:C:G,5:39445120:C:T,6755402,-0.0031331910286098,9.816885722102596e-06,computed (both variants usable),SBP
5:32689718:C:G,5:40829779:G:A,8140061,0.0008655288256704,7.49140156131034e-07,computed (both variants usable),SBP
5:32829975:C:G,5:32832474:C:A,2499,0.9999973177909852,0.9999946355819702,computed (both variants usable),SBP
5:32829975:C:G,5:33100969:G:A,270994,0.1119165495038032,0.0125253144651651,computed (both variants usable),SBP
5:32829975:C:G,5:33405025:G:A,575050,-0.0538464076817035,0.0028994355816394,computed (both variants usable),SBP
5:32829975:C:G,5:39445120:C:T,6615145,-0.0084608765318989,7.158642983995378e-05,computed (both variants usable),SBP
5:32829975:C:G,5:40829779:G:A,7999804,0.0023373563308268,5.463234629132785e-06,computed (both variants usable),SBP
5:32832474:C:A,5:33100969:G:A,268495,0.1119165495038032,0.0125253144651651,computed (both variants usable),SBP
5:32832474:C:A,5:33405025:G:A,572551,-0.0538464076817035,0.0028994355816394,computed (both variants usable),SBP
5:32832474:C:A,5:39445120:C:T,6612646,-0.0084608765318989,7.158642983995378e-05,computed (both variants usable),SBP
5:32832474:C:A,5:40829779:G:A,7997305,0.0023373563308268,5.463234629132785e-06,computed (both variants usable),SBP
5:33100969:G:A,5:33405025:G:A,304056,-0.2595641613006592,0.067373551428318,computed (both variants usable),SBP
5:33100969:G:A,5:39445120:C:T,6344151,0.0290815159678459,0.0008457345538772,computed (both variants usable),SBP
5:33100969:G:A,5:40829779:G:A,7728810,-0.0069173849187791,4.7850215196376666e-05,computed (both variants usable),SBP
5:33405025:G:A,5:39445120:C:T,6040095,0.004284584429115,1.835766306612641e-05,computed (both variants usable),SBP
5:33405025:G:A,5:40829779:G:A,7424754,0.0262183416634798,0.0006874014507047,computed (both variants usable),SBP
5:39445120:C:T,5:40829779:G:A,1384659,-0.0022107977420091,4.887626801064471e-06,computed (both variants usable),SBP
5:55854153:C:T,5:55860866:G:T,6713,0.8459360003471375,0.7156077027320862,computed (both variants usable),SBP
5:55854153:C:T,5:57095011:G:T,1240858,-0.0088621471077203,7.853765418985859e-05,computed (both variants usable),SBP
5:55854153:C:T,5:57179504:T:C,1325351,-0.0054323296062648,2.9510205422411676e-05,computed (both variants usable),SBP
5:55854153:C:T,5:57179673:T:A,1325520,-0.0071519957855343,5.115104431752116e-05,computed (both variants usable),SBP
5:55860866:G:T,5:57095011:G:T,1234145,-0.012730891816318,0.0001620756083866,computed (both variants usable),SBP
5:55860866:G:T,5:57179504:T:C,1318638,-0.0101614156737923,0.0001032543659675,computed (both variants usable),SBP
5:55860866:G:T,5:57179673:T:A,1318807,-0.0112624475732445,0.0001268427295144,computed (both variants usable),SBP
5:57095011:G:T,5:57179504:T:C,84493,0.8818860650062561,0.7777230143547058,computed (both variants usable),SBP
5:57095011:G:T,5:57179673:T:A,84662,0.6030282378196716,0.3636430501937866,computed (both variants usable),SBP
5:57179504:T:C,5:57179673:T:A,169,0.6881229281425476,0.4735131561756134,computed (both variants usable),SBP
5:67596088:G:A,5:68043243:T:C,447155,-0.0133677329868078,0.0001786962820915,computed (both variants usable),SBP
5:68043243:T:C,5:77874854:C:G,9831611,-0.0075866295956075,5.755695019615814e-05,computed (both variants usable),SBP
5:68043243:T:C,5:77882036:G:T,9838793,,,unknown: absent from panel,SBP
5:68043243:T:C,5:77882880:C:T,9839637,-0.0120033798739314,0.0001440811320208,computed (both variants usable),SBP
5:77874854:C:G,5:77882036:G:T,7182,,,unknown: absent from panel,SBP
5:77874854:C:G,5:77882880:C:T,8026,0.9920483827590942,0.9841600060462952,computed (both variants usable),SBP
5:77882036:G:T,5:77882880:C:T,844,,,unknown: absent from panel,SBP
5:107475979:T:C,5:108200981:A:T,725002,0.2645023167133331,0.0699614733457565,computed (both variants usable),SBP
5:107475979:T:C,5:114381312:T:C,6905333,0.0033868718892335,1.147090097219916e-05,computed (both variants usable),SBP
5:107475979:T:C,5:114389826:A:G,6913847,-0.0059658871032297,3.559180913725868e-05,computed (both variants usable),SBP
5:107475979:T:C,5:114393181:G:T,6917202,0.0059658871032297,3.559180913725868e-05,computed (both variants usable),SBP
5:108200981:A:T,5:114381312:T:C,6180331,-0.005736575461924,3.290829772595316e-05,computed (both variants usable),SBP
5:108200981:A:T,5:114389826:A:G,6188845,-0.0046934359706938,2.2028341845725663e-05,computed (both variants usable),SBP
5:108200981:A:T,5:114393181:G:T,6192200,0.0046934359706938,2.2028341845725663e-05,computed (both variants usable),SBP
5:114381312:T:C,5:114389826:A:G,8514,0.9940261244773864,0.9880879521369934,computed (both variants usable),SBP
5:114381312:T:C,5:114393181:G:T,11869,-0.9940261244773864,0.9880879521369934,computed (both variants usable),SBP
5:114381312:T:C,5:122421420:C:T,8040108,-0.0078841680660843,6.216010660864413e-05,computed (both variants usable),SBP
5:114381312:T:C,5:122465154:T:C,8083842,0.0203964989632368,0.0004160171665716,computed (both variants usable),SBP
5:114381312:T:C,5:122472768:A:G,8091456,0.0251551829278469,0.0006327832234092,computed (both variants usable),SBP
5:114381312:T:C,5:122835138:A:G,8453826,0.0211273021996021,0.0004463628865778,computed (both variants usable),SBP
5:114389826:A:G,5:114393181:G:T,3355,-0.9999979138374328,0.9999958276748656,computed (both variants usable),SBP
5:114389826:A:G,5:122421420:C:T,8031594,-0.0082791978493332,6.854511593701318e-05,computed (both variants usable),SBP
5:114389826:A:G,5:122465154:T:C,8075328,0.0198538899421691,0.000394176953705,computed (both variants usable),SBP
5:114389826:A:G,5:122472768:A:G,8082942,0.0182899981737136,0.0003345240256749,computed (both variants usable),SBP
5:114389826:A:G,5:122835138:A:G,8445312,0.0184404086321592,0.0003400486602913,computed (both variants usable),SBP
5:114393181:G:T,5:122421420:C:T,8028239,0.0082791978493332,6.854511593701318e-05,computed (both variants usable),SBP
5:114393181:G:T,5:122465154:T:C,8071973,-0.0198538899421691,0.000394176953705,computed (both variants usable),SBP
5:114393181:G:T,5:122472768:A:G,8079587,-0.0182899981737136,0.0003345240256749,computed (both variants usable),SBP
5:114393181:G:T,5:122835138:A:G,8441957,-0.0184404086321592,0.0003400486602913,computed (both variants usable),SBP
5:122421420:C:T,5:122465154:T:C,43734,0.3351616561412811,0.1123333349823951,computed (both variants usable),SBP
5:122421420:C:T,5:122472768:A:G,51348,-0.0723669901490211,0.0052369814366102,computed (both variants usable),SBP
5:122421420:C:T,5:122835138:A:G,413718,0.0593975372612476,0.0035280673764646,computed (both variants usable),SBP
5:122421420:C:T,5:127420700:T:C,4999280,0.0038436795584857,1.4773872862861026e-05,computed (both variants usable),SBP
5:122421420:C:T,5:127843208:C:T,5421788,-0.0206236653029918,0.0004253355727996,computed (both variants usable),SBP
5:122421420:C:T,5:127845030:C:A,5423610,-0.0206236653029918,0.0004253355727996,computed (both variants usable),SBP
5:122421420:C:T,5:127881566:C:T,5460146,-0.0015661149518564,2.45271598942054e-06,computed (both variants usable),SBP
5:122465154:T:C,5:122472768:A:G,7614,-0.3629550635814667,0.1317363828420639,computed (both variants usable),SBP
5:122465154:T:C,5:122835138:A:G,369984,-0.0590589493513107,0.0034879595041275,computed (both variants usable),SBP
5:122465154:T:C,5:127420700:T:C,4955546,-0.0255044624209404,0.0006504775956273,computed (both variants usable),SBP
5:122465154:T:C,5:127843208:C:T,5378054,-0.0246347486972808,0.0006068708607926,computed (both variants usable),SBP
5:122465154:T:C,5:127845030:C:A,5379876,-0.0246347486972808,0.0006068708607926,computed (both variants usable),SBP
5:122465154:T:C,5:127881566:C:T,5416412,-0.0265677198767662,0.0007058437331579,computed (both variants usable),SBP
5:122472768:A:G,5:122835138:A:G,362370,0.120698869228363,0.0145682170987129,computed (both variants usable),SBP
5:122472768:A:G,5:127420700:T:C,4947932,0.0850321054458618,0.0072304587811231,computed (both variants usable),SBP
5:122472768:A:G,5:127843208:C:T,5370440,0.0247597564011812,0.0006130455294623,computed (both variants usable),SBP
5:122472768:A:G,5:127845030:C:A,5372262,0.0247597564011812,0.0006130455294623,computed (both variants usable),SBP
5:122472768:A:G,5:127881566:C:T,5408798,0.0382145941257476,0.0014603552408516,computed (both variants usable),SBP
5:122835138:A:G,5:127420700:T:C,4585562,0.00370509410277,1.3727722034673208e-05,computed (both variants usable),SBP
5:122835138:A:G,5:127843208:C:T,5008070,-0.0085906768217682,7.379972521448508e-05,computed (both variants usable),SBP
5:122835138:A:G,5:127845030:C:A,5009892,-0.0085906768217682,7.379972521448508e-05,computed (both variants usable),SBP
5:122835138:A:G,5:127881566:C:T,5046428,0.0353649333119392,0.0012506785569712,computed (both variants usable),SBP
5:127420700:T:C,5:127843208:C:T,422508,0.0493408590555191,0.0024345202837139,computed (both variants usable),SBP
5:127420700:T:C,5:127845030:C:A,424330,0.0493408590555191,0.0024345202837139,computed (both variants usable),SBP
5:127420700:T:C,5:127881566:C:T,460866,0.0640681833028793,0.0041047320701181,computed (both variants usable),SBP
5:127420700:T:C,5:137406475:C:T,9985775,0.0592815279960632,0.003514299634844,computed (both variants usable),SBP
5:127843208:C:T,5:127845030:C:A,1822,1.0000005960464478,1.0000011920928955,computed (both variants usable),SBP
5:127843208:C:T,5:127881566:C:T,38358,0.8464349508285522,0.7164521217346191,computed (both variants usable),SBP
5:127843208:C:T,5:137406475:C:T,9563267,-0.0119993258267641,0.0001439838233636,computed (both variants usable),SBP
5:127845030:C:A,5:127881566:C:T,36536,0.8464349508285522,0.7164521217346191,computed (both variants usable),SBP
5:127845030:C:A,5:137406475:C:T,9561445,-0.0119993258267641,0.0001439838233636,computed (both variants usable),SBP
5:127881566:C:T,5:137406475:C:T,9524909,-0.0242345817387104,0.0005873149493709,computed (both variants usable),SBP
5:147871966:G:A,5:147884668:C:T,12702,0.9959408640861512,0.9918981790542604,computed (both variants usable),SBP
5:147871966:G:A,5:157478630:G:A,9606664,-0.0198358315974473,0.0003934602136723,computed (both variants usable),SBP
5:147871966:G:A,5:157509770:A:G,9637804,-0.0225584376603364,0.0005088830948807,computed (both variants usable),SBP
5:147871966:G:A,5:157814228:T:C,9942262,-0.0060176029801368,3.6211546103004366e-05,computed (both variants usable),SBP
5:147871966:G:A,5:157818018:A:G,9946052,-0.0060176029801368,3.6211546103004366e-05,computed (both variants usable),SBP
5:147871966:G:A,5:157818150:C:G,9946184,-0.0091960523277521,8.456737850792706e-05,computed (both variants usable),SBP
5:147884668:C:T,5:157478630:G:A,9593962,-0.0222520269453525,0.0004951527225784,computed (both variants usable),SBP
5:147884668:C:T,5:157509770:A:G,9625102,-0.0249890647828578,0.0006244533578865,computed (both variants usable),SBP
5:147884668:C:T,5:157814228:T:C,9929560,-0.0071872565895318,5.1656657888088375e-05,computed (both variants usable),SBP
5:147884668:C:T,5:157818018:A:G,9933350,-0.0071872565895318,5.1656657888088375e-05,computed (both variants usable),SBP
5:147884668:C:T,5:157818150:C:G,9933482,-0.0104587553068995,0.0001093855607905,computed (both variants usable),SBP
5:157478630:G:A,5:157509770:A:G,31140,0.9864965677261353,0.9731754660606384,computed (both variants usable),SBP
5:157478630:G:A,5:157814228:T:C,335598,-0.0357080549001693,0.0012750652385875,computed (both variants usable),SBP
5:157478630:G:A,5:157818018:A:G,339388,-0.0357080549001693,0.0012750652385875,computed (both variants usable),SBP
5:157478630:G:A,5:157818150:C:G,339520,-0.0241138041019439,0.000581475556828,computed (both variants usable),SBP
5:157478630:G:A,5:158267473:G:A,788843,0.0415394119918346,0.00172552280128,computed (both variants usable),SBP
5:157509770:A:G,5:157814228:T:C,304458,-0.038843922317028,0.0015088502550497,computed (both variants usable),SBP
5:157509770:A:G,5:157818018:A:G,308248,-0.038843922317028,0.0015088502550497,computed (both variants usable),SBP
5:157509770:A:G,5:157818150:C:G,308380,-0.0273012090474367,0.0007453560247085,computed (both variants usable),SBP
5:157509770:A:G,5:158267473:G:A,757703,0.0481810681521892,0.0023214153479784,computed (both variants usable),SBP
5:157814228:T:C,5:157818018:A:G,3790,1.000001072883606,1.000002145767212,computed (both variants usable),SBP
5:157814228:T:C,5:157818150:C:G,3922,0.9785500168800354,0.957560122013092,computed (both variants usable),SBP
5:157814228:T:C,5:158267473:G:A,453245,-0.0099016800522804,9.804326691664755e-05,computed (both variants usable),SBP
5:157818018:A:G,5:157818150:C:G,132,0.9785500168800354,0.957560122013092,computed (both variants usable),SBP
5:157818018:A:G,5:158267473:G:A,449455,-0.0099016800522804,9.804326691664755e-05,computed (both variants usable),SBP
5:157818150:C:G,5:158267473:G:A,449323,-0.0025218976661562,6.359967755997786e-06,computed (both variants usable),SBP
6:1679715:G:A,6:2070411:A:C,390696,0.0304706525057554,0.0009284606785513,computed (both variants usable),SBP
6:1679715:G:A,6:7247344:C:A,5567629,0.00962302275002,9.26025677472353e-05,computed (both variants usable),SBP
6:1679715:G:A,6:7723962:C:G,6044247,0.0128419008105993,0.0001649144105613,computed (both variants usable),SBP
6:1679715:G:A,6:9541091:A:G,7861376,-0.033130194991827,0.0010976098710671,computed (both variants usable),SBP
6:2070411:A:C,6:7247344:C:A,5176933,0.0127365244552493,0.0001622190611669,computed (both variants usable),SBP
6:2070411:A:C,6:7723962:C:G,5653551,0.0336444377899169,0.0011319482000544,computed (both variants usable),SBP
6:2070411:A:C,6:9541091:A:G,7470680,-0.0087240086868405,7.610832835780457e-05,computed (both variants usable),SBP
6:7247344:C:A,6:7723962:C:G,476618,0.0637341141700744,0.00406203744933,computed (both variants usable),SBP
6:7247344:C:A,6:9541091:A:G,2293747,-0.0632948353886604,0.0040062363259494,computed (both variants usable),SBP
6:7247344:C:A,6:12295987:C:T,5048643,-0.0093294950202107,8.703947969479486e-05,computed (both variants usable),SBP
6:7247344:C:A,6:12903957:A:G,5656613,0.0005704878130927,3.254563409882394e-07,computed (both variants usable),SBP
6:7723962:C:G,6:9541091:A:G,1817129,0.0089827673509716,8.069010800682008e-05,computed (both variants usable),SBP
6:7723962:C:G,6:12295987:C:T,4572025,-0.0314940214157104,0.0009918734431266,computed (both variants usable),SBP
6:7723962:C:G,6:12903957:A:G,5179995,0.0233482997864484,0.0005451430915854,computed (both variants usable),SBP
6:9541091:A:G,6:12295987:C:T,2754896,0.0081703178584575,6.675409531453624e-05,computed (both variants usable),SBP
6:9541091:A:G,6:12903957:A:G,3362866,0.0133613664656877,0.0001785261119948,computed (both variants usable),SBP
6:12295987:C:T,6:12903957:A:G,607970,0.0127098020166158,0.0001615390647202,computed (both variants usable),SBP
6:12903957:A:G,6:22392260:A:G,9488303,0.038940068334341,0.0015163288917392,computed (both variants usable),SBP
6:36090800:G:A,6:43349795:G:A,7258995,-0.0056381952017545,3.178924453095533e-05,computed (both variants usable),SBP
6:36090800:G:A,6:43352980:A:G,7262180,0.0065467553213238,4.286000694264658e-05,computed (both variants usable),SBP
6:36090800:G:A,6:43364494:G:A,7273694,0.0049692736938595,2.469368155288976e-05,computed (both variants usable),SBP
6:43349795:G:A,6:43352980:A:G,3185,-0.997869312763214,0.9957431554794312,computed (both variants usable),SBP
6:43349795:G:A,6:43364494:G:A,14699,-0.8196505308151245,0.6718270182609558,computed (both variants usable),SBP
6:43349795:G:A,6:48858093:C:T,5508298,0.0168694090098142,0.0002845769631676,computed (both variants usable),SBP
6:43349795:G:A,6:51243950:G:A,7894155,-0.0426257029175758,0.0018169505055993,computed (both variants usable),SBP
6:43349795:G:A,6:51449442:G:A,8099647,-0.0779796838760376,0.0060808309353888,computed (both variants usable),SBP
6:43352980:A:G,6:43364494:G:A,11514,0.8213960528373718,0.6746914982795715,computed (both variants usable),SBP
6:43352980:A:G,6:48858093:C:T,5505113,-0.0162110663950443,0.0002627986832521,computed (both variants usable),SBP
6:43352980:A:G,6:51243950:G:A,7890970,0.0388109572231769,0.0015062903985381,computed (both variants usable),SBP
6:43352980:A:G,6:51449442:G:A,8096462,0.0755639672279357,0.0057099130935966,computed (both variants usable),SBP
6:43364494:G:A,6:48858093:C:T,5493599,-0.0109452847391366,0.0001197992605739,computed (both variants usable),SBP
6:43364494:G:A,6:51243950:G:A,7879456,0.0321269892156124,0.001032143482007,computed (both variants usable),SBP
6:43364494:G:A,6:51449442:G:A,8084948,0.0780943408608436,0.00609872629866,computed (both variants usable),SBP
6:48858093:C:T,6:51243950:G:A,2385857,0.0188878215849399,0.0003567498060874,computed (both variants usable),SBP
6:48858093:C:T,6:51449442:G:A,2591349,0.0414640083909034,0.0017192639643326,computed (both variants usable),SBP
6:48858093:C:T,6:55986975:C:T,7128882,0.0006977534503675,4.868599035035004e-07,computed (both variants usable),SBP
6:48858093:C:T,6:55994438:C:T,7136345,-0.0043196589685976,1.8659453417058103e-05,computed (both variants usable),SBP
6:48858093:C:T,6:56065640:T:C,7207547,0.0090924343094229,8.26723626232706e-05,computed (both variants usable),SBP
6:51243950:G:A,6:51449442:G:A,205492,0.3623678684234619,0.1313104778528213,computed (both variants usable),SBP
6:51243950:G:A,6:55986975:C:T,4743025,0.0156234856694936,0.0002440933021716,computed (both variants usable),SBP
6:51243950:G:A,6:55994438:C:T,4750488,0.0130933271721005,0.0001714352110866,computed (both variants usable),SBP
6:51243950:G:A,6:56065640:T:C,4821690,0.0086480313912034,7.478844781871885e-05,computed (both variants usable),SBP
6:51449442:G:A,6:55986975:C:T,4537533,-0.020905926823616,0.0004370577808003,computed (both variants usable),SBP
6:51449442:G:A,6:55994438:C:T,4544996,-0.0290383417159318,0.0008432252798229,computed (both variants usable),SBP
6:51449442:G:A,6:56065640:T:C,4616198,-0.0310152322053909,0.0009619446354918,computed (both variants usable),SBP
6:55986975:C:T,6:55994438:C:T,7463,0.9787865281105042,0.9580230712890624,computed (both variants usable),SBP
6:55986975:C:T,6:56065640:T:C,78665,-0.0993623659014701,0.009872879832983,computed (both variants usable),SBP
6:55994438:C:T,6:56065640:T:C,71202,-0.0907513946294784,0.0082358159124851,computed (both variants usable),SBP
6:79513590:C:T,6:79739010:G:A,225420,0.9801088571548462,0.9606133699417114,computed (both variants usable),SBP
6:79513590:C:T,6:79791042:A:G,277452,0.7751399278640747,0.6008418798446655,computed (both variants usable),SBP
6:79513590:C:T,6:85305601:G:T,5792011,0.0165327861905097,0.0002733330184128,computed (both variants usable),SBP
6:79739010:G:A,6:79791042:A:G,52032,0.78531414270401,0.6167182922363281,computed (both variants usable),SBP
6:79739010:G:A,6:85305601:G:T,5566591,0.013882408849895,0.0001927212724694,computed (both variants usable),SBP
6:79791042:A:G,6:85305601:G:T,5514559,0.0159938335418701,0.0002558027044869,computed (both variants usable),SBP
6:96885572:G:A,6:97034715:G:A,149143,0.9553136229515076,0.9126241207122804,computed (both variants usable),SBP
6:96885572:G:A,6:97052164:C:T,166592,0.9430360794067384,0.8893170356750488,computed (both variants usable),SBP
6:97034715:G:A,6:97052164:C:T,17449,0.9881452918052672,0.976431131362915,computed (both variants usable),SBP
6:108029560:A:G,6:108177761:T:C,148201,-0.1900255382061004,0.0361097045242786,computed (both variants usable),SBP
6:108029560:A:G,6:117901048:T:C,9871488,-0.0308524165302515,0.0009518716251477,computed (both variants usable),SBP
6:108177761:T:C,6:117901048:T:C,9723287,0.0065773660317063,4.326174530433491e-05,computed (both variants usable),SBP
6:117901048:T:C,6:118572486:T:A,671438,-0.0060167806223034,3.620165080064908e-05,computed (both variants usable),SBP
6:117901048:T:C,6:118612943:G:A,711895,0.0037808651104569,1.4294941138359718e-05,computed (both variants usable),SBP
6:117901048:T:C,6:122153737:A:G,4252689,-0.0155417807400226,0.0002415469498373,computed (both variants usable),SBP
6:117901048:T:C,6:126216403:C:G,8315355,-0.0260523464530706,0.0006787247839383,computed (both variants usable),SBP
6:117901048:T:C,6:127155711:C:T,9254663,0.0405759550631046,0.0016464081127196,computed (both variants usable),SBP
6:117901048:T:C,6:127163126:C:T,9262078,0.0392517112195491,0.0015406968304887,computed (both variants usable),SBP
6:117901048:T:C,6:127177475:T:C,9276427,0.0379281118512153,0.0014385416870936,computed (both variants usable),SBP
6:118572486:T:A,6:118612943:G:A,40457,0.9699597358703612,0.940821886062622,computed (both variants usable),SBP
6:118572486:T:A,6:122153737:A:G,3581251,-0.0006591290002688,4.3445103869999e-07,computed (both variants usable),SBP
6:118572486:T:A,6:126216403:C:G,7643917,-0.0496112294495105,0.0024612741544842,computed (both variants usable),SBP
6:118572486:T:A,6:127155711:C:T,8583225,0.0550697706639766,0.003032679669559,computed (both variants usable),SBP
6:118572486:T:A,6:127163126:C:T,8590640,0.0544235743582248,0.0029619254637509,computed (both variants usable),SBP
6:118572486:T:A,6:127177475:T:C,8604989,0.0537779480218887,0.0028920676559209,computed (both variants usable),SBP
6:118612943:G:A,6:122153737:A:G,3540794,-0.021657969802618,0.000469067657832,computed (both variants usable),SBP
6:118612943:G:A,6:126216403:C:G,7603460,-0.0467381440103054,0.0021844541188329,computed (both variants usable),SBP
6:118612943:G:A,6:127155711:C:T,8542768,0.0584524646401405,0.0034166905097663,computed (both variants usable),SBP
6:118612943:G:A,6:127163126:C:T,8550183,0.0578094832599163,0.0033419362735003,computed (both variants usable),SBP
6:118612943:G:A,6:127177475:T:C,8564532,0.057167038321495,0.0032680702861398,computed (both variants usable),SBP
6:122153737:A:G,6:126216403:C:G,4062666,0.0563444197177886,0.0031746935565024,computed (both variants usable),SBP
6:122153737:A:G,6:127155711:C:T,5001974,-0.0262419413775205,0.0006886394694447,computed (both variants usable),SBP
6:122153737:A:G,6:127163126:C:T,5009389,-0.0269368011504411,0.0007255912641994,computed (both variants usable),SBP
6:122153737:A:G,6:127177475:T:C,5023738,-0.0276314448565244,0.0007634967332705,computed (both variants usable),SBP
6:126216403:C:G,6:127155711:C:T,939308,-0.0395928919315338,0.0015675970353186,computed (both variants usable),SBP
6:126216403:C:G,6:127163126:C:T,946723,-0.0413828343152999,0.0017125390004366,computed (both variants usable),SBP
6:126216403:C:G,6:127177475:T:C,961072,-0.0431724265217781,0.001863858429715,computed (both variants usable),SBP
6:126216403:C:G,6:134209837:T:C,7993434,0.0455953478813171,0.0020789357367902,computed (both variants usable),SBP
6:127155711:C:T,6:127163126:C:T,7415,0.997988760471344,0.9959815740585328,computed (both variants usable),SBP
6:127155711:C:T,6:127177475:T:C,21764,0.9959864616394044,0.991989016532898,computed (both variants usable),SBP
6:127155711:C:T,6:134209837:T:C,7054126,0.0033318169880658,1.11010040200199e-05,computed (both variants usable),SBP
6:127163126:C:T,6:127177475:T:C,14349,0.997990906238556,0.9959858655929564,computed (both variants usable),SBP
6:127163126:C:T,6:134209837:T:C,7046711,0.002018621424213,4.074832304468146e-06,computed (both variants usable),SBP
6:127177475:T:C,6:134209837:T:C,7032362,0.0007059495546855,4.983647841072525e-07,computed (both variants usable),SBP
6:134209837:T:C,6:143627597:G:T,9417760,-0.0017706303624436,3.1351319194072857e-06,computed (both variants usable),SBP
6:143627597:G:T,6:144303140:T:C,675543,0.0147165078669786,0.000216575601371,computed (both variants usable),SBP
6:143627597:G:T,6:150997440:C:T,7369843,-0.0510050319135189,0.0026015131734311,computed (both variants usable),SBP
6:143627597:G:T,6:150999751:C:T,7372154,-0.0544083677232265,0.0029602705035358,computed (both variants usable),SBP
6:143627597:G:T,6:151002371:T:C,7374774,-0.0517577268183231,0.0026788623072206,computed (both variants usable),SBP
6:143627597:G:T,6:151990859:G:A,8363262,-0.0084038758650422,7.062513031996787e-05,computed (both variants usable),SBP
6:143627597:G:T,6:151991200:G:C,8363603,-0.0058742528781294,3.45068474416621e-05,computed (both variants usable),SBP
6:143627597:G:T,6:152171147:G:T,8543550,-0.0065248985774815,4.257430191501044e-05,computed (both variants usable),SBP
6:143627597:G:T,6:152404528:A:G,8776931,0.0065105608664453,4.238740439177491e-05,computed (both variants usable),SBP
6:144303140:T:C,6:150997440:C:T,6694300,0.0081347692757844,6.617447070311755e-05,computed (both variants usable),SBP
6:144303140:T:C,6:150999751:C:T,6696611,0.0098950555548071,9.791212505660952e-05,computed (both variants usable),SBP
6:144303140:T:C,6:151002371:T:C,6699231,-0.0158925727009773,0.0002525738673284,computed (both variants usable),SBP
6:144303140:T:C,6:151990859:G:A,7687719,0.0123096900060772,0.0001515284675406,computed (both variants usable),SBP
6:144303140:T:C,6:151991200:G:C,7688060,0.0077166724950075,5.954703374300152e-05,computed (both variants usable),SBP
6:144303140:T:C,6:152171147:G:T,7868007,0.021714262664318,0.0004715092072729,computed (both variants usable),SBP
6:144303140:T:C,6:152404528:A:G,8101388,0.0196192506700754,0.0003849150089081,computed (both variants usable),SBP
6:150997440:C:T,6:150999751:C:T,2311,0.9931922554969788,0.9864308834075928,computed (both variants usable),SBP
6:150997440:C:T,6:151002371:T:C,4931,0.9375292658805848,0.8789611458778381,computed (both variants usable),SBP
6:150997440:C:T,6:151990859:G:A,993419,0.0431406795978546,0.0018611182458698,computed (both variants usable),SBP
6:150997440:C:T,6:151991200:G:C,993760,0.0438038893043994,0.0019187807338312,computed (both variants usable),SBP
6:150997440:C:T,6:152171147:G:T,1173707,-0.0107651632279157,0.0001158887389465,computed (both variants usable),SBP
6:150997440:C:T,6:152404528:A:G,1407088,0.0137549648061394,0.000189199054148,computed (both variants usable),SBP
6:150999751:C:T,6:151002371:T:C,2620,0.9439552426338196,0.8910514712333679,computed (both variants usable),SBP
6:150999751:C:T,6:151990859:G:A,991108,0.037991464138031,0.0014433513861149,computed (both variants usable),SBP
6:150999751:C:T,6:151991200:G:C,991449,0.0386460572481155,0.0014935177750885,computed (both variants usable),SBP
6:150999751:C:T,6:152171147:G:T,1171396,-0.0096065010875463,9.228486305801198e-05,computed (both variants usable),SBP
6:150999751:C:T,6:152404528:A:G,1404777,0.0151356216520071,0.000229087047046,computed (both variants usable),SBP
6:151002371:T:C,6:151990859:G:A,988488,0.0361783578991889,0.0013088735286146,computed (both variants usable),SBP
6:151002371:T:C,6:151991200:G:C,988829,0.0367966070771217,0.0013539902865886,computed (both variants usable),SBP
6:151002371:T:C,6:152171147:G:T,1168776,0.0001683732698438,2.8349557368301248e-08,computed (both variants usable),SBP
6:151002371:T:C,6:152404528:A:G,1402157,-0.010331186465919,0.0001067334160325,computed (both variants usable),SBP
6:151990859:G:A,6:151991200:G:C,341,0.9793981909751892,0.959220826625824,computed (both variants usable),SBP
6:151990859:G:A,6:152171147:G:T,180288,-0.0113796610385179,0.0001294966787099,computed (both variants usable),SBP
6:151990859:G:A,6:152404528:A:G,413669,-0.0300745610147714,0.0009044792386703,computed (both variants usable),SBP
6:151990859:G:A,6:161089307:C:T,9098448,0.0309980139136314,0.00096087687416,computed (both variants usable),SBP
6:151991200:G:C,6:152171147:G:T,179947,-0.0178493559360504,0.0003185995155945,computed (both variants usable),SBP
6:151991200:G:C,6:152404528:A:G,413328,-0.0225357115268707,0.0005078582908026,computed (both variants usable),SBP
6:151991200:G:C,6:161089307:C:T,9098107,0.0375627949833869,0.0014109635958448,computed (both variants usable),SBP
6:152171147:G:T,6:152404528:A:G,233381,-0.052441120147705,0.0027500709984451,computed (both variants usable),SBP
6:152171147:G:T,6:161089307:C:T,8918160,-7.740929868305102e-05,5.992199625382e-09,computed (both variants usable),SBP
6:152404528:A:G,6:161089307:C:T,8684779,0.0313195213675498,0.0009809124749153,computed (both variants usable),SBP
6:161089307:C:T,6:169587103:G:A,8497796,-0.059836309403181,0.0035803839564323,computed (both variants usable),SBP
6:161089307:C:T,6:169591890:C:T,8502583,-0.0159296132624149,0.0002537525724619,computed (both variants usable),SBP
6:161089307:C:T,6:169633335:T:C,8544028,0.0311573836952447,0.0009707825374789,computed (both variants usable),SBP
6:161089307:C:T,6:169720906:G:A,8631599,0.0836728662252426,0.0070011485368013,computed (both variants usable),SBP
6:161089307:C:T,6:170625014:G:A,9535707,-0.0628621056675911,0.0039516445249319,computed (both variants usable),SBP
6:161089307:C:T,6:170694084:T:C,9604777,-0.0419309176504612,0.0017582018626853,computed (both variants usable),SBP
6:161089307:C:T,6:170702502:A:G,9613195,0.0421271100640296,0.0017746933735907,computed (both variants usable),SBP
6:169587103:G:A,6:169591890:C:T,4787,0.1118751764297485,0.0125160552561283,computed (both variants usable),SBP
6:169587103:G:A,6:169633335:T:C,46232,-0.110233299434185,0.0121513800695538,computed (both variants usable),SBP
6:169587103:G:A,6:169720906:G:A,133803,0.0169502682983875,0.0002873115881811,computed (both variants usable),SBP
6:169587103:G:A,6:170625014:G:A,1037911,-0.0024555502459406,6.02972704655258e-06,computed (both variants usable),SBP
6:169587103:G:A,6:170694084:T:C,1106981,0.0192905291914939,0.0003721245157066,computed (both variants usable),SBP
6:169587103:G:A,6:170702502:A:G,1115399,-0.0149957127869129,0.0002248714008601,computed (both variants usable),SBP
6:169591890:C:T,6:169633335:T:C,41445,-0.0191860496997833,0.0003681044909171,computed (both variants usable),SBP
6:169591890:C:T,6:169720906:G:A,129016,-0.0040670926682651,1.6541242075618356e-05,computed (both variants usable),SBP
6:169591890:C:T,6:170625014:G:A,1033124,-0.0025335131213068,6.4186888266704045e-06,computed (both variants usable),SBP
6:169591890:C:T,6:170694084:T:C,1102194,-0.0084439478814601,7.130025915103033e-05,computed (both variants usable),SBP
6:169591890:C:T,6:170702502:A:G,1110612,-0.0044246362522244,1.957740641955752e-05,computed (both variants usable),SBP
6:169633335:T:C,6:169720906:G:A,87571,0.0002136189868906,4.563307243188319e-08,computed (both variants usable),SBP
6:169633335:T:C,6:170625014:G:A,991679,-0.0246701911091804,0.0006086183129809,computed (both variants usable),SBP
6:169633335:T:C,6:170694084:T:C,1060749,-0.0004554274783004,2.074141889352177e-07,computed (both variants usable),SBP
6:169633335:T:C,6:170702502:A:G,1069167,0.0185244604945182,0.0003431556397117,computed (both variants usable),SBP
6:169720906:G:A,6:170625014:G:A,904108,-0.0345753133296966,0.0011954522924497,computed (both variants usable),SBP
6:169720906:G:A,6:170694084:T:C,973178,-0.0402443706989288,0.0016196094220504,computed (both variants usable),SBP
6:169720906:G:A,6:170702502:A:G,981596,0.0345583744347095,0.0011942812707275,computed (both variants usable),SBP
6:170625014:G:A,6:170694084:T:C,69070,0.8293896913528442,0.6878872513771057,computed (both variants usable),SBP
6:170625014:G:A,6:170702502:A:G,77488,-0.856813371181488,0.7341291308403015,computed (both variants usable),SBP
6:170694084:T:C,6:170702502:A:G,8418,-0.9499330520629884,0.9023727774620056,computed (both variants usable),SBP
7:1286217:G:A,7:1888051:G:A,601834,0.0442145951092243,0.0019549303688108,computed (both variants usable),SBP
7:1286217:G:A,7:1947342:G:A,661125,-0.0328437089920043,0.0010787092614918,computed (both variants usable),SBP
7:1286217:G:A,7:1966831:A:G,680614,-0.0614370293915271,0.0037745086010545,computed (both variants usable),SBP
7:1888051:G:A,7:1947342:G:A,59291,-0.3353035151958465,0.1124284490942955,computed (both variants usable),SBP
7:1888051:G:A,7:1966831:A:G,78780,-0.3225166797637939,0.1040170118212699,computed (both variants usable),SBP
7:1947342:G:A,7:1966831:A:G,19489,0.8375210762023926,0.7014415264129639,computed (both variants usable),SBP
7:19046177:T:G,7:19049388:G:A,3211,0.8875235915184021,0.7876981496810913,computed (both variants usable),SBP
7:19046177:T:G,7:24613353:G:A,5567176,0.0170972421765327,0.0002923157007899,computed (both variants usable),SBP
7:19046177:T:G,7:27217359:G:A,8171182,0.0157367493957281,0.0002476452791597,computed (both variants usable),SBP
7:19046177:T:G,7:27242359:A:C,8196182,-0.0363040789961814,0.0013179861707612,computed (both variants usable),SBP
7:19046177:T:G,7:27242617:T:C,8196440,-0.031785774976015,0.0010103355161845,computed (both variants usable),SBP
7:19046177:T:G,7:27243238:G:A,8197061,-0.0363040789961814,0.0013179861707612,computed (both variants usable),SBP
7:19046177:T:G,7:27320319:T:C,8274142,-0.028959622606635,0.0008386597619391,computed (both variants usable),SBP
7:19046177:T:G,7:27324369:G:A,8278192,-0.028959622606635,0.0008386597619391,computed (both variants usable),SBP
7:19046177:T:G,7:27328187:C:G,8282010,-0.0304869096726179,0.0009294516639783,computed (both variants usable),SBP
7:19046177:T:G,7:27428090:C:T,8381913,0.0321239195764064,0.0010319461580365,computed (both variants usable),SBP
7:19046177:T:G,7:28196222:A:G,9150045,0.0185212325304746,0.0003430360520724,computed (both variants usable),SBP
7:19049388:G:A,7:24613353:G:A,5563965,-0.0122221801429986,0.0001493816816946,computed (both variants usable),SBP
7:19049388:G:A,7:27217359:G:A,8167971,0.0254335980862379,0.0006468679057434,computed (both variants usable),SBP
7:19049388:G:A,7:27242359:A:C,8192971,-0.0418053306639194,0.0017476857174187,computed (both variants usable),SBP
7:19049388:G:A,7:27242617:T:C,8193229,-0.0313350521028041,0.0009818854741752,computed (both variants usable),SBP
7:19049388:G:A,7:27243238:G:A,8193850,-0.0418053306639194,0.0017476857174187,computed (both variants usable),SBP
7:19049388:G:A,7:27320319:T:C,8270931,-0.0212021712213754,0.0004495320608839,computed (both variants usable),SBP
7:19049388:G:A,7:27324369:G:A,8274981,-0.0212021712213754,0.0004495320608839,computed (both variants usable),SBP
7:19049388:G:A,7:27328187:C:G,8278799,-0.0226476322859525,0.0005129152559675,computed (both variants usable),SBP
7:19049388:G:A,7:27428090:C:T,8378702,0.0268108826130628,0.0007188234012573,computed (both variants usable),SBP
7:19049388:G:A,7:28196222:A:G,9146834,0.0318146720528602,0.0010121733648702,computed (both variants usable),SBP
7:24613353:G:A,7:27217359:G:A,2604006,-0.0220284312963485,0.00048525177408,computed (both variants usable),SBP
7:24613353:G:A,7:27242359:A:C,2629006,0.0262663811445236,0.0006899227737449,computed (both variants usable),SBP
7:24613353:G:A,7:27242617:T:C,2629264,0.0090759471058845,8.237281872425228e-05,computed (both variants usable),SBP
7:24613353:G:A,7:27243238:G:A,2629885,0.0262663811445236,0.0006899227737449,computed (both variants usable),SBP
7:24613353:G:A,7:27320319:T:C,2706966,-0.0227723214775323,0.0005185786285437,computed (both variants usable),SBP
7:24613353:G:A,7:27324369:G:A,2711016,-0.0227723214775323,0.0005185786285437,computed (both variants usable),SBP
7:24613353:G:A,7:27328187:C:G,2714834,-0.0242210496217012,0.0005866592400707,computed (both variants usable),SBP
7:24613353:G:A,7:27428090:C:T,2814737,-0.0460161007940769,0.0021174815483391,computed (both variants usable),SBP
7:24613353:G:A,7:28196222:A:G,3582869,-0.037329576909542,0.0013934973394498,computed (both variants usable),SBP
7:24613353:G:A,7:30910788:A:G,6297435,0.0223761647939682,0.0005006927531212,computed (both variants usable),SBP
7:24613353:G:A,7:30934659:C:T,6321306,0.0470175817608833,0.0022106529213488,computed (both variants usable),SBP
7:24613353:G:A,7:30957616:A:T,6344263,-0.029792383313179,0.0008875860949046,computed (both variants usable),SBP
7:27217359:G:A,7:27242359:A:C,25000,0.140996053814888,0.019879886880517,computed (both variants usable),SBP
7:27217359:G:A,7:27242617:T:C,25258,0.0953624248504638,0.0090939924120903,computed (both variants usable),SBP
7:27217359:G:A,7:27243238:G:A,25879,0.140996053814888,0.019879886880517,computed (both variants usable),SBP
7:27217359:G:A,7:27320319:T:C,102960,-0.0347879528999328,0.0012102016480639,computed (both variants usable),SBP
7:27217359:G:A,7:27324369:G:A,107010,-0.0347879528999328,0.0012102016480639,computed (both variants usable),SBP
7:27217359:G:A,7:27328187:C:G,110828,-0.0307218022644519,0.000943829130847,computed (both variants usable),SBP
7:27217359:G:A,7:27428090:C:T,210731,-0.0425707772374153,0.0018122710753232,computed (both variants usable),SBP
7:27217359:G:A,7:28196222:A:G,978863,0.0457234941422939,0.0020906378049403,computed (both variants usable),SBP
7:27217359:G:A,7:30910788:A:G,3693429,-0.0274123921990394,0.000751439249143,computed (both variants usable),SBP
7:27217359:G:A,7:30934659:C:T,3717300,0.0044414564035832,1.9726534446817823e-05,computed (both variants usable),SBP
7:27217359:G:A,7:30957616:A:T,3740257,-0.0125469164922833,0.0001574251073179,computed (both variants usable),SBP
7:27242359:A:C,7:27242617:T:C,258,0.8528608679771423,0.7273716330528259,computed (both variants usable),SBP
7:27242359:A:C,7:27243238:G:A,879,1.000000238418579,1.0000004768371582,computed (both variants usable),SBP
7:27242359:A:C,7:27320319:T:C,77960,0.0656026229262352,0.0043037040159106,computed (both variants usable),SBP
7:27242359:A:C,7:27324369:G:A,82010,0.0656026229262352,0.0043037040159106,computed (both variants usable),SBP
7:27242359:A:C,7:27328187:C:G,85828,0.0517076626420021,0.0026736822910606,computed (both variants usable),SBP
7:27242359:A:C,7:27428090:C:T,185731,-0.0635393112897872,0.0040372442454099,computed (both variants usable),SBP
7:27242359:A:C,7:28196222:A:G,953863,-0.0049208519048988,2.421478347969241e-05,computed (both variants usable),SBP
7:27242359:A:C,7:30910788:A:G,3668429,-0.0231790039688348,0.00053726619808,computed (both variants usable),SBP
7:27242359:A:C,7:30934659:C:T,3692300,0.0092363273724913,8.53097444633022e-05,computed (both variants usable),SBP
7:27242359:A:C,7:30957616:A:T,3715257,-0.0125244818627834,0.0001568626466905,computed (both variants usable),SBP
7:27242617:T:C,7:27243238:G:A,621,0.8528608679771423,0.7273716330528259,computed (both variants usable),SBP
7:27242617:T:C,7:27320319:T:C,77702,-0.0073777693323791,5.443147892947309e-05,computed (both variants usable),SBP
7:27242617:T:C,7:27324369:G:A,81752,-0.0073777693323791,5.443147892947309e-05,computed (both variants usable),SBP
7:27242617:T:C,7:27328187:C:G,85570,-0.0189175866544246,0.0003578750765882,computed (both variants usable),SBP
7:27242617:T:C,7:27428090:C:T,185473,-0.0319099500775337,0.0010182448895648,computed (both variants usable),SBP
7:27242617:T:C,7:28196222:A:G,953605,0.0016184746054932,2.619460019559483e-06,computed (both variants usable),SBP
7:27242617:T:C,7:30910788:A:G,3668171,-0.0160526763647794,0.0002576884289737,computed (both variants usable),SBP
7:27242617:T:C,7:30934659:C:T,3692042,0.011340725235641,0.0001286120532313,computed (both variants usable),SBP
7:27242617:T:C,7:30957616:A:T,3714999,0.015967084094882,0.0002549477794673,computed (both variants usable),SBP
7:27243238:G:A,7:27320319:T:C,77081,0.0656026229262352,0.0043037040159106,computed (both variants usable),SBP
7:27243238:G:A,7:27324369:G:A,81131,0.0656026229262352,0.0043037040159106,computed (both variants usable),SBP
7:27243238:G:A,7:27328187:C:G,84949,0.0517076626420021,0.0026736822910606,computed (both variants usable),SBP
7:27243238:G:A,7:27428090:C:T,184852,-0.0635393112897872,0.0040372442454099,computed (both variants usable),SBP
7:27243238:G:A,7:28196222:A:G,952984,-0.0049208519048988,2.421478347969241e-05,computed (both variants usable),SBP
7:27243238:G:A,7:30910788:A:G,3667550,-0.0231790039688348,0.00053726619808,computed (both variants usable),SBP
7:27243238:G:A,7:30934659:C:T,3691421,0.0092363273724913,8.53097444633022e-05,computed (both variants usable),SBP
7:27243238:G:A,7:30957616:A:T,3714378,-0.0125244818627834,0.0001568626466905,computed (both variants usable),SBP
7:27320319:T:C,7:27324369:G:A,4050,1.0,1.0,computed (both variants usable),SBP
7:27320319:T:C,7:27328187:C:G,7868,0.9940070509910583,0.9880500435829164,computed (both variants usable),SBP
7:27320319:T:C,7:27428090:C:T,107771,-0.0362015403807163,0.0013105515390634,computed (both variants usable),SBP
7:27320319:T:C,7:28196222:A:G,875903,-0.0128755560144782,0.0001657799439271,computed (both variants usable),SBP
7:27320319:T:C,7:30910788:A:G,3590469,-0.0265974421054124,0.0007074239547364,computed (both variants usable),SBP
7:27320319:T:C,7:30934659:C:T,3614340,-0.0185331162065267,0.0003434763930272,computed (both variants usable),SBP
7:27320319:T:C,7:30957616:A:T,3637297,-0.0133237214758992,0.0001775215496309,computed (both variants usable),SBP
7:27324369:G:A,7:27328187:C:G,3818,0.9940070509910583,0.9880500435829164,computed (both variants usable),SBP
7:27324369:G:A,7:27428090:C:T,103721,-0.0362015403807163,0.0013105515390634,computed (both variants usable),SBP
7:27324369:G:A,7:28196222:A:G,871853,-0.0128755560144782,0.0001657799439271,computed (both variants usable),SBP
7:27324369:G:A,7:30910788:A:G,3586419,-0.0265974421054124,0.0007074239547364,computed (both variants usable),SBP
7:27324369:G:A,7:30934659:C:T,3610290,-0.0185331162065267,0.0003434763930272,computed (both variants usable),SBP
7:27324369:G:A,7:30957616:A:T,3633247,-0.0133237214758992,0.0001775215496309,computed (both variants usable),SBP
7:27328187:C:G,7:27428090:C:T,99903,-0.03787487372756,0.0014345060335472,computed (both variants usable),SBP
7:27328187:C:G,7:28196222:A:G,868035,-0.0163654349744319,0.0002678274759091,computed (both variants usable),SBP
7:27328187:C:G,7:30910788:A:G,3582601,-0.0279889479279518,0.0007833812269382,computed (both variants usable),SBP
7:27328187:C:G,7:30934659:C:T,3606472,-0.0192951038479805,0.0003723010304383,computed (both variants usable),SBP
7:27328187:C:G,7:30957616:A:T,3629429,-0.0080547714605927,6.487934297183529e-05,computed (both variants usable),SBP
7:27428090:C:T,7:28196222:A:G,768132,-0.0088537372648715,7.838866440579295e-05,computed (both variants usable),SBP
7:27428090:C:T,7:30910788:A:G,3482698,-0.0173071976751089,0.0002995390968862,computed (both variants usable),SBP
7:27428090:C:T,7:30934659:C:T,3506569,-0.0201839972287416,0.0004073937307111,computed (both variants usable),SBP
7:27428090:C:T,7:30957616:A:T,3529526,-0.0707816332578659,0.0050100395455956,computed (both variants usable),SBP
7:28196222:A:G,7:30910788:A:G,2714566,0.0460626594722271,0.0021217686589807,computed (both variants usable),SBP
7:28196222:A:G,7:30934659:C:T,2738437,0.0267527978867292,0.0007157122017815,computed (both variants usable),SBP
7:28196222:A:G,7:30957616:A:T,2761394,0.0255810543894767,0.0006543903145939,computed (both variants usable),SBP
7:30910788:A:G,7:30934659:C:T,23871,0.4450069069862366,0.1980311423540115,computed (both variants usable),SBP
7:30910788:A:G,7:30957616:A:T,46828,0.0932256579399108,0.0086910231038928,computed (both variants usable),SBP
7:30910788:A:G,7:40427000:G:A,9516212,0.0247421190142631,0.0006121724727563,computed (both variants usable),SBP
7:30934659:C:T,7:30957616:A:T,22957,0.0583480224013328,0.0034044918138533,computed (both variants usable),SBP
7:30934659:C:T,7:40427000:G:A,9492341,0.0378117859363555,0.0014297311427071,computed (both variants usable),SBP
7:30957616:A:T,7:40427000:G:A,9469384,0.0319978594779968,0.0010238629765808,computed (both variants usable),SBP
7:40427000:G:A,7:41627933:A:T,1200933,0.031133534386754,0.0009692969615571,computed (both variants usable),SBP
7:40427000:G:A,7:45987430:G:C,5560430,0.0183424521237611,0.0003364455478731,computed (both variants usable),SBP
7:40427000:G:A,7:45990641:T:C,5563641,0.0213345140218734,0.0004551614983938,computed (both variants usable),SBP
7:40427000:G:A,7:46437154:G:T,6010154,0.0090894186869263,8.261753100669011e-05,computed (both variants usable),SBP
7:40427000:G:A,7:50098470:G:C,9671470,-0.0139759816229343,0.0001953280589077,computed (both variants usable),SBP
7:41627933:A:T,7:45987430:G:C,4359497,0.0148296179249882,0.0002199175651185,computed (both variants usable),SBP
7:41627933:A:T,7:45990641:T:C,4362708,0.0161483958363533,0.0002607706992421,computed (both variants usable),SBP
7:41627933:A:T,7:46437154:G:T,4809221,0.0323349796235561,0.0010455509182065,computed (both variants usable),SBP
7:41627933:A:T,7:50098470:G:C,8470537,-0.0012384373694658,1.533727072455804e-06,computed (both variants usable),SBP
7:45987430:G:C,7:45990641:T:C,3211,0.9880391359329224,0.9762213230133056,computed (both variants usable),SBP
7:45987430:G:C,7:46437154:G:T,449724,-0.0233331825584173,0.0005444373819045,computed (both variants usable),SBP
7:45987430:G:C,7:50098470:G:C,4111040,0.0013279030099511,1.763326395121112e-06,computed (both variants usable),SBP
7:45990641:T:C,7:46437154:G:T,446513,-0.026778507977724,0.0007170884637162,computed (both variants usable),SBP
7:45990641:T:C,7:50098470:G:C,4107829,-0.0089183766394853,7.953744352562353e-05,computed (both variants usable),SBP
7:46437154:G:T,7:50098470:G:C,3661316,-0.0132455239072442,0.0001754438999341,computed (both variants usable),SBP
7:77474961:C:G,7:77512098:G:C,37137,0.8572321534156799,0.7348469495773315,computed (both variants usable),SBP
7:92237426:G:A,7:92258736:A:C,21310,0.6783407330513,0.4601461589336395,computed (both variants usable),SBP
7:92237426:G:A,7:100451732:C:T,8214306,-0.0285195112228393,0.0008133625378832,computed (both variants usable),SBP
7:92237426:G:A,7:101525302:T:A,9287876,0.0255831815302371,0.0006544991629198,computed (both variants usable),SBP
7:92258736:A:C,7:100451732:C:T,8192996,-0.0382507629692554,0.0014631209196522,computed (both variants usable),SBP
7:92258736:A:C,7:101525302:T:A,9266566,0.0235139671713113,0.0005529066547751,computed (both variants usable),SBP
7:100451732:C:T,7:101525302:T:A,1073570,0.0280562322586774,0.0007871521520428,computed (both variants usable),SBP
7:100451732:C:T,7:103525864:T:A,3074132,-0.0264456626027822,0.0006993730785325,computed (both variants usable),SBP
7:100451732:C:T,7:106412082:G:A,5960350,0.0241389796137809,0.0005826903507113,computed (both variants usable),SBP
7:100451732:C:T,7:106414069:T:G,5962337,0.0281101781874895,0.000790182093624,computed (both variants usable),SBP
7:100451732:C:T,7:106416467:G:A,5964735,0.0281101781874895,0.000790182093624,computed (both variants usable),SBP
7:100451732:C:T,7:106457975:C:G,6006243,,,unknown: absent from panel,SBP
7:101525302:T:A,7:103525864:T:A,2000562,0.0308504700660705,0.0009517514845356,computed (both variants usable),SBP
7:101525302:T:A,7:106412082:G:A,4886780,-0.0463120453059673,0.0021448056213557,computed (both variants usable),SBP
7:101525302:T:A,7:106414069:T:G,4888767,-0.048004001379013,0.0023043842520564,computed (both variants usable),SBP
7:101525302:T:A,7:106416467:G:A,4891165,-0.048004001379013,0.0023043842520564,computed (both variants usable),SBP
7:101525302:T:A,7:106457975:C:G,4932673,,,unknown: absent from panel,SBP
7:103525864:T:A,7:106412082:G:A,2886218,0.0109155904501676,0.0001191501141875,computed (both variants usable),SBP
7:103525864:T:A,7:106414069:T:G,2888205,0.0121420109644532,0.0001474284363212,computed (both variants usable),SBP
7:103525864:T:A,7:106416467:G:A,2890603,0.0121420109644532,0.0001474284363212,computed (both variants usable),SBP
7:103525864:T:A,7:106457975:C:G,2932111,,,unknown: absent from panel,SBP
7:106412082:G:A,7:106414069:T:G,1987,0.9971363544464112,0.9942809343338012,computed (both variants usable),SBP
7:106412082:G:A,7:106416467:G:A,4385,0.9971363544464112,0.9942809343338012,computed (both variants usable),SBP
7:106412082:G:A,7:106457975:C:G,45893,,,unknown: absent from panel,SBP
7:106412082:G:A,7:114337652:C:T,7925570,0.0161708649247884,0.0002614968689158,computed (both variants usable),SBP
7:106412082:G:A,7:114349212:T:A,7937130,0.010146714746952,0.0001029558188747,computed (both variants usable),SBP
7:106412082:G:A,7:116186241:A:G,9774159,0.0497612543404102,0.002476182533428,computed (both variants usable),SBP
7:106414069:T:G,7:106416467:G:A,2398,0.9999992847442628,0.9999985694885254,computed (both variants usable),SBP
7:106414069:T:G,7:106457975:C:G,43906,,,unknown: absent from panel,SBP
7:106414069:T:G,7:114337652:C:T,7923583,0.0188345145434141,0.0003547389351297,computed (both variants usable),SBP
7:106414069:T:G,7:114349212:T:A,7935143,0.0132120298221707,0.0001745577319525,computed (both variants usable),SBP
7:106414069:T:G,7:116186241:A:G,9772172,0.0516042709350585,0.0026630007196217,computed (both variants usable),SBP
7:106416467:G:A,7:106457975:C:G,41508,,,unknown: absent from panel,SBP
7:106416467:G:A,7:114337652:C:T,7921185,0.0188345145434141,0.0003547389351297,computed (both variants usable),SBP
7:106416467:G:A,7:114349212:T:A,7932745,0.0132120298221707,0.0001745577319525,computed (both variants usable),SBP
7:106416467:G:A,7:116186241:A:G,9769774,0.0516042709350585,0.0026630007196217,computed (both variants usable),SBP
7:106457975:C:G,7:114337652:C:T,7879677,,,unknown: absent from panel,SBP
7:106457975:C:G,7:114349212:T:A,7891237,,,unknown: absent from panel,SBP
7:106457975:C:G,7:116186241:A:G,9728266,,,unknown: absent from panel,SBP
7:114337652:C:T,7:114349212:T:A,11560,0.8562175631523132,0.7331085205078125,computed (both variants usable),SBP
7:114337652:C:T,7:116186241:A:G,1848589,-0.0189282596111297,0.0003582790086511,computed (both variants usable),SBP
7:114349212:T:A,7:116186241:A:G,1837029,-0.0109218899160623,0.0001192876807181,computed (both variants usable),SBP
7:130973495:C:T,7:131010429:C:T,36934,0.6892000436782837,0.4749966859817505,computed (both variants usable),SBP
7:130973495:C:T,7:131069461:T:A,95966,0.333045095205307,0.1109190359711647,computed (both variants usable),SBP
7:130973495:C:T,7:139404666:A:C,8431171,0.0317502915859222,0.001008081017062,computed (both variants usable),SBP
7:131010429:C:T,7:131069461:T:A,59032,0.5354271531105042,0.2866822481155395,computed (both variants usable),SBP
7:131010429:C:T,7:139404666:A:C,8394237,0.0120349563658237,0.000144840174471,computed (both variants usable),SBP
7:131069461:T:A,7:139404666:A:C,8335205,-0.0009719544905237,9.446955573366722e-07,computed (both variants usable),SBP
7:150068620:C:T,7:150072500:G:C,3880,0.8830280900001526,0.7797386050224304,computed (both variants usable),SBP
7:150068620:C:T,7:151403260:T:C,1334640,0.0251147504895925,0.0006307506700977,computed (both variants usable),SBP
7:150068620:C:T,7:151413124:T:C,1344504,0.0203541088849306,0.0004142897378187,computed (both variants usable),SBP
7:150068620:C:T,7:151415041:A:G,1346421,0.0155111504718661,0.0002405957930022,computed (both variants usable),SBP
7:150068620:C:T,7:156312739:G:A,6244119,0.0132132470607757,0.0001745898916851,computed (both variants usable),SBP
7:150068620:C:T,7:156315173:G:A,6246553,0.0014200722798705,2.01660532184178e-06,computed (both variants usable),SBP
7:150068620:C:T,7:156322655:A:T,6254035,0.030903834849596,0.0009550470276735,computed (both variants usable),SBP
7:150072500:G:C,7:151403260:T:C,1330760,0.011034389026463,0.0001217577446368,computed (both variants usable),SBP
7:150072500:G:C,7:151413124:T:C,1340624,0.0202263500541448,0.0004091052396688,computed (both variants usable),SBP
7:150072500:G:C,7:151415041:A:G,1342541,0.0154341422021389,0.0002382127422606,computed (both variants usable),SBP
7:150072500:G:C,7:156312739:G:A,6240239,0.0227766018360853,0.0005187735660001,computed (both variants usable),SBP
7:150072500:G:C,7:156315173:G:A,6242673,-0.0067080222070217,4.499756323639304e-05,computed (both variants usable),SBP
7:150072500:G:C,7:156322655:A:T,6250155,0.0335513278841972,0.0011256915749982,computed (both variants usable),SBP
7:151403260:T:C,7:151413124:T:C,9864,0.8849544525146484,0.7831443548202515,computed (both variants usable),SBP
7:151403260:T:C,7:151415041:A:G,11781,0.8945886492729187,0.8002888560295105,computed (both variants usable),SBP
7:151403260:T:C,7:156312739:G:A,4909479,0.0089599480852484,8.028066804399714e-05,computed (both variants usable),SBP
7:151403260:T:C,7:156315173:G:A,4911913,-0.0071338671259582,5.08920602442231e-05,computed (both variants usable),SBP
7:151403260:T:C,7:156322655:A:T,4919395,-0.0050922143273055,2.593064709799364e-05,computed (both variants usable),SBP
7:151413124:T:C,7:151415041:A:G,1917,0.9714984893798828,0.9438093304634094,computed (both variants usable),SBP
7:151413124:T:C,7:156312739:G:A,4899615,0.0071121221408247,5.058228271082044e-05,computed (both variants usable),SBP
7:151413124:T:C,7:156315173:G:A,4902049,-0.0033112009987235,1.0964052307826933e-05,computed (both variants usable),SBP
7:151413124:T:C,7:156322655:A:T,4909531,-0.0082586221396923,6.820484122727066e-05,computed (both variants usable),SBP
7:151415041:A:G,7:156312739:G:A,4897698,0.0205106046050786,0.000420684897108,computed (both variants usable),SBP
7:151415041:A:G,7:156315173:G:A,4900132,-0.0165297258645296,0.0002732318243943,computed (both variants usable),SBP
7:151415041:A:G,7:156322655:A:T,4907614,0.0055423532612621,3.0717677873326465e-05,computed (both variants usable),SBP
7:156312739:G:A,7:156315173:G:A,2434,-0.9298298954963684,0.8645836114883423,computed (both variants usable),SBP
7:156312739:G:A,7:156322655:A:T,9916,0.8736667037010193,0.7632935047149658,computed (both variants usable),SBP
7:156315173:G:A,7:156322655:A:T,7482,-0.831687331199646,0.6917037963867188,computed (both variants usable),SBP
8:156504:G:A,8:1711918:G:C,1555414,0.0368355922400951,0.0013568608555942,computed (both variants usable),SBP
8:156504:G:A,8:1716616:T:A,1560112,0.0460586883127689,0.0021214028820395,computed (both variants usable),SBP
8:1711918:G:C,8:1716616:T:A,4698,0.925096333026886,0.8558032512664795,computed (both variants usable),SBP
8:32413240:T:C,8:42324765:T:C,9911525,-0.0254342183470726,0.0006468994542956,computed (both variants usable),SBP
8:42324765:T:C,8:51673767:C:G,9349002,0.0258948318660259,0.0006705423002131,computed (both variants usable),SBP
8:42324765:T:C,8:51871975:T:A,9547210,0.0034396082628518,1.1830905350507235e-05,computed (both variants usable),SBP
8:42324765:T:C,8:51937392:C:T,9612627,0.0086566330865025,7.493729935958982e-05,computed (both variants usable),SBP
8:51673767:C:G,8:51871975:T:A,198208,0.8197610378265381,0.6720081567764282,computed (both variants usable),SBP
8:51673767:C:G,8:51937392:C:T,263625,0.8536556959152222,0.7287280559539795,computed (both variants usable),SBP
8:51871975:T:A,8:51937392:C:T,65417,0.9297984838485718,0.8645251989364624,computed (both variants usable),SBP
8:74245445:A:G,8:76660225:G:A,2414780,-0.0340087376534938,0.0011565942550078,computed (both variants usable),SBP
8:74245445:A:G,8:76727925:G:A,2482480,0.0214542429894208,0.0004602845292538,computed (both variants usable),SBP
8:74245445:A:G,8:76767584:A:G,2522139,-0.0290867313742637,0.0008460379322059,computed (both variants usable),SBP
8:74245445:A:G,8:77220973:G:C,2975528,0.0610497146844863,0.0037270677275955,computed (both variants usable),SBP
8:74245445:A:G,8:81395746:T:G,7150301,0.008255373686552,6.815119559178129e-05,computed (both variants usable),SBP
8:74245445:A:G,8:81404008:G:C,7158563,0.0113344229757785,0.0001284691388718,computed (both variants usable),SBP
8:76660225:G:A,8:76727925:G:A,67700,-0.5625776648521423,0.3164936304092407,computed (both variants usable),SBP
8:76660225:G:A,8:76767584:A:G,107359,0.0810344144701957,0.0065665761940181,computed (both variants usable),SBP
8:76660225:G:A,8:77220973:G:C,560748,-0.0908477753400802,0.0082533182576298,computed (both variants usable),SBP
8:76660225:G:A,8:81395746:T:G,4735521,0.0703954771161079,0.0049555231817066,computed (both variants usable),SBP
8:76660225:G:A,8:81404008:G:C,4743783,0.0678784251213073,0.0046074804849922,computed (both variants usable),SBP
8:76727925:G:A,8:76767584:A:G,39659,-0.4629452228546142,0.2143182754516601,computed (both variants usable),SBP
8:76727925:G:A,8:77220973:G:C,493048,0.2905020415782928,0.0843914374709129,computed (both variants usable),SBP
8:76727925:G:A,8:81395746:T:G,4667821,-0.0586786307394504,0.0034431817475706,computed (both variants usable),SBP
8:76727925:G:A,8:81404008:G:C,4676083,-0.0602017156779766,0.003624246455729,computed (both variants usable),SBP
8:76767584:A:G,8:77220973:G:C,453389,-0.07090375572443,0.0050273425877094,computed (both variants usable),SBP
8:76767584:A:G,8:81395746:T:G,4628162,0.0018599968170747,3.4595882425492164e-06,computed (both variants usable),SBP
8:76767584:A:G,8:81404008:G:C,4636424,0.0050153504125773,2.515374035283457e-05,computed (both variants usable),SBP
8:77220973:G:C,8:81395746:T:G,4174773,-0.0156394951045513,0.000244593800744,computed (both variants usable),SBP
8:77220973:G:C,8:81404008:G:C,4183035,-0.017762154340744,0.0003154941368848,computed (both variants usable),SBP
8:81395746:T:G,8:81404008:G:C,8262,0.9975438117980956,0.9950936436653136,computed (both variants usable),SBP
8:95260225:A:G,8:95278307:G:C,18082,0.8943816423416138,0.799918532371521,computed (both variants usable),SBP
8:95260225:A:G,8:95965743:G:A,705518,0.085913561284542,0.0073811397887766,computed (both variants usable),SBP
8:95260225:A:G,8:103854031:T:A,8593806,0.0096826180815696,9.375309309689328e-05,computed (both variants usable),SBP
8:95278307:G:C,8:95965743:G:A,687436,0.1117401048541069,0.0124858506023883,computed (both variants usable),SBP
8:95278307:G:C,8:103854031:T:A,8575724,0.0470919497311115,0.002217651810497,computed (both variants usable),SBP
8:95965743:G:A,8:103854031:T:A,7888288,0.0011947323800995,1.4273854276325435e-06,computed (both variants usable),SBP
8:103854031:T:A,8:105966258:G:A,2112227,0.0421088971197605,0.0017731592524796,computed (both variants usable),SBP
8:103854031:T:A,8:106632940:A:G,2778909,0.0436052046716213,0.001901413896121,computed (both variants usable),SBP
8:103854031:T:A,8:108291878:C:G,4437847,0.012529557570815,0.0001569898158777,computed (both variants usable),SBP
8:105966258:G:A,8:106632940:A:G,666682,-0.0089527964591979,8.015256753424183e-05,computed (both variants usable),SBP
8:105966258:G:A,8:108291878:C:G,2325620,0.0377419106662273,0.0014244518242776,computed (both variants usable),SBP
8:106632940:A:G,8:108291878:C:G,1658938,-0.0474489666521549,0.0022514043375849,computed (both variants usable),SBP
8:120423129:C:T,8:120456197:A:T,33068,0.9581511616706848,0.9180536270141602,computed (both variants usable),SBP
8:120423129:C:T,8:124780824:C:A,4357695,0.0096550760790705,9.322049299953504e-05,computed (both variants usable),SBP
8:120423129:C:T,8:129343201:C:A,8920072,0.011008477769792,0.0001211865819641,computed (both variants usable),SBP
8:120423129:C:T,8:129418074:T:A,8994945,0.0225553382188081,0.0005087432800792,computed (both variants usable),SBP
8:120423129:C:T,8:129474006:A:G,9050877,-0.0029993886128067,8.996332326205447e-06,computed (both variants usable),SBP
8:120456197:A:T,8:124780824:C:A,4324627,0.0084426384419202,7.127814023988321e-05,computed (both variants usable),SBP
8:120456197:A:T,8:129343201:C:A,8887004,-0.0010215904330834,1.0436469892738387e-06,computed (both variants usable),SBP
8:120456197:A:T,8:129418074:T:A,8961877,0.0116308880969882,0.0001352775580016,computed (both variants usable),SBP
8:120456197:A:T,8:129474006:A:G,9017809,0.0096453325822949,9.303243859903888e-05,computed (both variants usable),SBP
8:124780824:C:A,8:129343201:C:A,4562377,0.0339933447539806,0.0011555474484339,computed (both variants usable),SBP
8:124780824:C:A,8:129418074:T:A,4637250,0.0242630485445261,0.0005886955186724,computed (both variants usable),SBP
8:124780824:C:A,8:129474006:A:G,4693182,-0.0377516038715839,0.0014251836109906,computed (both variants usable),SBP
8:129343201:C:A,8:129418074:T:A,74873,0.8111213445663452,0.657917857170105,computed (both variants usable),SBP
8:129343201:C:A,8:129474006:A:G,130805,-0.8453191518783569,0.7145644426345825,computed (both variants usable),SBP
8:129343201:C:A,8:135613624:A:G,6270423,-0.015961917117238,0.0002547827898524,computed (both variants usable),SBP
8:129343201:C:A,8:135661278:G:A,6318077,-0.0161356758326292,0.0002603600441943,computed (both variants usable),SBP
8:129343201:C:A,8:135802892:G:A,6459691,0.0079826144501566,6.372213101712987e-05,computed (both variants usable),SBP
8:129418074:T:A,8:129474006:A:G,55932,-0.8190466165542603,0.6708373427391052,computed (both variants usable),SBP
8:129418074:T:A,8:135613624:A:G,6195550,-0.0267258416861295,0.0007142706308513,computed (both variants usable),SBP
8:129418074:T:A,8:135661278:G:A,6243204,-0.0425261668860912,0.0018084748880937,computed (both variants usable),SBP
8:129418074:T:A,8:135802892:G:A,6384818,0.0169092882424592,0.0002859240339603,computed (both variants usable),SBP
8:129474006:A:G,8:135613624:A:G,6139618,-0.0015961141325533,2.547580379541614e-06,computed (both variants usable),SBP
8:129474006:A:G,8:135661278:G:A,6187272,0.0200791992247104,0.0004031742282677,computed (both variants usable),SBP
8:129474006:A:G,8:135802892:G:A,6328886,-0.0240494143217802,0.0005783743108622,computed (both variants usable),SBP
8:135613624:A:G,8:135661278:G:A,47654,0.6572956442832947,0.4320375621318817,computed (both variants usable),SBP
8:135613624:A:G,8:135802892:G:A,189268,0.0224435646086931,0.0005037136143073,computed (both variants usable),SBP
8:135613624:A:G,8:142367087:C:T,6753463,-0.0310163665562868,0.0009620150085538,computed (both variants usable),SBP
8:135613624:A:G,8:143992864:C:A,8379240,0.0187786202877759,0.0003526365908328,computed (both variants usable),SBP
8:135613624:A:G,8:144060955:G:A,8447331,0.038456879556179,0.0014789316337555,computed (both variants usable),SBP
8:135661278:G:A,8:135802892:G:A,141614,-0.0553876012563705,0.0030677863396704,computed (both variants usable),SBP
8:135661278:G:A,8:142367087:C:T,6705809,-0.0603720992803573,0.0036447902675718,computed (both variants usable),SBP
8:135661278:G:A,8:143992864:C:A,8331586,-0.002325058216229,5.405895535659511e-06,computed (both variants usable),SBP
8:135661278:G:A,8:144060955:G:A,8399677,0.0084184911102056,7.087099220370874e-05,computed (both variants usable),SBP
8:135802892:G:A,8:142367087:C:T,6564195,0.0280454941093921,0.00078654976096,computed (both variants usable),SBP
8:135802892:G:A,8:143992864:C:A,8189972,-0.01211953535676,0.0001468831324018,computed (both variants usable),SBP
8:135802892:G:A,8:144060955:G:A,8258063,-0.0178079754114151,0.0003171239804942,computed (both variants usable),SBP
8:142367087:C:T,8:143992864:C:A,1625777,0.0220593828707933,0.0004866163653787,computed (both variants usable),SBP
8:142367087:C:T,8:144060955:G:A,1693868,0.0060761859640479,3.692003519972786e-05,computed (both variants usable),SBP
8:143992864:C:A,8:144060955:G:A,68091,0.9165336489677428,0.8400339484214783,computed (both variants usable),SBP
9:4334791:G:C,9:8089306:A:G,3754515,-0.0553884394466877,0.0030678792390972,computed (both variants usable),SBP
9:37551525:T:A,9:38095909:C:T,544384,-0.0067378501407802,4.5398624934023246e-05,computed (both variants usable),SBP
9:110506031:T:C,9:113153647:T:C,2647616,-0.0056831059046089,3.2297692087013274e-05,computed (both variants usable),SBP
9:110506031:T:C,9:113250200:G:T,2744169,-0.0598404072225093,0.0035808742977678,computed (both variants usable),SBP
9:110506031:T:C,9:115577067:T:C,5071036,-0.0366797931492328,0.001345407217741,computed (both variants usable),SBP
9:113153647:T:C,9:113250200:G:T,96553,0.4902028739452362,0.2402988523244857,computed (both variants usable),SBP
9:113153647:T:C,9:115577067:T:C,2423420,-0.0118889678269624,0.0001413475547451,computed (both variants usable),SBP
9:113250200:G:T,9:115577067:T:C,2326867,0.0101039744913578,0.0001020903000608,computed (both variants usable),SBP
9:115577067:T:C,9:123593159:C:T,8016092,-0.0252053085714578,0.0006353075732477,computed (both variants usable),SBP
9:123593159:C:T,9:125780932:A:C,2187773,0.0074815256521105,5.59732252440881e-05,computed (both variants usable),SBP
9:123593159:C:T,9:125845307:A:G,2252148,0.0056298994459211,3.169576666550711e-05,computed (both variants usable),SBP
9:123593159:C:T,9:127089775:A:G,3496616,0.037852369248867,0.0014328018296509,computed (both variants usable),SBP
9:123593159:C:T,9:127867256:T:A,4274097,,,unknown: absent from panel,SBP
9:123593159:C:T,9:127900996:T:C,4307837,-0.033875722438097,0.0011475646169856,computed (both variants usable),SBP
9:123593159:C:T,9:128438005:A:G,4844846,0.015276713296771,0.0002333779702894,computed (both variants usable),SBP
9:123593159:C:T,9:128490151:C:T,4896992,-0.0209612250328063,0.0004393729614093,computed (both variants usable),SBP
9:123593159:C:T,9:130303640:A:G,6710481,-0.019612206146121,0.0003846386389341,computed (both variants usable),SBP
9:125780932:A:C,9:125845307:A:G,64375,0.9558594822883606,0.9136673212051392,computed (both variants usable),SBP
9:125780932:A:C,9:127089775:A:G,1308843,0.0280579198151826,0.0007872468559071,computed (both variants usable),SBP
9:125780932:A:C,9:127867256:T:A,2086324,,,unknown: absent from panel,SBP
9:125780932:A:C,9:127900996:T:C,2120064,0.000493066268973,2.43114357090235e-07,computed (both variants usable),SBP
9:125780932:A:C,9:128438005:A:G,2657073,0.0009077862487174,8.240758688771166e-07,computed (both variants usable),SBP
9:125780932:A:C,9:128490151:C:T,2709219,-0.0144858649000525,0.0002098402765113,computed (both variants usable),SBP
9:125780932:A:C,9:130303640:A:G,4522708,0.0205991081893444,0.0004243232542648,computed (both variants usable),SBP
9:125845307:A:G,9:127089775:A:G,1244468,0.0256772972643375,0.0006593235884793,computed (both variants usable),SBP
9:125845307:A:G,9:127867256:T:A,2021949,,,unknown: absent from panel,SBP
9:125845307:A:G,9:127900996:T:C,2055689,-0.0096757775172591,9.362067066831514e-05,computed (both variants usable),SBP
9:125845307:A:G,9:128438005:A:G,2592698,0.0095458412542939,9.112308180192484e-05,computed (both variants usable),SBP
9:125845307:A:G,9:128490151:C:T,2644844,-0.011747402139008,0.0001380014582537,computed (both variants usable),SBP
9:125845307:A:G,9:130303640:A:G,4458333,0.0098287146538496,9.660363139119e-05,computed (both variants usable),SBP
9:127089775:A:G,9:127867256:T:A,777481,,,unknown: absent from panel,SBP
9:127089775:A:G,9:127900996:T:C,811221,-0.0593789629638195,0.0035258613061159,computed (both variants usable),SBP
9:127089775:A:G,9:128438005:A:G,1348230,-0.0625830292701721,0.0039166356436908,computed (both variants usable),SBP
9:127089775:A:G,9:128490151:C:T,1400376,0.0720244795083999,0.0051875258795917,computed (both variants usable),SBP
9:127089775:A:G,9:130303640:A:G,3213865,0.0231241229921579,0.0005347250844351,computed (both variants usable),SBP
9:127089775:A:G,9:136522274:C:T,9432499,0.0539211928844451,0.0029074950143694,computed (both variants usable),SBP
9:127089775:A:G,9:136535677:G:A,9445902,0.0747833102941513,0.005592543631792,computed (both variants usable),SBP
9:127089775:A:G,9:136906752:G:A,9816977,0.0471300333738327,0.0022212399635463,computed (both variants usable),SBP
9:127867256:T:A,9:127900996:T:C,33740,,,unknown: absent from panel,SBP
9:127867256:T:A,9:128438005:A:G,570749,,,unknown: absent from panel,SBP
9:127867256:T:A,9:128490151:C:T,622895,,,unknown: absent from panel,SBP
9:127867256:T:A,9:130303640:A:G,2436384,,,unknown: absent from panel,SBP
9:127867256:T:A,9:136522274:C:T,8655018,,,unknown: absent from panel,SBP
9:127867256:T:A,9:136535677:G:A,8668421,,,unknown: absent from panel,SBP
9:127867256:T:A,9:136906752:G:A,9039496,,,unknown: absent from panel,SBP
9:127900996:T:C,9:128438005:A:G,537009,0.1479196399450302,0.0218802206218242,computed (both variants usable),SBP
9:127900996:T:C,9:128490151:C:T,589155,-0.2054890543222427,0.0422257520258426,computed (both variants usable),SBP
9:127900996:T:C,9:130303640:A:G,2402644,-0.0166257824748754,0.0002764166565611,computed (both variants usable),SBP
9:127900996:T:C,9:136522274:C:T,8621278,-0.0251298230141401,0.0006315080099739,computed (both variants usable),SBP
9:127900996:T:C,9:136535677:G:A,8634681,-0.0429339446127414,0.001843323581852,computed (both variants usable),SBP
9:127900996:T:C,9:136906752:G:A,9005756,-0.0190551113337278,0.0003630972641985,computed (both variants usable),SBP
9:128438005:A:G,9:128490151:C:T,52146,-0.8548874258995056,0.7308325171470642,computed (both variants usable),SBP
9:128438005:A:G,9:130303640:A:G,1865635,0.0280431509017944,0.0007864183280616,computed (both variants usable),SBP
9:128438005:A:G,9:136522274:C:T,8084269,-0.0001416772138327,2.0072432604933965e-08,computed (both variants usable),SBP
9:128438005:A:G,9:136535677:G:A,8097672,-0.0101562272757291,0.0001031489518936,computed (both variants usable),SBP
9:128438005:A:G,9:136906752:G:A,8468747,-0.0095628537237644,9.144817158812656e-05,computed (both variants usable),SBP
9:128490151:C:T,9:130303640:A:G,1813489,0.006394999101758,4.089601497980766e-05,computed (both variants usable),SBP
9:128490151:C:T,9:136522274:C:T,8032123,0.0177667792886495,0.0003156584571115,computed (both variants usable),SBP
9:128490151:C:T,9:136535677:G:A,8045526,0.0197199899703264,0.0003888779901899,computed (both variants usable),SBP
9:128490151:C:T,9:136906752:G:A,8416601,0.0192586760967969,0.0003708965959958,computed (both variants usable),SBP
9:130303640:A:G,9:136522274:C:T,6218634,-0.0171032603830099,0.0002925215230789,computed (both variants usable),SBP
9:130303640:A:G,9:136535677:G:A,6232037,-0.022489121183753,0.000505760544911,computed (both variants usable),SBP
9:130303640:A:G,9:136906752:G:A,6603112,0.0097646294161677,9.53479902818799e-05,computed (both variants usable),SBP
9:136522274:C:T,9:136535677:G:A,13403,0.8819782137870789,0.7778855562210083,computed (both variants usable),SBP
9:136522274:C:T,9:136906752:G:A,384478,0.0780201330780983,0.0060871411114931,computed (both variants usable),SBP
9:136535677:G:A,9:136906752:G:A,371075,0.0833453238010406,0.0069464431144297,computed (both variants usable),SBP
1:3327032:C:T,1:3328659:C:T,1627,0.9856052994728088,0.9714177846908568,computed (both variants usable),DBP
1:3327032:C:T,1:3329384:C:T,2352,0.9669806957244872,0.935051679611206,computed (both variants usable),DBP
1:3327032:C:T,1:7765320:C:G,4438288,-0.0335870422422885,0.0011280893813818,computed (both variants usable),DBP
1:3327032:C:T,1:8448404:A:G,5121372,0.001335771754384,1.78428615527082e-06,computed (both variants usable),DBP
1:3327032:C:T,1:9207732:C:T,5880700,0.0071323323063552,5.087016324978322e-05,computed (both variants usable),DBP
1:3327032:C:T,1:9439983:T:G,6112951,0.0841108113527298,0.0070746284909546,computed (both variants usable),DBP
1:3327032:C:T,1:10796866:T:C,7469834,0.0215782858431339,0.000465622433694,computed (both variants usable),DBP
1:3327032:C:T,1:10800746:C:T,7473714,-0.0181252434849739,0.0003285244456492,computed (both variants usable),DBP
1:3327032:C:T,1:10802849:C:T,7475817,-0.009930869564414,9.862217120826244e-05,computed (both variants usable),DBP
1:3327032:C:T,1:11864586:T:C,8537554,0.0245098937302827,0.0006007349002175,computed (both variants usable),DBP
1:3327032:C:T,1:11865804:A:G,8538772,0.0205514058470726,0.000422360288212,computed (both variants usable),DBP
1:3327032:C:T,1:11892615:G:C,8565583,0.0309305414557456,0.0009566983790136,computed (both variants usable),DBP
1:3327032:C:T,1:11903241:T:C,8576209,0.0794751122593879,0.0063162934966385,computed (both variants usable),DBP
1:3328659:C:T,1:3329384:C:T,725,0.9819952845573424,0.9643147587776184,computed (both variants usable),DBP
1:3328659:C:T,1:7765320:C:G,4436661,-0.0314065665006637,0.0009863724699243,computed (both variants usable),DBP
1:3328659:C:T,1:8448404:A:G,5119745,0.0084545332938432,7.147913129301742e-05,computed (both variants usable),DBP
1:3328659:C:T,1:9207732:C:T,5879073,0.0034279499668627,1.1750840712920764e-05,computed (both variants usable),DBP
1:3328659:C:T,1:9439983:T:G,6111324,0.0863143876194953,0.0074501736089587,computed (both variants usable),DBP
1:3328659:C:T,1:10796866:T:C,7468207,0.013409074395895,0.0001798032753868,computed (both variants usable),DBP
1:3328659:C:T,1:10800746:C:T,7472087,-0.0225449372082948,0.0005082741845399,computed (both variants usable),DBP
1:3328659:C:T,1:10802849:C:T,7474190,-0.0166026148945093,0.0002756468311417,computed (both variants usable),DBP
1:3328659:C:T,1:11864586:T:C,8535927,0.0199579894542694,0.000398321339162,computed (both variants usable),DBP
1:3328659:C:T,1:11865804:A:G,8537145,0.0159843694418668,0.000255500053754,computed (both variants usable),DBP
1:3328659:C:T,1:11892615:G:C,8563956,0.0262983813881874,0.0006916048587299,computed (both variants usable),DBP
1:3328659:C:T,1:11903241:T:C,8574582,0.0728539824485778,0.0053077028132975,computed (both variants usable),DBP
1:3329384:C:T,1:7765320:C:G,4435936,-0.0253954920917749,0.0006449310458265,computed (both variants usable),DBP
1:3329384:C:T,1:8448404:A:G,5119020,0.0229626465588808,0.000527283118572,computed (both variants usable),DBP
1:3329384:C:T,1:9207732:C:T,5878348,0.005213557742536,2.7181184123037383e-05,computed (both variants usable),DBP
1:3329384:C:T,1:9439983:T:G,6110599,0.0766171813011169,0.0058701923117041,computed (both variants usable),DBP
1:3329384:C:T,1:10796866:T:C,7467482,0.0067112841643393,4.504133539739996e-05,computed (both variants usable),DBP
1:3329384:C:T,1:10800746:C:T,7471362,-0.0244594067335128,0.0005982625880278,computed (both variants usable),DBP
1:3329384:C:T,1:10802849:C:T,7473465,-0.0202086642384529,0.0004083901003468,computed (both variants usable),DBP
1:3329384:C:T,1:11864586:T:C,8535202,0.0178727805614471,0.000319436279824,computed (both variants usable),DBP
1:3329384:C:T,1:11865804:A:G,8536420,0.0139856869354844,0.0001955994375748,computed (both variants usable),DBP
1:3329384:C:T,1:11892615:G:C,8563231,0.0243364125490188,0.000592260970734,computed (both variants usable),DBP
1:3329384:C:T,1:11903241:T:C,8573857,0.0747333019971847,0.0055850665085017,computed (both variants usable),DBP
1:7765320:C:G,1:8448404:A:G,683084,0.0874302014708519,0.0076440400443971,computed (both variants usable),DBP
1:7765320:C:G,1:9207732:C:T,1442412,0.023736847564578,0.0005634379340335,computed (both variants usable),DBP
1:7765320:C:G,1:9439983:T:G,1674663,-0.0299129951745271,0.0008947872556746,computed (both variants usable),DBP
1:7765320:C:G,1:10796866:T:C,3031546,0.0018140081083402,3.290625500085298e-06,computed (both variants usable),DBP
1:7765320:C:G,1:10800746:C:T,3035426,0.0232696887105703,0.000541478395462,computed (both variants usable),DBP
1:7765320:C:G,1:10802849:C:T,3037529,0.0018432716606184,3.3976505164901027e-06,computed (both variants usable),DBP
1:7765320:C:G,1:11864586:T:C,4099266,-0.0280665326863527,0.000787730270531,computed (both variants usable),DBP
1:7765320:C:G,1:11865804:A:G,4100484,-0.0318494066596031,0.0010143846739083,computed (both variants usable),DBP
1:7765320:C:G,1:11892615:G:C,4127295,-0.021949740126729,0.0004817910958081,computed (both variants usable),DBP
1:7765320:C:G,1:11903241:T:C,4137921,-0.0148543762043118,0.0002206524950452,computed (both variants usable),DBP
1:8448404:A:G,1:9207732:C:T,759328,0.0451187677681446,0.0020357032772153,computed (both variants usable),DBP
1:8448404:A:G,1:9439983:T:G,991579,0.00804671831429,6.474967813119292e-05,computed (both variants usable),DBP
1:8448404:A:G,1:10796866:T:C,2348462,-0.006173301488161,3.8109650631668046e-05,computed (both variants usable),DBP
1:8448404:A:G,1:10800746:C:T,2352342,0.0319132879376411,0.0010184579296037,computed (both variants usable),DBP
1:8448404:A:G,1:10802849:C:T,2354445,-0.0250160600990057,0.0006258032517507,computed (both variants usable),DBP
1:8448404:A:G,1:11864586:T:C,3416182,0.0399951599538326,0.0015996127622202,computed (both variants usable),DBP
1:8448404:A:G,1:11865804:A:G,3417400,0.0391808226704597,0.0015351368347182,computed (both variants usable),DBP
1:8448404:A:G,1:11892615:G:C,3444211,0.0417826399207115,0.0017457889625802,computed (both variants usable),DBP
1:8448404:A:G,1:11903241:T:C,3454837,-0.0230449121445417,0.0005310679553076,computed (both variants usable),DBP
1:9207732:C:T,1:9439983:T:G,232251,0.0207021906971931,0.0004285807081032,computed (both variants usable),DBP
1:9207732:C:T,1:10796866:T:C,1589134,0.0556203573942184,0.0030936242546886,computed (both variants usable),DBP
1:9207732:C:T,1:10800746:C:T,1593014,0.0475505366921424,0.0022610535379499,computed (both variants usable),DBP
1:9207732:C:T,1:10802849:C:T,1595117,-0.0203375928103923,0.0004136176721658,computed (both variants usable),DBP
1:9207732:C:T,1:11864586:T:C,2656854,-0.031490359455347,0.0009916427079588,computed (both variants usable),DBP
1:9207732:C:T,1:11865804:A:G,2658072,-0.0311133526265621,0.0009680407238192,computed (both variants usable),DBP
1:9207732:C:T,1:11892615:G:C,2684883,-0.02935291826725,0.0008615938131697,computed (both variants usable),DBP
1:9207732:C:T,1:11903241:T:C,2695509,-0.0366913601756095,0.0013462558854371,computed (both variants usable),DBP
1:9439983:T:G,1:10796866:T:C,1356883,0.0007449861150234,5.550043056246068e-07,computed (both variants usable),DBP
1:9439983:T:G,1:10800746:C:T,1360763,-0.0063815973699092,4.0724786231294274e-05,computed (both variants usable),DBP
1:9439983:T:G,1:10802849:C:T,1362866,-0.0286604315042495,0.0008214203407987,computed (both variants usable),DBP
1:9439983:T:G,1:11864586:T:C,2424603,-0.0254944860935211,0.0006499688024632,computed (both variants usable),DBP
1:9439983:T:G,1:11865804:A:G,2425821,-0.0184958726167678,0.000342097308021,computed (both variants usable),DBP
1:9439983:T:G,1:11892615:G:C,2452632,-0.0231474041938781,0.0005358023336157,computed (both variants usable),DBP
1:9439983:T:G,1:11903241:T:C,2463258,-0.0002888162271119,8.34148110584465e-08,computed (both variants usable),DBP
1:10796866:T:C,1:10800746:C:T,3880,0.525843620300293,0.2765115201473236,computed (both variants usable),DBP
1:10796866:T:C,1:10802849:C:T,5983,0.639082133769989,0.4084259867668152,computed (both variants usable),DBP
1:10796866:T:C,1:11864586:T:C,1067720,-0.0736192166805267,0.0054197888821363,computed (both variants usable),DBP
1:10796866:T:C,1:11865804:A:G,1068938,-0.0674681141972541,0.0045519466511905,computed (both variants usable),DBP
1:10796866:T:C,1:11892615:G:C,1095749,-0.0636097863316536,0.0040462049655616,computed (both variants usable),DBP
1:10796866:T:C,1:11903241:T:C,1106375,-0.0236010979861021,0.0005570118082687,computed (both variants usable),DBP
1:10800746:C:T,1:10802849:C:T,2103,0.0730390101671218,0.0053346971981227,computed (both variants usable),DBP
1:10800746:C:T,1:11864586:T:C,1063840,-0.0237092487514019,0.0005621284944936,computed (both variants usable),DBP
1:10800746:C:T,1:11865804:A:G,1065058,-0.0271634552627801,0.0007378532900474,computed (both variants usable),DBP
1:10800746:C:T,1:11892615:G:C,1091869,-0.0248670149594545,0.0006183684454299,computed (both variants usable),DBP
1:10800746:C:T,1:11903241:T:C,1102495,-0.0598669871687889,0.003584056161344,computed (both variants usable),DBP
1:10802849:C:T,1:11864586:T:C,1061737,-0.0529942847788333,0.0028083941433578,computed (both variants usable),DBP
1:10802849:C:T,1:11865804:A:G,1062955,-0.0390859954059124,0.0015277150087058,computed (both variants usable),DBP
1:10802849:C:T,1:11892615:G:C,1089766,-0.0420143492519855,0.0017652055248618,computed (both variants usable),DBP
1:10802849:C:T,1:11903241:T:C,1100392,-0.023062190040946,0.0005318645853549,computed (both variants usable),DBP
1:11864586:T:C,1:11865804:A:G,1218,0.9878119826316832,0.975772500038147,computed (both variants usable),DBP
1:11864586:T:C,1:11892615:G:C,28029,0.9876691102981568,0.9754902720451356,computed (both variants usable),DBP
1:11864586:T:C,1:11903241:T:C,38655,0.0508682094514369,0.0025875747669488,computed (both variants usable),DBP
1:11865804:A:G,1:11892615:G:C,26811,0.9837315082550048,0.9677276611328124,computed (both variants usable),DBP
1:11865804:A:G,1:11903241:T:C,37437,0.0457613058388233,0.0020940972026437,computed (both variants usable),DBP
1:11892615:G:C,1:11903241:T:C,10626,0.0559329688549041,0.0031284969300031,computed (both variants usable),DBP
1:25044111:C:T,1:25054223:C:G,10112,0.984995663166046,0.9702164530754088,computed (both variants usable),DBP
1:25044111:C:T,1:26996179:G:A,1952068,0.0599398724734783,0.0035927882418036,computed (both variants usable),DBP
1:25044111:C:T,1:27229369:G:A,2185258,0.0057613151147961,3.319275128887966e-05,computed (both variants usable),DBP
1:25044111:C:T,1:27248440:C:T,2204329,0.0057613486424088,3.3193136914633214e-05,computed (both variants usable),DBP
1:25054223:C:G,1:26996179:G:A,1941956,0.0523628890514373,0.0027418721001595,computed (both variants usable),DBP
1:25054223:C:G,1:27229369:G:A,2175146,0.0187753476202487,0.0003525136853568,computed (both variants usable),DBP
1:25054223:C:G,1:27248440:C:T,2194217,0.0187753401696681,0.0003525133943185,computed (both variants usable),DBP
1:26996179:G:A,1:27229369:G:A,233190,-0.1349159926176071,0.0182023253291845,computed (both variants usable),DBP
1:26996179:G:A,1:27248440:C:T,252261,-0.1349160373210907,0.0182023365050554,computed (both variants usable),DBP
1:27229369:G:A,1:27248440:C:T,19071,0.9857665300369264,0.971735656261444,computed (both variants usable),DBP
1:38361396:G:A,1:38446986:G:A,85590,0.3464929759502411,0.1200573816895484,computed (both variants usable),DBP
1:38361396:G:A,1:46365532:T:A,8004136,-0.0610403642058372,0.0037259261589497,computed (both variants usable),DBP
1:38361396:G:A,1:47944812:T:C,9583416,-0.0260312799364328,0.0006776275113224,computed (both variants usable),DBP
1:38446986:G:A,1:46365532:T:A,7918546,-0.0564139485359191,0.0031825336627662,computed (both variants usable),DBP
1:38446986:G:A,1:47944812:T:C,9497826,-0.065354585647583,0.0042712218128144,computed (both variants usable),DBP
1:46365532:T:A,1:47944812:T:C,1579280,-0.0122620649635791,0.0001503582316217,computed (both variants usable),DBP
1:46365532:T:A,1:51490266:T:C,5124734,0.0235780291259288,0.0005559234414249,computed (both variants usable),DBP
1:47944812:T:C,1:51490266:T:C,3545454,0.0156764909625053,0.0002457523660268,computed (both variants usable),DBP
1:51490266:T:C,1:59673900:A:G,8183634,-0.0008884378476068,7.893218025856186e-07,computed (both variants usable),DBP
1:59673900:A:G,1:66159417:C:G,6485517,0.0571804530918598,0.0032696041744202,computed (both variants usable),DBP
1:79352340:T:C,1:86831973:A:G,7479633,0.0125965671613812,0.0001586735015735,computed (both variants usable),DBP
1:110229787:C:T,1:113044328:G:T,2814541,0.0467381998896598,0.0021844592411071,computed (both variants usable),DBP
1:110229787:C:T,1:113046879:C:A,2817092,0.0415476039052009,0.0017262033652514,computed (both variants usable),DBP
1:110229787:C:T,1:113230758:A:G,3000971,0.04965640604496,0.0024657587055116,computed (both variants usable),DBP
1:110229787:C:T,1:113244433:T:C,3014646,0.04965640604496,0.0024657587055116,computed (both variants usable),DBP
1:110229787:C:T,1:115827266:G:T,5597479,-0.0198289267718791,0.0003931863466277,computed (both variants usable),DBP
1:110229787:C:T,1:118228061:A:G,7998274,-0.0145158125087618,0.0002107088075717,computed (both variants usable),DBP
1:113044328:G:T,1:113046879:C:A,2551,0.9930342435836792,0.9861170053482056,computed (both variants usable),DBP
1:113044328:G:T,1:113230758:A:G,186430,0.0945318192243576,0.0089362645521759,computed (both variants usable),DBP
1:113044328:G:T,1:113244433:T:C,200105,0.0945318192243576,0.0089362645521759,computed (both variants usable),DBP
1:113044328:G:T,1:115827266:G:T,2782938,0.0416354276239872,0.001733508775942,computed (both variants usable),DBP
1:113044328:G:T,1:118228061:A:G,5183733,-0.0412509031593799,0.0017016370547935,computed (both variants usable),DBP
1:113046879:C:A,1:113230758:A:G,183879,0.0955908522009849,0.0091376109048724,computed (both variants usable),DBP
1:113046879:C:A,1:113244433:T:C,197554,0.0955908522009849,0.0091376109048724,computed (both variants usable),DBP
1:113046879:C:A,1:115827266:G:T,2780387,0.0409995317459106,0.0016809615772217,computed (both variants usable),DBP
1:113046879:C:A,1:118228061:A:G,5181182,-0.0438426584005355,0.0019221786642447,computed (both variants usable),DBP
1:113230758:A:G,1:113244433:T:C,13675,0.9999987483024596,0.9999974966049194,computed (both variants usable),DBP
1:113230758:A:G,1:115827266:G:T,2596508,0.0195891819894313,0.0003837360418401,computed (both variants usable),DBP
1:113230758:A:G,1:118228061:A:G,4997303,0.0047736167907714,2.278741703776177e-05,computed (both variants usable),DBP
1:113244433:T:C,1:115827266:G:T,2582833,0.0195891819894313,0.0003837360418401,computed (both variants usable),DBP
1:113244433:T:C,1:118228061:A:G,4983628,0.0047736167907714,2.278741703776177e-05,computed (both variants usable),DBP
1:115827266:G:T,1:118228061:A:G,2400795,-0.0207290463149547,0.0004296933475416,computed (both variants usable),DBP
1:197773734:T:C,1:201746768:G:A,3973034,-0.0021755173802375,4.732875822810456e-06,computed (both variants usable),DBP
1:197773734:T:C,1:201870221:A:G,4096487,-0.0053482158109545,2.860341191990301e-05,computed (both variants usable),DBP
1:197773734:T:C,1:203703829:A:G,5930095,0.0509679466485977,0.0025977315381169,computed (both variants usable),DBP
1:197773734:T:C,1:204156016:C:A,6382282,-0.015799518674612,0.0002496247761882,computed (both variants usable),DBP
1:197773734:T:C,1:204175728:T:C,6401994,-0.0004407277738209,1.942409681987556e-07,computed (both variants usable),DBP
1:197773734:T:C,1:204318983:C:T,6545249,-0.0470574386417865,0.0022144024260342,computed (both variants usable),DBP
1:197773734:T:C,1:204449434:A:G,6675700,0.0100312829017639,0.0001006266393233,computed (both variants usable),DBP
1:197773734:T:C,1:204492631:C:A,6718897,0.0252011194825172,0.0006350963958539,computed (both variants usable),DBP
1:201746768:G:A,1:201870221:A:G,123453,-0.1634999960660934,0.0267322491854429,computed (both variants usable),DBP
1:201746768:G:A,1:203703829:A:G,1957061,0.0312134064733982,0.0009742767433635,computed (both variants usable),DBP
1:201746768:G:A,1:204156016:C:A,2409248,0.0198185984045267,0.0003927768557332,computed (both variants usable),DBP
1:201746768:G:A,1:204175728:T:C,2428960,-0.0153749734163284,0.000236389809288,computed (both variants usable),DBP
1:201746768:G:A,1:204318983:C:T,2572215,-0.0365416593849659,0.00133529282175,computed (both variants usable),DBP
1:201746768:G:A,1:204449434:A:G,2702666,-0.0023504414130002,5.524575044546509e-06,computed (both variants usable),DBP
1:201746768:G:A,1:204492631:C:A,2745863,-0.0244750268757343,0.0005990269128233,computed (both variants usable),DBP
1:201870221:A:G,1:203703829:A:G,1833608,0.0060838153585791,3.701281093526632e-05,computed (both variants usable),DBP
1:201870221:A:G,1:204156016:C:A,2285795,-0.0143147222697734,0.000204911280889,computed (both variants usable),DBP
1:201870221:A:G,1:204175728:T:C,2305507,-0.0279713682830333,0.0007823974592611,computed (both variants usable),DBP
1:201870221:A:G,1:204318983:C:T,2448762,-0.018645504489541,0.0003476548299659,computed (both variants usable),DBP
1:201870221:A:G,1:204449434:A:G,2579213,-0.0053824936039745,2.8971237043151632e-05,computed (both variants usable),DBP
1:201870221:A:G,1:204492631:C:A,2622410,0.02829185500741,0.0008004290866665,computed (both variants usable),DBP
1:203703829:A:G,1:204156016:C:A,452187,-0.0258595068007707,0.0006687141139991,computed (both variants usable),DBP
1:203703829:A:G,1:204175728:T:C,471899,-0.0280361883342266,0.0007860278710722,computed (both variants usable),DBP
1:203703829:A:G,1:204318983:C:T,615154,-0.0300439484417438,0.0009026388288475,computed (both variants usable),DBP
1:203703829:A:G,1:204449434:A:G,745605,-0.061233777552843,0.0037495754659175,computed (both variants usable),DBP
1:203703829:A:G,1:204492631:C:A,788802,-0.0089183393865823,7.953677413752303e-05,computed (both variants usable),DBP
1:204156016:C:A,1:204175728:T:C,19712,0.239734411239624,0.0574725866317749,computed (both variants usable),DBP
1:204156016:C:A,1:204318983:C:T,162967,0.0955507904291153,0.0091299535706639,computed (both variants usable),DBP
1:204156016:C:A,1:204449434:A:G,293418,-0.0240693148225545,0.0005793319432996,computed (both variants usable),DBP
1:204156016:C:A,1:204492631:C:A,336615,-0.01292778365314,0.0001671275967964,computed (both variants usable),DBP
1:204175728:T:C,1:204318983:C:T,143255,0.0769687071442604,0.0059241820126771,computed (both variants usable),DBP
1:204175728:T:C,1:204449434:A:G,273706,-0.0311210770159959,0.0009685214608907,computed (both variants usable),DBP
1:204175728:T:C,1:204492631:C:A,316903,0.0136236920952796,0.0001856049930211,computed (both variants usable),DBP
1:204318983:C:T,1:204449434:A:G,130451,0.0075621013529598,5.7185377954738215e-05,computed (both variants usable),DBP
1:204318983:C:T,1:204492631:C:A,173648,-0.0090889967978,8.260986214736477e-05,computed (both variants usable),DBP
1:204449434:A:G,1:204492631:C:A,43197,0.0918400511145591,0.0084345946088433,computed (both variants usable),DBP
1:218537310:T:C,1:218546170:A:C,8860,0.9133635759353638,0.8342330455780029,computed (both variants usable),DBP
1:218537310:T:C,1:218548521:C:T,11211,0.9442221522331238,0.8915554881095886,computed (both variants usable),DBP
1:218537310:T:C,1:220876353:A:T,2339043,-0.0049345269799232,2.434955604257993e-05,computed (both variants usable),DBP
1:218537310:T:C,1:227342582:C:T,8805272,-0.0030442022252827,9.2671671154676e-06,computed (both variants usable),DBP
1:218546170:A:C,1:218548521:C:T,2351,0.901232898235321,0.8122207522392273,computed (both variants usable),DBP
1:218546170:A:C,1:220876353:A:T,2330183,-0.0013526895781978,1.8297690758117824e-06,computed (both variants usable),DBP
1:218546170:A:C,1:227342582:C:T,8796412,-7.427374657709152e-05,5.516589407505989e-09,computed (both variants usable),DBP
1:218548521:C:T,1:220876353:A:T,2327832,0.0123062646016478,0.0001514441537437,computed (both variants usable),DBP
1:218548521:C:T,1:227342582:C:T,8794061,-0.0007507976260967,5.636970854538959e-07,computed (both variants usable),DBP
1:220876353:A:T,1:227342582:C:T,6466229,0.0009920105803757,9.840849770625937e-07,computed (both variants usable),DBP
1:220876353:A:T,1:230844992:C:T,9968639,0.018673688173294,0.0003487066423986,computed (both variants usable),DBP
1:220876353:A:T,1:230851536:C:T,9975183,0.0269010234624147,0.0007236650562845,computed (both variants usable),DBP
1:227342582:C:T,1:230844992:C:T,3502410,-0.0188188403844833,0.0003541487676557,computed (both variants usable),DBP
1:227342582:C:T,1:230851536:C:T,3508954,0.0116380108520388,0.0001354432897642,computed (both variants usable),DBP
1:230844992:C:T,1:230851536:C:T,6544,0.8922390937805176,0.7960906028747559,computed (both variants usable),DBP
1:243385307:A:G,1:243410208:A:G,24901,0.9649112224578856,0.931053638458252,computed (both variants usable),DBP
1:243385307:A:G,1:243463189:C:T,77882,0.8896457552909851,0.7914695739746094,computed (both variants usable),DBP
1:243385307:A:G,1:249191706:G:A,5806399,0.0323314554989337,0.0010453229770064,computed (both variants usable),DBP
1:243410208:A:G,1:243463189:C:T,52981,0.9180387854576112,0.842795193195343,computed (both variants usable),DBP
1:243410208:A:G,1:249191706:G:A,5781498,0.0399295836687088,0.0015943716280162,computed (both variants usable),DBP
1:243463189:C:T,1:249191706:G:A,5728517,0.0279676616191864,0.0007821901235729,computed (both variants usable),DBP
10:13523937:C:T,10:17244898:C:T,3720961,0.0224781855940818,0.0005052688065916,computed (both variants usable),DBP
10:13523937:C:T,10:18443726:T:C,4919789,0.0270898416638374,0.0007338595460169,computed (both variants usable),DBP
10:13523937:C:T,10:18445088:G:A,4921151,0.0272681191563606,0.0007435503066517,computed (both variants usable),DBP
10:13523937:C:T,10:18451836:A:G,4927899,0.0258133094757795,0.0006663269596174,computed (both variants usable),DBP
10:13523937:C:T,10:18708798:A:T,5184861,-0.0330797620117664,0.0010942706139758,computed (both variants usable),DBP
10:13523937:C:T,10:18727959:C:G,5204022,-0.0365561172366142,0.0013363497564569,computed (both variants usable),DBP
10:13523937:C:T,10:21037294:C:T,7513357,0.0224846843630075,0.0005055610090494,computed (both variants usable),DBP
10:13523937:C:T,10:21040607:A:T,7516670,0.0280876606702804,0.0007889166590757,computed (both variants usable),DBP
10:13523937:C:T,10:22862838:G:A,9338901,0.0065955803729593,4.350168092059903e-05,computed (both variants usable),DBP
10:17244898:C:T,10:18443726:T:C,1198828,-0.0180432461202144,0.0003255587362218,computed (both variants usable),DBP
10:17244898:C:T,10:18445088:G:A,1200190,-0.013619078323245,0.0001854792935773,computed (both variants usable),DBP
10:17244898:C:T,10:18451836:A:G,1206938,-0.0144681520760059,0.0002093274233629,computed (both variants usable),DBP
10:17244898:C:T,10:18708798:A:T,1463900,-0.0176871009171009,0.0003128335520159,computed (both variants usable),DBP
10:17244898:C:T,10:18727959:C:G,1483061,-0.0377002209424972,0.0014213066315278,computed (both variants usable),DBP
10:17244898:C:T,10:21037294:C:T,3792396,0.0695870891213417,0.004842362832278,computed (both variants usable),DBP
10:17244898:C:T,10:21040607:A:T,3795709,0.0654284730553627,0.0042808852158486,computed (both variants usable),DBP
10:17244898:C:T,10:22862838:G:A,5617940,0.0293421074748039,0.0008609592914581,computed (both variants usable),DBP
10:18443726:T:C,10:18445088:G:A,1362,0.9940400123596193,0.9881155490875244,computed (both variants usable),DBP
10:18443726:T:C,10:18451836:A:G,8110,0.947268009185791,0.8973166942596436,computed (both variants usable),DBP
10:18443726:T:C,10:18708798:A:T,265072,-0.0749282538890838,0.0056142434477806,computed (both variants usable),DBP
10:18443726:T:C,10:18727959:C:G,284233,-0.0326488465070724,0.0010659472318366,computed (both variants usable),DBP
10:18443726:T:C,10:21037294:C:T,2593568,-0.0036209479440003,1.311126379732741e-05,computed (both variants usable),DBP
10:18443726:T:C,10:21040607:A:T,2596881,0.0310090463608503,0.000961560930591,computed (both variants usable),DBP
10:18443726:T:C,10:22862838:G:A,4419112,0.0211737733334302,0.0004483286757022,computed (both variants usable),DBP
10:18445088:G:A,10:18451836:A:G,6748,0.9529713988304138,0.9081544876098632,computed (both variants usable),DBP
10:18445088:G:A,10:18708798:A:T,263710,-0.0708337798714637,0.005017424467951,computed (both variants usable),DBP
10:18445088:G:A,10:18727959:C:G,282871,-0.0288757644593715,0.0008338097832165,computed (both variants usable),DBP
10:18445088:G:A,10:21037294:C:T,2592206,-0.0031110220588743,9.678457900008652e-06,computed (both variants usable),DBP
10:18445088:G:A,10:21040607:A:T,2595519,0.0317906625568866,0.0010106462286785,computed (both variants usable),DBP
10:18445088:G:A,10:22862838:G:A,4417750,0.0197998527437448,0.0003920341550838,computed (both variants usable),DBP
10:18451836:A:G,10:18708798:A:T,256962,-0.0578754134476184,0.0033495635725557,computed (both variants usable),DBP
10:18451836:A:G,10:18727959:C:G,276123,-0.0188151411712169,0.0003540095349308,computed (both variants usable),DBP
10:18451836:A:G,10:21037294:C:T,2585458,-0.0144899319857358,0.0002099581324728,computed (both variants usable),DBP
10:18451836:A:G,10:21040607:A:T,2588771,0.0144432671368122,0.0002086079621221,computed (both variants usable),DBP
10:18451836:A:G,10:22862838:G:A,4411002,0.0097102709114551,9.428936027688906e-05,computed (both variants usable),DBP
10:18708798:A:T,10:18727959:C:G,19161,0.7447373270988464,0.5546336770057678,computed (both variants usable),DBP
10:18708798:A:T,10:21037294:C:T,2328496,0.011340788565576,0.000128613479319,computed (both variants usable),DBP
10:18708798:A:T,10:21040607:A:T,2331809,-0.002196071203798,4.822728897124762e-06,computed (both variants usable),DBP
10:18708798:A:T,10:22862838:G:A,4154040,-0.0346632003784179,0.0012015374377369,computed (both variants usable),DBP
10:18727959:C:G,10:21037294:C:T,2309335,0.0548411086201667,0.003007547231391,computed (both variants usable),DBP
10:18727959:C:G,10:21040607:A:T,2312648,0.0529248230159282,0.002801036927849,computed (both variants usable),DBP
10:18727959:C:G,10:22862838:G:A,4134879,-0.0340785160660743,0.0011613452807068,computed (both variants usable),DBP
10:21037294:C:T,10:21040607:A:T,3313,0.9087173342704772,0.8257672190666199,computed (both variants usable),DBP
10:21037294:C:T,10:22862838:G:A,1825544,-0.0363919846713542,0.0013243765570223,computed (both variants usable),DBP
10:21037294:C:T,10:30333623:A:T,9296329,0.0102592874318361,0.0001052529769367,computed (both variants usable),DBP
10:21040607:A:T,10:22862838:G:A,1822231,-0.0349417142570018,0.0012209233827888,computed (both variants usable),DBP
10:21040607:A:T,10:30333623:A:T,9293016,0.0177947841584682,0.0003166543319821,computed (both variants usable),DBP
10:22862838:G:A,10:30333623:A:T,7470785,-0.0320722982287406,0.0010286322794854,computed (both variants usable),DBP
10:22862838:G:A,10:31240999:T:A,8378161,-0.0402582250535488,0.0016207246808335,computed (both variants usable),DBP
10:30333623:A:T,10:31240999:T:A,907376,-0.0077557531185448,6.015170583850704e-05,computed (both variants usable),DBP
10:45377839:C:A,10:45379759:T:C,1920,0.9950299859046936,0.9900846481323242,computed (both variants usable),DBP
10:45377839:C:A,10:45385828:A:C,7989,0.9588353633880616,0.9193652272224426,computed (both variants usable),DBP
10:45379759:T:C,10:45385828:A:C,6069,0.9588353633880616,0.9193652272224426,computed (both variants usable),DBP
10:63511306:G:A,10:63515681:T:G,4375,1.0000007152557373,1.0000014305114746,computed (both variants usable),DBP
10:63511306:G:A,10:64533904:T:A,1022598,0.0108399139717221,0.0001175037323264,computed (both variants usable),DBP
10:63511306:G:A,10:64552607:G:A,1041301,0.0119110671803355,0.0001418735191691,computed (both variants usable),DBP
10:63511306:G:A,10:64564934:C:G,1053628,0.00669676810503,4.484670353122056e-05,computed (both variants usable),DBP
10:63511306:G:A,10:65337153:T:C,1825847,-0.0120551073923707,0.0001453256118111,computed (both variants usable),DBP
10:63511306:G:A,10:65340897:G:A,1829591,-0.0012995027936995,1.6887074707483407e-06,computed (both variants usable),DBP
10:63515681:T:G,10:64533904:T:A,1018223,0.0108399139717221,0.0001175037323264,computed (both variants usable),DBP
10:63515681:T:G,10:64552607:G:A,1036926,0.0119110671803355,0.0001418735191691,computed (both variants usable),DBP
10:63515681:T:G,10:64564934:C:G,1049253,0.00669676810503,4.484670353122056e-05,computed (both variants usable),DBP
10:63515681:T:G,10:65337153:T:C,1821472,-0.0120551073923707,0.0001453256118111,computed (both variants usable),DBP
10:63515681:T:G,10:65340897:G:A,1825216,-0.0012995027936995,1.6887074707483407e-06,computed (both variants usable),DBP
10:64533904:T:A,10:64552607:G:A,18703,0.8672854900360107,0.7521840929985046,computed (both variants usable),DBP
10:64533904:T:A,10:64564934:C:G,31030,0.9406771659851074,0.8848735094070435,computed (both variants usable),DBP
10:64533904:T:A,10:65337153:T:C,803249,0.0599767081439495,0.003597205504775,computed (both variants usable),DBP
10:64533904:T:A,10:65340897:G:A,806993,-0.0412388704717159,0.0017006443813443,computed (both variants usable),DBP
10:64552607:G:A,10:64564934:C:G,12327,0.8666714429855347,0.7511193752288818,computed (both variants usable),DBP
10:64552607:G:A,10:65337153:T:C,784546,0.0328559540212154,0.0010795136913657,computed (both variants usable),DBP
10:64552607:G:A,10:65340897:G:A,788290,-0.0385081134736537,0.0014828748535364,computed (both variants usable),DBP
10:64564934:C:G,10:65337153:T:C,772219,0.0693554356694221,0.0048101763240993,computed (both variants usable),DBP
10:64564934:C:G,10:65340897:G:A,775963,-0.045171495527029,0.0020404639653861,computed (both variants usable),DBP
10:65337153:T:C,10:65340897:G:A,3744,-0.9438543915748596,0.8908610939979553,computed (both variants usable),DBP
10:75722748:A:G,10:79422975:T:C,3700227,0.004088336136192,1.671449172135908e-05,computed (both variants usable),DBP
10:94429467:C:T,10:94466915:C:T,37448,-0.8488572239875793,0.7205585837364197,computed (both variants usable),DBP
10:94429467:C:T,10:95899933:C:T,1470466,-0.0642063692212104,0.0041224579326808,computed (both variants usable),DBP
10:94429467:C:T,10:96038686:G:A,1609219,0.0351995602250099,0.0012390090851113,computed (both variants usable),DBP
10:94429467:C:T,10:96039597:G:C,1610130,0.0370361655950546,0.0013716776156798,computed (both variants usable),DBP
10:94429467:C:T,10:96145246:T:C,1715779,-0.0471060387790203,0.0022189789451658,computed (both variants usable),DBP
10:94429467:C:T,10:96231169:G:A,1801702,-0.0185461528599262,0.0003439597785472,computed (both variants usable),DBP
10:94429467:C:T,10:96327669:T:G,1898202,-0.0858931317925453,0.0073776300996541,computed (both variants usable),DBP
10:94429467:C:T,10:99861312:C:G,5431845,0.0355100855231285,0.001260966178961,computed (both variants usable),DBP
10:94466915:C:T,10:95899933:C:T,1433018,0.0264179017394781,0.0006979055469855,computed (both variants usable),DBP
10:94466915:C:T,10:96038686:G:A,1571771,-0.0468050874769687,0.002190716098994,computed (both variants usable),DBP
10:94466915:C:T,10:96039597:G:C,1572682,-0.0487726852297782,0.0023787748068571,computed (both variants usable),DBP
10:94466915:C:T,10:96145246:T:C,1678331,0.0328842476010322,0.0010813737753778,computed (both variants usable),DBP
10:94466915:C:T,10:96231169:G:A,1764254,0.0130193466320633,0.0001695033861324,computed (both variants usable),DBP
10:94466915:C:T,10:96327669:T:G,1860754,0.0716530308127403,0.0051341569051146,computed (both variants usable),DBP
10:94466915:C:T,10:99861312:C:G,5394397,-0.0127750905230641,0.0001632029307074,computed (both variants usable),DBP
10:95899933:C:T,10:96038686:G:A,138753,0.0787896737456321,0.006207812577486,computed (both variants usable),DBP
10:95899933:C:T,10:96039597:G:C,139664,0.0766701027750969,0.0058783045969903,computed (both variants usable),DBP
10:95899933:C:T,10:96145246:T:C,245313,0.0001195189906866,1.42847893513931e-08,computed (both variants usable),DBP
10:95899933:C:T,10:96231169:G:A,331236,-0.0729444772005081,0.005320896860212,computed (both variants usable),DBP
10:95899933:C:T,10:96327669:T:G,427736,-0.0022935695014894,5.260460966383107e-06,computed (both variants usable),DBP
10:95899933:C:T,10:99861312:C:G,3961379,0.0181555841118097,0.0003296252398286,computed (both variants usable),DBP
10:95899933:C:T,10:104800044:T:C,8900111,-0.0299245025962591,0.0008954758523032,computed (both variants usable),DBP
10:96038686:G:A,10:96039597:G:C,911,0.9979994893074036,0.9960029721260072,computed (both variants usable),DBP
10:96038686:G:A,10:96145246:T:C,106560,0.088197037577629,0.0077787172049283,computed (both variants usable),DBP
10:96038686:G:A,10:96231169:G:A,192483,0.098527543246746,0.0097076771780848,computed (both variants usable),DBP
10:96038686:G:A,10:96327669:T:G,288983,0.0099044572561979,9.809827315621078e-05,computed (both variants usable),DBP
10:96038686:G:A,10:99861312:C:G,3822626,-0.0072602238506078,5.271084955893457e-05,computed (both variants usable),DBP
10:96038686:G:A,10:104800044:T:C,8761358,-0.0202688109129667,0.0004108246939722,computed (both variants usable),DBP
10:96039597:G:C,10:96145246:T:C,105649,0.0864003747701644,0.0074650249443948,computed (both variants usable),DBP
10:96039597:G:C,10:96231169:G:A,191572,0.0978072136640548,0.0095662511885166,computed (both variants usable),DBP
10:96039597:G:C,10:96327669:T:G,288072,0.0087214037775993,7.606288272654638e-05,computed (both variants usable),DBP
10:96039597:G:C,10:99861312:C:G,3821715,-0.0042616273276507,1.816146686905995e-05,computed (both variants usable),DBP
10:96039597:G:C,10:104800044:T:C,8760447,-0.0210509710013866,0.0004431433917488,computed (both variants usable),DBP
10:96145246:T:C,10:96231169:G:A,85923,0.3946181237697601,0.1557234674692154,computed (both variants usable),DBP
10:96145246:T:C,10:96327669:T:G,182423,0.6541060209274292,0.4278546869754791,computed (both variants usable),DBP
10:96145246:T:C,10:99861312:C:G,3716066,0.0390721000730991,0.0015266289701685,computed (both variants usable),DBP
10:96145246:T:C,10:104800044:T:C,8654798,-0.0226057358086109,0.0005110193160362,computed (both variants usable),DBP
10:96231169:G:A,10:96327669:T:G,96500,0.3127012550830841,0.0977820754051208,computed (both variants usable),DBP
10:96231169:G:A,10:99861312:C:G,3630143,0.0062282979488372,3.879169526044279e-05,computed (both variants usable),DBP
10:96231169:G:A,10:104800044:T:C,8568875,0.0009713640320114,9.435480592401292e-07,computed (both variants usable),DBP
10:96327669:T:G,10:99861312:C:G,3533643,-0.0155735472217202,0.0002425353741273,computed (both variants usable),DBP
10:96327669:T:G,10:104800044:T:C,8472375,-0.046737004071474,0.0021843474823981,computed (both variants usable),DBP
10:99861312:C:G,10:104800044:T:C,4938732,-0.0029471474699676,8.685678039910272e-06,computed (both variants usable),DBP
10:104800044:T:C,10:114750380:G:A,9950336,0.0140510937198996,0.0001974332408281,computed (both variants usable),DBP
10:104800044:T:C,10:114765747:C:A,9965703,-0.0096049895510077,9.225582471117376e-05,computed (both variants usable),DBP
10:114750380:G:A,10:114765747:C:A,15367,0.7466942667961121,0.5575523376464844,computed (both variants usable),DBP
10:114750380:G:A,10:115472282:T:C,721902,0.0378066450357437,0.0014293424319475,computed (both variants usable),DBP
10:114750380:G:A,10:115789375:C:T,1038995,-0.0219864025712013,0.0004834019055124,computed (both variants usable),DBP
10:114750380:G:A,10:115792787:G:A,1042407,-0.0255718789994716,0.0006539209862239,computed (both variants usable),DBP
10:114750380:G:A,10:115805056:G:C,1054676,-0.0150128621608018,0.0002253860293421,computed (both variants usable),DBP
10:114750380:G:A,10:118523933:A:G,3773553,0.018499718979001,0.0003422395966481,computed (both variants usable),DBP
10:114750380:G:A,10:121426312:G:A,6675932,0.0111440969631075,0.0001241908903466,computed (both variants usable),DBP
10:114750380:G:A,10:121433675:C:T,6683295,0.0132029233500361,0.0001743171887937,computed (both variants usable),DBP
10:114750380:G:A,10:121461334:A:G,6710954,-0.0494008436799049,0.0024404432624578,computed (both variants usable),DBP
10:114765747:C:A,10:115472282:T:C,706535,0.0462579652667045,0.0021397992968559,computed (both variants usable),DBP
10:114765747:C:A,10:115789375:C:T,1023628,0.0063267229124903,4.0027422073762864e-05,computed (both variants usable),DBP
10:114765747:C:A,10:115792787:G:A,1027040,0.0033897729590535,1.1490560609672684e-05,computed (both variants usable),DBP
10:114765747:C:A,10:115805056:G:C,1039309,0.0150480279698967,0.000226443138672,computed (both variants usable),DBP
10:114765747:C:A,10:118523933:A:G,3758186,0.0359904766082763,0.0012953144032508,computed (both variants usable),DBP
10:114765747:C:A,10:121426312:G:A,6660565,0.0069948341697454,4.892770448350348e-05,computed (both variants usable),DBP
10:114765747:C:A,10:121433675:C:T,6667928,0.0226017516106367,0.0005108391633257,computed (both variants usable),DBP
10:114765747:C:A,10:121461334:A:G,6695587,0.0013384602498263,1.7914758245751727e-06,computed (both variants usable),DBP
10:115472282:T:C,10:115789375:C:T,317093,-0.0593841262161731,0.0035264743492007,computed (both variants usable),DBP
10:115472282:T:C,10:115792787:G:A,320505,-0.058824174106121,0.0034602833911776,computed (both variants usable),DBP
10:115472282:T:C,10:115805056:G:C,332774,-0.0627692639827728,0.0039399806410074,computed (both variants usable),DBP
10:115472282:T:C,10:118523933:A:G,3051651,-0.0128861991688609,0.0001660541311139,computed (both variants usable),DBP
10:115472282:T:C,10:121426312:G:A,5954030,0.0100172208622097,0.0001003447105176,computed (both variants usable),DBP
10:115472282:T:C,10:121433675:C:T,5961393,0.0214750673621892,0.0004611785116139,computed (both variants usable),DBP
10:115472282:T:C,10:121461334:A:G,5989052,0.0689286664128303,0.0047511612065136,computed (both variants usable),DBP
10:115789375:C:T,10:115792787:G:A,3412,0.9977263808250428,0.9954579472541808,computed (both variants usable),DBP
10:115789375:C:T,10:115805056:G:C,15681,0.9817617535591124,0.9638561606407166,computed (both variants usable),DBP
10:115789375:C:T,10:118523933:A:G,2734558,-0.0046538868919014,2.1658663172274828e-05,computed (both variants usable),DBP
10:115789375:C:T,10:121426312:G:A,5636937,-0.000123713092762,1.5304928879800173e-08,computed (both variants usable),DBP
10:115789375:C:T,10:121433675:C:T,5644300,-0.0138517897576093,0.0001918720809044,computed (both variants usable),DBP
10:115789375:C:T,10:121461334:A:G,5671959,-0.007290672045201,5.315389716997743e-05,computed (both variants usable),DBP
10:115792787:G:A,10:115805056:G:C,12269,0.9841002821922302,0.9684533476829528,computed (both variants usable),DBP
10:115792787:G:A,10:118523933:A:G,2731146,-0.0079212682321667,6.27464905846864e-05,computed (both variants usable),DBP
10:115792787:G:A,10:121426312:G:A,5633525,0.0011780186323449,1.387727934343275e-06,computed (both variants usable),DBP
10:115792787:G:A,10:121433675:C:T,5640888,-0.0127182314172387,0.0001617534144315,computed (both variants usable),DBP
10:115792787:G:A,10:121461334:A:G,5668547,-0.0066939177922904,4.480853385757655e-05,computed (both variants usable),DBP
10:115805056:G:C,10:118523933:A:G,2718877,-0.01302629429847,0.0001696843391982,computed (both variants usable),DBP
10:115805056:G:C,10:121426312:G:A,5621256,0.0016340584261342,2.6701468414103147e-06,computed (both variants usable),DBP
10:115805056:G:C,10:121433675:C:T,5628619,-0.0103235151618719,0.0001065749675035,computed (both variants usable),DBP
10:115805056:G:C,10:121461334:A:G,5656278,-0.0108916768804192,0.0001186286244774,computed (both variants usable),DBP
10:118523933:A:G,10:121426312:G:A,2902379,0.0320626646280288,0.0010280144633725,computed (both variants usable),DBP
10:118523933:A:G,10:121433675:C:T,2909742,0.025875324383378,0.0006695323972962,computed (both variants usable),DBP
10:118523933:A:G,10:121461334:A:G,2937401,0.030378183349967,0.0009228340350091,computed (both variants usable),DBP
10:118523933:A:G,10:126545779:G:C,8021846,-0.031171403825283,0.0009716564090922,computed (both variants usable),DBP
10:121426312:G:A,10:121433675:C:T,7363,0.8622135519981384,0.7434121966362,computed (both variants usable),DBP
10:121426312:G:A,10:121461334:A:G,35022,0.393173336982727,0.1545852720737457,computed (both variants usable),DBP
10:121426312:G:A,10:126545779:G:C,5119467,-0.0587986148893833,0.0034572770819067,computed (both variants usable),DBP
10:121433675:C:T,10:121461334:A:G,27659,0.4609202146530151,0.2124474495649337,computed (both variants usable),DBP
10:121433675:C:T,10:126545779:G:C,5112104,-0.0718304514884948,0.0051596136763691,computed (both variants usable),DBP
10:121461334:A:G,10:126545779:G:C,5084445,-0.0440749190747737,0.0019425984937697,computed (both variants usable),DBP
10:126545779:G:C,10:134413500:G:T,7867721,0.0125815644860267,0.000158295762958,computed (both variants usable),DBP
10:126545779:G:C,10:134517013:A:C,7971234,-0.0248980373144149,0.0006199122872203,computed (both variants usable),DBP
10:134413500:G:T,10:134517013:A:C,103513,0.6745395064353943,0.455003559589386,computed (both variants usable),DBP
11:746086:C:G,11:752371:C:T,6285,-0.0974416434764862,0.0094948736950755,computed (both variants usable),DBP
11:746086:C:G,11:1874221:C:T,1128135,-0.0229259710758924,0.000525600160472,computed (both variants usable),DBP
11:746086:C:G,11:1887068:T:G,1140982,-0.0081136859953403,6.583190406672657e-05,computed (both variants usable),DBP
11:746086:C:G,11:1887806:T:A,1141720,-0.0342477560043334,0.0011729088146239,computed (both variants usable),DBP
11:746086:C:G,11:1888614:C:T,1142528,-0.0016241237754002,2.637777924974216e-06,computed (both variants usable),DBP
11:746086:C:G,11:1948186:T:C,1202100,-0.0242230184376239,0.0005867546424269,computed (both variants usable),DBP
11:746086:C:G,11:9780892:G:A,9034806,0.0307514462620019,0.0009456514380872,computed (both variants usable),DBP
11:746086:C:G,11:9793769:G:A,9047683,-0.0514413081109523,0.0026462082751095,computed (both variants usable),DBP
11:746086:C:G,11:9824865:C:G,9078779,-0.0370679125189781,0.0013740301365032,computed (both variants usable),DBP
11:746086:C:G,11:9973062:T:G,9226976,0.0071496982127428,5.11181860929355e-05,computed (both variants usable),DBP
11:746086:C:G,11:10157776:A:G,9411690,0.0248796809464693,0.0006189985433593,computed (both variants usable),DBP
11:746086:C:G,11:10273128:C:T,9527042,0.0383898690342903,0.0014737820019945,computed (both variants usable),DBP
11:746086:C:G,11:10296756:A:G,9550670,0.0268309544771909,0.0007199001265689,computed (both variants usable),DBP
11:746086:C:G,11:10660067:T:G,9913981,0.0470689944922924,0.0022154902108013,computed (both variants usable),DBP
11:746086:C:G,11:10675738:A:G,9929652,-0.0484115220606327,0.0023436753544956,computed (both variants usable),DBP
11:752371:C:T,11:1874221:C:T,1121850,0.0040486664511263,1.6391699318774045e-05,computed (both variants usable),DBP
11:752371:C:T,11:1887068:T:G,1134697,-0.0357301980257034,0.0012766470899805,computed (both variants usable),DBP
11:752371:C:T,11:1887806:T:A,1135435,-0.0135142570361495,0.0001826351362979,computed (both variants usable),DBP
11:752371:C:T,11:1888614:C:T,1136243,-0.0492741726338863,0.0024279439821839,computed (both variants usable),DBP
11:752371:C:T,11:1948186:T:C,1195815,0.0155417956411838,0.0002415474154986,computed (both variants usable),DBP
11:752371:C:T,11:9780892:G:A,9028521,-0.0351552516222,0.0012358917156234,computed (both variants usable),DBP
11:752371:C:T,11:9793769:G:A,9041398,0.0426468551158905,0.0018187542445957,computed (both variants usable),DBP
11:752371:C:T,11:9824865:C:G,9072494,0.0272107869386672,0.0007404269417747,computed (both variants usable),DBP
11:752371:C:T,11:9973062:T:G,9220691,0.0011592314112931,1.34381741645484e-06,computed (both variants usable),DBP
11:752371:C:T,11:10157776:A:G,9405405,-0.0410152114927768,0.0016822476172819,computed (both variants usable),DBP
11:752371:C:T,11:10273128:C:T,9520757,-0.0415609739720821,0.0017273145494982,computed (both variants usable),DBP
11:752371:C:T,11:10296756:A:G,9544385,-0.0399190858006477,0.001593533437699,computed (both variants usable),DBP
11:752371:C:T,11:10660067:T:G,9907696,-0.0090900417417287,8.26288596726954e-05,computed (both variants usable),DBP
11:752371:C:T,11:10675738:A:G,9923367,0.0061083096079528,3.731144533958286e-05,computed (both variants usable),DBP
11:1874221:C:T,11:1887068:T:G,12847,0.0396212004125118,0.0015698395436629,computed (both variants usable),DBP
11:1874221:C:T,11:1887806:T:A,13585,0.3417843878269195,0.1168165653944015,computed (both variants usable),DBP
11:1874221:C:T,11:1888614:C:T,14393,0.0745851546525955,0.0055629452690482,computed (both variants usable),DBP
11:1874221:C:T,11:1948186:T:C,73965,-0.1114320382475853,0.0124170994386076,computed (both variants usable),DBP
11:1874221:C:T,11:9780892:G:A,7906671,0.0564769692718982,0.0031896480359137,computed (both variants usable),DBP
11:1874221:C:T,11:9793769:G:A,7919548,-0.0370713025331497,0.0013742814771831,computed (both variants usable),DBP
11:1874221:C:T,11:9824865:C:G,7950644,-0.0119422255083918,0.0001426167436875,computed (both variants usable),DBP
11:1874221:C:T,11:9973062:T:G,8098841,-0.0199877489358186,0.0003995101142209,computed (both variants usable),DBP
11:1874221:C:T,11:10157776:A:G,8283555,0.0203132443130016,0.0004126278799958,computed (both variants usable),DBP
11:1874221:C:T,11:10273128:C:T,8398907,0.0283074881881475,0.00080131390132,computed (both variants usable),DBP
11:1874221:C:T,11:10296756:A:G,8422535,0.0242385603487491,0.0005875077913515,computed (both variants usable),DBP
11:1874221:C:T,11:10660067:T:G,8785846,-0.013633563183248,0.0001858740433817,computed (both variants usable),DBP
11:1874221:C:T,11:10675738:A:G,8801517,0.0167983621358871,0.00028218497755,computed (both variants usable),DBP
11:1887068:T:G,11:1887806:T:A,738,0.636274516582489,0.404845267534256,computed (both variants usable),DBP
11:1887068:T:G,11:1888614:C:T,1546,0.951564371585846,0.9054747819900512,computed (both variants usable),DBP
11:1887068:T:G,11:1948186:T:C,61118,-0.4014537930488586,0.1611651480197906,computed (both variants usable),DBP
11:1887068:T:G,11:9780892:G:A,7893824,0.0099977627396583,9.99552576104179e-05,computed (both variants usable),DBP
11:1887068:T:G,11:9793769:G:A,7906701,-0.0313572213053703,0.0009832753567025,computed (both variants usable),DBP
11:1887068:T:G,11:9824865:C:G,7937797,-0.0290779042989015,0.0008455245406366,computed (both variants usable),DBP
11:1887068:T:G,11:9973062:T:G,8085994,0.0236280765384435,0.0005582859739661,computed (both variants usable),DBP
11:1887068:T:G,11:10157776:A:G,8270708,-0.0093879634514451,8.813385647954419e-05,computed (both variants usable),DBP
11:1887068:T:G,11:10273128:C:T,8386060,-0.006489098072052,4.2108393245143816e-05,computed (both variants usable),DBP
11:1887068:T:G,11:10296756:A:G,8409688,-0.0003928785445168,1.543535574910493e-07,computed (both variants usable),DBP
11:1887068:T:G,11:10660067:T:G,8772999,0.0189821608364582,0.0003603224176913,computed (both variants usable),DBP
11:1887068:T:G,11:10675738:A:G,8788670,-0.0071655963547527,5.1345770771149546e-05,computed (both variants usable),DBP
11:1887806:T:A,11:1888614:C:T,808,0.6094406843185425,0.3714179396629333,computed (both variants usable),DBP
11:1887806:T:A,11:1948186:T:C,60380,-0.0704261288046836,0.0049598393961787,computed (both variants usable),DBP
11:1887806:T:A,11:9780892:G:A,7893086,0.0274080224335193,0.0007511996664106,computed (both variants usable),DBP
11:1887806:T:A,11:9793769:G:A,7905963,-0.0122591005638241,0.0001502855448052,computed (both variants usable),DBP
11:1887806:T:A,11:9824865:C:G,7937059,-0.0002045466389972,4.183932844625815e-08,computed (both variants usable),DBP
11:1887806:T:A,11:9973062:T:G,8085256,0.0163294933736324,0.0002666523505467,computed (both variants usable),DBP
11:1887806:T:A,11:10157776:A:G,8269970,0.0104373935610055,0.0001089391807909,computed (both variants usable),DBP
11:1887806:T:A,11:10273128:C:T,8385322,0.0172865912318229,0.000298826227663,computed (both variants usable),DBP
11:1887806:T:A,11:10296756:A:G,8408950,0.0218990221619606,0.0004795671848114,computed (both variants usable),DBP
11:1887806:T:A,11:10660067:T:G,8772261,-0.0138811226934194,0.0001926855620695,computed (both variants usable),DBP
11:1887806:T:A,11:10675738:A:G,8787932,0.0121642472222447,0.0001479689090047,computed (both variants usable),DBP
11:1888614:C:T,11:1948186:T:C,59572,-0.442414253950119,0.195730373263359,computed (both variants usable),DBP
11:1888614:C:T,11:9780892:G:A,7892278,0.0227616094052791,0.0005180908483453,computed (both variants usable),DBP
11:1888614:C:T,11:9793769:G:A,7905155,-0.0411053113639354,0.0016896466258913,computed (both variants usable),DBP
11:1888614:C:T,11:9824865:C:G,7936251,-0.0407526120543479,0.0016607753932476,computed (both variants usable),DBP
11:1888614:C:T,11:9973062:T:G,8084448,0.0179829727858304,0.0003233872994314,computed (both variants usable),DBP
11:1888614:C:T,11:10157776:A:G,8269162,-0.0038651567883789,1.493943727837177e-05,computed (both variants usable),DBP
11:1888614:C:T,11:10273128:C:T,8384514,-0.0008290483383461,6.873211191305018e-07,computed (both variants usable),DBP
11:1888614:C:T,11:10296756:A:G,8408142,0.0049992986023426,2.499298716429621e-05,computed (both variants usable),DBP
11:1888614:C:T,11:10660067:T:G,8771453,0.0222609136253595,0.000495548301842,computed (both variants usable),DBP
11:1888614:C:T,11:10675738:A:G,8787124,-0.0131971426308155,0.0001741645683068,computed (both variants usable),DBP
11:1948186:T:C,11:9780892:G:A,7832706,-0.0054973326623439,3.0220666303648613e-05,computed (both variants usable),DBP
11:1948186:T:C,11:9793769:G:A,7845583,0.0264441780745983,0.0006992945563979,computed (both variants usable),DBP
11:1948186:T:C,11:9824865:C:G,7876679,0.0436532869935035,0.0019056095043197,computed (both variants usable),DBP
11:1948186:T:C,11:9973062:T:G,8024876,-0.0341580994427204,0.0011667757062241,computed (both variants usable),DBP
11:1948186:T:C,11:10157776:A:G,8209590,0.0417403280735015,0.0017422549426555,computed (both variants usable),DBP
11:1948186:T:C,11:10273128:C:T,8324942,0.0246543437242507,0.0006078366423025,computed (both variants usable),DBP
11:1948186:T:C,11:10296756:A:G,8348570,0.0301122441887855,0.0009067472419701,computed (both variants usable),DBP
11:1948186:T:C,11:10660067:T:G,8711881,-0.0391872748732566,0.0015356425428763,computed (both variants usable),DBP
11:1948186:T:C,11:10675738:A:G,8727552,0.0233512539416551,0.0005452810437418,computed (both variants usable),DBP
11:9780892:G:A,11:9793769:G:A,12877,-0.7966905236244202,0.6347157955169678,computed (both variants usable),DBP
11:9780892:G:A,11:9824865:C:G,43973,-0.7233319282531738,0.5232090950012207,computed (both variants usable),DBP
11:9780892:G:A,11:9973062:T:G,192170,-0.1665281653404235,0.027731629088521,computed (both variants usable),DBP
11:9780892:G:A,11:10157776:A:G,376884,-0.0041309408843517,1.706467264739331e-05,computed (both variants usable),DBP
11:9780892:G:A,11:10273128:C:T,492236,-0.005052494816482,2.5527704565320164e-05,computed (both variants usable),DBP
11:9780892:G:A,11:10296756:A:G,515864,-0.0022786988411098,5.192468506720616e-06,computed (both variants usable),DBP
11:9780892:G:A,11:10660067:T:G,879175,-0.0259017180651426,0.0006708989967592,computed (both variants usable),DBP
11:9780892:G:A,11:10675738:A:G,894846,-0.0032573028001934,1.06100214907201e-05,computed (both variants usable),DBP
11:9780892:G:A,11:16012114:A:T,6231222,-0.0119694750756025,0.0001432683347957,computed (both variants usable),DBP
11:9780892:G:A,11:16295390:G:A,6514498,0.0226003509014844,0.0005107758333906,computed (both variants usable),DBP
11:9780892:G:A,11:16304089:A:C,6523197,-0.0198238771408796,0.0003929861122742,computed (both variants usable),DBP
11:9780892:G:A,11:16352545:T:C,6571653,-0.0280640181154012,0.0007875891169533,computed (both variants usable),DBP
11:9793769:G:A,11:9824865:C:G,31096,0.9054201245307922,0.8197855949401855,computed (both variants usable),DBP
11:9793769:G:A,11:9973062:T:G,179293,0.1207014620304107,0.014568842947483,computed (both variants usable),DBP
11:9793769:G:A,11:10157776:A:G,364007,0.0273265875875949,0.0007467424147762,computed (both variants usable),DBP
11:9793769:G:A,11:10273128:C:T,479359,0.0361757017672061,0.0013086814433336,computed (both variants usable),DBP
11:9793769:G:A,11:10296756:A:G,502987,0.0339354239404201,0.0011516129598021,computed (both variants usable),DBP
11:9793769:G:A,11:10660067:T:G,866298,-0.0086508952081203,7.483798981411383e-05,computed (both variants usable),DBP
11:9793769:G:A,11:10675738:A:G,881969,0.0171822700649499,0.0002952303912024,computed (both variants usable),DBP
11:9793769:G:A,11:16012114:A:T,6218345,-0.0239368937909603,0.0005729749100282,computed (both variants usable),DBP
11:9793769:G:A,11:16295390:G:A,6501621,-0.0284379310905933,0.0008087159367278,computed (both variants usable),DBP
11:9793769:G:A,11:16304089:A:C,6510320,0.0260851643979549,0.0006804357981309,computed (both variants usable),DBP
11:9793769:G:A,11:16352545:T:C,6558776,0.0330699905753135,0.001093624276109,computed (both variants usable),DBP
11:9824865:C:G,11:9973062:T:G,148197,0.0907027572393417,0.0082269897684454,computed (both variants usable),DBP
11:9824865:C:G,11:10157776:A:G,332911,0.0454212464392185,0.0020630895160138,computed (both variants usable),DBP
11:9824865:C:G,11:10273128:C:T,448263,0.0613248273730278,0.0037607343401759,computed (both variants usable),DBP
11:9824865:C:G,11:10296756:A:G,471891,0.0589902587234973,0.0034798507113009,computed (both variants usable),DBP
11:9824865:C:G,11:10660067:T:G,835202,-0.0445228666067123,0.0019822856411337,computed (both variants usable),DBP
11:9824865:C:G,11:10675738:A:G,850873,0.0415683686733245,0.0017279292223975,computed (both variants usable),DBP
11:9824865:C:G,11:16012114:A:T,6187249,-0.0126187056303024,0.0001592317275935,computed (both variants usable),DBP
11:9824865:C:G,11:16295390:G:A,6470525,-0.0210129637271165,0.0004415446310304,computed (both variants usable),DBP
11:9824865:C:G,11:16304089:A:C,6479224,0.0183844715356826,0.0003379888075869,computed (both variants usable),DBP
11:9824865:C:G,11:16352545:T:C,6527680,0.0261852256953716,0.0006856660475023,computed (both variants usable),DBP
11:9973062:T:G,11:10157776:A:G,184714,0.094386801123619,0.0089088678359985,computed (both variants usable),DBP
11:9973062:T:G,11:10273128:C:T,300066,0.1018329337239265,0.0103699462488293,computed (both variants usable),DBP
11:9973062:T:G,11:10296756:A:G,323694,0.0941244140267372,0.0088594052940607,computed (both variants usable),DBP
11:9973062:T:G,11:10660067:T:G,687005,-0.0058090891689062,3.37455167027656e-05,computed (both variants usable),DBP
11:9973062:T:G,11:10675738:A:G,702676,0.0114270634949207,0.000130577784148,computed (both variants usable),DBP
11:9973062:T:G,11:16012114:A:T,6039052,-0.0170664340257644,0.0002912631607614,computed (both variants usable),DBP
11:9973062:T:G,11:16295390:G:A,6322328,0.0196019690483808,0.0003842371806968,computed (both variants usable),DBP
11:9973062:T:G,11:16304089:A:C,6331027,-0.0180820748209953,0.0003269614244345,computed (both variants usable),DBP
11:9973062:T:G,11:16352545:T:C,6379483,-0.0075713149271905,5.732481076847762e-05,computed (both variants usable),DBP
11:10157776:A:G,11:10273128:C:T,115352,0.9734289646148682,0.9475639462471008,computed (both variants usable),DBP
11:10157776:A:G,11:10296756:A:G,138980,0.9822096824645996,0.9647358655929564,computed (both variants usable),DBP
11:10157776:A:G,11:10660067:T:G,502291,0.0225027352571487,0.0005063731223344,computed (both variants usable),DBP
11:10157776:A:G,11:10675738:A:G,517962,-0.0324879251420497,0.0010554653126746,computed (both variants usable),DBP
11:10157776:A:G,11:16012114:A:T,5854338,-0.0453706383705139,0.0020584948360919,computed (both variants usable),DBP
11:10157776:A:G,11:16295390:G:A,6137614,0.0102745937183499,0.0001055672764778,computed (both variants usable),DBP
11:10157776:A:G,11:16304089:A:C,6146313,-0.006379147991538,4.069352871738374e-05,computed (both variants usable),DBP
11:10157776:A:G,11:16352545:T:C,6194769,0.0002592852979432,6.72288678060795e-08,computed (both variants usable),DBP
11:10273128:C:T,11:10296756:A:G,23628,0.9911506175994872,0.9823795557022096,computed (both variants usable),DBP
11:10273128:C:T,11:10660067:T:G,386939,0.0263629555702209,0.0006950054084882,computed (both variants usable),DBP
11:10273128:C:T,11:10675738:A:G,402610,-0.0360773466527462,0.001301574986428,computed (both variants usable),DBP
11:10273128:C:T,11:16012114:A:T,5738986,-0.0428924337029457,0.0018397609237581,computed (both variants usable),DBP
11:10273128:C:T,11:16295390:G:A,6022262,0.0053202994167804,2.830558514688164e-05,computed (both variants usable),DBP
11:10273128:C:T,11:16304089:A:C,6030961,-0.0013839966850355,1.915446773637086e-06,computed (both variants usable),DBP
11:10273128:C:T,11:16352545:T:C,6079417,0.0051033017225563,2.6043688194477e-05,computed (both variants usable),DBP
11:10296756:A:G,11:10660067:T:G,363311,0.0201727543026208,0.0004069400019943,computed (both variants usable),DBP
11:10296756:A:G,11:10675738:A:G,378982,-0.030552253127098,0.0009334401693195,computed (both variants usable),DBP
11:10296756:A:G,11:16012114:A:T,5715358,-0.0357538200914859,0.0012783356942236,computed (both variants usable),DBP
11:10296756:A:G,11:16295390:G:A,5998634,0.0017682055477052,3.126550836896058e-06,computed (both variants usable),DBP
11:10296756:A:G,11:16304089:A:C,6007333,0.0021540909074246,4.640107817976968e-06,computed (both variants usable),DBP
11:10296756:A:G,11:16352545:T:C,6055789,0.0087770288810133,7.703623850829899e-05,computed (both variants usable),DBP
11:10660067:T:G,11:10675738:A:G,15671,-0.8578976988792419,0.735988438129425,computed (both variants usable),DBP
11:10660067:T:G,11:16012114:A:T,5352047,-0.0182470232248306,0.0003329538449179,computed (both variants usable),DBP
11:10660067:T:G,11:16295390:G:A,5635323,0.0239824745804071,0.0005751590942963,computed (both variants usable),DBP
11:10660067:T:G,11:16304089:A:C,5644022,-0.0194118544459342,0.0003768200986087,computed (both variants usable),DBP
11:10660067:T:G,11:16352545:T:C,5692478,-0.0329729877412319,0.0010872179409489,computed (both variants usable),DBP
11:10675738:A:G,11:16012114:A:T,5336376,0.005282653030008,2.790642247418873e-05,computed (both variants usable),DBP
11:10675738:A:G,11:16295390:G:A,5619652,-0.0147406980395317,0.0002172881795559,computed (both variants usable),DBP
11:10675738:A:G,11:16304089:A:C,5628351,0.0097870016470551,9.578539902577175e-05,computed (both variants usable),DBP
11:10675738:A:G,11:16352545:T:C,5676807,0.0136937731876969,0.0001875194284366,computed (both variants usable),DBP
11:16012114:A:T,11:16295390:G:A,283276,-0.1344091445207595,0.0180658176541328,computed (both variants usable),DBP
11:16012114:A:T,11:16304089:A:C,291975,0.1327358931303024,0.0176188182085752,computed (both variants usable),DBP
11:16012114:A:T,11:16352545:T:C,340431,0.1178448051214218,0.0138873979449272,computed (both variants usable),DBP
11:16295390:G:A,11:16304089:A:C,8699,-0.9904484748840332,0.9809882044792176,computed (both variants usable),DBP
11:16295390:G:A,11:16352545:T:C,57155,-0.9687365889549256,0.938450574874878,computed (both variants usable),DBP
11:16304089:A:C,11:16352545:T:C,48456,0.9719348549842834,0.9446573853492736,computed (both variants usable),DBP
11:27303438:T:C,11:27734420:T:C,430982,0.1493207663297653,0.0222966913133859,computed (both variants usable),DBP
11:27303438:T:C,11:30760335:T:C,3456897,0.0129006272181868,0.0001664261799305,computed (both variants usable),DBP
11:27734420:T:C,11:30760335:T:C,3025915,-0.0537930354475975,0.0028936907183378,computed (both variants usable),DBP
11:47361838:A:G,11:47676170:A:G,314332,-0.3958989977836609,0.1567360162734985,computed (both variants usable),DBP
11:47361838:A:G,11:48810512:A:G,1448674,-0.0019436506554484,3.777777919822256e-06,computed (both variants usable),DBP
11:47361838:A:G,11:55112643:T:C,7750805,0.2039493471384048,0.0415953360497951,computed (both variants usable),DBP
11:47361838:A:G,11:55123720:C:T,7761882,0.1959163099527359,0.038383200764656,computed (both variants usable),DBP
11:47361838:A:G,11:55213614:C:T,7851776,0.1959163099527359,0.038383200764656,computed (both variants usable),DBP
11:47676170:A:G,11:48810512:A:G,1134342,-0.0562044419348239,0.0031589393038302,computed (both variants usable),DBP
11:47676170:A:G,11:55112643:T:C,7436473,-0.2893035411834717,0.083696536719799,computed (both variants usable),DBP
11:47676170:A:G,11:55123720:C:T,7447550,-0.2853053510189056,0.0813991427421569,computed (both variants usable),DBP
11:47676170:A:G,11:55213614:C:T,7537444,-0.2853053510189056,0.0813991427421569,computed (both variants usable),DBP
11:48810512:A:G,11:55112643:T:C,6302131,0.3953520953655243,0.1563032865524292,computed (both variants usable),DBP
11:48810512:A:G,11:55123720:C:T,6313208,0.3989635705947876,0.159171923995018,computed (both variants usable),DBP
11:48810512:A:G,11:55213614:C:T,6403102,0.3989635705947876,0.159171923995018,computed (both variants usable),DBP
11:55112643:T:C,11:55123720:C:T,11077,0.977492332458496,0.9554912447929382,computed (both variants usable),DBP
11:55112643:T:C,11:55213614:C:T,100971,0.977492332458496,0.9554912447929382,computed (both variants usable),DBP
11:55112643:T:C,11:61272565:T:C,6159922,-0.0329833216965198,0.0010878995526582,computed (both variants usable),DBP
11:55112643:T:C,11:61274790:T:G,6162147,-0.0618814639747142,0.0038293155375868,computed (both variants usable),DBP
11:55112643:T:C,11:61278246:T:C,6165603,-0.0197768975049257,0.0003911256790161,computed (both variants usable),DBP
11:55123720:C:T,11:55213614:C:T,89894,1.0000016689300537,1.0000033378601074,computed (both variants usable),DBP
11:55123720:C:T,11:61272565:T:C,6148845,-0.0281279422342777,0.0007911811117082,computed (both variants usable),DBP
11:55123720:C:T,11:61274790:T:G,6151070,-0.0586726330220699,0.0034424779005348,computed (both variants usable),DBP
11:55123720:C:T,11:61278246:T:C,6154526,-0.0145604768767952,0.0002120074932463,computed (both variants usable),DBP
11:55213614:C:T,11:61272565:T:C,6058951,-0.0281279422342777,0.0007911811117082,computed (both variants usable),DBP
11:55213614:C:T,11:61274790:T:G,6061176,-0.0586726330220699,0.0034424779005348,computed (both variants usable),DBP
11:55213614:C:T,11:61278246:T:C,6064632,-0.0145604768767952,0.0002120074932463,computed (both variants usable),DBP
11:61272565:T:C,11:61274790:T:G,2225,0.7761891484260559,0.6024696230888367,computed (both variants usable),DBP
11:61272565:T:C,11:61278246:T:C,5681,0.9663102626800536,0.9337555170059204,computed (both variants usable),DBP
11:61272565:T:C,11:65405600:G:T,4133035,-0.0130747407674789,0.0001709488424239,computed (both variants usable),DBP
11:61272565:T:C,11:69075538:C:T,7802973,0.0495843328535556,0.0024586061481386,computed (both variants usable),DBP
11:61272565:T:C,11:69079707:C:T,7807142,-0.0021841670386493,4.770585746882716e-06,computed (both variants usable),DBP
11:61272565:T:C,11:69462910:G:A,8190345,0.0460358336567878,0.0021192980930209,computed (both variants usable),DBP
11:61274790:T:G,11:61278246:T:C,3456,0.7693014740943909,0.5918247699737549,computed (both variants usable),DBP
11:61274790:T:G,11:65405600:G:T,4130810,-0.0258726272732019,0.0006693928153254,computed (both variants usable),DBP
11:61274790:T:G,11:69075538:C:T,7800748,0.0386490263044834,0.0014937472296878,computed (both variants usable),DBP
11:61274790:T:G,11:69079707:C:T,7804917,-0.0082753961905837,6.848217890365049e-05,computed (both variants usable),DBP
11:61274790:T:G,11:69462910:G:A,8188120,0.0549910441040992,0.0030240148771554,computed (both variants usable),DBP
11:61278246:T:C,11:65405600:G:T,4127354,-0.0127874528989195,0.0001635189546504,computed (both variants usable),DBP
11:61278246:T:C,11:69075538:C:T,7797292,0.0433586612343788,0.0018799734534695,computed (both variants usable),DBP
11:61278246:T:C,11:69079707:C:T,7801461,-0.0069677890278398,4.855008228332736e-05,computed (both variants usable),DBP
11:61278246:T:C,11:69462910:G:A,8184664,0.0421990342438221,0.0017807584954425,computed (both variants usable),DBP
11:65405600:G:T,11:69075538:C:T,3669938,-0.0506728924810886,0.0025677420198917,computed (both variants usable),DBP
11:65405600:G:T,11:69079707:C:T,3674107,-0.0252426899969577,0.0006371933850459,computed (both variants usable),DBP
11:65405600:G:T,11:69462910:G:A,4057310,0.0079524777829647,6.324190326267853e-05,computed (both variants usable),DBP
11:65405600:G:T,11:74378499:C:T,8972899,-0.0736635699868202,0.0054263216443359,computed (both variants usable),DBP
11:69075538:C:T,11:69079707:C:T,4169,0.6261566281318665,0.3920721113681793,computed (both variants usable),DBP
11:69075538:C:T,11:69462910:G:A,387372,-0.0334095954895019,0.0011162010487169,computed (both variants usable),DBP
11:69075538:C:T,11:74378499:C:T,5302961,-0.0033611273393034,1.129717657022411e-05,computed (both variants usable),DBP
11:69079707:C:T,11:69462910:G:A,383203,-0.0468908250331878,0.002198749454692,computed (both variants usable),DBP
11:69079707:C:T,11:74378499:C:T,5298792,0.043916281312704,0.0019286397146061,computed (both variants usable),DBP
11:69462910:G:A,11:74378499:C:T,4915589,-0.0017640274018049,3.1117926937440643e-06,computed (both variants usable),DBP
11:89224453:A:C,11:89224477:G:A,24,-0.7933593988418579,0.6294191479682922,computed (both variants usable),DBP
11:89224453:A:C,11:95308854:T:A,6084401,0.0116773005574941,0.0001363593473797,computed (both variants usable),DBP
11:89224477:G:A,11:95308854:T:A,6084377,-0.0339507050812244,0.0011526503367349,computed (both variants usable),DBP
11:95308854:T:A,11:100593538:G:C,5284684,-0.0420205146074295,0.0017657236894592,computed (both variants usable),DBP
11:95308854:T:A,11:100610546:T:C,5301692,-0.042989581823349,0.0018481041770428,computed (both variants usable),DBP
11:100593538:G:C,11:100610546:T:C,17008,0.9529786705970764,0.908168375492096,computed (both variants usable),DBP
11:117193203:C:T,11:117256384:C:G,63181,-0.5673412084579468,0.321876049041748,computed (both variants usable),DBP
11:130273230:A:T,11:130280725:C:A,7495,-0.912495493888855,0.8326480388641357,computed (both variants usable),DBP
12:8831954:T:A,12:8832203:A:G,249,0.9767327308654784,0.954006850719452,computed (both variants usable),DBP
12:8831954:T:A,12:12887977:C:T,4056023,0.0218694023787975,0.0004782707546837,computed (both variants usable),DBP
12:8831954:T:A,12:12888438:T:A,4056484,0.0237615536898374,0.0005646114586852,computed (both variants usable),DBP
12:8831954:T:A,12:12889289:A:C,4057335,-0.0332848466932773,0.0011078809620812,computed (both variants usable),DBP
12:8831954:T:A,12:15310339:C:T,6478385,-0.008675723336637,7.52681735320948e-05,computed (both variants usable),DBP
12:8832203:A:G,12:12887977:C:T,4055774,0.0108384424820542,0.0001174718345282,computed (both variants usable),DBP
12:8832203:A:G,12:12888438:T:A,4056235,0.0134760597720742,0.0001816041913116,computed (both variants usable),DBP
12:8832203:A:G,12:12889289:A:C,4057086,-0.0311147309839725,0.0009681264637038,computed (both variants usable),DBP
12:8832203:A:G,12:15310339:C:T,6478136,-0.0106732286512851,0.000113917812996,computed (both variants usable),DBP
12:12887977:C:T,12:12888438:T:A,461,0.7508717179298401,0.5638083219528198,computed (both variants usable),DBP
12:12887977:C:T,12:12889289:A:C,1312,-0.5649688243865967,0.3191897869110107,computed (both variants usable),DBP
12:12887977:C:T,12:15310339:C:T,2422362,-0.0280393864959478,0.0007862072088755,computed (both variants usable),DBP
12:12887977:C:T,12:20016505:T:A,7128528,0.0232136361300945,0.0005388729041442,computed (both variants usable),DBP
12:12887977:C:T,12:20161168:A:G,7273191,0.0048057562671601,2.309529372723773e-05,computed (both variants usable),DBP
12:12887977:C:T,12:20190630:A:T,7302653,-0.0103463670238852,0.0001070473081199,computed (both variants usable),DBP
12:12887977:C:T,12:20215558:G:A,7327581,0.0099325254559516,9.865505853667857e-05,computed (both variants usable),DBP
12:12887977:C:T,12:20368269:T:C,7480292,0.0441825501620769,0.0019520977512001,computed (both variants usable),DBP
12:12887977:C:T,12:20373541:A:G,7485564,0.042212501168251,0.0017818952910602,computed (both variants usable),DBP
12:12887977:C:T,12:20380250:C:T,7492273,0.0229265186935663,0.0005256252479739,computed (both variants usable),DBP
12:12887977:C:T,12:20449361:A:G,7561384,0.0240056701004505,0.000576272199396,computed (both variants usable),DBP
12:12888438:T:A,12:12889289:A:C,851,-0.7524166703224182,0.5661308169364929,computed (both variants usable),DBP
12:12888438:T:A,12:15310339:C:T,2421901,-0.05308398604393,0.0028179094661027,computed (both variants usable),DBP
12:12888438:T:A,12:20016505:T:A,7128067,0.0157300848513841,0.0002474355569574,computed (both variants usable),DBP
12:12888438:T:A,12:20161168:A:G,7272730,-0.0172560401260852,0.0002977709227707,computed (both variants usable),DBP
12:12888438:T:A,12:20190630:A:T,7302192,0.0087816212326288,7.711687067057937e-05,computed (both variants usable),DBP
12:12888438:T:A,12:20215558:G:A,7327120,0.0293171033263206,0.0008594925748184,computed (both variants usable),DBP
12:12888438:T:A,12:20368269:T:C,7479831,0.0527714937925338,0.0027848305180668,computed (both variants usable),DBP
12:12888438:T:A,12:20373541:A:G,7485103,0.0521182715892791,0.0027163142804056,computed (both variants usable),DBP
12:12888438:T:A,12:20380250:C:T,7491812,0.0352140180766582,0.0012400270206853,computed (both variants usable),DBP
12:12888438:T:A,12:20449361:A:G,7560923,0.0073743783868849,5.4381456720875576e-05,computed (both variants usable),DBP
12:12889289:A:C,12:15310339:C:T,2421050,0.0320562645792961,0.001027604099363,computed (both variants usable),DBP
12:12889289:A:C,12:20016505:T:A,7127216,0.0006966041401028,4.852573169955576e-07,computed (both variants usable),DBP
12:12889289:A:C,12:20161168:A:G,7271879,0.0041178613901138,1.6956782928900793e-05,computed (both variants usable),DBP
12:12889289:A:C,12:20190630:A:T,7301341,0.0023208260536193,5.386233624449233e-06,computed (both variants usable),DBP
12:12889289:A:C,12:20215558:G:A,7326269,0.01462915353477,0.0002140121359843,computed (both variants usable),DBP
12:12889289:A:C,12:20368269:T:C,7478980,-0.0008132947259582,6.614483254452352e-07,computed (both variants usable),DBP
12:12889289:A:C,12:20373541:A:G,7484252,-0.0012974991695955,1.68350413787266e-06,computed (both variants usable),DBP
12:12889289:A:C,12:20380250:C:T,7490961,0.001619697199203,2.6234190499963006e-06,computed (both variants usable),DBP
12:12889289:A:C,12:20449361:A:G,7560072,-0.026705915108323,0.0007132058963179,computed (both variants usable),DBP
12:15310339:C:T,12:20016505:T:A,4706166,-0.0489503443241119,0.0023961362894624,computed (both variants usable),DBP
12:15310339:C:T,12:20161168:A:G,4850829,-0.0123495291918516,0.0001525108673376,computed (both variants usable),DBP
12:15310339:C:T,12:20190630:A:T,4880291,0.0104572037234902,0.0001093531100195,computed (both variants usable),DBP
12:15310339:C:T,12:20215558:G:A,4905219,0.0250412300229072,0.0006270632147789,computed (both variants usable),DBP
12:15310339:C:T,12:20368269:T:C,5057930,0.0294119324535131,0.0008650617673993,computed (both variants usable),DBP
12:15310339:C:T,12:20373541:A:G,5063202,0.0199415124952793,0.0003976639127358,computed (both variants usable),DBP
12:15310339:C:T,12:20380250:C:T,5069911,0.0091365603730082,8.347673428943381e-05,computed (both variants usable),DBP
12:15310339:C:T,12:20449361:A:G,5139022,-0.0511358603835105,0.002614876255393,computed (both variants usable),DBP
12:20016505:T:A,12:20161168:A:G,144663,0.0036067694891244,1.3008786481805146e-05,computed (both variants usable),DBP
12:20016505:T:A,12:20190630:A:T,174125,-0.0143510671332478,0.0002059531252598,computed (both variants usable),DBP
12:20016505:T:A,12:20215558:G:A,199053,0.0133128436282277,0.0001772318064467,computed (both variants usable),DBP
12:20016505:T:A,12:20368269:T:C,351764,-0.043822705745697,0.0019204295240342,computed (both variants usable),DBP
12:20016505:T:A,12:20373541:A:G,357036,-0.0390721298754215,0.0015266312984749,computed (both variants usable),DBP
12:20016505:T:A,12:20380250:C:T,363745,-0.0428438857197761,0.0018355984939262,computed (both variants usable),DBP
12:20016505:T:A,12:20449361:A:G,432856,-0.0213732104748487,0.0004568141303025,computed (both variants usable),DBP
12:20016505:T:A,12:27964864:A:C,7948359,-0.0038947022985666,1.5168706340773497e-05,computed (both variants usable),DBP
12:20161168:A:G,12:20190630:A:T,29462,-0.970732033252716,0.942320704460144,computed (both variants usable),DBP
12:20161168:A:G,12:20215558:G:A,54390,-0.4362383186817169,0.1903038769960403,computed (both variants usable),DBP
12:20161168:A:G,12:20368269:T:C,207101,0.0739951729774475,0.0054752854630351,computed (both variants usable),DBP
12:20161168:A:G,12:20373541:A:G,212373,0.0767843350768089,0.0058958339504897,computed (both variants usable),DBP
12:20161168:A:G,12:20380250:C:T,219082,0.0914916023612022,0.0083707133308053,computed (both variants usable),DBP
12:20161168:A:G,12:20449361:A:G,288193,0.0683359429240226,0.0046698008663952,computed (both variants usable),DBP
12:20161168:A:G,12:27964864:A:C,7803696,0.0234948918223381,0.0005520099657587,computed (both variants usable),DBP
12:20190630:A:T,12:20215558:G:A,24928,0.452243447303772,0.2045241296291351,computed (both variants usable),DBP
12:20190630:A:T,12:20368269:T:C,177639,-0.0822901278734207,0.0067716650664806,computed (both variants usable),DBP
12:20190630:A:T,12:20373541:A:G,182911,-0.0851600095629692,0.0072522270493209,computed (both variants usable),DBP
12:20190630:A:T,12:20380250:C:T,189620,-0.1010930761694908,0.0102198095992207,computed (both variants usable),DBP
12:20190630:A:T,12:20449361:A:G,258731,-0.0660133063793182,0.0043577565811574,computed (both variants usable),DBP
12:20190630:A:T,12:27964864:A:C,7774234,-0.023362822830677,0.0005458215018734,computed (both variants usable),DBP
12:20215558:G:A,12:20368269:T:C,152711,0.1119893789291381,0.012541620992124,computed (both variants usable),DBP
12:20215558:G:A,12:20373541:A:G,157983,0.1108140647411346,0.0122797572985291,computed (both variants usable),DBP
12:20215558:G:A,12:20380250:C:T,164692,0.0687543004751205,0.0047271540388464,computed (both variants usable),DBP
12:20215558:G:A,12:20449361:A:G,233803,-0.0880494937300682,0.0077527132816612,computed (both variants usable),DBP
12:20215558:G:A,12:27964864:A:C,7749306,-0.027424057945609,0.0007520789513364,computed (both variants usable),DBP
12:20368269:T:C,12:20373541:A:G,5272,0.990683376789093,0.981453537940979,computed (both variants usable),DBP
12:20368269:T:C,12:20380250:C:T,11981,0.9255483746528624,0.8566398024559021,computed (both variants usable),DBP
12:20368269:T:C,12:20449361:A:G,81092,0.0781098529696464,0.0061011491343379,computed (both variants usable),DBP
12:20368269:T:C,12:27964864:A:C,7596595,0.0187912974506616,0.0003531128459144,computed (both variants usable),DBP
12:20373541:A:G,12:20380250:C:T,6709,0.9299140572547911,0.8647401332855225,computed (both variants usable),DBP
12:20373541:A:G,12:20449361:A:G,75820,0.081301562488079,0.0066099441610276,computed (both variants usable),DBP
12:20373541:A:G,12:27964864:A:C,7591323,0.0209648888558149,0.0004395265714265,computed (both variants usable),DBP
12:20380250:C:T,12:20449361:A:G,69111,0.1066955775022506,0.0113839460536837,computed (both variants usable),DBP
12:20380250:C:T,12:27964864:A:C,7584614,0.0200649537146091,0.000402602367103,computed (both variants usable),DBP
12:20449361:A:G,12:27964864:A:C,7515503,0.0134113039821386,0.0001798630692064,computed (both variants usable),DBP
12:27964864:A:C,12:33537387:T:C,5572523,0.0148653658106923,0.0002209790982306,computed (both variants usable),DBP
12:33537387:T:C,12:42424698:T:C,8887311,0.021992826834321,0.0004836844454985,computed (both variants usable),DBP
12:42424698:T:C,12:48186563:T:A,5761865,0.0622614286839962,0.0038764853961765,computed (both variants usable),DBP
12:42424698:T:C,12:48202941:C:T,5778243,0.0614065118134021,0.003770759794861,computed (both variants usable),DBP
12:42424698:T:C,12:48204499:C:G,5779801,0.0614065118134021,0.003770759794861,computed (both variants usable),DBP
12:42424698:T:C,12:48254353:T:A,5829655,-0.0235850252211093,0.0005562534206546,computed (both variants usable),DBP
12:42424698:T:C,12:50537815:A:G,8113117,-0.0295853149145841,0.0008752908324822,computed (both variants usable),DBP
12:42424698:T:C,12:50561998:A:G,8137300,0.0323307886719703,0.0010452799033373,computed (both variants usable),DBP
12:48186563:T:A,12:48202941:C:T,16378,0.9036610722541808,0.8166033625602722,computed (both variants usable),DBP
12:48186563:T:A,12:48204499:C:G,17936,0.9036610722541808,0.8166033625602722,computed (both variants usable),DBP
12:48186563:T:A,12:48254353:T:A,67790,0.0650283098220825,0.0042286808602511,computed (both variants usable),DBP
12:48186563:T:A,12:50537815:A:G,2351252,0.0223598815500736,0.0004999642842449,computed (both variants usable),DBP
12:48186563:T:A,12:50561998:A:G,2375435,-0.0208643414080142,0.0004353207477834,computed (both variants usable),DBP
12:48186563:T:A,12:53448320:C:T,5261757,-0.0085228942334651,7.263972656801343e-05,computed (both variants usable),DBP
12:48186563:T:A,12:54441498:C:T,6254935,0.0372536443173885,0.0013878339668735,computed (both variants usable),DBP
12:48186563:T:A,12:57137828:T:A,8951265,0.0296389050781726,0.0008784647216089,computed (both variants usable),DBP
12:48202941:C:T,12:48204499:C:G,1558,1.0,1.0,computed (both variants usable),DBP
12:48202941:C:T,12:48254353:T:A,51412,-0.0380253791809082,0.0014459295198321,computed (both variants usable),DBP
12:48202941:C:T,12:50537815:A:G,2334874,0.0359610095620155,0.0012931942474097,computed (both variants usable),DBP
12:48202941:C:T,12:50561998:A:G,2359057,-0.0391074866056442,0.0015293954638764,computed (both variants usable),DBP
12:48202941:C:T,12:53448320:C:T,5245379,-0.0117787281051278,0.0001387384400004,computed (both variants usable),DBP
12:48202941:C:T,12:54441498:C:T,6238557,0.0526397116482257,0.0027709391433745,computed (both variants usable),DBP
12:48202941:C:T,12:57137828:T:A,8934887,0.0155123695731163,0.0002406336134299,computed (both variants usable),DBP
12:48204499:C:G,12:48254353:T:A,49854,-0.0380253791809082,0.0014459295198321,computed (both variants usable),DBP
12:48204499:C:G,12:50537815:A:G,2333316,0.0359610095620155,0.0012931942474097,computed (both variants usable),DBP
12:48204499:C:G,12:50561998:A:G,2357499,-0.0391074866056442,0.0015293954638764,computed (both variants usable),DBP
12:48204499:C:G,12:53448320:C:T,5243821,-0.0117787281051278,0.0001387384400004,computed (both variants usable),DBP
12:48204499:C:G,12:54441498:C:T,6236999,0.0526397116482257,0.0027709391433745,computed (both variants usable),DBP
12:48204499:C:G,12:57137828:T:A,8933329,0.0155123695731163,0.0002406336134299,computed (both variants usable),DBP
12:48254353:T:A,12:50537815:A:G,2283462,0.0389288440346717,0.0015154548455029,computed (both variants usable),DBP
12:48254353:T:A,12:50561998:A:G,2307645,-0.030725484713912,0.0009440553840249,computed (both variants usable),DBP
12:48254353:T:A,12:53448320:C:T,5193967,-0.0240845084190368,0.0005800635553896,computed (both variants usable),DBP
12:48254353:T:A,12:54441498:C:T,6187145,-0.0221945382654666,0.0004925975226797,computed (both variants usable),DBP
12:48254353:T:A,12:57137828:T:A,8883475,0.0379810146987438,0.00144255743362,computed (both variants usable),DBP
12:50537815:A:G,12:50561998:A:G,24183,-0.9938027858734132,0.9876439571380616,computed (both variants usable),DBP
12:50537815:A:G,12:53448320:C:T,2910505,-0.0547408014535903,0.0029965552967041,computed (both variants usable),DBP
12:50537815:A:G,12:54441498:C:T,3903683,0.0493876263499259,0.0024391375482082,computed (both variants usable),DBP
12:50537815:A:G,12:57137828:T:A,6600013,-0.0063098594546318,3.981432746513747e-05,computed (both variants usable),DBP
12:50561998:A:G,12:53448320:C:T,2886322,0.0599645636975765,0.0035957489162683,computed (both variants usable),DBP
12:50561998:A:G,12:54441498:C:T,3879500,-0.0532645992934703,0.0028371175285428,computed (both variants usable),DBP
12:50561998:A:G,12:57137828:T:A,6575830,0.0068104825913906,4.638267273548991e-05,computed (both variants usable),DBP
12:53448320:C:T,12:54441498:C:T,993178,-0.0407371073961257,0.0016595119377598,computed (both variants usable),DBP
12:53448320:C:T,12:57137828:T:A,3689508,0.0150459334254264,0.0002263801143271,computed (both variants usable),DBP
12:54441498:C:T,12:57137828:T:A,2696330,-0.0675384029746055,0.0045614358969032,computed (both variants usable),DBP
12:69197737:A:C,12:69792102:C:A,594365,0.1171777695417404,0.0137306293472647,computed (both variants usable),DBP
12:69197737:A:C,12:69922738:A:G,725001,-0.0991978794336319,0.0098402192816138,computed (both variants usable),DBP
12:69197737:A:C,12:69930370:T:C,732633,-0.0599569007754325,0.0035948299337178,computed (both variants usable),DBP
12:69197737:A:C,12:70365840:G:A,1168103,-0.0292921848595142,0.0008580320863984,computed (both variants usable),DBP
12:69792102:C:A,12:69922738:A:G,130636,-0.234292671084404,0.0548930540680885,computed (both variants usable),DBP
12:69792102:C:A,12:69930370:T:C,138268,-0.1509730666875839,0.0227928664535284,computed (both variants usable),DBP
12:69792102:C:A,12:70365840:G:A,573738,-0.0937529578804969,0.0087896175682544,computed (both variants usable),DBP
12:69922738:A:G,12:69930370:T:C,7632,0.5137383937835693,0.2639271318912506,computed (both variants usable),DBP
12:69922738:A:G,12:70365840:G:A,443102,0.1484135240316391,0.0220265742391347,computed (both variants usable),DBP
12:69930370:T:C,12:70365840:G:A,435470,0.0874522924423217,0.0076479036360979,computed (both variants usable),DBP
12:90025622:G:A,12:90062376:G:A,36754,-0.5233919620513916,0.2739391326904297,computed (both variants usable),DBP
12:90025622:G:A,12:90152858:C:T,127236,0.115710325539112,0.013388879597187,computed (both variants usable),DBP
12:90025622:G:A,12:90247669:A:G,222047,-0.0711719915270805,0.0050654523074626,computed (both variants usable),DBP
12:90025622:G:A,12:90301665:C:T,276043,-0.3455960750579834,0.1194366440176963,computed (both variants usable),DBP
12:90025622:G:A,12:94774519:G:A,4748897,0.0043151704594492,1.862069620983675e-05,computed (both variants usable),DBP
12:90025622:G:A,12:94877428:A:G,4851806,0.0191516689956188,0.0003667864366434,computed (both variants usable),DBP
12:90025622:G:A,12:94878542:T:C,4852920,0.0191516689956188,0.0003667864366434,computed (both variants usable),DBP
12:90025622:G:A,12:95512031:G:A,5486409,0.0207294784486293,0.0004297112755011,computed (both variants usable),DBP
12:90062376:G:A,12:90152858:C:T,90482,-0.1297023594379425,0.0168227013200521,computed (both variants usable),DBP
12:90062376:G:A,12:90247669:A:G,185293,0.2261950671672821,0.0511642098426818,computed (both variants usable),DBP
12:90062376:G:A,12:90301665:C:T,239289,0.0804981365799903,0.0064799501560628,computed (both variants usable),DBP
12:90062376:G:A,12:94774519:G:A,4712143,0.0020456372294574,4.184631507087033e-06,computed (both variants usable),DBP
12:90062376:G:A,12:94877428:A:G,4815052,-0.0261054784059524,0.0006814959924668,computed (both variants usable),DBP
12:90062376:G:A,12:94878542:T:C,4816166,-0.0261054784059524,0.0006814959924668,computed (both variants usable),DBP
12:90062376:G:A,12:95512031:G:A,5449655,-0.0307322088629007,0.0009444686584174,computed (both variants usable),DBP
12:90152858:C:T,12:90247669:A:G,94811,-0.0921423509716987,0.0084902131929993,computed (both variants usable),DBP
12:90152858:C:T,12:90301665:C:T,148807,-0.297014445066452,0.0882175788283348,computed (both variants usable),DBP
12:90152858:C:T,12:94774519:G:A,4621661,-0.0209905877709388,0.0004406047810334,computed (both variants usable),DBP
12:90152858:C:T,12:94877428:A:G,4724570,-0.0166034530848264,0.0002756746544037,computed (both variants usable),DBP
12:90152858:C:T,12:94878542:T:C,4725684,-0.0166034530848264,0.0002756746544037,computed (both variants usable),DBP
12:90152858:C:T,12:95512031:G:A,5359173,0.0531882345676422,0.0028289882466197,computed (both variants usable),DBP
12:90247669:A:G,12:90301665:C:T,53996,0.5161115527153015,0.2663711309432983,computed (both variants usable),DBP
12:90247669:A:G,12:94774519:G:A,4526850,-0.0388155877590179,0.0015066498890519,computed (both variants usable),DBP
12:90247669:A:G,12:94877428:A:G,4629759,0.0566431246697902,0.0032084435224533,computed (both variants usable),DBP
12:90247669:A:G,12:94878542:T:C,4630873,0.0566431246697902,0.0032084435224533,computed (both variants usable),DBP
12:90247669:A:G,12:95512031:G:A,5264362,0.0094333244487643,8.898761007003486e-05,computed (both variants usable),DBP
12:90301665:C:T,12:94774519:G:A,4472854,-0.0539468824863433,0.0029102661646902,computed (both variants usable),DBP
12:90301665:C:T,12:94877428:A:G,4575763,0.0181857086718082,0.000330720009515,computed (both variants usable),DBP
12:90301665:C:T,12:94878542:T:C,4576877,0.0181857086718082,0.000330720009515,computed (both variants usable),DBP
12:90301665:C:T,12:95512031:G:A,5210366,-0.0486625768244266,0.0023680464364588,computed (both variants usable),DBP
12:94774519:G:A,12:94877428:A:G,102909,-0.0788038149476051,0.006210041232407,computed (both variants usable),DBP
12:94774519:G:A,12:94878542:T:C,104023,-0.0788038149476051,0.006210041232407,computed (both variants usable),DBP
12:94774519:G:A,12:95512031:G:A,737512,-0.0590066537261009,0.0034817850682884,computed (both variants usable),DBP
12:94877428:A:G,12:94878542:T:C,1114,1.0000027418136597,1.0000054836273191,computed (both variants usable),DBP
12:94877428:A:G,12:95512031:G:A,634603,-0.0150732826441526,0.0002272038545925,computed (both variants usable),DBP
12:94878542:T:C,12:95512031:G:A,633489,-0.0150732826441526,0.0002272038545925,computed (both variants usable),DBP
12:111835990:A:G,12:111884608:T:C,48618,0.4842567443847656,0.2345045953989029,computed (both variants usable),DBP
12:111835990:A:G,12:112007756:C:T,171766,0.4766102433204651,0.227157324552536,computed (both variants usable),DBP
12:111835990:A:G,12:115359424:G:A,3523434,0.0350520238280296,0.0012286443961784,computed (both variants usable),DBP
12:111835990:A:G,12:115552878:G:C,3716888,0.0666108131408691,0.004437000490725,computed (both variants usable),DBP
12:111835990:A:G,12:115555867:A:G,3719877,0.0643981993198394,0.0041471282020211,computed (both variants usable),DBP
12:111835990:A:G,12:115921518:T:C,4085528,0.0067651658318936,4.5767468691337854e-05,computed (both variants usable),DBP
12:111835990:A:G,12:115934758:G:A,4098768,-0.0020362746436148,4.146414539718535e-06,computed (both variants usable),DBP
12:111835990:A:G,12:116227734:G:A,4391744,0.0278310161083936,0.0007745654438622,computed (both variants usable),DBP
12:111884608:T:C,12:112007756:C:T,123148,0.9720386862754822,0.9448592066764832,computed (both variants usable),DBP
12:111884608:T:C,12:115359424:G:A,3474816,-0.0130955642089247,0.0001714937970973,computed (both variants usable),DBP
12:111884608:T:C,12:115552878:G:C,3668270,0.0193921495229005,0.0003760554536711,computed (both variants usable),DBP
12:111884608:T:C,12:115555867:A:G,3671259,0.0231567192822694,0.000536233652383,computed (both variants usable),DBP
12:111884608:T:C,12:115921518:T:C,4036910,0.0116835115477442,0.0001365044445265,computed (both variants usable),DBP
12:111884608:T:C,12:115934758:G:A,4050150,-0.0303901638835668,0.0009235620382241,computed (both variants usable),DBP
12:111884608:T:C,12:116227734:G:A,4343126,-0.0176849029958248,0.0003127557865809,computed (both variants usable),DBP
12:111884608:T:C,12:121882098:T:G,9997490,0.0097410092130303,9.488726209383458e-05,computed (both variants usable),DBP
12:112007756:C:T,12:115359424:G:A,3351668,-0.0061514400877058,3.784021464525722e-05,computed (both variants usable),DBP
12:112007756:C:T,12:115552878:G:C,3545122,0.0063110426999628,3.982926136814058e-05,computed (both variants usable),DBP
12:112007756:C:T,12:115555867:A:G,3548111,0.0101018995046615,0.000102048375993,computed (both variants usable),DBP
12:112007756:C:T,12:115921518:T:C,3913762,0.008333871141076,6.945341010577977e-05,computed (both variants usable),DBP
12:112007756:C:T,12:115934758:G:A,3927002,-0.0276286732405424,0.0007633435889147,computed (both variants usable),DBP
12:112007756:C:T,12:116227734:G:A,4219978,-0.017473692074418,0.000305329915136,computed (both variants usable),DBP
12:112007756:C:T,12:121882098:T:G,9874342,0.0008551363716833,7.312582397389633e-07,computed (both variants usable),DBP
12:112007756:C:T,12:121916308:T:G,9908552,0.0051130480132997,2.61432596744271e-05,computed (both variants usable),DBP
12:115359424:G:A,12:115552878:G:C,193454,-0.0622756481170654,0.0038782563060522,computed (both variants usable),DBP
12:115359424:G:A,12:115555867:A:G,196443,-0.0648263692855835,0.004202458076179,computed (both variants usable),DBP
12:115359424:G:A,12:115921518:T:C,562094,0.0007153792539611,5.117674959365104e-07,computed (both variants usable),DBP
12:115359424:G:A,12:115934758:G:A,575334,-0.0217878986150026,0.0004747125203721,computed (both variants usable),DBP
12:115359424:G:A,12:116227734:G:A,868310,-0.0397523716092109,0.0015802510315552,computed (both variants usable),DBP
12:115359424:G:A,12:121882098:T:G,6522674,-0.0839097201824188,0.0070408410392701,computed (both variants usable),DBP
12:115359424:G:A,12:121916308:T:G,6556884,0.0644195824861526,0.0041498825885355,computed (both variants usable),DBP
12:115359424:G:A,12:123659542:C:T,8300118,-0.0366506911814212,0.0013432732084766,computed (both variants usable),DBP
12:115359424:G:A,12:124820705:A:G,9461281,-0.0066197891719639,4.382160841487348e-05,computed (both variants usable),DBP
12:115359424:G:A,12:125003705:G:A,9644281,-0.0433101616799831,0.0018757701618596,computed (both variants usable),DBP
12:115552878:G:C,12:115555867:A:G,2989,0.9958535432815552,0.9917242527008056,computed (both variants usable),DBP
12:115552878:G:C,12:115921518:T:C,368640,0.0023962638806551,5.742080702475505e-06,computed (both variants usable),DBP
12:115552878:G:C,12:115934758:G:A,381880,-0.0112089300528168,0.0001256401155842,computed (both variants usable),DBP
12:115552878:G:C,12:116227734:G:A,674856,0.0110479295253753,0.000122056750115,computed (both variants usable),DBP
12:115552878:G:C,12:121882098:T:G,6329220,0.0728038400411605,0.005300398916006,computed (both variants usable),DBP
12:115552878:G:C,12:121916308:T:G,6363430,-0.0579378418624401,0.0033567934297025,computed (both variants usable),DBP
12:115552878:G:C,12:123659542:C:T,8106664,-0.0194859839975833,0.0003797035606112,computed (both variants usable),DBP
12:115552878:G:C,12:124820705:A:G,9267827,0.0172406341880559,0.0002972394577227,computed (both variants usable),DBP
12:115552878:G:C,12:125003705:G:A,9450827,-0.0146440966054797,0.0002144495665561,computed (both variants usable),DBP
12:115555867:A:G,12:115921518:T:C,365651,0.0016807835781946,2.825033334374893e-06,computed (both variants usable),DBP
12:115555867:A:G,12:115934758:G:A,378891,-0.0096622267737984,9.335862705484033e-05,computed (both variants usable),DBP
12:115555867:A:G,12:116227734:G:A,671867,0.0108282063156366,0.0001172500487882,computed (both variants usable),DBP
12:115555867:A:G,12:121882098:T:G,6326231,0.0776591598987579,0.0060309451073408,computed (both variants usable),DBP
12:115555867:A:G,12:121916308:T:G,6360441,-0.0623853877186775,0.0038919365033507,computed (both variants usable),DBP
12:115555867:A:G,12:123659542:C:T,8103675,-0.0173202268779277,0.000299990264466,computed (both variants usable),DBP
12:115555867:A:G,12:124820705:A:G,9264838,0.0130865667015314,0.0001712582306936,computed (both variants usable),DBP
12:115555867:A:G,12:125003705:G:A,9447838,-0.0164373386651277,0.000270186108537,computed (both variants usable),DBP
12:115921518:T:C,12:115934758:G:A,13240,-0.8140765428543091,0.6627206206321716,computed (both variants usable),DBP
12:115921518:T:C,12:116227734:G:A,306216,-0.0252589099109172,0.000638012541458,computed (both variants usable),DBP
12:115921518:T:C,12:121882098:T:G,5960580,0.0399410873651504,0.0015952904941514,computed (both variants usable),DBP
12:115921518:T:C,12:121916308:T:G,5994790,-0.0118105746805667,0.0001394896680722,computed (both variants usable),DBP
12:115921518:T:C,12:123659542:C:T,7738024,-0.0145232323557138,0.0002109242777805,computed (both variants usable),DBP
12:115921518:T:C,12:124820705:A:G,8899187,0.0833022445440292,0.0069392640143632,computed (both variants usable),DBP
12:115921518:T:C,12:125003705:G:A,9082187,-0.0073730326257646,5.436161154648289e-05,computed (both variants usable),DBP
12:115934758:G:A,12:116227734:G:A,292976,-0.0080865146592259,6.539171590702608e-05,computed (both variants usable),DBP
12:115934758:G:A,12:121882098:T:G,5947340,-0.0035029081627726,1.2270365914446302e-05,computed (both variants usable),DBP
12:115934758:G:A,12:121916308:T:G,5981550,-0.0212644003331661,0.0004521747177932,computed (both variants usable),DBP
12:115934758:G:A,12:123659542:C:T,7724784,0.0106630381196737,0.0001137003855546,computed (both variants usable),DBP
12:115934758:G:A,12:124820705:A:G,8885947,-0.0150468526408076,0.000226407777518,computed (both variants usable),DBP
12:115934758:G:A,12:125003705:G:A,9068947,-0.0093239033594727,8.693517156643793e-05,computed (both variants usable),DBP
12:116227734:G:A,12:121882098:T:G,5654364,-0.0143718551844358,0.0002065502194454,computed (both variants usable),DBP
12:116227734:G:A,12:121916308:T:G,5688574,0.0267416965216398,0.0007151183090172,computed (both variants usable),DBP
12:116227734:G:A,12:123659542:C:T,7431808,-0.0496729016304016,0.002467397134751,computed (both variants usable),DBP
12:116227734:G:A,12:124820705:A:G,8592971,-0.0015820908593013,2.503011501175933e-06,computed (both variants usable),DBP
12:116227734:G:A,12:125003705:G:A,8775971,0.0091694155707955,8.407817949773744e-05,computed (both variants usable),DBP
12:121882098:T:G,12:121916308:T:G,34210,-0.8859713673591614,0.7849452495574951,computed (both variants usable),DBP
12:121882098:T:G,12:123659542:C:T,1777444,0.084361508488655,0.0071168639697134,computed (both variants usable),DBP
12:121882098:T:G,12:124820705:A:G,2938607,0.0254443325102329,0.0006474140682257,computed (both variants usable),DBP
12:121882098:T:G,12:125003705:G:A,3121607,-0.0072214901447296,5.214992052060552e-05,computed (both variants usable),DBP
12:121916308:T:G,12:123659542:C:T,1743234,-0.0572737678885459,0.0032802845817059,computed (both variants usable),DBP
12:121916308:T:G,12:124820705:A:G,2904397,-0.0096992589533329,9.40756217460148e-05,computed (both variants usable),DBP
12:121916308:T:G,12:125003705:G:A,3087397,0.0085305022075772,7.276947144418955e-05,computed (both variants usable),DBP
12:123659542:C:T,12:124820705:A:G,1161163,0.0721606686711311,0.0052071618847548,computed (both variants usable),DBP
12:123659542:C:T,12:125003705:G:A,1344163,-0.0628282576799392,0.0039473897777497,computed (both variants usable),DBP
12:124820705:A:G,12:125003705:G:A,183000,0.028762174770236,0.0008272627019323,computed (both variants usable),DBP
13:30137828:T:C,13:30146201:C:T,8373,0.997423529624939,0.994853675365448,computed (both variants usable),DBP
13:30137828:T:C,13:32124747:A:G,1986919,-0.0296448115259408,0.0008788148406893,computed (both variants usable),DBP
13:30137828:T:C,13:38280770:C:T,8142942,-0.0389542952179908,0.001517437165603,computed (both variants usable),DBP
13:30146201:C:T,13:32124747:A:G,1978546,-0.0315949507057666,0.0009982408955693,computed (both variants usable),DBP
13:30146201:C:T,13:38280770:C:T,8134569,-0.0362144410610199,0.0013114857720211,computed (both variants usable),DBP
13:32124747:A:G,13:38280770:C:T,6156023,-0.0107138371095061,0.0001147863076766,computed (both variants usable),DBP
13:50513535:T:A,13:50564490:C:G,50955,0.9961445331573486,0.9923039078712464,computed (both variants usable),DBP
13:50513535:T:A,13:58686522:A:T,8172987,0.00801966432482,6.43150124233216e-05,computed (both variants usable),DBP
13:50513535:T:A,13:59911420:G:C,9397885,0.0092253079637885,8.510630868840963e-05,computed (both variants usable),DBP
13:50564490:C:G,13:58686522:A:T,8122032,0.0092078689485788,8.478484960505739e-05,computed (both variants usable),DBP
13:50564490:C:G,13:59911420:G:C,9346930,0.0108333528041839,0.0001173615310108,computed (both variants usable),DBP
13:58686522:A:T,13:59911420:G:C,1224898,0.0318494476377964,0.0010143873514607,computed (both variants usable),DBP
13:73466948:G:A,13:73824424:C:T,357476,-0.081624262034893,0.0066625201143324,computed (both variants usable),DBP
13:73466948:G:A,13:73830066:A:G,363118,-0.0639800950884819,0.0040934523567557,computed (both variants usable),DBP
13:73824424:C:T,13:73830066:A:G,5642,0.9191845059394836,0.8449001312255859,computed (both variants usable),DBP
13:114995733:T:C,13:115027462:T:A,31729,0.7693642377853394,0.591921329498291,computed (both variants usable),DBP
13:114995733:T:C,13:115042155:A:G,46422,0.7633591890335083,0.58271723985672,computed (both variants usable),DBP
13:115027462:T:A,13:115042155:A:G,14693,0.9947884678840636,0.989604115486145,computed (both variants usable),DBP
14:23414104:C:T,14:23861811:A:G,447707,-0.0243495311588048,0.0005928996833972,computed (both variants usable),DBP
14:23414104:C:T,14:23867144:T:C,453040,0.008461789228022,7.160187669796869e-05,computed (both variants usable),DBP
14:23414104:C:T,14:31381351:T:C,7967247,0.022133870050311,0.0004899082123301,computed (both variants usable),DBP
14:23861811:A:G,14:23867144:T:C,5333,0.5635573863983154,0.3175969421863556,computed (both variants usable),DBP
14:23861811:A:G,14:31381351:T:C,7519540,-0.0024696206673979,6.099026450101519e-06,computed (both variants usable),DBP
14:23867144:T:C,14:31381351:T:C,7514207,0.0275382623076438,0.0007583558908663,computed (both variants usable),DBP
14:31381351:T:C,14:36158828:T:C,4777477,-0.0671864673495292,0.004514021333307,computed (both variants usable),DBP
14:72464810:G:A,14:72468149:G:A,3339,0.8541050553321838,0.7294954657554626,computed (both variants usable),DBP
14:72464810:G:A,14:72470336:C:T,5526,0.8541050553321838,0.7294954657554626,computed (both variants usable),DBP
14:72464810:G:A,14:73275445:C:T,810635,0.0065339240245521,4.269216151442379e-05,computed (both variants usable),DBP
14:72468149:G:A,14:72470336:C:T,2187,1.0000001192092896,1.000000238418579,computed (both variants usable),DBP
14:72468149:G:A,14:73275445:C:T,807296,-0.0295855738222599,0.0008753061993047,computed (both variants usable),DBP
14:72470336:C:T,14:73275445:C:T,805109,-0.0295855738222599,0.0008753061993047,computed (both variants usable),DBP
14:85796733:A:T,14:89562165:A:G,3765432,-0.01863444596529,0.0003472425742074,computed (both variants usable),DBP
14:85796733:A:T,14:92386379:C:T,6589646,0.0211096331477165,0.0004456166061572,computed (both variants usable),DBP
14:89562165:A:G,14:92386379:C:T,2824214,0.0249810777604579,0.0006240542279556,computed (both variants usable),DBP
14:92386379:C:T,14:100113207:A:G,7726828,-0.0307171046733856,0.0009435405372641,computed (both variants usable),DBP
14:92386379:C:T,14:100133250:C:T,7746871,-0.012062894180417,0.000145513418829,computed (both variants usable),DBP
14:92386379:C:T,14:101175967:G:A,8789588,-0.0069251940585672,4.795831409865059e-05,computed (both variants usable),DBP
14:100113207:A:G,14:100133250:C:T,20043,-0.36165452003479,0.1307939887046814,computed (both variants usable),DBP
14:100113207:A:G,14:101175967:G:A,1062760,0.0156804323196411,0.0002458759699948,computed (both variants usable),DBP
14:100113207:A:G,14:103859962:C:T,3746755,0.0192709919065237,0.0003713711339514,computed (both variants usable),DBP
14:100113207:A:G,14:103959289:G:T,3846082,0.0206817369908094,0.0004277342522982,computed (both variants usable),DBP
14:100133250:C:T,14:101175967:G:A,1042717,-0.0274772923439741,0.0007550016161985,computed (both variants usable),DBP
14:100133250:C:T,14:103859962:C:T,3726712,0.0042338846251368,1.792577859305311e-05,computed (both variants usable),DBP
14:100133250:C:T,14:103959289:G:T,3826039,0.0068557569757103,4.700140198110603e-05,computed (both variants usable),DBP
14:101175967:G:A,14:103859962:C:T,2683995,-0.0121447760611772,0.000147495578858,computed (both variants usable),DBP
14:101175967:G:A,14:103959289:G:T,2783322,-0.0106896329671144,0.0001142682522186,computed (both variants usable),DBP
14:103859962:C:T,14:103959289:G:T,99327,0.9954291582107544,0.990879237651825,computed (both variants usable),DBP
15:42032383:C:G,15:42124673:G:C,92290,0.941424548625946,0.8862801790237427,computed (both variants usable),DBP
15:42032383:C:G,15:48801804:A:G,6769421,0.0316846407949924,0.0010039164917543,computed (both variants usable),DBP
15:42124673:G:C,15:48801804:A:G,6677131,0.0154068870469927,0.0002373721654294,computed (both variants usable),DBP
15:62739174:T:C,15:62757722:A:G,18548,0.5648517608642578,0.3190575242042541,computed (both variants usable),DBP
15:62739174:T:C,15:67645013:G:C,4905839,0.0108755473047494,0.0001182775304187,computed (both variants usable),DBP
15:62739174:T:C,15:68080886:A:T,5341712,-0.0327735394239425,0.0010741049190983,computed (both variants usable),DBP
15:62739174:T:C,15:68467760:G:C,5728586,-0.0350199118256568,0.0012263942044228,computed (both variants usable),DBP
15:62739174:T:C,15:69523654:G:C,6784480,0.0042702099308371,1.823469210648909e-05,computed (both variants usable),DBP
15:62739174:T:C,15:69682916:A:G,6943742,0.0431772321462631,0.001864273333922,computed (both variants usable),DBP
15:62739174:T:C,15:71609306:G:C,8870132,-0.0389124937355518,0.0015141821932047,computed (both variants usable),DBP
15:62757722:A:G,15:67645013:G:C,4887291,-0.0145094776526093,0.0002105249441228,computed (both variants usable),DBP
15:62757722:A:G,15:68080886:A:T,5323164,0.0051508047617971,2.6530789909884334e-05,computed (both variants usable),DBP
15:62757722:A:G,15:68467760:G:C,5710038,0.0100323110818862,0.0001006472666631,computed (both variants usable),DBP
15:62757722:A:G,15:69523654:G:C,6765932,0.0054307649843394,2.949320878542494e-05,computed (both variants usable),DBP
15:62757722:A:G,15:69682916:A:G,6925194,0.0589948371052742,0.0034803908783942,computed (both variants usable),DBP
15:62757722:A:G,15:71609306:G:C,8851584,-0.0477909408509731,0.0022839740850031,computed (both variants usable),DBP
15:67645013:G:C,15:68080886:A:T,435873,0.3516120910644531,0.1236310601234436,computed (both variants usable),DBP
15:67645013:G:C,15:68467760:G:C,822747,0.0782762318849563,0.0061271684244275,computed (both variants usable),DBP
15:67645013:G:C,15:69523654:G:C,1878641,0.0352920889854431,0.0012455316027626,computed (both variants usable),DBP
15:67645013:G:C,15:69682916:A:G,2037903,-0.0430466756224632,0.0018530163215473,computed (both variants usable),DBP
15:67645013:G:C,15:71609306:G:C,3964293,-0.0018245326355099,3.328919319756096e-06,computed (both variants usable),DBP
15:67645013:G:C,15:75077367:C:A,7432354,0.0113764218986034,0.0001294229732593,computed (both variants usable),DBP
15:67645013:G:C,15:75082552:C:G,7437539,0.0113764218986034,0.0001294229732593,computed (both variants usable),DBP
15:67645013:G:C,15:75115895:G:A,7470882,0.0173231028020381,0.0003000898868776,computed (both variants usable),DBP
15:68080886:A:T,15:68467760:G:C,386874,0.1015330329537391,0.0103089567273855,computed (both variants usable),DBP
15:68080886:A:T,15:69523654:G:C,1442768,-0.0428392179310321,0.0018351986072957,computed (both variants usable),DBP
15:68080886:A:T,15:69682916:A:G,1602030,-0.0277133081108331,0.0007680274429731,computed (both variants usable),DBP
15:68080886:A:T,15:71609306:G:C,3528420,0.0092091336846351,8.480813994538039e-05,computed (both variants usable),DBP
15:68080886:A:T,15:75077367:C:A,6996481,0.0460526943206787,0.0021208506077528,computed (both variants usable),DBP
15:68080886:A:T,15:75082552:C:G,7001666,0.0460526943206787,0.0021208506077528,computed (both variants usable),DBP
15:68080886:A:T,15:75115895:G:A,7035009,0.0522764697670936,0.0027328291907906,computed (both variants usable),DBP
15:68467760:G:C,15:69523654:G:C,1055894,-0.0136361606419086,0.0001859448821051,computed (both variants usable),DBP
15:68467760:G:C,15:69682916:A:G,1215156,-0.0020074537023901,4.029870524391299e-06,computed (both variants usable),DBP
15:68467760:G:C,15:71609306:G:C,3141546,-0.0143865123391151,0.0002069717302219,computed (both variants usable),DBP
15:68467760:G:C,15:75077367:C:A,6609607,-0.0355460233986377,0.0012635197490453,computed (both variants usable),DBP
15:68467760:G:C,15:75082552:C:G,6614792,-0.0355460233986377,0.0012635197490453,computed (both variants usable),DBP
15:68467760:G:C,15:75115895:G:A,6648135,-0.0072145741432905,5.2050079830223694e-05,computed (both variants usable),DBP
15:69523654:G:C,15:69682916:A:G,159262,0.094495341181755,0.0089293690398335,computed (both variants usable),DBP
15:69523654:G:C,15:71609306:G:C,2085652,-0.0184037871658802,0.0003386993776075,computed (both variants usable),DBP
15:69523654:G:C,15:75077367:C:A,5553713,-0.0562268234789371,0.0031614557374268,computed (both variants usable),DBP
15:69523654:G:C,15:75082552:C:G,5558898,-0.0562268234789371,0.0031614557374268,computed (both variants usable),DBP
15:69523654:G:C,15:75115895:G:A,5592241,-0.069070003926754,0.0047706654295325,computed (both variants usable),DBP
15:69523654:G:C,15:79058013:C:T,9534359,-0.0351869761943817,0.0012381232809275,computed (both variants usable),DBP
15:69523654:G:C,15:79202362:C:T,9678708,0.0094016222283244,8.839050133246928e-05,computed (both variants usable),DBP
15:69682916:A:G,15:71609306:G:C,1926390,0.0079591609537601,6.334824138320982e-05,computed (both variants usable),DBP
15:69682916:A:G,15:75077367:C:A,5394451,0.044549822807312,0.0019846868235617,computed (both variants usable),DBP
15:69682916:A:G,15:75082552:C:G,5399636,0.044549822807312,0.0019846868235617,computed (both variants usable),DBP
15:69682916:A:G,15:75115895:G:A,5432979,-0.0047784969210624,2.283403227920644e-05,computed (both variants usable),DBP
15:69682916:A:G,15:79058013:C:T,9375097,-0.0483693331480026,0.0023395924363285,computed (both variants usable),DBP
15:69682916:A:G,15:79202362:C:T,9519446,0.0059340926818549,3.5213455703342333e-05,computed (both variants usable),DBP
15:71609306:G:C,15:75077367:C:A,3468061,0.0343191251158714,0.0011778023326769,computed (both variants usable),DBP
15:71609306:G:C,15:75082552:C:G,3473246,0.0343191251158714,0.0011778023326769,computed (both variants usable),DBP
15:71609306:G:C,15:75115895:G:A,3506589,0.0470990426838398,0.0022183198016136,computed (both variants usable),DBP
15:71609306:G:C,15:79058013:C:T,7448707,0.012284729629755,0.0001509145804448,computed (both variants usable),DBP
15:71609306:G:C,15:79202362:C:T,7593056,0.0177547335624694,0.0003152305725961,computed (both variants usable),DBP
15:71609306:G:C,15:81028965:C:G,9419659,-0.0174242202192544,0.0003036034468095,computed (both variants usable),DBP
15:71609306:G:C,15:81042816:A:G,9433510,-0.0069183055311441,4.7862951760180295e-05,computed (both variants usable),DBP
15:75077367:C:A,15:75082552:C:G,5185,0.9999973177909852,0.9999946355819702,computed (both variants usable),DBP
15:75077367:C:A,15:75115895:G:A,38528,0.8075720071792603,0.6521725654602051,computed (both variants usable),DBP
15:75077367:C:A,15:79058013:C:T,3980646,-0.0104727139696478,0.0001096777414204,computed (both variants usable),DBP
15:75077367:C:A,15:79202362:C:T,4124995,-0.0348766185343265,0.0012163785286247,computed (both variants usable),DBP
15:75077367:C:A,15:81028965:C:G,5951598,-0.0093768239021301,8.792482549324632e-05,computed (both variants usable),DBP
15:75077367:C:A,15:81042816:A:G,5965449,-0.0023770609404891,5.650418643199373e-06,computed (both variants usable),DBP
15:75077367:C:A,15:83899262:C:T,8821895,0.020236624404788,0.0004095209587831,computed (both variants usable),DBP
15:75082552:C:G,15:75115895:G:A,33343,0.8075720071792603,0.6521725654602051,computed (both variants usable),DBP
15:75082552:C:G,15:79058013:C:T,3975461,-0.0104727139696478,0.0001096777414204,computed (both variants usable),DBP
15:75082552:C:G,15:79202362:C:T,4119810,-0.0348766185343265,0.0012163785286247,computed (both variants usable),DBP
15:75082552:C:G,15:81028965:C:G,5946413,-0.0093768239021301,8.792482549324632e-05,computed (both variants usable),DBP
15:75082552:C:G,15:81042816:A:G,5960264,-0.0023770609404891,5.650418643199373e-06,computed (both variants usable),DBP
15:75082552:C:G,15:83899262:C:T,8816710,0.020236624404788,0.0004095209587831,computed (both variants usable),DBP
15:75115895:G:A,15:79058013:C:T,3942118,-0.0283034276217222,0.0008010840392671,computed (both variants usable),DBP
15:75115895:G:A,15:79202362:C:T,4086467,-0.0232116114348173,0.0005387788987718,computed (both variants usable),DBP
15:75115895:G:A,15:81028965:C:G,5913070,-0.0155698964372277,0.0002424216800136,computed (both variants usable),DBP
15:75115895:G:A,15:81042816:A:G,5926921,-0.0102995922788977,0.0001060815993696,computed (both variants usable),DBP
15:75115895:G:A,15:83899262:C:T,8783367,0.0283981338143348,0.0008064539870247,computed (both variants usable),DBP
15:79058013:C:T,15:79202362:C:T,144349,-0.1309193223714828,0.0171398688107728,computed (both variants usable),DBP
15:79058013:C:T,15:81028965:C:G,1970952,0.0443433448672294,0.0019663323182612,computed (both variants usable),DBP
15:79058013:C:T,15:81042816:A:G,1984803,0.0521253533661365,0.002717052353546,computed (both variants usable),DBP
15:79058013:C:T,15:83899262:C:T,4841249,0.0565529838204383,0.0031982399523258,computed (both variants usable),DBP
15:79202362:C:T,15:81028965:C:G,1826603,-0.0360406450927257,0.0012989280512556,computed (both variants usable),DBP
15:79202362:C:T,15:81042816:A:G,1840454,-0.0354305654764175,0.001255324925296,computed (both variants usable),DBP
15:79202362:C:T,15:83899262:C:T,4696900,-0.0276410393416881,0.0007640270632691,computed (both variants usable),DBP
15:81028965:C:G,15:81042816:A:G,13851,0.9860808253288268,0.9723553657531738,computed (both variants usable),DBP
15:81028965:C:G,15:83899262:C:T,2870297,0.0130275962874293,0.0001697182597126,computed (both variants usable),DBP
15:81042816:A:G,15:83899262:C:T,2856446,0.0160923209041357,0.0002589627983979,computed (both variants usable),DBP
15:83899262:C:T,15:91418394:C:T,7519132,0.0358086191117763,0.0012822572607547,computed (both variants usable),DBP
15:83899262:C:T,15:91429176:G:T,7529914,0.0455155260860919,0.0020716630388051,computed (both variants usable),DBP
15:83899262:C:T,15:91437388:A:T,7538126,0.0508689694106578,0.0025876520667225,computed (both variants usable),DBP
15:91418394:C:T,15:91429176:G:T,10782,0.9726799130439758,0.9461061954498292,computed (both variants usable),DBP
15:91418394:C:T,15:91437388:A:T,18994,0.949878990650177,0.9022700786590576,computed (both variants usable),DBP
15:91418394:C:T,15:96637443:T:C,5219049,0.0418975614011287,0.0017554056830704,computed (both variants usable),DBP
15:91429176:G:T,15:91437388:A:T,8212,0.9725485444068908,0.945850670337677,computed (both variants usable),DBP
15:91429176:G:T,15:96637443:T:C,5208267,0.0402643494307994,0.0016212178161367,computed (both variants usable),DBP
15:91437388:A:T,15:96637443:T:C,5200055,0.0402643457055091,0.0016212175833061,computed (both variants usable),DBP
16:2080571:T:C,16:2080653:A:T,82,1.0000014305114746,1.0000028610229492,computed (both variants usable),DBP
16:2080571:T:C,16:2210407:G:A,129836,0.0673053488135337,0.0045300098136067,computed (both variants usable),DBP
16:2080571:T:C,16:2221157:T:C,140586,0.058743305504322,0.0034507759846746,computed (both variants usable),DBP
16:2080571:T:C,16:4020732:C:T,1940161,-0.0110383499413728,0.0001218451725435,computed (both variants usable),DBP
16:2080571:T:C,16:4918326:G:T,2837755,0.0247511882334947,0.0006126213120296,computed (both variants usable),DBP
16:2080571:T:C,16:6605594:A:G,4525023,0.0403258986771106,0.0016261781565845,computed (both variants usable),DBP
16:2080653:A:T,16:2210407:G:A,129754,0.0673053488135337,0.0045300098136067,computed (both variants usable),DBP
16:2080653:A:T,16:2221157:T:C,140504,0.058743305504322,0.0034507759846746,computed (both variants usable),DBP
16:2080653:A:T,16:4020732:C:T,1940079,-0.0110383499413728,0.0001218451725435,computed (both variants usable),DBP
16:2080653:A:T,16:4918326:G:T,2837673,0.0247511882334947,0.0006126213120296,computed (both variants usable),DBP
16:2080653:A:T,16:6605594:A:G,4524941,0.0403258986771106,0.0016261781565845,computed (both variants usable),DBP
16:2210407:G:A,16:2221157:T:C,10750,0.9833149313926696,0.9669082760810852,computed (both variants usable),DBP
16:2210407:G:A,16:4020732:C:T,1810325,-0.0015690393047407,2.461884378135437e-06,computed (both variants usable),DBP
16:2210407:G:A,16:4918326:G:T,2707919,-0.0022083127405494,4.8766451072879136e-06,computed (both variants usable),DBP
16:2210407:G:A,16:6605594:A:G,4395187,0.0331703200936317,0.0011002700775861,computed (both variants usable),DBP
16:2221157:T:C,16:4020732:C:T,1799575,-0.0015690437285229,2.461898247929639e-06,computed (both variants usable),DBP
16:2221157:T:C,16:4918326:G:T,2697169,-0.0022083120420575,4.876641924056457e-06,computed (both variants usable),DBP
16:2221157:T:C,16:6605594:A:G,4384437,0.0331703014671802,0.0011002689134329,computed (both variants usable),DBP
16:4020732:C:T,16:4918326:G:T,897594,0.0545472241938114,0.0029753996059298,computed (both variants usable),DBP
16:4020732:C:T,16:6605594:A:G,2584862,0.0184004604816436,0.0003385769377928,computed (both variants usable),DBP
16:4918326:G:T,16:6605594:A:G,1687268,0.0019377116113901,3.7547263218584703e-06,computed (both variants usable),DBP
16:69693038:T:A,16:70096679:C:A,403641,-0.0735373049974441,0.0054077352397143,computed (both variants usable),DBP
16:81603235:T:C,16:81603771:G:A,536,0.8422178030014038,0.7093308568000793,computed (both variants usable),DBP
16:81603235:T:C,16:81607756:A:G,4521,0.9860047101974488,0.9722052812576294,computed (both variants usable),DBP
16:81603235:T:C,16:83043712:G:C,1440477,0.0068854787386953,4.740981603390537e-05,computed (both variants usable),DBP
16:81603235:T:C,16:83045790:A:G,1442555,-0.0638912916183471,0.0040820972062647,computed (both variants usable),DBP
16:81603235:T:C,16:89693761:A:C,8090526,-0.0161008201539516,0.0002592364035081,computed (both variants usable),DBP
16:81603235:T:C,16:89700881:G:A,8097646,-0.0094073507934808,8.849825098877773e-05,computed (both variants usable),DBP
16:81603235:T:C,16:89711120:C:T,8107885,-0.030313640832901,0.0009189168340526,computed (both variants usable),DBP
16:81603771:G:A,16:81607756:A:G,3985,0.8399343490600586,0.7054896950721741,computed (both variants usable),DBP
16:81603771:G:A,16:83043712:G:C,1439941,0.0225408170372247,0.0005080884438939,computed (both variants usable),DBP
16:81603771:G:A,16:83045790:A:G,1442019,-0.078468345105648,0.0061572813428938,computed (both variants usable),DBP
16:81603771:G:A,16:89693761:A:C,8089990,-0.0145538188517093,0.0002118136471835,computed (both variants usable),DBP
16:81603771:G:A,16:89700881:G:A,8097110,-0.0117273144423961,0.0001375299034407,computed (both variants usable),DBP
16:81603771:G:A,16:89711120:C:T,8107349,-0.0394565127789974,0.0015568163944408,computed (both variants usable),DBP
16:81607756:A:G,16:83043712:G:C,1435956,0.0128930220380425,0.0001662300201132,computed (both variants usable),DBP
16:81607756:A:G,16:83045790:A:G,1438034,-0.0650324150919914,0.0042292149737477,computed (both variants usable),DBP
16:81607756:A:G,16:89693761:A:C,8086005,-0.0181011576205492,0.0003276519128121,computed (both variants usable),DBP
16:81607756:A:G,16:89700881:G:A,8093125,-0.0113367550075054,0.0001285220205318,computed (both variants usable),DBP
16:81607756:A:G,16:89711120:C:T,8103364,-0.0322193466126918,0.0010380862513557,computed (both variants usable),DBP
16:83043712:G:C,16:83045790:A:G,2078,-0.5514096617698669,0.3040526211261749,computed (both variants usable),DBP
16:83043712:G:C,16:89693761:A:C,6650049,0.0238823611289262,0.0005703671486116,computed (both variants usable),DBP
16:83043712:G:C,16:89700881:G:A,6657169,0.0274475514888763,0.0007533680764026,computed (both variants usable),DBP
16:83043712:G:C,16:89711120:C:T,6667408,0.0173444487154483,0.0003008299099747,computed (both variants usable),DBP
16:83045790:A:G,16:89693761:A:C,6647971,-0.0404988229274749,0.001640154630877,computed (both variants usable),DBP
16:83045790:A:G,16:89700881:G:A,6655091,-0.0109367556869983,0.0001196126249851,computed (both variants usable),DBP
16:83045790:A:G,16:89711120:C:T,6665330,0.0108737582340836,0.0001182386185973,computed (both variants usable),DBP
16:89693761:A:C,16:89700881:G:A,7120,0.8415017127990723,0.708125114440918,computed (both variants usable),DBP
16:89693761:A:C,16:89711120:C:T,17359,0.780308187007904,0.608880877494812,computed (both variants usable),DBP
16:89700881:G:A,16:89711120:C:T,10239,0.9184495806694032,0.8435496091842651,computed (both variants usable),DBP
17:3981148:G:C,17:3985864:G:A,4716,0.9977265000343324,0.99545818567276,computed (both variants usable),DBP
17:3981148:G:C,17:6473828:T:C,2492680,-0.0433045960962772,0.001875288086012,computed (both variants usable),DBP
17:3981148:G:C,17:7134129:A:G,3152981,-0.0059387683868408,3.526897125993855e-05,computed (both variants usable),DBP
17:3981148:G:C,17:7171356:C:T,3190208,0.0094848051667213,8.996152610052377e-05,computed (both variants usable),DBP
17:3981148:G:C,17:7185092:G:A,3203944,0.0119293490424752,0.0001423093635821,computed (both variants usable),DBP
17:3981148:G:C,17:7455536:C:T,3474388,-0.0067325686104595,4.532748062047176e-05,computed (both variants usable),DBP
17:3981148:G:C,17:7474539:C:T,3493391,-0.0043592462316155,1.900302777357865e-05,computed (both variants usable),DBP
17:3981148:G:C,17:7560742:C:T,3579594,-0.0067594861611723,4.569065276882611e-05,computed (both variants usable),DBP
17:3981148:G:C,17:7781019:T:C,3799871,-0.053169947117567,0.0028270431794226,computed (both variants usable),DBP
17:3981148:G:C,17:7790048:C:A,3808900,-0.0523740500211715,0.0027430411428213,computed (both variants usable),DBP
17:3981148:G:C,17:7898537:T:G,3917389,-0.0253937169909477,0.0006448408821597,computed (both variants usable),DBP
17:3981148:G:C,17:12623060:T:A,8641912,0.0340043976902961,0.0011562990257516,computed (both variants usable),DBP
17:3985864:G:A,17:6473828:T:C,2487964,-0.0415629521012306,0.001727479044348,computed (both variants usable),DBP
17:3985864:G:A,17:7134129:A:G,3148265,-0.0034182290546596,1.1684290257107932e-05,computed (both variants usable),DBP
17:3985864:G:A,17:7171356:C:T,3185492,0.0118401581421494,0.0001401893387082,computed (both variants usable),DBP
17:3985864:G:A,17:7185092:G:A,3199228,0.0143832201138138,0.0002068770263576,computed (both variants usable),DBP
17:3985864:G:A,17:7455536:C:T,3469672,-0.0082592647522687,6.821545684942976e-05,computed (both variants usable),DBP
17:3985864:G:A,17:7474539:C:T,3488675,-0.0026863743551075,7.216607173177181e-06,computed (both variants usable),DBP
17:3985864:G:A,17:7560742:C:T,3574878,-0.005243775434792,2.7497180781210773e-05,computed (both variants usable),DBP
17:3985864:G:A,17:7781019:T:C,3795155,-0.0525297857820987,0.0027593784034252,computed (both variants usable),DBP
17:3985864:G:A,17:7790048:C:A,3804184,-0.0518389344215393,0.0026872751768678,computed (both variants usable),DBP
17:3985864:G:A,17:7898537:T:G,3912673,-0.0249023213982582,0.0006201256182976,computed (both variants usable),DBP
17:3985864:G:A,17:12623060:T:A,8637196,0.0367763005197048,0.0013524963287636,computed (both variants usable),DBP
17:6473828:T:C,17:7134129:A:G,660301,-0.0139231877401471,0.000193855157704,computed (both variants usable),DBP
17:6473828:T:C,17:7171356:C:T,697528,0.0056187091395258,3.1569892598781735e-05,computed (both variants usable),DBP
17:6473828:T:C,17:7185092:G:A,711264,-0.007454143371433,5.556425458053127e-05,computed (both variants usable),DBP
17:6473828:T:C,17:7455536:C:T,981708,0.0665664747357368,0.0044310954399406,computed (both variants usable),DBP
17:6473828:T:C,17:7474539:C:T,1000711,-0.0251796636730432,0.0006340154795907,computed (both variants usable),DBP
17:6473828:T:C,17:7560742:C:T,1086914,-0.0281196199357509,0.0007907130056992,computed (both variants usable),DBP
17:6473828:T:C,17:7781019:T:C,1307191,-0.0110421916469931,0.0001219299956574,computed (both variants usable),DBP
17:6473828:T:C,17:7790048:C:A,1316220,-0.042587723582983,0.0018137141596525,computed (both variants usable),DBP
17:6473828:T:C,17:7898537:T:G,1424709,-0.0495929829776287,0.0024594638962298,computed (both variants usable),DBP
17:6473828:T:C,17:12623060:T:A,6149232,-0.0493039116263389,0.0024308757856488,computed (both variants usable),DBP
17:6473828:T:C,17:16238376:G:A,9764548,0.0281428731977939,0.0007920213392935,computed (both variants usable),DBP
17:7134129:A:G,17:7171356:C:T,37227,0.7108109593391418,0.5052522420883179,computed (both variants usable),DBP
17:7134129:A:G,17:7185092:G:A,50963,0.7358064651489258,0.5414111614227295,computed (both variants usable),DBP
17:7134129:A:G,17:7455536:C:T,321407,0.0116313835605978,0.0001352890831185,computed (both variants usable),DBP
17:7134129:A:G,17:7474539:C:T,340410,0.0206259936094284,0.0004254316154401,computed (both variants usable),DBP
17:7134129:A:G,17:7560742:C:T,426613,0.0182185675948858,0.0003319162060506,computed (both variants usable),DBP
17:7134129:A:G,17:7781019:T:C,646890,0.0489124692976474,0.0023924296256154,computed (both variants usable),DBP
17:7134129:A:G,17:7790048:C:A,655919,0.0532293953001499,0.0028333684895187,computed (both variants usable),DBP
17:7134129:A:G,17:7898537:T:G,764408,0.06967543810606,0.0048546665348112,computed (both variants usable),DBP
17:7134129:A:G,17:12623060:T:A,5488931,-0.0169159546494483,0.0002861495304387,computed (both variants usable),DBP
17:7134129:A:G,17:16238376:G:A,9104247,0.0423897542059421,0.001796891214326,computed (both variants usable),DBP
17:7171356:C:T,17:7185092:G:A,13736,0.9201497435569764,0.8466755747795105,computed (both variants usable),DBP
17:7171356:C:T,17:7455536:C:T,284180,-0.0018554189009591,3.44257932738401e-06,computed (both variants usable),DBP
17:7171356:C:T,17:7474539:C:T,303183,0.0852687954902648,0.007270767353475,computed (both variants usable),DBP
17:7171356:C:T,17:7560742:C:T,389386,0.0314167141914367,0.0009870099602267,computed (both variants usable),DBP
17:7171356:C:T,17:7781019:T:C,609663,0.0509366504848003,0.0025945424567908,computed (both variants usable),DBP
17:7171356:C:T,17:7790048:C:A,618692,0.0564227849245071,0.0031835306435823,computed (both variants usable),DBP
17:7171356:C:T,17:7898537:T:G,727181,0.1038691997528076,0.0107888104394078,computed (both variants usable),DBP
17:7171356:C:T,17:12623060:T:A,5451704,-0.002427227795124,5.891434739169199e-06,computed (both variants usable),DBP
17:7171356:C:T,17:16238376:G:A,9067020,0.013154006563127,0.0001730278891045,computed (both variants usable),DBP
17:7185092:G:A,17:7455536:C:T,270444,-0.0198571607470512,0.0003943068441003,computed (both variants usable),DBP
17:7185092:G:A,17:7474539:C:T,289447,0.0994895547628402,0.0098981717601418,computed (both variants usable),DBP
17:7185092:G:A,17:7560742:C:T,375650,0.0283431876450777,0.0008033362682908,computed (both variants usable),DBP
17:7185092:G:A,17:7781019:T:C,595927,0.0451868362724781,0.0020418502390384,computed (both variants usable),DBP
17:7185092:G:A,17:7790048:C:A,604956,0.0537381134927272,0.0028877847362309,computed (both variants usable),DBP
17:7185092:G:A,17:7898537:T:G,713445,0.0947084352374076,0.0089696878567337,computed (both variants usable),DBP
17:7185092:G:A,17:12623060:T:A,5437968,-0.0251693371683359,0.0006334955105558,computed (both variants usable),DBP
17:7185092:G:A,17:16238376:G:A,9053284,0.0056664426811039,3.210857175872661e-05,computed (both variants usable),DBP
17:7455536:C:T,17:7474539:C:T,19003,-0.6523491144180298,0.4255593717098236,computed (both variants usable),DBP
17:7455536:C:T,17:7560742:C:T,105206,-0.4535501897335052,0.205707773566246,computed (both variants usable),DBP
17:7455536:C:T,17:7781019:T:C,325483,-0.1388525515794754,0.0192800313234329,computed (both variants usable),DBP
17:7455536:C:T,17:7790048:C:A,334512,-0.1220534592866897,0.014897046610713,computed (both variants usable),DBP
17:7455536:C:T,17:7898537:T:G,443001,-0.1332171559333801,0.0177468098700046,computed (both variants usable),DBP
17:7455536:C:T,17:12623060:T:A,5167524,-0.0293037798255682,0.0008587114862166,computed (both variants usable),DBP
17:7455536:C:T,17:16238376:G:A,8782840,-0.0799785107374191,0.0063965623266994,computed (both variants usable),DBP
17:7474539:C:T,17:7560742:C:T,86203,0.5572289228439331,0.3105040788650512,computed (both variants usable),DBP
17:7474539:C:T,17:7781019:T:C,306480,0.1407187283039093,0.0198017600923776,computed (both variants usable),DBP
17:7474539:C:T,17:7790048:C:A,315509,0.1099911630153656,0.0120980562642216,computed (both variants usable),DBP
17:7474539:C:T,17:7898537:T:G,423998,0.1165099665522575,0.0135745722800493,computed (both variants usable),DBP
17:7474539:C:T,17:12623060:T:A,5148521,0.0196865666657686,0.0003875608963426,computed (both variants usable),DBP
17:7474539:C:T,17:16238376:G:A,8763837,0.0441626608371734,0.0019503405783325,computed (both variants usable),DBP
17:7560742:C:T,17:7781019:T:C,220277,0.1171914413571357,0.013733834028244,computed (both variants usable),DBP
17:7560742:C:T,17:7790048:C:A,229306,0.1054249480366706,0.0111144194379448,computed (both variants usable),DBP
17:7560742:C:T,17:7898537:T:G,337795,0.1794357150793075,0.0321971774101257,computed (both variants usable),DBP
17:7560742:C:T,17:12623060:T:A,5062318,0.0770332291722297,0.0059341182932257,computed (both variants usable),DBP
17:7560742:C:T,17:16238376:G:A,8677634,0.0547589920461177,0.0029985471628606,computed (both variants usable),DBP
17:7781019:T:C,17:7790048:C:A,9029,0.8317417502403259,0.6917943358421326,computed (both variants usable),DBP
17:7781019:T:C,17:7898537:T:G,117518,0.6589328646659851,0.4341925084590912,computed (both variants usable),DBP
17:7781019:T:C,17:12623060:T:A,4842041,0.0516209006309509,0.0026647173799574,computed (both variants usable),DBP
17:7781019:T:C,17:16238376:G:A,8457357,0.0106610422953963,0.0001136578212026,computed (both variants usable),DBP
17:7790048:C:A,17:7898537:T:G,108489,0.7997118234634399,0.6395390033721924,computed (both variants usable),DBP
17:7790048:C:A,17:12623060:T:A,4833012,0.0156434215605258,0.0002447166480123,computed (both variants usable),DBP
17:7790048:C:A,17:16238376:G:A,8448328,0.0071704555302858,5.141543078934774e-05,computed (both variants usable),DBP
17:7898537:T:G,17:12623060:T:A,4724523,0.0150410272181034,0.0002262324996991,computed (both variants usable),DBP
17:7898537:T:G,17:16238376:G:A,8339839,0.03347859531641,0.0011208163341507,computed (both variants usable),DBP
17:12623060:T:A,17:16238376:G:A,3615316,0.0071657919324934,5.134857565280981e-05,computed (both variants usable),DBP
17:12623060:T:A,17:18185510:G:A,5562450,-0.024732107296586,0.0006116771255619,computed (both variants usable),DBP
17:12623060:T:A,17:18221799:T:C,5598739,-0.0273227747529745,0.0007465340313501,computed (both variants usable),DBP
17:12623060:T:A,17:18244770:C:T,5621710,-0.0221400130540132,0.0004901801585219,computed (both variants usable),DBP
17:16238376:G:A,17:18185510:G:A,1947134,-0.0302863791584968,0.0009172647842206,computed (both variants usable),DBP
17:16238376:G:A,17:18221799:T:C,1983423,-0.0282353069633245,0.0007972325547598,computed (both variants usable),DBP
17:16238376:G:A,17:18244770:C:T,2006394,-0.028302926570177,0.0008010556339286,computed (both variants usable),DBP
17:18185510:G:A,17:18221799:T:C,36289,0.9979549050331116,0.9959139823913574,computed (both variants usable),DBP
17:18185510:G:A,17:18244770:C:T,59260,0.99795663356781,0.9959174394607544,computed (both variants usable),DBP
17:18221799:T:C,17:18244770:C:T,22971,0.9959166049957277,0.9918498992919922,computed (both variants usable),DBP
17:29168078:A:C,17:29247715:G:A,79637,0.753312885761261,0.5674803256988525,computed (both variants usable),DBP
17:41318171:G:C,17:47379486:T:C,6061315,0.0264758523553609,0.0007009707624092,computed (both variants usable),DBP
17:41318171:G:C,17:47448346:G:A,6130175,0.0332178212702274,0.0011034236522391,computed (both variants usable),DBP
17:41318171:G:C,17:47453444:A:G,6135273,0.0311590004712343,0.0009708832949399,computed (both variants usable),DBP
17:47379486:T:C,17:47448346:G:A,68860,0.976410448551178,0.953377366065979,computed (both variants usable),DBP
17:47379486:T:C,17:47453444:A:G,73958,0.949246883392334,0.9010696411132812,computed (both variants usable),DBP
17:47448346:G:A,17:47453444:A:G,5098,0.9725898504257202,0.9459310173988342,computed (both variants usable),DBP
17:59240473:C:T,17:59241469:T:C,996,0.8651730418205261,0.7485243678092957,computed (both variants usable),DBP
17:59240473:C:T,17:59475642:C:T,235169,-0.0028076495509594,7.882896170485765e-06,computed (both variants usable),DBP
17:59240473:C:T,17:59485393:C:T,244920,-0.0094592180103063,8.947680180426687e-05,computed (both variants usable),DBP
17:59240473:C:T,17:60769803:A:G,1529330,0.0467873625457286,0.0021890571806579,computed (both variants usable),DBP
17:59240473:C:T,17:62638924:A:T,3398451,0.0182299502193927,0.0003323310811538,computed (both variants usable),DBP
17:59240473:C:T,17:66054771:G:A,6814298,0.0020011183805763,4.004474703833694e-06,computed (both variants usable),DBP
17:59241469:T:C,17:59475642:C:T,234173,-0.0029030682053416,8.427805369137786e-06,computed (both variants usable),DBP
17:59241469:T:C,17:59485393:C:T,243924,-0.0093229282647371,8.691698894836009e-05,computed (both variants usable),DBP
17:59241469:T:C,17:60769803:A:G,1528334,0.0352058038115501,0.0012394486693665,computed (both variants usable),DBP
17:59241469:T:C,17:62638924:A:T,3397455,0.0271381977945566,0.000736481801141,computed (both variants usable),DBP
17:59241469:T:C,17:66054771:G:A,6813302,-0.0137138627469539,0.0001880700292531,computed (both variants usable),DBP
17:59475642:C:T,17:59485393:C:T,9751,0.992453157901764,0.9849632978439332,computed (both variants usable),DBP
17:59475642:C:T,17:60769803:A:G,1294161,0.0051231239922344,2.624640001158696e-05,computed (both variants usable),DBP
17:59475642:C:T,17:62638924:A:T,3163282,0.0504750497639179,0.0025477306917309,computed (both variants usable),DBP
17:59475642:C:T,17:66054771:G:A,6579129,-0.0147970868274569,0.000218953777221,computed (both variants usable),DBP
17:59485393:C:T,17:60769803:A:G,1284410,0.0024275078903883,5.8927944337483495e-06,computed (both variants usable),DBP
17:59485393:C:T,17:62638924:A:T,3153531,0.0592528656125068,0.0035109021700918,computed (both variants usable),DBP
17:59485393:C:T,17:66054771:G:A,6569378,-0.0083285216242074,6.93642723490484e-05,computed (both variants usable),DBP
17:60769803:A:G,17:62638924:A:T,1869121,0.0332500673830509,0.0011055669747292,computed (both variants usable),DBP
17:60769803:A:G,17:66054771:G:A,5284968,0.0095472242683172,9.114949352806434e-05,computed (both variants usable),DBP
17:62638924:A:T,17:66054771:G:A,3415847,0.0206190552562475,0.0004251454374752,computed (both variants usable),DBP
17:66054771:G:A,17:75316880:A:G,9262109,-0.0480110011994838,0.002305056201294,computed (both variants usable),DBP
18:10873221:A:G,18:20017609:C:A,9144388,0.0111289136111736,0.0001238527183886,computed (both variants usable),DBP
18:10873221:A:G,18:20177738:G:C,9304517,0.0160298198461532,0.0002569551288615,computed (both variants usable),DBP
18:20017609:C:A,18:20177738:G:C,160129,0.0825900435447692,0.0068211155012249,computed (both variants usable),DBP
18:31161426:T:G,18:31168982:T:C,7556,0.9999964833259584,0.9999929666519164,computed (both variants usable),DBP
18:42202927:G:A,18:42395357:C:T,192430,-0.0980613529682159,0.0096160285174846,computed (both variants usable),DBP
18:42202927:G:A,18:43083792:G:C,880865,-0.0399811342358589,0.0015984911005944,computed (both variants usable),DBP
18:42202927:G:A,18:43097750:C:A,894823,0.0215004924684762,0.0004622711858246,computed (both variants usable),DBP
18:42202927:G:A,18:48788464:T:C,6585537,0.0151612954214215,0.0002298648760188,computed (both variants usable),DBP
18:42202927:G:A,18:48790842:A:C,6587915,-0.0070524741895496,4.973739123670384e-05,computed (both variants usable),DBP
18:42202927:G:A,18:51851616:C:A,9648689,0.0012921984307467,1.669776793278288e-06,computed (both variants usable),DBP
18:42395357:C:T,18:43083792:G:C,688435,-0.0538651123642921,0.0029014502651989,computed (both variants usable),DBP
18:42395357:C:T,18:43097750:C:A,702393,0.0015158345922827,2.2977544631430646e-06,computed (both variants usable),DBP
18:42395357:C:T,18:48788464:T:C,6393107,0.0208096485584974,0.0004330414813011,computed (both variants usable),DBP
18:42395357:C:T,18:48790842:A:C,6395485,-0.0113271502777934,0.0001283043384319,computed (both variants usable),DBP
18:42395357:C:T,18:51851616:C:A,9456259,-0.0491953529417514,0.0024201828055083,computed (both variants usable),DBP
18:43083792:G:C,18:43097750:C:A,13958,-0.6690323352813721,0.4476042687892914,computed (both variants usable),DBP
18:43083792:G:C,18:48788464:T:C,5704672,0.0023112862836569,5.342044460121542e-06,computed (both variants usable),DBP
18:43083792:G:C,18:48790842:A:C,5707050,0.0155553827062249,0.0002419699303572,computed (both variants usable),DBP
18:43083792:G:C,18:51851616:C:A,8767824,-0.0066378554329276,4.406112566357479e-05,computed (both variants usable),DBP
18:43097750:C:A,18:48788464:T:C,5690714,0.0296783857047557,0.0008808065904304,computed (both variants usable),DBP
18:43097750:C:A,18:48790842:A:C,5693092,-0.0269481185823678,0.0007262011058628,computed (both variants usable),DBP
18:43097750:C:A,18:51851616:C:A,8753866,-0.0217590853571891,0.0004734577960334,computed (both variants usable),DBP
18:48788464:T:C,18:48790842:A:C,2378,-0.8207547068595886,0.6736382842063904,computed (both variants usable),DBP
18:48788464:T:C,18:51851616:C:A,3063152,0.0715430825948715,0.0051184128969907,computed (both variants usable),DBP
18:48790842:A:C,18:51851616:C:A,3060774,-0.0625376179814338,0.003910953644663,computed (both variants usable),DBP
19:1219702:G:A,19:1224999:A:G,5297,0.8938032388687134,0.7988842129707336,computed (both variants usable),DBP
19:1219702:G:A,19:7249785:C:T,6030083,0.011928416788578,0.0001422871282557,computed (both variants usable),DBP
19:1219702:G:A,19:7257990:C:G,6038288,0.0097674997523427,9.54040515352972e-05,computed (both variants usable),DBP
19:1224999:A:G,19:7249785:C:T,6024786,-0.0020829383283853,4.338632152212085e-06,computed (both variants usable),DBP
19:1224999:A:G,19:7257990:C:G,6032991,0.036655955016613,0.0013436590088531,computed (both variants usable),DBP
19:7249785:C:T,19:7257990:C:G,8205,-0.0932230949401855,0.008690545335412,computed (both variants usable),DBP
19:7249785:C:T,19:11271714:G:A,4021929,-0.0417469143867492,0.0017428048886358,computed (both variants usable),DBP
19:7249785:C:T,19:11501240:A:G,4251455,-0.0290147513151168,0.0008418557699769,computed (both variants usable),DBP
19:7249785:C:T,19:11526759:G:A,4276974,-0.0057267090305686,3.279519660281949e-05,computed (both variants usable),DBP
19:7249785:C:T,19:15304598:C:A,8054813,0.0218618456274271,0.0004779402806889,computed (both variants usable),DBP
19:7257990:C:G,19:11271714:G:A,4013724,-0.0540999211370945,0.0029268015641719,computed (both variants usable),DBP
19:7257990:C:G,19:11501240:A:G,4243250,-0.0059714335948228,3.565802035154775e-05,computed (both variants usable),DBP
19:7257990:C:G,19:11526759:G:A,4268769,0.0462347753345966,0.0021376544609665,computed (both variants usable),DBP
19:7257990:C:G,19:15304598:C:A,8046608,0.0009318106458522,8.682710586072062e-07,computed (both variants usable),DBP
19:11271714:G:A,19:11501240:A:G,229526,0.073567196726799,0.0054121324792504,computed (both variants usable),DBP
19:11271714:G:A,19:11526759:G:A,255045,0.0070884847082197,5.02466136822477e-05,computed (both variants usable),DBP
19:11271714:G:A,19:15304598:C:A,4032884,-0.0675166994333267,0.0045585045590996,computed (both variants usable),DBP
19:11271714:G:A,19:17417252:C:A,6145538,-0.0157880764454603,0.0002492633648216,computed (both variants usable),DBP
19:11271714:G:A,19:18620411:A:G,7348697,0.0807464644312858,0.0065199914388358,computed (both variants usable),DBP
19:11271714:G:A,19:18916914:C:A,7645200,0.0303490832448005,0.0009210668504238,computed (both variants usable),DBP
19:11271714:G:A,19:19329924:C:T,8058210,0.0614015683531761,0.0037701525725424,computed (both variants usable),DBP
19:11271714:G:A,19:19379549:C:T,8107835,0.0527040846645832,0.0027777205687016,computed (both variants usable),DBP
19:11501240:A:G,19:11526759:G:A,25519,0.1040648892521858,0.0108295008540153,computed (both variants usable),DBP
19:11501240:A:G,19:15304598:C:A,3803358,0.0003945691569242,1.556848161499147e-07,computed (both variants usable),DBP
19:11501240:A:G,19:17417252:C:A,5916012,0.0121121453121304,0.0001467040710849,computed (both variants usable),DBP
19:11501240:A:G,19:18620411:A:G,7119171,-0.0099393771961331,9.879122080747038e-05,computed (both variants usable),DBP
19:11501240:A:G,19:18916914:C:A,7415674,-0.0178936775773763,0.0003201836952939,computed (both variants usable),DBP
19:11501240:A:G,19:19329924:C:T,7828684,-3.2943469705060124e-05,1.0852722054366382e-09,computed (both variants usable),DBP
19:11501240:A:G,19:19379549:C:T,7878309,0.0165387820452451,0.0002735313028097,computed (both variants usable),DBP
19:11526759:G:A,19:15304598:C:A,3777839,-0.021609803661704,0.0004669836198445,computed (both variants usable),DBP
19:11526759:G:A,19:17417252:C:A,5890493,-0.0270188730210065,0.0007300195284187,computed (both variants usable),DBP
19:11526759:G:A,19:18620411:A:G,7093652,0.0085963308811187,7.389690290438011e-05,computed (both variants usable),DBP
19:11526759:G:A,19:18916914:C:A,7390155,0.0155867068096995,0.0002429454325465,computed (both variants usable),DBP
19:11526759:G:A,19:19329924:C:T,7803165,0.0089392634108662,7.991043094079942e-05,computed (both variants usable),DBP
19:11526759:G:A,19:19379549:C:T,7852790,-0.0153219131752848,0.0002347610279684,computed (both variants usable),DBP
19:15304598:C:A,19:17417252:C:A,2112654,0.0214765183627605,0.0004612408520188,computed (both variants usable),DBP
19:15304598:C:A,19:18620411:A:G,3315813,-0.0119980908930301,0.0001439541811123,computed (both variants usable),DBP
19:15304598:C:A,19:18916914:C:A,3612316,-0.0155001003295183,0.0002402531099505,computed (both variants usable),DBP
19:15304598:C:A,19:19329924:C:T,4025326,0.0126633457839488,0.0001603603304829,computed (both variants usable),DBP
19:15304598:C:A,19:19379549:C:T,4074951,0.0015470894286409,2.3934856017149286e-06,computed (both variants usable),DBP
19:15304598:C:A,19:21921709:T:C,6617111,0.0150640504434704,0.0002269256219733,computed (both variants usable),DBP
19:17417252:C:A,19:18620411:A:G,1203159,-0.0243374109268188,0.0005923095741309,computed (both variants usable),DBP
19:17417252:C:A,19:18916914:C:A,1499662,-0.0084811504930257,7.192991324700415e-05,computed (both variants usable),DBP
19:17417252:C:A,19:19329924:C:T,1912672,-0.0055240597575902,3.051523708563764e-05,computed (both variants usable),DBP
19:17417252:C:A,19:19379549:C:T,1962297,-0.0055240509100258,3.0515138860209845e-05,computed (both variants usable),DBP
19:17417252:C:A,19:21921709:T:C,4504457,0.0288923978805542,0.0008347706752829,computed (both variants usable),DBP
19:18620411:A:G,19:18916914:C:A,296503,0.0239222664386034,0.0005722748464904,computed (both variants usable),DBP
19:18620411:A:G,19:19329924:C:T,709513,-0.0295245014131069,0.0008716961601749,computed (both variants usable),DBP
19:18620411:A:G,19:19379549:C:T,759138,-0.014261458069086,0.00020338917966,computed (both variants usable),DBP
19:18620411:A:G,19:21921709:T:C,3301298,-0.0013293207157403,1.7670935221758557e-06,computed (both variants usable),DBP
19:18916914:C:A,19:19329924:C:T,413010,-0.0572635978460311,0.0032791197299957,computed (both variants usable),DBP
19:18916914:C:A,19:19379549:C:T,462635,-0.0386566333472728,0.0014943353598937,computed (both variants usable),DBP
19:18916914:C:A,19:21921709:T:C,3004795,-0.041063617914915,0.0016862207558006,computed (both variants usable),DBP
19:19329924:C:T,19:19379549:C:T,49625,0.8738223314285278,0.7635654807090759,computed (both variants usable),DBP
19:19329924:C:T,19:21921709:T:C,2591785,0.0242119170725345,0.0005862169200554,computed (both variants usable),DBP
19:19379549:C:T,19:21921709:T:C,2542160,0.0149996289983391,0.0002249888639198,computed (both variants usable),DBP
19:21921709:T:C,19:30302546:C:T,8380837,0.0762136355042457,0.0058085182681679,computed (both variants usable),DBP
19:21921709:T:C,19:31863085:G:A,9941376,-0.005581107456237,3.11487601720728e-05,computed (both variants usable),DBP
19:21921709:T:C,19:31867132:A:T,9945423,-0.005581107456237,3.11487601720728e-05,computed (both variants usable),DBP
19:30302546:C:T,19:31863085:G:A,1560539,0.0269325207918882,0.0007253607036545,computed (both variants usable),DBP
19:30302546:C:T,19:31867132:A:T,1564586,0.0269325207918882,0.0007253607036545,computed (both variants usable),DBP
19:30302546:C:T,19:32590773:C:T,2288227,0.0294935908168554,0.0008698718738742,computed (both variants usable),DBP
19:30302546:C:T,19:32590871:A:T,2288325,0.0294935908168554,0.0008698718738742,computed (both variants usable),DBP
19:30302546:C:T,19:32607260:T:A,2304714,0.0324675254523754,0.0010541401570662,computed (both variants usable),DBP
19:31863085:G:A,19:31867132:A:T,4047,0.9999998211860656,0.9999996423721312,computed (both variants usable),DBP
19:31863085:G:A,19:32590773:C:T,727688,0.0323947556316852,0.0010494202142581,computed (both variants usable),DBP
19:31863085:G:A,19:32590871:A:T,727786,0.0323947556316852,0.0010494202142581,computed (both variants usable),DBP
19:31863085:G:A,19:32607260:T:A,744175,0.0388584025204181,0.0015099754091352,computed (both variants usable),DBP
19:31863085:G:A,19:40828730:G:A,8965645,0.0572150312364101,0.0032735597342252,computed (both variants usable),DBP
19:31863085:G:A,19:41042755:A:G,9179670,-0.0379501581192016,0.001440214458853,computed (both variants usable),DBP
19:31863085:G:A,19:41100406:C:G,9237321,-0.0239560604095459,0.0005738928448408,computed (both variants usable),DBP
19:31863085:G:A,19:41754217:G:T,9891132,0.0069521870464086,4.83329058624804e-05,computed (both variants usable),DBP
19:31867132:A:T,19:32590773:C:T,723641,0.0323947556316852,0.0010494202142581,computed (both variants usable),DBP
19:31867132:A:T,19:32590871:A:T,723739,0.0323947556316852,0.0010494202142581,computed (both variants usable),DBP
19:31867132:A:T,19:32607260:T:A,740128,0.0388584025204181,0.0015099754091352,computed (both variants usable),DBP
19:31867132:A:T,19:40828730:G:A,8961598,0.0572150312364101,0.0032735597342252,computed (both variants usable),DBP
19:31867132:A:T,19:41042755:A:G,9175623,-0.0379501581192016,0.001440214458853,computed (both variants usable),DBP
19:31867132:A:T,19:41100406:C:G,9233274,-0.0239560604095459,0.0005738928448408,computed (both variants usable),DBP
19:31867132:A:T,19:41754217:G:T,9887085,0.0069521870464086,4.83329058624804e-05,computed (both variants usable),DBP
19:32590773:C:T,19:32590871:A:T,98,1.0000014305114746,1.0000028610229492,computed (both variants usable),DBP
19:32590773:C:T,19:32607260:T:A,16487,0.9412181973457336,0.8858916759490967,computed (both variants usable),DBP
19:32590773:C:T,19:40828730:G:A,8237957,-0.0034326231107115,1.178290131065296e-05,computed (both variants usable),DBP
19:32590773:C:T,19:41042755:A:G,8451982,0.041790697723627,0.001746462425217,computed (both variants usable),DBP
19:32590773:C:T,19:41100406:C:G,8509633,0.0170106533914804,0.0002893623313866,computed (both variants usable),DBP
19:32590773:C:T,19:41754217:G:T,9163444,-0.035674050450325,0.0012726378627121,computed (both variants usable),DBP
19:32590773:C:T,19:41881222:T:C,9290449,-0.0171125419437885,0.0002928391040768,computed (both variants usable),DBP
19:32590871:A:T,19:32607260:T:A,16389,0.9412181973457336,0.8858916759490967,computed (both variants usable),DBP
19:32590871:A:T,19:40828730:G:A,8237859,-0.0034326231107115,1.178290131065296e-05,computed (both variants usable),DBP
19:32590871:A:T,19:41042755:A:G,8451884,0.041790697723627,0.001746462425217,computed (both variants usable),DBP
19:32590871:A:T,19:41100406:C:G,8509535,0.0170106533914804,0.0002893623313866,computed (both variants usable),DBP
19:32590871:A:T,19:41754217:G:T,9163346,-0.035674050450325,0.0012726378627121,computed (both variants usable),DBP
19:32590871:A:T,19:41881222:T:C,9290351,-0.0171125419437885,0.0002928391040768,computed (both variants usable),DBP
19:32607260:T:A,19:40828730:G:A,8221470,0.0018909272039309,3.575605660444125e-06,computed (both variants usable),DBP
19:32607260:T:A,19:41042755:A:G,8435495,0.0414652675390243,0.0017193683888763,computed (both variants usable),DBP
19:32607260:T:A,19:41100406:C:G,8493146,-0.0022805726621299,5.20101184520172e-06,computed (both variants usable),DBP
19:32607260:T:A,19:41754217:G:T,9146957,-0.0460381358861923,0.0021195099689066,computed (both variants usable),DBP
19:32607260:T:A,19:41881222:T:C,9273962,-0.0203108713030815,0.0004125314881093,computed (both variants usable),DBP
19:40828730:G:A,19:41042755:A:G,214025,-0.0607407242059707,0.0036894355434924,computed (both variants usable),DBP
19:40828730:G:A,19:41100406:C:G,271676,-0.0442899167537689,0.0019615967757999,computed (both variants usable),DBP
19:40828730:G:A,19:41754217:G:T,925487,-0.0153337121009826,0.0002351227303734,computed (both variants usable),DBP
19:40828730:G:A,19:41881222:T:C,1052492,0.0418140329420566,0.0017484133131802,computed (both variants usable),DBP
19:41042755:A:G,19:41100406:C:G,57651,-0.0472926832735538,0.002236597938463,computed (both variants usable),DBP
19:41042755:A:G,19:41754217:G:T,711462,-0.0084901740774512,7.208305760286748e-05,computed (both variants usable),DBP
19:41042755:A:G,19:41881222:T:C,838467,-0.0362809412181377,0.0013163066469132,computed (both variants usable),DBP
19:41100406:C:G,19:41754217:G:T,653811,0.0016967840492725,2.879076191675267e-06,computed (both variants usable),DBP
19:41100406:C:G,19:41881222:T:C,780816,0.0519323348999023,0.0026969674509018,computed (both variants usable),DBP
19:41754217:G:T,19:41881222:T:C,127005,0.0448817461729049,0.0020143711008131,computed (both variants usable),DBP
2:3639909:C:G,2:9299947:G:A,5660038,-0.0429383553564548,0.0018437023973092,computed (both variants usable),DBP
2:19342467:T:C,2:19344757:T:C,2290,0.9826210737228394,0.9655441641807556,computed (both variants usable),DBP
2:19342467:T:C,2:19711073:C:A,368606,0.0435980148613452,0.0019007868831977,computed (both variants usable),DBP
2:19342467:T:C,2:19735548:C:A,393081,-0.0549131371080875,0.003015452530235,computed (both variants usable),DBP
2:19342467:T:C,2:26914364:C:T,7571897,-0.0163652747869491,0.0002678222081158,computed (both variants usable),DBP
2:19342467:T:C,2:26923568:T:C,7581101,-0.0131550822407007,0.0001730561925796,computed (both variants usable),DBP
2:19342467:T:C,2:26929282:T:G,7586815,-0.0072054397314786,5.191836316953413e-05,computed (both variants usable),DBP
2:19342467:T:C,2:29097013:A:G,9754546,-0.0105199981480836,0.0001106703639379,computed (both variants usable),DBP
2:19344757:T:C,2:19711073:C:A,366316,0.055864505469799,0.0031208428554236,computed (both variants usable),DBP
2:19344757:T:C,2:19735548:C:A,390791,-0.0641018599271774,0.0041090482845902,computed (both variants usable),DBP
2:19344757:T:C,2:26914364:C:T,7569607,-0.0270565450191497,0.0007320566219277,computed (both variants usable),DBP
2:19344757:T:C,2:26923568:T:C,7578811,-0.0238769371062517,0.0005701081245206,computed (both variants usable),DBP
2:19344757:T:C,2:26929282:T:G,7584525,-0.0179218370467424,0.0003211922303307,computed (both variants usable),DBP
2:19344757:T:C,2:29097013:A:G,9752256,-0.0103724496439099,0.0001075877080438,computed (both variants usable),DBP
2:19711073:C:A,2:19735548:C:A,24475,-0.5857165455818176,0.3430638611316681,computed (both variants usable),DBP
2:19711073:C:A,2:26914364:C:T,7203291,-0.0633905306458473,0.0040183593519032,computed (both variants usable),DBP
2:19711073:C:A,2:26923568:T:C,7212495,-0.0633146613836288,0.004008746240288,computed (both variants usable),DBP
2:19711073:C:A,2:26929282:T:G,7218209,-0.0690621510148048,0.0047695809043943,computed (both variants usable),DBP
2:19711073:C:A,2:29097013:A:G,9385940,-0.00374984764494,1.406135743309278e-05,computed (both variants usable),DBP
2:19735548:C:A,2:26914364:C:T,7178816,0.0430763699114322,0.0018555736169219,computed (both variants usable),DBP
2:19735548:C:A,2:26923568:T:C,7188020,0.0419819764792919,0.0017624862957745,computed (both variants usable),DBP
2:19735548:C:A,2:26929282:T:G,7193734,0.0484342835843563,0.0023458797950297,computed (both variants usable),DBP
2:19735548:C:A,2:29097013:A:G,9361465,0.0506964512169361,0.0025701301638036,computed (both variants usable),DBP
2:26914364:C:T,2:26923568:T:C,9204,0.9938532710075378,0.9877443313598632,computed (both variants usable),DBP
2:26914364:C:T,2:26929282:T:G,14918,0.9753695726394652,0.9513458013534546,computed (both variants usable),DBP
2:26914364:C:T,2:29097013:A:G,2182649,-0.0275680273771286,0.0007599961245432,computed (both variants usable),DBP
2:26914364:C:T,2:36585272:G:A,9670908,-0.0155733488500118,0.0002425291895633,computed (both variants usable),DBP
2:26923568:T:C,2:26929282:T:G,5714,0.981484353542328,0.9633115530014038,computed (both variants usable),DBP
2:26923568:T:C,2:29097013:A:G,2173445,-0.0293928682804107,0.0008639406878501,computed (both variants usable),DBP
2:26923568:T:C,2:36585272:G:A,9661704,-0.0195896364748477,0.0003837538533844,computed (both variants usable),DBP
2:26929282:T:G,2:29097013:A:G,2167731,-0.0313520021736621,0.0009829479968175,computed (both variants usable),DBP
2:26929282:T:G,2:36585272:G:A,9655990,-0.0138701340183615,0.000192380612134,computed (both variants usable),DBP
2:29097013:A:G,2:36585272:G:A,7488259,0.0429681167006492,0.0018462591106072,computed (both variants usable),DBP
2:36585272:G:A,2:40525932:C:T,3940660,-0.0518359914422035,0.002686969935894,computed (both variants usable),DBP
2:36585272:G:A,2:40527128:T:G,3941856,-0.0122307082638144,0.0001495902251917,computed (both variants usable),DBP
2:36585272:G:A,2:40614339:G:T,4029067,0.0079605318605899,6.337006925605237e-05,computed (both variants usable),DBP
2:36585272:G:A,2:43166683:G:A,6581411,0.0267763752490282,0.0007169742602854,computed (both variants usable),DBP
2:36585272:G:A,2:43196694:A:T,6611422,0.0267763845622539,0.0007169747841544,computed (both variants usable),DBP
2:36585272:G:A,2:43386568:G:A,6801296,0.0054804682731628,3.0035533200134523e-05,computed (both variants usable),DBP
2:36585272:G:A,2:43389409:A:G,6804137,0.003167483722791,1.003295346890809e-05,computed (both variants usable),DBP
2:36585272:G:A,2:43582074:C:G,6996802,-0.0177932903170585,0.0003166011883877,computed (both variants usable),DBP
2:36585272:G:A,2:46353166:A:G,9767894,0.0011293590068817,1.2754517229041085e-06,computed (both variants usable),DBP
2:36585272:G:A,2:46363336:A:C,9778064,-0.0242321044206619,0.0005871948669664,computed (both variants usable),DBP
2:36585272:G:A,2:46374181:G:A,9788909,-0.0204168744385242,0.0004168487503193,computed (both variants usable),DBP
2:40525932:C:T,2:40527128:T:G,1196,0.8124527931213379,0.6600795388221741,computed (both variants usable),DBP
2:40525932:C:T,2:40614339:G:T,88407,-0.3380142152309418,0.1142536103725433,computed (both variants usable),DBP
2:40525932:C:T,2:43166683:G:A,2640751,-0.0320444963872432,0.0010268497280776,computed (both variants usable),DBP
2:40525932:C:T,2:43196694:A:T,2670762,-0.0543383657932281,0.0029526581056416,computed (both variants usable),DBP
2:40525932:C:T,2:43386568:G:A,2860636,0.0527080819010734,0.0027781419921666,computed (both variants usable),DBP
2:40525932:C:T,2:43389409:A:G,2863477,0.0589150376617908,0.0034709817264229,computed (both variants usable),DBP
2:40525932:C:T,2:43582074:C:G,3056142,0.0410140566527843,0.00168215285521,computed (both variants usable),DBP
2:40525932:C:T,2:46353166:A:G,5827234,0.0445675179362297,0.0019862635526806,computed (both variants usable),DBP
2:40525932:C:T,2:46363336:A:C,5837404,-0.0236678812652826,0.000560168584343,computed (both variants usable),DBP
2:40525932:C:T,2:46374181:G:A,5848249,-0.0037887687794864,1.4354768609337045e-05,computed (both variants usable),DBP
2:40527128:T:G,2:40614339:G:T,87211,-0.3167193233966827,0.100311130285263,computed (both variants usable),DBP
2:40527128:T:G,2:43166683:G:A,2639555,-0.0003792541101574,1.4383367386017198e-07,computed (both variants usable),DBP
2:40527128:T:G,2:43196694:A:T,2669566,-0.0162779912352561,0.0002649730013217,computed (both variants usable),DBP
2:40527128:T:G,2:43386568:G:A,2859440,0.0179523583501577,0.0003222871746402,computed (both variants usable),DBP
2:40527128:T:G,2:43389409:A:G,2862281,0.0226107444614171,0.0005112457438372,computed (both variants usable),DBP
2:40527128:T:G,2:43582074:C:G,3054946,0.0387213677167892,0.0014993443619459,computed (both variants usable),DBP
2:40527128:T:G,2:46353166:A:G,5826038,0.0457255356013774,0.0020908245351165,computed (both variants usable),DBP
2:40527128:T:G,2:46363336:A:C,5836208,0.0111684873700141,0.0001247351028723,computed (both variants usable),DBP
2:40527128:T:G,2:46374181:G:A,5847053,0.0029784359503537,8.871080353856087e-06,computed (both variants usable),DBP
2:40614339:G:T,2:43166683:G:A,2552344,0.0173637233674526,0.0003014988906215,computed (both variants usable),DBP
2:40614339:G:T,2:43196694:A:T,2582355,0.0389646328985691,0.0015182426432147,computed (both variants usable),DBP
2:40614339:G:T,2:43386568:G:A,2772229,-0.0344839356839656,0.0011891417670994,computed (both variants usable),DBP
2:40614339:G:T,2:43389409:A:G,2775070,-0.0376144051551818,0.0014148434856906,computed (both variants usable),DBP
2:40614339:G:T,2:43582074:C:G,2967735,0.0328501909971237,0.0010791349923238,computed (both variants usable),DBP
2:40614339:G:T,2:46353166:A:G,5738827,-0.0442165546119213,0.0019551035948097,computed (both variants usable),DBP
2:40614339:G:T,2:46363336:A:C,5748997,0.014147862792015,0.0002001620159717,computed (both variants usable),DBP
2:40614339:G:T,2:46374181:G:A,5759842,-0.0038036273326724,1.4467580513155552e-05,computed (both variants usable),DBP
2:43166683:G:A,2:43196694:A:T,30011,0.948040783405304,0.8987812995910645,computed (both variants usable),DBP
2:43166683:G:A,2:43386568:G:A,219885,0.0172851681709289,0.0002987770421896,computed (both variants usable),DBP
2:43166683:G:A,2:43389409:A:G,222726,0.0129675604403018,0.000168157625012,computed (both variants usable),DBP
2:43166683:G:A,2:43582074:C:G,415391,-0.0267661921679973,0.0007164290291257,computed (both variants usable),DBP
2:43166683:G:A,2:46353166:A:G,3186483,0.0182530637830495,0.0003331743355374,computed (both variants usable),DBP
2:43166683:G:A,2:46363336:A:C,3196653,-0.0223927590996027,0.0005014356574974,computed (both variants usable),DBP
2:43166683:G:A,2:46374181:G:A,3207498,-0.0169747024774551,0.0002881405234802,computed (both variants usable),DBP
2:43196694:A:T,2:43386568:G:A,189874,0.0247674547135829,0.0006134267896413,computed (both variants usable),DBP
2:43196694:A:T,2:43389409:A:G,192715,0.0279969554394483,0.0007838295423425,computed (both variants usable),DBP
2:43196694:A:T,2:43582074:C:G,385380,-0.004767136182636,2.2725587768945843e-05,computed (both variants usable),DBP
2:43196694:A:T,2:46353166:A:G,3156472,-0.0049123540520668,2.4131222744472325e-05,computed (both variants usable),DBP
2:43196694:A:T,2:46363336:A:C,3166642,-0.022392788901925,0.0005014369962736,computed (both variants usable),DBP
2:43196694:A:T,2:46374181:G:A,3177487,-0.0169747043401002,0.0002881405816879,computed (both variants usable),DBP
2:43386568:G:A,2:43389409:A:G,2841,0.976305603981018,0.9531726241111756,computed (both variants usable),DBP
2:43386568:G:A,2:43582074:C:G,195506,0.0271034874022007,0.0007345990161411,computed (both variants usable),DBP
2:43386568:G:A,2:46353166:A:G,2966598,0.0227130521088838,0.0005158827407285,computed (both variants usable),DBP
2:43386568:G:A,2:46363336:A:C,2976768,0.001917116693221,3.675336301967036e-06,computed (both variants usable),DBP
2:43386568:G:A,2:46374181:G:A,2987613,0.0222331080585718,0.0004943110980093,computed (both variants usable),DBP
2:43389409:A:G,2:43582074:C:G,192665,0.0280516818165779,0.000786896853242,computed (both variants usable),DBP
2:43389409:A:G,2:46353166:A:G,2963757,0.0218300689011812,0.0004765519115608,computed (both variants usable),DBP
2:43389409:A:G,2:46363336:A:C,2973927,-0.0034299397375434,1.1764486771426164e-05,computed (both variants usable),DBP
2:43389409:A:G,2:46374181:G:A,2984772,0.0161903128027915,0.0002621262392494,computed (both variants usable),DBP
2:43582074:C:G,2:46353166:A:G,2771092,-0.0470375828444957,0.0022125341929495,computed (both variants usable),DBP
2:43582074:C:G,2:46363336:A:C,2781262,-0.0129652880132198,0.0001680986897554,computed (both variants usable),DBP
2:43582074:C:G,2:46374181:G:A,2792107,-0.0107089839875698,0.0001146823415183,computed (both variants usable),DBP
2:46353166:A:G,2:46363336:A:C,10170,-0.2441889345645904,0.0596282370388507,computed (both variants usable),DBP
2:46353166:A:G,2:46374181:G:A,21015,-0.1025821641087532,0.0105231003835797,computed (both variants usable),DBP
2:46353166:A:G,2:55818419:C:T,9465253,0.0619709379971027,0.0038403971120715,computed (both variants usable),DBP
2:46353166:A:G,2:56071109:C:T,9717943,0.0304101221263408,0.0009247755515389,computed (both variants usable),DBP
2:46363336:A:C,2:46374181:G:A,10845,0.8466408252716064,0.7168006896972656,computed (both variants usable),DBP
2:46363336:A:C,2:55818419:C:T,9455083,-0.0415836349129676,0.001729198731482,computed (both variants usable),DBP
2:46363336:A:C,2:56071109:C:T,9707773,0.001947449054569,3.792557890847093e-06,computed (both variants usable),DBP
2:46374181:G:A,2:55818419:C:T,9444238,-0.0226092915982007,0.0005111800855956,computed (both variants usable),DBP
2:46374181:G:A,2:56071109:C:T,9696928,0.0022323923185467,4.9835753088700585e-06,computed (both variants usable),DBP
2:55818419:C:T,2:56071109:C:T,252690,0.0305738002061843,0.0009347572340629,computed (both variants usable),DBP
2:55818419:C:T,2:64217786:T:C,8399367,0.0250390581786632,0.0006269544246606,computed (both variants usable),DBP
2:55818419:C:T,2:64909691:A:G,9091272,-0.0866764262318611,0.0075128027237951,computed (both variants usable),DBP
2:56071109:C:T,2:64217786:T:C,8146677,0.0004903062945231,2.40400254369888e-07,computed (both variants usable),DBP
2:56071109:C:T,2:64909691:A:G,8838582,0.0280126444995403,0.0007847082451917,computed (both variants usable),DBP
2:64217786:T:C,2:64909691:A:G,691905,-0.0177619885653257,0.0003154882288072,computed (both variants usable),DBP
2:134513437:G:A,2:144183002:G:A,9669565,0.0233999714255332,0.0005475586513057,computed (both variants usable),DBP
2:134513437:G:A,2:144204338:C:T,9690901,0.0185254644602537,0.000343192834407,computed (both variants usable),DBP
2:144183002:G:A,2:144204338:C:T,21336,0.720546543598175,0.519187331199646,computed (both variants usable),DBP
2:144183002:G:A,2:145720139:A:G,1537137,-0.045719213783741,0.0020902464166283,computed (both variants usable),DBP
2:144183002:G:A,2:145796251:G:A,1613249,0.0113482447341084,0.0001287826598854,computed (both variants usable),DBP
2:144183002:G:A,2:145807415:G:A,1624413,0.018991932272911,0.0003606934915296,computed (both variants usable),DBP
2:144183002:G:A,2:146171033:A:G,1988031,0.0283990986645221,0.0008065088186413,computed (both variants usable),DBP
2:144204338:C:T,2:145720139:A:G,1515801,-0.0317887738347053,0.0010105260880663,computed (both variants usable),DBP
2:144204338:C:T,2:145796251:G:A,1591913,0.0514215752482414,0.0026441784575581,computed (both variants usable),DBP
2:144204338:C:T,2:145807415:G:A,1603077,-0.0191777013242244,0.0003677842323668,computed (both variants usable),DBP
2:144204338:C:T,2:146171033:A:G,1966695,-0.000973969057668,9.48615706874989e-07,computed (both variants usable),DBP
2:145720139:A:G,2:145796251:G:A,76112,-0.4740222990512848,0.2246971428394317,computed (both variants usable),DBP
2:145720139:A:G,2:145807415:G:A,87276,0.4162235260009765,0.1732420176267624,computed (both variants usable),DBP
2:145720139:A:G,2:146171033:A:G,450894,-0.2607018947601318,0.0679654777050018,computed (both variants usable),DBP
2:145796251:G:A,2:145807415:G:A,11164,-0.8558295965194702,0.7324442863464355,computed (both variants usable),DBP
2:145796251:G:A,2:146171033:A:G,374782,0.1027933359146118,0.0105664702132344,computed (both variants usable),DBP
2:145807415:G:A,2:146171033:A:G,363618,-0.0844199806451797,0.0071267331950366,computed (both variants usable),DBP
2:164954174:T:A,2:165008166:C:G,53992,0.6066156625747681,0.3679825663566589,computed (both variants usable),DBP
2:164954174:T:A,2:165085214:C:T,131040,-0.7394907474517822,0.5468465685844421,computed (both variants usable),DBP
2:165008166:C:G,2:165085214:C:T,77048,-0.5702763795852661,0.3252151608467102,computed (both variants usable),DBP
2:176584776:G:C,2:177692996:C:A,1108220,0.008542894385755,7.298104173969477e-05,computed (both variants usable),DBP
2:176584776:G:C,2:179680971:T:C,3096195,-0.0133249619975686,0.0001775546115823,computed (both variants usable),DBP
2:176584776:G:C,2:179725237:G:T,3140461,-0.0010498382616788,1.1021603540939395e-06,computed (both variants usable),DBP
2:176584776:G:C,2:183211443:G:A,6626667,-0.021027348935604,0.0004421494086273,computed (both variants usable),DBP
2:176584776:G:C,2:183305099:C:T,6720323,0.04157355427742,0.0017283604247495,computed (both variants usable),DBP
2:177692996:C:A,2:179680971:T:C,1987975,0.013810321688652,0.0001907249825308,computed (both variants usable),DBP
2:177692996:C:A,2:179725237:G:T,2032241,-0.0464758165180683,0.0021600015461444,computed (both variants usable),DBP
2:177692996:C:A,2:183211443:G:A,5518447,-0.0396820567548275,0.0015746656572446,computed (both variants usable),DBP
2:177692996:C:A,2:183305099:C:T,5612103,0.0232762470841407,0.0005417836946435,computed (both variants usable),DBP
2:179680971:T:C,2:179725237:G:T,44266,0.4580880105495453,0.2098446190357208,computed (both variants usable),DBP
2:179680971:T:C,2:183211443:G:A,3530472,0.0544598139822483,0.0029658712446689,computed (both variants usable),DBP
2:179680971:T:C,2:183305099:C:T,3624128,-0.0455110743641853,0.0020712579134851,computed (both variants usable),DBP
2:179725237:G:T,2:183211443:G:A,3486206,0.0496324524283409,0.0024633803404867,computed (both variants usable),DBP
2:179725237:G:T,2:183305099:C:T,3579862,-0.0335294529795646,0.0011242241598665,computed (both variants usable),DBP
2:183211443:G:A,2:183305099:C:T,93656,-0.5836458802223206,0.340642511844635,computed (both variants usable),DBP
2:201195602:C:T,2:203651201:A:G,2455599,0.0734167024493217,0.0053900121711194,computed (both variants usable),DBP
2:201195602:C:T,2:207996447:T:C,6800845,0.0198817569762468,0.0003952842671424,computed (both variants usable),DBP
2:201195602:C:T,2:208855135:A:G,7659533,0.0048572742380201,2.359311292821076e-05,computed (both variants usable),DBP
2:201195602:C:T,2:208882584:C:T,7686982,0.0226586889475584,0.0005134161910973,computed (both variants usable),DBP
2:201195602:C:T,2:208886206:G:A,7690604,0.0262042451649904,0.0006866624462418,computed (both variants usable),DBP
2:203651201:A:G,2:207996447:T:C,4345246,0.0133681120350956,0.0001787064247764,computed (both variants usable),DBP
2:203651201:A:G,2:208855135:A:G,5203934,0.055550217628479,0.0030858267564326,computed (both variants usable),DBP
2:203651201:A:G,2:208882584:C:T,5231383,0.058367483317852,0.0034067630767822,computed (both variants usable),DBP
2:203651201:A:G,2:208886206:G:A,5235005,0.0569532699882984,0.0032436749897897,computed (both variants usable),DBP
2:207996447:T:C,2:208855135:A:G,858688,0.0309203639626503,0.0009560689213685,computed (both variants usable),DBP
2:207996447:T:C,2:208882584:C:T,886137,0.025193078443408,0.0006346912123262,computed (both variants usable),DBP
2:207996447:T:C,2:208886206:G:A,889759,0.0323409885168075,0.0010459395125508,computed (both variants usable),DBP
2:208855135:A:G,2:208882584:C:T,27449,0.9714545607566832,0.9437239766120912,computed (both variants usable),DBP
2:208855135:A:G,2:208886206:G:A,31071,0.9667760729789734,0.9346559643745422,computed (both variants usable),DBP
2:208855135:A:G,2:218305715:C:T,9450580,-0.0274427197873592,0.0007531028822995,computed (both variants usable),DBP
2:208882584:C:T,2:208886206:G:A,3622,0.9952244758605956,0.9904717803001404,computed (both variants usable),DBP
2:208882584:C:T,2:218305715:C:T,9423131,-0.0236729253083467,0.0005604074103757,computed (both variants usable),DBP
2:208886206:G:A,2:218305715:C:T,9419509,-0.0255644563585519,0.0006535414140671,computed (both variants usable),DBP
2:218305715:C:T,2:219560492:C:G,1254777,0.0089757395908236,8.056389924604446e-05,computed (both variants usable),DBP
2:218305715:C:T,2:219699999:G:A,1394284,0.0594351217150688,0.0035325337667018,computed (both variants usable),DBP
2:218305715:C:T,2:220422774:A:G,2117059,-0.0499011650681495,0.0024901262950152,computed (both variants usable),DBP
2:219560492:C:G,2:219699999:G:A,139507,-0.0559316985309124,0.0031283549033105,computed (both variants usable),DBP
2:219560492:C:G,2:220422774:A:G,862282,0.0004811140534002,2.3147073591189843e-07,computed (both variants usable),DBP
2:219699999:G:A,2:220422774:A:G,722775,-0.0654947832226753,0.0042895665392279,computed (both variants usable),DBP
2:232065864:G:C,2:239865055:A:G,7799191,-0.0279880966991186,0.0007833335548639,computed (both variants usable),DBP
2:239865055:A:G,2:242530571:C:T,2665516,0.000746194506064,5.568062420024944e-07,computed (both variants usable),DBP
2:239865055:A:G,2:242637583:G:A,2772528,0.0181121863424778,0.0003280513046775,computed (both variants usable),DBP
2:239865055:A:G,2:242641864:C:T,2776809,0.0018745566485449,3.5139626106683863e-06,computed (both variants usable),DBP
2:239865055:A:G,2:242643998:G:A,2778943,-0.0143164051696658,0.0002049594622803,computed (both variants usable),DBP
2:239865055:A:G,2:242645892:A:C,2780837,0.0018745566485449,3.5139626106683863e-06,computed (both variants usable),DBP
2:239865055:A:G,2:242645911:G:A,2780856,0.0018745566485449,3.5139626106683863e-06,computed (both variants usable),DBP
2:239865055:A:G,2:242645923:A:G,2780868,0.0018745566485449,3.5139626106683863e-06,computed (both variants usable),DBP
2:239865055:A:G,2:242647197:A:G,2782142,0.0018745566485449,3.5139626106683863e-06,computed (both variants usable),DBP
2:239865055:A:G,2:242651331:A:C,2786276,0.0018745566485449,3.5139626106683863e-06,computed (both variants usable),DBP
2:239865055:A:G,2:242654211:A:T,2789156,0.0018745566485449,3.5139626106683863e-06,computed (both variants usable),DBP
2:239865055:A:G,2:242655374:A:G,2790319,7.057412585709244e-05,4.980707402069129e-09,computed (both variants usable),DBP
2:239865055:A:G,2:242658285:T:G,2793230,-0.0006494243862107,4.217520199745195e-07,computed (both variants usable),DBP
2:239865055:A:G,2:242663935:G:C,2798880,7.057412585709244e-05,4.980707402069129e-09,computed (both variants usable),DBP
2:239865055:A:G,2:242665455:G:A,2800400,-0.0121341682970523,0.0001472380390623,computed (both variants usable),DBP
2:239865055:A:G,2:242668070:T:G,2803015,-0.0208211429417133,0.0004335200064815,computed (both variants usable),DBP
2:239865055:A:G,2:242668154:C:T,2803099,-0.0191302485764026,0.0003659664071165,computed (both variants usable),DBP
2:239865055:A:G,2:242671698:G:A,2806643,-0.0139720439910888,0.0001952180173248,computed (both variants usable),DBP
2:239865055:A:G,2:242671712:G:C,2806657,-0.0139720439910888,0.0001952180173248,computed (both variants usable),DBP
2:239865055:A:G,2:242671714:T:C,2806659,-0.0139720439910888,0.0001952180173248,computed (both variants usable),DBP
2:239865055:A:G,2:242671723:T:C,2806668,-0.0139720439910888,0.0001952180173248,computed (both variants usable),DBP
2:239865055:A:G,2:242671952:C:A,2806897,-0.0252791997045278,0.0006390379276126,computed (both variants usable),DBP
2:242530571:C:T,2:242637583:G:A,107012,-0.0162378139793872,0.0002636665885802,computed (both variants usable),DBP
2:242530571:C:T,2:242641864:C:T,111293,-0.0139992823824286,0.0001959799119504,computed (both variants usable),DBP
2:242530571:C:T,2:242643998:G:A,113427,0.0003965720243286,1.5726936908322386e-07,computed (both variants usable),DBP
2:242530571:C:T,2:242645892:A:C,115321,-0.0139992823824286,0.0001959799119504,computed (both variants usable),DBP
2:242530571:C:T,2:242645911:G:A,115340,-0.0139992823824286,0.0001959799119504,computed (both variants usable),DBP
2:242530571:C:T,2:242645923:A:G,115352,-0.0139992823824286,0.0001959799119504,computed (both variants usable),DBP
2:242530571:C:T,2:242647197:A:G,116626,-0.0139992823824286,0.0001959799119504,computed (both variants usable),DBP
2:242530571:C:T,2:242651331:A:C,120760,-0.0139992823824286,0.0001959799119504,computed (both variants usable),DBP
2:242530571:C:T,2:242654211:A:T,123640,-0.0139992823824286,0.0001959799119504,computed (both variants usable),DBP
2:242530571:C:T,2:242655374:A:G,124803,-0.0163112320005893,0.0002660562749952,computed (both variants usable),DBP
2:242530571:C:T,2:242658285:T:G,127714,-0.0484427437186241,0.0023466993588954,computed (both variants usable),DBP
2:242530571:C:T,2:242663935:G:C,133364,-0.0093286475166678,8.702366176294163e-05,computed (both variants usable),DBP
2:242530571:C:T,2:242665455:G:A,134884,0.0087058003991842,7.57909583626315e-05,computed (both variants usable),DBP
2:242530571:C:T,2:242668070:T:G,137499,0.0251175798475742,0.0006308928132057,computed (both variants usable),DBP
2:242530571:C:T,2:242668154:C:T,137583,0.0275782644748687,0.0007605606806464,computed (both variants usable),DBP
2:242530571:C:T,2:242671698:G:A,141127,0.0210683736950159,0.0004438763717189,computed (both variants usable),DBP
2:242530571:C:T,2:242671712:G:C,141141,0.0210683736950159,0.0004438763717189,computed (both variants usable),DBP
2:242530571:C:T,2:242671714:T:C,141143,0.0210683736950159,0.0004438763717189,computed (both variants usable),DBP
2:242530571:C:T,2:242671723:T:C,141152,0.0210683736950159,0.0004438763717189,computed (both variants usable),DBP
2:242530571:C:T,2:242671952:C:A,141381,0.0161570999771356,0.0002610518713481,computed (both variants usable),DBP
2:242637583:G:A,2:242641864:C:T,4281,0.9784150123596193,0.9572959542274476,computed (both variants usable),DBP
2:242637583:G:A,2:242643998:G:A,6415,0.8034110069274902,0.6454692482948303,computed (both variants usable),DBP
2:242637583:G:A,2:242645892:A:C,8309,0.9784150123596193,0.9572959542274476,computed (both variants usable),DBP
2:242637583:G:A,2:242645911:G:A,8328,0.9784150123596193,0.9572959542274476,computed (both variants usable),DBP
2:242637583:G:A,2:242645923:A:G,8340,0.9784150123596193,0.9572959542274476,computed (both variants usable),DBP
2:242637583:G:A,2:242647197:A:G,9614,0.9784150123596193,0.9572959542274476,computed (both variants usable),DBP
2:242637583:G:A,2:242651331:A:C,13748,0.9784150123596193,0.9572959542274476,computed (both variants usable),DBP
2:242637583:G:A,2:242654211:A:T,16628,0.9784150123596193,0.9572959542274476,computed (both variants usable),DBP
2:242637583:G:A,2:242655374:A:G,17791,0.9729762077331544,0.9466826915740968,computed (both variants usable),DBP
2:242637583:G:A,2:242658285:T:G,20702,0.8866060972213745,0.7860703468322754,computed (both variants usable),DBP
2:242637583:G:A,2:242663935:G:C,26352,0.9729762077331544,0.9466826915740968,computed (both variants usable),DBP
2:242637583:G:A,2:242665455:G:A,27872,0.9053010940551758,0.8195700645446777,computed (both variants usable),DBP
2:242637583:G:A,2:242668070:T:G,30487,0.903484046459198,0.8162834048271179,computed (both variants usable),DBP
2:242637583:G:A,2:242668154:C:T,30571,0.9084686040878296,0.8253151774406433,computed (both variants usable),DBP
2:242637583:G:A,2:242671698:G:A,34115,0.902029275894165,0.8136568069458008,computed (both variants usable),DBP
2:242637583:G:A,2:242671712:G:C,34129,0.902029275894165,0.8136568069458008,computed (both variants usable),DBP
2:242637583:G:A,2:242671714:T:C,34131,0.902029275894165,0.8136568069458008,computed (both variants usable),DBP
2:242637583:G:A,2:242671723:T:C,34140,0.902029275894165,0.8136568069458008,computed (both variants usable),DBP
2:242637583:G:A,2:242671952:C:A,34369,0.9135291576385498,0.834535539150238,computed (both variants usable),DBP
2:242641864:C:T,2:242643998:G:A,2134,0.8228781223297119,0.6771283745765686,computed (both variants usable),DBP
2:242641864:C:T,2:242645892:A:C,4028,1.0000025033950806,1.0000050067901611,computed (both variants usable),DBP
2:242641864:C:T,2:242645911:G:A,4047,1.0000025033950806,1.0000050067901611,computed (both variants usable),DBP
2:242641864:C:T,2:242645923:A:G,4059,1.0000025033950806,1.0000050067901611,computed (both variants usable),DBP
2:242641864:C:T,2:242647197:A:G,5333,1.0000025033950806,1.0000050067901611,computed (both variants usable),DBP
2:242641864:C:T,2:242651331:A:C,9467,1.0000025033950806,1.0000050067901611,computed (both variants usable),DBP
2:242641864:C:T,2:242654211:A:T,12347,1.0000025033950806,1.0000050067901611,computed (both variants usable),DBP
2:242641864:C:T,2:242655374:A:G,13510,0.994485080242157,0.9890005588531494,computed (both variants usable),DBP
2:242641864:C:T,2:242658285:T:G,16421,0.9070363640785216,0.8227149844169617,computed (both variants usable),DBP
2:242641864:C:T,2:242663935:G:C,22071,0.994485080242157,0.9890005588531494,computed (both variants usable),DBP
2:242641864:C:T,2:242665455:G:A,23591,0.925795316696167,0.8570969700813293,computed (both variants usable),DBP
2:242641864:C:T,2:242668070:T:G,26206,0.9238535761833192,0.8535054326057434,computed (both variants usable),DBP
2:242641864:C:T,2:242668154:C:T,26290,0.9289024472236632,0.8628597855567932,computed (both variants usable),DBP
2:242641864:C:T,2:242671698:G:A,29834,0.9222764372825624,0.8505938053131104,computed (both variants usable),DBP
2:242641864:C:T,2:242671712:G:C,29848,0.9222764372825624,0.8505938053131104,computed (both variants usable),DBP
2:242641864:C:T,2:242671714:T:C,29850,0.9222764372825624,0.8505938053131104,computed (both variants usable),DBP
2:242641864:C:T,2:242671723:T:C,29859,0.9222764372825624,0.8505938053131104,computed (both variants usable),DBP
2:242641864:C:T,2:242671952:C:A,30088,0.9340203404426576,0.8723940253257751,computed (both variants usable),DBP
2:242643998:G:A,2:242645892:A:C,1894,0.8228781223297119,0.6771283745765686,computed (both variants usable),DBP
2:242643998:G:A,2:242645911:G:A,1913,0.8228781223297119,0.6771283745765686,computed (both variants usable),DBP
2:242643998:G:A,2:242645923:A:G,1925,0.8228781223297119,0.6771283745765686,computed (both variants usable),DBP
2:242643998:G:A,2:242647197:A:G,3199,0.8228781223297119,0.6771283745765686,computed (both variants usable),DBP
2:242643998:G:A,2:242651331:A:C,7333,0.8228781223297119,0.6771283745765686,computed (both variants usable),DBP
2:242643998:G:A,2:242654211:A:T,10213,0.8228781223297119,0.6771283745765686,computed (both variants usable),DBP
2:242643998:G:A,2:242655374:A:G,11376,0.8179116249084473,0.6689794063568115,computed (both variants usable),DBP
2:242643998:G:A,2:242658285:T:G,14287,0.7387519478797913,0.5457544326782227,computed (both variants usable),DBP
2:242643998:G:A,2:242663935:G:C,19937,0.8179116249084473,0.6689794063568115,computed (both variants usable),DBP
2:242643998:G:A,2:242665455:G:A,21457,0.7572119832038879,0.5733699798583984,computed (both variants usable),DBP
2:242643998:G:A,2:242668070:T:G,24072,0.7563857436180115,0.572119414806366,computed (both variants usable),DBP
2:242643998:G:A,2:242668154:C:T,24156,0.7609527707099915,0.5790491104125977,computed (both variants usable),DBP
2:242643998:G:A,2:242671698:G:A,27700,0.7558873891830444,0.5713657736778259,computed (both variants usable),DBP
2:242643998:G:A,2:242671712:G:C,27714,0.7558873891830444,0.5713657736778259,computed (both variants usable),DBP
2:242643998:G:A,2:242671714:T:C,27716,0.7558873891830444,0.5713657736778259,computed (both variants usable),DBP
2:242643998:G:A,2:242671723:T:C,27725,0.7558873891830444,0.5713657736778259,computed (both variants usable),DBP
2:242643998:G:A,2:242671952:C:A,27954,0.765580415725708,0.5861133933067322,computed (both variants usable),DBP
2:242645892:A:C,2:242645911:G:A,19,1.0000025033950806,1.0000050067901611,computed (both variants usable),DBP
2:242645892:A:C,2:242645923:A:G,31,1.0000025033950806,1.0000050067901611,computed (both variants usable),DBP
2:242645892:A:C,2:242647197:A:G,1305,1.0000025033950806,1.0000050067901611,computed (both variants usable),DBP
2:242645892:A:C,2:242651331:A:C,5439,1.0000025033950806,1.0000050067901611,computed (both variants usable),DBP
2:242645892:A:C,2:242654211:A:T,8319,1.0000025033950806,1.0000050067901611,computed (both variants usable),DBP
2:242645892:A:C,2:242655374:A:G,9482,0.994485080242157,0.9890005588531494,computed (both variants usable),DBP
2:242645892:A:C,2:242658285:T:G,12393,0.9070363640785216,0.8227149844169617,computed (both variants usable),DBP
2:242645892:A:C,2:242663935:G:C,18043,0.994485080242157,0.9890005588531494,computed (both variants usable),DBP
2:242645892:A:C,2:242665455:G:A,19563,0.925795316696167,0.8570969700813293,computed (both variants usable),DBP
2:242645892:A:C,2:242668070:T:G,22178,0.9238535761833192,0.8535054326057434,computed (both variants usable),DBP
2:242645892:A:C,2:242668154:C:T,22262,0.9289024472236632,0.8628597855567932,computed (both variants usable),DBP
2:242645892:A:C,2:242671698:G:A,25806,0.9222764372825624,0.8505938053131104,computed (both variants usable),DBP
2:242645892:A:C,2:242671712:G:C,25820,0.9222764372825624,0.8505938053131104,computed (both variants usable),DBP
2:242645892:A:C,2:242671714:T:C,25822,0.9222764372825624,0.8505938053131104,computed (both variants usable),DBP
2:242645892:A:C,2:242671723:T:C,25831,0.9222764372825624,0.8505938053131104,computed (both variants usable),DBP
2:242645892:A:C,2:242671952:C:A,26060,0.9340203404426576,0.8723940253257751,computed (both variants usable),DBP
2:242645911:G:A,2:242645923:A:G,12,1.0000025033950806,1.0000050067901611,computed (both variants usable),DBP
2:242645911:G:A,2:242647197:A:G,1286,1.0000025033950806,1.0000050067901611,computed (both variants usable),DBP
2:242645911:G:A,2:242651331:A:C,5420,1.0000025033950806,1.0000050067901611,computed (both variants usable),DBP
2:242645911:G:A,2:242654211:A:T,8300,1.0000025033950806,1.0000050067901611,computed (both variants usable),DBP
2:242645911:G:A,2:242655374:A:G,9463,0.994485080242157,0.9890005588531494,computed (both variants usable),DBP
2:242645911:G:A,2:242658285:T:G,12374,0.9070363640785216,0.8227149844169617,computed (both variants usable),DBP
2:242645911:G:A,2:242663935:G:C,18024,0.994485080242157,0.9890005588531494,computed (both variants usable),DBP
2:242645911:G:A,2:242665455:G:A,19544,0.925795316696167,0.8570969700813293,computed (both variants usable),DBP
2:242645911:G:A,2:242668070:T:G,22159,0.9238535761833192,0.8535054326057434,computed (both variants usable),DBP
2:242645911:G:A,2:242668154:C:T,22243,0.9289024472236632,0.8628597855567932,computed (both variants usable),DBP
2:242645911:G:A,2:242671698:G:A,25787,0.9222764372825624,0.8505938053131104,computed (both variants usable),DBP
2:242645911:G:A,2:242671712:G:C,25801,0.9222764372825624,0.8505938053131104,computed (both variants usable),DBP
2:242645911:G:A,2:242671714:T:C,25803,0.9222764372825624,0.8505938053131104,computed (both variants usable),DBP
2:242645911:G:A,2:242671723:T:C,25812,0.9222764372825624,0.8505938053131104,computed (both variants usable),DBP
2:242645911:G:A,2:242671952:C:A,26041,0.9340203404426576,0.8723940253257751,computed (both variants usable),DBP
2:242645923:A:G,2:242647197:A:G,1274,1.0000025033950806,1.0000050067901611,computed (both variants usable),DBP
2:242645923:A:G,2:242651331:A:C,5408,1.0000025033950806,1.0000050067901611,computed (both variants usable),DBP
2:242645923:A:G,2:242654211:A:T,8288,1.0000025033950806,1.0000050067901611,computed (both variants usable),DBP
2:242645923:A:G,2:242655374:A:G,9451,0.994485080242157,0.9890005588531494,computed (both variants usable),DBP
2:242645923:A:G,2:242658285:T:G,12362,0.9070363640785216,0.8227149844169617,computed (both variants usable),DBP
2:242645923:A:G,2:242663935:G:C,18012,0.994485080242157,0.9890005588531494,computed (both variants usable),DBP
2:242645923:A:G,2:242665455:G:A,19532,0.925795316696167,0.8570969700813293,computed (both variants usable),DBP
2:242645923:A:G,2:242668070:T:G,22147,0.9238535761833192,0.8535054326057434,computed (both variants usable),DBP
2:242645923:A:G,2:242668154:C:T,22231,0.9289024472236632,0.8628597855567932,computed (both variants usable),DBP
2:242645923:A:G,2:242671698:G:A,25775,0.9222764372825624,0.8505938053131104,computed (both variants usable),DBP
2:242645923:A:G,2:242671712:G:C,25789,0.9222764372825624,0.8505938053131104,computed (both variants usable),DBP
2:242645923:A:G,2:242671714:T:C,25791,0.9222764372825624,0.8505938053131104,computed (both variants usable),DBP
2:242645923:A:G,2:242671723:T:C,25800,0.9222764372825624,0.8505938053131104,computed (both variants usable),DBP
2:242645923:A:G,2:242671952:C:A,26029,0.9340203404426576,0.8723940253257751,computed (both variants usable),DBP
2:242647197:A:G,2:242651331:A:C,4134,1.0000025033950806,1.0000050067901611,computed (both variants usable),DBP
2:242647197:A:G,2:242654211:A:T,7014,1.0000025033950806,1.0000050067901611,computed (both variants usable),DBP
2:242647197:A:G,2:242655374:A:G,8177,0.994485080242157,0.9890005588531494,computed (both variants usable),DBP
2:242647197:A:G,2:242658285:T:G,11088,0.9070363640785216,0.8227149844169617,computed (both variants usable),DBP
2:242647197:A:G,2:242663935:G:C,16738,0.994485080242157,0.9890005588531494,computed (both variants usable),DBP
2:242647197:A:G,2:242665455:G:A,18258,0.925795316696167,0.8570969700813293,computed (both variants usable),DBP
2:242647197:A:G,2:242668070:T:G,20873,0.9238535761833192,0.8535054326057434,computed (both variants usable),DBP
2:242647197:A:G,2:242668154:C:T,20957,0.9289024472236632,0.8628597855567932,computed (both variants usable),DBP
2:242647197:A:G,2:242671698:G:A,24501,0.9222764372825624,0.8505938053131104,computed (both variants usable),DBP
2:242647197:A:G,2:242671712:G:C,24515,0.9222764372825624,0.8505938053131104,computed (both variants usable),DBP
2:242647197:A:G,2:242671714:T:C,24517,0.9222764372825624,0.8505938053131104,computed (both variants usable),DBP
2:242647197:A:G,2:242671723:T:C,24526,0.9222764372825624,0.8505938053131104,computed (both variants usable),DBP
2:242647197:A:G,2:242671952:C:A,24755,0.9340203404426576,0.8723940253257751,computed (both variants usable),DBP
2:242651331:A:C,2:242654211:A:T,2880,1.0000025033950806,1.0000050067901611,computed (both variants usable),DBP
2:242651331:A:C,2:242655374:A:G,4043,0.994485080242157,0.9890005588531494,computed (both variants usable),DBP
2:242651331:A:C,2:242658285:T:G,6954,0.9070363640785216,0.8227149844169617,computed (both variants usable),DBP
2:242651331:A:C,2:242663935:G:C,12604,0.994485080242157,0.9890005588531494,computed (both variants usable),DBP
2:242651331:A:C,2:242665455:G:A,14124,0.925795316696167,0.8570969700813293,computed (both variants usable),DBP
2:242651331:A:C,2:242668070:T:G,16739,0.9238535761833192,0.8535054326057434,computed (both variants usable),DBP
2:242651331:A:C,2:242668154:C:T,16823,0.9289024472236632,0.8628597855567932,computed (both variants usable),DBP
2:242651331:A:C,2:242671698:G:A,20367,0.9222764372825624,0.8505938053131104,computed (both variants usable),DBP
2:242651331:A:C,2:242671712:G:C,20381,0.9222764372825624,0.8505938053131104,computed (both variants usable),DBP
2:242651331:A:C,2:242671714:T:C,20383,0.9222764372825624,0.8505938053131104,computed (both variants usable),DBP
2:242651331:A:C,2:242671723:T:C,20392,0.9222764372825624,0.8505938053131104,computed (both variants usable),DBP
2:242651331:A:C,2:242671952:C:A,20621,0.9340203404426576,0.8723940253257751,computed (both variants usable),DBP
2:242654211:A:T,2:242655374:A:G,1163,0.994485080242157,0.9890005588531494,computed (both variants usable),DBP
2:242654211:A:T,2:242658285:T:G,4074,0.9070363640785216,0.8227149844169617,computed (both variants usable),DBP
2:242654211:A:T,2:242663935:G:C,9724,0.994485080242157,0.9890005588531494,computed (both variants usable),DBP
2:242654211:A:T,2:242665455:G:A,11244,0.925795316696167,0.8570969700813293,computed (both variants usable),DBP
2:242654211:A:T,2:242668070:T:G,13859,0.9238535761833192,0.8535054326057434,computed (both variants usable),DBP
2:242654211:A:T,2:242668154:C:T,13943,0.9289024472236632,0.8628597855567932,computed (both variants usable),DBP
2:242654211:A:T,2:242671698:G:A,17487,0.9222764372825624,0.8505938053131104,computed (both variants usable),DBP
2:242654211:A:T,2:242671712:G:C,17501,0.9222764372825624,0.8505938053131104,computed (both variants usable),DBP
2:242654211:A:T,2:242671714:T:C,17503,0.9222764372825624,0.8505938053131104,computed (both variants usable),DBP
2:242654211:A:T,2:242671723:T:C,17512,0.9222764372825624,0.8505938053131104,computed (both variants usable),DBP
2:242654211:A:T,2:242671952:C:A,17741,0.9340203404426576,0.8723940253257751,computed (both variants usable),DBP
2:242655374:A:G,2:242658285:T:G,2911,0.90181702375412,0.8132739663124084,computed (both variants usable),DBP
2:242655374:A:G,2:242663935:G:C,8561,0.9889951348304749,0.9781113862991332,computed (both variants usable),DBP
2:242655374:A:G,2:242665455:G:A,10081,0.9205633997917176,0.8474369645118713,computed (both variants usable),DBP
2:242655374:A:G,2:242668070:T:G,12696,0.9186554551124572,0.8439278602600098,computed (both variants usable),DBP
2:242655374:A:G,2:242668154:C:T,12780,0.923684060573578,0.8531922698020935,computed (both variants usable),DBP
2:242655374:A:G,2:242671698:G:A,16324,0.9171020984649658,0.8410762548446655,computed (both variants usable),DBP
2:242655374:A:G,2:242671712:G:C,16338,0.9171020984649658,0.8410762548446655,computed (both variants usable),DBP
2:242655374:A:G,2:242671714:T:C,16340,0.9171020984649658,0.8410762548446655,computed (both variants usable),DBP
2:242655374:A:G,2:242671723:T:C,16349,0.9171020984649658,0.8410762548446655,computed (both variants usable),DBP
2:242655374:A:G,2:242671952:C:A,16578,0.9287872910499572,0.8626458048820496,computed (both variants usable),DBP
2:242658285:T:G,2:242663935:G:C,5650,0.90181702375412,0.8132739663124084,computed (both variants usable),DBP
2:242658285:T:G,2:242665455:G:A,7170,0.8374359607696533,0.7012990117073059,computed (both variants usable),DBP
2:242658285:T:G,2:242668070:T:G,9785,0.8360573649406433,0.6989918947219849,computed (both variants usable),DBP
2:242658285:T:G,2:242668154:C:T,9869,0.8408455848693848,0.7070212960243225,computed (both variants usable),DBP
2:242658285:T:G,2:242671698:G:A,13413,0.8350257277488708,0.6972679495811462,computed (both variants usable),DBP
2:242658285:T:G,2:242671712:G:C,13427,0.8350257277488708,0.6972679495811462,computed (both variants usable),DBP
2:242658285:T:G,2:242671714:T:C,13429,0.8350257277488708,0.6972679495811462,computed (both variants usable),DBP
2:242658285:T:G,2:242671723:T:C,13438,0.8350257277488708,0.6972679495811462,computed (both variants usable),DBP
2:242658285:T:G,2:242671952:C:A,13667,0.8456921577453613,0.7151952385902405,computed (both variants usable),DBP
2:242663935:G:C,2:242665455:G:A,1520,0.931248128414154,0.8672230839729309,computed (both variants usable),DBP
2:242663935:G:C,2:242668070:T:G,4135,0.9295195937156676,0.8640066981315613,computed (both variants usable),DBP
2:242663935:G:C,2:242668154:C:T,4219,0.934594750404358,0.8734673261642456,computed (both variants usable),DBP
2:242663935:G:C,2:242671698:G:A,7763,0.928156852722168,0.8614751696586609,computed (both variants usable),DBP
2:242663935:G:C,2:242671712:G:C,7777,0.928156852722168,0.8614751696586609,computed (both variants usable),DBP
2:242663935:G:C,2:242671714:T:C,7779,0.928156852722168,0.8614751696586609,computed (both variants usable),DBP
2:242663935:G:C,2:242671723:T:C,7788,0.928156852722168,0.8614751696586609,computed (both variants usable),DBP
2:242663935:G:C,2:242671952:C:A,8017,0.9397452473640442,0.883121132850647,computed (both variants usable),DBP
2:242665455:G:A,2:242668070:T:G,2615,0.8947542309761047,0.800585150718689,computed (both variants usable),DBP
2:242665455:G:A,2:242668154:C:T,2699,0.8997257351875305,0.8095064163208008,computed (both variants usable),DBP
2:242665455:G:A,2:242671698:G:A,6243,0.8935994505882263,0.7985199689865112,computed (both variants usable),DBP
2:242665455:G:A,2:242671712:G:C,6257,0.8935994505882263,0.7985199689865112,computed (both variants usable),DBP
2:242665455:G:A,2:242671714:T:C,6259,0.8935994505882263,0.7985199689865112,computed (both variants usable),DBP
2:242665455:G:A,2:242671723:T:C,6268,0.8935994505882263,0.7985199689865112,computed (both variants usable),DBP
2:242665455:G:A,2:242671952:C:A,6497,0.9047662615776062,0.8186019659042358,computed (both variants usable),DBP
2:242668070:T:G,2:242668154:C:T,84,0.9946287870407104,0.9892864227294922,computed (both variants usable),DBP
2:242668070:T:G,2:242671698:G:A,3628,0.9675027132034302,0.9360615015029908,computed (both variants usable),DBP
2:242668070:T:G,2:242671712:G:C,3642,0.9675027132034302,0.9360615015029908,computed (both variants usable),DBP
2:242668070:T:G,2:242671714:T:C,3644,0.9675027132034302,0.9360615015029908,computed (both variants usable),DBP
2:242668070:T:G,2:242671723:T:C,3653,0.9675027132034302,0.9360615015029908,computed (both variants usable),DBP
2:242668070:T:G,2:242671952:C:A,3882,0.97842937707901,0.9573240280151368,computed (both variants usable),DBP
2:242668154:C:T,2:242671698:G:A,3544,0.9727386832237244,0.9462205171585084,computed (both variants usable),DBP
2:242668154:C:T,2:242671712:G:C,3558,0.9727386832237244,0.9462205171585084,computed (both variants usable),DBP
2:242668154:C:T,2:242671714:T:C,3560,0.9727386832237244,0.9462205171585084,computed (both variants usable),DBP
2:242668154:C:T,2:242671723:T:C,3569,0.9727386832237244,0.9462205171585084,computed (both variants usable),DBP
2:242668154:C:T,2:242671952:C:A,3798,0.983721137046814,0.9677072763442992,computed (both variants usable),DBP
2:242671698:G:A,2:242671712:G:C,14,1.00000262260437,1.0000052452087402,computed (both variants usable),DBP
2:242671698:G:A,2:242671714:T:C,16,1.00000262260437,1.0000052452087402,computed (both variants usable),DBP
2:242671698:G:A,2:242671723:T:C,25,1.00000262260437,1.0000052452087402,computed (both variants usable),DBP
2:242671698:G:A,2:242671952:C:A,254,0.9560334086418152,0.9139998555183412,computed (both variants usable),DBP
2:242671712:G:C,2:242671714:T:C,2,1.00000262260437,1.0000052452087402,computed (both variants usable),DBP
2:242671712:G:C,2:242671723:T:C,11,1.00000262260437,1.0000052452087402,computed (both variants usable),DBP
2:242671712:G:C,2:242671952:C:A,240,0.9560334086418152,0.9139998555183412,computed (both variants usable),DBP
2:242671714:T:C,2:242671723:T:C,9,1.00000262260437,1.0000052452087402,computed (both variants usable),DBP
2:242671714:T:C,2:242671952:C:A,238,0.9560334086418152,0.9139998555183412,computed (both variants usable),DBP
2:242671723:T:C,2:242671952:C:A,229,0.9560334086418152,0.9139998555183412,computed (both variants usable),DBP
20:4273526:T:C,20:6327810:G:A,2054284,0.0283779799938201,0.0008053097408264,computed (both variants usable),DBP
20:4273526:T:C,20:6331376:C:T,2057850,0.0276161879301071,0.0007626538281328,computed (both variants usable),DBP
20:4273526:T:C,20:6365645:G:A,2092119,0.0234583038836717,0.0005502920248545,computed (both variants usable),DBP
20:4273526:T:C,20:6701629:G:A,2428103,0.0080362660810351,6.458157440647483e-05,computed (both variants usable),DBP
20:4273526:T:C,20:10420795:A:T,6147269,-0.0100008118897676,0.0001000162374111,computed (both variants usable),DBP
20:4273526:T:C,20:10471729:C:A,6198203,0.0216911751776933,0.0004705070750787,computed (both variants usable),DBP
20:4273526:T:C,20:10485093:G:T,6211567,0.0278014913201332,0.0007729229400865,computed (both variants usable),DBP
20:4273526:T:C,20:10669188:C:A,6395662,-0.0346439890563488,0.0012002059957012,computed (both variants usable),DBP
20:4273526:T:C,20:10712810:T:C,6439284,0.0356207452714443,0.0012688374845311,computed (both variants usable),DBP
20:4273526:T:C,20:10743612:A:T,6470086,0.0135399084538221,0.0001833291171351,computed (both variants usable),DBP
20:4273526:T:C,20:10752610:C:T,6479084,0.0152789410203695,0.0002334460441488,computed (both variants usable),DBP
20:4273526:T:C,20:10965998:G:A,6692472,-0.0358083248138427,0.0012822360731661,computed (both variants usable),DBP
20:4273526:T:C,20:10967214:T:G,6693688,-0.0358083248138427,0.0012822360731661,computed (both variants usable),DBP
20:4273526:T:C,20:11886643:C:T,7613117,-0.0185235776007175,0.0003431229270063,computed (both variants usable),DBP
20:6327810:G:A,20:6331376:C:T,3566,0.9957216382026672,0.9914615750312804,computed (both variants usable),DBP
20:6327810:G:A,20:6365645:G:A,37835,0.9415397644042968,0.8864971399307251,computed (both variants usable),DBP
20:6327810:G:A,20:6701629:G:A,373819,-0.0181256923824548,0.0003285407146904,computed (both variants usable),DBP
20:6327810:G:A,20:10420795:A:T,4092985,-0.0278153326362371,0.0007736927364021,computed (both variants usable),DBP
20:6327810:G:A,20:10471729:C:A,4143919,-0.0246136058121919,0.0006058295839466,computed (both variants usable),DBP
20:6327810:G:A,20:10485093:G:T,4157283,-0.0259412322193384,0.0006729475571773,computed (both variants usable),DBP
20:6327810:G:A,20:10669188:C:A,4341378,0.0144206956028938,0.0002079564583254,computed (both variants usable),DBP
20:6327810:G:A,20:10712810:T:C,4385000,-0.0083415303379297,6.958112498978153e-05,computed (both variants usable),DBP
20:6327810:G:A,20:10743612:A:T,4415802,0.0374912694096565,0.0014055953361093,computed (both variants usable),DBP
20:6327810:G:A,20:10752610:C:T,4424800,0.0218942556530237,0.0004793584230355,computed (both variants usable),DBP
20:6327810:G:A,20:10965998:G:A,4638188,-0.0176630187779665,0.0003119822358712,computed (both variants usable),DBP
20:6327810:G:A,20:10967214:T:G,4639404,-0.0176630187779665,0.0003119822358712,computed (both variants usable),DBP
20:6327810:G:A,20:11886643:C:T,5558833,0.0422780662775039,0.0017874349141493,computed (both variants usable),DBP
20:6331376:C:T,20:6365645:G:A,34269,0.9459081292152404,0.8947421908378601,computed (both variants usable),DBP
20:6331376:C:T,20:6701629:G:A,370253,-0.0213800854980945,0.0004571080498863,computed (both variants usable),DBP
20:6331376:C:T,20:10420795:A:T,4089419,-0.0287297405302524,0.0008253980195149,computed (both variants usable),DBP
20:6331376:C:T,20:10471729:C:A,4140353,-0.0196081586182117,0.0003844798775389,computed (both variants usable),DBP
20:6331376:C:T,20:10485093:G:T,4153717,-0.0227312073111534,0.0005167077761143,computed (both variants usable),DBP
20:6331376:C:T,20:10669188:C:A,4337812,0.0146513497456908,0.0002146620536223,computed (both variants usable),DBP
20:6331376:C:T,20:10712810:T:C,4381434,-0.007407356519252,5.486893132911064e-05,computed (both variants usable),DBP
20:6331376:C:T,20:10743612:A:T,4412236,0.0394006893038749,0.0015524142654612,computed (both variants usable),DBP
20:6331376:C:T,20:10752610:C:T,4421234,0.023829061537981,0.0005678241723217,computed (both variants usable),DBP
20:6331376:C:T,20:10965998:G:A,4634622,-0.0173621885478496,0.000301445601508,computed (both variants usable),DBP
20:6331376:C:T,20:10967214:T:G,4635838,-0.0173621885478496,0.000301445601508,computed (both variants usable),DBP
20:6331376:C:T,20:11886643:C:T,5555267,0.0388787500560283,0.0015115572605282,computed (both variants usable),DBP
20:6365645:G:A,20:6701629:G:A,335984,-0.015434549190104,0.0002382253151154,computed (both variants usable),DBP
20:6365645:G:A,20:10420795:A:T,4055150,-0.0313350073993206,0.0009818826802074,computed (both variants usable),DBP
20:6365645:G:A,20:10471729:C:A,4106084,-0.0241403020918369,0.0005827542045153,computed (both variants usable),DBP
20:6365645:G:A,20:10485093:G:T,4119448,-0.0324587449431419,0.0010535700712352,computed (both variants usable),DBP
20:6365645:G:A,20:10669188:C:A,4303543,0.0080657871440052,6.505691999336705e-05,computed (both variants usable),DBP
20:6365645:G:A,20:10712810:T:C,4347165,-0.0008245490025728,6.798810545660672e-07,computed (both variants usable),DBP
20:6365645:G:A,20:10743612:A:T,4377967,0.0321002304553985,0.0010304248426109,computed (both variants usable),DBP
20:6365645:G:A,20:10752610:C:T,4386965,0.0207882802933454,0.0004321525921113,computed (both variants usable),DBP
20:6365645:G:A,20:10965998:G:A,4600353,-0.0124608092010021,0.0001552717731101,computed (both variants usable),DBP
20:6365645:G:A,20:10967214:T:G,4601569,-0.0124608092010021,0.0001552717731101,computed (both variants usable),DBP
20:6365645:G:A,20:11886643:C:T,5520998,0.0510126799345016,0.0026022936217486,computed (both variants usable),DBP
20:6701629:G:A,20:10420795:A:T,3719166,-0.058100763708353,0.0033756988123059,computed (both variants usable),DBP
20:6701629:G:A,20:10471729:C:A,3770100,0.0050648623146116,2.565283102740068e-05,computed (both variants usable),DBP
20:6701629:G:A,20:10485093:G:T,3783464,0.0271375495940446,0.0007364465855062,computed (both variants usable),DBP
20:6701629:G:A,20:10669188:C:A,3967559,-0.0128275668248534,0.0001645464653847,computed (both variants usable),DBP
20:6701629:G:A,20:10712810:T:C,4011181,0.0190300829708576,0.0003621440555434,computed (both variants usable),DBP
20:6701629:G:A,20:10743612:A:T,4041983,0.0206862296909093,0.0004279201093595,computed (both variants usable),DBP
20:6701629:G:A,20:10752610:C:T,4050981,0.0185979716479778,0.0003458845603745,computed (both variants usable),DBP
20:6701629:G:A,20:10965998:G:A,4264369,-0.0172194391489028,0.0002965090970974,computed (both variants usable),DBP
20:6701629:G:A,20:10967214:T:G,4265585,-0.0172194391489028,0.0002965090970974,computed (both variants usable),DBP
20:6701629:G:A,20:11886643:C:T,5185014,0.042364552617073,0.0017947553424164,computed (both variants usable),DBP
20:10420795:A:T,20:10471729:C:A,50934,0.0092379665002226,8.534002699889243e-05,computed (both variants usable),DBP
20:10420795:A:T,20:10485093:G:T,64298,-0.0273169241845607,0.0007462143548764,computed (both variants usable),DBP
20:10420795:A:T,20:10669188:C:A,248393,0.0232613887637853,0.0005410921876318,computed (both variants usable),DBP
20:10420795:A:T,20:10712810:T:C,292015,-0.042997445911169,0.001848780317232,computed (both variants usable),DBP
20:10420795:A:T,20:10743612:A:T,322817,-0.0441396757960319,0.0019483109936118,computed (both variants usable),DBP
20:10420795:A:T,20:10752610:C:T,331815,-0.0514040514826774,0.0026423765812069,computed (both variants usable),DBP
20:10420795:A:T,20:10965998:G:A,545203,0.0308728162199258,0.0009531307732686,computed (both variants usable),DBP
20:10420795:A:T,20:10967214:T:G,546419,0.0308728162199258,0.0009531307732686,computed (both variants usable),DBP
20:10420795:A:T,20:11886643:C:T,1465848,0.0140237808227539,0.0001966664276551,computed (both variants usable),DBP
20:10420795:A:T,20:19455985:G:A,9035190,-0.0667671784758567,0.0044578560627996,computed (both variants usable),DBP
20:10420795:A:T,20:19470418:C:A,9049623,-0.0683674737811088,0.0046741114929318,computed (both variants usable),DBP
20:10471729:C:A,20:10485093:G:T,13364,0.6185957193374634,0.3826606571674347,computed (both variants usable),DBP
20:10471729:C:A,20:10669188:C:A,197459,-0.1584440320730209,0.0251045115292072,computed (both variants usable),DBP
20:10471729:C:A,20:10712810:T:C,241081,0.0315585546195507,0.0009959423914551,computed (both variants usable),DBP
20:10471729:C:A,20:10743612:A:T,271883,0.0526412911713123,0.0027711056172847,computed (both variants usable),DBP
20:10471729:C:A,20:10752610:C:T,280881,0.0645089820027351,0.0041614086367189,computed (both variants usable),DBP
20:10471729:C:A,20:10965998:G:A,494269,-0.0357782244682312,0.0012800813419744,computed (both variants usable),DBP
20:10471729:C:A,20:10967214:T:G,495485,-0.0357782244682312,0.0012800813419744,computed (both variants usable),DBP
20:10471729:C:A,20:11886643:C:T,1414914,-0.0340644679963588,0.0011603879975154,computed (both variants usable),DBP
20:10471729:C:A,20:19455985:G:A,8984256,0.0024900562129914,6.200380084919743e-06,computed (both variants usable),DBP
20:10471729:C:A,20:19470418:C:A,8998689,-0.0049689533188939,2.4690496502444148e-05,computed (both variants usable),DBP
20:10485093:G:T,20:10669188:C:A,184095,-0.0877309888601303,0.0076967263594269,computed (both variants usable),DBP
20:10485093:G:T,20:10712810:T:C,227717,0.0120107252150774,0.0001442575157852,computed (both variants usable),DBP
20:10485093:G:T,20:10743612:A:T,258519,0.0255701355636119,0.0006538318120874,computed (both variants usable),DBP
20:10485093:G:T,20:10752610:C:T,267517,0.0278245098888874,0.0007742033340036,computed (both variants usable),DBP
20:10485093:G:T,20:10965998:G:A,480905,0.0314250029623508,0.0009875308023765,computed (both variants usable),DBP
20:10485093:G:T,20:10967214:T:G,482121,0.0314250029623508,0.0009875308023765,computed (both variants usable),DBP
20:10485093:G:T,20:11886643:C:T,1401550,-0.019827289506793,0.000393121415982,computed (both variants usable),DBP
20:10485093:G:T,20:19455985:G:A,8970892,0.0321257524192333,0.0010320639703422,computed (both variants usable),DBP
20:10485093:G:T,20:19470418:C:A,8985325,0.0203947778791189,0.0004159469681326,computed (both variants usable),DBP
20:10669188:C:A,20:10712810:T:C,43622,-0.4140959978103637,0.1714754998683929,computed (both variants usable),DBP
20:10669188:C:A,20:10743612:A:T,74424,-0.2374297827482223,0.0563729032874107,computed (both variants usable),DBP
20:10669188:C:A,20:10752610:C:T,83422,-0.2519912421703338,0.0634995847940445,computed (both variants usable),DBP
20:10669188:C:A,20:10965998:G:A,296810,0.0039617684669792,1.569561027281452e-05,computed (both variants usable),DBP
20:10669188:C:A,20:10967214:T:G,298026,0.0039617684669792,1.569561027281452e-05,computed (both variants usable),DBP
20:10669188:C:A,20:11886643:C:T,1217455,0.0087974779307842,7.739561988273636e-05,computed (both variants usable),DBP
20:10669188:C:A,20:19455985:G:A,8786797,-0.0313034169375896,0.0009799039689823,computed (both variants usable),DBP
20:10669188:C:A,20:19470418:C:A,8801230,-0.0261346753686666,0.0006830212660133,computed (both variants usable),DBP
20:10712810:T:C,20:10743612:A:T,30802,0.1116714030504226,0.0124705024063587,computed (both variants usable),DBP
20:10712810:T:C,20:10752610:C:T,39800,0.1011313423514366,0.0102275479584932,computed (both variants usable),DBP
20:10712810:T:C,20:10965998:G:A,253188,-0.0095804771408438,9.178554319078104e-05,computed (both variants usable),DBP
20:10712810:T:C,20:10967214:T:G,254404,-0.0095804771408438,9.178554319078104e-05,computed (both variants usable),DBP
20:10712810:T:C,20:11886643:C:T,1173833,-0.051900215446949,0.0026936323847621,computed (both variants usable),DBP
20:10712810:T:C,20:19455985:G:A,8743175,-0.0228542201220989,0.0005223153857514,computed (both variants usable),DBP
20:10712810:T:C,20:19470418:C:A,8757608,-0.0206674579530954,0.0004271438228897,computed (both variants usable),DBP
20:10743612:A:T,20:10752610:C:T,8998,0.9423728585243224,0.8880665898323059,computed (both variants usable),DBP
20:10743612:A:T,20:10965998:G:A,222386,-0.0285519324243068,0.0008152128430083,computed (both variants usable),DBP
20:10743612:A:T,20:10967214:T:G,223602,-0.0285519324243068,0.0008152128430083,computed (both variants usable),DBP
20:10743612:A:T,20:11886643:C:T,1143031,0.0198704525828361,0.0003948348748963,computed (both variants usable),DBP
20:10743612:A:T,20:19455985:G:A,8712373,0.0419224947690963,0.0017574955709278,computed (both variants usable),DBP
20:10743612:A:T,20:19470418:C:A,8726806,0.0458074957132339,0.0020983265712857,computed (both variants usable),DBP
20:10752610:C:T,20:10965998:G:A,213388,-0.0161672160029411,0.0002613788819871,computed (both variants usable),DBP
20:10752610:C:T,20:10967214:T:G,214604,-0.0161672160029411,0.0002613788819871,computed (both variants usable),DBP
20:10752610:C:T,20:11886643:C:T,1134033,0.0228086542338132,0.0005202346947044,computed (both variants usable),DBP
20:10752610:C:T,20:19455985:G:A,8703375,0.0321568474173545,0.001034062821418,computed (both variants usable),DBP
20:10752610:C:T,20:19470418:C:A,8717808,0.0361868627369403,0.0013094890164211,computed (both variants usable),DBP
20:10965998:G:A,20:10967214:T:G,1216,1.0000001192092896,1.000000238418579,computed (both variants usable),DBP
20:10965998:G:A,20:11886643:C:T,920645,-0.0019823831971734,3.92984293284826e-06,computed (both variants usable),DBP
20:10965998:G:A,20:19455985:G:A,8489987,0.061557438224554,0.0037893182598054,computed (both variants usable),DBP
20:10965998:G:A,20:19470418:C:A,8504420,0.0665024444460868,0.0044225752353668,computed (both variants usable),DBP
20:10967214:T:G,20:11886643:C:T,919429,-0.0019823831971734,3.92984293284826e-06,computed (both variants usable),DBP
20:10967214:T:G,20:19455985:G:A,8488771,0.061557438224554,0.0037893182598054,computed (both variants usable),DBP
20:10967214:T:G,20:19470418:C:A,8503204,0.0665024444460868,0.0044225752353668,computed (both variants usable),DBP
20:11886643:C:T,20:19455985:G:A,7569342,-0.0811191424727439,0.0065803150646388,computed (both variants usable),DBP
20:11886643:C:T,20:19470418:C:A,7583775,-0.074451170861721,0.0055429767817258,computed (both variants usable),DBP
20:11886643:C:T,20:21242969:C:T,9356326,-0.0593924894928932,0.0035274678375571,computed (both variants usable),DBP
20:19455985:G:A,20:19470418:C:A,14433,0.9792551398277284,0.9589406251907348,computed (both variants usable),DBP
20:19455985:G:A,20:21242969:C:T,1786984,0.0250081121921539,0.0006254056934267,computed (both variants usable),DBP
20:19470418:C:A,20:21242969:C:T,1772551,0.0225352495908737,0.00050783745246,computed (both variants usable),DBP
20:21242969:C:T,20:30196356:C:G,8953387,0.0039653861895203,1.5724288459750824e-05,computed (both variants usable),DBP
20:21242969:C:T,20:30198480:T:C,8955511,0.0060441577807068,3.653184467111714e-05,computed (both variants usable),DBP
20:21242969:C:T,20:30228157:G:A,8985188,-0.0104034943506121,0.0001082326925825,computed (both variants usable),DBP
20:30196356:C:G,20:30198480:T:C,2124,0.9889991283416748,0.9781192541122437,computed (both variants usable),DBP
20:30196356:C:G,20:30228157:G:A,31801,0.8180673122406006,0.6692341566085815,computed (both variants usable),DBP
20:30196356:C:G,20:32300671:G:A,2104315,-0.0129051348194479,0.0001665425079409,computed (both variants usable),DBP
20:30196356:C:G,20:35244926:C:T,5048570,0.0730249658226966,0.0053326454944908,computed (both variants usable),DBP
20:30196356:C:G,20:36838422:T:C,6642066,0.0088835693895816,7.891780842328444e-05,computed (both variants usable),DBP
20:30198480:T:C,20:30228157:G:A,29677,0.8146615624427795,0.663673460483551,computed (both variants usable),DBP
20:30198480:T:C,20:32300671:G:A,2102191,-0.0211817249655723,0.0004486654652282,computed (both variants usable),DBP
20:30198480:T:C,20:35244926:C:T,5046446,0.0815028399229049,0.0066427127458155,computed (both variants usable),DBP
20:30198480:T:C,20:36838422:T:C,6639942,0.0119398636743426,0.0001425603404641,computed (both variants usable),DBP
20:30228157:G:A,20:32300671:G:A,2072514,-0.0193171296268701,0.000373151502572,computed (both variants usable),DBP
20:30228157:G:A,20:35244926:C:T,5016769,0.0483894273638725,0.002341536572203,computed (both variants usable),DBP
20:30228157:G:A,20:36838422:T:C,6610265,-0.0265116188675165,0.0007028659456409,computed (both variants usable),DBP
20:32300671:G:A,20:35244926:C:T,2944255,0.0381108969449996,0.0014524405123665,computed (both variants usable),DBP
20:32300671:G:A,20:36838422:T:C,4537751,-0.0196971166878938,0.00038797641173,computed (both variants usable),DBP
20:32300671:G:A,20:40258709:A:G,7958038,-0.0565098188817501,0.0031933595892041,computed (both variants usable),DBP
20:32300671:G:A,20:40261579:T:C,7960908,-0.0625872910022735,0.0039171688258647,computed (both variants usable),DBP
20:32300671:G:A,20:40268334:T:A,7967663,-0.0593263916671276,0.0035196207463741,computed (both variants usable),DBP
20:35244926:C:T,20:36838422:T:C,1593496,0.0306410733610391,0.0009388753678649,computed (both variants usable),DBP
20:35244926:C:T,20:40258709:A:G,5013783,-0.0069460379891097,4.82474424643442e-05,computed (both variants usable),DBP
20:35244926:C:T,20:40261579:T:C,5016653,0.0249944739043712,0.0006247237324714,computed (both variants usable),DBP
20:35244926:C:T,20:40268334:T:A,5023408,0.0230563748627901,0.000531596422661,computed (both variants usable),DBP
20:35244926:C:T,20:42801971:T:C,7557045,-0.0114333229139447,0.0001307208731304,computed (both variants usable),DBP
20:35244926:C:T,20:42804581:C:G,7559655,-0.0114333229139447,0.0001307208731304,computed (both variants usable),DBP
20:36838422:T:C,20:40258709:A:G,3420287,0.0468960367143154,0.002199238166213,computed (both variants usable),DBP
20:36838422:T:C,20:40261579:T:C,3423157,0.0373922958970069,0.0013981837546452,computed (both variants usable),DBP
20:36838422:T:C,20:40268334:T:A,3429912,0.0367432199418544,0.00135006417986,computed (both variants usable),DBP
20:36838422:T:C,20:42801971:T:C,5963549,0.0028537840116769,8.14408303995151e-06,computed (both variants usable),DBP
20:36838422:T:C,20:42804581:C:G,5966159,0.0028537840116769,8.14408303995151e-06,computed (both variants usable),DBP
20:40258709:A:G,20:40261579:T:C,2870,0.7848739624023438,0.6160271167755127,computed (both variants usable),DBP
20:40258709:A:G,20:40268334:T:A,9625,0.8507190346717834,0.7237228751182556,computed (both variants usable),DBP
20:40258709:A:G,20:42801971:T:C,2543262,0.0152720771729946,0.0002332363364985,computed (both variants usable),DBP
20:40258709:A:G,20:42804581:C:G,2545872,0.0152720771729946,0.0002332363364985,computed (both variants usable),DBP
20:40258709:A:G,20:47308798:G:A,7050089,-0.0306683890521526,0.0009405500604771,computed (both variants usable),DBP
20:40258709:A:G,20:50108980:G:A,9850271,-0.0447168350219726,0.0019995954353362,computed (both variants usable),DBP
20:40258709:A:G,20:50131816:A:C,9873107,0.0148127768188714,0.0002194183616666,computed (both variants usable),DBP
20:40261579:T:C,20:40268334:T:A,6755,0.9315599799156188,0.8678039908409119,computed (both variants usable),DBP
20:40261579:T:C,20:42801971:T:C,2540392,0.0023181571159511,5.373852218326647e-06,computed (both variants usable),DBP
20:40261579:T:C,20:42804581:C:G,2543002,0.0023181571159511,5.373852218326647e-06,computed (both variants usable),DBP
20:40261579:T:C,20:47308798:G:A,7047219,-0.0162071790546178,0.0002626726636663,computed (both variants usable),DBP
20:40261579:T:C,20:50108980:G:A,9847401,-0.0404102988541126,0.0016329922946169,computed (both variants usable),DBP
20:40261579:T:C,20:50131816:A:C,9870237,0.0198482442647218,0.0003939527960028,computed (both variants usable),DBP
20:40268334:T:A,20:42801971:T:C,2533637,0.020881064236164,0.0004360188322607,computed (both variants usable),DBP
20:40268334:T:A,20:42804581:C:G,2536247,0.020881064236164,0.0004360188322607,computed (both variants usable),DBP
20:40268334:T:A,20:47308798:G:A,7040464,-0.0176763404160738,0.0003124530194327,computed (both variants usable),DBP
20:40268334:T:A,20:50108980:G:A,9840646,-0.0341088622808456,0.001163414446637,computed (both variants usable),DBP
20:40268334:T:A,20:50131816:A:C,9863482,0.0138870142400264,0.0001928491692524,computed (both variants usable),DBP
20:42801971:T:C,20:42804581:C:G,2610,1.0000005960464478,1.0000011920928955,computed (both variants usable),DBP
20:42801971:T:C,20:47308798:G:A,4506827,0.0261379517614841,0.0006831925129517,computed (both variants usable),DBP
20:42801971:T:C,20:50108980:G:A,7307009,-0.0345826111733913,0.0011959569528698,computed (both variants usable),DBP
20:42801971:T:C,20:50131816:A:C,7329845,0.0544296167790889,0.0029625832103192,computed (both variants usable),DBP
20:42804581:C:G,20:47308798:G:A,4504217,0.0261379517614841,0.0006831925129517,computed (both variants usable),DBP
20:42804581:C:G,20:50108980:G:A,7304399,-0.0345826111733913,0.0011959569528698,computed (both variants usable),DBP
20:42804581:C:G,20:50131816:A:C,7327235,0.0544296167790889,0.0029625832103192,computed (both variants usable),DBP
20:47308798:G:A,20:50108980:G:A,2800182,-0.0070091728121042,4.91285027237609e-05,computed (both variants usable),DBP
20:47308798:G:A,20:50131816:A:C,2823018,0.0044839759357273,2.0106039301026613e-05,computed (both variants usable),DBP
20:50108980:G:A,20:50131816:A:C,22836,-0.7297863960266113,0.5325881838798523,computed (both variants usable),DBP
20:50108980:G:A,20:57589516:C:T,7480536,-0.0237678103148937,0.0005649087834171,computed (both variants usable),DBP
20:50108980:G:A,20:57607645:G:C,7498665,0.0009205436217598,8.474005426251097e-07,computed (both variants usable),DBP
20:50108980:G:A,20:57728269:C:T,7619289,0.0506323240697383,0.0025636323262006,computed (both variants usable),DBP
20:50108980:G:A,20:57739469:A:T,7630489,0.0609868206083774,0.0037193922325968,computed (both variants usable),DBP
20:50131816:A:C,20:57589516:C:T,7457700,0.0317856259644031,0.0010103259701281,computed (both variants usable),DBP
20:50131816:A:C,20:57607645:G:C,7475829,0.0162947438657283,0.000265518669039,computed (both variants usable),DBP
20:50131816:A:C,20:57728269:C:T,7596453,-0.0669232234358787,0.004478717688471,computed (both variants usable),DBP
20:50131816:A:C,20:57739469:A:T,7607653,-0.0646295547485351,0.0041769794188439,computed (both variants usable),DBP
20:57589516:C:T,20:57607645:G:C,18129,0.7787597179412842,0.6064667105674744,computed (both variants usable),DBP
20:57589516:C:T,20:57728269:C:T,138753,-0.0653467997908592,0.0042702043429017,computed (both variants usable),DBP
20:57589516:C:T,20:57739469:A:T,149953,-0.0701911151409149,0.0049267928116023,computed (both variants usable),DBP
20:57607645:G:C,20:57728269:C:T,120624,-0.1044744104146957,0.010914902202785,computed (both variants usable),DBP
20:57607645:G:C,20:57739469:A:T,131824,-0.1062389388680458,0.0112867122516036,computed (both variants usable),DBP
20:57728269:C:T,20:57739469:A:T,11200,0.9511366486549376,0.904660940170288,computed (both variants usable),DBP
21:16576783:G:A,21:18930412:T:A,2353629,0.0296809822320938,0.0008809607243165,computed (both variants usable),DBP
21:30123533:A:G,21:30123544:C:T,11,1.000001311302185,1.00000262260437,computed (both variants usable),DBP
21:30123533:A:G,21:35293087:G:A,5169554,0.0299297422170639,0.0008957894751802,computed (both variants usable),DBP
21:30123533:A:G,21:35593827:G:A,5470294,-0.0179779585450887,0.0003232070012018,computed (both variants usable),DBP
21:30123533:A:G,21:39819830:C:T,9696297,0.0058944621123373,3.474468394415453e-05,computed (both variants usable),DBP
21:30123544:C:T,21:35293087:G:A,5169543,0.0299297422170639,0.0008957894751802,computed (both variants usable),DBP
21:30123544:C:T,21:35593827:G:A,5470283,-0.0179779585450887,0.0003232070012018,computed (both variants usable),DBP
21:30123544:C:T,21:39819830:C:T,9696286,0.0058944621123373,3.474468394415453e-05,computed (both variants usable),DBP
21:35293087:G:A,21:35593827:G:A,300740,-0.1120313555002212,0.0125510245561599,computed (both variants usable),DBP
21:35293087:G:A,21:39819830:C:T,4526743,-0.0222746301442384,0.0004961591330356,computed (both variants usable),DBP
21:35293087:G:A,21:43472148:G:A,8179061,-0.0381849631667137,0.0014580914285033,computed (both variants usable),DBP
21:35593827:G:A,21:39819830:C:T,4226003,-0.0008563546580262,7.333433131861966e-07,computed (both variants usable),DBP
21:35593827:G:A,21:43472148:G:A,7878321,-0.0132353790104389,0.0001751752570271,computed (both variants usable),DBP
21:39819830:C:T,21:43472148:G:A,3652318,0.0521240085363388,0.0027169121894985,computed (both variants usable),DBP
22:18468105:A:G,22:18468369:A:C,264,0.9006861448287964,0.8112355470657349,computed (both variants usable),DBP
22:18468105:A:G,22:28068309:G:A,9600204,-0.0115783652290701,0.000134058544063,computed (both variants usable),DBP
22:18468369:A:C,22:28068309:G:A,9599940,-0.0225196685642004,0.0005071354680694,computed (both variants usable),DBP
22:28068309:G:A,22:29453193:G:C,1384884,-0.0208340231329202,0.0004340565064921,computed (both variants usable),DBP
22:28068309:G:A,22:33173427:T:C,5105118,-0.0175622161477804,0.0003084314230363,computed (both variants usable),DBP
22:29453193:G:C,22:33173427:T:C,3720234,0.0228594876825809,0.0005225561908446,computed (both variants usable),DBP
22:33173427:T:C,22:40528572:A:C,7355145,0.0215354114770889,0.0004637739330064,computed (both variants usable),DBP
22:33173427:T:C,22:40729614:A:G,7556187,-0.0058484654873609,3.420454959268682e-05,computed (both variants usable),DBP
22:40528572:A:C,22:40729614:A:G,201042,0.5284255743026733,0.2792335748672485,computed (both variants usable),DBP
3:27329540:C:T,3:27538731:G:A,209191,-0.4392407238483429,0.1929324120283126,computed (both variants usable),DBP
3:27329540:C:T,3:27562988:C:T,233448,0.5311343669891357,0.2821037173271179,computed (both variants usable),DBP
3:27538731:G:A,3:27562988:C:T,24257,-0.6979299187660217,0.4871061742305755,computed (both variants usable),DBP
3:41816673:G:C,3:48185266:A:G,6368593,0.0164325889199972,0.0002700299664866,computed (both variants usable),DBP
3:41816673:G:C,3:48282695:A:G,6466022,0.0053395070135593,2.851033605111297e-05,computed (both variants usable),DBP
3:41816673:G:C,3:49789814:G:A,7973141,0.0642935112118721,0.0041336556896567,computed (both variants usable),DBP
3:48185266:A:G,3:48282695:A:G,97429,-0.8383285999298096,0.7027948498725891,computed (both variants usable),DBP
3:48185266:A:G,3:49789814:G:A,1604548,-0.0639488622546196,0.0040894569829106,computed (both variants usable),DBP
3:48185266:A:G,3:53553923:G:T,5368657,-0.0642212927341461,0.0041243745945394,computed (both variants usable),DBP
3:48185266:A:G,3:53558012:G:A,5372746,0.039961501955986,0.0015969215892255,computed (both variants usable),DBP
3:48185266:A:G,3:53734195:A:T,5548929,0.0439869537949562,0.00193485210184,computed (both variants usable),DBP
3:48185266:A:G,3:53734443:T:C,5549177,0.0175386071205139,0.0003076027496717,computed (both variants usable),DBP
3:48185266:A:G,3:53735299:A:G,5550033,0.0189577490091323,0.0003593962464947,computed (both variants usable),DBP
3:48185266:A:G,3:56753662:C:T,8568396,0.0177283436059951,0.0003142941568512,computed (both variants usable),DBP
3:48185266:A:G,3:57765862:T:C,9580596,-0.0168790370225906,0.0002849018783308,computed (both variants usable),DBP
3:48282695:A:G,3:49789814:G:A,1507119,0.0478795170783996,0.0022924481891095,computed (both variants usable),DBP
3:48282695:A:G,3:53553923:G:T,5271228,0.0810334086418151,0.0065664132125675,computed (both variants usable),DBP
3:48282695:A:G,3:53558012:G:A,5275317,-0.0384508967399597,0.0014784714439883,computed (both variants usable),DBP
3:48282695:A:G,3:53734195:A:T,5451500,-0.0208361092954874,0.0004341434396337,computed (both variants usable),DBP
3:48282695:A:G,3:53734443:T:C,5451748,0.0043367086909711,1.8807042579283006e-05,computed (both variants usable),DBP
3:48282695:A:G,3:53735299:A:G,5452604,0.00296934787184,8.817026355245616e-06,computed (both variants usable),DBP
3:48282695:A:G,3:56753662:C:T,8470967,-0.0138584114611148,0.0001920555660035,computed (both variants usable),DBP
3:48282695:A:G,3:57765862:T:C,9483167,-0.0320475436747074,0.0010270450729876,computed (both variants usable),DBP
3:49789814:G:A,3:53553923:G:T,3764109,0.0385787449777126,0.0014883195981383,computed (both variants usable),DBP
3:49789814:G:A,3:53558012:G:A,3768198,-0.038460649549961,0.0014792215079069,computed (both variants usable),DBP
3:49789814:G:A,3:53734195:A:T,3944381,-0.0028240878600627,7.975471817189828e-06,computed (both variants usable),DBP
3:49789814:G:A,3:53734443:T:C,3944629,0.0134399598464369,0.000180632516276,computed (both variants usable),DBP
3:49789814:G:A,3:53735299:A:G,3945485,0.0154490899294614,0.0002386743726674,computed (both variants usable),DBP
3:49789814:G:A,3:56753662:C:T,6963848,-0.0521898865699768,0.0027237841859459,computed (both variants usable),DBP
3:49789814:G:A,3:57765862:T:C,7976048,0.0435216464102268,0.0018941337475553,computed (both variants usable),DBP
3:53553923:G:T,3:53558012:G:A,4089,-0.7817205190658569,0.6110869646072388,computed (both variants usable),DBP
3:53553923:G:T,3:53734195:A:T,180272,-0.0609460212290287,0.0037144175730645,computed (both variants usable),DBP
3:53553923:G:T,3:53734443:T:C,180520,0.0430050678551197,0.0018494358519092,computed (both variants usable),DBP
3:53553923:G:T,3:53735299:A:G,181376,0.0417760200798511,0.0017452358733862,computed (both variants usable),DBP
3:53553923:G:T,3:56753662:C:T,3199739,0.0398805439472198,0.0015904577448964,computed (both variants usable),DBP
3:53553923:G:T,3:57765862:T:C,4211939,0.036815445870161,0.0013553770259022,computed (both variants usable),DBP
3:53558012:G:A,3:53734195:A:T,176183,0.0575176626443862,0.0033082815352827,computed (both variants usable),DBP
3:53558012:G:A,3:53734443:T:C,176431,-0.0268120449036359,0.0007188857416622,computed (both variants usable),DBP
3:53558012:G:A,3:53735299:A:G,177287,-0.0253639053553342,0.0006433277158066,computed (both variants usable),DBP
3:53558012:G:A,3:56753662:C:T,3195650,-0.0040757381357252,1.6611640603514388e-05,computed (both variants usable),DBP
3:53558012:G:A,3:57765862:T:C,4207850,-0.0467683374881744,0.0021872774232178,computed (both variants usable),DBP
3:53734195:A:T,3:53734443:T:C,248,0.7551828026771545,0.5703010559082031,computed (both variants usable),DBP
3:53734195:A:T,3:53735299:A:G,1104,0.7586351633071899,0.5755273103713989,computed (both variants usable),DBP
3:53734195:A:T,3:56753662:C:T,3019467,-0.0071975532919168,5.180477455724031e-05,computed (both variants usable),DBP
3:53734195:A:T,3:57765862:T:C,4031667,-0.0169144179672002,0.0002860975218936,computed (both variants usable),DBP
3:53734443:T:C,3:53735299:A:G,856,0.997726321220398,0.9954578280448914,computed (both variants usable),DBP
3:53734443:T:C,3:56753662:C:T,3019219,-0.0105425836518406,0.0001111460733227,computed (both variants usable),DBP
3:53734443:T:C,3:57765862:T:C,4031419,0.0074167298153042,5.50078802916687e-05,computed (both variants usable),DBP
3:53735299:A:G,3:56753662:C:T,3018363,-0.0118582928553223,0.0001406191149726,computed (both variants usable),DBP
3:53735299:A:G,3:57765862:T:C,4030563,0.0096916453912854,9.392799256602302e-05,computed (both variants usable),DBP
3:56753662:C:T,3:57765862:T:C,1012200,0.0634131282567977,0.0040212250314652,computed (both variants usable),DBP
3:56753662:C:T,3:63905352:C:T,7151690,-0.0381528884172439,0.0014556428650394,computed (both variants usable),DBP
3:57765862:T:C,3:63905352:C:T,6139490,0.0312630757689476,0.0009773798519745,computed (both variants usable),DBP
3:63905352:C:T,3:71164421:C:T,7259069,0.023278072476387,0.0005418686778284,computed (both variants usable),DBP
3:63905352:C:T,3:71175440:A:C,7270088,0.0168950706720352,0.0002854434133041,computed (both variants usable),DBP
3:71164421:C:T,3:71175440:A:C,11019,0.8711354732513428,0.7588770389556885,computed (both variants usable),DBP
3:111513720:G:T,3:111521268:T:C,7548,-0.9570901989936828,0.9160216450691224,computed (both variants usable),DBP
3:133940530:A:G,3:133985901:G:A,45371,0.705381453037262,0.4975630044937134,computed (both variants usable),DBP
3:133940530:A:G,3:133995065:G:A,54535,0.8642681837081909,0.7469595074653625,computed (both variants usable),DBP
3:133940530:A:G,3:141137035:G:A,7196505,-0.0329123102128505,0.001083220122382,computed (both variants usable),DBP
3:133940530:A:G,3:141202982:G:A,7262452,0.0244107954204082,0.000595886958763,computed (both variants usable),DBP
3:133940530:A:G,3:142614811:C:A,8674281,0.0545260272920131,0.0029730875976383,computed (both variants usable),DBP
3:133985901:G:A,3:133995065:G:A,9164,0.6264106035232544,0.3923902511596679,computed (both variants usable),DBP
3:133985901:G:A,3:141137035:G:A,7151134,-0.0052793524228036,2.787156154226977e-05,computed (both variants usable),DBP
3:133985901:G:A,3:141202982:G:A,7217081,0.026811858639121,0.0007188757881522,computed (both variants usable),DBP
3:133985901:G:A,3:142614811:C:A,8628910,0.0631725266575813,0.0039907679893076,computed (both variants usable),DBP
3:133995065:G:A,3:141137035:G:A,7141970,-0.0220927968621253,0.0004880916676484,computed (both variants usable),DBP
3:133995065:G:A,3:141202982:G:A,7207917,0.0324207171797752,0.0010511028813198,computed (both variants usable),DBP
3:133995065:G:A,3:142614811:C:A,8619746,0.0200823284685611,0.0004032999277114,computed (both variants usable),DBP
3:141137035:G:A,3:141202982:G:A,65947,0.0766261368989944,0.0058715650811791,computed (both variants usable),DBP
3:141137035:G:A,3:142614811:C:A,1477776,-0.0311319828033447,0.00096920033684,computed (both variants usable),DBP
3:141202982:G:A,3:142614811:C:A,1411829,0.0265510138124227,0.0007049563573673,computed (both variants usable),DBP
3:160526204:T:C,3:168815099:T:C,8288895,-0.0128056136891245,0.0001639837428228,computed (both variants usable),DBP
3:160526204:T:C,3:169092995:C:T,8566791,-0.0074937171302735,5.6155797210522e-05,computed (both variants usable),DBP
3:160526204:T:C,3:169113110:C:A,8586906,0.0175566058605909,0.000308234419208,computed (both variants usable),DBP
3:160526204:T:C,3:169186293:G:A,8660089,-0.0194856692105531,0.0003796913078986,computed (both variants usable),DBP
3:160526204:T:C,3:169295764:A:C,8769560,0.0160572584718465,0.0002578355488367,computed (both variants usable),DBP
3:160526204:T:C,3:169311841:A:G,8785637,0.03633763641119,0.001320423791185,computed (both variants usable),DBP
3:168815099:T:C,3:169092995:C:T,277896,0.0630816370248794,0.0039792926982045,computed (both variants usable),DBP
3:168815099:T:C,3:169113110:C:A,298011,-0.0606776885688304,0.0036817819345742,computed (both variants usable),DBP
3:168815099:T:C,3:169186293:G:A,371194,0.0972678288817405,0.0094610303640365,computed (both variants usable),DBP
3:168815099:T:C,3:169295764:A:C,480665,-0.0228740647435188,0.000523222843185,computed (both variants usable),DBP
3:168815099:T:C,3:169311841:A:G,496742,0.0038683512248098,1.4964140973461326e-05,computed (both variants usable),DBP
3:168815099:T:C,3:171833266:G:C,3018167,-0.0498584248125553,0.0024858624674379,computed (both variants usable),DBP
3:169092995:C:T,3:169113110:C:A,20115,-0.9232767820358276,0.8524399995803833,computed (both variants usable),DBP
3:169092995:C:T,3:169186293:G:A,93298,0.8196528553962708,0.6718308329582214,computed (both variants usable),DBP
3:169092995:C:T,3:169295764:A:C,202769,0.0523025654256343,0.0027355584315955,computed (both variants usable),DBP
3:169092995:C:T,3:169311841:A:G,218846,-0.0108945723623037,0.0001186917070299,computed (both variants usable),DBP
3:169092995:C:T,3:171833266:G:C,2740271,-0.0379412844777107,0.0014395411126315,computed (both variants usable),DBP
3:169113110:C:A,3:169186293:G:A,73183,-0.8744687438011169,0.7646955847740173,computed (both variants usable),DBP
3:169113110:C:A,3:169295764:A:C,182654,-0.0682680159807205,0.0046605220995843,computed (both variants usable),DBP
3:169113110:C:A,3:169311841:A:G,198731,-0.0175510197877883,0.0003080382884945,computed (both variants usable),DBP
3:169113110:C:A,3:171833266:G:C,2720156,0.0347260199487209,0.0012058964930474,computed (both variants usable),DBP
3:169186293:G:A,3:169295764:A:C,109471,0.0914682894945144,0.0083664478734135,computed (both variants usable),DBP
3:169186293:G:A,3:169311841:A:G,125548,0.0115472730249166,0.0001333395193796,computed (both variants usable),DBP
3:169186293:G:A,3:171833266:G:C,2646973,-0.0437091812491416,0.0019104925449937,computed (both variants usable),DBP
3:169295764:A:C,3:169311841:A:G,16077,0.7287414073944092,0.5310640335083008,computed (both variants usable),DBP
3:169295764:A:C,3:171833266:G:C,2537502,0.0514690391719341,0.0026490620803087,computed (both variants usable),DBP
3:169311841:A:G,3:171833266:G:C,2521425,0.0682355687022209,0.0046560927294194,computed (both variants usable),DBP
3:183515314:A:G,3:185518910:G:A,2003596,-0.0014918590895831,2.22564358409727e-06,computed (both variants usable),DBP
3:185518910:G:A,3:194299967:G:T,8781057,-0.0139403399080038,0.000194333071704,computed (both variants usable),DBP
4:8275261:C:G,4:14905402:T:C,6630141,0.0290408562868833,0.0008433713228441,computed (both variants usable),DBP
4:8275261:C:G,4:16031448:C:T,7756187,0.0070469207130372,4.965909101883881e-05,computed (both variants usable),DBP
4:14905402:T:C,4:16031448:C:T,1126046,-0.0192014891654253,0.0003686971904244,computed (both variants usable),DBP
4:54799245:T:C,4:54800759:T:C,1514,0.9957950711250304,0.9916078448295592,computed (both variants usable),DBP
4:73504077:G:T,4:77382068:T:C,3877991,-0.0149444136768579,0.0002233355044154,computed (both variants usable),DBP
4:73504077:G:T,4:77396854:G:C,3892777,0.0010171179892495,1.034528963828052e-06,computed (both variants usable),DBP
4:73504077:G:T,4:77404635:G:A,3900558,-0.0319917052984237,0.0010234692599624,computed (both variants usable),DBP
4:73504077:G:T,4:81182554:T:C,7678477,-0.0740493834018707,0.0054833111353218,computed (both variants usable),DBP
4:77382068:T:C,4:77396854:G:C,14786,0.6859983205795288,0.4705936908721924,computed (both variants usable),DBP
4:77382068:T:C,4:77404635:G:A,22567,0.7031002044677734,0.4943498969078064,computed (both variants usable),DBP
4:77382068:T:C,4:81182554:T:C,3800486,0.0030577920842915,9.35009211389115e-06,computed (both variants usable),DBP
4:77396854:G:C,4:77404635:G:A,7781,0.7573581337928772,0.5735913515090942,computed (both variants usable),DBP
4:77396854:G:C,4:81182554:T:C,3785700,0.0189723968505859,0.0003599518386181,computed (both variants usable),DBP
4:77404635:G:A,4:81182554:T:C,3777919,0.0429615341126918,0.0018456934485584,computed (both variants usable),DBP
4:102477777:A:G,4:102498208:G:A,20431,0.995968461036682,0.991953194141388,computed (both variants usable),DBP
4:102477777:A:G,4:103188709:C:T,710932,-0.0683011263608932,0.004665043670684,computed (both variants usable),DBP
4:102477777:A:G,4:103198082:A:G,720305,-0.0778499916195869,0.0060606212355196,computed (both variants usable),DBP
4:102477777:A:G,4:103732866:C:T,1255089,-0.057442232966423,0.0032996102236211,computed (both variants usable),DBP
4:102477777:A:G,4:103915310:T:G,1437533,-0.0409228578209877,0.0016746802721172,computed (both variants usable),DBP
4:102477777:A:G,4:106910958:C:T,4433181,0.0156504642218351,0.0002449370222166,computed (both variants usable),DBP
4:102477777:A:G,4:106911742:G:C,4433965,0.0135716283693909,0.0001841890916693,computed (both variants usable),DBP
4:102477777:A:G,4:109017528:G:A,6539751,-0.0400838740170002,0.0016067170072346,computed (both variants usable),DBP
4:102477777:A:G,4:109067898:G:T,6590121,-0.04399885982275,0.0019358997233211,computed (both variants usable),DBP
4:102477777:A:G,4:111337478:G:A,8859701,0.0258309077471494,0.0006672358140349,computed (both variants usable),DBP
4:102477777:A:G,4:111404413:A:G,8926636,0.0492384172976017,0.0024244217202067,computed (both variants usable),DBP
4:102477777:A:G,4:111406496:G:A,8928719,0.0669329389929771,0.0044800182804465,computed (both variants usable),DBP
4:102498208:G:A,4:103188709:C:T,690501,-0.0683011338114738,0.0046650450676679,computed (both variants usable),DBP
4:102498208:G:A,4:103198082:A:G,699874,-0.0778500065207481,0.006060623563826,computed (both variants usable),DBP
4:102498208:G:A,4:103732866:C:T,1234658,-0.0616909563541412,0.0038057740312069,computed (both variants usable),DBP
4:102498208:G:A,4:103915310:T:G,1417102,-0.0449287369847297,0.00201859138906,computed (both variants usable),DBP
4:102498208:G:A,4:106910958:C:T,4412750,0.0204185768961906,0.0004169182793702,computed (both variants usable),DBP
4:102498208:G:A,4:106911742:G:C,4413534,0.0183470677584409,0.0003366149030625,computed (both variants usable),DBP
4:102498208:G:A,4:109017528:G:A,6519320,-0.0400838814675807,0.0016067175893113,computed (both variants usable),DBP
4:102498208:G:A,4:109067898:G:T,6569690,-0.0439988672733306,0.0019359003053978,computed (both variants usable),DBP
4:102498208:G:A,4:111337478:G:A,8839270,0.0258309133350849,0.0006672361050732,computed (both variants usable),DBP
4:102498208:G:A,4:111404413:A:G,8906205,0.049238421022892,0.002424422185868,computed (both variants usable),DBP
4:102498208:G:A,4:111406496:G:A,8908288,0.0669329464435577,0.0044800192117691,computed (both variants usable),DBP
4:103188709:C:T,4:103198082:A:G,9373,0.9613522291183472,0.9241980910301208,computed (both variants usable),DBP
4:103188709:C:T,4:103732866:C:T,544157,-0.043969839811325,0.0019333468517288,computed (both variants usable),DBP
4:103188709:C:T,4:103915310:T:G,726601,-0.0444376096129417,0.0019747011829167,computed (both variants usable),DBP
4:103188709:C:T,4:106910958:C:T,3722249,-0.0062094568274915,3.855735485558398e-05,computed (both variants usable),DBP
4:103188709:C:T,4:106911742:G:C,3723033,-0.0069157928228378,4.782819087267853e-05,computed (both variants usable),DBP
4:103188709:C:T,4:109017528:G:A,5828819,-0.0071472018025815,5.1082493882859126e-05,computed (both variants usable),DBP
4:103188709:C:T,4:109067898:G:T,5879189,-0.0004949037684127,2.449297369366832e-07,computed (both variants usable),DBP
4:103188709:C:T,4:111337478:G:A,8148769,-0.0033322556409984,1.11039280454861e-05,computed (both variants usable),DBP
4:103188709:C:T,4:111404413:A:G,8215704,0.0320396944880485,0.001026542042382,computed (both variants usable),DBP
4:103188709:C:T,4:111406496:G:A,8217787,0.0207954980432987,0.0004324527399148,computed (both variants usable),DBP
4:103198082:A:G,4:103732866:C:T,534784,-0.0500747635960578,0.0025074819568544,computed (both variants usable),DBP
4:103198082:A:G,4:103915310:T:G,717228,-0.0353777185082435,0.0012515829876065,computed (both variants usable),DBP
4:103198082:A:G,4:106910958:C:T,3712876,-0.0113267786800861,0.0001282959128729,computed (both variants usable),DBP
4:103198082:A:G,4:106911742:G:C,3713660,-0.0120689598843455,0.0001456597965443,computed (both variants usable),DBP
4:103198082:A:G,4:109017528:G:A,5819446,0.001318086287938,1.7373514538121526e-06,computed (both variants usable),DBP
4:103198082:A:G,4:109067898:G:T,5869816,-0.0054424898698925,2.962069629575126e-05,computed (both variants usable),DBP
4:103198082:A:G,4:111337478:G:A,8139396,0.0008780437638051,7.709608667028078e-07,computed (both variants usable),DBP
4:103198082:A:G,4:111404413:A:G,8206331,0.0290434621274471,0.0008435227209702,computed (both variants usable),DBP
4:103198082:A:G,4:111406496:G:A,8208414,0.0221670418977737,0.0004913777229376,computed (both variants usable),DBP
4:103732866:C:T,4:103915310:T:G,182444,0.7025439143180847,0.493567943572998,computed (both variants usable),DBP
4:103732866:C:T,4:106910958:C:T,3178092,0.0280779246240854,0.0007883698563091,computed (both variants usable),DBP
4:103732866:C:T,4:106911742:G:C,3178876,0.0264460537582635,0.0006993937422521,computed (both variants usable),DBP
4:103732866:C:T,4:109017528:G:A,5284662,0.0510435961186885,0.0026054487098008,computed (both variants usable),DBP
4:103732866:C:T,4:109067898:G:T,5335032,0.0456400029361248,0.0020830098073929,computed (both variants usable),DBP
4:103732866:C:T,4:111337478:G:A,7604612,0.0005808172281831,3.373486663349468e-07,computed (both variants usable),DBP
4:103732866:C:T,4:111404413:A:G,7671547,-0.0331184640526771,0.0010968326823785,computed (both variants usable),DBP
4:103732866:C:T,4:111406496:G:A,7673630,-0.0318502932786941,0.0010144411353394,computed (both variants usable),DBP
4:103915310:T:G,4:106910958:C:T,2995648,0.0390976592898368,0.001528627006337,computed (both variants usable),DBP
4:103915310:T:G,4:106911742:G:C,2996432,0.0415857657790184,0.0017293759156018,computed (both variants usable),DBP
4:103915310:T:G,4:109017528:G:A,5102218,0.0428739786148071,0.0018381780246272,computed (both variants usable),DBP
4:103915310:T:G,4:109067898:G:T,5152588,0.0484300628304481,0.0023454709444195,computed (both variants usable),DBP
4:103915310:T:G,4:111337478:G:A,7422168,-0.0005394346662797,2.909897602876299e-07,computed (both variants usable),DBP
4:103915310:T:G,4:111404413:A:G,7489103,-0.0117875086143612,0.000138945353683,computed (both variants usable),DBP
4:103915310:T:G,4:111406496:G:A,7491186,0.0116965752094984,0.0001368098746752,computed (both variants usable),DBP
4:106910958:C:T,4:106911742:G:C,784,0.997180700302124,0.9943693280220032,computed (both variants usable),DBP
4:106910958:C:T,4:109017528:G:A,2106570,-0.0431785285472869,0.0018643853254616,computed (both variants usable),DBP
4:106910958:C:T,4:109067898:G:T,2156940,-0.0580177344381809,0.0033660575281828,computed (both variants usable),DBP
4:106910958:C:T,4:111337478:G:A,4426520,0.0013514538295567,1.826427478590631e-06,computed (both variants usable),DBP
4:106910958:C:T,4:111404413:A:G,4493455,0.0357353016734123,0.0012770118191838,computed (both variants usable),DBP
4:106910958:C:T,4:111406496:G:A,4495538,0.042925015091896,0.0018425568705424,computed (both variants usable),DBP
4:106911742:G:C,4:109017528:G:A,2105786,-0.0415015257894992,0.0017223766772076,computed (both variants usable),DBP
4:106911742:G:C,4:109067898:G:T,2156156,-0.0562240816652774,0.0031611474696546,computed (both variants usable),DBP
4:106911742:G:C,4:111337478:G:A,4425736,-0.0006048885989002,3.658902301140188e-07,computed (both variants usable),DBP
4:106911742:G:C,4:111404413:A:G,4492671,0.0379531607031822,0.0014404424000531,computed (both variants usable),DBP
4:106911742:G:C,4:111406496:G:A,4494754,0.0455997325479984,0.0020793355070054,computed (both variants usable),DBP
4:109017528:G:A,4:109067898:G:T,50370,0.9045886397361756,0.8182805776596069,computed (both variants usable),DBP
4:109017528:G:A,4:111337478:G:A,2319950,0.0261521749198436,0.0006839362322352,computed (both variants usable),DBP
4:109017528:G:A,4:111404413:A:G,2386885,0.0068653561174869,4.7133115003816783e-05,computed (both variants usable),DBP
4:109017528:G:A,4:111406496:G:A,2388968,0.0069344541989266,4.808665471500717e-05,computed (both variants usable),DBP
4:109067898:G:T,4:111337478:G:A,2269580,0.0114962607622146,0.0001321640156675,computed (both variants usable),DBP
4:109067898:G:T,4:111404413:A:G,2336515,0.0093768015503883,8.792441076366231e-05,computed (both variants usable),DBP
4:109067898:G:T,4:111406496:G:A,2338598,0.0038523592520505,1.484067161072744e-05,computed (both variants usable),DBP
4:111337478:G:A,4:111404413:A:G,66935,0.6153726577758789,0.3786835074424743,computed (both variants usable),DBP
4:111337478:G:A,4:111406496:G:A,69018,0.7218625545501709,0.5210855603218079,computed (both variants usable),DBP
4:111404413:A:G,4:111406496:G:A,2083,0.8290894031524658,0.6873892545700073,computed (both variants usable),DBP
4:138411527:C:G,4:138439630:T:A,28103,0.9856990575790404,0.9716026186943054,computed (both variants usable),DBP
4:138411527:C:G,4:138441530:A:G,30003,0.9856990575790404,0.9716026186943054,computed (both variants usable),DBP
4:138439630:T:A,4:138441530:A:G,1900,1.0000022649765017,1.000004529953003,computed (both variants usable),DBP
4:156638867:A:G,4:156641047:G:A,2180,0.9915438294410706,0.9831591844558716,computed (both variants usable),DBP
4:156638867:A:G,4:156645513:C:A,6646,0.4890182912349701,0.2391388863325119,computed (both variants usable),DBP
4:156641047:G:A,4:156645513:C:A,4466,0.4949268996715545,0.2449526339769363,computed (both variants usable),DBP
4:169688000:C:A,4:169692236:A:C,4236,-0.777215301990509,0.6040636301040649,computed (both variants usable),DBP
5:1280028:G:A,5:1296072:A:G,16044,-0.5347414016723633,0.2859483659267425,computed (both variants usable),DBP
5:32829975:C:G,5:32832474:C:A,2499,0.9999973177909852,0.9999946355819702,computed (both variants usable),DBP
5:32829975:C:G,5:42476047:A:C,9646072,-0.011879296042025,0.0001411176781402,computed (both variants usable),DBP
5:32832474:C:A,5:42476047:A:C,9643573,-0.011879296042025,0.0001411176781402,computed (both variants usable),DBP
5:56224124:A:G,5:57179673:T:A,955549,-0.0121786408126354,0.0001483192900195,computed (both variants usable),DBP
5:56224124:A:G,5:61558805:A:T,5334681,0.0361424349248409,0.0013062756042927,computed (both variants usable),DBP
5:56224124:A:G,5:61951416:C:T,5727292,0.0266270078718662,0.0007089975406415,computed (both variants usable),DBP
5:57179673:T:A,5:61558805:A:T,4379132,-0.0155208250507712,0.0002408960135653,computed (both variants usable),DBP
5:57179673:T:A,5:61951416:C:T,4771743,-0.0195879396051168,0.0003836873802356,computed (both variants usable),DBP
5:61558805:A:T,5:61951416:C:T,392611,0.7344240546226501,0.5393787026405334,computed (both variants usable),DBP
5:75003678:T:C,5:77687137:G:A,2683459,-0.0236093997955322,0.0005574037786573,computed (both variants usable),DBP
5:75003678:T:C,5:77882036:G:T,2878358,,,unknown: absent from panel,DBP
5:77687137:G:A,5:77882036:G:T,194899,,,unknown: absent from panel,DBP
5:114381312:T:C,5:114389826:A:G,8514,0.9940261244773864,0.9880879521369934,computed (both variants usable),DBP
5:114381312:T:C,5:114393181:G:T,11869,-0.9940261244773864,0.9880879521369934,computed (both variants usable),DBP
5:114381312:T:C,5:115728045:T:A,1346733,-0.0310555975884199,0.0009644501260481,computed (both variants usable),DBP
5:114381312:T:C,5:122653399:G:A,8272087,-0.0639069527387619,0.0040840986184775,computed (both variants usable),DBP
5:114381312:T:C,5:123010967:A:G,8629655,-0.0228257868438959,0.0005210165400058,computed (both variants usable),DBP
5:114389826:A:G,5:114393181:G:T,3355,-0.9999979138374328,0.9999958276748656,computed (both variants usable),DBP
5:114389826:A:G,5:115728045:T:A,1338219,-0.0329102091491222,0.0010830818209797,computed (both variants usable),DBP
5:114389826:A:G,5:122653399:G:A,8263573,-0.0659139156341552,0.0043446444906294,computed (both variants usable),DBP
5:114389826:A:G,5:123010967:A:G,8621141,-0.0171501878648996,0.0002941289567388,computed (both variants usable),DBP
5:114393181:G:T,5:115728045:T:A,1334864,0.0329102091491222,0.0010830818209797,computed (both variants usable),DBP
5:114393181:G:T,5:122653399:G:A,8260218,0.0659139156341552,0.0043446444906294,computed (both variants usable),DBP
5:114393181:G:T,5:123010967:A:G,8617786,0.0171501878648996,0.0002941289567388,computed (both variants usable),DBP
5:115728045:T:A,5:122653399:G:A,6925354,0.0442788228392601,0.0019606142304837,computed (both variants usable),DBP
5:115728045:T:A,5:123010967:A:G,7282922,0.013429663144052,0.0001803558552637,computed (both variants usable),DBP
5:122653399:G:A,5:123010967:A:G,357568,-0.1477178633213043,0.0218205675482749,computed (both variants usable),DBP
5:122653399:G:A,5:127843208:C:T,5189809,0.0354488343000412,0.0012566198129206,computed (both variants usable),DBP
5:122653399:G:A,5:127845030:C:A,5191631,0.0354488343000412,0.0012566198129206,computed (both variants usable),DBP
5:122653399:G:A,5:127881566:C:T,5228167,0.008308264426887,6.902725726831704e-05,computed (both variants usable),DBP
5:122653399:G:A,5:131799961:T:C,9146562,0.0362376905977726,0.0013131701853126,computed (both variants usable),DBP
5:122653399:G:A,5:132444128:G:A,9790729,0.0212830156087875,0.0004529667494352,computed (both variants usable),DBP
5:123010967:A:G,5:127843208:C:T,4832241,0.0328514501452446,0.0010792177636176,computed (both variants usable),DBP
5:123010967:A:G,5:127845030:C:A,4834063,0.0328514501452446,0.0010792177636176,computed (both variants usable),DBP
5:123010967:A:G,5:127881566:C:T,4870599,0.0574336722493171,0.0032986267469823,computed (both variants usable),DBP
5:123010967:A:G,5:131799961:T:C,8788994,-0.0521667525172233,0.0027213699650019,computed (both variants usable),DBP
5:123010967:A:G,5:132444128:G:A,9433161,-0.0259867385029792,0.0006753105553798,computed (both variants usable),DBP
5:127843208:C:T,5:127845030:C:A,1822,1.0000005960464478,1.0000011920928955,computed (both variants usable),DBP
5:127843208:C:T,5:127881566:C:T,38358,0.8464349508285522,0.7164521217346191,computed (both variants usable),DBP
5:127843208:C:T,5:131799961:T:C,3956753,0.0312538407742977,0.0009768025483936,computed (both variants usable),DBP
5:127843208:C:T,5:132444128:G:A,4600920,0.0115335714071989,0.000133023262606,computed (both variants usable),DBP
5:127845030:C:A,5:127881566:C:T,36536,0.8464349508285522,0.7164521217346191,computed (both variants usable),DBP
5:127845030:C:A,5:131799961:T:C,3954931,0.0312538407742977,0.0009768025483936,computed (both variants usable),DBP
5:127845030:C:A,5:132444128:G:A,4599098,0.0115335714071989,0.000133023262606,computed (both variants usable),DBP
5:127881566:C:T,5:131799961:T:C,3918395,0.0081996489316225,6.723424303345382e-05,computed (both variants usable),DBP
5:127881566:C:T,5:132444128:G:A,4562562,0.0209069103002548,0.0004370989045128,computed (both variants usable),DBP
5:131799961:T:C,5:132444128:G:A,644167,-0.070123441517353,0.0049172970466315,computed (both variants usable),DBP
5:131799961:T:C,5:140185225:T:C,8385264,0.024404864758253,0.0005955974338576,computed (both variants usable),DBP
5:132444128:G:A,5:140185225:T:C,7741097,-0.0324835143983364,0.0010551786981523,computed (both variants usable),DBP
5:140185225:T:C,5:147871966:G:A,7686741,0.0065180859528481,4.248544428264722e-05,computed (both variants usable),DBP
5:140185225:T:C,5:147884668:C:T,7699443,0.0075081437826156,5.637222420773469e-05,computed (both variants usable),DBP
5:140185225:T:C,5:148361622:A:C,8176397,0.02225804887712,0.000495420768857,computed (both variants usable),DBP
5:140185225:T:C,5:148366371:T:C,8181146,0.02225804887712,0.000495420768857,computed (both variants usable),DBP
5:140185225:T:C,5:148385614:G:A,8200389,0.0208861641585826,0.0004362318431958,computed (both variants usable),DBP
5:147871966:G:A,5:147884668:C:T,12702,0.9959408640861512,0.9918981790542604,computed (both variants usable),DBP
5:147871966:G:A,5:148361622:A:C,489656,0.0089543359354138,8.018012886168435e-05,computed (both variants usable),DBP
5:147871966:G:A,5:148366371:T:C,494405,0.0089543359354138,8.018012886168435e-05,computed (both variants usable),DBP
5:147871966:G:A,5:148385614:G:A,513648,0.0096986405551433,9.406363096786664e-05,computed (both variants usable),DBP
5:147884668:C:T,5:148361622:A:C,476954,0.0108190104365348,0.0001170509858638,computed (both variants usable),DBP
5:147884668:C:T,5:148366371:T:C,481703,0.0108190104365348,0.0001170509858638,computed (both variants usable),DBP
5:147884668:C:T,5:148385614:G:A,500946,0.0115765361115336,0.0001340161834377,computed (both variants usable),DBP
5:148361622:A:C,5:148366371:T:C,4749,1.000001311302185,1.00000262260437,computed (both variants usable),DBP
5:148361622:A:C,5:148385614:G:A,23992,0.9931964874267578,0.986439287662506,computed (both variants usable),DBP
5:148366371:T:C,5:148385614:G:A,19243,0.9931964874267578,0.986439287662506,computed (both variants usable),DBP
5:171749429:C:T,5:172196711:G:T,447282,,,unknown: absent from panel,DBP
5:171749429:C:T,5:172503742:C:G,754313,,,unknown: absent from panel,DBP
5:171749429:C:T,5:173340496:T:G,1591067,,,unknown: absent from panel,DBP
5:171749429:C:T,5:173356752:G:C,1607323,,,unknown: absent from panel,DBP
5:171749429:C:T,5:173392398:A:T,1642969,,,unknown: absent from panel,DBP
5:172196711:G:T,5:172503742:C:G,307031,-0.008721774443984,7.606935105286539e-05,computed (both variants usable),DBP
5:172196711:G:T,5:173340496:T:G,1143785,0.0250890031456947,0.0006294580525718,computed (both variants usable),DBP
5:172196711:G:T,5:173356752:G:C,1160041,0.017241396009922,0.0002972657384816,computed (both variants usable),DBP
5:172196711:G:T,5:173392398:A:T,1195687,0.0177651681005954,0.000315601209877,computed (both variants usable),DBP
5:172503742:C:G,5:173340496:T:G,836754,0.0063428273424506,4.02314581151586e-05,computed (both variants usable),DBP
5:172503742:C:G,5:173356752:G:C,853010,0.005454926751554,2.9756225558230653e-05,computed (both variants usable),DBP
5:172503742:C:G,5:173392398:A:T,888656,-0.0030122571624815,9.07369303604355e-06,computed (both variants usable),DBP
5:173340496:T:G,5:173356752:G:C,16256,0.9927653670310974,0.9855830669403076,computed (both variants usable),DBP
5:173340496:T:G,5:173392398:A:T,51902,0.942027509212494,0.8874158263206482,computed (both variants usable),DBP
5:173356752:G:C,5:173392398:A:T,35646,0.9349299669265748,0.8740940690040588,computed (both variants usable),DBP
6:36644498:T:C,6:43349795:G:A,6705297,-0.0367948003113269,0.0013538573402911,computed (both variants usable),DBP
6:36644498:T:C,6:43352980:A:G,6708482,0.0346708595752716,0.0012020685244351,computed (both variants usable),DBP
6:36644498:T:C,6:43364494:G:A,6719996,0.0174268018454313,0.0003036934358533,computed (both variants usable),DBP
6:36644498:T:C,6:43806609:G:A,7162111,-0.0209741853177547,0.0004399164463393,computed (both variants usable),DBP
6:36644498:T:C,6:44181315:C:T,7536817,-0.0102801974862813,0.0001056824621628,computed (both variants usable),DBP
6:43349795:G:A,6:43352980:A:G,3185,-0.997869312763214,0.9957431554794312,computed (both variants usable),DBP
6:43349795:G:A,6:43364494:G:A,14699,-0.8196505308151245,0.6718270182609558,computed (both variants usable),DBP
6:43349795:G:A,6:43806609:G:A,456814,-0.0647377148270607,0.004190971609205,computed (both variants usable),DBP
6:43349795:G:A,6:44181315:C:T,831520,0.0337005369365215,0.0011357262264937,computed (both variants usable),DBP
6:43349795:G:A,6:51243950:G:A,7894155,-0.0426257029175758,0.0018169505055993,computed (both variants usable),DBP
6:43349795:G:A,6:51449442:G:A,8099647,-0.0779796838760376,0.0060808309353888,computed (both variants usable),DBP
6:43349795:G:A,6:51838263:A:G,8488468,0.0693704262375831,0.0048122559674084,computed (both variants usable),DBP
6:43352980:A:G,6:43364494:G:A,11514,0.8213960528373718,0.6746914982795715,computed (both variants usable),DBP
6:43352980:A:G,6:43806609:G:A,453629,0.0678071975708007,0.0045978161506354,computed (both variants usable),DBP
6:43352980:A:G,6:44181315:C:T,828335,-0.034649159759283,0.0012005643220618,computed (both variants usable),DBP
6:43352980:A:G,6:51243950:G:A,7890970,0.0388109572231769,0.0015062903985381,computed (both variants usable),DBP
6:43352980:A:G,6:51449442:G:A,8096462,0.0755639672279357,0.0057099130935966,computed (both variants usable),DBP
6:43352980:A:G,6:51838263:A:G,8485283,-0.0715606585144996,0.0051209279336035,computed (both variants usable),DBP
6:43364494:G:A,6:43806609:G:A,442115,0.0557170808315277,0.0031043931376188,computed (both variants usable),DBP
6:43364494:G:A,6:44181315:C:T,816821,-0.0095706358551979,9.159707406070083e-05,computed (both variants usable),DBP
6:43364494:G:A,6:51243950:G:A,7879456,0.0321269892156124,0.001032143482007,computed (both variants usable),DBP
6:43364494:G:A,6:51449442:G:A,8084948,0.0780943408608436,0.00609872629866,computed (both variants usable),DBP
6:43364494:G:A,6:51838263:A:G,8473769,-0.0445691421627998,0.0019864083733409,computed (both variants usable),DBP
6:43806609:G:A,6:44181315:C:T,374706,-0.0478947609663009,0.0022939080372452,computed (both variants usable),DBP
6:43806609:G:A,6:51243950:G:A,7437341,0.0199943408370018,0.0003997736785095,computed (both variants usable),DBP
6:43806609:G:A,6:51449442:G:A,7642833,0.0079938080161809,6.390096677932888e-05,computed (both variants usable),DBP
6:43806609:G:A,6:51838263:A:G,8031654,0.040250115096569,0.0016200717072933,computed (both variants usable),DBP
6:44181315:C:T,6:51243950:G:A,7062635,0.0088031459599733,7.749538053758442e-05,computed (both variants usable),DBP
6:44181315:C:T,6:51449442:G:A,7268127,0.0164591427892446,0.0002709033724386,computed (both variants usable),DBP
6:44181315:C:T,6:51838263:A:G,7656948,-0.0115876151248812,0.0001342728210147,computed (both variants usable),DBP
6:51243950:G:A,6:51449442:G:A,205492,0.3623678684234619,0.1313104778528213,computed (both variants usable),DBP
6:51243950:G:A,6:51838263:A:G,594313,-0.016146220266819,0.0002607004425954,computed (both variants usable),DBP
6:51243950:G:A,6:55551632:G:A,4307682,-0.0191825106739997,0.000367968721548,computed (both variants usable),DBP
6:51243950:G:A,6:55653619:C:T,4409669,0.0021677485201507,4.6991335693746805e-06,computed (both variants usable),DBP
6:51243950:G:A,6:55986975:C:T,4743025,0.0156234856694936,0.0002440933021716,computed (both variants usable),DBP
6:51243950:G:A,6:55994438:C:T,4750488,0.0130933271721005,0.0001714352110866,computed (both variants usable),DBP
6:51449442:G:A,6:51838263:A:G,388821,-0.0274909138679504,0.0007557503413408,computed (both variants usable),DBP
6:51449442:G:A,6:55551632:G:A,4102190,-0.0009942203760147,9.884741984933498e-07,computed (both variants usable),DBP
6:51449442:G:A,6:55653619:C:T,4204177,0.0338275507092475,0.0011443032417446,computed (both variants usable),DBP
6:51449442:G:A,6:55986975:C:T,4537533,-0.020905926823616,0.0004370577808003,computed (both variants usable),DBP
6:51449442:G:A,6:55994438:C:T,4544996,-0.0290383417159318,0.0008432252798229,computed (both variants usable),DBP
6:51838263:A:G,6:55551632:G:A,3713369,0.0147043736651539,0.0002162185992347,computed (both variants usable),DBP
6:51838263:A:G,6:55653619:C:T,3815356,-0.0290733817964792,0.000845261500217,computed (both variants usable),DBP
6:51838263:A:G,6:55986975:C:T,4148712,-0.058919470757246,0.0034715039655566,computed (both variants usable),DBP
6:51838263:A:G,6:55994438:C:T,4156175,-0.0621272474527359,0.0038597949314862,computed (both variants usable),DBP
6:55551632:G:A,6:55653619:C:T,101987,0.093810349702835,0.0088003817945718,computed (both variants usable),DBP
6:55551632:G:A,6:55986975:C:T,435343,0.021807363256812,0.0004755611007567,computed (both variants usable),DBP
6:55551632:G:A,6:55994438:C:T,442806,0.0229564290493726,0.0005269976099953,computed (both variants usable),DBP
6:55653619:C:T,6:55986975:C:T,333356,0.1325659453868866,0.0175737291574478,computed (both variants usable),DBP
6:55653619:C:T,6:55994438:C:T,340819,0.1359785497188568,0.0184901654720306,computed (both variants usable),DBP
6:55986975:C:T,6:55994438:C:T,7463,0.9787865281105042,0.9580230712890624,computed (both variants usable),DBP
6:72206620:C:A,6:79513590:C:T,7306970,-0.0156519170850515,0.0002449825115036,computed (both variants usable),DBP
6:72206620:C:A,6:79739010:G:A,7532390,-0.0100629022344946,0.00010126199777,computed (both variants usable),DBP
6:72206620:C:A,6:79791042:A:G,7584422,-0.0069484738633036,4.8281290219165385e-05,computed (both variants usable),DBP
6:72206620:C:A,6:80859477:T:C,8652857,0.036564327776432,0.0013369501102715,computed (both variants usable),DBP
6:79513590:C:T,6:79739010:G:A,225420,0.9801088571548462,0.9606133699417114,computed (both variants usable),DBP
6:79513590:C:T,6:79791042:A:G,277452,0.7751399278640747,0.6008418798446655,computed (both variants usable),DBP
6:79513590:C:T,6:80859477:T:C,1345887,0.0582037828862667,0.0033876802772283,computed (both variants usable),DBP
6:79739010:G:A,6:79791042:A:G,52032,0.78531414270401,0.6167182922363281,computed (both variants usable),DBP
6:79739010:G:A,6:80859477:T:C,1120467,0.0627597942948341,0.0039387918077409,computed (both variants usable),DBP
6:79791042:A:G,6:80859477:T:C,1068435,0.0416603311896324,0.0017355831805616,computed (both variants usable),DBP
6:117901048:T:C,6:118572486:T:A,671438,-0.0060167806223034,3.620165080064908e-05,computed (both variants usable),DBP
6:117901048:T:C,6:118612943:G:A,711895,0.0037808651104569,1.4294941138359718e-05,computed (both variants usable),DBP
6:117901048:T:C,6:119112591:T:G,1211543,-0.035753097385168,0.0012782840058207,computed (both variants usable),DBP
6:117901048:T:C,6:119113317:T:C,1212269,-0.0199692249298095,0.0003987699456047,computed (both variants usable),DBP
6:117901048:T:C,6:119160491:C:T,1259443,-0.0083501823246479,6.972554547246546e-05,computed (both variants usable),DBP
6:117901048:T:C,6:121816207:C:G,3915159,0.0004028439579997,1.6228325705469618e-07,computed (both variants usable),DBP
6:117901048:T:C,6:122153737:A:G,4252689,-0.0155417807400226,0.0002415469498373,computed (both variants usable),DBP
6:117901048:T:C,6:126996230:C:T,9095182,0.0148998880758881,0.0002220066671725,computed (both variants usable),DBP
6:117901048:T:C,6:127155711:C:T,9254663,0.0405759550631046,0.0016464081127196,computed (both variants usable),DBP
6:117901048:T:C,6:127163126:C:T,9262078,0.0392517112195491,0.0015406968304887,computed (both variants usable),DBP
6:117901048:T:C,6:127177475:T:C,9276427,0.0379281118512153,0.0014385416870936,computed (both variants usable),DBP
6:118572486:T:A,6:118612943:G:A,40457,0.9699597358703612,0.940821886062622,computed (both variants usable),DBP
6:118572486:T:A,6:119112591:T:G,540105,-0.0199601128697395,0.0003984061186201,computed (both variants usable),DBP
6:118572486:T:A,6:119113317:T:C,540831,-0.0711269080638885,0.0050590368919074,computed (both variants usable),DBP
6:118572486:T:A,6:119160491:C:T,588005,-0.0088282888755202,7.793868280714378e-05,computed (both variants usable),DBP
6:118572486:T:A,6:121816207:C:G,3243721,-0.023472947999835,0.0005509792827069,computed (both variants usable),DBP
6:118572486:T:A,6:122153737:A:G,3581251,-0.0006591290002688,4.3445103869999e-07,computed (both variants usable),DBP
6:118572486:T:A,6:126996230:C:T,8423744,-0.0300480835139751,0.0009028873173519,computed (both variants usable),DBP
6:118572486:T:A,6:127155711:C:T,8583225,0.0550697706639766,0.003032679669559,computed (both variants usable),DBP
6:118572486:T:A,6:127163126:C:T,8590640,0.0544235743582248,0.0029619254637509,computed (both variants usable),DBP
6:118572486:T:A,6:127177475:T:C,8604989,0.0537779480218887,0.0028920676559209,computed (both variants usable),DBP
6:118612943:G:A,6:119112591:T:G,499648,-0.0227243304252624,0.0005163952009752,computed (both variants usable),DBP
6:118612943:G:A,6:119113317:T:C,500374,-0.0695482268929481,0.004836956039071,computed (both variants usable),DBP
6:118612943:G:A,6:119160491:C:T,547548,-0.0071617322973906,5.129040800966322e-05,computed (both variants usable),DBP
6:118612943:G:A,6:121816207:C:G,3203264,-0.0251458007842302,0.0006323112756945,computed (both variants usable),DBP
6:118612943:G:A,6:122153737:A:G,3540794,-0.021657969802618,0.000469067657832,computed (both variants usable),DBP
6:118612943:G:A,6:126996230:C:T,8383287,-0.0337881930172443,0.0011416419874876,computed (both variants usable),DBP
6:118612943:G:A,6:127155711:C:T,8542768,0.0584524646401405,0.0034166905097663,computed (both variants usable),DBP
6:118612943:G:A,6:127163126:C:T,8550183,0.0578094832599163,0.0033419362735003,computed (both variants usable),DBP
6:118612943:G:A,6:127177475:T:C,8564532,0.057167038321495,0.0032680702861398,computed (both variants usable),DBP
6:119112591:T:G,6:119113317:T:C,726,0.4282378852367401,0.1833876818418502,computed (both variants usable),DBP
6:119112591:T:G,6:119160491:C:T,47900,-0.631111741065979,0.3983020186424255,computed (both variants usable),DBP
6:119112591:T:G,6:121816207:C:G,2703616,-0.0045610391534864,2.0803077859454788e-05,computed (both variants usable),DBP
6:119112591:T:G,6:122153737:A:G,3041146,-0.0006946825305931,4.825838004762772e-07,computed (both variants usable),DBP
6:119112591:T:G,6:126996230:C:T,7883639,0.0506649315357208,0.0025669352617114,computed (both variants usable),DBP
6:119112591:T:G,6:127155711:C:T,8043120,-0.0044501773081719,1.9804077965090983e-05,computed (both variants usable),DBP
6:119112591:T:G,6:127163126:C:T,8050535,-0.0029112275224179,8.475245522276964e-06,computed (both variants usable),DBP
6:119112591:T:G,6:127177475:T:C,8064884,-0.0013731555081903,1.8855560028896436e-06,computed (both variants usable),DBP
6:119113317:T:C,6:119160491:C:T,47174,-0.2747054100036621,0.0754630640149116,computed (both variants usable),DBP
6:119113317:T:C,6:121816207:C:G,2702890,0.0436826795339584,0.001908176462166,computed (both variants usable),DBP
6:119113317:T:C,6:122153737:A:G,3040420,0.0073162810876965,5.352796870283783e-05,computed (both variants usable),DBP
6:119113317:T:C,6:126996230:C:T,7882913,0.0292958915233612,0.0008582492591813,computed (both variants usable),DBP
6:119113317:T:C,6:127155711:C:T,8042394,-0.0245830435305833,0.0006043260218575,computed (both variants usable),DBP
6:119113317:T:C,6:127163126:C:T,8049809,-0.0256906654685735,0.0006600102642551,computed (both variants usable),DBP
6:119113317:T:C,6:127177475:T:C,8064158,-0.0267979707568883,0.0007181312539614,computed (both variants usable),DBP
6:119160491:C:T,6:121816207:C:G,2655716,-0.0529683008790016,0.0028056409209966,computed (both variants usable),DBP
6:119160491:C:T,6:122153737:A:G,2993246,0.0117130354046821,0.0001371951948385,computed (both variants usable),DBP
6:119160491:C:T,6:126996230:C:T,7835739,-0.0650450512766838,0.0042308587580919,computed (both variants usable),DBP
6:119160491:C:T,6:127155711:C:T,7995220,0.0054145311005413,2.9317146982066333e-05,computed (both variants usable),DBP
6:119160491:C:T,6:127163126:C:T,8002635,0.0044270996004343,1.9599210645537823e-05,computed (both variants usable),DBP
6:119160491:C:T,6:127177475:T:C,8016984,0.0034397235140204,1.183169752039248e-05,computed (both variants usable),DBP
6:121816207:C:G,6:122153737:A:G,337530,-0.0725982785224914,0.0052705099806189,computed (both variants usable),DBP
6:121816207:C:G,6:126996230:C:T,5180023,0.0451023280620574,0.0020342199131846,computed (both variants usable),DBP
6:121816207:C:G,6:127155711:C:T,5339504,-0.0351487435400486,0.0012354342034086,computed (both variants usable),DBP
6:121816207:C:G,6:127163126:C:T,5346919,-0.0342430658638477,0.0011725875083357,computed (both variants usable),DBP
6:121816207:C:G,6:127177475:T:C,5361268,-0.0333376787602901,0.0011114007793366,computed (both variants usable),DBP
6:122153737:A:G,6:126996230:C:T,4842493,-0.000202788884053,4.112333229500109e-08,computed (both variants usable),DBP
6:122153737:A:G,6:127155711:C:T,5001974,-0.0262419413775205,0.0006886394694447,computed (both variants usable),DBP
6:122153737:A:G,6:127163126:C:T,5009389,-0.0269368011504411,0.0007255912641994,computed (both variants usable),DBP
6:122153737:A:G,6:127177475:T:C,5023738,-0.0276314448565244,0.0007634967332705,computed (both variants usable),DBP
6:126996230:C:T,6:127155711:C:T,159481,0.1141871288418769,0.0130387004464864,computed (both variants usable),DBP
6:126996230:C:T,6:127163126:C:T,166896,0.1122338846325874,0.0125964451581239,computed (both variants usable),DBP
6:126996230:C:T,6:127177475:T:C,181245,0.1142820119857788,0.0130603779107332,computed (both variants usable),DBP
6:126996230:C:T,6:135146944:G:A,8150714,0.0147602008655667,0.0002178635331802,computed (both variants usable),DBP
6:126996230:C:T,6:135419042:G:A,8422812,-0.0374232642352581,0.0014005006523802,computed (both variants usable),DBP
6:127155711:C:T,6:127163126:C:T,7415,0.997988760471344,0.9959815740585328,computed (both variants usable),DBP
6:127155711:C:T,6:127177475:T:C,21764,0.9959864616394044,0.991989016532898,computed (both variants usable),DBP
6:127155711:C:T,6:135146944:G:A,7991233,0.0166244152933359,0.000276371196378,computed (both variants usable),DBP
6:127155711:C:T,6:135419042:G:A,8263331,0.0325928032398223,0.0010622908594086,computed (both variants usable),DBP
6:127163126:C:T,6:127177475:T:C,14349,0.997990906238556,0.9959858655929564,computed (both variants usable),DBP
6:127163126:C:T,6:135146944:G:A,7983818,0.0159903094172477,0.0002556899853516,computed (both variants usable),DBP
6:127163126:C:T,6:135419042:G:A,8255916,0.0313933677971363,0.0009855435928329,computed (both variants usable),DBP
6:127177475:T:C,6:135146944:G:A,7969469,0.0153568563982844,0.0002358330384595,computed (both variants usable),DBP
6:127177475:T:C,6:135419042:G:A,8241567,0.0347376614809036,0.0012067051138728,computed (both variants usable),DBP
6:135146944:G:A,6:135419042:G:A,272098,-0.0778307393193245,0.0060576237738132,computed (both variants usable),DBP
6:135146944:G:A,6:139829666:C:T,4682722,0.0145451724529266,0.0002115620445692,computed (both variants usable),DBP
6:135146944:G:A,6:143150223:T:C,8003279,0.0234264601022005,0.0005487990565598,computed (both variants usable),DBP
6:135419042:G:A,6:139829666:C:T,4410624,-0.0348374396562576,0.001213647192344,computed (both variants usable),DBP
6:135419042:G:A,6:143150223:T:C,7731181,-0.0038533913902938,1.4848625141894445e-05,computed (both variants usable),DBP
6:139829666:C:T,6:143150223:T:C,3320557,-0.0154002280905842,0.0002371670270804,computed (both variants usable),DBP
6:143150223:T:C,6:150997440:C:T,7847217,0.0340586826205253,0.0011599938152357,computed (both variants usable),DBP
6:143150223:T:C,6:150999751:C:T,7849528,0.0310298204421997,0.000962849764619,computed (both variants usable),DBP
6:143150223:T:C,6:151002371:T:C,7852148,0.0289932303130626,0.0008406073902733,computed (both variants usable),DBP
6:143150223:T:C,6:152404528:A:G,9254305,-0.0256356820464134,0.000657188182231,computed (both variants usable),DBP
6:150997440:C:T,6:150999751:C:T,2311,0.9931922554969788,0.9864308834075928,computed (both variants usable),DBP
6:150997440:C:T,6:151002371:T:C,4931,0.9375292658805848,0.8789611458778381,computed (both variants usable),DBP
6:150997440:C:T,6:152404528:A:G,1407088,0.0137549648061394,0.000189199054148,computed (both variants usable),DBP
6:150997440:C:T,6:154414446:A:T,3417006,0.0375349782407283,0.0014088746393099,computed (both variants usable),DBP
6:150997440:C:T,6:159717362:G:C,8719922,-0.0070371781475842,4.952187737217173e-05,computed (both variants usable),DBP
6:150999751:C:T,6:151002371:T:C,2620,0.9439552426338196,0.8910514712333679,computed (both variants usable),DBP
6:150999751:C:T,6:152404528:A:G,1404777,0.0151356216520071,0.000229087047046,computed (both variants usable),DBP
6:150999751:C:T,6:154414446:A:T,3414695,0.0357397235929966,0.0012773278867825,computed (both variants usable),DBP
6:150999751:C:T,6:159717362:G:C,8717611,-0.0084248119965195,7.097745401551947e-05,computed (both variants usable),DBP
6:151002371:T:C,6:152404528:A:G,1402157,-0.010331186465919,0.0001067334160325,computed (both variants usable),DBP
6:151002371:T:C,6:154414446:A:T,3412075,0.0206337831914424,0.0004257530090399,computed (both variants usable),DBP
6:151002371:T:C,6:159717362:G:C,8714991,-0.0201671607792377,0.0004067143599968,computed (both variants usable),DBP
6:152404528:A:G,6:154414446:A:T,2009918,0.033073503524065,0.0010938566410914,computed (both variants usable),DBP
6:152404528:A:G,6:159717362:G:C,7312834,0.0593559332191944,0.0035231267102062,computed (both variants usable),DBP
6:154414446:A:T,6:159717362:G:C,5302916,0.0663670897483825,0.0044045904651284,computed (both variants usable),DBP
6:159717362:G:C,6:166162335:T:C,6444973,0.0317990519106388,0.0010111797600984,computed (both variants usable),DBP
6:159717362:G:C,6:166175188:A:C,6457826,-0.0074563147500157,5.559662895393558e-05,computed (both variants usable),DBP
6:159717362:G:C,6:166180947:C:G,6463585,0.0061324615962803,3.760708568734117e-05,computed (both variants usable),DBP
6:159717362:G:C,6:169587103:G:A,9869741,-0.0267995204776525,0.0007182143162935,computed (both variants usable),DBP
6:159717362:G:C,6:169633335:T:C,9915973,-0.0083528207615017,6.976961594773456e-05,computed (both variants usable),DBP
6:166162335:T:C,6:166175188:A:C,12853,0.1921544373035431,0.0369233265519142,computed (both variants usable),DBP
6:166162335:T:C,6:166180947:C:G,18612,0.1921544373035431,0.0369233265519142,computed (both variants usable),DBP
6:166162335:T:C,6:169587103:G:A,3424768,-0.0022104231175035,4.885970156465191e-06,computed (both variants usable),DBP
6:166162335:T:C,6:169633335:T:C,3471000,-0.0292259324342012,0.0008541551069356,computed (both variants usable),DBP
6:166175188:A:C,6:166180947:C:G,5759,0.980764091014862,0.9618982076644896,computed (both variants usable),DBP
6:166175188:A:C,6:169587103:G:A,3411915,0.0042944690212607,1.8442464352119717e-05,computed (both variants usable),DBP
6:166175188:A:C,6:169633335:T:C,3458147,-0.0291735921055078,0.0008510984480381,computed (both variants usable),DBP
6:166180947:C:G,6:169587103:G:A,3406156,0.0042944611050188,1.8442397049511783e-05,computed (both variants usable),DBP
6:166180947:C:G,6:169633335:T:C,3452388,-0.037918746471405,0.0014378313207998,computed (both variants usable),DBP
6:169587103:G:A,6:169633335:T:C,46232,-0.110233299434185,0.0121513800695538,computed (both variants usable),DBP
7:2522782:A:G,7:2524359:A:G,1577,0.3669100999832153,0.1346230208873748,computed (both variants usable),DBP
7:2522782:A:G,7:2563672:G:A,40890,0.0731163322925567,0.0053459978662431,computed (both variants usable),DBP
7:2522782:A:G,7:2565268:C:A,42486,0.166195273399353,0.0276208687573671,computed (both variants usable),DBP
7:2522782:A:G,7:2830498:C:T,307716,0.0067491508089005,4.5551038056146353e-05,computed (both variants usable),DBP
7:2522782:A:G,7:5971723:G:A,3448941,-0.0458274818956851,0.0021001580171287,computed (both variants usable),DBP
7:2524359:A:G,7:2563672:G:A,39313,0.3129207789897918,0.0979194119572639,computed (both variants usable),DBP
7:2524359:A:G,7:2565268:C:A,40909,0.3615275919437408,0.1307021975517273,computed (both variants usable),DBP
7:2524359:A:G,7:2830498:C:T,306139,-0.0294212624430656,0.0008656106656417,computed (both variants usable),DBP
7:2524359:A:G,7:5971723:G:A,3447364,-0.0499832034111022,0.0024983205366879,computed (both variants usable),DBP
7:2563672:G:A,7:2565268:C:A,1596,0.7889498472213745,0.6224418878555298,computed (both variants usable),DBP
7:2563672:G:A,7:2830498:C:T,266826,-0.0264443587511777,0.0006993041024543,computed (both variants usable),DBP
7:2563672:G:A,7:5971723:G:A,3408051,-0.0087849041447043,7.717453991062939e-05,computed (both variants usable),DBP
7:2565268:C:A,7:2830498:C:T,265230,-0.0378842540085315,0.0014352167490869,computed (both variants usable),DBP
7:2565268:C:A,7:5971723:G:A,3406455,0.013726838864386,0.0001884261000668,computed (both variants usable),DBP
7:2830498:C:T,7:5971723:G:A,3141225,0.0031450339592993,9.891238732961938e-06,computed (both variants usable),DBP
7:19046177:T:G,7:19049388:G:A,3211,0.8875235915184021,0.7876981496810913,computed (both variants usable),DBP
7:19046177:T:G,7:22770149:G:A,3723972,0.0142154321074485,0.0002020785032073,computed (both variants usable),DBP
7:19046177:T:G,7:22809909:A:G,3763732,0.0009193335426971,8.451741564385884e-07,computed (both variants usable),DBP
7:19046177:T:G,7:27217359:G:A,8171182,0.0157367493957281,0.0002476452791597,computed (both variants usable),DBP
7:19046177:T:G,7:27242359:A:C,8196182,-0.0363040789961814,0.0013179861707612,computed (both variants usable),DBP
7:19046177:T:G,7:27242617:T:C,8196440,-0.031785774976015,0.0010103355161845,computed (both variants usable),DBP
7:19046177:T:G,7:27243238:G:A,8197061,-0.0363040789961814,0.0013179861707612,computed (both variants usable),DBP
7:19046177:T:G,7:27320319:T:C,8274142,-0.028959622606635,0.0008386597619391,computed (both variants usable),DBP
7:19046177:T:G,7:27324369:G:A,8278192,-0.028959622606635,0.0008386597619391,computed (both variants usable),DBP
7:19046177:T:G,7:27328187:C:G,8282010,-0.0304869096726179,0.0009294516639783,computed (both variants usable),DBP
7:19049388:G:A,7:22770149:G:A,3720761,0.0227739308029413,0.0005186519119888,computed (both variants usable),DBP
7:19049388:G:A,7:22809909:A:G,3760521,0.0013150002341717,1.7292255733991624e-06,computed (both variants usable),DBP
7:19049388:G:A,7:27217359:G:A,8167971,0.0254335980862379,0.0006468679057434,computed (both variants usable),DBP
7:19049388:G:A,7:27242359:A:C,8192971,-0.0418053306639194,0.0017476857174187,computed (both variants usable),DBP
7:19049388:G:A,7:27242617:T:C,8193229,-0.0313350521028041,0.0009818854741752,computed (both variants usable),DBP
7:19049388:G:A,7:27243238:G:A,8193850,-0.0418053306639194,0.0017476857174187,computed (both variants usable),DBP
7:19049388:G:A,7:27320319:T:C,8270931,-0.0212021712213754,0.0004495320608839,computed (both variants usable),DBP
7:19049388:G:A,7:27324369:G:A,8274981,-0.0212021712213754,0.0004495320608839,computed (both variants usable),DBP
7:19049388:G:A,7:27328187:C:G,8278799,-0.0226476322859525,0.0005129152559675,computed (both variants usable),DBP
7:22770149:G:A,7:22809909:A:G,39760,0.1936180889606475,0.0374879650771617,computed (both variants usable),DBP
7:22770149:G:A,7:27217359:G:A,4447210,-0.0219763722270727,0.0004829609242733,computed (both variants usable),DBP
7:22770149:G:A,7:27242359:A:C,4472210,-0.0372959822416305,0.0013909903354942,computed (both variants usable),DBP
7:22770149:G:A,7:27242617:T:C,4472468,-0.0552681274712085,0.0030545659828931,computed (both variants usable),DBP
7:22770149:G:A,7:27243238:G:A,4473089,-0.0372959822416305,0.0013909903354942,computed (both variants usable),DBP
7:22770149:G:A,7:27320319:T:C,4550170,0.0240527596324682,0.0005785352550446,computed (both variants usable),DBP
7:22770149:G:A,7:27324369:G:A,4554220,0.0240527596324682,0.0005785352550446,computed (both variants usable),DBP
7:22770149:G:A,7:27328187:C:G,4558038,0.0199916213750839,0.0003996649174951,computed (both variants usable),DBP
7:22770149:G:A,7:30957616:A:T,8187467,-0.030259758234024,0.0009156529558822,computed (both variants usable),DBP
7:22809909:A:G,7:27217359:G:A,4407450,-0.0061698546633124,3.806710810749792e-05,computed (both variants usable),DBP
7:22809909:A:G,7:27242359:A:C,4432450,0.0365097485482692,0.0013329617213457,computed (both variants usable),DBP
7:22809909:A:G,7:27242617:T:C,4432708,0.048734962940216,0.0023750965483486,computed (both variants usable),DBP
7:22809909:A:G,7:27243238:G:A,4433329,0.0365097485482692,0.0013329617213457,computed (both variants usable),DBP
7:22809909:A:G,7:27320319:T:C,4510410,-0.0205510966479778,0.0004223475698381,computed (both variants usable),DBP
7:22809909:A:G,7:27324369:G:A,4514460,-0.0205510966479778,0.0004223475698381,computed (both variants usable),DBP
7:22809909:A:G,7:27328187:C:G,4518278,-0.0212137252092361,0.000450022140285,computed (both variants usable),DBP
7:22809909:A:G,7:30957616:A:T,8147707,0.0271790027618408,0.0007386981742456,computed (both variants usable),DBP
7:27217359:G:A,7:27242359:A:C,25000,0.140996053814888,0.019879886880517,computed (both variants usable),DBP
7:27217359:G:A,7:27242617:T:C,25258,0.0953624248504638,0.0090939924120903,computed (both variants usable),DBP
7:27217359:G:A,7:27243238:G:A,25879,0.140996053814888,0.019879886880517,computed (both variants usable),DBP
7:27217359:G:A,7:27320319:T:C,102960,-0.0347879528999328,0.0012102016480639,computed (both variants usable),DBP
7:27217359:G:A,7:27324369:G:A,107010,-0.0347879528999328,0.0012102016480639,computed (both variants usable),DBP
7:27217359:G:A,7:27328187:C:G,110828,-0.0307218022644519,0.000943829130847,computed (both variants usable),DBP
7:27217359:G:A,7:30957616:A:T,3740257,-0.0125469164922833,0.0001574251073179,computed (both variants usable),DBP
7:27242359:A:C,7:27242617:T:C,258,0.8528608679771423,0.7273716330528259,computed (both variants usable),DBP
7:27242359:A:C,7:27243238:G:A,879,1.000000238418579,1.0000004768371582,computed (both variants usable),DBP
7:27242359:A:C,7:27320319:T:C,77960,0.0656026229262352,0.0043037040159106,computed (both variants usable),DBP
7:27242359:A:C,7:27324369:G:A,82010,0.0656026229262352,0.0043037040159106,computed (both variants usable),DBP
7:27242359:A:C,7:27328187:C:G,85828,0.0517076626420021,0.0026736822910606,computed (both variants usable),DBP
7:27242359:A:C,7:30957616:A:T,3715257,-0.0125244818627834,0.0001568626466905,computed (both variants usable),DBP
7:27242617:T:C,7:27243238:G:A,621,0.8528608679771423,0.7273716330528259,computed (both variants usable),DBP
7:27242617:T:C,7:27320319:T:C,77702,-0.0073777693323791,5.443147892947309e-05,computed (both variants usable),DBP
7:27242617:T:C,7:27324369:G:A,81752,-0.0073777693323791,5.443147892947309e-05,computed (both variants usable),DBP
7:27242617:T:C,7:27328187:C:G,85570,-0.0189175866544246,0.0003578750765882,computed (both variants usable),DBP
7:27242617:T:C,7:30957616:A:T,3714999,0.015967084094882,0.0002549477794673,computed (both variants usable),DBP
7:27243238:G:A,7:27320319:T:C,77081,0.0656026229262352,0.0043037040159106,computed (both variants usable),DBP
7:27243238:G:A,7:27324369:G:A,81131,0.0656026229262352,0.0043037040159106,computed (both variants usable),DBP
7:27243238:G:A,7:27328187:C:G,84949,0.0517076626420021,0.0026736822910606,computed (both variants usable),DBP
7:27243238:G:A,7:30957616:A:T,3714378,-0.0125244818627834,0.0001568626466905,computed (both variants usable),DBP
7:27320319:T:C,7:27324369:G:A,4050,1.0,1.0,computed (both variants usable),DBP
7:27320319:T:C,7:27328187:C:G,7868,0.9940070509910583,0.9880500435829164,computed (both variants usable),DBP
7:27320319:T:C,7:30957616:A:T,3637297,-0.0133237214758992,0.0001775215496309,computed (both variants usable),DBP
7:27324369:G:A,7:27328187:C:G,3818,0.9940070509910583,0.9880500435829164,computed (both variants usable),DBP
7:27324369:G:A,7:30957616:A:T,3633247,-0.0133237214758992,0.0001775215496309,computed (both variants usable),DBP
7:27328187:C:G,7:30957616:A:T,3629429,-0.0080547714605927,6.487934297183529e-05,computed (both variants usable),DBP
7:45987430:G:C,7:45990641:T:C,3211,0.9880391359329224,0.9762213230133056,computed (both variants usable),DBP
7:45987430:G:C,7:50914298:G:A,4926868,-0.023662170395255,0.0005598983261734,computed (both variants usable),DBP
7:45990641:T:C,7:50914298:G:A,4923657,-0.0243989527225494,0.0005953088984824,computed (both variants usable),DBP
7:73750008:G:C,7:74034475:G:A,284467,0.0468774251639843,0.0021974931005388,computed (both variants usable),DBP
7:73750008:G:C,7:80397808:C:T,6647800,-0.0396058596670627,0.001568624167703,computed (both variants usable),DBP
7:74034475:G:A,7:80397808:C:T,6363333,-0.0545686148107051,0.0029777337331324,computed (both variants usable),DBP
7:80397808:C:T,7:89761619:A:G,9363811,0.0110215172171592,0.0001214738440467,computed (both variants usable),DBP
7:89761619:A:G,7:92237426:G:A,2475807,0.0241825077682733,0.0005847936845384,computed (both variants usable),DBP
7:89761619:A:G,7:92258736:A:C,2497117,-0.0402264855802059,0.0016181701794266,computed (both variants usable),DBP
7:89761619:A:G,7:96463812:C:T,6702193,-0.0134754534810781,0.0001815878495108,computed (both variants usable),DBP
7:89761619:A:G,7:96470332:C:T,6708713,-0.0155061203986406,0.0002404397673672,computed (both variants usable),DBP
7:89761619:A:G,7:99612405:G:T,9850786,-0.0521136671304702,0.002715834416449,computed (both variants usable),DBP
7:89761619:A:G,7:99720994:A:C,9959375,0.0639607012271881,0.0040909713134169,computed (both variants usable),DBP
7:92237426:G:A,7:92258736:A:C,21310,0.6783407330513,0.4601461589336395,computed (both variants usable),DBP
7:92237426:G:A,7:96463812:C:T,4226386,0.0163991637527942,0.0002689325774554,computed (both variants usable),DBP
7:92237426:G:A,7:96470332:C:T,4232906,0.0197108648717403,0.000388518179534,computed (both variants usable),DBP
7:92237426:G:A,7:99612405:G:T,7374979,-0.0255450773984193,0.000652550952509,computed (both variants usable),DBP
7:92237426:G:A,7:99720994:A:C,7483568,0.0297857597470283,0.0008871915051713,computed (both variants usable),DBP
7:92237426:G:A,7:100496887:A:G,8259461,0.0325897112488746,0.0010620892280712,computed (both variants usable),DBP
7:92258736:A:C,7:96463812:C:T,4205076,0.0195583887398242,0.0003825305611826,computed (both variants usable),DBP
7:92258736:A:C,7:96470332:C:T,4211596,0.0225439388304948,0.000508229190018,computed (both variants usable),DBP
7:92258736:A:C,7:99612405:G:T,7353669,-0.0029809812549501,8.886248906492256e-06,computed (both variants usable),DBP
7:92258736:A:C,7:99720994:A:C,7462258,0.0006122620543465,3.748648111923103e-07,computed (both variants usable),DBP
7:92258736:A:C,7:100496887:A:G,8238151,-0.0235966630280017,0.00055680249352,computed (both variants usable),DBP
7:96463812:C:T,7:96470332:C:T,6520,0.9979847073554992,0.9959734678268432,computed (both variants usable),DBP
7:96463812:C:T,7:99612405:G:T,3148593,0.0650587677955627,0.0042326431721448,computed (both variants usable),DBP
7:96463812:C:T,7:99720994:A:C,3257182,-0.0526787564158439,0.0027750513982027,computed (both variants usable),DBP
7:96463812:C:T,7:100496887:A:G,4033075,0.0199097897857427,0.0003963997296523,computed (both variants usable),DBP
7:96463812:C:T,7:102429288:C:T,5965476,-0.026115408167243,0.0006820145645178,computed (both variants usable),DBP
7:96463812:C:T,7:106412082:G:A,9948270,0.0260807015001773,0.0006802029674872,computed (both variants usable),DBP
7:96463812:C:T,7:106414069:T:G,9950257,0.0281510632485151,0.000792482343968,computed (both variants usable),DBP
7:96463812:C:T,7:106416467:G:A,9952655,0.0281510632485151,0.000792482343968,computed (both variants usable),DBP
7:96463812:C:T,7:106457975:C:G,9994163,,,unknown: absent from panel,DBP
7:96470332:C:T,7:99612405:G:T,3142073,0.0665222778916359,0.0044252136722207,computed (both variants usable),DBP
7:96470332:C:T,7:99720994:A:C,3250662,-0.0539235584437847,0.0029077501967549,computed (both variants usable),DBP
7:96470332:C:T,7:100496887:A:G,4026555,0.0189668294042348,0.0003597406321205,computed (both variants usable),DBP
7:96470332:C:T,7:102429288:C:T,5958956,-0.0275278128683567,0.0007577805081382,computed (both variants usable),DBP
7:96470332:C:T,7:106412082:G:A,9941750,0.0250148605555295,0.0006257432396523,computed (both variants usable),DBP
7:96470332:C:T,7:106414069:T:G,9943737,0.0270828399807214,0.0007334802066907,computed (both variants usable),DBP
7:96470332:C:T,7:106416467:G:A,9946135,0.0270828399807214,0.0007334802066907,computed (both variants usable),DBP
7:96470332:C:T,7:106457975:C:G,9987643,,,unknown: absent from panel,DBP
7:99612405:G:T,7:99720994:A:C,108589,-0.7947858572006226,0.6316845417022705,computed (both variants usable),DBP
7:99612405:G:T,7:100496887:A:G,884482,-0.059035699814558,0.0034852139651775,computed (both variants usable),DBP
7:99612405:G:T,7:102429288:C:T,2816883,-0.0318110212683677,0.0010119411163032,computed (both variants usable),DBP
7:99612405:G:T,7:106412082:G:A,6799677,-0.0260774791240692,0.0006800349219702,computed (both variants usable),DBP
7:99612405:G:T,7:106414069:T:G,6801664,-0.0243128221482038,0.0005911133484914,computed (both variants usable),DBP
7:99612405:G:T,7:106416467:G:A,6804062,-0.0243128221482038,0.0005911133484914,computed (both variants usable),DBP
7:99612405:G:T,7:106457975:C:G,6845570,,,unknown: absent from panel,DBP
7:99720994:A:C,7:100496887:A:G,775893,0.1124845668673515,0.0126527780666947,computed (both variants usable),DBP
7:99720994:A:C,7:102429288:C:T,2708294,0.0422358065843582,0.001783863408491,computed (both variants usable),DBP
7:99720994:A:C,7:106412082:G:A,6691088,0.0243367664515972,0.0005922782002016,computed (both variants usable),DBP
7:99720994:A:C,7:106414069:T:G,6693075,0.0228314567357301,0.0005212753894738,computed (both variants usable),DBP
7:99720994:A:C,7:106416467:G:A,6695473,0.0228314567357301,0.0005212753894738,computed (both variants usable),DBP
7:99720994:A:C,7:106457975:C:G,6736981,,,unknown: absent from panel,DBP
7:100496887:A:G,7:102429288:C:T,1932401,-0.014893970452249,0.0002218303561676,computed (both variants usable),DBP
7:100496887:A:G,7:106412082:G:A,5915195,-0.0059962659142911,3.595520320232026e-05,computed (both variants usable),DBP
7:100496887:A:G,7:106414069:T:G,5917182,-0.0071154041215777,5.062897616880946e-05,computed (both variants usable),DBP
7:100496887:A:G,7:106416467:G:A,5919580,-0.0071154041215777,5.062897616880946e-05,computed (both variants usable),DBP
7:100496887:A:G,7:106457975:C:G,5961088,,,unknown: absent from panel,DBP
7:102429288:C:T,7:106412082:G:A,3982794,0.0308714061975479,0.0009530436946079,computed (both variants usable),DBP
7:102429288:C:T,7:106414069:T:G,3984781,0.0291481334716081,0.0008496136870235,computed (both variants usable),DBP
7:102429288:C:T,7:106416467:G:A,3987179,0.0291481334716081,0.0008496136870235,computed (both variants usable),DBP
7:102429288:C:T,7:106457975:C:G,4028687,,,unknown: absent from panel,DBP
7:106412082:G:A,7:106414069:T:G,1987,0.9971363544464112,0.9942809343338012,computed (both variants usable),DBP
7:106412082:G:A,7:106416467:G:A,4385,0.9971363544464112,0.9942809343338012,computed (both variants usable),DBP
7:106412082:G:A,7:106457975:C:G,45893,,,unknown: absent from panel,DBP
7:106414069:T:G,7:106416467:G:A,2398,0.9999992847442628,0.9999985694885254,computed (both variants usable),DBP
7:106414069:T:G,7:106457975:C:G,43906,,,unknown: absent from panel,DBP
7:106416467:G:A,7:106457975:C:G,41508,,,unknown: absent from panel,DBP
7:129663496:C:T,7:129685597:G:A,22101,0.9306408166885376,0.866092324256897,computed (both variants usable),DBP
7:129663496:C:T,7:135189297:G:C,5525801,-0.0375074706971645,0.0014068103628233,computed (both variants usable),DBP
7:129685597:G:A,7:135189297:G:C,5503700,-0.0250153597444295,0.0006257682107388,computed (both variants usable),DBP
7:150690176:C:T,7:150704843:G:A,14667,-0.2274146527051925,0.051717422902584,computed (both variants usable),DBP
7:150690176:C:T,7:150878260:C:G,188084,0.0882069170475006,0.0077804601751267,computed (both variants usable),DBP
7:150690176:C:T,7:151403260:T:C,713084,0.0285196509212255,0.0008133705123327,computed (both variants usable),DBP
7:150690176:C:T,7:151413124:T:C,722948,0.0399549789726734,0.0015964003978297,computed (both variants usable),DBP
7:150690176:C:T,7:151415041:A:G,724865,0.0326599553227424,0.0010666727321222,computed (both variants usable),DBP
7:150690176:C:T,7:156312739:G:A,5622563,-0.0074388664215803,5.533673538593576e-05,computed (both variants usable),DBP
7:150690176:C:T,7:156315173:G:A,5624997,0.0022467421367764,5.047850208939053e-06,computed (both variants usable),DBP
7:150690176:C:T,7:156322655:A:T,5632479,-0.0301152896136045,0.0009069306543096,computed (both variants usable),DBP
7:150704843:G:A,7:150878260:C:G,173417,-0.0983912050724029,0.0096808290109038,computed (both variants usable),DBP
7:150704843:G:A,7:151403260:T:C,698417,-0.0831408351659774,0.0069123986177146,computed (both variants usable),DBP
7:150704843:G:A,7:151413124:T:C,708281,-0.0943620726466178,0.0089042009785771,computed (both variants usable),DBP
7:150704843:G:A,7:151415041:A:G,710198,-0.1173805296421051,0.0137781891971826,computed (both variants usable),DBP
7:150704843:G:A,7:156312739:G:A,5607896,0.0361839570105075,0.0013092787703499,computed (both variants usable),DBP
7:150704843:G:A,7:156315173:G:A,5610330,-0.0226524025201797,0.0005131313228048,computed (both variants usable),DBP
7:150704843:G:A,7:156322655:A:T,5617812,0.0346601605415344,0.0012013267260044,computed (both variants usable),DBP
7:150878260:C:G,7:151403260:T:C,525000,0.0024423676077276,5.965159743936965e-06,computed (both variants usable),DBP
7:150878260:C:G,7:151413124:T:C,534864,0.0057262382470071,3.278980511822738e-05,computed (both variants usable),DBP
7:150878260:C:G,7:151415041:A:G,536781,0.0102127622812986,0.0001043005104293,computed (both variants usable),DBP
7:150878260:C:G,7:156312739:G:A,5434479,-0.0144004225730896,0.0002073721698252,computed (both variants usable),DBP
7:150878260:C:G,7:156315173:G:A,5436913,0.0200321208685636,0.0004012858553323,computed (both variants usable),DBP
7:150878260:C:G,7:156322655:A:T,5444395,-0.0086993081495165,7.567796274088323e-05,computed (both variants usable),DBP
7:151403260:T:C,7:151413124:T:C,9864,0.8849544525146484,0.7831443548202515,computed (both variants usable),DBP
7:151403260:T:C,7:151415041:A:G,11781,0.8945886492729187,0.8002888560295105,computed (both variants usable),DBP
7:151403260:T:C,7:156312739:G:A,4909479,0.0089599480852484,8.028066804399714e-05,computed (both variants usable),DBP
7:151403260:T:C,7:156315173:G:A,4911913,-0.0071338671259582,5.08920602442231e-05,computed (both variants usable),DBP
7:151403260:T:C,7:156322655:A:T,4919395,-0.0050922143273055,2.593064709799364e-05,computed (both variants usable),DBP
7:151413124:T:C,7:151415041:A:G,1917,0.9714984893798828,0.9438093304634094,computed (both variants usable),DBP
7:151413124:T:C,7:156312739:G:A,4899615,0.0071121221408247,5.058228271082044e-05,computed (both variants usable),DBP
7:151413124:T:C,7:156315173:G:A,4902049,-0.0033112009987235,1.0964052307826933e-05,computed (both variants usable),DBP
7:151413124:T:C,7:156322655:A:T,4909531,-0.0082586221396923,6.820484122727066e-05,computed (both variants usable),DBP
7:151415041:A:G,7:156312739:G:A,4897698,0.0205106046050786,0.000420684897108,computed (both variants usable),DBP
7:151415041:A:G,7:156315173:G:A,4900132,-0.0165297258645296,0.0002732318243943,computed (both variants usable),DBP
7:151415041:A:G,7:156322655:A:T,4907614,0.0055423532612621,3.0717677873326465e-05,computed (both variants usable),DBP
7:156312739:G:A,7:156315173:G:A,2434,-0.9298298954963684,0.8645836114883423,computed (both variants usable),DBP
7:156312739:G:A,7:156322655:A:T,9916,0.8736667037010193,0.7632935047149658,computed (both variants usable),DBP
7:156315173:G:A,7:156322655:A:T,7482,-0.831687331199646,0.6917037963867188,computed (both variants usable),DBP
8:23400615:C:T,8:23403424:T:C,2809,0.9973692893981934,0.9947454929351808,computed (both variants usable),DBP
8:23400615:C:T,8:23414147:A:G,13532,0.7775301933288574,0.60455322265625,computed (both variants usable),DBP
8:23400615:C:T,8:26060013:T:C,2659398,0.0112596796825528,0.0001267803891096,computed (both variants usable),DBP
8:23400615:C:T,8:26063734:T:C,2663119,0.0112596796825528,0.0001267803891096,computed (both variants usable),DBP
8:23400615:C:T,8:27296004:A:G,3895389,0.0302501749247312,0.0009150730911642,computed (both variants usable),DBP
8:23403424:T:C,8:23414147:A:G,10723,0.7752851247787476,0.6010670065879822,computed (both variants usable),DBP
8:23403424:T:C,8:26060013:T:C,2656589,0.010414951480925,0.000108471213025,computed (both variants usable),DBP
8:23403424:T:C,8:26063734:T:C,2660310,0.010414951480925,0.000108471213025,computed (both variants usable),DBP
8:23403424:T:C,8:27296004:A:G,3892580,0.0281314738094806,0.0007913798326626,computed (both variants usable),DBP
8:23414147:A:G,8:26060013:T:C,2645866,0.0136322099715471,0.0001858371542766,computed (both variants usable),DBP
8:23414147:A:G,8:26063734:T:C,2649587,0.0136322099715471,0.0001858371542766,computed (both variants usable),DBP
8:23414147:A:G,8:27296004:A:G,3881857,0.0394726246595382,0.0015580881154164,computed (both variants usable),DBP
8:26060013:T:C,8:26063734:T:C,3721,1.0000028610229492,1.0000057220458984,computed (both variants usable),DBP
8:26060013:T:C,8:27296004:A:G,1235991,0.0192033722996711,0.0003687695134431,computed (both variants usable),DBP
8:26063734:T:C,8:27296004:A:G,1232270,0.0192033722996711,0.0003687695134431,computed (both variants usable),DBP
8:87157578:A:G,8:92149429:T:C,4991851,,,unknown: absent from panel,DBP
8:87157578:A:G,8:95707623:C:T,8550045,,,unknown: absent from panel,DBP
8:92149429:T:C,8:95707623:C:T,3558194,0.0227101631462574,0.0005157514824531,computed (both variants usable),DBP
8:120423129:C:T,8:120456197:A:T,33068,0.9581511616706848,0.9180536270141602,computed (both variants usable),DBP
8:120423129:C:T,8:120749166:C:T,326037,-0.0982938408851623,0.0096616791561245,computed (both variants usable),DBP
8:120423129:C:T,8:122362656:G:A,1939527,0.0227110181003808,0.0005157903651706,computed (both variants usable),DBP
8:120456197:A:T,8:120749166:C:T,292969,-0.0990144535899162,0.0098038623109459,computed (both variants usable),DBP
8:120456197:A:T,8:122362656:G:A,1906459,0.0278971083462238,0.0007782486500218,computed (both variants usable),DBP
8:120749166:C:T,8:122362656:G:A,1613490,0.0281415861099958,0.0007919488707557,computed (both variants usable),DBP
8:120749166:C:T,8:130748007:C:G,9998841,0.0109006389975547,0.0001188239330076,computed (both variants usable),DBP
8:122362656:G:A,8:130748007:C:G,8385351,0.0032473127357661,1.0545039913267829e-05,computed (both variants usable),DBP
8:130748007:C:G,8:135802892:G:A,5054885,0.0474099703133106,0.0022477053571492,computed (both variants usable),DBP
8:135802892:G:A,8:142367087:C:T,6564195,0.0280454941093921,0.00078654976096,computed (both variants usable),DBP
8:135802892:G:A,8:143992864:C:A,8189972,-0.01211953535676,0.0001468831324018,computed (both variants usable),DBP
8:135802892:G:A,8:144060955:G:A,8258063,-0.0178079754114151,0.0003171239804942,computed (both variants usable),DBP
8:142367087:C:T,8:143992864:C:A,1625777,0.0220593828707933,0.0004866163653787,computed (both variants usable),DBP
8:142367087:C:T,8:144060955:G:A,1693868,0.0060761859640479,3.692003519972786e-05,computed (both variants usable),DBP
8:143992864:C:A,8:144060955:G:A,68091,0.9165336489677428,0.8400339484214783,computed (both variants usable),DBP
9:21818310:C:T,9:22093299:A:T,274989,-0.0393020659685134,0.0015446523902937,computed (both variants usable),DBP
9:21818310:C:T,9:22124744:C:G,306434,-0.0339021943509578,0.0011493588099256,computed (both variants usable),DBP
9:22093299:A:T,9:22124744:C:G,31445,0.928765594959259,0.8626055121421814,computed (both variants usable),DBP
9:127867256:T:A,9:130642106:C:A,2774850,,,unknown: absent from panel,DBP
9:127867256:T:A,9:131217803:A:G,3350547,,,unknown: absent from panel,DBP
9:127867256:T:A,9:136522274:C:T,8655018,,,unknown: absent from panel,DBP
9:127867256:T:A,9:136535677:G:A,8668421,,,unknown: absent from panel,DBP
9:130642106:C:A,9:131217803:A:G,575697,0.0543468818068504,0.0029535836074501,computed (both variants usable),DBP
9:130642106:C:A,9:136522274:C:T,5880168,0.0287409368902444,0.0008260414469987,computed (both variants usable),DBP
9:130642106:C:A,9:136535677:G:A,5893571,0.0379956141114234,0.0014436666388064,computed (both variants usable),DBP
9:130642106:C:A,9:139109059:G:C,8466953,0.0087894853204488,7.725505565758795e-05,computed (both variants usable),DBP
9:130642106:C:A,9:139297921:A:G,8655815,-0.0388507433235645,0.00150938029401,computed (both variants usable),DBP
9:131217803:A:G,9:136522274:C:T,5304471,0.0533933825790882,0.0028508533723652,computed (both variants usable),DBP
9:131217803:A:G,9:136535677:G:A,5317874,0.056951854377985,0.0032435136381536,computed (both variants usable),DBP
9:131217803:A:G,9:139109059:G:C,7891256,-0.024481626227498,0.000599350023549,computed (both variants usable),DBP
9:131217803:A:G,9:139297921:A:G,8080118,-0.0209002401679754,0.0004368200316093,computed (both variants usable),DBP
9:136522274:C:T,9:136535677:G:A,13403,0.8819782137870789,0.7778855562210083,computed (both variants usable),DBP
9:136522274:C:T,9:139109059:G:C,2586785,0.0079264054074883,6.28279012744315e-05,computed (both variants usable),DBP
9:136522274:C:T,9:139297921:A:G,2775647,0.0206834319978952,0.0004278043634258,computed (both variants usable),DBP
9:136535677:G:A,9:139109059:G:C,2573382,-0.0028229698073118,7.96915810497012e-06,computed (both variants usable),DBP
9:136535677:G:A,9:139297921:A:G,2762244,0.0135371228680014,0.0001832536945585,computed (both variants usable),DBP
9:139109059:G:C,9:139297921:A:G,188862,-0.0303171630948781,0.0009191303979605,computed (both variants usable),DBP
1:6645867:G:A,1:8489302:C:T,1843435,0.04390413,0.0019275725,computed (both variants usable),Hypertension
1:6645867:G:A,1:10796866:T:C,4150999,-0.024965785,0.0006232904,computed (both variants usable),Hypertension
1:6645867:G:A,1:10800746:C:T,4154879,0.008413859,7.0793016e-05,computed (both variants usable),Hypertension
1:6645867:G:A,1:10802849:C:T,4156982,-0.05061793,0.0025621748,computed (both variants usable),Hypertension
1:6645867:G:A,1:11864586:T:C,5218719,0.015862107,0.00025160646,computed (both variants usable),Hypertension
1:6645867:G:A,1:11865804:A:G,5219937,0.015928501,0.00025371715,computed (both variants usable),Hypertension
1:6645867:G:A,1:11892615:G:C,5246748,0.013847569,0.00019175517,computed (both variants usable),Hypertension
1:6645867:G:A,1:16308447:T:C,9662580,0.0026947262,7.2615494e-06,computed (both variants usable),Hypertension
1:6645867:G:A,1:16348729:G:A,9702862,-0.009087086,8.257513e-05,computed (both variants usable),Hypertension
1:8489302:C:T,1:10796866:T:C,2307564,0.024373136,0.0005940498,computed (both variants usable),Hypertension
1:8489302:C:T,1:10800746:C:T,2311444,-0.031345233,0.0009825237,computed (both variants usable),Hypertension
1:8489302:C:T,1:10802849:C:T,2313547,0.06285408,0.0039506354,computed (both variants usable),Hypertension
1:8489302:C:T,1:11864586:T:C,3375284,-0.0073655373,5.425114e-05,computed (both variants usable),Hypertension
1:8489302:C:T,1:11865804:A:G,3376502,-0.010601149,0.00011238436,computed (both variants usable),Hypertension
1:8489302:C:T,1:11892615:G:C,3403313,-0.004638257,2.1513428e-05,computed (both variants usable),Hypertension
1:8489302:C:T,1:16308447:T:C,7819145,-0.019316398,0.0003731232,computed (both variants usable),Hypertension
1:8489302:C:T,1:16348729:G:A,7859427,-0.046513367,0.0021634933,computed (both variants usable),Hypertension
1:10796866:T:C,1:10800746:C:T,3880,0.5258436,0.27651152,computed (both variants usable),Hypertension
1:10796866:T:C,1:10802849:C:T,5983,0.63908213,0.408426,computed (both variants usable),Hypertension
1:10796866:T:C,1:11864586:T:C,1067720,-0.07361922,0.005419789,computed (both variants usable),Hypertension
1:10796866:T:C,1:11865804:A:G,1068938,-0.067468114,0.0045519467,computed (both variants usable),Hypertension
1:10796866:T:C,1:11892615:G:C,1095749,-0.06360979,0.004046205,computed (both variants usable),Hypertension
1:10796866:T:C,1:16308447:T:C,5511581,0.02596552,0.0006742082,computed (both variants usable),Hypertension
1:10796866:T:C,1:16348729:G:A,5551863,0.019851511,0.0003940825,computed (both variants usable),Hypertension
1:10800746:C:T,1:10802849:C:T,2103,0.07303901,0.005334697,computed (both variants usable),Hypertension
1:10800746:C:T,1:11864586:T:C,1063840,-0.023709249,0.0005621285,computed (both variants usable),Hypertension
1:10800746:C:T,1:11865804:A:G,1065058,-0.027163455,0.0007378533,computed (both variants usable),Hypertension
1:10800746:C:T,1:11892615:G:C,1091869,-0.024867015,0.00061836845,computed (both variants usable),Hypertension
1:10800746:C:T,1:16308447:T:C,5507701,-0.020928275,0.00043799268,computed (both variants usable),Hypertension
1:10800746:C:T,1:16348729:G:A,5547983,0.013001903,0.00016904948,computed (both variants usable),Hypertension
1:10802849:C:T,1:11864586:T:C,1061737,-0.052994285,0.0028083941,computed (both variants usable),Hypertension
1:10802849:C:T,1:11865804:A:G,1062955,-0.039085995,0.001527715,computed (both variants usable),Hypertension
1:10802849:C:T,1:11892615:G:C,1089766,-0.04201435,0.0017652055,computed (both variants usable),Hypertension
1:10802849:C:T,1:16308447:T:C,5505598,0.043132864,0.001860444,computed (both variants usable),Hypertension
1:10802849:C:T,1:16348729:G:A,5545880,0.015113674,0.00022842315,computed (both variants usable),Hypertension
1:11864586:T:C,1:11865804:A:G,1218,0.987812,0.9757725,computed (both variants usable),Hypertension
1:11864586:T:C,1:11892615:G:C,28029,0.9876691,0.9754903,computed (both variants usable),Hypertension
1:11864586:T:C,1:16308447:T:C,4443861,0.020838743,0.00043425322,computed (both variants usable),Hypertension
1:11864586:T:C,1:16348729:G:A,4484143,-0.0046863947,2.1962296e-05,computed (both variants usable),Hypertension
1:11865804:A:G,1:11892615:G:C,26811,0.9837315,0.96772766,computed (both variants usable),Hypertension
1:11865804:A:G,1:16308447:T:C,4442643,0.02207614,0.00048735592,computed (both variants usable),Hypertension
1:11865804:A:G,1:16348729:G:A,4482925,-0.0016030493,2.5697673e-06,computed (both variants usable),Hypertension
1:11892615:G:C,1:16308447:T:C,4415832,0.023184428,0.0005375177,computed (both variants usable),Hypertension
1:11892615:G:C,1:16348729:G:A,4456114,-0.0017488061,3.0583228e-06,computed (both variants usable),Hypertension
1:16308447:T:C,1:16348729:G:A,40282,0.7950118,0.6320438,computed (both variants usable),Hypertension
1:40043752:C:G,1:40045300:A:C,1548,0.9010136,0.8118255,computed (both variants usable),Hypertension
1:40043752:C:G,1:40836794:G:A,793042,-0.019079613,0.0003640316,computed (both variants usable),Hypertension
1:40045300:A:C,1:40836794:G:A,791494,-0.032534763,0.0010585109,computed (both variants usable),Hypertension
1:56627805:A:C,1:56980222:A:C,352417,-0.0029951842,8.971128e-06,computed (both variants usable),Hypertension
1:89295765:C:A,1:89332099:T:C,36334,-0.96028537,0.922148,computed (both variants usable),Hypertension
1:89295765:C:A,1:89362631:G:A,66866,0.81825817,0.6695464,computed (both variants usable),Hypertension
1:89295765:C:A,1:94619077:C:G,5323312,-0.0022596614,5.1060697e-06,computed (both variants usable),Hypertension
1:89295765:C:A,1:94680185:A:G,5384420,0.0022596582,5.106055e-06,computed (both variants usable),Hypertension
1:89295765:C:A,1:94769368:C:T,5473603,-0.01184869,0.00014039145,computed (both variants usable),Hypertension
1:89332099:T:C,1:89362631:G:A,30532,-0.8575187,0.7353383,computed (both variants usable),Hypertension
1:89332099:T:C,1:94619077:C:G,5286978,0.009786543,9.5776435e-05,computed (both variants usable),Hypertension
1:89332099:T:C,1:94680185:A:G,5348086,-0.009786541,9.577638e-05,computed (both variants usable),Hypertension
1:89332099:T:C,1:94769368:C:T,5437269,0.006306387,3.977052e-05,computed (both variants usable),Hypertension
1:89362631:G:A,1:94619077:C:G,5256446,-0.024515485,0.000601009,computed (both variants usable),Hypertension
1:89362631:G:A,1:94680185:A:G,5317554,0.024515476,0.0006010086,computed (both variants usable),Hypertension
1:89362631:G:A,1:94769368:C:T,5406737,0.01808963,0.0003272347,computed (both variants usable),Hypertension
1:94619077:C:G,1:94680185:A:G,61108,-1.0000011,1.0000021,computed (both variants usable),Hypertension
1:94619077:C:G,1:94769368:C:T,150291,-0.8127971,0.66063917,computed (both variants usable),Hypertension
1:94680185:A:G,1:94769368:C:T,89183,0.8127971,0.66063917,computed (both variants usable),Hypertension
1:112343100:C:A,1:113044328:G:T,701228,0.04671223,0.0021820324,computed (both variants usable),Hypertension
1:112343100:C:A,1:113046879:C:A,703779,0.054266747,0.00294488,computed (both variants usable),Hypertension
1:112343100:C:A,1:113230758:A:G,887658,-0.011061245,0.00012235114,computed (both variants usable),Hypertension
1:112343100:C:A,1:113244433:T:C,901333,-0.011061245,0.00012235114,computed (both variants usable),Hypertension
1:113044328:G:T,1:113046879:C:A,2551,0.99303424,0.986117,computed (both variants usable),Hypertension
1:113044328:G:T,1:113230758:A:G,186430,0.09453182,0.008936265,computed (both variants usable),Hypertension
1:113044328:G:T,1:113244433:T:C,200105,0.09453182,0.008936265,computed (both variants usable),Hypertension
1:113046879:C:A,1:113230758:A:G,183879,0.09559085,0.009137611,computed (both variants usable),Hypertension
1:113046879:C:A,1:113244433:T:C,197554,0.09559085,0.009137611,computed (both variants usable),Hypertension
1:113230758:A:G,1:113244433:T:C,13675,0.99999875,0.9999975,computed (both variants usable),Hypertension
1:217736417:A:G,1:217737629:C:T,1212,0.9999996,0.99999917,computed (both variants usable),Hypertension
1:217736417:A:G,1:221346974:T:C,3610557,0.0008899319,7.9197883e-07,computed (both variants usable),Hypertension
1:217737629:C:T,1:221346974:T:C,3609345,0.0008899319,7.9197883e-07,computed (both variants usable),Hypertension
1:221346974:T:C,1:230844992:C:T,9498018,0.05015339,0.0025153626,computed (both variants usable),Hypertension
1:221346974:T:C,1:230851536:C:T,9504562,0.05104376,0.0026054655,computed (both variants usable),Hypertension
1:221346974:T:C,1:231105480:C:A,9758506,-0.025572604,0.00065395806,computed (both variants usable),Hypertension
1:230844992:C:T,1:230851536:C:T,6544,0.8922391,0.7960906,computed (both variants usable),Hypertension
1:230844992:C:T,1:231105480:C:A,260488,0.0656347,0.0043079136,computed (both variants usable),Hypertension
1:230851536:C:T,1:231105480:C:A,253944,0.13284771,0.017648514,computed (both variants usable),Hypertension
1:243385307:A:G,1:243410208:A:G,24901,0.9649112,0.93105364,computed (both variants usable),Hypertension
10:18443726:T:C,10:18445088:G:A,1362,0.99404,0.98811555,computed (both variants usable),Hypertension
10:18443726:T:C,10:18451836:A:G,8110,0.947268,0.8973167,computed (both variants usable),Hypertension
10:18443726:T:C,10:18708798:A:T,265072,-0.074928254,0.0056142434,computed (both variants usable),Hypertension
10:18443726:T:C,10:18727959:C:G,284233,-0.032648847,0.0010659472,computed (both variants usable),Hypertension
10:18445088:G:A,10:18451836:A:G,6748,0.9529714,0.9081545,computed (both variants usable),Hypertension
10:18445088:G:A,10:18708798:A:T,263710,-0.07083378,0.0050174245,computed (both variants usable),Hypertension
10:18445088:G:A,10:18727959:C:G,282871,-0.028875764,0.0008338098,computed (both variants usable),Hypertension
10:18451836:A:G,10:18708798:A:T,256962,-0.057875413,0.0033495636,computed (both variants usable),Hypertension
10:18451836:A:G,10:18727959:C:G,276123,-0.018815141,0.00035400953,computed (both variants usable),Hypertension
10:18708798:A:T,10:18727959:C:G,19161,0.7447373,0.5546337,computed (both variants usable),Hypertension
10:63511306:G:A,10:63515681:T:G,4375,1.0000007,1.0000014,computed (both variants usable),Hypertension
10:96038686:G:A,10:96039597:G:C,911,0.9979995,0.996003,computed (both variants usable),Hypertension
10:96038686:G:A,10:96231169:G:A,192483,0.09852754,0.009707677,computed (both variants usable),Hypertension
10:96038686:G:A,10:104652323:C:T,8613637,-0.03478776,0.0012101881,computed (both variants usable),Hypertension
10:96038686:G:A,10:104769709:T:C,8731023,-0.03478776,0.0012101881,computed (both variants usable),Hypertension
10:96038686:G:A,10:104901491:T:C,8862805,-0.035774402,0.0012798079,computed (both variants usable),Hypertension
10:96039597:G:C,10:96231169:G:A,191572,0.09780721,0.009566251,computed (both variants usable),Hypertension
10:96039597:G:C,10:104652323:C:T,8612726,-0.035407133,0.0012536651,computed (both variants usable),Hypertension
10:96039597:G:C,10:104769709:T:C,8730112,-0.035407133,0.0012536651,computed (both variants usable),Hypertension
10:96039597:G:C,10:104901491:T:C,8861894,-0.036386136,0.001323951,computed (both variants usable),Hypertension
10:96231169:G:A,10:104652323:C:T,8421154,-0.010342342,0.000106964035,computed (both variants usable),Hypertension
10:96231169:G:A,10:104769709:T:C,8538540,-0.010342342,0.000106964035,computed (both variants usable),Hypertension
10:96231169:G:A,10:104901491:T:C,8670322,-0.01919971,0.00036862888,computed (both variants usable),Hypertension
10:104652323:C:T,10:104769709:T:C,117386,0.99999636,0.9999927,computed (both variants usable),Hypertension
10:104652323:C:T,10:104901491:T:C,249168,0.98774904,0.97564816,computed (both variants usable),Hypertension
10:104769709:T:C,10:104901491:T:C,131782,0.98774904,0.97564816,computed (both variants usable),Hypertension
10:104769709:T:C,10:114750380:G:A,9980671,-0.010027526,0.000100551275,computed (both variants usable),Hypertension
10:104769709:T:C,10:114765747:C:A,9996038,-0.014974286,0.00022422924,computed (both variants usable),Hypertension
10:104901491:T:C,10:114750380:G:A,9848889,-0.0059755687,3.570742e-05,computed (both variants usable),Hypertension
10:104901491:T:C,10:114765747:C:A,9864256,-0.010020979,0.00010042002,computed (both variants usable),Hypertension
10:114750380:G:A,10:114765747:C:A,15367,0.74669427,0.55755234,computed (both variants usable),Hypertension
10:114750380:G:A,10:115789375:C:T,1038995,-0.021986403,0.0004834019,computed (both variants usable),Hypertension
10:114750380:G:A,10:115792787:G:A,1042407,-0.025571879,0.000653921,computed (both variants usable),Hypertension
10:114750380:G:A,10:115805056:G:C,1054676,-0.015012862,0.00022538603,computed (both variants usable),Hypertension
10:114750380:G:A,10:121426312:G:A,6675932,0.011144097,0.00012419089,computed (both variants usable),Hypertension
10:114765747:C:A,10:115789375:C:T,1023628,0.006326723,4.0027422e-05,computed (both variants usable),Hypertension
10:114765747:C:A,10:115792787:G:A,1027040,0.003389773,1.1490561e-05,computed (both variants usable),Hypertension
10:114765747:C:A,10:115805056:G:C,1039309,0.015048028,0.00022644314,computed (both variants usable),Hypertension
10:114765747:C:A,10:121426312:G:A,6660565,0.006994834,4.8927704e-05,computed (both variants usable),Hypertension
10:115789375:C:T,10:115792787:G:A,3412,0.9977264,0.99545795,computed (both variants usable),Hypertension
10:115789375:C:T,10:115805056:G:C,15681,0.98176175,0.96385616,computed (both variants usable),Hypertension
10:115789375:C:T,10:121426312:G:A,5636937,-0.0001237131,1.5304929e-08,computed (both variants usable),Hypertension
10:115792787:G:A,10:115805056:G:C,12269,0.9841003,0.96845335,computed (both variants usable),Hypertension
10:115792787:G:A,10:121426312:G:A,5633525,0.0011780186,1.3877279e-06,computed (both variants usable),Hypertension
10:115805056:G:C,10:121426312:G:A,5621256,0.0016340584,2.6701468e-06,computed (both variants usable),Hypertension
11:1887068:T:G,11:1887806:T:A,738,0.6362745,0.40484527,computed (both variants usable),Hypertension
11:1887068:T:G,11:1888614:C:T,1546,0.9515644,0.9054748,computed (both variants usable),Hypertension
11:1887068:T:G,11:2152755:G:A,265687,-0.06483748,0.0042038984,computed (both variants usable),Hypertension
11:1887068:T:G,11:9957324:A:C,8070256,-0.037914097,0.0014374788,computed (both variants usable),Hypertension
11:1887068:T:G,11:10157776:A:G,8270708,-0.009387963,8.813386e-05,computed (both variants usable),Hypertension
11:1887068:T:G,11:10273128:C:T,8386060,-0.006489098,4.2108393e-05,computed (both variants usable),Hypertension
11:1887068:T:G,11:10296756:A:G,8409688,-0.00039287854,1.5435356e-07,computed (both variants usable),Hypertension
11:1887806:T:A,11:1888614:C:T,808,0.6094407,0.37141794,computed (both variants usable),Hypertension
11:1887806:T:A,11:2152755:G:A,264949,-0.027504073,0.00075647404,computed (both variants usable),Hypertension
11:1887806:T:A,11:9957324:A:C,8069518,-0.06186866,0.0038277311,computed (both variants usable),Hypertension
11:1887806:T:A,11:10157776:A:G,8269970,0.010437394,0.00010893918,computed (both variants usable),Hypertension
11:1887806:T:A,11:10273128:C:T,8385322,0.017286591,0.00029882623,computed (both variants usable),Hypertension
11:1887806:T:A,11:10296756:A:G,8408950,0.021899022,0.00047956718,computed (both variants usable),Hypertension
11:1888614:C:T,11:2152755:G:A,264141,-0.063151404,0.0039880998,computed (both variants usable),Hypertension
11:1888614:C:T,11:9957324:A:C,8068710,-0.043669395,0.001907016,computed (both variants usable),Hypertension
11:1888614:C:T,11:10157776:A:G,8269162,-0.0038651568,1.4939437e-05,computed (both variants usable),Hypertension
11:1888614:C:T,11:10273128:C:T,8384514,-0.00082904834,6.873211e-07,computed (both variants usable),Hypertension
11:1888614:C:T,11:10296756:A:G,8408142,0.0049992986,2.4992987e-05,computed (both variants usable),Hypertension
11:2152755:G:A,11:9957324:A:C,7804569,-0.0020764682,4.31172e-06,computed (both variants usable),Hypertension
11:2152755:G:A,11:10157776:A:G,8005021,-0.0077225314,5.9637492e-05,computed (both variants usable),Hypertension
11:2152755:G:A,11:10273128:C:T,8120373,-0.016668886,0.00027785177,computed (both variants usable),Hypertension
11:2152755:G:A,11:10296756:A:G,8144001,-0.014355903,0.00020609194,computed (both variants usable),Hypertension
11:9957324:A:C,11:10157776:A:G,200452,0.040564362,0.0016454675,computed (both variants usable),Hypertension
11:9957324:A:C,11:10273128:C:T,315804,0.042249147,0.0017849904,computed (both variants usable),Hypertension
11:9957324:A:C,11:10296756:A:G,339432,0.04230196,0.0017894559,computed (both variants usable),Hypertension
11:9957324:A:C,11:13293905:C:T,3336581,0.0018048283,3.257405e-06,computed (both variants usable),Hypertension
11:9957324:A:C,11:13340710:T:A,3383386,0.0006804243,4.629772e-07,computed (both variants usable),Hypertension
11:9957324:A:C,11:16295390:G:A,6338066,0.052579127,0.0027645647,computed (both variants usable),Hypertension
11:9957324:A:C,11:16304089:A:C,6346765,-0.05305995,0.0028153583,computed (both variants usable),Hypertension
11:9957324:A:C,11:16352545:T:C,6395221,-0.035947863,0.0012922488,computed (both variants usable),Hypertension
11:10157776:A:G,11:10273128:C:T,115352,0.97342896,0.94756395,computed (both variants usable),Hypertension
11:10157776:A:G,11:10296756:A:G,138980,0.9822097,0.96473587,computed (both variants usable),Hypertension
11:10157776:A:G,11:13293905:C:T,3136129,-0.019447763,0.00037821545,computed (both variants usable),Hypertension
11:10157776:A:G,11:13340710:T:A,3182934,0.024163775,0.00058388803,computed (both variants usable),Hypertension
11:10157776:A:G,11:16295390:G:A,6137614,0.010274594,0.00010556728,computed (both variants usable),Hypertension
11:10157776:A:G,11:16304089:A:C,6146313,-0.006379148,4.069353e-05,computed (both variants usable),Hypertension
11:10157776:A:G,11:16352545:T:C,6194769,0.0002592853,6.722887e-08,computed (both variants usable),Hypertension
11:10273128:C:T,11:10296756:A:G,23628,0.9911506,0.98237956,computed (both variants usable),Hypertension
11:10273128:C:T,11:13293905:C:T,3020777,-0.023332447,0.0005444031,computed (both variants usable),Hypertension
11:10273128:C:T,11:13340710:T:A,3067582,0.017055271,0.00029088228,computed (both variants usable),Hypertension
11:10273128:C:T,11:16295390:G:A,6022262,0.0053202994,2.8305585e-05,computed (both variants usable),Hypertension
11:10273128:C:T,11:16304089:A:C,6030961,-0.0013839967,1.9154468e-06,computed (both variants usable),Hypertension
11:10273128:C:T,11:16352545:T:C,6079417,0.0051033017,2.6043688e-05,computed (both variants usable),Hypertension
11:10296756:A:G,11:13293905:C:T,2997149,-0.022521487,0.00050721737,computed (both variants usable),Hypertension
11:10296756:A:G,11:13340710:T:A,3043954,0.015382611,0.00023662472,computed (both variants usable),Hypertension
11:10296756:A:G,11:16295390:G:A,5998634,0.0017682055,3.1265508e-06,computed (both variants usable),Hypertension
11:10296756:A:G,11:16304089:A:C,6007333,0.002154091,4.640108e-06,computed (both variants usable),Hypertension
11:10296756:A:G,11:16352545:T:C,6055789,0.008777029,7.703624e-05,computed (both variants usable),Hypertension
11:13293905:C:T,11:13340710:T:A,46805,-0.7672554,0.58868086,computed (both variants usable),Hypertension
11:13293905:C:T,11:16295390:G:A,3001485,0.00063722127,4.0605093e-07,computed (both variants usable),Hypertension
11:13293905:C:T,11:16304089:A:C,3010184,0.00032610225,1.06342675e-07,computed (both variants usable),Hypertension
11:13293905:C:T,11:16352545:T:C,3058640,-0.008090192,6.545121e-05,computed (both variants usable),Hypertension
11:13340710:T:A,11:16295390:G:A,2954680,0.0069382885,4.8139846e-05,computed (both variants usable),Hypertension
11:13340710:T:A,11:16304089:A:C,2963379,-0.008809322,7.760415e-05,computed (both variants usable),Hypertension
11:13340710:T:A,11:16352545:T:C,3011835,-0.0032626553,1.064492e-05,computed (both variants usable),Hypertension
11:16295390:G:A,11:16304089:A:C,8699,-0.9904485,0.9809882,computed (both variants usable),Hypertension
11:16295390:G:A,11:16352545:T:C,57155,-0.9687366,0.9384506,computed (both variants usable),Hypertension
11:16304089:A:C,11:16352545:T:C,48456,0.97193485,0.9446574,computed (both variants usable),Hypertension
11:30429438:A:G,11:30760335:T:C,330897,-0.003953503,1.5630187e-05,computed (both variants usable),Hypertension
11:30429438:A:G,11:38490580:A:T,8061142,0.04950006,0.002450256,computed (both variants usable),Hypertension
11:30760335:T:C,11:38490580:A:T,7730245,0.05184113,0.0026875027,computed (both variants usable),Hypertension
11:38490580:A:T,11:47361838:A:G,8871258,-0.010302035,0.00010613193,computed (both variants usable),Hypertension
11:47361838:A:G,11:48633537:C:T,1271699,0.09345272,0.008733411,computed (both variants usable),Hypertension
11:47361838:A:G,11:55112643:T:C,7750805,0.20394935,0.041595336,computed (both variants usable),Hypertension
11:47361838:A:G,11:55123720:C:T,7761882,0.19591631,0.0383832,computed (both variants usable),Hypertension
11:47361838:A:G,11:55213614:C:T,7851776,0.19591631,0.0383832,computed (both variants usable),Hypertension
11:48633537:C:T,11:55112643:T:C,6479106,0.6202661,0.38473,computed (both variants usable),Hypertension
11:48633537:C:T,11:55123720:C:T,6490183,0.6061806,0.36745492,computed (both variants usable),Hypertension
11:48633537:C:T,11:55213614:C:T,6580077,0.6061806,0.36745492,computed (both variants usable),Hypertension
11:48633537:C:T,11:58370698:G:A,9737161,-0.0456186,0.0020810568,computed (both variants usable),Hypertension
11:48633537:C:T,11:58376276:C:T,9742739,-0.0456186,0.0020810568,computed (both variants usable),Hypertension
11:48633537:C:T,11:58407740:C:G,9774203,-0.04662067,0.0021734869,computed (both variants usable),Hypertension
11:55112643:T:C,11:55123720:C:T,11077,0.97749233,0.95549124,computed (both variants usable),Hypertension
11:55112643:T:C,11:55213614:C:T,100971,0.97749233,0.95549124,computed (both variants usable),Hypertension
11:55112643:T:C,11:58370698:G:A,3258055,-0.055512484,0.0030816358,computed (both variants usable),Hypertension
11:55112643:T:C,11:58376276:C:T,3263633,-0.055512484,0.0030816358,computed (both variants usable),Hypertension
11:55112643:T:C,11:58407740:C:G,3295097,-0.05631427,0.003171297,computed (both variants usable),Hypertension
11:55112643:T:C,11:61272565:T:C,6159922,-0.03298332,0.0010878996,computed (both variants usable),Hypertension
11:55112643:T:C,11:61274790:T:G,6162147,-0.061881464,0.0038293155,computed (both variants usable),Hypertension
11:55112643:T:C,11:61278246:T:C,6165603,-0.019776898,0.00039112568,computed (both variants usable),Hypertension
11:55123720:C:T,11:55213614:C:T,89894,1.0000017,1.0000033,computed (both variants usable),Hypertension
11:55123720:C:T,11:58370698:G:A,3246978,-0.047697965,0.0022750958,computed (both variants usable),Hypertension
11:55123720:C:T,11:58376276:C:T,3252556,-0.047697965,0.0022750958,computed (both variants usable),Hypertension
11:55123720:C:T,11:58407740:C:G,3284020,-0.048490167,0.0023512964,computed (both variants usable),Hypertension
11:55123720:C:T,11:61272565:T:C,6148845,-0.028127942,0.0007911811,computed (both variants usable),Hypertension
11:55123720:C:T,11:61274790:T:G,6151070,-0.058672633,0.003442478,computed (both variants usable),Hypertension
11:55123720:C:T,11:61278246:T:C,6154526,-0.014560477,0.0002120075,computed (both variants usable),Hypertension
11:55213614:C:T,11:58370698:G:A,3157084,-0.047697965,0.0022750958,computed (both variants usable),Hypertension
11:55213614:C:T,11:58376276:C:T,3162662,-0.047697965,0.0022750958,computed (both variants usable),Hypertension
11:55213614:C:T,11:58407740:C:G,3194126,-0.048490167,0.0023512964,computed (both variants usable),Hypertension
11:55213614:C:T,11:61272565:T:C,6058951,-0.028127942,0.0007911811,computed (both variants usable),Hypertension
11:55213614:C:T,11:61274790:T:G,6061176,-0.058672633,0.003442478,computed (both variants usable),Hypertension
11:55213614:C:T,11:61278246:T:C,6064632,-0.014560477,0.0002120075,computed (both variants usable),Hypertension
11:58370698:G:A,11:58376276:C:T,5578,0.9999996,0.99999917,computed (both variants usable),Hypertension
11:58370698:G:A,11:58407740:C:G,37042,0.9973563,0.99471956,computed (both variants usable),Hypertension
11:58370698:G:A,11:61272565:T:C,2901867,0.024920331,0.0006210229,computed (both variants usable),Hypertension
11:58370698:G:A,11:61274790:T:G,2904092,0.039222617,0.0015384137,computed (both variants usable),Hypertension
11:58370698:G:A,11:61278246:T:C,2907548,0.015562805,0.00024220091,computed (both variants usable),Hypertension
11:58370698:G:A,11:65405600:G:T,7034902,-0.00057138735,3.264835e-07,computed (both variants usable),Hypertension
11:58370698:G:A,11:65564786:G:A,7194088,-0.008130975,6.6112756e-05,computed (both variants usable),Hypertension
11:58376276:C:T,11:58407740:C:G,31464,0.9973563,0.99471956,computed (both variants usable),Hypertension
11:58376276:C:T,11:61272565:T:C,2896289,0.024920331,0.0006210229,computed (both variants usable),Hypertension
11:58376276:C:T,11:61274790:T:G,2898514,0.039222617,0.0015384137,computed (both variants usable),Hypertension
11:58376276:C:T,11:61278246:T:C,2901970,0.015562805,0.00024220091,computed (both variants usable),Hypertension
11:58376276:C:T,11:65405600:G:T,7029324,-0.00057138735,3.264835e-07,computed (both variants usable),Hypertension
11:58376276:C:T,11:65564786:G:A,7188510,-0.008130975,6.6112756e-05,computed (both variants usable),Hypertension
11:58407740:C:G,11:61272565:T:C,2864825,0.024068736,0.000579304,computed (both variants usable),Hypertension
11:58407740:C:G,11:61274790:T:G,2867050,0.03852557,0.0014842196,computed (both variants usable),Hypertension
11:58407740:C:G,11:61278246:T:C,2870506,0.014703118,0.00021618168,computed (both variants usable),Hypertension
11:58407740:C:G,11:65405600:G:T,6997860,-0.00171195,2.930773e-06,computed (both variants usable),Hypertension
11:58407740:C:G,11:65564786:G:A,7157046,-0.004840969,2.3434983e-05,computed (both variants usable),Hypertension
11:61272565:T:C,11:61274790:T:G,2225,0.77618915,0.6024696,computed (both variants usable),Hypertension
11:61272565:T:C,11:61278246:T:C,5681,0.96631026,0.9337555,computed (both variants usable),Hypertension
11:61272565:T:C,11:65405600:G:T,4133035,-0.013074741,0.00017094884,computed (both variants usable),Hypertension
11:61272565:T:C,11:65564786:G:A,4292221,-0.07611501,0.005793495,computed (both variants usable),Hypertension
11:61272565:T:C,11:69257221:A:G,7984656,0.012801215,0.00016387111,computed (both variants usable),Hypertension
11:61274790:T:G,11:61278246:T:C,3456,0.7693015,0.59182477,computed (both variants usable),Hypertension
11:61274790:T:G,11:65405600:G:T,4130810,-0.025872627,0.0006693928,computed (both variants usable),Hypertension
11:61274790:T:G,11:65564786:G:A,4289996,-0.06710857,0.0045035603,computed (both variants usable),Hypertension
11:61274790:T:G,11:69257221:A:G,7982431,0.040572066,0.0016460925,computed (both variants usable),Hypertension
11:61278246:T:C,11:65405600:G:T,4127354,-0.012787453,0.00016351895,computed (both variants usable),Hypertension
11:61278246:T:C,11:65564786:G:A,4286540,-0.07234945,0.005234443,computed (both variants usable),Hypertension
11:61278246:T:C,11:69257221:A:G,7978975,0.010035863,0.00010071855,computed (both variants usable),Hypertension
11:65405600:G:T,11:65564786:G:A,159186,0.09757835,0.009521534,computed (both variants usable),Hypertension
11:65405600:G:T,11:69257221:A:G,3851621,-0.03200816,0.0010245224,computed (both variants usable),Hypertension
11:65564786:G:A,11:69257221:A:G,3692435,-0.0046415655,2.154413e-05,computed (both variants usable),Hypertension
11:100593538:G:C,11:100610546:T:C,17008,0.9529787,0.9081684,computed (both variants usable),Hypertension
11:113528519:C:T,11:113670751:G:A,142232,0.8868494,0.7865019,computed (both variants usable),Hypertension
11:113528519:C:T,11:116648917:G:C,3120398,-0.0057016835,3.2509193e-05,computed (both variants usable),Hypertension
11:113528519:C:T,11:122524741:G:A,8996222,-0.012078721,0.00014589551,computed (both variants usable),Hypertension
11:113528519:C:T,11:122527212:G:C,8998693,-0.012078721,0.00014589551,computed (both variants usable),Hypertension
11:113670751:G:A,11:116648917:G:C,2978166,-0.036615286,0.0013406791,computed (both variants usable),Hypertension
11:113670751:G:A,11:122524741:G:A,8853990,0.019043224,0.00036264438,computed (both variants usable),Hypertension
11:113670751:G:A,11:122527212:G:C,8856461,0.019043224,0.00036264438,computed (both variants usable),Hypertension
11:116648917:G:C,11:122524741:G:A,5875824,0.03431279,0.0011773674,computed (both variants usable),Hypertension
11:116648917:G:C,11:122527212:G:C,5878295,0.03431279,0.0011773674,computed (both variants usable),Hypertension
11:122524741:G:A,11:122527212:G:C,2471,0.9999983,0.99999654,computed (both variants usable),Hypertension
12:12627409:C:A,12:12887977:C:T,260568,-0.067600146,0.0045697796,computed (both variants usable),Hypertension
12:12627409:C:A,12:20000315:A:C,7372906,0.0030678774,9.411871e-06,computed (both variants usable),Hypertension
12:12627409:C:A,12:20007597:C:A,7380188,0.004602827,2.1186017e-05,computed (both variants usable),Hypertension
12:12627409:C:A,12:20161168:A:G,7533759,0.0006812664,4.6412393e-07,computed (both variants usable),Hypertension
12:12627409:C:A,12:20190630:A:T,7563221,0.007333727,5.378355e-05,computed (both variants usable),Hypertension
12:12627409:C:A,12:20368269:T:C,7740860,0.021165043,0.00044795906,computed (both variants usable),Hypertension
12:12627409:C:A,12:20373541:A:G,7746132,0.01883766,0.00035485745,computed (both variants usable),Hypertension
12:12627409:C:A,12:20380250:C:T,7752841,0.0053280704,2.8388335e-05,computed (both variants usable),Hypertension
12:12887977:C:T,12:20000315:A:C,7112338,-0.024011498,0.00057655206,computed (both variants usable),Hypertension
12:12887977:C:T,12:20007597:C:A,7119620,-0.028149819,0.0007924123,computed (both variants usable),Hypertension
12:12887977:C:T,12:20161168:A:G,7273191,0.0048057563,2.3095294e-05,computed (both variants usable),Hypertension
12:12887977:C:T,12:20190630:A:T,7302653,-0.010346367,0.00010704731,computed (both variants usable),Hypertension
12:12887977:C:T,12:20368269:T:C,7480292,0.04418255,0.0019520978,computed (both variants usable),Hypertension
12:12887977:C:T,12:20373541:A:G,7485564,0.0422125,0.0017818953,computed (both variants usable),Hypertension
12:12887977:C:T,12:20380250:C:T,7492273,0.022926519,0.00052562525,computed (both variants usable),Hypertension
12:20000315:A:C,12:20007597:C:A,7282,0.9966568,0.99332476,computed (both variants usable),Hypertension
12:20000315:A:C,12:20161168:A:G,160853,0.049675085,0.0024676141,computed (both variants usable),Hypertension
12:20000315:A:C,12:20190630:A:T,190315,-0.03875975,0.0015023182,computed (both variants usable),Hypertension
12:20000315:A:C,12:20368269:T:C,367954,-0.031076552,0.0009657521,computed (both variants usable),Hypertension
12:20000315:A:C,12:20373541:A:G,373226,-0.034685835,0.0012031072,computed (both variants usable),Hypertension
12:20000315:A:C,12:20380250:C:T,379935,-0.027700147,0.0007672981,computed (both variants usable),Hypertension
12:20000315:A:C,12:26452656:C:G,6452341,0.09615163,0.009245136,computed (both variants usable),Hypertension
12:20000315:A:C,12:26471958:G:A,6471643,0.09724391,0.009456378,computed (both variants usable),Hypertension
12:20007597:C:A,12:20161168:A:G,153571,0.0513728,0.0026391647,computed (both variants usable),Hypertension
12:20007597:C:A,12:20190630:A:T,183033,-0.040474012,0.0016381457,computed (both variants usable),Hypertension
12:20007597:C:A,12:20368269:T:C,360672,-0.029415455,0.000865269,computed (both variants usable),Hypertension
12:20007597:C:A,12:20373541:A:G,365944,-0.033040304,0.0010916616,computed (both variants usable),Hypertension
12:20007597:C:A,12:20380250:C:T,372653,-0.026135659,0.00068307266,computed (both variants usable),Hypertension
12:20007597:C:A,12:26452656:C:G,6445059,0.09810846,0.009625271,computed (both variants usable),Hypertension
12:20007597:C:A,12:26471958:G:A,6464361,0.09919889,0.00984042,computed (both variants usable),Hypertension
12:20161168:A:G,12:20190630:A:T,29462,-0.97073203,0.9423207,computed (both variants usable),Hypertension
12:20161168:A:G,12:20368269:T:C,207101,0.07399517,0.0054752855,computed (both variants usable),Hypertension
12:20161168:A:G,12:20373541:A:G,212373,0.076784335,0.005895834,computed (both variants usable),Hypertension
12:20161168:A:G,12:20380250:C:T,219082,0.0914916,0.008370713,computed (both variants usable),Hypertension
12:20161168:A:G,12:26452656:C:G,6291488,0.013004124,0.00016910724,computed (both variants usable),Hypertension
12:20161168:A:G,12:26471958:G:A,6310790,0.014335344,0.00020550207,computed (both variants usable),Hypertension
12:20190630:A:T,12:20368269:T:C,177639,-0.08229013,0.006771665,computed (both variants usable),Hypertension
12:20190630:A:T,12:20373541:A:G,182911,-0.08516001,0.007252227,computed (both variants usable),Hypertension
12:20190630:A:T,12:20380250:C:T,189620,-0.101093076,0.01021981,computed (both variants usable),Hypertension
12:20190630:A:T,12:26452656:C:G,6262026,-0.0074094865,5.490049e-05,computed (both variants usable),Hypertension
12:20190630:A:T,12:26471958:G:A,6281328,-0.008768796,7.689178e-05,computed (both variants usable),Hypertension
12:20368269:T:C,12:20373541:A:G,5272,0.9906834,0.98145354,computed (both variants usable),Hypertension
12:20368269:T:C,12:20380250:C:T,11981,0.9255484,0.8566398,computed (both variants usable),Hypertension
12:20368269:T:C,12:26452656:C:G,6084387,-0.018515542,0.0003428253,computed (both variants usable),Hypertension
12:20368269:T:C,12:26471958:G:A,6103689,-0.021732843,0.00047231643,computed (both variants usable),Hypertension
12:20373541:A:G,12:20380250:C:T,6709,0.92991406,0.86474013,computed (both variants usable),Hypertension
12:20373541:A:G,12:26452656:C:G,6079115,-0.020264013,0.00041063022,computed (both variants usable),Hypertension
12:20373541:A:G,12:26471958:G:A,6098417,-0.023497641,0.0005521391,computed (both variants usable),Hypertension
12:20380250:C:T,12:26452656:C:G,6072406,-0.0038280995,1.4654345e-05,computed (both variants usable),Hypertension
12:20380250:C:T,12:26471958:G:A,6091708,-0.007237728,5.238471e-05,computed (both variants usable),Hypertension
12:26452656:C:G,12:26471958:G:A,19302,0.99769825,0.9954018,computed (both variants usable),Hypertension
12:50263148:G:A,12:50537815:A:G,274667,0.04554916,0.0020747262,computed (both variants usable),Hypertension
12:50263148:G:A,12:50561998:A:G,298850,-0.045790955,0.0020968115,computed (both variants usable),Hypertension
12:50263148:G:A,12:54441498:C:T,4178350,-0.0590758,0.00348995,computed (both variants usable),Hypertension
12:50537815:A:G,12:50561998:A:G,24183,-0.9938028,0.98764396,computed (both variants usable),Hypertension
12:50537815:A:G,12:54441498:C:T,3903683,0.049387626,0.0024391375,computed (both variants usable),Hypertension
12:50561998:A:G,12:54441498:C:T,3879500,-0.0532646,0.0028371175,computed (both variants usable),Hypertension
12:84265826:T:C,12:84356791:T:C,90965,0.89917916,0.8085232,computed (both variants usable),Hypertension
12:84265826:T:C,12:90025622:G:A,5759796,0.0008632475,7.4519625e-07,computed (both variants usable),Hypertension
12:84265826:T:C,12:90062376:G:A,5796550,-0.009411884,8.8583554e-05,computed (both variants usable),Hypertension
12:84265826:T:C,12:90301665:C:T,6035839,-0.021583043,0.00046582776,computed (both variants usable),Hypertension
12:84356791:T:C,12:90025622:G:A,5668831,0.009054423,8.198258e-05,computed (both variants usable),Hypertension
12:84356791:T:C,12:90062376:G:A,5705585,-0.015259091,0.00023283986,computed (both variants usable),Hypertension
12:84356791:T:C,12:90301665:C:T,5944874,-0.01523291,0.00023204157,computed (both variants usable),Hypertension
12:90025622:G:A,12:90062376:G:A,36754,-0.52339196,0.27393913,computed (both variants usable),Hypertension
12:90025622:G:A,12:90301665:C:T,276043,-0.34559608,0.119436644,computed (both variants usable),Hypertension
12:90062376:G:A,12:90301665:C:T,239289,0.08049814,0.00647995,computed (both variants usable),Hypertension
12:111835990:A:G,12:111884608:T:C,48618,0.48425674,0.2345046,computed (both variants usable),Hypertension
12:111835990:A:G,12:112007756:C:T,171766,0.47661024,0.22715732,computed (both variants usable),Hypertension
12:111835990:A:G,12:115552878:G:C,3716888,0.06661081,0.0044370005,computed (both variants usable),Hypertension
12:111835990:A:G,12:115555867:A:G,3719877,0.0643982,0.004147128,computed (both variants usable),Hypertension
12:111835990:A:G,12:115921518:T:C,4085528,0.006765166,4.576747e-05,computed (both variants usable),Hypertension
12:111835990:A:G,12:115934758:G:A,4098768,-0.0020362746,4.1464145e-06,computed (both variants usable),Hypertension
12:111835990:A:G,12:117577899:A:T,5741909,-0.0044542546,1.9840385e-05,computed (both variants usable),Hypertension
12:111884608:T:C,12:112007756:C:T,123148,0.9720387,0.9448592,computed (both variants usable),Hypertension
12:111884608:T:C,12:115552878:G:C,3668270,0.01939215,0.00037605545,computed (both variants usable),Hypertension
12:111884608:T:C,12:115555867:A:G,3671259,0.02315672,0.00053623365,computed (both variants usable),Hypertension
12:111884608:T:C,12:115921518:T:C,4036910,0.011683512,0.00013650444,computed (both variants usable),Hypertension
12:111884608:T:C,12:115934758:G:A,4050150,-0.030390164,0.00092356204,computed (both variants usable),Hypertension
12:111884608:T:C,12:117577899:A:T,5693291,-0.03818288,0.0014579324,computed (both variants usable),Hypertension
12:112007756:C:T,12:115552878:G:C,3545122,0.0063110427,3.982926e-05,computed (both variants usable),Hypertension
12:112007756:C:T,12:115555867:A:G,3548111,0.0101018995,0.000102048376,computed (both variants usable),Hypertension
12:112007756:C:T,12:115921518:T:C,3913762,0.008333871,6.945341e-05,computed (both variants usable),Hypertension
12:112007756:C:T,12:115934758:G:A,3927002,-0.027628673,0.0007633436,computed (both variants usable),Hypertension
12:112007756:C:T,12:117577899:A:T,5570143,-0.050466385,0.002546856,computed (both variants usable),Hypertension
12:115552878:G:C,12:115555867:A:G,2989,0.99585354,0.99172425,computed (both variants usable),Hypertension
12:115552878:G:C,12:115921518:T:C,368640,0.0023962639,5.7420807e-06,computed (both variants usable),Hypertension
12:115552878:G:C,12:115934758:G:A,381880,-0.01120893,0.00012564012,computed (both variants usable),Hypertension
12:115552878:G:C,12:117577899:A:T,2025021,0.0008382877,7.0272625e-07,computed (both variants usable),Hypertension
12:115555867:A:G,12:115921518:T:C,365651,0.0016807836,2.8250333e-06,computed (both variants usable),Hypertension
12:115555867:A:G,12:115934758:G:A,378891,-0.009662227,9.335863e-05,computed (both variants usable),Hypertension
12:115555867:A:G,12:117577899:A:T,2022032,-0.0013241809,1.753455e-06,computed (both variants usable),Hypertension
12:115921518:T:C,12:115934758:G:A,13240,-0.81407654,0.6627206,computed (both variants usable),Hypertension
12:115921518:T:C,12:117577899:A:T,1656381,0.02336897,0.00054610876,computed (both variants usable),Hypertension
12:115934758:G:A,12:117577899:A:T,1643141,-0.008814509,7.769557e-05,computed (both variants usable),Hypertension
13:73824424:C:T,13:73830066:A:G,5642,0.9191845,0.84490013,computed (both variants usable),Hypertension
13:73824424:C:T,13:73839550:G:T,15126,-0.85349464,0.7284531,computed (both variants usable),Hypertension
13:73824424:C:T,13:73995877:G:C,171453,-0.04713845,0.0022220335,computed (both variants usable),Hypertension
13:73830066:A:G,13:73839550:G:T,9484,-0.92960155,0.86415905,computed (both variants usable),Hypertension
13:73830066:A:G,13:73995877:G:C,165811,-0.044091165,0.0019440309,computed (both variants usable),Hypertension
13:73839550:G:T,13:73995877:G:C,156327,0.03234862,0.0010464333,computed (both variants usable),Hypertension
13:110873556:G:C,13:113636156:C:T,2762600,-0.013108833,0.0001718415,computed (both variants usable),Hypertension
13:110873556:G:C,13:114995733:T:C,4122177,0.035318363,0.0012473868,computed (both variants usable),Hypertension
13:113636156:C:T,13:114995733:T:C,1359577,-0.0033056987,1.0927644e-05,computed (both variants usable),Hypertension
14:72468149:G:A,14:72470336:C:T,2187,1.0000001,1.0000002,computed (both variants usable),Hypertension
14:103859962:C:T,14:103959289:G:T,99327,0.99542916,0.99087924,computed (both variants usable),Hypertension
14:103859962:C:T,14:103984537:T:C,124575,0.28180006,0.079411276,computed (both variants usable),Hypertension
14:103959289:G:T,14:103984537:T:C,25248,0.28051186,0.0786869,computed (both variants usable),Hypertension
15:41311799:T:C,15:41410705:G:A,98906,-0.96635467,0.93384135,computed (both variants usable),Hypertension
15:41311799:T:C,15:41462468:G:A,150669,-0.8438256,0.7120416,computed (both variants usable),Hypertension
15:41410705:G:A,15:41462468:G:A,51763,0.8635983,0.745802,computed (both variants usable),Hypertension
15:64832036:A:G,15:68080886:A:T,3248850,0.04105927,0.0016858637,computed (both variants usable),Hypertension
15:64832036:A:G,15:69682916:A:G,4850880,-0.04174039,0.0017422603,computed (both variants usable),Hypertension
15:68080886:A:T,15:69682916:A:G,1602030,-0.027713308,0.00076802744,computed (both variants usable),Hypertension
15:68080886:A:T,15:75077367:C:A,6996481,0.046052694,0.0021208506,computed (both variants usable),Hypertension
15:68080886:A:T,15:75082552:C:G,7001666,0.046052694,0.0021208506,computed (both variants usable),Hypertension
15:68080886:A:T,15:75115895:G:A,7035009,0.05227647,0.0027328292,computed (both variants usable),Hypertension
15:69682916:A:G,15:75077367:C:A,5394451,0.044549823,0.0019846868,computed (both variants usable),Hypertension
15:69682916:A:G,15:75082552:C:G,5399636,0.044549823,0.0019846868,computed (both variants usable),Hypertension
15:69682916:A:G,15:75115895:G:A,5432979,-0.004778497,2.2834032e-05,computed (both variants usable),Hypertension
15:75077367:C:A,15:75082552:C:G,5185,0.9999973,0.99999464,computed (both variants usable),Hypertension
15:75077367:C:A,15:75115895:G:A,38528,0.807572,0.65217257,computed (both variants usable),Hypertension
15:75077367:C:A,15:81025457:G:C,5948090,-0.007216725,5.208112e-05,computed (both variants usable),Hypertension
15:75077367:C:A,15:81028965:C:G,5951598,-0.009376824,8.7924825e-05,computed (both variants usable),Hypertension
15:75077367:C:A,15:81042816:A:G,5965449,-0.002377061,5.6504186e-06,computed (both variants usable),Hypertension
15:75082552:C:G,15:75115895:G:A,33343,0.807572,0.65217257,computed (both variants usable),Hypertension
15:75082552:C:G,15:81025457:G:C,5942905,-0.007216725,5.208112e-05,computed (both variants usable),Hypertension
15:75082552:C:G,15:81028965:C:G,5946413,-0.009376824,8.7924825e-05,computed (both variants usable),Hypertension
15:75082552:C:G,15:81042816:A:G,5960264,-0.002377061,5.6504186e-06,computed (both variants usable),Hypertension
15:75115895:G:A,15:81025457:G:C,5909562,-0.015542352,0.00024156469,computed (both variants usable),Hypertension
15:75115895:G:A,15:81028965:C:G,5913070,-0.015569896,0.00024242168,computed (both variants usable),Hypertension
15:75115895:G:A,15:81042816:A:G,5926921,-0.010299592,0.0001060816,computed (both variants usable),Hypertension
15:81025457:G:C,15:81028965:C:G,3508,0.8767872,0.7687558,computed (both variants usable),Hypertension
15:81025457:G:C,15:81042816:A:G,17359,0.8612229,0.74170494,computed (both variants usable),Hypertension
15:81028965:C:G,15:81042816:A:G,13851,0.9860808,0.97235537,computed (both variants usable),Hypertension
15:91418394:C:T,15:91429176:G:T,10782,0.9726799,0.9461062,computed (both variants usable),Hypertension
15:91418394:C:T,15:91437388:A:T,18994,0.949879,0.9022701,computed (both variants usable),Hypertension
15:91429176:G:T,15:91437388:A:T,8212,0.97254854,0.9458507,computed (both variants usable),Hypertension
16:4012480:T:C,16:4020732:C:T,8252,0.68118364,0.46401113,computed (both variants usable),Hypertension
16:4012480:T:C,16:4918326:G:T,905846,-0.00334844,1.121205e-05,computed (both variants usable),Hypertension
16:4020732:C:T,16:4918326:G:T,897594,0.054547224,0.0029753996,computed (both variants usable),Hypertension
16:15817195:G:C,16:20359633:C:T,4542438,-0.0067103175,4.502836e-05,computed (both variants usable),Hypertension
16:15817195:G:C,16:24733141:A:G,8915946,-0.018653624,0.00034795768,computed (both variants usable),Hypertension
16:15817195:G:C,16:24824248:G:A,9007053,0.023402136,0.00054765993,computed (both variants usable),Hypertension
16:20359633:C:T,16:24733141:A:G,4373508,-0.036651164,0.0013433079,computed (both variants usable),Hypertension
16:20359633:C:T,16:24824248:G:A,4464615,0.03521599,0.0012401659,computed (both variants usable),Hypertension
16:24733141:A:G,16:24824248:G:A,91107,-0.9963535,0.9927203,computed (both variants usable),Hypertension
16:49761470:G:A,16:49771659:A:G,10189,-0.9070372,0.8227165,computed (both variants usable),Hypertension
16:49761470:G:A,16:53810546:C:A,4049076,0.059536308,0.003544572,computed (both variants usable),Hypertension
16:49761470:G:A,16:53825905:G:A,4064435,0.057547554,0.003311721,computed (both variants usable),Hypertension
16:49771659:A:G,16:53810546:C:A,4038887,-0.04403918,0.0019394492,computed (both variants usable),Hypertension
16:49771659:A:G,16:53825905:G:A,4054246,-0.042402755,0.0017979937,computed (both variants usable),Hypertension
16:53810546:C:A,16:53825905:G:A,15359,0.99591064,0.99183804,computed (both variants usable),Hypertension
16:75390316:T:A,16:75419373:G:A,29057,0.9720594,0.94489956,computed (both variants usable),Hypertension
16:75390316:T:A,16:75443816:T:C,53500,0.9939078,0.98785275,computed (both variants usable),Hypertension
16:75390316:T:A,16:81510155:G:A,6119839,-0.089674376,0.008041494,computed (both variants usable),Hypertension
16:75390316:T:A,16:81510471:C:G,6120155,-0.08621267,0.0074326247,computed (both variants usable),Hypertension
16:75390316:T:A,16:81510742:C:T,6120426,-0.0901289,0.008123218,computed (both variants usable),Hypertension
16:75390316:T:A,16:81603235:T:C,6212919,0.00284117,8.072247e-06,computed (both variants usable),Hypertension
16:75390316:T:A,16:81603771:G:A,6213455,0.01642302,0.00026971562,computed (both variants usable),Hypertension
16:75390316:T:A,16:81607756:A:G,6217440,-0.0035029582,1.2270716e-05,computed (both variants usable),Hypertension
16:75390316:T:A,16:82874522:C:T,7484206,-0.0053573577,2.870128e-05,computed (both variants usable),Hypertension
16:75419373:G:A,16:75443816:T:C,24443,0.96999,0.94088066,computed (both variants usable),Hypertension
16:75419373:G:A,16:81510155:G:A,6090782,-0.09089288,0.008261516,computed (both variants usable),Hypertension
16:75419373:G:A,16:81510471:C:G,6091098,-0.089434676,0.0079985615,computed (both variants usable),Hypertension
16:75419373:G:A,16:81510742:C:T,6091369,-0.08908355,0.00793588,computed (both variants usable),Hypertension
16:75419373:G:A,16:81603235:T:C,6183862,-0.0030780705,9.474518e-06,computed (both variants usable),Hypertension
16:75419373:G:A,16:81603771:G:A,6184398,0.013596521,0.00018486538,computed (both variants usable),Hypertension
16:75419373:G:A,16:81607756:A:G,6188383,-0.0093434155,8.729941e-05,computed (both variants usable),Hypertension
16:75419373:G:A,16:82874522:C:T,7455149,0.008987471,8.077464e-05,computed (both variants usable),Hypertension
16:75443816:T:C,16:81510155:G:A,6066339,-0.08396444,0.0070500267,computed (both variants usable),Hypertension
16:75443816:T:C,16:81510471:C:G,6066655,-0.08048588,0.006477977,computed (both variants usable),Hypertension
16:75443816:T:C,16:81510742:C:T,6066926,-0.084398866,0.0071231686,computed (both variants usable),Hypertension
16:75443816:T:C,16:81603235:T:C,6159419,0.005007738,2.5077437e-05,computed (both variants usable),Hypertension
16:75443816:T:C,16:81603771:G:A,6159955,0.018850876,0.00035535553,computed (both variants usable),Hypertension
16:75443816:T:C,16:81607756:A:G,6163940,-0.0013301765,1.7693695e-06,computed (both variants usable),Hypertension
16:75443816:T:C,16:82874522:C:T,7430706,-0.0040180725,1.6144906e-05,computed (both variants usable),Hypertension
16:81510155:G:A,16:81510471:C:G,316,0.9104572,0.8289323,computed (both variants usable),Hypertension
16:81510155:G:A,16:81510742:C:T,587,0.9060194,0.8208711,computed (both variants usable),Hypertension
16:81510155:G:A,16:81603235:T:C,93080,-0.12320127,0.015178554,computed (both variants usable),Hypertension
16:81510155:G:A,16:81603771:G:A,93616,-0.09871874,0.009745389,computed (both variants usable),Hypertension
16:81510155:G:A,16:81607756:A:G,97601,-0.11614778,0.013490306,computed (both variants usable),Hypertension
16:81510155:G:A,16:82874522:C:T,1364367,-0.06082451,0.003699621,computed (both variants usable),Hypertension
16:81510155:G:A,16:88572647:T:C,7062492,-0.055539273,0.003084611,computed (both variants usable),Hypertension
16:81510471:C:G,16:81510742:C:T,271,0.99526095,0.9905444,computed (both variants usable),Hypertension
16:81510471:C:G,16:81603235:T:C,92764,-0.099576466,0.009915473,computed (both variants usable),Hypertension
16:81510471:C:G,16:81603771:G:A,93300,-0.14114422,0.01992169,computed (both variants usable),Hypertension
16:81510471:C:G,16:81607756:A:G,97285,-0.09218547,0.00849816,computed (both variants usable),Hypertension
16:81510471:C:G,16:82874522:C:T,1364051,-0.058606144,0.0034346802,computed (both variants usable),Hypertension
16:81510471:C:G,16:88572647:T:C,7062176,-0.05238709,0.0027444072,computed (both variants usable),Hypertension
16:81510742:C:T,16:81603235:T:C,92493,-0.103800595,0.010774563,computed (both variants usable),Hypertension
16:81510742:C:T,16:81603771:G:A,93029,-0.14500818,0.021027371,computed (both variants usable),Hypertension
16:81510742:C:T,16:81607756:A:G,97014,-0.096387014,0.009290457,computed (both variants usable),Hypertension
16:81510742:C:T,16:82874522:C:T,1363780,-0.060536917,0.0036647182,computed (both variants usable),Hypertension
16:81510742:C:T,16:88572647:T:C,7061905,-0.05091715,0.002592556,computed (both variants usable),Hypertension
16:81603235:T:C,16:81603771:G:A,536,0.8422178,0.70933086,computed (both variants usable),Hypertension
16:81603235:T:C,16:81607756:A:G,4521,0.9860047,0.9722053,computed (both variants usable),Hypertension
16:81603235:T:C,16:82874522:C:T,1271287,0.020866424,0.00043540765,computed (both variants usable),Hypertension
16:81603235:T:C,16:88572647:T:C,6969412,0.03507144,0.0012300059,computed (both variants usable),Hypertension
16:81603771:G:A,16:81607756:A:G,3985,0.83993435,0.7054897,computed (both variants usable),Hypertension
16:81603771:G:A,16:82874522:C:T,1270751,0.0145702725,0.00021229284,computed (both variants usable),Hypertension
16:81603771:G:A,16:88572647:T:C,6968876,0.025644079,0.0006576188,computed (both variants usable),Hypertension
16:81607756:A:G,16:82874522:C:T,1266766,0.01954183,0.00038188312,computed (both variants usable),Hypertension
16:81607756:A:G,16:88572647:T:C,6964891,0.028113501,0.00079036894,computed (both variants usable),Hypertension
16:82874522:C:T,16:88572647:T:C,5698125,-0.037984315,0.0014428082,computed (both variants usable),Hypertension
17:3981148:G:C,17:3985864:G:A,4716,0.9977265,0.9954582,computed (both variants usable),Hypertension
17:3981148:G:C,17:7185092:G:A,3203944,0.011929349,0.00014230936,computed (both variants usable),Hypertension
17:3981148:G:C,17:7781019:T:C,3799871,-0.053169947,0.0028270432,computed (both variants usable),Hypertension
17:3981148:G:C,17:7790048:C:A,3808900,-0.05237405,0.0027430411,computed (both variants usable),Hypertension
17:3981148:G:C,17:7898537:T:G,3917389,-0.025393717,0.0006448409,computed (both variants usable),Hypertension
17:3985864:G:A,17:7185092:G:A,3199228,0.01438322,0.00020687703,computed (both variants usable),Hypertension
17:3985864:G:A,17:7781019:T:C,3795155,-0.052529786,0.0027593784,computed (both variants usable),Hypertension
17:3985864:G:A,17:7790048:C:A,3804184,-0.051838934,0.0026872752,computed (both variants usable),Hypertension
17:3985864:G:A,17:7898537:T:G,3912673,-0.024902321,0.0006201256,computed (both variants usable),Hypertension
17:7185092:G:A,17:7781019:T:C,595927,0.045186836,0.0020418502,computed (both variants usable),Hypertension
17:7185092:G:A,17:7790048:C:A,604956,0.053738113,0.0028877847,computed (both variants usable),Hypertension
17:7185092:G:A,17:7898537:T:G,713445,0.094708435,0.008969688,computed (both variants usable),Hypertension
17:7781019:T:C,17:7790048:C:A,9029,0.83174175,0.69179434,computed (both variants usable),Hypertension
17:7781019:T:C,17:7898537:T:G,117518,0.65893286,0.4341925,computed (both variants usable),Hypertension
17:7790048:C:A,17:7898537:T:G,108489,0.7997118,0.639539,computed (both variants usable),Hypertension
17:43173273:T:C,17:45013271:T:C,1839998,0.015392081,0.00023691615,computed (both variants usable),Hypertension
17:43173273:T:C,17:45036112:A:T,1862839,0.016593197,0.0002753342,computed (both variants usable),Hypertension
17:43173273:T:C,17:46653999:G:A,3480726,0.034179654,0.0011682487,computed (both variants usable),Hypertension
17:43173273:T:C,17:47037024:A:T,3863751,-0.009778242,9.561401e-05,computed (both variants usable),Hypertension
17:43173273:T:C,17:47037194:G:T,3863921,-0.015851827,0.00025128043,computed (both variants usable),Hypertension
17:43173273:T:C,17:47045862:G:A,3872589,-0.05139557,0.0026415044,computed (both variants usable),Hypertension
17:43173273:T:C,17:47046899:A:C,3873626,-0.011706141,0.00013703373,computed (both variants usable),Hypertension
17:43173273:T:C,17:47379486:T:C,4206213,0.050595827,0.0025599378,computed (both variants usable),Hypertension
17:43173273:T:C,17:47448346:G:A,4275073,0.044204224,0.0019540135,computed (both variants usable),Hypertension
17:43173273:T:C,17:47453444:A:G,4280171,0.04558622,0.0020781036,computed (both variants usable),Hypertension
17:43173273:T:C,17:47476235:G:A,4302962,0.007596638,5.770891e-05,computed (both variants usable),Hypertension
17:45013271:T:C,17:45036112:A:T,22841,0.9511863,0.90475535,computed (both variants usable),Hypertension
17:45013271:T:C,17:46653999:G:A,1640728,-0.032741643,0.0010720153,computed (both variants usable),Hypertension
17:45013271:T:C,17:47037024:A:T,2023753,0.012152959,0.0001476944,computed (both variants usable),Hypertension
17:45013271:T:C,17:47037194:G:T,2023923,0.015002482,0.00022507446,computed (both variants usable),Hypertension
17:45013271:T:C,17:47045862:G:A,2032591,-0.0034448814,1.1867208e-05,computed (both variants usable),Hypertension
17:45013271:T:C,17:47046899:A:C,2033628,0.010575473,0.000111840636,computed (both variants usable),Hypertension
17:45013271:T:C,17:47379486:T:C,2366215,-0.03541747,0.0012543972,computed (both variants usable),Hypertension
17:45013271:T:C,17:47448346:G:A,2435075,-0.032752547,0.0010727294,computed (both variants usable),Hypertension
17:45013271:T:C,17:47453444:A:G,2440173,-0.03208762,0.0010296154,computed (both variants usable),Hypertension
17:45013271:T:C,17:47476235:G:A,2462964,0.033321366,0.0011103135,computed (both variants usable),Hypertension
17:45036112:A:T,17:46653999:G:A,1617887,-0.03412694,0.0011646481,computed (both variants usable),Hypertension
17:45036112:A:T,17:47037024:A:T,2000912,-0.008369173,7.0043054e-05,computed (both variants usable),Hypertension
17:45036112:A:T,17:47037194:G:T,2001082,-0.005690636,3.238334e-05,computed (both variants usable),Hypertension
17:45036112:A:T,17:47045862:G:A,2009750,-0.0119253,0.00014221277,computed (both variants usable),Hypertension
17:45036112:A:T,17:47046899:A:C,2010787,0.011193202,0.00012528777,computed (both variants usable),Hypertension
17:45036112:A:T,17:47379486:T:C,2343374,-0.030531073,0.00093214645,computed (both variants usable),Hypertension
17:45036112:A:T,17:47448346:G:A,2412234,-0.033180255,0.0011009293,computed (both variants usable),Hypertension
17:45036112:A:T,17:47453444:A:G,2417332,-0.031640463,0.0010011189,computed (both variants usable),Hypertension
17:45036112:A:T,17:47476235:G:A,2440123,0.025597448,0.0006552293,computed (both variants usable),Hypertension
17:46653999:G:A,17:47037024:A:T,383025,-0.0589028,0.0034695398,computed (both variants usable),Hypertension
17:46653999:G:A,17:47037194:G:T,383195,-0.057310753,0.0032845223,computed (both variants usable),Hypertension
17:46653999:G:A,17:47045862:G:A,391863,-0.08216833,0.006751635,computed (both variants usable),Hypertension
17:46653999:G:A,17:47046899:A:C,392900,0.030812582,0.0009494152,computed (both variants usable),Hypertension
17:46653999:G:A,17:47379486:T:C,725487,0.045520756,0.0020721392,computed (both variants usable),Hypertension
17:46653999:G:A,17:47448346:G:A,794347,0.043747917,0.0019138802,computed (both variants usable),Hypertension
17:46653999:G:A,17:47453444:A:G,799445,0.037314232,0.0013923519,computed (both variants usable),Hypertension
17:46653999:G:A,17:47476235:G:A,822236,-0.02250539,0.00050649256,computed (both variants usable),Hypertension
17:47037024:A:T,17:47037194:G:T,170,0.98940724,0.9789267,computed (both variants usable),Hypertension
17:47037024:A:T,17:47045862:G:A,8838,0.7415052,0.54982996,computed (both variants usable),Hypertension
17:47037024:A:T,17:47046899:A:C,9875,-0.395899,0.15673602,computed (both variants usable),Hypertension
17:47037024:A:T,17:47379486:T:C,342462,0.08474626,0.007181928,computed (both variants usable),Hypertension
17:47037024:A:T,17:47448346:G:A,411322,0.08831747,0.007799975,computed (both variants usable),Hypertension
17:47037024:A:T,17:47453444:A:G,416420,0.0872222,0.007607713,computed (both variants usable),Hypertension
17:47037024:A:T,17:47476235:G:A,439211,0.06556607,0.0042989096,computed (both variants usable),Hypertension
17:47037194:G:T,17:47045862:G:A,8668,0.7323001,0.53626347,computed (both variants usable),Hypertension
17:47037194:G:T,17:47046899:A:C,9705,-0.40109736,0.16087909,computed (both variants usable),Hypertension
17:47037194:G:T,17:47379486:T:C,342292,0.07670916,0.005884295,computed (both variants usable),Hypertension
17:47037194:G:T,17:47448346:G:A,411152,0.08033854,0.0064542806,computed (both variants usable),Hypertension
17:47037194:G:T,17:47453444:A:G,416250,0.07942948,0.0063090418,computed (both variants usable),Hypertension
17:47037194:G:T,17:47476235:G:A,439041,0.07130932,0.0050850194,computed (both variants usable),Hypertension
17:47045862:G:A,17:47046899:A:C,1037,-0.0913444,0.0083438,computed (both variants usable),Hypertension
17:47045862:G:A,17:47379486:T:C,333624,0.013851285,0.0001918581,computed (both variants usable),Hypertension
17:47045862:G:A,17:47448346:G:A,402484,0.014855375,0.00022068215,computed (both variants usable),Hypertension
17:47045862:G:A,17:47453444:A:G,407582,0.010723711,0.00011499798,computed (both variants usable),Hypertension
17:47045862:G:A,17:47476235:G:A,430373,0.10788155,0.01163843,computed (both variants usable),Hypertension
17:47046899:A:C,17:47379486:T:C,332587,-0.055492956,0.0030794682,computed (both variants usable),Hypertension
17:47046899:A:C,17:47448346:G:A,401447,-0.0637618,0.004065567,computed (both variants usable),Hypertension
17:47046899:A:C,17:47453444:A:G,406545,-0.068129085,0.004641572,computed (both variants usable),Hypertension
17:47046899:A:C,17:47476235:G:A,429336,-0.028905507,0.00083552836,computed (both variants usable),Hypertension
17:47379486:T:C,17:47448346:G:A,68860,0.97641045,0.95337737,computed (both variants usable),Hypertension
17:47379486:T:C,17:47453444:A:G,73958,0.9492469,0.90106964,computed (both variants usable),Hypertension
17:47379486:T:C,17:47476235:G:A,96749,-0.12526171,0.015690496,computed (both variants usable),Hypertension
17:47448346:G:A,17:47453444:A:G,5098,0.97258985,0.945931,computed (both variants usable),Hypertension
17:47448346:G:A,17:47476235:G:A,27889,-0.11827024,0.0139878495,computed (both variants usable),Hypertension
17:47453444:A:G,17:47476235:G:A,22791,-0.13406882,0.017974447,computed (both variants usable),Hypertension
17:57979002:A:G,17:59241469:T:C,1262467,-0.033502534,0.0011224198,computed (both variants usable),Hypertension
17:57979002:A:G,17:59475642:C:T,1496640,0.014756682,0.00021775968,computed (both variants usable),Hypertension
17:57979002:A:G,17:59485393:C:T,1506391,0.015686497,0.0002460662,computed (both variants usable),Hypertension
17:57979002:A:G,17:61545779:C:T,3566777,-0.03159512,0.0009982515,computed (both variants usable),Hypertension
17:57979002:A:G,17:61550729:C:A,3571727,-0.038102455,0.0014517971,computed (both variants usable),Hypertension
17:57979002:A:G,17:62377645:C:T,4398643,0.039265193,0.0015417554,computed (both variants usable),Hypertension
17:57979002:A:G,17:62381714:T:C,4402712,0.04004636,0.0016037109,computed (both variants usable),Hypertension
17:57979002:A:G,17:64494105:G:T,6515103,-0.031675234,0.0010033204,computed (both variants usable),Hypertension
17:59241469:T:C,17:59475642:C:T,234173,-0.0029030682,8.427805e-06,computed (both variants usable),Hypertension
17:59241469:T:C,17:59485393:C:T,243924,-0.009322928,8.691699e-05,computed (both variants usable),Hypertension
17:59241469:T:C,17:61545779:C:T,2304310,0.0014298164,2.044375e-06,computed (both variants usable),Hypertension
17:59241469:T:C,17:61550729:C:A,2309260,0.0008893069,7.9086675e-07,computed (both variants usable),Hypertension
17:59241469:T:C,17:62377645:C:T,3136176,0.022961088,0.0005272115,computed (both variants usable),Hypertension
17:59241469:T:C,17:62381714:T:C,3140245,0.035429288,0.0012552345,computed (both variants usable),Hypertension
17:59241469:T:C,17:64494105:G:T,5252636,0.022198655,0.0004927803,computed (both variants usable),Hypertension
17:59475642:C:T,17:59485393:C:T,9751,0.99245316,0.9849633,computed (both variants usable),Hypertension
17:59475642:C:T,17:61545779:C:T,2070137,0.029380895,0.000863237,computed (both variants usable),Hypertension
17:59475642:C:T,17:61550729:C:A,2075087,0.03267702,0.0010677876,computed (both variants usable),Hypertension
17:59475642:C:T,17:62377645:C:T,2902003,0.0145327905,0.000211202,computed (both variants usable),Hypertension
17:59475642:C:T,17:62381714:T:C,2906072,0.030207297,0.00091248075,computed (both variants usable),Hypertension
17:59475642:C:T,17:64494105:G:T,5018463,0.006844619,4.6848807e-05,computed (both variants usable),Hypertension
17:59485393:C:T,17:61545779:C:T,2060386,0.032309473,0.001043902,computed (both variants usable),Hypertension
17:59485393:C:T,17:61550729:C:A,2065336,0.035526693,0.0012621459,computed (both variants usable),Hypertension
17:59485393:C:T,17:62377645:C:T,2892252,0.012918744,0.00016689395,computed (both variants usable),Hypertension
17:59485393:C:T,17:62381714:T:C,2896321,0.028474651,0.00081080577,computed (both variants usable),Hypertension
17:59485393:C:T,17:64494105:G:T,5008712,0.007978044,6.36492e-05,computed (both variants usable),Hypertension
17:61545779:C:T,17:61550729:C:A,4950,0.97043204,0.94173837,computed (both variants usable),Hypertension
17:61545779:C:T,17:62377645:C:T,831866,-0.0059434613,3.5324734e-05,computed (both variants usable),Hypertension
17:61545779:C:T,17:62381714:T:C,835935,0.010649609,0.00011341418,computed (both variants usable),Hypertension
17:61545779:C:T,17:64494105:G:T,2948326,-0.033349395,0.0011121822,computed (both variants usable),Hypertension
17:61550729:C:A,17:62377645:C:T,826916,-0.010486645,0.00010996972,computed (both variants usable),Hypertension
17:61550729:C:A,17:62381714:T:C,830985,0.00038974124,1.5189823e-07,computed (both variants usable),Hypertension
17:61550729:C:A,17:64494105:G:T,2943376,-0.025615646,0.0006561613,computed (both variants usable),Hypertension
17:62377645:C:T,17:62381714:T:C,4069,0.9320545,0.8687256,computed (both variants usable),Hypertension
17:62377645:C:T,17:64494105:G:T,2116460,-0.014019756,0.00019655355,computed (both variants usable),Hypertension
17:62381714:T:C,17:64494105:G:T,2112391,-0.019938264,0.00039753437,computed (both variants usable),Hypertension
17:64494105:G:T,17:73840243:G:A,9346138,-0.004409004,1.9439316e-05,computed (both variants usable),Hypertension
17:64494105:G:T,17:73953404:T:C,9459299,-0.009138239,8.35074e-05,computed (both variants usable),Hypertension
17:73840243:G:A,17:73953404:T:C,113161,-0.8433002,0.7111553,computed (both variants usable),Hypertension
18:42777478:C:T,18:42948994:T:G,171516,0.35212642,0.12399302,computed (both variants usable),Hypertension
18:42777478:C:T,18:50338593:T:C,7561115,-0.016777122,0.00028147185,computed (both variants usable),Hypertension
18:42948994:T:G,18:50338593:T:C,7389599,0.042462535,0.0018030669,computed (both variants usable),Hypertension
18:50338593:T:C,18:54578482:C:T,4239889,-0.0073019,5.3317744e-05,computed (both variants usable),Hypertension
19:4980864:T:C,19:5066330:G:A,85466,0.66301435,0.43958804,computed (both variants usable),Hypertension
19:4980864:T:C,19:7257990:C:G,2277126,0.040178683,0.0016143265,computed (both variants usable),Hypertension
19:4980864:T:C,19:7295991:A:G,2315127,0.029239314,0.0008549375,computed (both variants usable),Hypertension
19:4980864:T:C,19:7296283:C:T,2315419,-0.020928947,0.00043802083,computed (both variants usable),Hypertension
19:4980864:T:C,19:7297710:G:A,2316846,0.02631787,0.0006926303,computed (both variants usable),Hypertension
19:4980864:T:C,19:11526759:G:A,6545895,0.03917112,0.0015343765,computed (both variants usable),Hypertension
19:5066330:G:A,19:7257990:C:G,2191660,-0.0026956939,7.2667654e-06,computed (both variants usable),Hypertension
19:5066330:G:A,19:7295991:A:G,2229661,0.009160764,8.391959e-05,computed (both variants usable),Hypertension
19:5066330:G:A,19:7296283:C:T,2229953,-0.00079888216,6.382127e-07,computed (both variants usable),Hypertension
19:5066330:G:A,19:7297710:G:A,2231380,0.007125336,5.0770417e-05,computed (both variants usable),Hypertension
19:5066330:G:A,19:11526759:G:A,6460429,0.05622399,0.003161137,computed (both variants usable),Hypertension
19:7257990:C:G,19:7295991:A:G,38001,0.117357194,0.013772711,computed (both variants usable),Hypertension
19:7257990:C:G,19:7296283:C:T,38293,-0.07457967,0.005562127,computed (both variants usable),Hypertension
19:7257990:C:G,19:7297710:G:A,39720,0.11671604,0.013622634,computed (both variants usable),Hypertension
19:7257990:C:G,19:11526759:G:A,4268769,0.046234775,0.0021376545,computed (both variants usable),Hypertension
19:7257990:C:G,19:17214073:C:T,9956083,-0.031849105,0.0010143655,computed (both variants usable),Hypertension
19:7257990:C:G,19:17219105:G:A,9961115,-0.022880746,0.00052352855,computed (both variants usable),Hypertension
19:7295991:A:G,19:7296283:C:T,292,-0.712771,0.5080425,computed (both variants usable),Hypertension
19:7295991:A:G,19:7297710:G:A,1719,0.9974168,0.99484026,computed (both variants usable),Hypertension
19:7295991:A:G,19:11526759:G:A,4230768,0.009093244,8.268708e-05,computed (both variants usable),Hypertension
19:7295991:A:G,19:17214073:C:T,9918082,-0.014836673,0.00022012685,computed (both variants usable),Hypertension
19:7295991:A:G,19:17219105:G:A,9923114,-0.015635492,0.00024446863,computed (both variants usable),Hypertension
19:7296283:C:T,19:7297710:G:A,1427,-0.7146199,0.51068157,computed (both variants usable),Hypertension
19:7296283:C:T,19:11526759:G:A,4230476,-0.008001774,6.402838e-05,computed (both variants usable),Hypertension
19:7296283:C:T,19:17214073:C:T,9917790,0.08479452,0.0071901106,computed (both variants usable),Hypertension
19:7296283:C:T,19:17219105:G:A,9922822,0.07218221,0.005210271,computed (both variants usable),Hypertension
19:7297710:G:A,19:11526759:G:A,4229049,0.01095312,0.000119970835,computed (both variants usable),Hypertension
19:7297710:G:A,19:17214073:C:T,9916363,-0.016244449,0.0002638821,computed (both variants usable),Hypertension
19:7297710:G:A,19:17219105:G:A,9921395,-0.01700244,0.00028908293,computed (both variants usable),Hypertension
19:11526759:G:A,19:17214073:C:T,5687314,-0.040047605,0.0016038106,computed (both variants usable),Hypertension
19:11526759:G:A,19:17219105:G:A,5692346,-0.05812457,0.0033784655,computed (both variants usable),Hypertension
19:11526759:G:A,19:18455657:T:C,6928898,0.033337526,0.0011113907,computed (both variants usable),Hypertension
19:11526759:G:A,19:18460956:G:A,6934197,0.02222661,0.00049402216,computed (both variants usable),Hypertension
19:11526759:G:A,19:18829770:A:G,7303011,0.0012864711,1.655008e-06,computed (both variants usable),Hypertension
19:17214073:C:T,19:17219105:G:A,5032,0.93432426,0.8729618,computed (both variants usable),Hypertension
19:17214073:C:T,19:18455657:T:C,1241584,0.0051847813,2.6881957e-05,computed (both variants usable),Hypertension
19:17214073:C:T,19:18460956:G:A,1246883,-0.012404785,0.00015387867,computed (both variants usable),Hypertension
19:17214073:C:T,19:18829770:A:G,1615697,0.017572029,0.0003087762,computed (both variants usable),Hypertension
19:17219105:G:A,19:18455657:T:C,1236552,-0.016165392,0.00026131992,computed (both variants usable),Hypertension
19:17219105:G:A,19:18460956:G:A,1241851,-0.023940451,0.0005731452,computed (both variants usable),Hypertension
19:17219105:G:A,19:18829770:A:G,1610665,0.019047901,0.00036282252,computed (both variants usable),Hypertension
19:18455657:T:C,19:18460956:G:A,5299,0.95129645,0.9049649,computed (both variants usable),Hypertension
19:18455657:T:C,19:18829770:A:G,374113,0.008225625,6.766091e-05,computed (both variants usable),Hypertension
19:18460956:G:A,19:18829770:A:G,368814,-0.005698156,3.2468983e-05,computed (both variants usable),Hypertension
19:45412079:C:T,19:45744552:T:C,332473,-0.013726672,0.00018842153,computed (both variants usable),Hypertension
19:45412079:C:T,19:45744842:A:G,332763,-0.013726672,0.00018842153,computed (both variants usable),Hypertension
19:45412079:C:T,19:45749484:G:C,337405,-0.011444715,0.0001309815,computed (both variants usable),Hypertension
19:45744552:T:C,19:45744842:A:G,290,1.0000006,1.0000012,computed (both variants usable),Hypertension
19:45744552:T:C,19:45749484:G:C,4932,0.9897049,0.9795158,computed (both variants usable),Hypertension
19:45744842:A:G,19:45749484:G:C,4642,0.9897049,0.9795158,computed (both variants usable),Hypertension
2:632591:T:C,2:641159:A:C,8568,0.9722271,0.94522554,computed (both variants usable),Hypertension
2:17443270:C:G,2:25110289:T:C,7667019,0.051037136,0.0026047893,computed (both variants usable),Hypertension
2:17443270:C:G,2:26914364:C:T,9471094,-0.042918287,0.0018419793,computed (both variants usable),Hypertension
2:17443270:C:G,2:26923568:T:C,9480298,-0.046278026,0.0021416557,computed (both variants usable),Hypertension
2:17443270:C:G,2:26929282:T:G,9486012,-0.042589962,0.0018139048,computed (both variants usable),Hypertension
2:25110289:T:C,2:26914364:C:T,1804075,-0.013530303,0.00018306909,computed (both variants usable),Hypertension
2:25110289:T:C,2:26923568:T:C,1813279,-0.008014629,6.423427e-05,computed (both variants usable),Hypertension
2:25110289:T:C,2:26929282:T:G,1818993,-0.008624278,7.437817e-05,computed (both variants usable),Hypertension
2:26914364:C:T,2:26923568:T:C,9204,0.9938533,0.98774433,computed (both variants usable),Hypertension
2:26914364:C:T,2:26929282:T:G,14918,0.9753696,0.9513458,computed (both variants usable),Hypertension
2:26923568:T:C,2:26929282:T:G,5714,0.98148435,0.96331155,computed (both variants usable),Hypertension
2:40525932:C:T,2:43166683:G:A,2640751,-0.032044496,0.0010268497,computed (both variants usable),Hypertension
2:40525932:C:T,2:45878760:G:T,5352828,0.0538163,0.002896194,computed (both variants usable),Hypertension
2:40525932:C:T,2:45880122:G:C,5354190,0.052036826,0.0027078313,computed (both variants usable),Hypertension
2:43166683:G:A,2:45878760:G:T,2712077,0.029237382,0.0008548245,computed (both variants usable),Hypertension
2:43166683:G:A,2:45880122:G:C,2713439,0.027006274,0.00072933885,computed (both variants usable),Hypertension
2:45878760:G:T,2:45880122:G:C,1362,0.8711702,0.75893754,computed (both variants usable),Hypertension
2:56200399:G:T,2:59311536:G:A,3111137,0.03421105,0.001170396,computed (both variants usable),Hypertension
2:56200399:G:T,2:65276452:T:C,9076053,-0.005159529,2.6620739e-05,computed (both variants usable),Hypertension
2:56200399:G:T,2:65287896:A:G,9087497,-0.010666518,0.00011377459,computed (both variants usable),Hypertension
2:59311536:G:A,2:65276452:T:C,5964916,-0.0056843976,3.2312375e-05,computed (both variants usable),Hypertension
2:59311536:G:A,2:65287896:A:G,5976360,-0.0060334457,3.6402467e-05,computed (both variants usable),Hypertension
2:65276452:T:C,2:65287896:A:G,11444,0.9748939,0.9504182,computed (both variants usable),Hypertension
2:112689281:A:G,2:112744260:C:T,54979,0.8926872,0.79689044,computed (both variants usable),Hypertension
2:112689281:A:G,2:112769721:G:A,80440,0.89195025,0.79557526,computed (both variants usable),Hypertension
2:112689281:A:G,2:121998898:C:T,9309617,-0.010252765,0.0001051192,computed (both variants usable),Hypertension
2:112744260:C:T,2:112769721:G:A,25461,0.9905831,0.98125494,computed (both variants usable),Hypertension
2:112744260:C:T,2:121998898:C:T,9254638,-0.020043336,0.0004017353,computed (both variants usable),Hypertension
2:112769721:G:A,2:121998898:C:T,9229177,-0.018295119,0.00033471137,computed (both variants usable),Hypertension
2:144183002:G:A,2:144204338:C:T,21336,0.72054654,0.51918733,computed (both variants usable),Hypertension
2:144183002:G:A,2:145240715:A:G,1057713,0.009078818,8.2424944e-05,computed (both variants usable),Hypertension
2:144183002:G:A,2:145796251:G:A,1613249,0.011348245,0.00012878266,computed (both variants usable),Hypertension
2:144183002:G:A,2:145807415:G:A,1624413,0.018991932,0.0003606935,computed (both variants usable),Hypertension
2:144204338:C:T,2:145240715:A:G,1036377,0.009595432,9.207232e-05,computed (both variants usable),Hypertension
2:144204338:C:T,2:145796251:G:A,1591913,0.051421575,0.0026441785,computed (both variants usable),Hypertension
2:144204338:C:T,2:145807415:G:A,1603077,-0.019177701,0.00036778423,computed (both variants usable),Hypertension
2:145240715:A:G,2:145796251:G:A,555536,0.0015203645,2.3115083e-06,computed (both variants usable),Hypertension
2:145240715:A:G,2:145807415:G:A,566700,-0.034787025,0.0012101372,computed (both variants usable),Hypertension
2:145796251:G:A,2:145807415:G:A,11164,-0.8558296,0.7324443,computed (both variants usable),Hypertension
2:158496502:A:C,2:158503739:C:T,7237,0.9845353,0.9693097,computed (both variants usable),Hypertension
2:158496502:A:C,2:164954174:T:A,6457672,-0.0024427352,5.9669555e-06,computed (both variants usable),Hypertension
2:158496502:A:C,2:165008166:C:G,6511664,0.036805566,0.0013546497,computed (both variants usable),Hypertension
2:158496502:A:C,2:165085214:C:T,6588712,-0.009583294,9.183953e-05,computed (both variants usable),Hypertension
2:158496502:A:C,2:165620175:A:G,7123673,0.021501727,0.00046232427,computed (both variants usable),Hypertension
2:158496502:A:C,2:165620305:A:G,7123803,0.021501727,0.00046232427,computed (both variants usable),Hypertension
2:158503739:C:T,2:164954174:T:A,6450435,-0.0034216957,1.1708002e-05,computed (both variants usable),Hypertension
2:158503739:C:T,2:165008166:C:G,6504427,0.031176439,0.0009719703,computed (both variants usable),Hypertension
2:158503739:C:T,2:165085214:C:T,6581475,-0.008312236,6.909326e-05,computed (both variants usable),Hypertension
2:158503739:C:T,2:165620175:A:G,7116436,0.024717845,0.0006109719,computed (both variants usable),Hypertension
2:158503739:C:T,2:165620305:A:G,7116566,0.024717845,0.0006109719,computed (both variants usable),Hypertension
2:164954174:T:A,2:165008166:C:G,53992,0.60661566,0.36798257,computed (both variants usable),Hypertension
2:164954174:T:A,2:165085214:C:T,131040,-0.73949075,0.54684657,computed (both variants usable),Hypertension
2:164954174:T:A,2:165620175:A:G,666001,0.022508297,0.0005066234,computed (both variants usable),Hypertension
2:164954174:T:A,2:165620305:A:G,666131,0.022508297,0.0005066234,computed (both variants usable),Hypertension
2:165008166:C:G,2:165085214:C:T,77048,-0.5702764,0.32521516,computed (both variants usable),Hypertension
2:165008166:C:G,2:165620175:A:G,612009,-0.019179728,0.00036786197,computed (both variants usable),Hypertension
2:165008166:C:G,2:165620305:A:G,612139,-0.019179728,0.00036786197,computed (both variants usable),Hypertension
2:165085214:C:T,2:165620175:A:G,534961,0.034120526,0.0011642103,computed (both variants usable),Hypertension
2:165085214:C:T,2:165620305:A:G,535091,0.034120526,0.0011642103,computed (both variants usable),Hypertension
2:165620175:A:G,2:165620305:A:G,130,0.9999966,0.9999932,computed (both variants usable),Hypertension
2:183305099:C:T,2:185195472:A:G,1890373,0.0054089394,2.9256626e-05,computed (both variants usable),Hypertension
2:219231012:A:G,2:227093745:T:C,7862733,0.0060733897,3.6886064e-05,computed (both variants usable),Hypertension
2:219231012:A:G,2:227099180:C:T,7868168,0.008015541,6.42489e-05,computed (both variants usable),Hypertension
2:219231012:A:G,2:227138947:G:A,7907935,0.02343782,0.0005493314,computed (both variants usable),Hypertension
2:227093745:T:C,2:227099180:C:T,5435,0.99576616,0.99155027,computed (both variants usable),Hypertension
2:227093745:T:C,2:227138947:G:A,45202,0.91065717,0.82929647,computed (both variants usable),Hypertension
2:227099180:C:T,2:227138947:G:A,39767,0.9150497,0.8373159,computed (both variants usable),Hypertension
20:8616588:A:G,20:10965998:G:A,2349410,0.04413922,0.0019482708,computed (both variants usable),Hypertension
20:8616588:A:G,20:10967214:T:G,2350626,0.04413922,0.0019482708,computed (both variants usable),Hypertension
20:10965998:G:A,20:10967214:T:G,1216,1.0000001,1.0000002,computed (both variants usable),Hypertension
20:40258709:A:G,20:40261579:T:C,2870,0.78487396,0.6160271,computed (both variants usable),Hypertension
20:40258709:A:G,20:40268334:T:A,9625,0.85071903,0.7237229,computed (both variants usable),Hypertension
20:40258709:A:G,20:42797358:A:G,2538649,-0.032600064,0.0010627642,computed (both variants usable),Hypertension
20:40258709:A:G,20:42801971:T:C,2543262,0.015272077,0.00023323634,computed (both variants usable),Hypertension
20:40258709:A:G,20:42804581:C:G,2545872,0.015272077,0.00023323634,computed (both variants usable),Hypertension
20:40258709:A:G,20:47408414:A:G,7149705,0.0060983673,3.7190082e-05,computed (both variants usable),Hypertension
20:40261579:T:C,20:40268334:T:A,6755,0.93156,0.867804,computed (both variants usable),Hypertension
20:40261579:T:C,20:42797358:A:G,2535779,-0.025150316,0.0006325384,computed (both variants usable),Hypertension
20:40261579:T:C,20:42801971:T:C,2540392,0.002318157,5.373852e-06,computed (both variants usable),Hypertension
20:40261579:T:C,20:42804581:C:G,2543002,0.002318157,5.373852e-06,computed (both variants usable),Hypertension
20:40261579:T:C,20:47408414:A:G,7146835,0.028779127,0.00082823815,computed (both variants usable),Hypertension
20:40268334:T:A,20:42797358:A:G,2529024,-0.019612214,0.00038463893,computed (both variants usable),Hypertension
20:40268334:T:A,20:42801971:T:C,2533637,0.020881064,0.00043601883,computed (both variants usable),Hypertension
20:40268334:T:A,20:42804581:C:G,2536247,0.020881064,0.00043601883,computed (both variants usable),Hypertension
20:40268334:T:A,20:47408414:A:G,7140080,0.013801186,0.00019047274,computed (both variants usable),Hypertension
20:42797358:A:G,20:42801971:T:C,4613,0.402389,0.1619169,computed (both variants usable),Hypertension
20:42797358:A:G,20:42804581:C:G,7223,0.402389,0.1619169,computed (both variants usable),Hypertension
20:42797358:A:G,20:47408414:A:G,4611056,0.009298303,8.645844e-05,computed (both variants usable),Hypertension
20:42797358:A:G,20:50931078:T:C,8133720,0.0029403195,8.645478e-06,computed (both variants usable),Hypertension
20:42797358:A:G,20:50981999:G:T,8184641,0.0052666394,2.7737491e-05,computed (both variants usable),Hypertension
20:42797358:A:G,20:51034311:A:G,8236953,-0.0038222757,1.4609791e-05,computed (both variants usable),Hypertension
20:42801971:T:C,20:42804581:C:G,2610,1.0000006,1.0000012,computed (both variants usable),Hypertension
20:42801971:T:C,20:47408414:A:G,4606443,-0.050396223,0.0025397793,computed (both variants usable),Hypertension
20:42801971:T:C,20:50931078:T:C,8129107,-0.031224173,0.0009749489,computed (both variants usable),Hypertension
20:42801971:T:C,20:50981999:G:T,8180028,-0.033731945,0.001137844,computed (both variants usable),Hypertension
20:42801971:T:C,20:51034311:A:G,8232340,0.045657463,0.002084604,computed (both variants usable),Hypertension
20:42804581:C:G,20:47408414:A:G,4603833,-0.050396223,0.0025397793,computed (both variants usable),Hypertension
20:42804581:C:G,20:50931078:T:C,8126497,-0.031224173,0.0009749489,computed (both variants usable),Hypertension
20:42804581:C:G,20:50981999:G:T,8177418,-0.033731945,0.001137844,computed (both variants usable),Hypertension
20:42804581:C:G,20:51034311:A:G,8229730,0.045657463,0.002084604,computed (both variants usable),Hypertension
20:47408414:A:G,20:50931078:T:C,3522664,0.00897739,8.059353e-05,computed (both variants usable),Hypertension
20:47408414:A:G,20:50981999:G:T,3573585,0.012254857,0.00015018153,computed (both variants usable),Hypertension
20:47408414:A:G,20:51034311:A:G,3625897,-0.019948037,0.0003979242,computed (both variants usable),Hypertension
20:50931078:T:C,20:50981999:G:T,50921,0.96374124,0.9287972,computed (both variants usable),Hypertension
20:50931078:T:C,20:51034311:A:G,103233,-0.91023874,0.82853454,computed (both variants usable),Hypertension
20:50931078:T:C,20:57728269:C:T,6797191,0.034877766,0.0012164585,computed (both variants usable),Hypertension
20:50931078:T:C,20:57739469:A:T,6808391,0.034070857,0.0011608233,computed (both variants usable),Hypertension
20:50981999:G:T,20:51034311:A:G,52312,-0.9464572,0.8957812,computed (both variants usable),Hypertension
20:50981999:G:T,20:57728269:C:T,6746270,0.019940065,0.0003976062,computed (both variants usable),Hypertension
20:50981999:G:T,20:57739469:A:T,6757470,0.01948406,0.0003796286,computed (both variants usable),Hypertension
20:51034311:A:G,20:57728269:C:T,6693958,0.010855087,0.00011783292,computed (both variants usable),Hypertension
20:51034311:A:G,20:57739469:A:T,6705158,0.010643899,0.0001132926,computed (both variants usable),Hypertension
20:57728269:C:T,20:57739469:A:T,11200,0.95113665,0.90466094,computed (both variants usable),Hypertension
20:57728269:C:T,20:62446351:G:A,4718082,-0.034845944,0.0012142399,computed (both variants usable),Hypertension
20:57728269:C:T,20:62483911:T:C,4755642,-0.0045218556,2.0447178e-05,computed (both variants usable),Hypertension
20:57728269:C:T,20:62694319:G:T,4966050,-0.021141917,0.00044698064,computed (both variants usable),Hypertension
20:57739469:A:T,20:62446351:G:A,4706882,-0.030393273,0.00092375104,computed (both variants usable),Hypertension
20:57739469:A:T,20:62483911:T:C,4744442,-0.008951345,8.0126585e-05,computed (both variants usable),Hypertension
20:57739469:A:T,20:62694319:G:T,4954850,-0.03125821,0.0009770758,computed (both variants usable),Hypertension
20:62446351:G:A,20:62483911:T:C,37560,0.38177067,0.14574884,computed (both variants usable),Hypertension
20:62446351:G:A,20:62694319:G:T,247968,-0.07917815,0.006269179,computed (both variants usable),Hypertension
20:62483911:T:C,20:62694319:G:T,210408,-0.19213332,0.036915213,computed (both variants usable),Hypertension
21:16556367:C:T,21:16576783:G:A,20416,0.74466217,0.55452174,computed (both variants usable),Hypertension
21:43530671:T:C,21:44759440:C:G,1228769,-0.0058336607,3.4031596e-05,computed (both variants usable),Hypertension
21:43530671:T:C,21:44760603:G:A,1229932,-0.0067290193,4.5279703e-05,computed (both variants usable),Hypertension
21:43530671:T:C,21:44989547:A:G,1458876,0.05678941,0.0032250371,computed (both variants usable),Hypertension
21:43530671:T:C,21:45042419:C:T,1511748,0.049011998,0.002402176,computed (both variants usable),Hypertension
21:43530671:T:C,21:45122573:G:A,1591902,0.037346758,0.0013947804,computed (both variants usable),Hypertension
21:44759440:C:G,21:44760603:G:A,1163,0.9722445,0.9452594,computed (both variants usable),Hypertension
21:44759440:C:G,21:44989547:A:G,230107,0.06349161,0.004031185,computed (both variants usable),Hypertension
21:44759440:C:G,21:45042419:C:T,282979,0.06754993,0.004562993,computed (both variants usable),Hypertension
21:44759440:C:G,21:45122573:G:A,363133,0.070819646,0.005015422,computed (both variants usable),Hypertension
21:44760603:G:A,21:44989547:A:G,228944,0.070193894,0.0049271826,computed (both variants usable),Hypertension
21:44760603:G:A,21:45042419:C:T,281816,0.07414438,0.005497389,computed (both variants usable),Hypertension
21:44760603:G:A,21:45122573:G:A,361970,0.09362833,0.008766265,computed (both variants usable),Hypertension
21:44989547:A:G,21:45042419:C:T,52872,0.9592927,0.9202425,computed (both variants usable),Hypertension
21:44989547:A:G,21:45122573:G:A,133026,0.84447145,0.713132,computed (both variants usable),Hypertension
21:45042419:C:T,21:45122573:G:A,80154,0.88010025,0.7745764,computed (both variants usable),Hypertension
3:11413387:T:G,3:11418508:C:T,5121,0.96019036,0.92196554,computed (both variants usable),Hypertension
3:11413387:T:G,3:11545719:T:C,132332,0.7977596,0.63642037,computed (both variants usable),Hypertension
3:11413387:T:G,3:14889756:T:C,3476369,0.025691796,0.0006600684,computed (both variants usable),Hypertension
3:11413387:T:G,3:14926351:T:C,3512964,-0.03460379,0.0011974223,computed (both variants usable),Hypertension
3:11413387:T:G,3:14954411:C:T,3541024,0.0068601533,4.70617e-05,computed (both variants usable),Hypertension
3:11413387:T:G,3:16846967:A:C,5433580,0.02268367,0.0005145489,computed (both variants usable),Hypertension
3:11413387:T:G,3:20112416:A:G,8699029,0.079187505,0.006270661,computed (both variants usable),Hypertension
3:11413387:T:G,3:20113989:C:A,8700602,0.079187505,0.006270661,computed (both variants usable),Hypertension
3:11413387:T:G,3:20117724:G:A,8704337,0.041656084,0.0017352294,computed (both variants usable),Hypertension
3:11418508:C:T,3:11545719:T:C,127211,0.77242017,0.5966329,computed (both variants usable),Hypertension
3:11418508:C:T,3:14889756:T:C,3471248,0.031190136,0.00097282464,computed (both variants usable),Hypertension
3:11418508:C:T,3:14926351:T:C,3507843,-0.03450446,0.0011905576,computed (both variants usable),Hypertension
3:11418508:C:T,3:14954411:C:T,3535903,0.0025460357,6.4822975e-06,computed (both variants usable),Hypertension
3:11418508:C:T,3:16846967:A:C,5428459,0.021864729,0.0004780664,computed (both variants usable),Hypertension
3:11418508:C:T,3:20112416:A:G,8693908,0.06650243,0.004422573,computed (both variants usable),Hypertension
3:11418508:C:T,3:20113989:C:A,8695481,0.06650243,0.004422573,computed (both variants usable),Hypertension
3:11418508:C:T,3:20117724:G:A,8699216,0.030173209,0.00091042253,computed (both variants usable),Hypertension
3:11545719:T:C,3:14889756:T:C,3344037,0.012306159,0.00015144156,computed (both variants usable),Hypertension
3:11545719:T:C,3:14926351:T:C,3380632,-0.040335912,0.0016269858,computed (both variants usable),Hypertension
3:11545719:T:C,3:14954411:C:T,3408692,-0.01209555,0.00014630234,computed (both variants usable),Hypertension
3:11545719:T:C,3:16846967:A:C,5301248,0.025287688,0.00063946715,computed (both variants usable),Hypertension
3:11545719:T:C,3:20112416:A:G,8566697,0.08538092,0.0072899014,computed (both variants usable),Hypertension
3:11545719:T:C,3:20113989:C:A,8568270,0.08538092,0.0072899014,computed (both variants usable),Hypertension
3:11545719:T:C,3:20117724:G:A,8572005,0.040709287,0.001657246,computed (both variants usable),Hypertension
3:14889756:T:C,3:14926351:T:C,36595,0.60554934,0.36669,computed (both variants usable),Hypertension
3:14889756:T:C,3:14954411:C:T,64655,0.6863011,0.47100922,computed (both variants usable),Hypertension
3:14889756:T:C,3:16846967:A:C,1957211,0.035119172,0.0012333563,computed (both variants usable),Hypertension
3:14889756:T:C,3:20112416:A:G,5222660,-0.038721275,0.0014993371,computed (both variants usable),Hypertension
3:14889756:T:C,3:20113989:C:A,5224233,-0.038721275,0.0014993371,computed (both variants usable),Hypertension
3:14889756:T:C,3:20117724:G:A,5227968,-0.03728832,0.0013904187,computed (both variants usable),Hypertension
3:14926351:T:C,3:14954411:C:T,28060,0.73538244,0.54078734,computed (both variants usable),Hypertension
3:14926351:T:C,3:16846967:A:C,1920616,0.052419998,0.002747856,computed (both variants usable),Hypertension
3:14926351:T:C,3:20112416:A:G,5186065,-0.061674558,0.003803751,computed (both variants usable),Hypertension
3:14926351:T:C,3:20113989:C:A,5187638,-0.061674558,0.003803751,computed (both variants usable),Hypertension
3:14926351:T:C,3:20117724:G:A,5191373,-0.06433249,0.0041386695,computed (both variants usable),Hypertension
3:14954411:C:T,3:16846967:A:C,1892556,0.018145768,0.0003292689,computed (both variants usable),Hypertension
3:14954411:C:T,3:20112416:A:G,5158005,-0.045010757,0.0020259682,computed (both variants usable),Hypertension
3:14954411:C:T,3:20113989:C:A,5159578,-0.045010757,0.0020259682,computed (both variants usable),Hypertension
3:14954411:C:T,3:20117724:G:A,5163313,-0.05238597,0.00274429,computed (both variants usable),Hypertension
3:16846967:A:C,3:20112416:A:G,3265449,0.00899755,8.095591e-05,computed (both variants usable),Hypertension
3:16846967:A:C,3:20113989:C:A,3267022,0.00899755,8.095591e-05,computed (both variants usable),Hypertension
3:16846967:A:C,3:20117724:G:A,3270757,-0.017708106,0.000313577,computed (both variants usable),Hypertension
3:20112416:A:G,3:20113989:C:A,1573,0.99999756,0.9999951,computed (both variants usable),Hypertension
3:20112416:A:G,3:20117724:G:A,5308,0.885325,0.78380036,computed (both variants usable),Hypertension
3:20112416:A:G,3:27238349:C:G,7125933,-0.0128656505,0.00016552497,computed (both variants usable),Hypertension
3:20112416:A:G,3:27329540:C:T,7217124,-0.0145436535,0.00021151785,computed (both variants usable),Hypertension
3:20112416:A:G,3:27538731:G:A,7426315,0.015637483,0.00024453088,computed (both variants usable),Hypertension
3:20112416:A:G,3:27562988:C:T,7450572,-0.025560364,0.0006533322,computed (both variants usable),Hypertension
3:20113989:C:A,3:20117724:G:A,3735,0.885325,0.78380036,computed (both variants usable),Hypertension
3:20113989:C:A,3:27238349:C:G,7124360,-0.0128656505,0.00016552497,computed (both variants usable),Hypertension
3:20113989:C:A,3:27329540:C:T,7215551,-0.0145436535,0.00021151785,computed (both variants usable),Hypertension
3:20113989:C:A,3:27538731:G:A,7424742,0.015637483,0.00024453088,computed (both variants usable),Hypertension
3:20113989:C:A,3:27562988:C:T,7448999,-0.025560364,0.0006533322,computed (both variants usable),Hypertension
3:20117724:G:A,3:27238349:C:G,7120625,-0.0010326979,1.0664648e-06,computed (both variants usable),Hypertension
3:20117724:G:A,3:27329540:C:T,7211816,-0.017944187,0.00032199384,computed (both variants usable),Hypertension
3:20117724:G:A,3:27538731:G:A,7421007,0.009008414,8.115153e-05,computed (both variants usable),Hypertension
3:20117724:G:A,3:27562988:C:T,7445264,-0.017665362,0.000312065,computed (both variants usable),Hypertension
3:27238349:C:G,3:27329540:C:T,91191,0.51179415,0.26193324,computed (both variants usable),Hypertension
3:27238349:C:G,3:27538731:G:A,300382,-0.55316865,0.30599555,computed (both variants usable),Hypertension
3:27238349:C:G,3:27562988:C:T,324639,0.29555002,0.08734982,computed (both variants usable),Hypertension
3:27238349:C:G,3:35645442:A:C,8407093,0.04066735,0.0016538334,computed (both variants usable),Hypertension
3:27238349:C:G,3:35659344:T:G,8420995,0.038892113,0.0015125964,computed (both variants usable),Hypertension
3:27329540:C:T,3:27538731:G:A,209191,-0.43924072,0.19293241,computed (both variants usable),Hypertension
3:27329540:C:T,3:27562988:C:T,233448,0.53113437,0.28210372,computed (both variants usable),Hypertension
3:27329540:C:T,3:35645442:A:C,8315902,0.028400183,0.0008065704,computed (both variants usable),Hypertension
3:27329540:C:T,3:35659344:T:G,8329804,0.024963547,0.00062317867,computed (both variants usable),Hypertension
3:27538731:G:A,3:27562988:C:T,24257,-0.6979299,0.48710617,computed (both variants usable),Hypertension
3:27538731:G:A,3:35645442:A:C,8106711,-0.014762042,0.00021791788,computed (both variants usable),Hypertension
3:27538731:G:A,3:35659344:T:G,8120613,-0.013110312,0.00017188027,computed (both variants usable),Hypertension
3:27562988:C:T,3:35645442:A:C,8082454,0.01890251,0.0003573049,computed (both variants usable),Hypertension
3:27562988:C:T,3:35659344:T:G,8096356,0.020789819,0.00043221656,computed (both variants usable),Hypertension
3:35645442:A:C,3:35659344:T:G,13902,0.9935715,0.98718435,computed (both variants usable),Hypertension
3:35645442:A:C,3:41105947:G:T,5460505,-0.016595406,0.0002754075,computed (both variants usable),Hypertension
3:35659344:T:G,3:41105947:G:T,5446603,-0.01578863,0.00024928083,computed (both variants usable),Hypertension
3:41105947:G:T,3:48108442:T:C,7002495,-0.013659488,0.00018658163,computed (both variants usable),Hypertension
3:41105947:G:T,3:48185266:A:G,7079319,-0.028551446,0.0008151851,computed (both variants usable),Hypertension
3:41105947:G:T,3:48282695:A:G,7176748,0.015290719,0.0002338061,computed (both variants usable),Hypertension
3:41105947:G:T,3:48866313:C:G,7760366,0.0014705978,2.162658e-06,computed (both variants usable),Hypertension
3:41105947:G:T,3:49789814:G:A,8683867,-0.020464277,0.00041878663,computed (both variants usable),Hypertension
3:48108442:T:C,3:48185266:A:G,76824,0.74996257,0.56244385,computed (both variants usable),Hypertension
3:48108442:T:C,3:48282695:A:G,174253,-0.58667415,0.34418657,computed (both variants usable),Hypertension
3:48108442:T:C,3:48866313:C:G,757871,0.0063092546,3.980669e-05,computed (both variants usable),Hypertension
3:48108442:T:C,3:49789814:G:A,1681372,-0.054312013,0.0029497948,computed (both variants usable),Hypertension
3:48108442:T:C,3:53558012:G:A,5449570,0.046759315,0.0021864334,computed (both variants usable),Hypertension
3:48185266:A:G,3:48282695:A:G,97429,-0.8383286,0.70279485,computed (both variants usable),Hypertension
3:48185266:A:G,3:48866313:C:G,681047,0.047841363,0.002288796,computed (both variants usable),Hypertension
3:48185266:A:G,3:49789814:G:A,1604548,-0.06394886,0.004089457,computed (both variants usable),Hypertension
3:48185266:A:G,3:53558012:G:A,5372746,0.039961502,0.0015969216,computed (both variants usable),Hypertension
3:48282695:A:G,3:48866313:C:G,583618,-0.09497506,0.009020262,computed (both variants usable),Hypertension
3:48282695:A:G,3:49789814:G:A,1507119,0.047879517,0.0022924482,computed (both variants usable),Hypertension
3:48282695:A:G,3:53558012:G:A,5275317,-0.038450897,0.0014784714,computed (both variants usable),Hypertension
3:48866313:C:G,3:49789814:G:A,923501,-0.2868961,0.08230938,computed (both variants usable),Hypertension
3:48866313:C:G,3:53558012:G:A,4691699,0.03843919,0.0014775712,computed (both variants usable),Hypertension
3:49789814:G:A,3:53558012:G:A,3768198,-0.03846065,0.0014792215,computed (both variants usable),Hypertension
3:133940530:A:G,3:133985901:G:A,45371,0.70538145,0.497563,computed (both variants usable),Hypertension
3:133940530:A:G,3:133995065:G:A,54535,0.8642682,0.7469595,computed (both variants usable),Hypertension
3:133940530:A:G,3:135876125:A:G,1935595,-8.003496e-05,6.4055947e-09,computed (both variants usable),Hypertension
3:133940530:A:G,3:143722233:A:G,9781703,-0.01662683,0.00027645146,computed (both variants usable),Hypertension
3:133985901:G:A,3:133995065:G:A,9164,0.6264106,0.39239025,computed (both variants usable),Hypertension
3:133985901:G:A,3:135876125:A:G,1890224,-0.006675903,4.4567685e-05,computed (both variants usable),Hypertension
3:133985901:G:A,3:143722233:A:G,9736332,-0.024326565,0.00059178175,computed (both variants usable),Hypertension
3:133995065:G:A,3:135876125:A:G,1881060,0.013676853,0.0001870563,computed (both variants usable),Hypertension
3:133995065:G:A,3:143722233:A:G,9727168,-0.039137457,0.0015317405,computed (both variants usable),Hypertension
3:135876125:A:G,3:143722233:A:G,7846108,0.011605299,0.00013468297,computed (both variants usable),Hypertension
3:160173831:G:T,3:160182911:C:G,9080,0.99181277,0.9836926,computed (both variants usable),Hypertension
3:160173831:G:T,3:168814206:G:A,8640375,-0.032745026,0.0010722367,computed (both variants usable),Hypertension
3:160173831:G:T,3:168815099:T:C,8641268,-0.008982563,8.068645e-05,computed (both variants usable),Hypertension
3:160182911:C:G,3:168814206:G:A,8631295,-0.03471317,0.0012050043,computed (both variants usable),Hypertension
3:160182911:C:G,3:168815099:T:C,8632188,-0.013091252,0.00017138089,computed (both variants usable),Hypertension
3:168814206:G:A,3:168815099:T:C,893,-0.38659167,0.14945312,computed (both variants usable),Hypertension
3:168814206:G:A,3:171833266:G:C,3019060,-0.0029345432,8.611543e-06,computed (both variants usable),Hypertension
3:168815099:T:C,3:171833266:G:C,3018167,-0.049858425,0.0024858625,computed (both variants usable),Hypertension
4:38385479:G:A,4:38387075:T:G,1596,0.9979991,0.99600214,computed (both variants usable),Hypertension
4:38385479:G:A,4:45181334:A:T,6795855,0.04903788,0.0024047138,computed (both variants usable),Hypertension
4:38387075:T:G,4:45181334:A:T,6794259,0.046681363,0.0021791498,computed (both variants usable),Hypertension
4:81182554:T:C,4:86719165:T:C,5536611,-0.027126769,0.0007358616,computed (both variants usable),Hypertension
4:103915310:T:G,4:106910958:C:T,2995648,0.03909766,0.001528627,computed (both variants usable),Hypertension
4:103915310:T:G,4:106911742:G:C,2996432,0.041585766,0.0017293759,computed (both variants usable),Hypertension
4:103915310:T:G,4:111335722:C:T,7420412,0.04646053,0.002158581,computed (both variants usable),Hypertension
4:103915310:T:G,4:111337478:G:A,7422168,-0.00053943467,2.9098976e-07,computed (both variants usable),Hypertension
4:103915310:T:G,4:111404413:A:G,7489103,-0.011787509,0.00013894535,computed (both variants usable),Hypertension
4:103915310:T:G,4:111406496:G:A,7491186,0.011696575,0.00013680987,computed (both variants usable),Hypertension
4:106910958:C:T,4:106911742:G:C,784,0.9971807,0.9943693,computed (both variants usable),Hypertension
4:106910958:C:T,4:111335722:C:T,4424764,-6.943484e-05,4.821197e-09,computed (both variants usable),Hypertension
4:106910958:C:T,4:111337478:G:A,4426520,0.0013514538,1.8264275e-06,computed (both variants usable),Hypertension
4:106910958:C:T,4:111404413:A:G,4493455,0.0357353,0.0012770118,computed (both variants usable),Hypertension
4:106910958:C:T,4:111406496:G:A,4495538,0.042925015,0.0018425569,computed (both variants usable),Hypertension
4:106911742:G:C,4:111335722:C:T,4423980,0.0011479635,1.3178201e-06,computed (both variants usable),Hypertension
4:106911742:G:C,4:111337478:G:A,4425736,-0.0006048886,3.6589023e-07,computed (both variants usable),Hypertension
4:106911742:G:C,4:111404413:A:G,4492671,0.03795316,0.0014404424,computed (both variants usable),Hypertension
4:106911742:G:C,4:111406496:G:A,4494754,0.045599733,0.0020793355,computed (both variants usable),Hypertension
4:111335722:C:T,4:111337478:G:A,1756,0.42426014,0.17999667,computed (both variants usable),Hypertension
4:111335722:C:T,4:111404413:A:G,68691,0.11103024,0.012327715,computed (both variants usable),Hypertension
4:111335722:C:T,4:111406496:G:A,70774,0.39303607,0.15447734,computed (both variants usable),Hypertension
4:111337478:G:A,4:111404413:A:G,66935,0.61537266,0.3786835,computed (both variants usable),Hypertension
4:111337478:G:A,4:111406496:G:A,69018,0.72186255,0.52108556,computed (both variants usable),Hypertension
4:111404413:A:G,4:111406496:G:A,2083,0.8290894,0.68738925,computed (both variants usable),Hypertension
4:138411527:C:G,4:138439630:T:A,28103,0.98569906,0.9716026,computed (both variants usable),Hypertension
4:138411527:C:G,4:138441530:A:G,30003,0.98569906,0.9716026,computed (both variants usable),Hypertension
4:138411527:C:G,4:144043631:A:T,5632104,0.02272685,0.00051650975,computed (both variants usable),Hypertension
4:138411527:C:G,4:144052417:C:T,5640890,0.03876313,0.0015025801,computed (both variants usable),Hypertension
4:138411527:C:G,4:144086245:G:A,5674718,0.033938468,0.0011518196,computed (both variants usable),Hypertension
4:138411527:C:G,4:148396280:G:A,9984753,0.018605832,0.000346177,computed (both variants usable),Hypertension
4:138411527:C:G,4:148410414:A:G,9998887,0.016542945,0.00027366902,computed (both variants usable),Hypertension
4:138439630:T:A,4:138441530:A:G,1900,1.0000023,1.0000045,computed (both variants usable),Hypertension
4:138439630:T:A,4:144043631:A:T,5604001,0.01857788,0.0003451376,computed (both variants usable),Hypertension
4:138439630:T:A,4:144052417:C:T,5612787,0.03799611,0.0014437044,computed (both variants usable),Hypertension
4:138439630:T:A,4:144086245:G:A,5646615,0.033142626,0.0010984336,computed (both variants usable),Hypertension
4:138439630:T:A,4:148396280:G:A,9956650,0.022627287,0.0005119941,computed (both variants usable),Hypertension
4:138439630:T:A,4:148410414:A:G,9970784,0.020684704,0.00042785698,computed (both variants usable),Hypertension
4:138441530:A:G,4:144043631:A:T,5602101,0.01857788,0.0003451376,computed (both variants usable),Hypertension
4:138441530:A:G,4:144052417:C:T,5610887,0.03799611,0.0014437044,computed (both variants usable),Hypertension
4:138441530:A:G,4:144086245:G:A,5644715,0.033142626,0.0010984336,computed (both variants usable),Hypertension
4:138441530:A:G,4:148396280:G:A,9954750,0.022627287,0.0005119941,computed (both variants usable),Hypertension
4:138441530:A:G,4:148410414:A:G,9968884,0.020684704,0.00042785698,computed (both variants usable),Hypertension
4:144043631:A:T,4:144052417:C:T,8786,0.84661573,0.7167582,computed (both variants usable),Hypertension
4:144043631:A:T,4:144086245:G:A,42614,0.84311765,0.7108474,computed (both variants usable),Hypertension
4:144043631:A:T,4:148396280:G:A,4352649,-0.015940582,0.00025410217,computed (both variants usable),Hypertension
4:144043631:A:T,4:148410414:A:G,4366783,-0.02404812,0.0005783121,computed (both variants usable),Hypertension
4:144052417:C:T,4:144086245:G:A,33828,0.9958645,0.9917461,computed (both variants usable),Hypertension
4:144052417:C:T,4:148396280:G:A,4343863,-0.026592288,0.0007071498,computed (both variants usable),Hypertension
4:144052417:C:T,4:148410414:A:G,4357997,-0.03858514,0.0014888131,computed (both variants usable),Hypertension
4:144086245:G:A,4:148396280:G:A,4310035,-0.032706585,0.0010697207,computed (both variants usable),Hypertension
4:144086245:G:A,4:148410414:A:G,4324169,-0.044506833,0.0019808582,computed (both variants usable),Hypertension
4:148396280:G:A,4:148410414:A:G,14134,0.9517032,0.90573895,computed (both variants usable),Hypertension
4:148396280:G:A,4:156420605:A:T,8024325,0.0042161853,1.7776218e-05,computed (both variants usable),Hypertension
4:148396280:G:A,4:156638867:A:G,8242587,9.74663e-05,9.499679e-09,computed (both variants usable),Hypertension
4:148396280:G:A,4:156641047:G:A,8244767,0.0010664932,1.1374078e-06,computed (both variants usable),Hypertension
4:148396280:G:A,4:156645513:C:A,8249233,0.029191073,0.00085211877,computed (both variants usable),Hypertension
4:148396280:G:A,4:157678511:T:G,9282231,-0.0469811,0.0022072238,computed (both variants usable),Hypertension
4:148396280:G:A,4:157694651:C:T,9298371,-0.043616537,0.0019024023,computed (both variants usable),Hypertension
4:148396280:G:A,4:157703526:C:T,9307246,0.0049884757,2.488489e-05,computed (both variants usable),Hypertension
4:148410414:A:G,4:156420605:A:T,8010191,0.00893333,7.9804384e-05,computed (both variants usable),Hypertension
4:148410414:A:G,4:156638867:A:G,8228453,0.0006050424,3.6607628e-07,computed (both variants usable),Hypertension
4:148410414:A:G,4:156641047:G:A,8230633,0.0017925459,3.2132207e-06,computed (both variants usable),Hypertension
4:148410414:A:G,4:156645513:C:A,8235099,0.031982895,0.0010229056,computed (both variants usable),Hypertension
4:148410414:A:G,4:157678511:T:G,9268097,-0.04109009,0.0016883955,computed (both variants usable),Hypertension
4:148410414:A:G,4:157694651:C:T,9284237,-0.037585203,0.0014126474,computed (both variants usable),Hypertension
4:148410414:A:G,4:157703526:C:T,9293112,0.0065993457,4.3551365e-05,computed (both variants usable),Hypertension
4:156420605:A:T,4:156638867:A:G,218262,-0.02115432,0.00044750524,computed (both variants usable),Hypertension
4:156420605:A:T,4:156641047:G:A,220442,-0.022269165,0.0004959157,computed (both variants usable),Hypertension
4:156420605:A:T,4:156645513:C:A,224908,-0.026330547,0.0006932977,computed (both variants usable),Hypertension
4:156420605:A:T,4:157678511:T:G,1257906,0.034772005,0.0012090923,computed (both variants usable),Hypertension
4:156420605:A:T,4:157694651:C:T,1274046,0.03718593,0.0013827934,computed (both variants usable),Hypertension
4:156420605:A:T,4:157703526:C:T,1282921,0.0046223407,2.1366033e-05,computed (both variants usable),Hypertension
4:156638867:A:G,4:156641047:G:A,2180,0.9915438,0.9831592,computed (both variants usable),Hypertension
4:156638867:A:G,4:156645513:C:A,6646,0.4890183,0.23913889,computed (both variants usable),Hypertension
4:156638867:A:G,4:157678511:T:G,1039644,-0.013967105,0.00019508002,computed (both variants usable),Hypertension
4:156638867:A:G,4:157694651:C:T,1055784,-0.01543631,0.00023827968,computed (both variants usable),Hypertension
4:156638867:A:G,4:157703526:C:T,1064659,0.023505596,0.00055251305,computed (both variants usable),Hypertension
4:156641047:G:A,4:156645513:C:A,4466,0.4949269,0.24495263,computed (both variants usable),Hypertension
4:156641047:G:A,4:157678511:T:G,1037464,-0.016015915,0.00025650955,computed (both variants usable),Hypertension
4:156641047:G:A,4:157694651:C:T,1053604,-0.017543357,0.00030776937,computed (both variants usable),Hypertension
4:156641047:G:A,4:157703526:C:T,1062479,0.021079147,0.00044433045,computed (both variants usable),Hypertension
4:156645513:C:A,4:157678511:T:G,1032998,-0.003779599,1.4285369e-05,computed (both variants usable),Hypertension
4:156645513:C:A,4:157694651:C:T,1049138,-0.0068061533,4.6323723e-05,computed (both variants usable),Hypertension
4:156645513:C:A,4:157703526:C:T,1058013,-0.021459324,0.0004605026,computed (both variants usable),Hypertension
4:157678511:T:G,4:157694651:C:T,16140,0.99259824,0.98525125,computed (both variants usable),Hypertension
4:157678511:T:G,4:157703526:C:T,25015,0.5872619,0.34487656,computed (both variants usable),Hypertension
4:157694651:C:T,4:157703526:C:T,8875,0.58291227,0.3397867,computed (both variants usable),Hypertension
5:214413:C:T,5:3704181:C:T,3489768,0.0021657918,4.6906544e-06,computed (both variants usable),Hypertension
5:32829975:C:G,5:32832474:C:A,2499,0.9999973,0.99999464,computed (both variants usable),Hypertension
5:32829975:C:G,5:33405025:G:A,575050,-0.053846408,0.0028994356,computed (both variants usable),Hypertension
5:32832474:C:A,5:33405025:G:A,572551,-0.053846408,0.0028994356,computed (both variants usable),Hypertension
5:53300835:T:C,5:55860866:G:T,2560031,0.014406979,0.00020756104,computed (both variants usable),Hypertension
5:53300835:T:C,5:55868097:C:T,2567262,-0.018293861,0.00033466535,computed (both variants usable),Hypertension
5:55860866:G:T,5:55868097:C:T,7231,0.6400219,0.40962806,computed (both variants usable),Hypertension
5:107475979:T:C,5:114381312:T:C,6905333,0.003386872,1.1470901e-05,computed (both variants usable),Hypertension
5:107475979:T:C,5:114389826:A:G,6913847,-0.005965887,3.559181e-05,computed (both variants usable),Hypertension
5:107475979:T:C,5:114393181:G:T,6917202,0.005965887,3.559181e-05,computed (both variants usable),Hypertension
5:114381312:T:C,5:114389826:A:G,8514,0.9940261,0.98808795,computed (both variants usable),Hypertension
5:114381312:T:C,5:114393181:G:T,11869,-0.9940261,0.98808795,computed (both variants usable),Hypertension
5:114381312:T:C,5:117880113:T:G,3498801,0.009199972,8.463949e-05,computed (both variants usable),Hypertension
5:114381312:T:C,5:122450771:G:A,8069459,-0.0064604976,4.173803e-05,computed (both variants usable),Hypertension
5:114381312:T:C,5:122457125:A:G,8075813,-0.017822852,0.00031765408,computed (both variants usable),Hypertension
5:114381312:T:C,5:122465154:T:C,8083842,0.020396499,0.00041601717,computed (both variants usable),Hypertension
5:114381312:T:C,5:122835138:A:G,8453826,0.021127302,0.0004463629,computed (both variants usable),Hypertension
5:114389826:A:G,5:114393181:G:T,3355,-0.9999979,0.9999958,computed (both variants usable),Hypertension
5:114389826:A:G,5:117880113:T:G,3490287,0.010167127,0.00010337046,computed (both variants usable),Hypertension
5:114389826:A:G,5:122450771:G:A,8060945,-0.0056476663,3.1896136e-05,computed (both variants usable),Hypertension
5:114389826:A:G,5:122457125:A:G,8067299,-0.017010957,0.00028937266,computed (both variants usable),Hypertension
5:114389826:A:G,5:122465154:T:C,8075328,0.01985389,0.00039417695,computed (both variants usable),Hypertension
5:114389826:A:G,5:122835138:A:G,8445312,0.018440409,0.00034004866,computed (both variants usable),Hypertension
5:114393181:G:T,5:117880113:T:G,3486932,-0.010167127,0.00010337046,computed (both variants usable),Hypertension
5:114393181:G:T,5:122450771:G:A,8057590,0.0056476663,3.1896136e-05,computed (both variants usable),Hypertension
5:114393181:G:T,5:122457125:A:G,8063944,0.017010957,0.00028937266,computed (both variants usable),Hypertension
5:114393181:G:T,5:122465154:T:C,8071973,-0.01985389,0.00039417695,computed (both variants usable),Hypertension
5:114393181:G:T,5:122835138:A:G,8441957,-0.018440409,0.00034004866,computed (both variants usable),Hypertension
5:117880113:T:G,5:122450771:G:A,4570658,0.010956133,0.00012003684,computed (both variants usable),Hypertension
5:117880113:T:G,5:122457125:A:G,4577012,0.0037334177,1.3938408e-05,computed (both variants usable),Hypertension
5:117880113:T:G,5:122465154:T:C,4585041,0.013518784,0.00018275753,computed (both variants usable),Hypertension
5:117880113:T:G,5:122835138:A:G,4955025,-0.068475045,0.004688832,computed (both variants usable),Hypertension
5:117880113:T:G,5:127843208:C:T,9963095,-0.01669992,0.0002788873,computed (both variants usable),Hypertension
5:117880113:T:G,5:127845030:C:A,9964917,-0.01669992,0.0002788873,computed (both variants usable),Hypertension
5:122450771:G:A,5:122457125:A:G,6354,0.97568494,0.9519611,computed (both variants usable),Hypertension
5:122450771:G:A,5:122465154:T:C,14383,0.11177311,0.012493229,computed (both variants usable),Hypertension
5:122450771:G:A,5:122835138:A:G,384367,0.018055469,0.00032599995,computed (both variants usable),Hypertension
5:122450771:G:A,5:127843208:C:T,5392437,-0.01993038,0.00039722002,computed (both variants usable),Hypertension
5:122450771:G:A,5:127845030:C:A,5394259,-0.01993038,0.00039722002,computed (both variants usable),Hypertension
5:122450771:G:A,5:127881566:C:T,5430795,0.00032867322,1.08026086e-07,computed (both variants usable),Hypertension
5:122450771:G:A,5:132444128:G:A,9993357,0.035073362,0.0012301408,computed (both variants usable),Hypertension
5:122457125:A:G,5:122465154:T:C,8029,0.111773096,0.012493225,computed (both variants usable),Hypertension
5:122457125:A:G,5:122835138:A:G,378013,0.018055482,0.00032600042,computed (both variants usable),Hypertension
5:122457125:A:G,5:127843208:C:T,5386083,-0.019930383,0.00039722017,computed (both variants usable),Hypertension
5:122457125:A:G,5:127845030:C:A,5387905,-0.019930383,0.00039722017,computed (both variants usable),Hypertension
5:122457125:A:G,5:127881566:C:T,5424441,-0.005796818,3.36031e-05,computed (both variants usable),Hypertension
5:122457125:A:G,5:132444128:G:A,9987003,0.04630308,0.002143975,computed (both variants usable),Hypertension
5:122465154:T:C,5:122835138:A:G,369984,-0.05905895,0.0034879595,computed (both variants usable),Hypertension
5:122465154:T:C,5:127843208:C:T,5378054,-0.024634749,0.00060687086,computed (both variants usable),Hypertension
5:122465154:T:C,5:127845030:C:A,5379876,-0.024634749,0.00060687086,computed (both variants usable),Hypertension
5:122465154:T:C,5:127881566:C:T,5416412,-0.02656772,0.00070584373,computed (both variants usable),Hypertension
5:122465154:T:C,5:132444128:G:A,9978974,0.05875378,0.0034520067,computed (both variants usable),Hypertension
5:122835138:A:G,5:127843208:C:T,5008070,-0.008590677,7.3799725e-05,computed (both variants usable),Hypertension
5:122835138:A:G,5:127845030:C:A,5009892,-0.008590677,7.3799725e-05,computed (both variants usable),Hypertension
5:122835138:A:G,5:127881566:C:T,5046428,0.035364933,0.0012506786,computed (both variants usable),Hypertension
5:122835138:A:G,5:132444128:G:A,9608990,-0.019883262,0.0003953441,computed (both variants usable),Hypertension
5:127843208:C:T,5:127845030:C:A,1822,1.0000006,1.0000012,computed (both variants usable),Hypertension
5:127843208:C:T,5:127881566:C:T,38358,0.84643495,0.7164521,computed (both variants usable),Hypertension
5:127843208:C:T,5:132444128:G:A,4600920,0.011533571,0.00013302326,computed (both variants usable),Hypertension
5:127843208:C:T,5:136991751:G:A,9148543,0.006525614,4.2583637e-05,computed (both variants usable),Hypertension
5:127845030:C:A,5:127881566:C:T,36536,0.84643495,0.7164521,computed (both variants usable),Hypertension
5:127845030:C:A,5:132444128:G:A,4599098,0.011533571,0.00013302326,computed (both variants usable),Hypertension
5:127845030:C:A,5:136991751:G:A,9146721,0.006525614,4.2583637e-05,computed (both variants usable),Hypertension
5:127881566:C:T,5:132444128:G:A,4562562,0.02090691,0.0004370989,computed (both variants usable),Hypertension
5:127881566:C:T,5:136991751:G:A,9110185,0.01753731,0.00030755726,computed (both variants usable),Hypertension
5:132444128:G:A,5:136991751:G:A,4547623,-0.031200154,0.0009734496,computed (both variants usable),Hypertension
5:148361622:A:C,5:148366371:T:C,4749,1.0000013,1.0000026,computed (both variants usable),Hypertension
5:148361622:A:C,5:148385614:G:A,23992,0.9931965,0.9864393,computed (both variants usable),Hypertension
5:148361622:A:C,5:157814228:T:C,9452606,-0.0047172764,2.2252698e-05,computed (both variants usable),Hypertension
5:148361622:A:C,5:157818018:A:G,9456396,-0.0047172764,2.2252698e-05,computed (both variants usable),Hypertension
5:148361622:A:C,5:157818150:C:G,9456528,-0.0005925194,3.5107925e-07,computed (both variants usable),Hypertension
5:148366371:T:C,5:148385614:G:A,19243,0.9931965,0.9864393,computed (both variants usable),Hypertension
5:148366371:T:C,5:157814228:T:C,9447857,-0.0047172764,2.2252698e-05,computed (both variants usable),Hypertension
5:148366371:T:C,5:157818018:A:G,9451647,-0.0047172764,2.2252698e-05,computed (both variants usable),Hypertension
5:148366371:T:C,5:157818150:C:G,9451779,-0.0005925194,3.5107925e-07,computed (both variants usable),Hypertension
5:148385614:G:A,5:157814228:T:C,9428614,-0.008602322,7.3999945e-05,computed (both variants usable),Hypertension
5:148385614:G:A,5:157818018:A:G,9432404,-0.008602322,7.3999945e-05,computed (both variants usable),Hypertension
5:148385614:G:A,5:157818150:C:G,9432536,-0.0044119107,1.9464956e-05,computed (both variants usable),Hypertension
5:157814228:T:C,5:157818018:A:G,3790,1.0000011,1.0000021,computed (both variants usable),Hypertension
5:157814228:T:C,5:157818150:C:G,3922,0.97855,0.9575601,computed (both variants usable),Hypertension
5:157814228:T:C,5:158421240:A:C,607012,-0.058788996,0.003456146,computed (both variants usable),Hypertension
5:157814228:T:C,5:158444274:C:T,630046,-0.06506017,0.0042328257,computed (both variants usable),Hypertension
5:157814228:T:C,5:158460212:G:A,645984,-0.071446165,0.0051045544,computed (both variants usable),Hypertension
5:157814228:T:C,5:167589015:C:G,9774787,-0.018947206,0.00035899662,computed (both variants usable),Hypertension
5:157818018:A:G,5:157818150:C:G,132,0.97855,0.9575601,computed (both variants usable),Hypertension
5:157818018:A:G,5:158421240:A:C,603222,-0.058788996,0.003456146,computed (both variants usable),Hypertension
5:157818018:A:G,5:158444274:C:T,626256,-0.06506017,0.0042328257,computed (both variants usable),Hypertension
5:157818018:A:G,5:158460212:G:A,642194,-0.071446165,0.0051045544,computed (both variants usable),Hypertension
5:157818018:A:G,5:167589015:C:G,9770997,-0.018947206,0.00035899662,computed (both variants usable),Hypertension
5:157818150:C:G,5:158421240:A:C,603090,-0.05901347,0.0034825897,computed (both variants usable),Hypertension
5:157818150:C:G,5:158444274:C:T,626124,-0.06258109,0.003916393,computed (both variants usable),Hypertension
5:157818150:C:G,5:158460212:G:A,642062,-0.08226045,0.006766782,computed (both variants usable),Hypertension
5:157818150:C:G,5:167589015:C:G,9770865,-0.01875226,0.00035164726,computed (both variants usable),Hypertension
5:158421240:A:C,5:158444274:C:T,23034,0.83973116,0.7051484,computed (both variants usable),Hypertension
5:158421240:A:C,5:158460212:G:A,38972,0.49123347,0.24131031,computed (both variants usable),Hypertension
5:158421240:A:C,5:167589015:C:G,9167775,0.012207366,0.00014901978,computed (both variants usable),Hypertension
5:158444274:C:T,5:158460212:G:A,15938,0.5226006,0.27311137,computed (both variants usable),Hypertension
5:158444274:C:T,5:167589015:C:G,9144741,0.0164121,0.00026935703,computed (both variants usable),Hypertension
5:158460212:G:A,5:167589015:C:G,9128803,0.03538895,0.0012523778,computed (both variants usable),Hypertension
5:167589015:C:G,5:173340496:T:G,5751481,0.0021330232,4.549788e-06,computed (both variants usable),Hypertension
5:167589015:C:G,5:173356752:G:C,5767737,0.0029244057,8.552149e-06,computed (both variants usable),Hypertension
5:167589015:C:G,5:173392398:A:T,5803383,0.013641076,0.00018607896,computed (both variants usable),Hypertension
5:173340496:T:G,5:173356752:G:C,16256,0.99276537,0.98558307,computed (both variants usable),Hypertension
5:173340496:T:G,5:173392398:A:T,51902,0.9420275,0.8874158,computed (both variants usable),Hypertension
5:173356752:G:C,5:173392398:A:T,35646,0.93492997,0.87409407,computed (both variants usable),Hypertension
6:15503696:G:C,6:20675792:C:A,5172096,0.0211368,0.00044676432,computed (both variants usable),Hypertension
6:15503696:G:C,6:20686996:C:A,5183300,0.014665505,0.00021507703,computed (both variants usable),Hypertension
6:15503696:G:C,6:22125964:T:C,6622268,0.010113882,0.00010229061,computed (both variants usable),Hypertension
6:15503696:G:C,6:22392260:A:G,6888564,-0.009569055,9.156682e-05,computed (both variants usable),Hypertension
6:20675792:C:A,6:20686996:C:A,11204,0.9926057,0.98526603,computed (both variants usable),Hypertension
6:20675792:C:A,6:22125964:T:C,1450172,-0.07380607,0.005447336,computed (both variants usable),Hypertension
6:20675792:C:A,6:22392260:A:G,1716468,-0.010094693,0.00010190283,computed (both variants usable),Hypertension
6:20686996:C:A,6:22125964:T:C,1438968,-0.066894256,0.0044748415,computed (both variants usable),Hypertension
6:20686996:C:A,6:22392260:A:G,1705264,-0.011468381,0.00013152376,computed (both variants usable),Hypertension
6:22125964:T:C,6:22392260:A:G,266296,0.04200303,0.0017642546,computed (both variants usable),Hypertension
6:43349795:G:A,6:43352980:A:G,3185,-0.9978693,0.99574316,computed (both variants usable),Hypertension
6:43349795:G:A,6:43364494:G:A,14699,-0.81965053,0.671827,computed (both variants usable),Hypertension
6:43349795:G:A,6:51243950:G:A,7894155,-0.042625703,0.0018169505,computed (both variants usable),Hypertension
6:43349795:G:A,6:51449442:G:A,8099647,-0.077979684,0.006080831,computed (both variants usable),Hypertension
6:43352980:A:G,6:43364494:G:A,11514,0.82139605,0.6746915,computed (both variants usable),Hypertension
6:43352980:A:G,6:51243950:G:A,7890970,0.038810957,0.0015062904,computed (both variants usable),Hypertension
6:43352980:A:G,6:51449442:G:A,8096462,0.07556397,0.005709913,computed (both variants usable),Hypertension
6:43364494:G:A,6:51243950:G:A,7879456,0.03212699,0.0010321435,computed (both variants usable),Hypertension
6:43364494:G:A,6:51449442:G:A,8084948,0.07809434,0.0060987263,computed (both variants usable),Hypertension
6:51243950:G:A,6:51449442:G:A,205492,0.36236787,0.13131048,computed (both variants usable),Hypertension
6:79513590:C:T,6:79739010:G:A,225420,0.98010886,0.96061337,computed (both variants usable),Hypertension
6:79513590:C:T,6:79791042:A:G,277452,0.7751399,0.6008419,computed (both variants usable),Hypertension
6:79739010:G:A,6:79791042:A:G,52032,0.78531414,0.6167183,computed (both variants usable),Hypertension
6:96885572:G:A,6:97034715:G:A,149143,0.9553136,0.9126241,computed (both variants usable),Hypertension
6:96885572:G:A,6:97052164:C:T,166592,0.9430361,0.88931704,computed (both variants usable),Hypertension
6:97034715:G:A,6:97052164:C:T,17449,0.9881453,0.97643113,computed (both variants usable),Hypertension
6:117901048:T:C,6:127155711:C:T,9254663,0.040575955,0.0016464081,computed (both variants usable),Hypertension
6:117901048:T:C,6:127163126:C:T,9262078,0.03925171,0.0015406968,computed (both variants usable),Hypertension
6:117901048:T:C,6:127177475:T:C,9276427,0.03792811,0.0014385417,computed (both variants usable),Hypertension
6:127155711:C:T,6:127163126:C:T,7415,0.99798876,0.9959816,computed (both variants usable),Hypertension
6:127155711:C:T,6:127177475:T:C,21764,0.99598646,0.991989,computed (both variants usable),Hypertension
6:127155711:C:T,6:134184972:G:A,7029261,-0.0014364755,2.063462e-06,computed (both variants usable),Hypertension
6:127155711:C:T,6:134196674:C:A,7040963,-0.0014364755,2.063462e-06,computed (both variants usable),Hypertension
6:127155711:C:T,6:134209837:T:C,7054126,0.003331817,1.1101004e-05,computed (both variants usable),Hypertension
6:127163126:C:T,6:127177475:T:C,14349,0.9979909,0.99598587,computed (both variants usable),Hypertension
6:127163126:C:T,6:134184972:G:A,7021846,-0.0027145667,7.368872e-06,computed (both variants usable),Hypertension
6:127163126:C:T,6:134196674:C:A,7033548,-0.0027145667,7.368872e-06,computed (both variants usable),Hypertension
6:127163126:C:T,6:134209837:T:C,7046711,0.0020186214,4.0748323e-06,computed (both variants usable),Hypertension
6:127177475:T:C,6:134184972:G:A,7007497,-0.003992217,1.5937798e-05,computed (both variants usable),Hypertension
6:127177475:T:C,6:134196674:C:A,7019199,-0.003992217,1.5937798e-05,computed (both variants usable),Hypertension
6:127177475:T:C,6:134209837:T:C,7032362,0.00070594955,4.983648e-07,computed (both variants usable),Hypertension
6:134184972:G:A,6:134196674:C:A,11702,1.0000025,1.000005,computed (both variants usable),Hypertension
6:134184972:G:A,6:134209837:T:C,24865,0.91680557,0.8405324,computed (both variants usable),Hypertension
6:134196674:C:A,6:134209837:T:C,13163,0.91680557,0.8405324,computed (both variants usable),Hypertension
6:150997440:C:T,6:150999751:C:T,2311,0.99319226,0.9864309,computed (both variants usable),Hypertension
6:150997440:C:T,6:151002371:T:C,4931,0.93752927,0.87896115,computed (both variants usable),Hypertension
6:150999751:C:T,6:151002371:T:C,2620,0.94395524,0.8910515,computed (both variants usable),Hypertension
6:161089307:C:T,6:170625014:G:A,9535707,-0.062862106,0.0039516445,computed (both variants usable),Hypertension
6:161089307:C:T,6:170702502:A:G,9613195,0.04212711,0.0017746934,computed (both variants usable),Hypertension
6:170625014:G:A,6:170702502:A:G,77488,-0.8568134,0.73412913,computed (both variants usable),Hypertension
7:1888051:G:A,7:1947342:G:A,59291,-0.33530352,0.11242845,computed (both variants usable),Hypertension
7:1888051:G:A,7:1966831:A:G,78780,-0.32251668,0.10401701,computed (both variants usable),Hypertension
7:1947342:G:A,7:1966831:A:G,19489,0.8375211,0.7014415,computed (both variants usable),Hypertension
7:27242359:A:C,7:27242617:T:C,258,0.85286087,0.72737163,computed (both variants usable),Hypertension
7:27242359:A:C,7:27243238:G:A,879,1.0000002,1.0000005,computed (both variants usable),Hypertension
7:27242359:A:C,7:27320319:T:C,77960,0.06560262,0.004303704,computed (both variants usable),Hypertension
7:27242359:A:C,7:27324369:G:A,82010,0.06560262,0.004303704,computed (both variants usable),Hypertension
7:27242359:A:C,7:27328187:C:G,85828,0.051707663,0.0026736823,computed (both variants usable),Hypertension
7:27242359:A:C,7:28196222:A:G,953863,-0.004920852,2.4214783e-05,computed (both variants usable),Hypertension
7:27242617:T:C,7:27243238:G:A,621,0.85286087,0.72737163,computed (both variants usable),Hypertension
7:27242617:T:C,7:27320319:T:C,77702,-0.0073777693,5.443148e-05,computed (both variants usable),Hypertension
7:27242617:T:C,7:27324369:G:A,81752,-0.0073777693,5.443148e-05,computed (both variants usable),Hypertension
7:27242617:T:C,7:27328187:C:G,85570,-0.018917587,0.00035787508,computed (both variants usable),Hypertension
7:27242617:T:C,7:28196222:A:G,953605,0.0016184746,2.61946e-06,computed (both variants usable),Hypertension
7:27243238:G:A,7:27320319:T:C,77081,0.06560262,0.004303704,computed (both variants usable),Hypertension
7:27243238:G:A,7:27324369:G:A,81131,0.06560262,0.004303704,computed (both variants usable),Hypertension
7:27243238:G:A,7:27328187:C:G,84949,0.051707663,0.0026736823,computed (both variants usable),Hypertension
7:27243238:G:A,7:28196222:A:G,952984,-0.004920852,2.4214783e-05,computed (both variants usable),Hypertension
7:27320319:T:C,7:27324369:G:A,4050,1.0,1.0,computed (both variants usable),Hypertension
7:27320319:T:C,7:27328187:C:G,7868,0.99400705,0.98805004,computed (both variants usable),Hypertension
7:27320319:T:C,7:28196222:A:G,875903,-0.012875556,0.00016577994,computed (both variants usable),Hypertension
7:27324369:G:A,7:27328187:C:G,3818,0.99400705,0.98805004,computed (both variants usable),Hypertension
7:27324369:G:A,7:28196222:A:G,871853,-0.012875556,0.00016577994,computed (both variants usable),Hypertension
7:27328187:C:G,7:28196222:A:G,868035,-0.016365435,0.00026782748,computed (both variants usable),Hypertension
7:75077419:G:A,7:75123519:G:T,46100,0.62378573,0.38910863,computed (both variants usable),Hypertension
7:106412082:G:A,7:106414069:T:G,1987,0.99713635,0.99428093,computed (both variants usable),Hypertension
7:106412082:G:A,7:106416467:G:A,4385,0.99713635,0.99428093,computed (both variants usable),Hypertension
7:106414069:T:G,7:106416467:G:A,2398,0.9999993,0.99999857,computed (both variants usable),Hypertension
7:123420442:C:A,7:129663496:C:T,6243054,-0.018117884,0.00032825774,computed (both variants usable),Hypertension
7:123420442:C:A,7:129685597:G:A,6265155,-0.024312435,0.0005910945,computed (both variants usable),Hypertension
7:123420442:C:A,7:130434500:T:C,7014058,-0.0043719225,1.9113706e-05,computed (both variants usable),Hypertension
7:123420442:C:A,7:130439058:C:G,7018616,-0.01602185,0.00025669966,computed (both variants usable),Hypertension
7:129663496:C:T,7:129685597:G:A,22101,0.9306408,0.8660923,computed (both variants usable),Hypertension
7:129663496:C:T,7:130434500:T:C,771004,0.1374549,0.01889385,computed (both variants usable),Hypertension
7:129663496:C:T,7:130439058:C:G,775562,-0.045994133,0.0021154603,computed (both variants usable),Hypertension
7:129685597:G:A,7:130434500:T:C,748903,0.11609695,0.013478502,computed (both variants usable),Hypertension
7:129685597:G:A,7:130439058:C:G,753461,-0.012174122,0.00014820925,computed (both variants usable),Hypertension
7:130434500:T:C,7:130439058:C:G,4558,-0.5585506,0.31197876,computed (both variants usable),Hypertension
7:150408956:A:C,7:150580651:G:A,171695,-0.071967475,0.0051793177,computed (both variants usable),Hypertension
7:150408956:A:C,7:150690176:C:T,281220,-0.0035185947,1.2380508e-05,computed (both variants usable),Hypertension
7:150408956:A:C,7:150704843:G:A,295887,-0.005412078,2.9290588e-05,computed (both variants usable),Hypertension
7:150408956:A:C,7:151403260:T:C,994304,0.014317099,0.00020497933,computed (both variants usable),Hypertension
7:150408956:A:C,7:151413124:T:C,1004168,0.0026711407,7.1349928e-06,computed (both variants usable),Hypertension
7:150408956:A:C,7:151415041:A:G,1006085,-0.0019943279,3.9773436e-06,computed (both variants usable),Hypertension
7:150580651:G:A,7:150690176:C:T,109525,-0.08106638,0.0065717576,computed (both variants usable),Hypertension
7:150580651:G:A,7:150704843:G:A,124192,0.26359704,0.0694834,computed (both variants usable),Hypertension
7:150580651:G:A,7:151403260:T:C,822609,0.005687621,3.234903e-05,computed (both variants usable),Hypertension
7:150580651:G:A,7:151413124:T:C,832473,0.03006333,0.00090380374,computed (both variants usable),Hypertension
7:150580651:G:A,7:151415041:A:G,834390,0.013518595,0.00018275241,computed (both variants usable),Hypertension
7:150690176:C:T,7:150704843:G:A,14667,-0.22741465,0.051717423,computed (both variants usable),Hypertension
7:150690176:C:T,7:151403260:T:C,713084,0.02851965,0.0008133705,computed (both variants usable),Hypertension
7:150690176:C:T,7:151413124:T:C,722948,0.03995498,0.0015964004,computed (both variants usable),Hypertension
7:150690176:C:T,7:151415041:A:G,724865,0.032659955,0.0010666727,computed (both variants usable),Hypertension
7:150704843:G:A,7:151403260:T:C,698417,-0.083140835,0.0069123986,computed (both variants usable),Hypertension
7:150704843:G:A,7:151413124:T:C,708281,-0.09436207,0.008904201,computed (both variants usable),Hypertension
7:150704843:G:A,7:151415041:A:G,710198,-0.11738053,0.013778189,computed (both variants usable),Hypertension
7:151403260:T:C,7:151413124:T:C,9864,0.88495445,0.78314435,computed (both variants usable),Hypertension
7:151403260:T:C,7:151415041:A:G,11781,0.89458865,0.80028886,computed (both variants usable),Hypertension
7:151413124:T:C,7:151415041:A:G,1917,0.9714985,0.94380933,computed (both variants usable),Hypertension
8:23414147:A:G,8:25900405:G:T,2486258,-0.011147827,0.00012427404,computed (both variants usable),Hypertension
8:23414147:A:G,8:25987666:G:T,2573519,0.0098171905,9.6377225e-05,computed (both variants usable),Hypertension
8:25900405:G:T,8:25987666:G:T,87261,0.034772933,0.0012091568,computed (both variants usable),Hypertension
8:81395746:T:G,8:81404008:G:C,8262,0.9975438,0.99509364,computed (both variants usable),Hypertension
8:81395746:T:G,8:81440788:G:A,45042,0.90446645,0.81805956,computed (both variants usable),Hypertension
8:81404008:G:C,8:81440788:G:A,36780,0.9066969,0.82209927,computed (both variants usable),Hypertension
8:95965743:G:A,8:95967372:A:G,1629,-0.8467971,0.71706533,computed (both variants usable),Hypertension
8:95967372:A:G,8:105966258:G:A,9998886,0.03908212,0.0015274122,computed (both variants usable),Hypertension
9:14765030:T:C,9:22093299:A:T,7328269,0.023865087,0.0005695424,computed (both variants usable),Hypertension
9:14765030:T:C,9:22124744:C:G,7359714,0.004458629,1.9879373e-05,computed (both variants usable),Hypertension
9:22093299:A:T,9:22124744:C:G,31445,0.9287656,0.8626055,computed (both variants usable),Hypertension
9:113153647:T:C,9:113250200:G:T,96553,0.49020287,0.24029885,computed (both variants usable),Hypertension
9:136522274:C:T,9:136535677:G:A,13403,0.8819782,0.77788556,computed (both variants usable),Hypertension
